Pfam,max_dim_mean,max_dim_std,max_dim_sem,max_dim_len,min_dim_mean,min_dim_std,min_dim_sem,min_dim_len,query_name_x,orientation,Clan_x,height,orientation_basis,n_structures,median_n_res,height_basis,stack_pitch,stack_runs,neighbour_pitch,pitch_n,pitch_structures,pitch_interior,inner_domains
PF00001,69.54493072628975,2.0195394279741596,0.25244242849676995,64,35.34187822043896,2.4193261501679633,0.3024157687709954,64,7tm_1,max,CL0192,48.791688555435755,clan majority: 1 of 1 called CL0192 members are max,34,248.0,neighbour pitch,,,48.791688555435755,23.0,10.0,8.0,
PF00002,66.94545620679855,6.308038118820634,1.1151141324503258,32,39.69540721178055,2.185339239316544,0.38631704882844486,32,7tm_2,max,CL0192,61.0139994161819,clan majority: 1 of 1 called CL0192 members are max,31,236.5,neighbour pitch,,,61.0139994161819,5.0,5.0,0.0,
PF00003,73.96940635681152,6.5861906394520195,0.9314280126687773,50,36.53355169296265,2.942215585925047,0.4160921185040704,50,7tm_3,max,CL0192,65.26715718970387,"hand call, 2020 (human_domain_sizes_oriented_clans_20200123.csv)",25,249.0,neighbour pitch,,,65.26715718970387,26.0,13.0,0.0,
PF00005,53.590612256849134,2.7875455637627664,0.4582696677501401,37,31.827836449081833,2.6164005970587705,0.43013360854159405,37,ABC_tran,min,CL0023,46.096056021098576,"stacking: 34 pairs, 0% along the longest axis",20,145.0,neighbour pitch,,,46.096056021098576,6.0,6.0,0.0,
PF00008,31.290768642051546,2.4954409096779404,0.20174444025665822,153,17.145743737812914,1.7238240277662968,0.1393629126756493,153,EGF,max,CL0001,28.828580116727007,"hand call, 2020 (human_domain_sizes_oriented_clans_20200123.csv)",81,31.0,neighbour pitch,29.005306757919637,9.0,28.828580116727007,56.0,34.0,22.0,
PF00009,65.75530683994293,7.594899600014861,1.8987249000037152,16,35.36128121614456,2.291569405473163,0.5728923513682908,16,GTP_EFTU,,CL0023,,,16,174.0,,,,,,,,
PF00014,36.496439107259114,2.032780052912538,0.3711331631422474,30,21.51497459411621,1.7636173089468439,0.3219909943055813,30,Kunitz_BPTI,max,CL0894,24.2352748558654,"hand call, 2020 (human_domain_sizes_oriented_clans_20200123.csv)",22,53.0,neighbour pitch,,,24.2352748558654,4.0,2.0,1.0,
PF00018,26.094460487365723,,,1,22.7939395904541,,,1,SH3_1,,CL0010,,,1,48.0,too few whole instances,,,,,,,
PF00020,36.03472198927698,4.737189722841171,0.43065361116737916,121,18.38257267061344,1.7405985295746378,0.15823622996133072,121,TNFR_c6,min,CL0607,28.69948819757909,"hand call, 2020 (human_domain_sizes_oriented_clans_20200123.csv)",25,41.0,neighbour pitch,23.464501239859253,19.0,28.69948819757909,104.0,22.0,27.0,
PF00021,44.036172738150945,7.02875188988673,0.6261709863951425,126,23.53902500773233,3.311927538633136,0.2950499556996836,126,UPAR_LY6,max,CL0117,26.727517997954994,"hand call, 2020 (human_domain_sizes_oriented_clans_20200123.csv)",43,79.0,neighbour pitch,,,26.727517997954994,70.0,14.0,20.0,
PF00024,33.89252842173857,1.1115059113201269,0.26957978093360585,17,27.21728588553036,1.4380092989521682,0.34876848412942313,17,PAN_1,max,CL0168,26.68231942709291,clan majority: 1 of 1 called CL0168 members are max,5,85.0,neighbour pitch,,,26.68231942709291,17.0,5.0,0.0,
PF00025,53.976820945739746,10.970503676987457,7.757317543029784,2,35.19207048416138,0.9373290521428789,0.6627917289733886,2,Arf,,CL0023,,,2,186.5,too few whole instances,,,,,,,
PF00026,64.45749039120145,1.7389426557847398,0.2898237759641233,36,42.698453691270615,1.6957528597623703,0.2826254766270617,36,Asp,min,CL0129,42.698453691270615,"hand call, 2020 (human_domain_sizes_oriented_clans_20200123.csv)",20,331.5,"box min, no neighbour",,,,,,,
PF00027,46.99793255329132,0.22129904448961193,0.055324761122402984,16,27.707831263542175,0.21582376581588295,0.053955941453970736,16,cNMP_binding,,CL0029,,,4,85.0,,,,,,,,
PF00028,51.920077458406105,5.012653909084184,0.40133350806275175,156,25.431239366531372,1.7811847348771153,0.14260891159083802,156,Cadherin,max,CL0159,48.587871223353744,"hand call, 2020 (human_domain_sizes_oriented_clans_20200123.csv)",51,95.0,neighbour pitch,48.65629076106747,28.0,48.587871223353744,134.0,39.0,81.0,
PF00036,23.353420393807546,1.2804035726039187,0.4839470615583719,7,14.89577327455793,1.5602975772385352,0.589737051518537,7,EF-hand_1,min,CL0220,18.013410028430755,"stacking: 4 pairs, 0% along the longest axis",3,28.0,neighbour pitch,,,18.013410028430755,4.0,1.0,0.0,
PF00038,353.9001770019531,,,1,30.328801155090332,,,1,Filament,max,,,"hand call, 2020 (human_domain_sizes_oriented_clans_20200123.csv)",1,253.0,too few whole instances,,,,,,,
PF00039,32.89250211715698,3.363289802928835,1.0635656208473965,10,18.71382417678833,1.4506593086086421,0.45873875241284157,10,fn1,min,CL0451,26.845886074405307,"stacking: 8 pairs, 25% along the longest axis",6,38.5,neighbour pitch,,,26.845886074405307,9.0,6.0,0.0,
PF00040,28.313594806043408,1.8298127534815751,0.20587001899022533,79,20.218402162382873,1.0165580087530919,0.11437171162375548,79,fn2,max,CL0602,21.32751098933019,"hand call, 2020 (human_domain_sizes_oriented_clans_20200123.csv)",33,42.0,neighbour pitch,,,21.32751098933019,65.0,28.0,49.0,
PF00041,46.851004612014954,3.436645958918084,0.21778858846333385,249,25.544347142598713,2.17295016239206,0.1377051213088951,249,fn3,max,CL0159,37.618715495956536,"hand call, 2020 (human_domain_sizes_oriented_clans_20200123.csv)",115,94.0,neighbour pitch,36.707757232682845,3.0,37.618715495956536,219.0,103.0,30.0,
PF00045,33.63188070762814,2.324662273203684,0.20628042003213495,127,21.05652050333699,1.8838880106802423,0.16716802892880864,127,Hemopexin,max,,18.26780296040003,"hand call, 2020 (human_domain_sizes_oriented_clans_20200123.csv)",20,44.0,neighbour pitch,,,18.26780296040003,127.0,20.0,78.0,
PF00047,45.06084320608493,3.0091019410519326,0.16343198355794047,339,25.524419770479906,2.5673825124138445,0.13944107736312872,339,ig,max,CL0159,35.16606413782266,"hand call, 2020 (human_domain_sizes_oriented_clans_20200123.csv)",146,80.0,neighbour pitch,,,35.16606413782266,74.0,49.0,3.0,
PF00048,37.20880608945279,2.623764483275131,0.4313442239781956,37,23.673544729078138,1.725135279863574,0.28361049297431573,37,IL8,max,CL0730,37.20880608945279,"hand call, 2020 (human_domain_sizes_oriented_clans_20200123.csv)",20,59.0,"box max, no neighbour",,,,,,,
PF00050,39.07680838986447,5.342705377169211,0.6128503374787354,76,19.161873290413304,2.758170269521831,0.31638382826115796,76,Kazal_1,min,CL0005,18.203869094233784,"hand call, 2020 (human_domain_sizes_oriented_clans_20200123.csv)",31,54.0,neighbour pitch,,,18.203869094233784,7.0,4.0,5.0,
PF00051,37.37978085227635,1.9961581680632878,0.29431746509382706,46,25.21003422529801,1.3118838433445046,0.19342672011071838,46,Kringle,max,CL0602,27.248670898855814,"hand call, 2020 (human_domain_sizes_oriented_clans_20200123.csv)",28,79.0,neighbour pitch,,,27.248670898855814,29.0,15.0,1.0,
PF00052,53.96316480636597,0.5150042385493792,0.2575021192746896,4,28.514413833618164,1.3830556734560038,0.6915278367280019,4,Laminin_B,max,CL0202,42.684945855444084,clan majority: 4 of 6 called CL0202 members are max,2,135.0,neighbour pitch,,,42.684945855444084,3.0,2.0,0.0,
PF00053,39.1085844039917,3.601021668365807,0.43668802055323974,68,20.49375557198244,2.5650964598840797,0.31106363658823516,68,EGF_laminin,max,CL0001,30.586896994247553,"hand call, 2020 (human_domain_sizes_oriented_clans_20200123.csv)",23,54.0,neighbour pitch,28.353924265656023,15.0,30.586896994247553,35.0,18.0,13.0,
PF00054,46.420572812439964,3.940869562820167,0.50457664304601,61,32.3954749498211,2.356407230315048,0.30170702962085577,61,Laminin_G_1,max,CL0004,46.420572812439964,"hand call, 2020 (human_domain_sizes_oriented_clans_20200123.csv)",32,131.0,"box max, no neighbour",,,42.570339913323906,1.0,1.0,0.0,
PF00055,63.03183572188668,2.534626498357725,0.5285061591585962,23,38.46333412502123,2.8748834431834447,0.5994546366377816,23,Laminin_N,max,CL0202,45.4127046620366,"hand call, 2020 (human_domain_sizes_oriented_clans_20200123.csv)",16,233.0,neighbour pitch,,,45.4127046620366,22.0,16.0,0.0,
PF00057,30.502535869950368,7.07183940867174,0.35315080747897065,401,18.432356245797173,1.9156227771623442,0.09566163645492817,401,Ldl_recept_a,min,,22.246197636463954,"hand call, 2020 (human_domain_sizes_oriented_clans_20200123.csv)",50,37.0,neighbour pitch,,,22.246197636463954,384.0,38.0,337.0,
PF00058,33.745652253917186,2.3891280479452552,0.12844031957346955,346,19.838472752212787,2.3181054549001026,0.12462212131678703,346,Ldl_recept_b,min,CL0186,17.919109424223787,"hand call, 2020 (human_domain_sizes_oriented_clans_20200123.csv)",26,41.0,neighbour pitch,11.323622305510888,16.0,17.919109424223787,312.0,26.0,136.0,
PF00059,39.22721334447198,5.680183454126352,0.41537615239857956,187,31.553768178358435,2.0414936013955014,0.14928879747325144,187,Lectin_C,max,CL0056,30.756176008957546,"hand call, 2020 (human_domain_sizes_oriented_clans_20200123.csv)",48,107.0,neighbour pitch,,,30.756176008957546,154.0,33.0,61.0,
PF00060,114.58867446581523,5.407402061819317,0.5518906618971261,96,36.24899153908094,2.2880511570776885,0.23352324334270752,96,Lig_chan,max,CL0030,74.54986373407854,"hand call, 2020 (human_domain_sizes_oriented_clans_20200123.csv)",24,251.5,neighbour pitch,,,74.54986373407854,96.0,24.0,24.0,
PF00062,46.15796454056449,0.7451902438196099,0.15538290705109464,23,28.713851804318637,0.5082267288403632,0.10597259857229217,23,Lys,min,CL0037,28.713851804318637,"hand call, 2020 (human_domain_sizes_oriented_clans_20200123.csv)",20,128.0,"box min, no neighbour",,,,,,,
PF00066,26.672729657246517,2.8657174612157004,0.3974035095156036,52,16.906997552284828,1.254479594012587,0.17396501923983196,52,Notch,max,,19.250992831539882,"hand call, 2020 (human_domain_sizes_oriented_clans_20200123.csv)",10,35.0,neighbour pitch,,,19.250992831539882,51.0,9.0,33.0,
PF00069,63.19114168485006,4.014107550675491,0.8193762726506769,24,39.181172370910645,4.159301714689964,0.8490139072727961,24,Pkinase,max,CL0016,42.022226078856356,"hand call, 2020 (human_domain_sizes_oriented_clans_20200123.csv)",20,274.0,neighbour pitch,,,42.022226078856356,4.0,1.0,0.0,
PF00077,41.06969745342548,1.285383157899265,0.3565011449556635,13,26.557805941655086,1.3761463469866795,0.38167432435407167,13,RVP,min,CL0129,26.557805941655086,clan majority: 5 of 5 called CL0129 members are min,7,101.0,"box min, no neighbour",,,,,,,
PF00080,42.54549425840378,1.1770965342285595,0.12013691195243688,96,35.099346935749054,2.5546169556667753,0.2607295012352398,96,Sod_Cu,min,,35.099346935749054,"hand call, 2020 (human_domain_sizes_oriented_clans_20200123.csv)",20,136.0,"box min, no neighbour",,,,,,,
PF00082,51.35859362284342,1.2867495979298749,0.1751044412033115,54,44.66416871106183,2.0902485744591424,0.28444680238915715,54,Peptidase_S8,max,,38.16293263402738,"hand call, 2020 (human_domain_sizes_oriented_clans_20200123.csv)",38,284.0,neighbour pitch,,,38.16293263402738,11.0,11.0,0.0,
PF00084,39.54318899960862,4.717725151072849,0.47901241402962413,97,20.550745030039366,2.078043796877202,0.21099338001389725,97,Sushi,max,CL0001,34.906722085640595,"hand call, 2020 (human_domain_sizes_oriented_clans_20200123.csv)",35,58.0,neighbour pitch,32.97268612933043,4.0,34.906722085640595,94.0,33.0,18.0,
PF00085,37.24213948743097,1.4581118124973707,0.2707645661216533,29,26.834189678060596,1.0003883737104726,0.18576745736455716,29,Thioredoxin,max,CL0172,37.24213948743097,"hand call, 2020 (human_domain_sizes_oriented_clans_20200123.csv)",19,102.0,"box max, no neighbour",,,,,,,
PF00086,40.92758883851947,5.79425756710898,0.7132238030537255,66,23.980615066759515,2.363623931101109,0.29094199379366714,66,Thyroglobulin_1,max,,23.369659817806504,"hand call, 2020 (human_domain_sizes_oriented_clans_20200123.csv)",17,66.0,neighbour pitch,,,23.369659817806504,45.0,9.0,24.0,
PF00087,40.490897621427266,6.9347870702652585,0.9266999023986581,56,22.85152323756899,2.6775919119484453,0.35780826986100217,56,Toxin_TOLIP,max,CL0117,40.490897621427266,"hand call, 2020 (human_domain_sizes_oriented_clans_20200123.csv)",28,71.0,"box max, no neighbour",,,,,,,
PF00088,29.364759837879856,1.439344590734372,0.24684556084346823,34,19.45589266103857,0.9486570607472324,0.16269334370360142,34,Trefoil,min,CL0630,21.84535988575709,"hand call, 2020 (human_domain_sizes_oriented_clans_20200123.csv)",24,41.0,neighbour pitch,,,21.84535988575709,25.0,17.0,0.0,
PF00089,53.39140140309053,3.755249171668345,0.5258400625649864,51,41.198277230356254,2.831959332279866,0.39655362517687576,51,Trypsin,max,CL0124,37.37117607215999,"hand call, 2020 (human_domain_sizes_oriented_clans_20200123.csv)",37,229.0,neighbour pitch,,,37.37117607215999,26.0,20.0,0.0,
PF00090,54.07756007483246,2.3991463926979257,0.22979654770195798,109,16.275640037081658,1.7279205481674813,0.16550477198085542,109,TSP_1,min,CL0692,34.48282292660957,"hand call, 2020 (human_domain_sizes_oriented_clans_20200123.csv)",17,49.0,neighbour pitch,,,34.48282292660957,45.0,15.0,9.0,
PF00092,46.19279468370521,2.11708825048322,0.19741949730446764,115,34.653254749463954,2.62902643497136,0.24515797916016838,115,VWA,max,CL0128,50.2705556001295,"hand call, 2020 (human_domain_sizes_oriented_clans_20200123.csv)",70,175.0,neighbour pitch,,,50.2705556001295,62.0,29.0,2.0,
PF00093,50.87371265754271,2.3218562617521785,0.17403048454767273,178,19.682119902600064,1.600913143549866,0.1199935132420605,178,VWC,max,CL0451,50.87371265754271,"hand call, 2020 (human_domain_sizes_oriented_clans_20200123.csv)",24,52.0,"box max, no neighbour",,,,,,,
PF00094,46.2179360100336,2.2197451278648344,0.1140206484179316,379,29.83765368851634,2.206419316056355,0.11333614744346177,379,VWD,min,CL0741,33.26590141298113,"hand call, 2020 (human_domain_sizes_oriented_clans_20200123.csv)",27,147.0,neighbour pitch,,,33.26590141298113,309.0,26.0,2.0,
PF00095,33.53965705374013,1.1349107655146893,0.23664525327836164,23,16.11948251724243,2.1155604246242903,0.4411248423428702,23,WAP,min,,16.11948251724243,"hand call, 2020 (human_domain_sizes_oriented_clans_20200123.csv)",5,45.0,"box min, no neighbour",,,,,,,
PF00097,31.184040477401332,4.072244466183459,0.33030264224808215,152,20.243880786393817,2.1491223243854165,0.17431683882282498,152,zf-C3HC4,min,CL0229,27.554625266594567,"hand call, 2020 (human_domain_sizes_oriented_clans_20200123.csv)",97,39.0,neighbour pitch,,,27.554625266594567,21.0,11.0,0.0,
PF00100,50.85214371681214,1.0553073364935084,0.1668587407402608,40,35.22892119884491,1.8587632934180311,0.2938962819158421,40,Zona_pellucida,max,CL0159,70.96128651857305,"hand call, 2020 (human_domain_sizes_oriented_clans_20200123.csv)",12,132.0,neighbour pitch,,,70.96128651857305,25.0,8.0,0.0,
PF00106,53.644751775832404,2.5740133905546148,0.19858944450492974,168,34.955272333962576,2.161080060483856,0.16673094643446956,168,adh_short,min,CL0063,34.955272333962576,"hand call, 2020 (human_domain_sizes_oriented_clans_20200123.csv)",57,190.0,"box min, no neighbour",,,,,,,
PF00107,50.695210202534994,1.4297512610757954,0.26103567243755704,30,34.28554633458455,0.8365922029040014,0.1527401403211535,30,ADH_zinc_N,min,CL0063,34.28554633458455,clan majority: 6 of 6 called CL0063 members are min,15,138.0,"box min, no neighbour",,,,,,,
PF00109,57.00353300571442,0.9121785417733627,0.22804463544334067,16,34.17154598236084,0.19628389582256295,0.04907097395564074,16,ketoacyl-synt,,CL0046,36.6819074818216,,8,239.0,neighbour pitch,,,36.6819074818216,16.0,8.0,0.0,
PF00122,45.02135729789734,3.2110366769010206,0.6554501169808027,24,31.823720455169678,3.748398630558609,0.7651386664513187,24,E1-E2_ATPase,min,,38.92933544636243,"hand call, 2020 (human_domain_sizes_oriented_clans_20200123.csv)",21,120.0,neighbour pitch,,,38.92933544636243,11.0,8.0,0.0,
PF00129,55.59907046231356,1.9243259355896318,0.25947605622179587,55,32.33598365783691,2.289429225223085,0.30870657375294613,55,MHC_I,max,CL0343,35.164114266241164,"hand call, 2020 (human_domain_sizes_oriented_clans_20200123.csv)",37,174.0,neighbour pitch,,,35.164114266241164,24.0,19.0,0.0,
PF00135,75.00145359834035,4.312256160341072,0.6224205637468849,48,50.792122880617775,0.5890718714079866,0.08502520088235942,48,COesterase,max,CL0028,63.17357995933105,"hand call, 2020 (human_domain_sizes_oriented_clans_20200123.csv)",30,520.0,neighbour pitch,,,63.17357995933105,9.0,3.0,0.0,
PF00147,54.41309555717137,1.3353553218024727,0.16075788958781254,69,36.780528455540754,1.8480925338214529,0.22248419626553637,69,Fibrinogen_C,max,CL0422,54.41309555717137,"hand call, 2020 (human_domain_sizes_oriented_clans_20200123.csv)",20,241.0,"box max, no neighbour",,,,,,,
PF00149,53.56659320362827,2.2785618178381593,0.3018028855299588,57,38.577102058812194,1.791078895470571,0.23723419511070906,57,Metallophos,min,CL0163,33.14147429971037,"hand call, 2020 (human_domain_sizes_oriented_clans_20200123.csv)",40,215.0,neighbour pitch,,,33.14147429971037,11.0,7.0,0.0,
PF00175,55.0740442276001,4.284651047887526,2.142325523943763,4,27.599949598312378,1.8673144550008784,0.9336572275004392,4,NAD_binding_1,min,CL0091,28.37189384922269,clan majority: 1 of 1 called CL0091 members are min,3,133.0,neighbour pitch,,,28.37189384922269,4.0,3.0,0.0,
PF00179,49.43058204650879,1.7559415587985763,1.24163818359375,2,26.71864080429077,0.024247587710499466,0.017145633697509762,2,UQ_con,,CL0208,,,1,138.0,too few whole instances,,,33.263166130270044,2.0,1.0,0.0,
PF00188,47.19299964904785,2.1705333768221404,0.9706920356012945,5,32.47900924682617,0.965154433423981,0.4316301843842633,5,CAP,max,CL0659,47.19299964904785,"hand call, 2020 (human_domain_sizes_oriented_clans_20200123.csv)",5,120.0,"box max, no neighbour",,,,,,,
PF00193,38.61955401301384,2.3488586241863056,0.41522346530266024,32,26.171500831842422,2.7633306132683826,0.48849245382561357,32,Xlink,max,CL0056,22.830556181869817,"hand call, 2020 (human_domain_sizes_oriented_clans_20200123.csv)",20,89.0,neighbour pitch,,,22.830556181869817,6.0,2.0,3.0,
PF00194,54.38771743774414,0.8550849325268686,0.1912028035665899,20,43.50546092987061,0.7883981486945723,0.17629118538160504,20,Carb_anhydrase,min,,43.50546092987061,"hand call, 2020 (human_domain_sizes_oriented_clans_20200123.csv)",20,249.0,"box min, no neighbour",,,,,,,
PF00200,49.9549380637504,2.2512302296337263,0.37009996994299155,37,26.64247280842549,1.1039202650442401,0.1814833736391347,37,Disintegrin,max,,19.36902837783039,"hand call, 2020 (human_domain_sizes_oriented_clans_20200123.csv)",19,74.0,neighbour pitch,,,19.36902837783039,37.0,19.0,34.0,
PF00207,68.75385321640387,2.689999306013483,0.42010731109786525,41,25.994350247266816,0.5778504724232705,0.09024508208745037,41,A2M,max,CL0159,43.86716980082468,"hand call, 2020 (human_domain_sizes_oriented_clans_20200123.csv)",25,97.0,neighbour pitch,,,43.86716980082468,7.0,4.0,0.0,
PF00219,37.51686241513207,1.969187797238571,0.4297120065918621,21,19.69151596795945,1.2943176713089508,0.2824432715282019,21,IGFBP,min,CL0547,26.091518507717765,"hand call, 2020 (human_domain_sizes_oriented_clans_20200123.csv)",8,56.0,neighbour pitch,,,26.091518507717765,16.0,4.0,0.0,
PF00226,42.63455152511597,1.177815109995712,0.588907554997856,4,23.43103837966919,1.2081399028506727,0.6040699514253364,4,DnaJ,,CL0392,29.819412117374405,,2,62.0,neighbour pitch,,,29.819412117374405,4.0,2.0,0.0,
PF00229,52.53880226865728,3.497268843559843,0.36071573891265424,94,28.56269966287816,1.2913948361041458,0.13319720712667082,94,TNF,min,CL0100,28.56269966287816,"hand call, 2020 (human_domain_sizes_oriented_clans_20200123.csv)",20,116.0,"box min, no neighbour",,,,,,,
PF00232,72.95143008232117,14.089387225978621,3.5223468064946553,16,48.263206005096436,4.774534203187561,1.1936335507968903,16,Glyco_hydro_1,min,CL0036,48.263206005096436,"hand call, 2020 (human_domain_sizes_oriented_clans_20200123.csv)",14,439.0,"box min, no neighbour",,,,,,,
PF00245,77.5132805109024,2.518410737173691,0.3635012792593186,48,49.73102056980133,0.7074458572107946,0.10211101402443445,48,Alk_phosphatase,min,CL0088,49.73102056980133,"hand call, 2020 (human_domain_sizes_oriented_clans_20200123.csv)",17,440.0,"box min, no neighbour",,,,,,,
PF00246,58.1450796994296,1.9909278022516808,0.3465760449930017,33,45.99298777724757,2.3238456268540504,0.4045295995256524,33,Peptidase_M14,min,CL0865,39.908385071131974,"hand call, 2020 (human_domain_sizes_oriented_clans_20200123.csv)",21,280.0,neighbour pitch,,,39.908385071131974,15.0,8.0,0.0,
PF00254,42.082339477539065,2.1956534735014963,0.6943265928724885,10,26.33027353286743,1.0393143964666387,0.3286600697837833,10,FKBP_C,,CL0487,,,5,91.0,,,,32.991556515614676,2.0,1.0,0.0,
PF00258,39.57838249206543,0.09479197122366964,0.06702804565429688,2,29.56188726425171,0.020252740821242888,0.014320850372314453,2,Flavodoxin_1,,CL0042,,,1,135.0,too few whole instances,,,44.82627388675481,2.0,1.0,0.0,
PF00326,55.84748751322429,0.8011229845269143,0.10342453257789071,60,41.59665562311808,1.566894069982687,0.20228515461047017,60,Peptidase_S9,max,CL0028,55.84748751322429,"hand call, 2020 (human_domain_sizes_oriented_clans_20200123.csv)",22,207.0,"box max, no neighbour",,,,,,,
PF00328,67.22591127668109,0.8419918026044405,0.18373767476034117,21,39.90151269095285,1.4617501448434864,0.3189800326599019,21,His_Phos_2,min,CL0071,39.90151269095285,"hand call, 2020 (human_domain_sizes_oriented_clans_20200123.csv)",8,299.0,"box min, no neighbour",,,,,,,
PF00339,55.31554762522379,0.19562390969178875,0.05647175846024064,12,30.99325942993164,0.29596818967057703,0.08543865698893693,12,Arrestin_N,,CL0135,42.08854237291908,,3,159.0,neighbour pitch,,,42.08854237291908,12.0,3.0,8.0,
PF00354,46.021841674201234,0.8156732005420853,0.06130975213358133,177,36.70683317130568,0.6883942914657989,0.05174288348800894,177,Pentaxin,max,CL0004,46.021841674201234,"hand call, 2020 (human_domain_sizes_oriented_clans_20200123.csv)",20,194.0,"box max, no neighbour",,,,,,,
PF00362,61.19950419108073,2.5978117359673596,0.2999694610129448,75,41.51503392537435,1.562533461928128,0.18042582297240048,75,Integrin_beta,max,CL0128,61.19950419108073,"hand call, 2020 (human_domain_sizes_oriented_clans_20200123.csv)",51,249.0,"box max, no neighbour",,,,,,,
PF00377,50.66511207156711,2.3745046796315985,0.559676120308898,18,26.515862729814316,1.415024914261482,0.33352457080740233,18,Prion,min,,26.515862729814316,"hand call, 2020 (human_domain_sizes_oriented_clans_20200123.csv)",18,95.0,"box min, no neighbour",,,,,,,
PF00394,63.49105474683974,2.9308664016486428,0.9769554672162143,9,31.288012928432888,0.3557228612784725,0.11857428709282418,9,Cu-oxidase,min,CL0026,27.58253712984874,"stacking: 8 pairs, 0% along the longest axis",5,138.0,neighbour pitch,,,27.58253712984874,5.0,5.0,0.0,
PF00400,34.49806213378906,2.1304402472278237,1.5064487457275388,2,24.1385760307312,6.776298148176895,4.791566371917726,2,WD40,min,CL0186,,"stacking: 2 pairs, 0% along the longest axis",1,38.5,too few whole instances,,,,,,,
PF00405,63.857122966221404,3.0683929327155877,0.5798717588995421,28,42.705720152173726,2.83435128212155,0.5356420443350496,28,Transferrin,min,CL0177,45.89790508065887,"hand call, 2020 (human_domain_sizes_oriented_clans_20200123.csv)",20,323.0,neighbour pitch,,,45.89790508065887,8.0,4.0,0.0,
PF00413,45.27984127245451,7.693535736458734,1.0190337023175835,57,34.327762185481554,2.1482177702657004,0.28453839467390407,57,Peptidase_M10,min,CL0126,33.0149973745848,"hand call, 2020 (human_domain_sizes_oriented_clans_20200123.csv)",37,157.0,neighbour pitch,,,33.0149973745848,30.0,18.0,1.0,
PF00431,45.73851747770567,2.370765793276067,0.2755959254829604,74,28.801754629289782,1.3876226164677161,0.16130785263189237,74,CUB,max,CL0164,32.13922258797908,"hand call, 2020 (human_domain_sizes_oriented_clans_20200123.csv)",34,109.0,neighbour pitch,,,32.13922258797908,72.0,32.0,20.0,
PF00462,37.29098558425903,1.3283993450306308,0.6641996725153154,4,21.08101534843445,0.2232577671355512,0.1116288835677756,4,Glutaredoxin,max,CL0172,37.29098558425903,clan majority: 3 of 3 called CL0172 members are max,4,60.0,"box max, no neighbour",,,,,,,
PF00497,117.72729392846425,4.866713982162775,0.496706915848633,96,40.270459900299706,3.3395462027098173,0.3408410070453421,96,SBP_bac_3,min,CL0177,40.270459900299706,"hand call, 2020 (human_domain_sizes_oriented_clans_20200123.csv)",24,335.0,"box min, no neighbour",,,,,,,
PF00515,30.750647706562845,1.739533031046556,0.07635702528522516,519,15.41645032041105,1.4267657032642918,0.0626280633571527,519,TPR_1,min,CL0020,15.436804639432857,"stacking: 712 pairs, 3% along the longest axis",87,34.0,neighbour pitch,12.254075854835836,67.0,15.436804639432857,136.0,54.0,64.0,
PF00520,76.40156892735324,5.543805568969633,0.47021945118982156,139,38.66335870207642,1.8811116846073637,0.1595538106375607,139,Ion_trans,,CL0030,,,37,246.0,,,,,,,,
PF00530,42.19949313998222,10.305072290822466,1.2881340363528082,64,28.286458790302277,1.9802276698225896,0.2475284587278237,64,SRCR,min,CL0550,31.77740546229918,"hand call, 2020 (human_domain_sizes_oriented_clans_20200123.csv)",43,98.0,neighbour pitch,,,31.77740546229918,21.0,8.0,9.0,
PF00535,58.5673103919396,1.1376410700263737,0.14110700817850438,65,39.11306921151968,1.4718942222700708,0.18256600920265764,65,Glycos_transf_2,min,CL0110,39.11306921151968,clan majority: 1 of 1 called CL0110 members are min,20,184.0,"box min, no neighbour",,,,,,,
PF00536,33.05118350040765,3.5391785746516393,0.3932420638501821,81,25.127130614386665,1.4242639102831325,0.1582515455870147,81,SAM_1,min,CL0003,25.22021415961813,"hand call, 2020 (human_domain_sizes_oriented_clans_20200123.csv)",30,64.0,neighbour pitch,,,25.22021415961813,26.0,6.0,5.0,
PF00550,36.64706166585287,1.4840680654128875,0.8568270970618578,3,28.300512313842773,0.7041482105356596,0.40654015890215633,3,PP-binding,,CL0314,39.7510323495026,,3,68.0,neighbour pitch,,,39.7510323495026,3.0,3.0,0.0,
PF00557,61.391790934971404,4.390817473454681,0.958154925468611,21,39.97558348519461,3.449555193417789,0.7527546565602405,21,Peptidase_M24,max,,61.391790934971404,"hand call, 2020 (human_domain_sizes_oriented_clans_20200123.csv)",21,300.0,"box max, no neighbour",,,20.921766177834982,1.0,1.0,1.0,
PF00561,54.161322012180236,1.8621631609215568,0.29082102609149724,41,43.42538461452577,1.6363365533898582,0.25555283525873,41,Abhydrolase_1,max,CL0028,54.161322012180236,"hand call, 2020 (human_domain_sizes_oriented_clans_20200123.csv)",34,273.0,"box max, no neighbour",,,,,,,
PF00571,43.241296887397766,0.696560430648651,0.17414010766216276,16,21.68797469139099,0.6252121874623473,0.15630304686558683,16,CBS,,,,,4,61.0,,,,,,,,
PF00578,45.64362022524974,3.453146938294194,0.31263323425290357,122,29.508331150305075,1.099490781712256,0.09954321818919097,122,AhpC-TSA,max,CL0172,36.010924524676504,"hand call, 2020 (human_domain_sizes_oriented_clans_20200123.csv)",31,134.0,neighbour pitch,,,36.010924524676504,55.0,10.0,0.0,
PF00594,35.15597152709961,3.256282679208981,0.7470424805407274,19,18.26932372544941,1.6046891453877998,0.36814093792326663,19,Gla,max,CL0001,28.1162728185912,"hand call, 2020 (human_domain_sizes_oriented_clans_20200123.csv)",19,41.0,neighbour pitch,,,28.1162728185912,12.0,12.0,0.0,
PF00595,42.32248220443726,1.932404256834528,0.6110798811802107,10,26.105909061431884,2.2206529933124073,0.7022321351737867,10,PDZ,,CL0466,,,10,78.0,,,,,,,,
PF00622,39.56628936767578,2.16763055213973,0.433526110427946,25,30.232184410095215,1.4259175337627994,0.2851835067525599,25,SPRY,max,CL0004,25.536570184449044,clan majority: 6 of 6 called CL0004 members are max,7,116.0,neighbour pitch,,,25.536570184449044,25.0,7.0,0.0,
PF00629,50.171653574163265,2.152442155404893,0.3746920849931137,33,32.11215556751598,1.829816513664383,0.31853016952772295,33,MAM,max,CL0004,14.392094439818118,"hand call, 2020 (human_domain_sizes_oriented_clans_20200123.csv)",19,161.0,neighbour pitch,,,14.392094439818118,30.0,18.0,25.0,
PF00641,21.797443389892575,,,1,17.877421379089355,,,1,Zn_ribbon_RanBP,,CL0167,,,1,26.0,too few whole instances,,,,,,,
PF00643,34.013568196977886,5.060771306299855,1.912791759805843,7,18.523068836757115,0.684371086221736,0.25866795694655087,7,zf-B_box,,CL0782,25.599053828546072,,4,42.0,neighbour pitch,,,25.599053828546072,7.0,4.0,0.0,
PF00646,33.1187084197998,2.3300200823333617,1.0420166586074107,5,21.818174171447755,0.9478347461903759,0.42388458478358804,5,F-box,,CL0271,,,4,43.0,,,,,,,,
PF00651,46.57521505355835,2.264652046514441,0.5063915921390306,20,28.65305891036987,1.029991252714645,0.2303130457300111,20,BTB,,CL0033,40.514804559218994,,10,107.0,neighbour pitch,,,40.514804559218994,17.0,9.0,0.0,
PF00652,38.196805541897994,2.777575920383418,0.30861954670926867,81,31.131338825932257,1.898549627456292,0.21094995860625468,81,Ricin_B_lectin,max,CL0066,38.196805541897994,"hand call, 2020 (human_domain_sizes_oriented_clans_20200123.csv)",28,118.0,"box max, no neighbour",,,,,,,
PF00657,56.51785034603543,7.0076374216621335,1.6517159803179695,18,36.00178660286797,5.939431714026437,1.3999374804608444,18,Lipase_GDSL,max,CL0264,56.51785034603543,"hand call, 2020 (human_domain_sizes_oriented_clans_20200123.csv)",6,168.0,"box max, no neighbour",,,,,,,
PF00683,31.46593979426793,1.2192823803177821,0.46084542232624665,7,20.825471878051758,1.2343610832769953,0.4665446363438884,7,TB,,,16.959731719576226,,5,43.0,neighbour pitch,,,16.959731719576226,7.0,5.0,7.0,
PF00685,55.93472480773926,4.221003718166781,0.8442007436333562,25,41.76426177978516,1.7687612865167002,0.35375225730334003,25,Sulfotransfer_1,,CL0023,,,18,246.0,,,,,,,,
PF00689,74.16303842717952,3.1297316527359254,0.9436495987839952,11,35.36498867381703,1.6213989541573048,0.4888701787649487,11,Cation_ATPase_C,,,,,11,204.0,,,,,,,,
PF00690,81.5775524486195,1.6242881717391764,0.4897413106428365,11,20.654719699512828,2.0476236111231363,0.6173817481789126,11,Cation_ATPase_N,,,,,11,69.0,,,,,,,,
PF00698,57.13286566734314,0.9702875466201927,0.24257188665504817,16,49.301092982292175,0.8567509604909835,0.21418774012274588,16,Acyl_transf_1,,CL0323,58.237291162534916,,8,318.0,neighbour pitch,,,58.237291162534916,16.0,8.0,16.0,
PF00702,62.97042350769043,8.490231086151086,1.26564892355438,45,36.098521359761556,2.3926089563294184,0.356669084661827,45,Hydrolase,min,CL0137,36.098521359761556,"hand call, 2020 (human_domain_sizes_oriented_clans_20200123.csv)",39,195.0,"box min, no neighbour",,,,,,,
PF00717,57.835466384887695,2.889487433409694,1.444743716704847,4,28.48382043838501,0.7572317841870159,0.37861589209350793,4,Peptidase_S24,max,CL0299,57.835466384887695,"hand call, 2020 (human_domain_sizes_oriented_clans_20200123.csv)",4,117.0,"box max, no neighbour",,,39.83577906388976,1.0,1.0,0.0,
PF00754,47.8052652258622,4.800641656075985,0.5506713642891305,76,32.06631242601495,2.05086561503696,0.23525042007180258,76,F5_F8_type_C,max,CL0202,33.73894113333898,"hand call, 2020 (human_domain_sizes_oriented_clans_20200123.csv)",45,133.0,neighbour pitch,,,33.73894113333898,52.0,25.0,21.0,
PF00757,74.85248988015312,4.686487239911619,0.7231406806729608,42,32.36662937345959,3.2033237172792575,0.4942835805892104,42,Furin-like,min,CL0547,18.935767082428956,"hand call, 2020 (human_domain_sizes_oriented_clans_20200123.csv)",27,161.0,neighbour pitch,,,18.935767082428956,35.0,23.0,35.0,
PF00787,47.05959754519992,3.5282924849070154,0.5880487474845025,36,27.008212725321453,0.6080332270182538,0.10133887116970897,36,PX,,,26.045962141386795,,3,96.0,neighbour pitch,,,26.045962141386795,36.0,3.0,0.0,
PF00795,54.39987323158666,2.1738195659662507,0.4987084110283334,19,43.07708077681692,1.5326382779576007,0.35161133529575694,19,CN_hydrolase,max,,40.41776989177522,"hand call, 2020 (human_domain_sizes_oriented_clans_20200123.csv)",11,256.0,neighbour pitch,,,40.41776989177522,10.0,7.0,0.0,
PF00801,46.26578002505832,1.4942876203267657,0.35220696979205507,18,20.953776836395264,2.5708924644194373,0.6059651650974597,18,PKD,max,CL0159,46.74827345854331,"hand call, 2020 (human_domain_sizes_oriented_clans_20200123.csv)",6,66.0,neighbour pitch,,,46.74827345854331,3.0,2.0,0.0,
PF00812,48.05820269333689,2.2110390733811003,0.3586779006595265,38,35.06841325759888,1.1229545966749115,0.18216729053792644,38,Ephrin,max,CL0026,48.05820269333689,"hand call, 2020 (human_domain_sizes_oriented_clans_20200123.csv)",20,132.0,"box max, no neighbour",,,,,,,
PF00822,70.1927106221517,3.492482208398118,0.5206285085457852,45,31.56689667171902,2.8681090564176843,0.4275524544688481,45,PMP22_Claudin,max,CL0375,45.55881472081843,"hand call, 2020 (human_domain_sizes_oriented_clans_20200123.csv)",24,172.0,neighbour pitch,,,45.55881472081843,28.0,9.0,0.0,
PF00858,113.99289648873466,19.250454737952268,2.5724502203220188,56,41.84134731973921,4.184944318733725,0.5592367079795602,56,ASC,max,,113.99289648873466,"hand call, 2020 (human_domain_sizes_oriented_clans_20200123.csv)",20,416.0,"box max, no neighbour",,,,,,,
PF00878,66.35088184901646,1.5570033926203368,0.5884919667653244,7,31.903954369681223,1.9073273826268438,0.7209019890306236,7,CIMR,max,CL0226,39.87394608926913,"stacking: 8 pairs, 100% along the longest axis",2,140.0,neighbour pitch,,,39.87394608926913,7.0,2.0,3.0,
PF00881,51.54354930746144,3.693854067834231,0.6859314803031562,29,37.721297921805544,2.872701758876657,0.5334473245964125,29,Nitroreductase,min,CL0529,37.721297921805544,"hand call, 2020 (human_domain_sizes_oriented_clans_20200123.csv)",8,171.0,"box min, no neighbour",,,,,,,
PF00884,58.5507698059082,11.015571031574812,2.1603312170525912,26,45.50262253101055,1.84355743855158,0.3615513597539861,26,Sulfatase,min,CL0088,33.02785901559661,"hand call, 2020 (human_domain_sizes_oriented_clans_20200123.csv)",16,325.0,neighbour pitch,,,33.02785901559661,13.0,11.0,0.0,
PF00916,65.03745732307434,6.776616655909357,1.0714771731253554,40,53.52314572334289,2.835238457297188,0.4482905617380578,40,Sulfate_transp,min,CL0062,53.52314572334289,clan majority: 1 of 1 called CL0062 members are min,20,386.0,"box min, no neighbour",,,,,,,
PF00930,68.72731399536133,1.0259658197352182,0.1324516177870847,60,56.57656434377034,2.4667325226187575,0.3184537993216886,60,DPPIV_N,min,CL0186,56.57656434377034,"hand call, 2020 (human_domain_sizes_oriented_clans_20200123.csv)",22,372.0,"box min, no neighbour",,,,,,,
PF00959,68.63607124046042,18.11784338909716,3.4867805859435754,27,33.87475324560095,4.929157466529477,0.9486167967262824,27,Phage_lysozyme,min,CL0037,40.986673049707335,clan majority: 1 of 1 called CL0037 members are min,12,145.0,neighbour pitch,,,40.986673049707335,27.0,12.0,3.0,
PF00969,51.91282631800725,2.119110481375596,0.4155917575381986,26,23.033759740682747,0.9633958496355524,0.18893747063869162,26,MHC_II_beta,max,CL0343,37.88119183853228,"hand call, 2020 (human_domain_sizes_oriented_clans_20200123.csv)",19,85.0,neighbour pitch,,,37.88119183853228,26.0,19.0,0.0,
PF00993,52.944005148751394,1.150859097333955,0.2174919261158516,28,21.99072756086077,1.072326847329911,0.20265072587234792,28,MHC_II_alpha,max,CL0343,23.93777910099365,"hand call, 2020 (human_domain_sizes_oriented_clans_20200123.csv)",21,80.0,neighbour pitch,,,23.93777910099365,28.0,21.0,0.0,
PF01018,70.77954635620117,7.78205251104992,3.4802396838361105,5,26.51920795440674,1.1371245943963169,0.5085375783914081,5,GTP1_OBG,,CL0762,59.45256849386585,,5,148.0,neighbour pitch,,,59.45256849386585,3.0,3.0,0.0,
PF01030,44.971457180223965,4.028194827824271,0.4132840691329087,95,31.457559053521408,2.0057363517229523,0.20578420768580039,95,Recep_L_domain,min,CL0022,32.27185354664299,"hand call, 2020 (human_domain_sizes_oriented_clans_20200123.csv)",31,121.0,neighbour pitch,,,32.27185354664299,76.0,27.0,20.0,
PF01033,29.128771975889045,2.702203131185567,0.35179688289802136,59,20.66609830371404,1.3879348737066717,0.18069372972017891,59,Somatomedin_B,min,,23.63613143509358,"hand call, 2020 (human_domain_sizes_oriented_clans_20200123.csv)",21,41.0,neighbour pitch,,,23.63613143509358,54.0,16.0,27.0,
PF01055,65.73990106582642,0.8715002806473127,0.16469807215112758,28,42.720283712659565,2.1179156043628473,0.4002484276405113,28,Glyco_hydro_31_2nd,min,CL0036,45.15992583359069,"hand call, 2020 (human_domain_sizes_oriented_clans_20200123.csv)",20,357.0,neighbour pitch,,,45.15992583359069,28.0,20.0,0.0,
PF01064,41.09603558754434,2.8273373962875405,0.4039053423267915,49,25.87712322935766,2.635577869971682,0.37651112428166883,49,Activin_recp,max,CL0117,41.09603558754434,"hand call, 2020 (human_domain_sizes_oriented_clans_20200123.csv)",20,80.0,"box max, no neighbour",,,34.8720878343954,2.0,1.0,0.0,
PF01082,48.487375259399414,1.5227541727558038,1.0767498016357402,2,25.92535924911499,2.2183410401325685,1.5686039924621582,2,Cu2_monooxygen,min,CL0612,,clan majority: 1 of 1 called CL0612 members are min,1,124.5,too few whole instances,,,26.2508495779272,2.0,1.0,0.0,
PF01094,74.63908221435547,4.4526050432876625,0.3982531021499843,125,44.5073830871582,3.3616066897555936,0.30067124287646213,125,ANF_receptor,max,CL0144,61.13138514103712,"hand call, 2020 (human_domain_sizes_oriented_clans_20200123.csv)",55,342.0,neighbour pitch,,,61.13138514103712,65.0,27.0,0.0,
PF01105,100.92140126228333,5.821287658969325,2.058135989447386,8,29.71396827697754,2.2431728420826826,0.7930813640050827,8,EMP24_GP25L,max,CL0521,100.92140126228333,"hand call, 2020 (human_domain_sizes_oriented_clans_20200123.csv)",2,178.5,"box max, no neighbour",,,,,,,
PF01108,48.2607233259413,5.497076674866837,1.2956733978335797,18,26.096870316399468,5.793173186284524,1.3654640148699553,18,Tissue_fac,max,CL0159,36.855756669619616,"hand call, 2020 (human_domain_sizes_oriented_clans_20200123.csv)",13,89.0,neighbour pitch,,,36.855756669619616,13.0,10.0,0.0,
PF01150,90.54925155639648,,,1,53.90403366088867,,,1,GDA1_CD39,min,CL0108,,"hand call, 2020 (human_domain_sizes_oriented_clans_20200123.csv)",1,468.0,too few whole instances,,,,,,,
PF01153,134.2850799560547,,,1,47.22139549255371,,,1,Glypican,max,CL0644,,"hand call, 2020 (human_domain_sizes_oriented_clans_20200123.csv)",1,548.0,too few whole instances,,,,,,,
PF01179,75.34191040765671,0.5939142068220734,0.09164295170272463,42,50.73934809366862,1.1304225789350868,0.17442799080247115,42,Cu_amine_oxid,min,CL0103,56.34441859618947,"hand call, 2020 (human_domain_sizes_oriented_clans_20200123.csv)",16,403.0,neighbour pitch,,,56.34441859618947,33.0,11.0,0.0,
PF01186,49.49287223815918,2.0374015849022076,1.4406604766845703,2,32.270474433898926,1.108640144124623,0.7839269638061522,2,Lysyl_oxidase,,,,,1,199.0,too few whole instances,,,36.97107696055515,2.0,1.0,0.0,
PF01223,56.121296949164815,2.3358257476327515,0.35621008706008206,43,46.63142656725506,3.05577764528317,0.4660017221600166,43,Endonuclease_NS,max,CL0263,42.132599631559444,"hand call, 2020 (human_domain_sizes_oriented_clans_20200123.csv)",22,235.0,neighbour pitch,,,42.132599631559444,16.0,6.0,0.0,
PF01244,56.27686309814453,0.831171076501244,0.31415313791030475,7,47.32894243512835,1.9809643824948147,0.7487341588797018,7,Peptidase_M19,max,CL0036,56.27686309814453,"hand call, 2020 (human_domain_sizes_oriented_clans_20200123.csv)",4,345.0,"box max, no neighbour",,,,,,,
PF01299,57.776428767613005,3.784759706378123,1.4305047078877646,7,31.26155158451625,1.9366245671332074,0.7319752839332255,7,Lamp2-like_luminal,max,CL0721,57.776428767613005,"hand call, 2020 (human_domain_sizes_oriented_clans_20200123.csv)",4,158.0,"box max, no neighbour",,,,,,,
PF01321,42.93067741394043,,,1,36.72577095031738,,,1,Creatinase_N,max,CL0356,,"hand call, 2020 (human_domain_sizes_oriented_clans_20200123.csv)",1,145.0,too few whole instances,,,33.31867376366388,1.0,1.0,0.0,
PF01344,36.83123235466066,2.1567008596068047,0.11319743835049872,363,18.39086420148529,1.2703932582681807,0.06667835360343817,363,Kelch_1,min,CL0186,11.898000882501227,"hand call, 2020 (human_domain_sizes_oriented_clans_20200123.csv)",44,46.0,neighbour pitch,,,11.898000882501227,287.0,34.0,174.0,
PF01370,56.13313597601813,2.3002442000460466,0.21832951746570162,111,38.149279096105076,3.111583087374307,0.295338396682957,111,Epimerase,min,CL0063,34.90374553594252,"hand call, 2020 (human_domain_sizes_oriented_clans_20200123.csv)",24,219.0,neighbour pitch,,,34.90374553594252,8.0,1.0,0.0,
PF01390,46.67178153991699,3.7520527489525968,1.4181426399606905,7,26.639240264892578,2.881835756628639,1.0892315330532911,7,SEA,max,CL0960,46.67178153991699,"hand call, 2020 (human_domain_sizes_oriented_clans_20200123.csv)",6,105.0,"box max, no neighbour",,,,,,,
PF01392,45.20384554068247,1.6145435620527955,0.23303929004238969,48,27.567630728085835,1.144155581495808,0.1651446332428544,48,Fz,max,CL0644,45.20384554068247,"hand call, 2020 (human_domain_sizes_oriented_clans_20200123.csv)",19,108.0,"box max, no neighbour",,,,,,,
PF01400,53.6368542262486,0.7522830207999817,0.12715903915782512,35,34.21996615273612,1.6891384601557538,0.285516511285242,35,Astacin,min,CL0126,37.62839916168406,"hand call, 2020 (human_domain_sizes_oriented_clans_20200123.csv)",18,192.0,neighbour pitch,,,37.62839916168406,20.0,9.0,0.0,
PF01401,77.70385636954472,2.279968213990563,0.42337946852990654,29,55.199325758835364,3.3595627163727295,0.623855134743849,29,Peptidase_M2,min,CL0126,55.199325758835364,"hand call, 2020 (human_domain_sizes_oriented_clans_20200123.csv)",20,584.0,"box min, no neighbour",,,,,,,
PF01403,62.65439299879403,2.6229216053376856,0.3444064796675885,58,33.33607795320708,2.7148317593523004,0.35647487413483525,58,Sema,max,CL0186,46.693267458802964,"hand call, 2020 (human_domain_sizes_oriented_clans_20200123.csv)",33,179.0,neighbour pitch,,,46.693267458802964,51.0,32.0,0.0,
PF01404,51.75275907711107,1.379186217702806,0.19702660252897228,49,32.906022519481425,2.233985686140287,0.31914081230575525,49,Ephrin_lbd,max,CL0202,41.69589103551086,"hand call, 2020 (human_domain_sizes_oriented_clans_20200123.csv)",25,173.0,neighbour pitch,,,41.69589103551086,24.0,16.0,0.0,
PF01410,79.52175451579846,13.214323579189129,3.031573741522742,19,35.09234513734516,2.1581007958043648,0.49510227783610167,19,COLFI,max,CL0422,79.52175451579846,"hand call, 2020 (human_domain_sizes_oriented_clans_20200123.csv)",6,232.0,"box max, no neighbour",,,,,,,
PF01414,35.68604714529855,1.0917697883573274,0.23824369983873192,21,19.51983438219343,1.1901939794900873,0.25972161917590686,21,DSL,max,CL0001,34.01399601634598,"hand call, 2020 (human_domain_sizes_oriented_clans_20200123.csv)",10,46.0,neighbour pitch,,,34.01399601634598,21.0,10.0,17.0,
PF01421,53.208307480812074,2.905493676492685,0.3248440684416713,80,36.86961801052094,1.6979384859430955,0.18983529380909162,80,Reprolysin,min,CL0126,34.189276695452385,"hand call, 2020 (human_domain_sizes_oriented_clans_20200123.csv)",40,201.0,neighbour pitch,,,34.189276695452385,46.0,17.0,0.0,
PF01431,55.1445652961731,1.7527421052925893,0.39192504944603235,20,42.423718738555905,1.1350519458564075,0.25380533089283375,20,Peptidase_M13,min,CL0126,42.423718738555905,"hand call, 2020 (human_domain_sizes_oriented_clans_20200123.csv)",17,207.0,"box min, no neighbour",,,,,,,
PF01433,55.95005798339844,3.6210928824982966,0.5281906825187005,47,39.60011088594477,1.848054387782325,0.26956643756151555,47,Peptidase_M1,min,CL0126,35.69483826632684,"hand call, 2020 (human_domain_sizes_oriented_clans_20200123.csv)",38,216.0,neighbour pitch,,,35.69483826632684,47.0,38.0,0.0,
PF01436,31.96764099597931,1.434815362009145,0.14069522171706397,104,12.913772032811092,0.4819315833899842,0.04725727976773458,104,NHL,min,CL0186,9.639817465432456,"hand call, 2020 (human_domain_sizes_oriented_clans_20200123.csv)",9,28.0,neighbour pitch,,,9.639817465432456,104.0,9.0,57.0,
PF01437,29.227754919869557,1.8307973862317533,0.1786675302777552,105,21.769739518846784,1.8609412552776763,0.18160927067784194,105,PSI,min,CL0630,27.692466571892684,"hand call, 2020 (human_domain_sizes_oriented_clans_20200123.csv)",40,49.0,neighbour pitch,,,27.692466571892684,71.0,34.0,55.0,
PF01462,32.27315220236778,3.8184647649587657,0.4773080956198457,64,15.536069042980671,1.5475399031730626,0.19344248789663282,64,LRRNT,min,,17.40416308407582,"hand call, 2020 (human_domain_sizes_oriented_clans_20200123.csv)",34,28.0,neighbour pitch,,,17.40416308407582,45.0,20.0,0.0,
PF01463,28.169382615522906,2.1172504414382907,0.6383750274059226,11,15.509051322937012,1.0495111855590724,0.31643952870731873,11,LRRCT,min,,20.44102692506883,"hand call, 2020 (human_domain_sizes_oriented_clans_20200123.csv)",6,26.0,neighbour pitch,,,20.44102692506883,11.0,6.0,0.0,
PF01471,32.70891499519348,2.620257580557332,0.9264009518337728,8,24.835851669311523,1.3968539003193372,0.4938624326213405,8,PG_binding_1,min,CL0244,25.772495084462324,"hand call, 2020 (human_domain_sizes_oriented_clans_20200123.csv)",8,55.0,neighbour pitch,,,25.772495084462324,8.0,8.0,0.0,
PF01476,31.49947834014893,,,1,20.940978050231937,,,1,LysM,max,CL0187,,"hand call, 2020 (human_domain_sizes_oriented_clans_20200123.csv)",1,44.0,too few whole instances,,,,,,,
PF01477,39.75866932339139,0.7826016526775837,0.26086721755919456,9,23.712880240546333,0.9959560913871432,0.3319853637957144,9,PLAT,,CL0321,,,9,112.0,,,,,,,,
PF01483,42.78137058681912,0.46055741052742705,0.07675956842123784,36,26.56007997194926,0.49776703590468274,0.08296117265078046,36,P_proprotein,max,CL0202,42.78137058681912,"hand call, 2020 (human_domain_sizes_oriented_clans_20200123.csv)",20,87.0,"box max, no neighbour",,,,,,,
PF01485,46.73443048650568,5.5097020549961355,1.6612376748247522,11,20.26315801793879,1.9360269505162946,0.5837340889889554,11,IBR,min,CL0229,26.615895660872816,clan majority: 8 of 8 called CL0229 members are min,4,62.0,neighbour pitch,,,26.615895660872816,8.0,4.0,5.0,
PF01534,89.61581557137626,15.240992838564578,5.7605538263654665,7,39.02048301696777,1.2062748759705015,0.4559290478004615,7,Frizzled,max,CL0192,65.47999779496172,clan majority: 1 of 1 called CL0192 members are max,4,306.0,neighbour pitch,,,65.47999779496172,6.0,3.0,0.0,
PF01547,72.93293640830301,12.4156276790831,2.161283363593467,33,41.380780191132516,3.7125066102359,0.646264448429899,33,SBP_bac_1,min,CL0177,41.380780191132516,clan majority: 4 of 4 called CL0177 members are min,13,280.0,"box min, no neighbour",,,,,,,
PF01595,71.8049201965332,0.72272314426287,0.1806807860657175,16,37.59504175186157,0.463926052124887,0.11598151303122176,16,CNNM,,,67.94806834071181,,4,172.0,neighbour pitch,,,67.94806834071181,16.0,4.0,0.0,
PF01596,51.73399639129639,1.5678182575332305,1.1086149215698242,2,40.21210193634033,0.13982098982313013,0.09886837005615055,2,Methyltransf_3,min,CL0063,,"hand call, 2020 (human_domain_sizes_oriented_clans_20200123.csv)",1,204.0,too few whole instances,,,,,,,
PF01601,123.16165924072266,0.10039338603703665,0.04098542822349887,6,40.90697797139486,0.819120977576472,0.334404738778683,6,CoV_S2,,CL0595,,,2,438.0,,,,,,,,
PF01630,82.87544250488281,0.7485711879263531,0.5293197631835936,2,51.83962631225586,4.659620701449209,3.2948493957519527,2,Glyco_hydro_56,min,CL0036,,"hand call, 2020 (human_domain_sizes_oriented_clans_20200123.csv)",2,409.0,too few whole instances,,,,,,,
PF01663,69.6417677026046,5.017603290467969,0.8139627364501043,38,38.458954560129264,3.409734093997598,0.5531319104063034,38,Phosphodiest,min,CL0088,52.08149651336629,"hand call, 2020 (human_domain_sizes_oriented_clans_20200123.csv)",23,313.0,neighbour pitch,,,52.08149651336629,27.0,16.0,0.0,
PF01699,69.51091117858887,8.285733454131217,2.6201789800108926,10,38.95008010864258,4.082587240438636,1.291027442612757,10,Na_Ca_ex,min,,74.05667243480632,"stacking: 10 pairs, 40% along the longest axis",5,166.0,neighbour pitch,,,74.05667243480632,5.0,5.0,0.0,
PF01731,52.66215133666992,,,1,51.04572868347168,,,1,Arylesterase,min,CL0186,,"hand call, 2020 (human_domain_sizes_oriented_clans_20200123.csv)",1,315.0,too few whole instances,,,,,,,
PF01738,50.92042099988019,0.8157770670916563,0.11101319767993093,54,39.07578418872975,0.7976130466449614,0.10854138758149297,54,DLH,min,CL0028,39.07578418872975,"hand call, 2020 (human_domain_sizes_oriented_clans_20200123.csv)",20,185.0,"box min, no neighbour",,,,,,,
PF01740,56.35005836486816,7.79569777744274,1.2326080463515732,40,33.36454403400421,1.0038192904188714,0.15871776584688357,40,STAS,max,CL0502,56.35005836486816,"hand call, 2020 (human_domain_sizes_oriented_clans_20200123.csv)",20,173.0,"box max, no neighbour",,,,,,,
PF01759,51.382073702131,1.4850951878586547,0.25102690333911754,35,30.575750514439175,0.9071044320649777,0.1533286340485621,35,NTR,,CL0353,41.99184670405509,,22,111.0,neighbour pitch,,,41.99184670405509,35.0,22.0,0.0,
PF01794,67.80040731884185,4.425027096660805,0.9656200772704195,21,28.149412336803618,1.990343327048454,0.43432852167379943,21,Ferric_reduct,,CL0328,44.210308118770655,,14,150.0,neighbour pitch,,,44.210308118770655,14.0,8.0,0.0,
PF01821,31.86765112195696,1.8118648845413856,0.6848205562496091,7,18.415621076311385,0.6270918316580708,0.23701843368103376,7,ANATO,,,34.93192831783723,,4,35.0,neighbour pitch,,,34.93192831783723,7.0,4.0,0.0,
PF01822,35.86051601833768,1.4149070882913397,0.47163569609711326,9,25.474028905232746,1.0387139600798774,0.3462379866932925,9,WSC,max,,15.856580652839373,"hand call, 2020 (human_domain_sizes_oriented_clans_20200123.csv)",9,82.0,neighbour pitch,,,15.856580652839373,9.0,9.0,8.0,
PF01823,153.5823044315461,21.183913629757065,2.196669513939954,93,29.41335859606343,2.5124153811532315,0.2605253387353631,93,MACPF,,CL0293,108.55528087486569,,8,342.0,neighbour pitch,,,108.55528087486569,93.0,8.0,11.0,
PF01825,54.96858437856039,3.4269564211774624,0.9892771061339622,12,34.287952502568565,2.450317506102223,0.7073457358740854,12,GPS,min,CL0661,28.90255779985803,"hand call, 2020 (human_domain_sizes_oriented_clans_20200123.csv)",9,163.0,neighbour pitch,,,28.90255779985803,10.0,8.0,0.0,
PF01826,34.78394321175509,2.3188067046107212,0.11182278892991475,430,21.529889253128406,1.6676618994731551,0.08042179808280045,430,TIL,min,CL0819,28.961311110155847,"hand call, 2020 (human_domain_sizes_oriented_clans_20200123.csv)",26,56.0,neighbour pitch,,,28.961311110155847,325.0,26.0,127.0,
PF01833,39.0094230675403,5.231705785301336,0.5813006428112595,81,24.831720305077823,2.0887811359486452,0.2320867928831828,81,TIG,max,CL0159,30.428991255312468,"hand call, 2020 (human_domain_sizes_oriented_clans_20200123.csv)",25,83.0,neighbour pitch,28.354956040938436,6.0,30.428991255312468,71.0,22.0,28.0,
PF01835,48.21700533424936,0.7811579098814065,0.12199636941521998,41,22.823742796735065,0.49617977235182453,0.07749026162121661,41,MG2,max,CL0159,30.705935094049817,"hand call, 2020 (human_domain_sizes_oriented_clans_20200123.csv)",24,96.0,neighbour pitch,,,30.705935094049817,39.0,23.0,38.0,
PF01839,40.42290488156405,4.981047999027358,0.4013842862528915,154,14.047044351503446,1.2491726995293326,0.10066120473143125,154,FG-GAP,min,CL0186,13.665703313718575,"hand call, 2020 (human_domain_sizes_oriented_clans_20200123.csv)",35,37.0,neighbour pitch,11.053542562929437,39.0,13.665703313718575,154.0,35.0,74.0,
PF01926,48.758431185846746,5.876362679013752,0.8664224084694195,46,30.287550864012346,2.104293322130705,0.31026112373863823,46,MMR_HSR1,,CL0023,37.63949902325288,,35,121.0,neighbour pitch,,,37.63949902325288,7.0,7.0,2.0,
PF01966,52.69266414642334,0.5698887807274476,0.40297222137451166,2,35.64817428588867,0.4977724883522152,0.35197830200195307,2,HD,,CL0237,,,1,148.5,too few whole instances,,,,,,,
PF02014,45.81767177581787,0.5959706732945051,0.2107074522374285,8,33.36524510383606,1.1337528422574044,0.40084216147486634,8,Reeler,max,CL0159,45.81767177581787,"hand call, 2020 (human_domain_sizes_oriented_clans_20200123.csv)",3,138.0,"box max, no neighbour",,,,,,,
PF02019,53.74494972229004,0.6470629880373296,0.28937536539512043,5,35.67672328948974,2.35596860481994,1.053621190646545,5,WIF,max,CL0159,40.11637862627329,"hand call, 2020 (human_domain_sizes_oriented_clans_20200123.csv)",5,136.0,neighbour pitch,,,40.11637862627329,3.0,3.0,0.0,
PF02140,48.73291451590402,1.3333083191051114,0.3563416372161991,14,24.466609137398855,1.14895449690504,0.30707100574370577,14,SUEL_Lectin,min,CL0881,31.450309655414124,"hand call, 2020 (human_domain_sizes_oriented_clans_20200123.csv)",9,81.0,neighbour pitch,,,31.450309655414124,7.0,4.0,0.0,
PF02177,50.510208716759315,2.8934256685494204,0.8024918930537391,13,31.511228047884426,1.4453768182729745,0.40087540235770813,13,APP_N,max,,34.626750882253916,"hand call, 2020 (human_domain_sizes_oriented_clans_20200123.csv)",5,101.0,neighbour pitch,,,34.626750882253916,10.0,2.0,0.0,
PF02188,33.20252275466919,3.9042295584824926,1.9521147792412463,4,11.364359736442566,1.0595206273509208,0.5297603136754604,4,GoLoco,min,,13.65466581640754,"stacking: 4 pairs, 0% along the longest axis",1,21.0,neighbour pitch,,,13.65466581640754,4.0,1.0,2.0,
PF02191,50.6357987191942,1.997566798154222,0.33292779969237035,36,41.15860843658447,2.335750548954612,0.389291758159102,36,OLF,min,CL0186,40.530323244824416,"hand call, 2020 (human_domain_sizes_oriented_clans_20200123.csv)",22,259.0,neighbour pitch,,,40.530323244824416,7.0,4.0,0.0,
PF02210,45.901404424814075,4.2789348801104,0.5307365521790001,65,30.979383556659403,2.7046464344513397,0.3354701026548209,65,Laminin_G_2,max,CL0004,33.07830974907809,"hand call, 2020 (human_domain_sizes_oriented_clans_20200123.csv)",32,129.0,neighbour pitch,,,33.07830974907809,3.0,2.0,1.0,
PF02225,51.74683305952284,3.45877804297137,0.576463007161895,36,34.02404525544908,2.9031019802520874,0.48385033004201455,36,PA,min,CL0364,34.02404525544908,"hand call, 2020 (human_domain_sizes_oriented_clans_20200123.csv)",20,141.0,"box min, no neighbour",,,,,,,
PF02244,43.23184823989868,1.6298893632589837,0.470508531313441,12,23.096696535746258,0.7769138256832825,0.22427570319769258,12,Propep_M14,,CL0570,28.707923080342724,,5,77.0,neighbour pitch,,,28.707923080342724,12.0,5.0,0.0,
PF02262,52.37609622789466,2.4686509620825277,0.5147493088700722,23,27.519439075304113,0.8114337933255193,0.16919564196138018,23,Cbl_N,,,27.29817535065141,,11,125.0,neighbour pitch,,,27.29817535065141,23.0,11.0,0.0,
PF02263,59.204944772235415,2.67300096438959,0.3479950846045727,59,45.72919105271161,1.9675001956994307,0.25614670783266674,59,GBP,,CL0023,57.222566569464554,,27,265.0,neighbour pitch,,,57.222566569464554,13.0,7.0,0.0,
PF02267,58.61401162828718,1.9902463486295874,0.3071016788433668,42,43.3914988381522,2.194499175635158,0.338618574289554,42,Rib_hydrolayse,min,CL0498,43.3914988381522,"hand call, 2020 (human_domain_sizes_oriented_clans_20200123.csv)",20,241.0,"box min, no neighbour",,,,,,,
PF02351,40.68724320485042,2.0109621199151313,0.2788702706296065,52,27.57012572655311,4.760379353404792,0.6601458403600419,52,GDNF,min,,25.79029170709434,"hand call, 2020 (human_domain_sizes_oriented_clans_20200123.csv)",13,81.0,neighbour pitch,,,25.79029170709434,52.0,13.0,0.0,
PF02412,30.32912940979004,3.259303360774428,1.0306822205488693,10,16.949451875686645,1.5750473885309373,0.49807371704579284,10,TSP_3,min,CL0689,19.73081378481974,"stacking: 16 pairs, 38% along the longest axis",2,36.0,neighbour pitch,,,19.73081378481974,10.0,2.0,10.0,
PF02421,48.368367149716335,1.35485871549046,0.2956544104621749,21,39.16076946258545,1.4371558897821712,0.3136131262084958,21,FeoB_N,,CL0023,,,21,167.0,,,,,,,,
PF02460,60.904774241977265,2.224834503805564,0.5243985215529073,18,28.26731210284763,2.3746054117288127,0.5596998630919058,18,Patched,,CL0322,,,16,157.5,,,,,,,,
PF02469,43.54149794578552,2.6816435571852373,0.42400507567106704,40,32.94423508644104,2.4478214475463176,0.3870345539828372,40,Fasciclin,max,,32.2747292465952,"hand call, 2020 (human_domain_sizes_oriented_clans_20200123.csv)",12,122.0,neighbour pitch,27.59368791340966,8.0,32.2747292465952,32.0,6.0,16.0,
PF02485,54.590524071141296,1.506121194559374,0.3455278991478459,19,45.63825225830078,3.011433538807879,0.6908702353080324,19,Branch,min,CL0110,40.88740899462492,"hand call, 2020 (human_domain_sizes_oriented_clans_20200123.csv)",12,270.0,neighbour pitch,,,40.88740899462492,9.0,9.0,0.0,
PF02540,74.65736198425293,0.9447934276015523,0.668069839477539,2,38.53154277801514,0.11462459225895594,0.08105182647705078,2,NAD_synthase,,CL0039,,,1,315.0,too few whole instances,,,,,,,
PF02709,45.45124800755428,1.8689018543209037,0.23180874547397284,65,26.658595774723935,0.7088583766196453,0.08792306060535489,65,Glyco_transf_7C,min,CL0110,26.658595774723935,clan majority: 1 of 1 called CL0110 members are min,20,71.0,"box min, no neighbour",,,,,,,
PF02719,61.222299019495644,0.9140825516177253,0.18658631952039112,24,39.54543344179789,1.042092800294821,0.2127163021125303,24,Polysacc_synt_2,min,CL0063,39.54543344179789,clan majority: 6 of 6 called CL0063 members are min,5,242.0,"box min, no neighbour",,,,,,,
PF02727,53.61190564291818,0.8891046434542191,0.13719182495183732,42,22.12985000156221,0.5675264429814174,0.08757123134410284,42,Cu_amine_oxidN2,max,CL0047,38.291054366195254,"hand call, 2020 (human_domain_sizes_oriented_clans_20200123.csv)",16,87.0,neighbour pitch,,,38.291054366195254,42.0,16.0,0.0,
PF02728,46.132737568446565,2.1723167115859923,0.335195745776354,42,28.365482784452894,1.97931848499019,0.30541547287587884,42,Cu_amine_oxidN3,max,CL0047,15.213182408280879,"hand call, 2020 (human_domain_sizes_oriented_clans_20200123.csv)",16,115.0,neighbour pitch,,,15.213182408280879,42.0,16.0,33.0,
PF02743,80.46797793844472,1.0492871888988595,0.21879150337084083,23,43.81056138743525,1.3998242392328601,0.2918835310265303,23,dCache_1,min,CL0165,43.81056138743525,"hand call, 2020 (human_domain_sizes_oriented_clans_20200123.csv)",23,304.0,"box min, no neighbour",,,,,,,
PF02752,63.627395947774254,1.0642316645238425,0.307217218996482,12,36.483216285705566,0.563318538680287,0.16261605497328518,12,Arrestin_C,,CL0135,50.0035153039203,,3,159.0,neighbour pitch,,,50.0035153039203,12.0,3.0,0.0,
PF02758,30.045941829681396,0.25135638667363785,0.17773580551147727,2,28.77170467376709,0.6666849188915086,0.4714174270629891,2,PYRIN,,CL0041,,,1,77.0,too few whole instances,,,,,,,
PF02761,36.62056193144425,0.6689172486077599,0.13947888814611767,23,26.316349734430727,0.6586990534557027,0.13734824717126562,23,Cbl_N2,min,CL0220,15.420646873591263,clan majority: 2 of 2 called CL0220 members are min,11,84.0,neighbour pitch,,,15.420646873591263,23.0,11.0,23.0,
PF02762,34.36917014743971,0.6869668671959475,0.1432424937899873,23,28.678225185560144,1.164483956540207,0.2428116898768454,23,Cbl_N3,,CL0541,14.440437147122662,,11,86.0,neighbour pitch,,,14.440437147122662,23.0,11.0,20.0,
PF02793,43.05205417501515,2.2509133781086237,0.4179841209551311,29,21.329955101013184,2.1361549469582197,0.39667401527398893,29,HRM,max,,35.39206384258462,"hand call, 2020 (human_domain_sizes_oriented_clans_20200123.csv)",22,64.0,neighbour pitch,,,35.39206384258462,9.0,8.0,1.0,
PF02801,47.94160842895508,0.27690471942003764,0.06922617985500941,16,31.27534782886505,0.19258133767056956,0.04814533441764239,16,Ketoacyl-synt_C,,CL0046,9.926517485128354,,8,118.0,neighbour pitch,,,9.926517485128354,16.0,8.0,16.0,
PF02806,40.34693307876587,1.0813350051226784,0.24179385779043922,20,25.308955049514772,0.20429795238545254,0.04568241091978872,20,Alpha-amylase_C,min,CL0369,25.308955049514772,clan majority: 1 of 1 called CL0369 members are min,20,88.0,"box min, no neighbour",,,,,,,
PF02841,178.6477440425328,63.45668064903567,16.95951127790138,14,34.07526874542236,2.544697723528285,0.6800990738818886,14,GBP_C,,CL0023,88.94025561102424,,8,297.0,neighbour pitch,,,88.94025561102424,13.0,7.0,0.0,
PF02872,53.272354973687065,0.8916440955564188,0.17159698619694624,27,34.058738496568466,1.4020639651246591,0.2698273358952653,27,5_nucleotid_C,min,CL0781,34.058738496568466,"hand call, 2020 (human_domain_sizes_oriented_clans_20200123.csv)",20,177.0,"box min, no neighbour",,,,,,,
PF02888,73.35075823465984,0.9629507029340846,0.27797992377766656,12,22.606064558029175,1.2402069058550655,0.3580168954731275,12,CaMBD,,,52.91200268349984,,3,93.0,neighbour pitch,,,52.91200268349984,12.0,3.0,0.0,
PF02931,69.30794604988985,1.457956847662025,0.15721553009433917,86,34.18019299174464,2.322250147450193,0.2504146734716481,86,Neur_chan_LBD,max,CL0974,69.30794604988985,"hand call, 2020 (human_domain_sizes_oriented_clans_20200123.csv)",20,207.0,"box max, no neighbour",,,,,,,
PF02947,43.86631444784311,1.2623433030861584,0.24756588981882666,26,25.100979218116173,0.6246927005502205,0.12251231808094419,26,Flt3_lig,max,CL0053,43.86631444784311,"hand call, 2020 (human_domain_sizes_oriented_clans_20200123.csv)",6,131.0,"box max, no neighbour",,,,,,,
PF03016,69.32805091456363,1.5000228624903233,0.34412884582083825,19,39.833908382215,3.3817020646276883,0.7758156608881549,19,Exostosin_GT47,min,CL0113,39.833908382215,clan majority: 3 of 3 called CL0113 members are min,10,287.0,"box min, no neighbour",,,,,,,
PF03024,49.52004033868963,1.465575417976623,0.22094380742712474,44,36.900462020527236,1.6229027711480921,0.24466179832391993,44,Folate_rec,max,CL0644,49.52004033868963,"hand call, 2020 (human_domain_sizes_oriented_clans_20200123.csv)",18,176.0,"box max, no neighbour",,,,,,,
PF03098,75.7142861464928,1.9143890437774458,0.35549312088669577,29,53.982868983827785,3.884987376292977,0.7214240446543019,29,An_peroxidase,max,CL0617,75.7142861464928,"hand call, 2020 (human_domain_sizes_oriented_clans_20200123.csv)",15,529.0,"box max, no neighbour",,,,,,,
PF03160,65.51254586612477,9.360718013952733,2.2703075943028876,17,24.841899423038257,1.429854841335647,0.34679073765456786,17,Calx-beta,max,CL0159,50.05469275750566,"hand call, 2020 (human_domain_sizes_oriented_clans_20200123.csv)",9,117.0,neighbour pitch,,,50.05469275750566,10.0,5.0,5.0,
PF03193,46.3685188293457,,,1,37.784080505371094,,,1,RsgA_GTPase,,CL0023,,,1,148.0,too few whole instances,,,,,,,
PF03200,83.73401260375977,1.0301251875729018,0.5150625937864509,4,57.56576633453369,0.09686840731694751,0.04843420365847376,4,Glyco_hydro_63,min,CL0059,57.56576633453369,"hand call, 2020 (human_domain_sizes_oriented_clans_20200123.csv)",1,476.0,"box min, no neighbour",,,,,,,
PF03351,42.657798767089844,0.4321420902006247,0.3055706024169904,2,29.664230346679688,0.8536645232756577,0.6036319732665988,2,DOMON,,CL0559,,,1,115.5,too few whole instances,,,,,,,
PF03435,52.50783030192057,4.338735205149894,1.120256612876624,15,27.277922757466634,1.2181480107985179,0.3145244639358901,15,Sacchrp_dh_NADP,min,CL0063,27.277922757466634,clan majority: 6 of 6 called CL0063 members are min,3,123.0,"box min, no neighbour",,,,,,,
PF03489,31.852242088317873,0.7003960210543284,0.3132266228495704,5,19.536217880249023,0.5590047732466826,0.2499945345452876,5,SapB_2,,CL0707,,,3,34.0,,,,,,,,
PF03494,50.78225287555778,6.2592127432612985,0.5347606338483625,137,9.306482149736725,3.7024220182218452,0.3163192603366978,137,Beta-APP,min,,9.306482149736725,"hand call, 2020 (human_domain_sizes_oriented_clans_20200123.csv)",21,34.0,"box min, no neighbour",,,,,,,
PF03530,65.39014784495036,1.1898781344494378,0.34348823061361633,12,23.978596607844036,1.470987173548662,0.4246374203114034,12,SK_channel,,,,,3,116.0,,,,,,,,
PF03712,54.89859962463379,0.3266765138852707,0.23099517822265625,2,34.530033111572266,0.33762390490488436,0.23873615264892578,2,Cu2_monoox_C,min,CL0612,,"hand call, 2020 (human_domain_sizes_oriented_clans_20200123.csv)",1,157.0,too few whole instances,,,30.90597760872174,2.0,1.0,0.0,
PF03736,38.00087055602631,2.4419967969968392,0.19678170970964778,154,21.178864225164638,1.821664982666806,0.14679394757938086,154,EPTP,min,CL0186,11.237216390442901,"hand call, 2020 (human_domain_sizes_oriented_clans_20200123.csv)",8,42.0,neighbour pitch,,,11.237216390442901,154.0,8.0,110.0,
PF03815,38.76346778869629,,,1,26.07191562652588,,,1,LCCL,max,CL0513,,"hand call, 2020 (human_domain_sizes_oriented_clans_20200123.csv)",1,90.0,too few whole instances,,,,,,,
PF03921,52.08526793770168,5.576986144140235,0.8222817465407933,46,22.174176330151766,2.643791615175341,0.3898058074073673,46,ICAM_N,max,CL0159,52.08526793770168,"hand call, 2020 (human_domain_sizes_oriented_clans_20200123.csv)",25,86.0,"box max, no neighbour",,,,,,,
PF04083,44.30587100982666,0.0946800291940247,0.06694889068603514,2,25.046547889709473,0.060893766728539696,0.04305839538574218,2,Abhydro_lipase,max,CL0028,,clan majority: 6 of 9 called CL0028 members are max,1,60.0,too few whole instances,,,,,,,
PF04089,46.96422161775477,4.0211862982525854,0.9752809322342288,17,29.13750098733341,3.35335349473106,0.8133076858123691,17,BRICHOS,min,CL0814,29.13750098733341,"hand call, 2020 (human_domain_sizes_oriented_clans_20200123.csv)",4,83.0,"box min, no neighbour",,,,,,,
PF04253,65.23278941048517,0.9621675975189153,0.16036126625315256,36,24.887264755037094,2.866481800410074,0.4777469667350123,36,TFR_dimer,min,,24.887264755037094,"hand call, 2020 (human_domain_sizes_oriented_clans_20200123.csv)",20,114.0,"box min, no neighbour",,,,,,,
PF04321,62.080135345458984,0.6694646234450488,0.22315487448168292,9,43.50235388014052,1.5356410090537058,0.5118803363512353,9,RmlD_sub_bind,min,CL0063,43.50235388014052,clan majority: 6 of 6 called CL0063 members are min,2,266.0,"box min, no neighbour",,,,,,,
PF04389,54.96748074122838,5.884674022236674,0.7033530747984172,70,41.808815710885185,2.0176626173082695,0.24115680841913556,70,Peptidase_M28,min,CL0865,41.808815710885185,"hand call, 2020 (human_domain_sizes_oriented_clans_20200123.csv)",47,207.0,"box min, no neighbour",,,,,,,
PF04547,91.29045023236957,2.316133203655921,0.4377080328694916,28,60.22393138068063,2.523226197512881,0.47684493001301614,28,Anoctamin,,CL0416,,,14,539.5,,,,,,,,
PF04549,49.29671478271485,,,1,23.231704711914062,,,1,CD47,,,,,1,134.0,too few whole instances,,,47.742310625838975,1.0,1.0,0.0,
PF04564,42.22722606658935,2.7057545258383304,0.8556347090958037,10,23.219407176971437,0.8431917548989794,0.26664064497552137,10,U-box,min,CL0229,23.219407176971437,clan majority: 8 of 8 called CL0229 members are min,7,69.0,"box min, no neighbour",,,,,,,
PF04732,155.6290637425014,17.222095023648027,3.758169241504256,21,13.470722130366735,2.752987980836622,0.6007512290232123,21,Filament_head,,,,,1,96.0,,,,,,,,
PF04734,72.39551544189453,0.1155781225596664,0.08172607421875,2,53.07881546020508,0.4982715070385842,0.3523311614990234,2,Ceramidase_alk,,CL0635,,,1,507.0,too few whole instances,,,42.89610529485515,2.0,1.0,0.0,
PF04901,87.71684894561767,4.188786986282103,0.9366412444593262,20,25.247417736053468,2.4167470898756407,0.5404010777386726,20,RAMP,min,,25.247417736053468,"hand call, 2020 (human_domain_sizes_oriented_clans_20200123.csv)",20,107.0,"box min, no neighbour",,,,,,,
PF04952,53.749551105499265,0.7878872009678365,0.17617693399661205,20,27.60150589942932,0.8051472847137428,0.1800364060519306,20,AstE_AspA_hybrid,min,CL0105,30.87909731538795,"hand call, 2020 (human_domain_sizes_oriented_clans_20200123.csv)",12,83.0,neighbour pitch,,,30.87909731538795,20.0,12.0,0.0,
PF05118,41.42785120010376,0.21461107463003512,0.10730553731501756,4,34.515955209732056,0.23901112658681642,0.11950556329340821,4,Asp_Arg_Hydrox,,CL0029,,,4,155.0,,,,,,,,
PF05345,48.73289807637533,0.8329881132076941,0.3400659731937599,6,26.79429578781128,0.8309888788045601,0.33924978916644394,6,He_PIG,max,CL0159,37.60098025701815,"hand call, 2020 (human_domain_sizes_oriented_clans_20200123.csv)",6,97.0,neighbour pitch,,,37.60098025701815,5.0,5.0,0.0,
PF05375,44.0904347748883,2.8218272142818384,0.2654551747447678,113,17.196002133124697,2.0606044520498155,0.1938453609527409,113,Pacifastin_I,min,CL0451,17.196002133124697,"stacking: 16 pairs, 38% along the longest axis",15,36.0,"box min, no neighbour",,,,,,,
PF05444,47.30236625671387,,,1,21.067805290222168,,,1,DUF753,max,CL0117,,clan majority: 6 of 6 called CL0117 members are max,1,84.0,too few whole instances,,,,,,,
PF05450,59.80852403640747,0.9280821602077463,0.2075254798929371,20,42.70853624343872,1.0861124092930343,0.2428621178385299,20,Nicastrin,min,CL0865,42.70853624343872,"hand call, 2020 (human_domain_sizes_oriented_clans_20200123.csv)",20,226.0,"box min, no neighbour",,,,,,,
PF05462,62.084659576416016,,,1,40.9355525970459,,,1,Dicty_CAR,max,CL0192,,clan majority: 1 of 1 called CL0192 members are max,1,247.0,too few whole instances,,,,,,,
PF05473,62.16109848022461,,,1,35.48465919494629,,,1,UL45,max,CL0056,,clan majority: 3 of 3 called CL0056 members are max,1,172.0,too few whole instances,,,,,,,
PF05510,45.770721435546875,,,1,31.050707817077637,,,1,Sarcoglycan_2,max,CL0159,,clan majority: 76 of 83 called CL0159 members are max,1,98.0,too few whole instances,,,30.72232425095376,1.0,1.0,0.0,
PF05572,52.37046681917631,1.0655292617475371,0.2955246452875412,13,31.610180414639988,0.7750476886193429,0.21495955248052992,13,Peptidase_M43,min,CL0126,31.610180414639988,clan majority: 10 of 10 called CL0126 members are min,9,155.0,"box min, no neighbour",,,,,,,
PF05587,46.42820243835449,0.800935821014531,0.35818938828061914,5,25.189659118652344,0.6659244232520354,0.2978104556537785,5,Anth_Ig,max,CL0159,36.293085725759084,"hand call, 2020 (human_domain_sizes_oriented_clans_20200123.csv)",2,98.0,neighbour pitch,,,36.293085725759084,5.0,2.0,0.0,
PF05593,36.0313731323589,1.41358409915061,0.21310582120432356,44,14.491776899857955,0.49245789080491037,0.07424082040225902,44,RHS_repeat,max,CL0877,36.0313731323589,"stacking: 44 pairs, 100% along the longest axis",14,39.0,"box max, no neighbour",,,,,,,
PF05649,75.10978202819824,0.9380043263740825,0.20974414369613473,20,58.46842441558838,0.6397527506562257,0.14305306392597938,20,Peptidase_M13_N,min,,58.46842441558838,"hand call, 2020 (human_domain_sizes_oriented_clans_20200123.csv)",17,405.0,"box min, no neighbour",,,,,,,
PF05729,62.33444724363439,1.1037362055700728,0.18928919762582877,34,33.087549798628864,0.9333541402564524,0.1600689144908843,34,NACHT,,CL0023,39.02584134637078,,6,170.0,neighbour pitch,,,39.02584134637078,10.0,1.0,0.0,
PF05735,49.01997470855713,0.33735686247271934,0.23854732513427734,2,36.804368019104004,0.1337410540443451,0.09456920623779295,2,TSP_C,max,CL0004,,clan majority: 6 of 6 called CL0004 members are max,2,198.0,too few whole instances,,,40.514619788992675,2.0,2.0,0.0,
PF05790,42.953778392863725,4.263298597257451,0.5856090996009383,53,21.51362669243003,1.6291783792847132,0.2237848609515594,53,C2-set,max,CL0159,32.019698576387896,"hand call, 2020 (human_domain_sizes_oriented_clans_20200123.csv)",29,78.0,neighbour pitch,,,32.019698576387896,52.0,28.0,14.0,
PF05922,51.056156158447266,,,1,25.723551750183105,,,1,Inhibitor_I9,,CL0570,,,1,76.0,too few whole instances,,,,,,,
PF05986,45.57962131500244,0.48298589967101013,0.24149294983550507,4,32.575613498687744,1.8878750490203204,0.9439375245101602,4,ADAMTS_spacer1,,,34.72648783567773,,4,124.0,neighbour pitch,,,34.72648783567773,4.0,4.0,0.0,
PF06071,40.29733657836914,,,1,30.984929084777832,,,1,YchF-GTPase_C,,CL0072,,,1,84.0,too few whole instances,,,,,,,
PF06201,68.58972930908203,,,1,37.80921936035156,,,1,PITH,max,CL0202,,clan majority: 4 of 6 called CL0202 members are max,1,167.0,too few whole instances,,,,,,,
PF06247,30.079092849384654,1.5176336769485477,0.3235605870908294,22,19.474233150482178,1.2208698586615863,0.26029032844362304,22,Plasmod_Pvs28,min,CL0001,19.474233150482178,"hand call, 2020 (human_domain_sizes_oriented_clans_20200123.csv)",17,37.0,"box min, no neighbour",,,,,,,
PF06328,43.47361109208087,2.04197927400446,0.29171132485778,49,26.634240092063436,1.4591763312547992,0.20845376160782844,49,Lep_receptor_Ig,max,CL0159,23.906477678654383,"hand call, 2020 (human_domain_sizes_oriented_clans_20200123.csv)",24,99.0,neighbour pitch,,,23.906477678654383,47.0,22.0,26.0,
PF06350,92.48749923706055,0.21984875142604207,0.15545654296875,2,44.8511962890625,0.41580125127077144,0.294015884399414,2,HSL_N,,,,,1,294.0,too few whole instances,,,53.80785512494742,2.0,1.0,0.0,
PF06439,74.78256607055664,1.5313292019664388,1.0828132629394531,2,30.733001708984375,2.644202912730284,1.8697338104248045,2,3keto-disac_hyd,max,CL0004,,"hand call, 2020 (human_domain_sizes_oriented_clans_20200123.csv)",1,169.5,too few whole instances,,,,,,,
PF06535,40.73155069351196,4.557554564886052,1.2180576930950853,14,23.21012101854597,1.1536246088070492,0.3083191456505067,14,RGM_N,min,,23.21012101854597,"hand call, 2020 (human_domain_sizes_oriented_clans_20200123.csv)",7,68.0,"box min, no neighbour",,,,,,,
PF06588,76.21344089508057,0.7709177841816173,0.5451211929321289,2,32.09588670730591,0.9513245032468004,0.6726880073547362,2,Muskelin_N,max,CL0202,,clan majority: 4 of 6 called CL0202 members are max,1,195.0,too few whole instances,,,45.82872527018178,2.0,1.0,0.0,
PF06702,67.95056686401367,0.882700207030209,0.2791343145317633,10,45.18779354095459,1.52362116181248,0.48181131625593965,10,Fam20C,max,CL0016,67.95056686401367,"hand call, 2020 (human_domain_sizes_oriented_clans_20200123.csv)",4,363.0,"box max, no neighbour",,,,,,,
PF06722,43.70728576183319,1.6671797199358895,0.4167949299839724,16,29.960736632347107,0.8276823393746511,0.20692058484366277,16,EryCIII-like_C,min,CL0113,29.960736632347107,clan majority: 3 of 3 called CL0113 members are min,5,125.5,"box min, no neighbour",,,,,,,
PF06816,39.191132969326446,1.7716032422774977,0.4175708887288309,18,23.656983110639786,1.1784468777919297,0.27776259285159605,18,NOD,min,CL0960,9.325537450103884,"hand call, 2020 (human_domain_sizes_oriented_clans_20200123.csv)",9,56.0,neighbour pitch,,,9.325537450103884,18.0,9.0,16.0,
PF06858,38.65428829193115,0.7571550495197317,0.1784631566416795,18,24.3080702357822,0.6648298454135191,0.15670189734236784,18,NOG1,,CL0023,,,18,58.0,,,,,,,,
PF07140,50.54942936367459,1.4104274294606656,0.4701424764868885,9,27.81296401553684,1.1271154031691606,0.3757051343897202,9,IFNGR1_D2,max,CL0159,40.86882962269328,"hand call, 2020 (human_domain_sizes_oriented_clans_20200123.csv)",4,100.0,neighbour pitch,,,40.86882962269328,5.0,3.0,0.0,
PF07303,72.38374786376953,2.237442870450642,0.7075415605129077,10,22.832663917541502,1.0914380709766849,0.34514302293068405,10,Occludin_ELL,max,,72.38374786376953,"hand call, 2020 (human_domain_sizes_oriented_clans_20200123.csv)",7,100.0,"box max, no neighbour",,,,,,,
PF07361,45.86737219492594,3.7251376714659594,1.5207810861185134,6,24.993159294128418,0.994942233193926,0.4061834658117185,6,Cytochrom_B562,,,49.145603784526216,,3,97.5,neighbour pitch,,,49.145603784526216,6.0,3.0,0.0,
PF07452,41.129231770833336,2.100184403434543,0.8573966923610203,6,25.971882502237957,2.0638928809542483,0.8425807403501091,6,CHRD,,,27.86887395727005,,1,110.5,neighbour pitch,,,27.86887395727005,6.0,1.0,2.0,
PF07502,43.38338565826416,4.745113392017435,3.355301856994629,2,26.322275161743164,1.2877568324505848,0.9105815887451172,2,MANEC,max,CL0168,,"hand call, 2020 (human_domain_sizes_oriented_clans_20200123.csv)",2,92.0,too few whole instances,,,37.07159750787374,1.0,1.0,0.0,
PF07562,49.29398860353412,2.511784800558712,0.4372456103464105,33,17.912649833794795,1.3308995906226322,0.23167988104798568,33,NCD3G,min,CL0607,51.15109522058464,"hand call, 2020 (human_domain_sizes_oriented_clans_20200123.csv)",19,53.0,neighbour pitch,,,51.15109522058464,33.0,19.0,16.0,
PF07565,56.89746258475564,1.404349000612205,0.2994082129438077,22,46.17933724143288,1.1912815090037767,0.2539820711007978,22,Band_3_cyto,max,CL0340,56.89746258475564,"hand call, 2020 (human_domain_sizes_oriented_clans_20200123.csv)",10,266.0,"box max, no neighbour",,,,,,,
PF07593,44.51614761352539,,,1,22.19032096862793,,,1,UnbV_ASPIC,,,,,1,83.0,too few whole instances,,,,,,,
PF07610,50.871795654296875,,,1,26.633380889892575,,,1,DUF1573,max,CL0159,,clan majority: 76 of 83 called CL0159 members are max,1,100.0,too few whole instances,,,,,,,
PF07645,35.27437509315601,5.718735337222771,0.48681108034917187,138,19.17551646716353,2.0014533972815327,0.1703750275445189,138,EGF_CA,max,CL0001,29.244233627693326,"hand call, 2020 (human_domain_sizes_oriented_clans_20200123.csv)",54,41.0,neighbour pitch,38.235096029286595,1.0,29.244233627693326,93.0,41.0,10.0,
PF07646,36.47407793887826,2.31241291418822,0.15770525179947878,215,18.532015137339748,1.3022461181319156,0.0888124481163364,215,Kelch_2,min,CL0186,18.532015137339748,"hand call, 2020 (human_domain_sizes_oriented_clans_20200123.csv)",45,46.0,"box min, no neighbour",11.316439484338016,3.0,,,,,
PF07647,33.261412331227504,3.5348551737793126,0.3746938990335585,89,25.257551814732928,1.4201444200741733,0.15053500745814855,89,SAM_2,min,CL0003,27.031543669489444,"hand call, 2020 (human_domain_sizes_oriented_clans_20200123.csv)",36,64.0,neighbour pitch,22.017457133736922,2.0,27.031543669489444,7.0,4.0,0.0,
PF07648,33.56913370963855,3.692519871984455,0.4180955449170541,78,17.816427994997074,2.211823702219059,0.25043971815993155,78,Kazal_2,min,CL0005,28.968662378508267,"hand call, 2020 (human_domain_sizes_oriented_clans_20200123.csv)",33,48.0,neighbour pitch,,,28.968662378508267,57.0,17.0,33.0,
PF07650,39.22073173522949,0.04866646021334721,0.034412384033203125,2,22.655368328094482,0.2593339421597761,0.18337678909301758,2,KH_2,,CL0007,,,2,75.0,too few whole instances,,,,,,,
PF07653,26.72854995727539,,,1,24.77784538269043,,,1,SH3_2,,CL0010,,,1,56.0,too few whole instances,,,,,,,
PF07654,46.658108834108695,2.4233051257227047,0.18980790632316893,163,22.098532272994152,2.2587144154428724,0.17691616694340703,163,C1-set,max,CL0159,37.83581444432834,"hand call, 2020 (human_domain_sizes_oriented_clans_20200123.csv)",73,82.0,neighbour pitch,,,37.83581444432834,121.0,63.0,2.0,
PF07657,53.2758056416231,2.9153899580755316,0.7070859257064976,17,31.1889991199269,2.0798331461956776,0.5044336320838516,17,MNNL,max,CL0154,44.17300686820718,"hand call, 2020 (human_domain_sizes_oriented_clans_20200123.csv)",8,148.0,neighbour pitch,,,44.17300686820718,17.0,8.0,0.0,
PF07677,50.00532479286194,2.1318624985003396,0.33707705767791846,40,28.52477934360504,1.7831194385902847,0.28193593830330194,40,A2M_recep,max,CL0159,30.188987423368488,"hand call, 2020 (human_domain_sizes_oriented_clans_20200123.csv)",25,99.0,neighbour pitch,,,30.188987423368488,38.0,23.0,23.0,
PF07678,65.45996659596761,5.366193590801315,0.9797284258738425,30,44.60178508758545,4.457513490783091,0.8138268964284985,30,TED_complement,min,CL0059,31.581203109587467,"hand call, 2020 (human_domain_sizes_oriented_clans_20200123.csv)",19,300.0,neighbour pitch,,,31.581203109587467,29.0,18.0,21.0,
PF07679,44.97710356861353,2.572252296913713,0.16076576855710706,256,26.888545967638493,2.249649671792358,0.14060310448702237,256,I-set,max,CL0159,42.93974126665613,"hand call, 2020 (human_domain_sizes_oriented_clans_20200123.csv)",104,91.0,neighbour pitch,36.69040051204345,2.0,42.93974126665613,86.0,26.0,19.0,
PF07684,43.961814668443466,1.7063420148469046,0.4021886699072543,18,22.892277346716988,0.6779743257249031,0.1598000810634854,18,NODP,min,,19.804042049076756,"hand call, 2020 (human_domain_sizes_oriented_clans_20200123.csv)",9,55.5,neighbour pitch,,,19.804042049076756,16.0,8.0,0.0,
PF07686,45.606891707823166,6.173445750155985,0.37092640599543397,277,28.57896135516115,2.0345008572926035,0.12224130923497738,277,V-set,max,CL0159,39.91048834249645,"hand call, 2020 (human_domain_sizes_oriented_clans_20200123.csv)",131,103.0,neighbour pitch,,,39.91048834249645,99.0,48.0,0.0,
PF07690,80.38792930603027,6.419572408904796,1.2839144817809591,25,47.88702438354492,4.222784367238419,0.8445568734476838,25,MFS_1,,CL0015,64.824742054381,,21,301.0,neighbour pitch,,,64.824742054381,23.0,20.0,0.0,
PF07699,37.70980663299561,1.8596756368258043,0.3395287653107593,30,17.90967712402344,1.3234781879424131,0.24163295263404047,30,Ephrin_rec_like,max,CL0001,32.56028618615841,clan majority: 20 of 22 called CL0001 members are max,19,45.0,neighbour pitch,,,32.56028618615841,26.0,17.0,17.0,
PF07703,87.44821548461914,2.135115612502003,0.3418921211903636,39,33.24508794148763,1.6806974884500998,0.2691269859303612,39,A2M_BRD,max,CL0159,31.888789783859153,"hand call, 2020 (human_domain_sizes_oriented_clans_20200123.csv)",23,150.0,neighbour pitch,,,31.888789783859153,39.0,23.0,0.0,
PF07707,45.93756446838379,9.450369463109121,2.44007490307525,15,26.1206610361735,1.4603846405424246,0.377069692791861,15,BACK,,CL0033,21.793956157613973,,8,89.0,neighbour pitch,,,21.793956157613973,15.0,8.0,14.0,
PF07714,62.173712684994655,4.0756113217598005,0.889371304056348,21,39.23952615828741,4.816976741264585,1.0511505017946037,21,PK_Tyr_Ser-Thr,max,CL0016,62.173712684994655,clan majority: 3 of 3 called CL0016 members are max,17,244.0,"box max, no neighbour",,,,,,,
PF07719,30.275840761787013,1.5439874750581106,0.07920488626501192,380,15.720873724786859,1.4705388615544277,0.07543705189273953,380,TPR_2,min,CL0020,23.344206960833077,"stacking: 434 pairs, 5% along the longest axis",87,34.0,neighbour pitch,11.513294206728226,21.0,23.344206960833077,9.0,7.0,0.0,
PF07731,61.076191528983735,2.7082486067089406,0.5647088713488039,23,28.795658028644063,2.306675055343965,0.48097499758511747,23,Cu-oxidase_2,max,CL0026,38.962491539869035,"hand call, 2020 (human_domain_sizes_oriented_clans_20200123.csv)",20,124.0,neighbour pitch,,,38.962491539869035,21.0,20.0,0.0,
PF07732,46.650174338862584,2.146498731394828,0.29484427625953913,53,31.47888798983592,3.74832641195498,0.5148722298099021,53,Cu-oxidase_3,max,CL0026,29.966442680373852,"hand call, 2020 (human_domain_sizes_oriented_clans_20200123.csv)",22,115.0,neighbour pitch,,,29.966442680373852,9.0,5.0,0.0,
PF07859,52.52528848648071,7.2064380731431665,1.6114085407190721,20,39.43261818885803,2.8146238019676235,0.6293690152288512,20,Abhydrolase_3,min,CL0028,39.43261818885803,"hand call, 2020 (human_domain_sizes_oriented_clans_20200123.csv)",12,186.0,"box min, no neighbour",,,41.07978223721592,2.0,1.0,0.0,
PF07885,56.596910858154295,4.9155711516605205,0.4311241098038149,130,25.266298389434816,1.3471309061719752,0.1181511964314476,130,Ion_trans_2,min,CL0030,26.095637244757942,"stacking: 96 pairs, 1% along the longest axis",31,80.0,neighbour pitch,,,26.095637244757942,108.0,20.0,0.0,
PF07889,149.38461303710938,,,1,16.686996459960938,,,1,DUF1664,,,,,1,100.0,too few whole instances,,,,,,,
PF07965,42.57681327030576,3.6736354141649943,0.6821769705725627,29,25.874599686984357,1.2125400594065598,0.2251630363847237,29,Integrin_B_tail,max,,32.14937614193339,"hand call, 2020 (human_domain_sizes_oriented_clans_20200123.csv)",22,83.0,neighbour pitch,,,32.14937614193339,29.0,22.0,0.0,
PF07968,109.4779886518206,0.01970229459371423,0.007446767393185745,7,31.89855466570173,0.013376018579025973,0.005055659813183184,7,Leukocidin,,CL0636,,,1,253.0,,,,,,,,
PF07974,27.421870376586913,2.972481493651118,0.26586682726656036,125,16.627106369018556,1.729406044748314,0.1546827790702509,125,EGF_2,max,CL0001,25.74496601279559,"hand call, 2020 (human_domain_sizes_oriented_clans_20200123.csv)",69,32.0,neighbour pitch,,,25.74496601279559,73.0,36.0,30.0,
PF08016,71.20499769846599,3.6385422110226946,0.4288063118412736,72,38.43191533618503,2.981677112926353,0.35139401764315864,72,PKD_channel,,CL0030,50.922659164269646,,19,224.0,neighbour pitch,,,50.922659164269646,72.0,19.0,0.0,
PF08022,38.17862192789713,0.9087095107247417,0.2141848857207249,18,28.658682452307808,1.0365792530294335,0.24432407301813286,18,FAD_binding_8,min,CL0866,22.986264376796854,"hand call, 2020 (human_domain_sizes_oriented_clans_20200123.csv)",12,97.0,neighbour pitch,,,22.986264376796854,15.0,9.0,14.0,
PF08030,53.47346253828569,6.609490738774572,1.9928364396221976,11,31.596778522838246,1.1865193446284998,0.35774904296646587,11,NAD_binding_6,min,CL0091,28.94665767149086,"hand call, 2020 (human_domain_sizes_oriented_clans_20200123.csv)",7,155.0,neighbour pitch,,,28.94665767149086,11.0,7.0,0.0,
PF08155,51.39655818939209,5.6088024489289845,1.2541663548172501,20,21.148923301696776,2.1057633416454404,0.47086299764463185,20,NOGCT,,,,,20,52.0,,,,,,,,
PF08204,54.75292935864679,15.594047719997098,2.8957419649139458,29,27.786590345974627,0.9512546721013092,0.17664355802835321,29,V-set_CD47,max,CL0159,54.75292935864679,"hand call, 2020 (human_domain_sizes_oriented_clans_20200123.csv)",16,115.0,"box max, no neighbour",,,51.87305077827666,1.0,1.0,0.0,
PF08205,47.37304948956779,4.064964887723293,0.4308854163286982,89,23.357000672415403,2.6979941908885112,0.28598681226112965,89,C2-set_2,max,CL0159,42.23829465433539,"hand call, 2020 (human_domain_sizes_oriented_clans_20200123.csv)",54,87.0,neighbour pitch,,,42.23829465433539,40.0,23.0,21.0,
PF08238,31.82713885185046,5.143898946503153,0.58243186430861,78,14.698975715881739,2.0966067100752945,0.23739396274517127,78,Sel1,min,CL0020,17.069883334317563,"hand call, 2020 (human_domain_sizes_oriented_clans_20200123.csv)",9,36.0,neighbour pitch,,,17.069883334317563,54.0,7.0,14.0,
PF08241,41.0277863864241,0.49730816868461153,0.0923478085620993,29,29.161371132423138,1.118487427586329,0.2076979011124242,29,Methyltransf_11,min,CL0063,29.161371132423138,clan majority: 6 of 6 called CL0063 members are min,15,95.0,"box min, no neighbour",,,,,,,
PF08242,41.344434014682115,0.45863585738187673,0.08516654063664973,29,28.656728711621515,1.1274780470826764,0.20936741724021962,29,Methyltransf_12,min,CL0063,28.656728711621515,clan majority: 6 of 6 called CL0063 members are min,15,100.0,"box min, no neighbour",,,,,,,
PF08266,47.71156668051695,2.132310324744897,0.34144291564092616,39,25.203844877389763,2.169412473650227,0.34738401424733806,39,Cadherin_2,max,CL0159,46.128753477757115,"hand call, 2020 (human_domain_sizes_oriented_clans_20200123.csv)",20,83.0,neighbour pitch,,,46.128753477757115,23.0,12.0,0.0,
PF08284,47.76591968536377,1.0241171682469357,0.7241601943969725,2,29.88872003555298,1.3850499662522848,0.9793782234191893,2,RVP_2,min,CL0129,,clan majority: 5 of 5 called CL0129 members are min,2,115.0,too few whole instances,,,,,,,
PF08321,55.113858222961426,0.6721979467354925,0.33609897336774625,4,35.548869132995605,0.8237162518043759,0.41185812590218795,4,PPP5,min,CL0020,15.886358080839415,clan majority: 16 of 18 called CL0020 members are min,1,87.0,neighbour pitch,,,15.886358080839415,4.0,1.0,4.0,
PF08338,44.9383180141449,0.16786216507557222,0.05934823761479638,8,20.245067596435547,0.09854159168591017,0.034839713855011493,8,DUF1731,,,18.774631251252394,,1,48.0,neighbour pitch,,,18.774631251252394,8.0,1.0,0.0,
PF08399,45.350100973378055,0.7026280301701607,0.14650807201100774,23,27.9725865488467,0.8942225262979396,0.18645828610765203,23,VWA_N,min,,33.634823715261135,"hand call, 2020 (human_domain_sizes_oriented_clans_20200123.csv)",23,112.0,neighbour pitch,,,33.634823715261135,23.0,23.0,0.0,
PF08441,66.55660417917612,5.113717810136947,0.8406900293518835,37,30.771364315136058,1.356971556140503,0.2230847496316735,37,Integrin_A_Ig_1,max,CL0159,25.93932391177536,"hand call, 2020 (human_domain_sizes_oriented_clans_20200123.csv)",24,156.0,neighbour pitch,,,25.93932391177536,37.0,24.0,19.0,
PF08450,52.18532869550917,2.731401339697714,0.6437974698140915,18,43.82393211788602,2.4301514725921693,0.5727921951934658,18,SGL,min,CL0186,43.82393211788602,"hand call, 2020 (human_domain_sizes_oriented_clans_20200123.csv)",10,249.0,"box min, no neighbour",,,,,,,
PF08515,30.492029905319214,0.006265927340357247,0.0031329636701786234,4,15.181156277656555,0.0058640563420796635,0.0029320281710398318,4,TGF_beta_GS,,,20.382075394073176,,1,28.0,neighbour pitch,,,20.382075394073176,4.0,1.0,0.0,
PF08516,43.68293376590895,1.6114617690231465,0.33601300654323857,23,36.61104513251263,1.6154351970288365,0.336841523555643,23,ADAM_CR,max,CL0750,13.800545279082272,"hand call, 2020 (human_domain_sizes_oriented_clans_20200123.csv)",9,119.0,neighbour pitch,,,13.800545279082272,23.0,9.0,23.0,
PF08534,45.14208323614938,2.972412972435533,0.28086662567309667,112,35.69337201118469,1.216108236166393,0.1149114271512029,112,Redoxin,max,CL0172,45.14208323614938,clan majority: 3 of 3 called CL0172 members are max,21,150.0,"box max, no neighbour",,,,,,,
PF08614,240.68500773111978,5.374816713335919,3.1031518762893926,3,22.88992913564046,1.9399624505779063,1.1200378430589204,3,ATG16,,,,,1,161.0,,,,,,,,
PF08659,53.445130560133194,2.163761467702277,0.17000115629804854,162,35.832711696624756,1.9688792005006692,0.1546897593345746,162,KR,min,CL0063,51.13551751726475,"hand call, 2020 (human_domain_sizes_oriented_clans_20200123.csv)",55,181.0,neighbour pitch,,,51.13551751726475,36.0,18.0,3.0,
PF08674,47.37735659281413,1.922456011799432,0.49637600783436864,15,12.83814255396525,1.0646969919925973,0.2749035812496307,15,AChE_tetra,max,,42.25614525743745,"hand call, 2020 (human_domain_sizes_oriented_clans_20200123.csv)",4,29.0,neighbour pitch,,,42.25614525743745,9.0,3.0,0.0,
PF08701,119.33335494995116,,,1,31.99178981781006,,,1,GN3L_Grn1,,,,,1,66.0,too few whole instances,,,,,,,
PF08742,36.943397145589195,1.9573327100471043,0.10107622651999287,375,23.560141817728677,1.9756690025817374,0.10202310859489716,375,C8,max,,26.897693724406547,"hand call, 2020 (human_domain_sizes_oriented_clans_20200123.csv)",27,69.0,neighbour pitch,,,26.897693724406547,375.0,27.0,66.0,
PF08758,50.58679389953613,,,1,23.49359130859375,,,1,Cadherin_pro,max,CL0159,,"hand call, 2020 (human_domain_sizes_oriented_clans_20200123.csv)",1,91.0,too few whole instances,,,,,,,
PF08831,60.30464108784994,0.01410110549634054,0.008141277054183523,3,28.305635770161945,0.018818276304490556,0.01086473689008238,3,MHCassoc_trimer,min,,28.305635770161945,"hand call, 2020 (human_domain_sizes_oriented_clans_20200123.csv)",1,69.0,"box min, no neighbour",,,,,,,
PF08917,41.580893392148226,2.347789634623388,0.4895479799927695,23,29.638353264850117,1.9829812636808943,0.4134801762825794,23,ecTbetaR2,max,CL0117,41.580893392148226,"hand call, 2020 (human_domain_sizes_oriented_clans_20200123.csv)",16,103.0,"box max, no neighbour",,,,,,,
PF09006,56.25392716725667,2.4632028384206963,0.44971725277125607,30,17.49028377532959,0.5146683722725529,0.09396515904271453,30,Surfac_D-trimer,,,41.51367367423598,,10,45.0,neighbour pitch,,,41.51367367423598,30.0,10.0,0.0,
PF09014,44.353464126586914,,,1,27.89307403564453,,,1,Sushi_2,max,CL0001,,clan majority: 20 of 22 called CL0001 members are max,1,85.0,too few whole instances,,,39.74279288511029,1.0,1.0,0.0,
PF09064,29.334157943725586,1.088550011020103,0.32821017746281067,11,18.347058816389605,1.7336675238472175,0.5227204261659766,11,EGF_Tme5,max,CL0001,25.227202598802567,"hand call, 2020 (human_domain_sizes_oriented_clans_20200123.csv)",6,34.0,neighbour pitch,,,25.227202598802567,8.0,3.0,0.0,
PF09067,46.54598593480379,6.805340003934975,0.6705500753739837,103,25.71138959717982,1.5653891194397156,0.15424237311037736,103,EpoR_lig-bind,max,CL0159,33.233490421297034,"hand call, 2020 (human_domain_sizes_oriented_clans_20200123.csv)",57,95.0,neighbour pitch,,,33.233490421297034,41.0,22.0,4.0,
PF09085,52.73157081604004,2.2695515717686576,0.7176952234004058,10,26.64607982635498,1.102251335897767,0.34856247754002606,10,Adhes-Ig_like,max,CL0159,52.73157081604004,"hand call, 2020 (human_domain_sizes_oriented_clans_20200123.csv)",7,108.0,"box max, no neighbour",,,,,,,
PF09127,44.65289868806538,0.23257135727877803,0.053355528607383476,19,28.150573128148128,0.3766436908248163,0.0864079887382922,19,Leuk-A4-hydro_C,min,CL0020,28.150573128148128,clan majority: 16 of 18 called CL0020 members are min,19,114.0,"box min, no neighbour",,,,,,,
PF09177,63.20668029785156,3.4403417623725128,1.986282242610082,3,24.792542775472004,1.0424745059200244,0.6018729366162483,3,STX6_10_61_N,min,,24.792542775472004,"hand call, 2020 (human_domain_sizes_oriented_clans_20200123.csv)",2,96.0,"box min, no neighbour",,,,,,,
PF09191,47.61914798191616,4.066811139132395,1.0869009956678053,14,29.807666165488108,1.0433446468286738,0.2788455860541112,14,CD4-extracel,max,CL0159,27.454514830069474,"hand call, 2020 (human_domain_sizes_oriented_clans_20200123.csv)",8,111.0,neighbour pitch,,,27.454514830069474,14.0,8.0,14.0,
PF09238,48.666933377583824,10.587424374147739,2.4954798567532017,18,24.14441680908203,0.8505136798136189,0.20046799682937802,18,IL4Ra_N,max,CL0159,31.740657610994194,"hand call, 2020 (human_domain_sizes_oriented_clans_20200123.csv)",13,94.0,neighbour pitch,,,31.740657610994194,6.0,5.0,0.0,
PF09240,47.07367978197463,7.533885173279312,0.7770609234594393,94,25.47977752888456,1.719589250513924,0.1773620887818296,94,IL6Ra-bind,max,CL0159,31.268224238544306,"hand call, 2020 (human_domain_sizes_oriented_clans_20200123.csv)",51,92.0,neighbour pitch,,,31.268224238544306,24.0,17.0,4.0,
PF09256,28.218779067603908,1.8296979877411865,0.18482740780788193,98,16.326409417755748,1.4777241938810999,0.14927268545953576,98,BaffR-Tall_bind,min,CL0607,16.326409417755748,"hand call, 2020 (human_domain_sizes_oriented_clans_20200123.csv)",14,25.0,"box min, no neighbour",,,,,,,
PF09257,30.69833335876465,2.58639167659959,0.47220835460573396,30,19.40807196299235,1.1653313828054717,0.21275942844374823,30,BCMA-Tall_bind,min,CL0607,19.40807196299235,"hand call, 2020 (human_domain_sizes_oriented_clans_20200123.csv)",13,36.5,"box min, no neighbour",,,,,,,
PF09258,60.2754020690918,1.996497286727218,0.5335863443255019,14,38.02623094831194,1.326490837355083,0.35451958857697125,14,Glyco_transf_64,min,CL0110,38.02623094831194,clan majority: 1 of 1 called CL0110 members are min,9,231.5,"box min, no neighbour",,,,,,,
PF09272,49.656010337497875,3.3309082165580297,0.6945423750534935,23,30.078813138215438,2.2446597084111586,0.46804390385687705,23,Hepsin-SRCR,min,CL0550,38.44098439918298,"hand call, 2020 (human_domain_sizes_oriented_clans_20200123.csv)",18,100.0,neighbour pitch,,,38.44098439918298,3.0,3.0,0.0,
PF09286,60.583815256754555,0.34157958172047004,0.19721106345599315,3,31.46581522623698,1.9422480292305075,1.1213574225092537,3,Pro-kuma_activ,,CL0570,,,2,144.0,,,,,,,,
PF09289,28.550395745497482,2.339757318680715,0.6489319218958043,13,14.191104962275578,1.3878971169838665,0.3849334015656903,13,FOLN,max,CL0001,21.14635477039851,clan majority: 20 of 22 called CL0001 members are max,9,22.0,neighbour pitch,,,21.14635477039851,12.0,8.0,6.0,
PF09291,39.82915115356445,,,1,24.106850624084473,,,1,DUF1968,max,CL0159,,clan majority: 76 of 83 called CL0159 members are max,1,73.0,too few whole instances,,,32.07034175262308,1.0,1.0,0.0,
PF09294,52.215227573475936,8.315294949274548,1.2129104270784177,47,26.900045009369546,2.1301307703856964,0.3107115067117132,47,Interfer-bind,max,CL0159,37.123925576815246,"hand call, 2020 (human_domain_sizes_oriented_clans_20200123.csv)",35,102.0,neighbour pitch,,,37.123925576815246,9.0,8.0,0.0,
PF09305,29.747458093306598,1.858439744756389,0.31871978679832597,34,19.58467222662533,1.2387847085903647,0.21244982481942265,34,TACI-CRD2,min,CL0607,19.58467222662533,"hand call, 2020 (human_domain_sizes_oriented_clans_20200123.csv)",15,37.0,"box min, no neighbour",,,,,,,
PF09325,125.23089118230911,3.63939018115164,0.5615700967708426,42,29.376425856635684,1.3882902738490295,0.2142178399746952,42,Vps5,min,CL0145,23.901661429406694,"hand call, 2020 (human_domain_sizes_oriented_clans_20200123.csv)",6,234.0,neighbour pitch,,,23.901661429406694,36.0,3.0,0.0,
PF09342,54.43502365459096,2.483198934671028,0.5294197917253518,22,41.69585704803467,1.417062985950981,0.3021188437257694,22,Nudel,max,CL0124,54.43502365459096,clan majority: 2 of 2 called CL0124 members are max,17,210.0,"box max, no neighbour",,,,,,,
PF09408,61.13331413269043,0.09446416752138112,0.038564834900695816,6,29.094465255737305,0.11328508435714274,0.04624844202385804,6,bCoV_S1_RBD,,,20.828663439053198,,2,179.0,neighbour pitch,,,20.828663439053198,6.0,2.0,6.0,
PF09430,72.86295827229817,9.479166397177748,3.869853476670311,6,28.35954205195109,1.1950455522704053,0.48787530374083604,6,EMC7_beta-sandw,max,CL0287,72.86295827229817,"hand call, 2020 (human_domain_sizes_oriented_clans_20200123.csv)",6,113.0,"box max, no neighbour",,,,,,,
PF09443,37.72711181640625,,,1,15.841713905334473,,,1,CFC,max,CL0001,,"hand call, 2020 (human_domain_sizes_oriented_clans_20200123.csv)",1,35.0,too few whole instances,,,,,,,
PF09668,42.568257705025054,1.3239513385148616,0.2760629375905062,23,29.393300719883133,1.7083762171307602,0.35622106590406244,23,Asp_protease,min,CL0129,29.393300719883133,"hand call, 2020 (human_domain_sizes_oriented_clans_20200123.csv)",9,102.0,"box min, no neighbour",,,,,,,
PF10111,58.16371703147888,0.9394803562375668,0.3321564653435684,8,40.36846137046814,2.0165175352712414,0.7129466117859389,8,Glyco_tranf_2_2,min,CL0110,40.36846137046814,clan majority: 1 of 1 called CL0110 members are min,5,222.0,"box min, no neighbour",,,,,,,
PF10162,57.649789810180664,,,1,32.072059631347656,,,1,G8,max,CL0268,,clan majority: 1 of 1 called CL0268 members are max,1,124.0,too few whole instances,,,57.087493314461874,1.0,1.0,0.0,
PF10250,75.07992553710938,1.4173371496099345,1.0022087097167969,2,50.91629981994629,0.24931243310824977,0.17629051208496094,2,O-FucT,min,CL0113,,clan majority: 3 of 3 called CL0113 members are min,1,349.5,too few whole instances,,,36.99873876028427,2.0,1.0,0.0,
PF10320,69.66678078969319,2.11233839821822,0.32594089109863067,42,38.47749387650263,1.9243674326815816,0.29693634142071845,42,7TM_GPCR_Srsx,max,CL0192,69.66678078969319,clan majority: 1 of 1 called CL0192 members are max,15,263.5,"box max, no neighbour",,,,,,,
PF10323,69.05219576908992,0.8747109023547754,0.24260115458827058,13,39.18917611929086,1.4098764342304233,0.3910293673604711,13,7TM_GPCR_Srv,max,CL0192,69.05219576908992,clan majority: 1 of 1 called CL0192 members are max,4,284.0,"box max, no neighbour",,,,,,,
PF10324,69.14403519263634,0.8636673609817039,0.23953822730493848,13,39.116383185753456,1.4141065423485883,0.39220258826207116,13,7TM_GPCR_Srw,max,CL0192,69.14403519263634,clan majority: 1 of 1 called CL0192 members are max,4,283.0,"box max, no neighbour",,,,,,,
PF10328,69.30381059646606,0.6316435694786683,0.31582178473933414,4,39.16805076599121,0.4001471349191057,0.20007356745955285,4,7TM_GPCR_Srx,max,CL0192,69.30381059646606,clan majority: 1 of 1 called CL0192 members are max,1,245.5,"box max, no neighbour",,,,,,,
PF10413,30.661639507000263,0.8673605244168294,0.24056252654601648,13,17.61923522215623,0.2087272471449361,0.05789052247442398,13,Rhodopsin_N,max,,24.062029664154544,"hand call, 2020 (human_domain_sizes_oriented_clans_20200123.csv)",4,36.0,neighbour pitch,,,24.062029664154544,13.0,4.0,6.0,
PF10417,32.5987435427579,1.3795772724890891,0.1860221614739117,55,17.71912787177346,1.8593779416346512,0.2507184705034536,55,1-cysPrx_C,,,30.590793442149767,,10,36.0,neighbour pitch,,,30.590793442149767,55.0,10.0,0.0,
PF10420,49.28333528580204,2.2024076089498426,0.39556408379150365,31,27.395307140965617,1.0509318951054532,0.18875294042998583,31,IL12p40_C,max,CL0159,33.10625618344465,clan majority: 76 of 83 called CL0159 members are max,20,91.0,neighbour pitch,,,33.10625618344465,29.0,18.0,1.0,
PF10430,45.32960367202759,2.9867820795752453,1.4933910397876227,4,24.54423952102661,0.9842650201010437,0.49213251005052183,4,Ig_Tie2_1,max,CL0159,45.32960367202759,"hand call, 2020 (human_domain_sizes_oriented_clans_20200123.csv)",4,95.0,"box max, no neighbour",,,,,,,
PF10577,64.11777464548747,0.35348033840559206,0.14430774386667075,6,33.18047539393107,1.024306783376852,0.4181714932241383,6,FAM171A1-2-B_N,min,CL0661,33.18047539393107,clan majority: 2 of 2 called CL0661 members are min,2,235.0,"box min, no neighbour",,,,,,,
PF10591,48.107985087803435,5.635437456503459,2.1299951484237893,7,29.694607734680176,2.0345812634715696,0.7689994350424795,7,SPARC_Ca_bdg,min,CL0220,33.393478655397196,clan majority: 2 of 2 called CL0220 members are min,4,130.0,neighbour pitch,,,33.393478655397196,7.0,4.0,0.0,
PF10607,91.65109252929688,,,1,35.09433937072754,,,1,CTLH,,CL0825,,,1,140.0,too few whole instances,,,54.29943599795368,1.0,1.0,0.0,
PF10613,57.17440893252691,8.991482571274865,0.9176893471146459,96,39.38463592529297,4.352740704095041,0.44424973781981797,96,Lig_chan-Glu_bd,min,CL0177,44.04777920461165,"hand call, 2020 (human_domain_sizes_oriented_clans_20200123.csv)",24,116.0,neighbour pitch,,,44.04777920461165,96.0,24.0,32.0,
PF11380,55.89503765106201,7.853410873137147,3.206141563268554,6,37.00025383631388,3.203023164604993,1.307628731266141,6,Stealth_CR2,,,9.702983266389307,,3,108.0,neighbour pitch,,,9.702983266389307,6.0,3.0,4.0,
PF11465,50.3952500542929,3.7393112735896725,0.5702396232510162,43,28.067466647125954,1.4439460826400856,0.22019971323997808,43,Receptor_2B4,max,CL0159,50.3952500542929,"hand call, 2020 (human_domain_sizes_oriented_clans_20200123.csv)",29,102.0,"box max, no neighbour",,,,,,,
PF11548,37.45683717727661,2.7498753143004335,0.7349350916042522,14,24.587454591478622,0.8363092249299645,0.2235130420775994,14,Receptor_IA-2,min,,24.587454591478622,"hand call, 2020 (human_domain_sizes_oriented_clans_20200123.csv)",7,87.5,"box min, no neighbour",,,,,,,
PF11789,45.73733304341634,3.956414608161704,1.0215418592068015,15,22.878091621398926,1.4952272462068241,0.3860660148903071,15,zf-Nse,min,CL0229,22.878091621398926,clan majority: 8 of 8 called CL0229 members are min,10,55.0,"box min, no neighbour",,,,,,,
PF11838,65.74065753391811,1.8315487707389086,0.34613018296151477,28,41.3763313974653,2.1340785571538605,0.40330293860747546,28,ERAP1_C,max,CL0159,65.74065753391811,"hand call, 2020 (human_domain_sizes_oriented_clans_20200123.csv)",20,320.5,"box max, no neighbour",,,,,,,
PF11839,106.97487182617188,0.4365309573912352,0.19522257900197323,5,14.481601428985595,1.3337217860209183,0.5964585153230404,5,Alanine_zipper,,CL0590,,,4,68.0,,,,,,,,
PF12109,50.198377881731304,4.495198622259432,1.6990253783340903,7,20.33696617398943,3.6418026029865276,1.376472001641435,7,CXCR4_N,min,,20.33696617398943,"hand call, 2020 (human_domain_sizes_oriented_clans_20200123.csv)",4,33.0,"box min, no neighbour",,,,,,,
PF12146,55.90545646817076,2.138479204714387,0.29944698404696135,51,43.02938274308747,1.8925679642026998,0.2650125227942476,51,Hydrolase_4,max,CL0028,55.90545646817076,"hand call, 2020 (human_domain_sizes_oriented_clans_20200123.csv)",36,238.0,"box max, no neighbour",,,,,,,
PF12349,60.71512370639377,2.249976930219067,0.5303246482903979,18,29.00004439883762,2.91882266507748,0.6879730998524257,18,Sterol-sensing,,CL0322,59.069355225734796,,16,155.0,neighbour pitch,,,59.069355225734796,8.0,8.0,0.0,
PF12529,71.85362286037869,0.6626289155420686,0.22087630518068954,9,43.00115754869249,0.4695444560543989,0.15651481868479963,9,Xylo_C,,,44.404706389053004,,9,176.0,neighbour pitch,,,44.404706389053004,9.0,9.0,0.0,
PF12567,44.51585878644671,0.3632681846309713,0.13730246796506373,7,20.072415079389298,0.29590772831098777,0.11184260859042007,7,CD45,max,CL0159,44.51585878644671,"hand call, 2020 (human_domain_sizes_oriented_clans_20200123.csv)",4,59.0,"box max, no neighbour",,,,,,,
PF12661,30.47933593643046,2.3206061335658412,0.22434146260212734,107,11.766563477917252,1.592420939390472,0.15394514280291421,107,hEGF,max,CL0001,24.692741647185642,"hand call, 2020 (human_domain_sizes_oriented_clans_20200123.csv)",69,22.0,neighbour pitch,29.6345153616071,5.0,24.692741647185642,11.0,9.0,2.0,
PF12662,29.06870747946359,3.7574648430979543,0.3142149952923211,143,12.181157698998085,1.647132075263778,0.13774010373657322,143,cEGF,max,CL0001,23.136979599766256,"hand call, 2020 (human_domain_sizes_oriented_clans_20200123.csv)",70,21.0,neighbour pitch,22.907792629730054,1.0,23.136979599766256,15.0,8.0,12.0,
PF12678,36.95245899260044,3.7937707316014175,0.4742213414501772,64,22.134211480617523,2.177706039413959,0.27221325492674486,64,zf-rbx1,min,CL0229,22.134211480617523,"hand call, 2020 (human_domain_sizes_oriented_clans_20200123.csv)",45,50.5,"box min, no neighbour",,,,,,,
PF12697,53.893160787122,2.486808941213034,0.326534011274347,58,42.52067477127601,1.225067207165032,0.16085920498626308,58,Abhydrolase_6,max,CL0028,53.893160787122,"hand call, 2020 (human_domain_sizes_oriented_clans_20200123.csv)",43,239.0,"box max, no neighbour",,,,,,,
PF12698,122.17211990356445,4.159699172696625,0.930137011609929,20,46.5139404296875,5.361376768032529,1.1988402906308855,20,ABC2_membrane_3,max,CL0181,93.01661087463258,"hand call, 2020 (human_domain_sizes_oriented_clans_20200123.csv)",20,305.0,neighbour pitch,,,93.01661087463258,10.0,10.0,1.0,
PF12710,49.98313941955566,0.9825953815753184,0.4394300135159513,5,36.06573333740234,0.9151975518748005,0.40928878776668876,5,HAD,min,CL0137,36.06573333740234,clan majority: 2 of 2 called CL0137 members are min,3,171.0,"box min, no neighbour",,,,,,,
PF12714,38.932960510253906,4.366855125740898,1.455618375246966,9,20.159002516004776,0.9098307649889725,0.30327692166299086,9,TILa,max,CL0451,24.598425290946814,"hand call, 2020 (human_domain_sizes_oriented_clans_20200123.csv)",3,57.0,neighbour pitch,,,24.598425290946814,8.0,2.0,8.0,
PF12799,34.31903545517324,2.3576149641957325,0.1086331632609682,471,16.775148733912506,1.949087313706542,0.08980920276436884,471,LRR_4,min,CL0022,14.92677081569715,"hand call, 2020 (human_domain_sizes_oriented_clans_20200123.csv)",85,45.0,neighbour pitch,9.804179512837422,54.0,14.92677081569715,94.0,34.0,50.0,
PF12854,30.93474817276001,2.168478283771088,1.5333456993103027,2,20.888169288635254,0.34688002718745287,0.24528121948242188,2,PPR_1,min,CL0020,,clan majority: 16 of 18 called CL0020 members are min,2,34.0,too few whole instances,,,,,,,
PF12861,39.08219825860226,3.536042889913029,0.6155460576348718,33,25.11455943367698,2.301644599580685,0.4006648967380964,33,zf-ANAPC11,min,CL0229,25.11455943367698,clan majority: 8 of 8 called CL0229 members are min,27,64.0,"box min, no neighbour",,,,,,,
PF12895,42.486353895399304,2.204614068801471,0.3286444614661658,45,23.588908386230468,2.0687457664389566,0.3083904107948273,45,ANAPC3,min,CL0020,30.637603384625343,"stacking: 16 pairs, 0% along the longest axis",22,83.0,neighbour pitch,,,30.637603384625343,4.0,2.0,0.0,
PF12924,38.74196483470775,2.1450193989162183,0.41280917579374926,27,20.885344999807852,0.7204585917613299,0.1386523206311275,27,APP_Cu_bd,min,,24.050898325188275,"hand call, 2020 (human_domain_sizes_oriented_clans_20200123.csv)",10,57.0,neighbour pitch,,,24.050898325188275,10.0,2.0,0.0,
PF12925,94.54852811027976,0.9665321206767022,0.2344184720060164,17,24.4934076982386,1.3229359651273356,0.3208591011852027,17,APP_E2,max,,94.54852811027976,"hand call, 2020 (human_domain_sizes_oriented_clans_20200123.csv)",11,176.0,"box max, no neighbour",,,,,,,
PF12937,35.39528388977051,2.287538894234206,1.0230184937364772,5,20.424607276916504,2.107697856261526,0.9425911365262706,5,F-box-like,,CL0271,,,4,43.0,,,,35.65664356744135,2.0,1.0,0.0,
PF12946,30.660479096805346,1.6654579908881673,0.403932894791817,17,17.742372456718893,1.0775931600060698,0.2613547305969493,17,EGF_MSP1_1,max,CL0001,30.660479096805346,"hand call, 2020 (human_domain_sizes_oriented_clans_20200123.csv)",12,36.0,"box max, no neighbour",,,,,,,
PF12947,30.932067834413967,2.4567715446169642,0.2781745998109733,78,17.126947904244446,2.212628816798777,0.25053087943477853,78,EGF_3,max,CL0001,26.575811086673227,"hand call, 2020 (human_domain_sizes_oriented_clans_20200123.csv)",45,33.0,neighbour pitch,24.715567615109837,7.0,26.575811086673227,12.0,6.0,3.0,
PF13041,32.40915743509928,2.011558362861858,0.8212152628066406,6,21.1402104695638,2.101734855046668,0.8580296615811173,6,PPR_2,min,CL0020,21.1402104695638,"stacking: 8 pairs, 25% along the longest axis",2,49.0,"box min, no neighbour",11.095933083256028,1.0,,,,,
PF13088,57.547833840052284,3.7435990852506245,0.7641589633678245,24,49.08797764778137,1.752837050332798,0.3577963646300425,24,BNR_2,max,CL0186,57.547833840052284,"hand call, 2020 (human_domain_sizes_oriented_clans_20200123.csv)",18,296.5,"box max, no neighbour",,,,,,,
PF13098,36.67881442882396,1.4746807089879295,0.28380243476764305,27,25.46303876241048,1.325339687971932,0.25506174187276315,27,Thioredoxin_2,max,CL0172,36.67881442882396,clan majority: 3 of 3 called CL0172 members are max,17,97.0,"box max, no neighbour",,,,,,,
PF13167,40.768195470174156,1.9124640055519329,1.1041616084208785,3,32.55685647328695,0.5773926412141929,0.3333577968331233,3,GTP-bdg_N,,,30.62319783612141,,3,92.0,neighbour pitch,,,30.62319783612141,3.0,3.0,0.0,
PF13176,34.87047473122092,2.0383808960249263,0.247189992339763,68,18.07803432380452,1.6566332484663875,0.200896290186383,68,TPR_7,min,CL0020,18.07803432380452,"stacking: 66 pairs, 0% along the longest axis",17,36.0,"box min, no neighbour",13.276463267861537,4.0,,,,,
PF13180,40.71174945831299,1.46195695708158,0.4623113825506822,10,25.685608005523683,2.0760973776121405,0.6565196357557027,10,PDZ_2,,CL0466,,,10,93.0,,,,31.507417702944196,1.0,1.0,0.0,
PF13181,30.31291798654312,1.4831727352764543,0.08724545501626202,289,15.893352338599499,1.3375199666872524,0.07867764509925014,289,TPR_8,min,CL0020,19.58752645510758,"stacking: 276 pairs, 1% along the longest axis",80,34.0,neighbour pitch,15.838689227677497,40.0,19.58752645510758,25.0,10.0,2.0,
PF13191,47.07184028625488,,,1,35.22421646118164,,,1,AAA_16,,CL0023,,,1,149.0,too few whole instances,,,,,,,
PF13192,36.4903826713562,0.5552610139358747,0.1602900479331909,12,22.221667210261028,0.7722856526208165,0.2229396647159571,12,Thioredoxin_3,max,CL0172,36.4903826713562,clan majority: 3 of 3 called CL0172 members are max,2,84.0,"box max, no neighbour",,,,,,,
PF13202,23.01891326904297,,,1,11.571921825408936,,,1,EF-hand_5,min,CL0220,,clan majority: 2 of 2 called CL0220 members are min,1,26.0,too few whole instances,,,,,,,
PF13242,36.542924880981445,,,1,21.357415199279785,,,1,Hydrolase_like,min,CL0137,,clan majority: 2 of 2 called CL0137 members are min,1,72.0,too few whole instances,,,,,,,
PF13246,55.626487731933594,3.3823121404855696,0.705260834131479,23,39.37378783847975,1.9625821148454947,0.409226659715903,23,Cation_ATPase,min,CL0137,39.37378783847975,"hand call, 2020 (human_domain_sizes_oriented_clans_20200123.csv)",20,191.0,"box min, no neighbour",,,,,,,
PF13306,46.124776738635184,3.760201993401064,0.28924630718469724,169,28.9482190510225,2.113926503952248,0.16260973107324986,169,LRR_5,min,CL0022,28.430356529608947,"hand call, 2020 (human_domain_sizes_oriented_clans_20200123.csv)",55,122.0,neighbour pitch,19.247641383977207,16.0,28.430356529608947,10.0,7.0,4.0,
PF13330,41.42208957672119,0.008277327149028253,0.0033792046582009055,6,23.525846640268963,0.0064795232213864995,0.0026452542781519412,6,Mucin2_WxxW,,,93.42699906803603,,1,84.0,neighbour pitch,,,93.42699906803603,4.0,1.0,0.0,
PF13365,48.629849764765524,4.14970339646092,0.5928147709229885,49,34.845251569942555,3.751581406568358,0.5359402009383368,49,Trypsin_2,max,CL0124,48.629849764765524,"hand call, 2020 (human_domain_sizes_oriented_clans_20200123.csv)",29,128.0,"box max, no neighbour",,,40.247936026009924,1.0,1.0,0.0,
PF13371,33.54737997055054,1.3139590129847647,0.16687296152211006,62,24.23004630304152,0.6133247348753738,0.07789231922153063,62,TPR_9,min,CL0020,24.23004630304152,clan majority: 16 of 18 called CL0020 members are min,27,66.0,"box min, no neighbour",,,,,,,
PF13374,32.816136956214905,1.458248524686503,0.23056933662948126,40,15.941945540905,2.2469273914564405,0.3552704147011556,40,TPR_10,min,CL0020,15.941945540905,"stacking: 24 pairs, 0% along the longest axis",12,34.0,"box min, no neighbour",11.20179439944155,3.0,,,,,
PF13385,43.31942111313945,1.5750079394381415,0.11193094031799523,198,30.770015639488143,2.7987229863419443,0.19889658185633863,198,Laminin_G_3,max,CL0004,43.31942111313945,"hand call, 2020 (human_domain_sizes_oriented_clans_20200123.csv)",34,157.0,"box max, no neighbour",,,,,,,
PF13405,27.386569840567454,2.9698797520925644,1.1225090354004403,7,15.0646253994533,1.4372209456223788,0.5432184573099856,7,EF-hand_6,min,CL0220,15.0646253994533,"stacking: 4 pairs, 0% along the longest axis",3,28.0,"box min, no neighbour",,,,,,,
PF13414,30.079619704066097,1.340165663283273,0.07789554694111243,296,18.798331091532837,1.3821574864373967,0.08033627208521989,296,TPR_11,min,CL0020,18.475944495478434,"stacking: 372 pairs, 1% along the longest axis",57,41.0,neighbour pitch,11.506345898504119,5.0,18.475944495478434,63.0,27.0,50.0,
PF13415,49.02237597755764,2.5838215816189525,0.38096370834913856,46,36.58469990025396,3.504708660576128,0.5167411006683538,46,Beta-prop_FBX42,min,CL0186,,"hand call, 2020 (human_domain_sizes_oriented_clans_20200123.csv)",27,173.0,composite: spans 2 domains,,,31.36285934903256,6.0,4.0,0.0,2.0
PF13416,72.94034298983487,12.413593332901259,2.1609292293787297,33,41.69561351429332,3.580160426017344,0.6232259349064518,33,SBP_bac_8,min,CL0177,41.69561351429332,clan majority: 4 of 4 called CL0177 members are min,13,298.0,"box min, no neighbour",,,,,,,
PF13418,53.91534662246704,0.7523342066148552,0.3761671033074276,4,39.09467363357544,2.2497034709714008,1.1248517354857004,4,Beta-prop_TYW4,min,CL0186,39.09467363357544,"hand call, 2020 (human_domain_sizes_oriented_clans_20200123.csv)",2,226.5,"box min, no neighbour",,,,,,,
PF13419,58.56337928771973,7.514608629621649,3.3606351440281093,5,30.881117820739746,4.059505993002633,1.8154662710843343,5,HAD_2,min,CL0137,30.881117820739746,clan majority: 2 of 2 called CL0137 members are min,4,158.0,"box min, no neighbour",,,,,,,
PF13424,35.02990352014267,2.1607243291425084,0.14278468271532152,229,21.784725539028383,2.327176353977501,0.1537841421247591,229,TPR_12,max,CL0020,25.55327429624633,"stacking: 182 pairs, 70% along the longest axis",74,69.0,neighbour pitch,17.672279509375155,3.0,25.55327429624633,43.0,21.0,4.0,
PF13428,30.680677540534365,1.9853480062204685,0.18676583004553626,113,18.785252436072426,2.053417974669121,0.1931693140285223,113,TPR_14,min,CL0020,18.725356497358987,"stacking: 58 pairs, 2% along the longest axis",51,44.0,neighbour pitch,,,18.725356497358987,12.0,8.0,8.0,
PF13431,29.661971251952824,1.271618138382239,0.08925009665551226,203,17.714955196004784,1.1205624894136874,0.07864806852782615,203,TPR_17,min,CL0020,17.714955196004784,"stacking: 248 pairs, 7% along the longest axis",37,34.0,"box min, no neighbour",12.479514805278438,48.0,,,,,
PF13432,35.046104459064765,3.6170826251066748,0.2526280087676257,205,22.96305954165575,1.9485996464238886,0.1360961027388332,205,TPR_16,min,CL0020,,"stacking: 178 pairs, 1% along the longest axis",64,64.0,composite: spans 2 domains,,,23.507865408728385,70.0,32.0,6.0,2.0
PF13445,31.07656701181976,3.771259438658695,0.3164770618222813,142,20.23477663792355,2.2488673393121896,0.18872075484330644,142,zf-RING_UBOX,min,CL0229,33.81195812520093,"hand call, 2020 (human_domain_sizes_oriented_clans_20200123.csv)",90,39.0,neighbour pitch,,,33.81195812520093,4.0,3.0,0.0,
PF13458,73.25813102722168,3.165236269681004,0.791309067420251,16,45.87491226196289,2.479182215218283,0.6197955538045707,16,Peripla_BP_6,min,CL0144,45.87491226196289,"hand call, 2020 (human_domain_sizes_oriented_clans_20200123.csv)",8,362.0,"box min, no neighbour",,,,,,,
PF13460,53.2657273610433,1.0310357508042853,0.26621228614729714,15,38.07218049367269,1.4293270952020225,0.3690506690666971,15,NAD_binding_10,min,CL0063,38.07218049367269,clan majority: 6 of 6 called CL0063 members are min,10,152.0,"box min, no neighbour",,,,,,,
PF13472,50.40973682403565,0.5920559038863739,0.1872245158430677,10,30.87528238296509,0.2377581292205557,0.075185722055759,10,Lipase_GDSL_2,max,CL0264,50.40973682403565,"hand call, 2020 (human_domain_sizes_oriented_clans_20200123.csv)",1,161.0,"box max, no neighbour",,,,,,,
PF13489,57.53113463829304,1.9589569020872881,0.36376916440736884,29,37.905883328668004,0.6747548136291383,0.12529882330345643,29,Methyltransf_23,min,CL0063,37.905883328668004,clan majority: 6 of 6 called CL0063 members are min,15,193.0,"box min, no neighbour",,,,,,,
PF13499,47.401344299316406,7.846158930900437,2.965569325464425,7,24.97031089237758,2.044655923567421,0.772807298636355,7,EF-hand_7,min,CL0220,24.97031089237758,clan majority: 2 of 2 called CL0220 members are min,3,66.0,"box min, no neighbour",,,,,,,
PF13516,30.880387863310258,1.0353995595273704,0.1030261068456775,101,11.983995022159991,0.9482460426309026,0.0943540077887195,101,LRR_6,min,CL0022,15.278427746675858,"hand call, 2020 (human_domain_sizes_oriented_clans_20200123.csv)",14,24.0,neighbour pitch,,,15.278427746675858,18.0,4.0,0.0,
PF13517,41.93520478407542,2.3726875664827674,0.34246795130292595,48,23.152502516905468,2.390519057215539,0.34504170529658046,48,FG-GAP_3,min,CL0186,23.152502516905468,"hand call, 2020 (human_domain_sizes_oriented_clans_20200123.csv)",28,73.0,"box min, no neighbour",,,,,,,
PF13519,43.636371877919075,2.9462567562034376,0.27473985914702154,115,24.584897381326428,1.709334173014738,0.15939623352257237,115,VWA_2,max,CL0128,43.636371877919075,"hand call, 2020 (human_domain_sizes_oriented_clans_20200123.csv)",70,113.0,"box max, no neighbour",,,,,,,
PF13553,47.36697998046875,2.5693788418062153,1.149061150045675,5,31.640954971313477,0.8911595195086698,0.3985386528834871,5,FIIND,min,CL0661,31.640954971313477,clan majority: 2 of 2 called CL0661 members are min,4,122.0,"box min, no neighbour",,,31.06364099607023,2.0,2.0,0.0,
PF13561,55.419355945732754,3.6733999768907926,0.32094644615480483,131,41.23418154243294,2.17691976090239,0.19019836261259948,131,adh_short_C2,min,CL0063,41.23418154243294,"hand call, 2020 (human_domain_sizes_oriented_clans_20200123.csv)",39,233.0,"box min, no neighbour",,,,,,,
PF13574,56.64388749765795,3.520965748353131,0.37967550099923797,86,37.19837652250778,1.3221014732363299,0.14256586831542495,86,Reprolysin_2,min,CL0126,36.77844711980616,"hand call, 2020 (human_domain_sizes_oriented_clans_20200123.csv)",46,217.0,neighbour pitch,,,36.77844711980616,10.0,7.0,0.0,
PF13576,31.701127370198567,1.361251383819116,0.7859188528827172,3,15.721493085225424,2.4312292801323143,1.403670879346092,3,Pentapeptide_3,min,CL0505,15.721493085225424,clan majority: 2 of 2 called CL0505 members are min,3,45.0,"box min, no neighbour",,,,,,,
PF13578,42.11477430243241,1.0924680125726636,0.2506293508344717,19,31.024507271616084,1.8975428808758432,0.4353261925669915,19,Methyltransf_24,min,CL0063,31.024507271616084,"hand call, 2020 (human_domain_sizes_oriented_clans_20200123.csv)",16,109.0,"box min, no neighbour",,,,,,,
PF13582,49.423418795476195,7.492301305770136,0.678321088293235,122,34.883783019956994,2.307338119584241,0.20889657802890108,122,Reprolysin_3,min,CL0126,34.883783019956994,clan majority: 10 of 10 called CL0126 members are min,60,134.0,"box min, no neighbour",,,,,,,
PF13583,53.79502151951645,3.2827004843014276,0.5714448055118266,33,36.720640644882664,1.4462879776861317,0.25176642099250846,33,Reprolysin_4,min,CL0126,36.720640644882664,"hand call, 2020 (human_domain_sizes_oriented_clans_20200123.csv)",19,200.0,"box min, no neighbour",,,,,,,
PF13599,34.02497599675105,6.112271623643067,1.6952391345083546,13,24.74818655160757,1.2935746041692076,0.3587730433823163,13,Pentapeptide_4,min,CL0505,24.74818655160757,"hand call, 2020 (human_domain_sizes_oriented_clans_20200123.csv)",12,76.0,"box min, no neighbour",,,,,,,
PF13602,58.20780321756999,1.1719301371820068,0.21396419065156963,30,40.17384624481201,0.8855356954982556,0.16167595863347353,30,ADH_zinc_N_2,min,CL0063,52.02778870990487,clan majority: 6 of 6 called CL0063 members are min,15,140.0,neighbour pitch,,,52.02778870990487,30.0,15.0,0.0,
PF13620,39.054609298706055,1.6224808472092103,0.6132401183829936,7,24.76712553841727,1.2955305298599527,0.4896645139858819,7,CarboxypepD_reg,max,CL0287,27.73165896388771,"hand call, 2020 (human_domain_sizes_oriented_clans_20200123.csv)",6,78.0,neighbour pitch,,,27.73165896388771,5.0,5.0,0.0,
PF13639,32.92665182901714,4.162996136897216,0.32214231276809274,167,20.63318606622205,2.2282213850718073,0.17242494749979576,167,zf-RING_2,min,CL0229,20.63318606622205,"hand call, 2020 (human_domain_sizes_oriented_clans_20200123.csv)",110,43.0,"box min, no neighbour",,,27.86753288915893,1.0,1.0,0.0,
PF13649,41.291555658976236,0.8389858482060779,0.21662521452038958,15,27.284609285990395,1.81341183236239,0.46822092177033414,15,Methyltransf_25,min,CL0063,27.284609285990395,clan majority: 6 of 6 called CL0063 members are min,8,99.0,"box min, no neighbour",,,,,,,
PF13650,39.44814213462498,3.6284167103902436,0.7565771843219204,23,25.36187109739884,1.4708925734885518,0.3067023031018682,23,Asp_protease_2,min,CL0129,25.36187109739884,clan majority: 5 of 5 called CL0129 members are min,9,89.0,"box min, no neighbour",,,,,,,
PF13688,56.25020021007907,3.834772182672854,0.3976473513727708,93,37.42311369988226,1.4461110369428385,0.1499547290526249,93,Reprolysin_5,min,CL0126,37.42311369988226,"hand call, 2020 (human_domain_sizes_oriented_clans_20200123.csv)",46,225.0,"box min, no neighbour",,,43.05058235463998,1.0,1.0,0.0,
PF13715,40.63715807596842,2.3925124786275416,1.38131772357515,3,25.09898630777995,1.214339065336839,0.7010989862597027,3,CarbopepD_reg_2,max,CL0287,40.63715807596842,clan majority: 5 of 6 called CL0287 members are max,2,79.0,"box max, no neighbour",,,,,,,
PF13765,35.38743881225586,2.3082761166429555,0.4616552233285911,25,21.807215690612793,0.945602511434612,0.1891205022869224,25,PRY,max,CL0004,22.248095455705084,clan majority: 6 of 6 called CL0004 members are max,7,49.0,neighbour pitch,,,22.248095455705084,25.0,7.0,0.0,
PF13768,43.830250091552735,1.1245819413907618,0.22491638827815236,25,33.471182899475096,0.795006244511491,0.15900124890229822,25,VWA_3,max,CL0128,43.830250091552735,"hand call, 2020 (human_domain_sizes_oriented_clans_20200123.csv)",24,161.0,"box max, no neighbour",,,,,,,
PF13802,52.12492141723633,1.0357484852551422,0.20714969705102843,25,39.953762741088866,1.3270586181928983,0.2654117236385797,25,Gal_mutarotas_2,min,CL0103,32.355416278225924,clan majority: 1 of 1 called CL0103 members are min,17,167.0,neighbour pitch,,,32.355416278225924,25.0,17.0,0.0,
PF13812,39.82495880126953,5.18986308002347,2.594931540011735,4,22.278233766555786,2.8049306651263652,1.4024653325631826,4,PPR_3,min,CL0020,27.139295033602252,clan majority: 16 of 18 called CL0020 members are min,2,59.0,neighbour pitch,,,27.139295033602252,4.0,2.0,0.0,
PF13833,33.87459325790405,2.0517801451931814,1.0258900725965907,4,19.33473038673401,0.6112421033612623,0.30562105168063114,4,EF-hand_8,min,CL0220,19.33473038673401,clan majority: 2 of 2 called CL0220 members are min,2,47.5,"box min, no neighbour",,,,,,,
PF13844,79.82128882408142,0.41100644314985535,0.059323670147809905,48,43.026834646860756,1.1772714427904025,0.16992449610107452,48,Glyco_transf_41,min,CL0113,42.41379410729016,clan majority: 3 of 3 called CL0113 members are min,19,522.0,neighbour pitch,,,42.41379410729016,48.0,19.0,0.0,
PF13847,52.56023063659668,2.203076578681737,0.4406153157363474,25,33.80360820770264,0.7409763661609233,0.14819527323218468,25,Methyltransf_31,min,CL0063,33.80360820770264,clan majority: 6 of 6 called CL0063 members are min,13,136.0,"box min, no neighbour",,,,,,,
PF13855,34.407379655594866,1.9714026183356788,0.07419471629268352,706,19.61957225448349,1.6591927902068417,0.062444544406758666,706,LRR_8,min,CL0022,19.31287162913484,"hand call, 2020 (human_domain_sizes_oriented_clans_20200123.csv)",118,60.0,neighbour pitch,10.66813649858568,77.0,19.31287162913484,256.0,58.0,110.0,
PF13859,63.93269811357771,2.4246914245414684,0.5291110471367422,21,48.1679490407308,1.0491488915792082,0.22894305766384473,21,BNR_3,min,CL0186,48.1679490407308,clan majority: 24 of 29 called CL0186 members are min,15,280.0,"box min, no neighbour",,,,,,,
PF13895,44.41496250745592,3.9154924342726103,0.18860263413561082,431,26.17481300947008,2.533009505383377,0.12201077464081347,431,Ig_2,max,CL0159,29.4776708586422,"hand call, 2020 (human_domain_sizes_oriented_clans_20200123.csv)",181,91.0,neighbour pitch,,,29.4776708586422,71.0,40.0,9.0,
PF13899,35.84550108228411,1.6466291274016664,0.3593239341827248,21,22.163164683750697,1.4687575081305648,0.3205091646925253,21,Thioredoxin_7,max,CL0172,35.84550108228411,clan majority: 3 of 3 called CL0172 members are max,11,69.0,"box max, no neighbour",,,,,,,
PF13903,70.72210384059596,3.515366320770885,0.5779226631420934,37,30.609927074329274,2.7587830839113843,0.4535411451901821,37,Claudin_2,max,CL0375,70.72210384059596,clan majority: 1 of 1 called CL0375 members are max,19,161.0,"box max, no neighbour",,,,,,,
PF13905,39.71015453338623,0.39258015172721683,0.19629007586360842,4,27.170945405960083,0.5465557566084841,0.27327787830424205,4,Thioredoxin_8,max,CL0172,39.71015453338623,clan majority: 3 of 3 called CL0172 members are max,1,97.0,"box max, no neighbour",,,33.80688283651187,1.0,1.0,0.0,
PF13920,33.3145623606414,2.370776938356135,0.1663959206858541,203,20.511548497993957,1.8736153279950751,0.131502016266887,203,zf-C3HC4_3,min,CL0229,20.511548497993957,"hand call, 2020 (human_domain_sizes_oriented_clans_20200123.csv)",98,49.0,"box min, no neighbour",,,,,,,
PF13923,31.097009883207434,3.263451684144827,0.2638344313299797,153,19.610701299181173,2.456670754846175,0.19861005901169898,153,zf-C3HC4_2,min,CL0229,24.418197596792364,"hand call, 2020 (human_domain_sizes_oriented_clans_20200123.csv)",102,40.0,neighbour pitch,,,24.418197596792364,13.0,7.0,3.0,
PF13927,43.88303206843189,4.195624393337479,0.17346771935454097,585,25.56407506404779,2.8447511059689483,0.11761598280040525,585,Ig_3,max,CL0159,41.255223347851356,"hand call, 2020 (human_domain_sizes_oriented_clans_20200123.csv)",223,81.0,neighbour pitch,37.14785783658667,12.0,41.255223347851356,104.0,44.0,20.0,
PF13948,30.349453926086422,,,1,17.615742683410645,,,1,DUF4215,,,,,1,40.0,too few whole instances,,,,,,,
PF13975,40.05413978978207,3.7504093878570126,0.8604029220302608,19,26.165873427140085,1.431395283343323,0.3283845993870691,19,gag-asp_proteas,min,CL0129,26.165873427140085,"hand call, 2020 (human_domain_sizes_oriented_clans_20200123.csv)",9,94.0,"box min, no neighbour",,,,,,,
PF14447,31.18388524120801,3.1374505172934226,0.2596572523310582,146,20.821112613155417,1.866756431466875,0.15449386152683284,146,Prok-RING_4,min,CL0229,20.821112613155417,"hand call, 2020 (human_domain_sizes_oriented_clans_20200123.csv)",68,45.0,"box min, no neighbour",,,,,,,
PF14484,53.44449043273926,0.014815189116161974,0.004684974157320872,10,25.943736267089843,0.004686380686537167,0.0014819636952081035,10,FISNA,,,26.538232026001324,,1,71.0,neighbour pitch,,,26.538232026001324,10.0,1.0,0.0,
PF14541,55.91343801671808,2.203225006736144,0.46972914972874047,22,31.35557187687267,0.4684412114359494,0.09987200184863439,22,TAXi_C,min,CL0129,31.35557187687267,"hand call, 2020 (human_domain_sizes_oriented_clans_20200123.csv)",11,159.0,"box min, no neighbour",,,,,,,
PF14543,48.30016253544734,5.626597834816938,1.5605374615267025,13,33.97840881347656,1.8618051675589486,0.5163718458890473,13,TAXi_N,min,CL0129,33.97840881347656,"hand call, 2020 (human_domain_sizes_oriented_clans_20200123.csv)",12,156.0,"box min, no neighbour",,,,,,,
PF14559,35.89855767144097,4.554063776712258,0.30360425178081724,225,23.234101651509604,2.8578306106782443,0.19052204071188295,225,TPR_19,min,CL0020,24.49317308648212,clan majority: 16 of 18 called CL0020 members are min,73,64.0,neighbour pitch,18.682926893578294,1.0,24.49317308648212,10.0,9.0,4.0,
PF14561,39.43236478169759,1.0557882574074389,0.6095596346214308,3,21.81632073720296,0.15858991444316858,0.0915619297945231,3,TPR_20,min,CL0020,21.81632073720296,clan majority: 16 of 18 called CL0020 members are min,3,91.0,"box min, no neighbour",,,,,,,
PF14569,52.145748138427734,0.6398741284419693,0.4524593353271484,2,22.20346975326538,0.39607450311894454,0.28006696701049805,2,zf-UDP,min,CL0229,,clan majority: 8 of 8 called CL0229 members are min,1,63.5,too few whole instances,,,,,,,
PF14570,32.80420763596244,2.521696318126074,0.5258100302039411,23,21.961933675019637,1.4797789091712303,0.30855523217985636,23,zf-RING_4,min,CL0229,21.961933675019637,clan majority: 8 of 8 called CL0229 members are min,16,46.0,"box min, no neighbour",,,,,,,
PF14580,52.231024617734164,2.495361829652436,0.5203189097703678,23,29.42027295154074,1.1407736421734804,0.23786774756955836,23,LRR_9,min,CL0022,29.42027295154074,"hand call, 2020 (human_domain_sizes_oriented_clans_20200123.csv)",19,162.0,"box min, no neighbour",,,,,,,
PF14586,53.55285517374674,6.095928895460093,2.031976298486698,9,32.86901071336534,2.7548161121400225,0.9182720373800075,9,MHC_I_2,max,CL0343,53.55285517374674,"hand call, 2020 (human_domain_sizes_oriented_clans_20200123.csv)",3,174.0,"box max, no neighbour",,,,,,,
PF14604,26.427557945251465,,,1,22.65286636352539,,,1,SH3_9,,CL0010,,,1,51.0,too few whole instances,,,,,,,
PF14634,31.751465997030568,3.8825463856047784,0.34183914840570023,129,21.088121399398922,1.9076450512724044,0.16795878143403795,129,zf-RING_5,min,CL0229,23.442369289733687,"hand call, 2020 (human_domain_sizes_oriented_clans_20200123.csv)",83,44.0,neighbour pitch,,,23.442369289733687,7.0,4.0,4.0,
PF14670,30.918038409525956,2.6030714895456497,0.16333123173050512,254,19.966793683570202,2.022100633710408,0.12687787811951448,254,FXa_inhibition,max,CL0001,30.57875098321525,"hand call, 2020 (human_domain_sizes_oriented_clans_20200123.csv)",78,37.0,neighbour pitch,,,30.57875098321525,111.0,48.0,28.0,
PF14707,73.43435683617226,1.1507547432325222,0.3191619409390966,13,32.31691250434289,1.8732057315875892,0.5195337934409299,13,Sulfatase_C,min,CL0088,36.0306780929652,clan majority: 4 of 4 called CL0088 members are min,11,132.0,neighbour pitch,,,36.0306780929652,13.0,11.0,0.0,
PF14835,39.378013491630554,2.34875548385122,0.587188870962805,16,23.470343589782715,1.5113717658039831,0.3778429414509958,16,zf-RING_6,min,CL0229,23.470343589782715,clan majority: 8 of 8 called CL0229 members are min,11,54.0,"box min, no neighbour",,,,,,,
PF14843,74.61809000154821,2.9033367472581726,0.4534250218487379,41,23.737774011565417,1.4694816024088377,0.22949446987428512,41,GF_recep_IV,min,CL0547,52.9228039491104,"hand call, 2020 (human_domain_sizes_oriented_clans_20200123.csv)",20,124.0,neighbour pitch,,,52.9228039491104,26.0,18.0,0.0,
PF15005,69.58236873851104,1.5738310274652478,0.381710091947858,17,29.389894148882696,1.5179807912541847,0.36816441999998095,17,IZUMO,max,CL1015,55.43874182367057,"hand call, 2020 (human_domain_sizes_oriented_clans_20200123.csv)",10,144.0,neighbour pitch,,,55.43874182367057,15.0,10.0,0.0,
PF15020,67.09959665934245,1.3777756654019055,0.5624745600430393,6,41.62371699015299,0.2983788285002309,0.12181264664582944,6,Beta-prop_CATSPERD,min,CL0186,39.43933266534548,clan majority: 24 of 29 called CL0186 members are min,3,328.0,neighbour pitch,,,39.43933266534548,6.0,3.0,0.0,
PF15028,43.55877876281738,0.6702603203443861,0.473945617675783,2,24.19284677505493,0.07094359846226536,0.05016469955444336,2,PTCRA,max,CL0159,,"hand call, 2020 (human_domain_sizes_oriented_clans_20200123.csv)",1,103.5,too few whole instances,,,,,,,
PF15064,89.28336588541667,0.45039385837118034,0.18387252271545762,6,54.371734619140625,0.6025647623275732,0.2459960341139957,6,CATSPERG_beta-prop,min,CL0186,48.740228647207054,clan majority: 24 of 29 called CL0186 members are min,3,438.0,neighbour pitch,,,48.740228647207054,6.0,3.0,0.0,
PF15096,44.067519187927246,0.05267344539497493,0.037245750427246094,2,30.52120304107666,2.994541004544359,2.117460250854492,2,G6B,max,CL0159,,clan majority: 76 of 83 called CL0159 members are max,1,98.5,too few whole instances,,,,,,,
PF15149,101.45145734151204,0.24433216056622922,0.09974818685650517,6,47.66203816731771,0.5928717225168972,0.24203886718188908,6,CATSPERB_C,,CL0941,75.57959880772285,,3,256.0,neighbour pitch,,,75.57959880772285,6.0,3.0,0.0,
PF15188,108.45550618852887,1.1238075596151413,0.3003502040533136,14,14.66996591431754,0.7682693222533757,0.20532861318865378,14,CCDC-167,,,,,4,72.0,,,,,,,,
PF15227,30.906280386447907,3.1330316066841744,0.3502835824100599,80,21.25864713191986,1.3036477268475957,0.14575224679721507,80,zf-C3HC4_4,min,CL0229,21.25864713191986,clan majority: 8 of 8 called CL0229 members are min,59,41.0,"box min, no neighbour",,,,,,,
PF15494,47.48679100383412,5.317022933192753,0.8015713668688758,44,28.463460683822632,1.9051530767790896,0.2872126329030633,44,SRCR_2,min,CL0550,27.98160544681894,"hand call, 2020 (human_domain_sizes_oriented_clans_20200123.csv)",35,90.0,neighbour pitch,,,27.98160544681894,21.0,19.0,1.0,
PF15636,46.81819679623558,1.8107927469452196,0.3951473728930231,21,26.14347489674886,0.6917084992630853,0.15094316936749497,21,Tox-GHH,max,,37.20378913204705,"hand call, 2020 (human_domain_sizes_oriented_clans_20200123.csv)",13,78.0,neighbour pitch,,,37.20378913204705,20.0,12.0,0.0,
PF15711,41.5849421289232,1.1737573838492887,0.19562623064154813,36,26.3194186952379,0.9624211516291163,0.16040352527151938,36,ILEI,max,,41.5849421289232,"hand call, 2020 (human_domain_sizes_oriented_clans_20200123.csv)",17,90.0,"box max, no neighbour",,,49.47288222779916,1.0,1.0,0.0,
PF15898,140.96525891621908,2.3379926405998055,0.47724074932098176,24,15.633019208908081,0.7517072592698174,0.1534416017630894,24,PRKG1_interact,,,,,4,93.0,,,,,,,,
PF15899,22.487652233668737,0.6534719511849065,0.09335313588355808,49,11.585029475542964,1.5950765877753912,0.22786808396791303,49,BNR_6,max,CL0186,22.487652233668737,"hand call, 2020 (human_domain_sizes_oriented_clans_20200123.csv)",16,14.0,"box max, no neighbour",15.493922215758733,16.0,,,,,
PF15901,82.56813513714334,4.200527280536966,0.8758704846319233,23,35.522384436234184,3.6886875669848167,0.7691445266694559,23,Sortilin_C,min,,39.021663374299536,"hand call, 2020 (human_domain_sizes_oriented_clans_20200123.csv)",20,163.0,neighbour pitch,,,39.021663374299536,23.0,20.0,3.0,
PF15902,75.17151824951172,1.6704550957875868,0.3340910191575174,25,39.91235168457031,1.8683667262002954,0.3736733452400591,25,Sortilin-Vps10,min,CL0186,,"hand call, 2020 (human_domain_sizes_oriented_clans_20200123.csv)",22,431.0,composite: spans 3 domains,,,37.978616588101815,23.0,20.0,0.0,3.0
PF15910,47.06560843331473,2.4709524208346143,0.9339322295716292,7,27.781561851501465,2.571228962002735,0.9718331996094259,7,V-set_2,max,CL0159,47.06560843331473,"hand call, 2020 (human_domain_sizes_oriented_clans_20200123.csv)",6,113.0,"box max, no neighbour",,,,,,,
PF15913,57.14082269107594,2.2027297443217573,0.3777650346025016,34,24.840057653539322,1.1910267146261782,0.20425939642532018,34,Furin-like_2,min,CL0547,24.840057653539322,"hand call, 2020 (human_domain_sizes_oriented_clans_20200123.csv)",19,102.0,"box min, no neighbour",,,,,,,
PF16184,48.604997634887695,2.296479686663164,1.3258731652834852,3,26.51521905263265,3.5431238637221325,2.04562351649216,3,Cadherin_3,max,CL0159,48.604997634887695,"hand call, 2020 (human_domain_sizes_oriented_clans_20200123.csv)",3,106.0,"box max, no neighbour",,,,,,,
PF16188,39.463592529296875,,,1,19.349337577819824,,,1,Peptidase_M24_C,min,,,"hand call, 2020 (human_domain_sizes_oriented_clans_20200123.csv)",1,65.0,too few whole instances,,,18.10926543615305,1.0,1.0,0.0,
PF16189,51.18084335327149,,,1,38.088796615600586,,,1,Creatinase_N_2,max,CL0356,,"hand call, 2020 (human_domain_sizes_oriented_clans_20200123.csv)",1,170.0,too few whole instances,,,17.6458217434043,1.0,1.0,1.0,
PF16197,67.02709448337555,0.4222265098526012,0.1055566274631503,16,30.689924776554108,0.7306610774004273,0.18266526935010682,16,KAsynt_C_assoc,,CL0046,35.39280766824022,,8,111.0,neighbour pitch,,,35.39280766824022,16.0,8.0,16.0,
PF16207,42.98703479766846,2.0299608116787002,1.435399055480957,2,26.144508838653564,2.799271620820294,1.9793839454650877,2,RAWUL,,CL0072,,,1,70.5,too few whole instances,,,,,,,
PF16209,78.04766290838069,1.481248016822073,0.44661308120516907,11,20.33426926352761,1.43467424365099,0.4325705602342961,11,PhoLip_ATPase_N,,,56.004450469076716,,8,64.0,neighbour pitch,,,56.004450469076716,11.0,8.0,0.0,
PF16212,77.11343733469646,6.11431539125875,1.7650508185267557,12,37.586055199305214,2.9498992382302247,0.8515625596372461,12,PhoLip_ATPase_C,min,CL0137,37.586055199305214,clan majority: 2 of 2 called CL0137 members are min,9,252.0,"box min, no neighbour",,,,,,,
PF16331,115.45803499221802,0.8993455068800891,0.3179666532722819,8,14.420312285423279,1.4325430141346385,0.5064804398180095,8,TolA_bind_tri,,,,,2,77.0,,,,,,,,
PF16360,69.23460133870442,0.7857472228352667,0.4536513706189421,3,20.265310287475586,1.49887178175067,0.8653740266744834,3,GTP-bdg_M,,,14.47372187794143,,3,79.0,neighbour pitch,,,14.47372187794143,3.0,3.0,3.0,
PF16363,61.762394880637146,1.0135602723380155,0.16229953517966775,39,41.79575993464543,1.6646320381325155,0.2665544550309591,39,GDP_Man_Dehyd,min,CL0063,41.79575993464543,clan majority: 6 of 6 called CL0063 members are min,7,271.0,"box min, no neighbour",,,,,,,
PF16414,94.15186564127605,23.85956305401186,6.887662575990299,12,40.036661307017006,1.6046266656280128,0.46321581867459244,12,NPC1_N,max,CL0644,94.15186564127605,"hand call, 2020 (human_domain_sizes_oriented_clans_20200123.csv)",12,245.0,"box max, no neighbour",,,,,,,
PF16422,62.5861496925354,6.43610791324998,3.21805395662499,4,45.95858812332153,3.1790775986484006,1.5895387993242003,4,COE1_DBD,,CL0073,55.31204220338533,,1,211.5,neighbour pitch,,,55.31204220338533,4.0,1.0,0.0,
PF16423,35.628434816996254,3.154550761761469,1.0515169205871564,9,20.832272211710613,1.7570909637692675,0.5856969879230892,9,COE1_HLH,,CL0827,29.831040443875082,,3,44.0,neighbour pitch,,,29.831040443875082,9.0,3.0,0.0,
PF16451,75.67732969919841,1.7172737516371865,0.7010740733643459,6,42.7056245803833,0.024755380568430893,0.010106341796844246,6,bCoV_S1_N,max,CL0004,62.942600886923,clan majority: 6 of 6 called CL0004 members are max,2,290.0,neighbour pitch,,,62.942600886923,6.0,2.0,0.0,
PF16472,52.89098294576009,2.4402113677518162,0.6300598659019204,15,39.86118125915527,1.9872155520424832,0.513096849225661,15,LRP1-like_beta_prop,min,CL0186,,"hand call, 2020 (human_domain_sizes_oriented_clans_20200123.csv)",8,226.0,composite: spans 3 domains,,,35.1688667019251,4.0,3.0,0.0,3.0
PF16489,46.50901826222738,8.910412893838764,3.6376608312368384,6,29.052191575368244,2.2922067387089853,0.9357894824676901,6,GAIN,min,CL0661,19.738641483387312,"hand call, 2020 (human_domain_sizes_oriented_clans_20200123.csv)",5,113.5,neighbour pitch,,,19.738641483387312,6.0,5.0,6.0,
PF16497,54.42354922140798,3.0778636559324903,0.5528006315209886,31,33.41013425396335,1.586933476921143,0.28502166641882193,31,MHC_I_3,max,CL0343,37.961135902533684,"hand call, 2020 (human_domain_sizes_oriented_clans_20200123.csv)",20,174.0,neighbour pitch,,,37.961135902533684,24.0,16.0,0.0,
PF16556,55.406336908755094,1.3483869365532768,0.2811581119976206,23,29.895514322363812,1.7797791606241022,0.37110960882852706,23,IL17R_fnIII_D1,max,CL0159,50.930992078346094,"hand call, 2020 (human_domain_sizes_oriented_clans_20200123.csv)",10,154.0,neighbour pitch,,,50.930992078346094,21.0,10.0,0.0,
PF16578,43.35506048656645,3.161378771947478,0.6898694058512311,21,24.80759434472947,0.9338316246963494,0.2037787669768864,21,IL17R_fnIII_D2,max,CL0159,42.179443710989744,"hand call, 2020 (human_domain_sizes_oriented_clans_20200123.csv)",10,97.0,neighbour pitch,,,42.179443710989744,21.0,10.0,0.0,
PF16656,46.165911523919355,4.137751484852892,0.5480585727181586,57,26.528871084514417,2.422844097841058,0.3209135403714546,57,Pur_ac_phosph_N,max,CL0159,46.165911523919355,"hand call, 2020 (human_domain_sizes_oriented_clans_20200123.csv)",34,94.0,"box max, no neighbour",,,,,,,
PF16680,46.1703015240756,5.784966550413664,0.4661658892442018,154,24.366771369785457,2.405671326220827,0.19385451985661345,154,Ig_4,max,CL0159,46.1703015240756,"hand call, 2020 (human_domain_sizes_oriented_clans_20200123.csv)",59,70.0,"box max, no neighbour",,,,,,,
PF16681,49.46118969530673,7.292226668075417,0.5994173397163591,148,25.398975372314453,2.234921122582311,0.1837093846299421,148,Ig_5,max,CL0159,31.875685420236447,"hand call, 2020 (human_domain_sizes_oriented_clans_20200123.csv)",55,75.0,neighbour pitch,,,31.875685420236447,29.0,18.0,0.0,
PF16685,38.991231782095774,6.02286005725188,2.2764271275475307,7,24.20537567138672,1.1643166791872641,0.4400703400648677,7,zf-RING_10,min,CL0229,24.20537567138672,clan majority: 8 of 8 called CL0229 members are min,5,65.0,"box min, no neighbour",,,,,,,
PF16698,35.31546847025553,1.4331059726718187,0.4777019908906062,9,22.462318314446343,1.7116333841414766,0.5705444613804922,9,ADAM17_MPD,min,CL0750,34.3981116458817,"hand call, 2020 (human_domain_sizes_oriented_clans_20200123.csv)",9,62.0,neighbour pitch,,,34.3981116458817,7.0,7.0,0.0,
PF16706,47.46058184305827,2.1774570711527472,0.5622169982437445,15,23.158880615234374,0.9870123201298315,0.25484548522429207,15,Izumo-Ig,max,CL0159,43.94040187083034,"hand call, 2020 (human_domain_sizes_oriented_clans_20200123.csv)",10,87.0,neighbour pitch,,,43.94040187083034,15.0,10.0,0.0,
PF16716,130.30671164568733,3.4043652019310913,0.5838438154395735,34,17.14794013079475,2.950407504047583,0.5059907125380014,34,BST2,max,,130.30671164568733,"hand call, 2020 (human_domain_sizes_oriented_clans_20200123.csv)",6,87.0,"box max, no neighbour",,,,,,,
PF16888,152.09261322021484,,,1,17.876126289367676,,,1,YwqH-like,,,,,1,100.0,too few whole instances,,,,,,,
PF16891,45.95907701764788,1.5260622744347496,0.5767973233359928,7,22.40132931300572,0.40940483314876547,0.15474048200850374,7,STPPase_N,,,24.65677045751114,,6,48.0,neighbour pitch,,,24.65677045751114,7.0,6.0,0.0,
PF16920,26.45462918281555,0.6568857459264567,0.3284428729632283,4,18.07871389389038,0.44141818698087254,0.22070909349043627,4,LRRCT_2,max,,16.265095572439986,"hand call, 2020 (human_domain_sizes_oriented_clans_20200123.csv)",2,42.0,neighbour pitch,,,16.265095572439986,4.0,2.0,4.0,
PF16975,46.768882751464844,1.6143895175219074,0.9320682225181833,3,29.7773494720459,2.499377692678006,1.4430163836741925,3,UPAR_LY6_2,max,CL0117,46.768882751464844,"hand call, 2020 (human_domain_sizes_oriented_clans_20200123.csv)",3,96.0,"box max, no neighbour",,,,,,,
PF17048,76.53952693939209,1.2270127713279557,0.867629051208496,2,31.289318084716797,0.7786323433330513,0.5505762100219727,2,Ceramidse_alk_C,max,CL0159,,clan majority: 76 of 83 called CL0159 members are max,1,158.0,too few whole instances,,,47.97003973123418,2.0,1.0,0.0,
PF17064,48.099615732828774,0.9260114213318523,0.5346329433786129,3,20.29532464345296,0.8131269997475928,0.4694590921896255,3,QVR,max,CL0117,48.099615732828774,clan majority: 6 of 6 called CL0117 members are max,2,84.0,"box max, no neighbour",,,,,,,
PF17101,52.25374794006348,0.48500429095488545,0.19800217264997003,6,13.900357405344645,0.8513077962851315,0.34754495249196354,6,Stealth_CR1,,,33.81360390493926,,3,29.0,neighbour pitch,,,33.81360390493926,6.0,3.0,0.0,
PF17102,33.873526414235435,0.839075653004396,0.34255120090889424,6,24.454443613688152,0.18874466862198958,0.07705468829909558,6,Stealth_CR3,,,21.169074059966164,,3,49.0,neighbour pitch,,,21.169074059966164,4.0,2.0,0.0,
PF17103,39.564398765563965,3.83936199926253,1.5674129726708472,6,22.519982020060223,0.46673192547162795,0.19054251067869926,6,Stealth_CR4,,,,,3,57.0,,,,,,,,
PF17120,36.96816611289978,6.974780163272841,3.4873900816364203,4,23.616215229034424,0.4489913485002842,0.2244956742501421,4,zf-RING_16,min,CL0229,23.616215229034424,clan majority: 8 of 8 called CL0229 members are min,4,48.0,"box min, no neighbour",,,,,,,
PF17123,26.81835177138045,2.662998924886291,0.4377943264465615,37,16.93737626720119,1.512402054941193,0.24863736623087346,37,zf-RING_11,min,CL0229,16.93737626720119,clan majority: 8 of 8 called CL0229 members are min,27,28.0,"box min, no neighbour",,,,,,,
PF17137,45.79167861938477,0.21381607971559652,0.06761458122694122,10,23.96209602355957,0.2555332999669667,0.0808067245914644,10,DUF5110,,,27.32530773252429,,10,67.0,neighbour pitch,,,27.32530773252429,10.0,10.0,0.0,
PF17205,28.579441753786,1.3469169755517523,0.1645520984972327,67,20.054177412346228,1.5177576684347858,0.1854236110201991,67,PSI_integrin,min,CL0630,20.054177412346228,"hand call, 2020 (human_domain_sizes_oriented_clans_20200123.csv)",45,48.0,"box min, no neighbour",,,,,,,
PF17557,37.06847063700358,0.36024017249747275,0.20798476056433313,3,15.777385711669922,1.2574394686141974,0.7259830156940669,3,Conotoxin_I2,,CL0083,,,2,33.0,,,,,,,,
PF17756,51.1839963127585,0.6224177949533656,0.15095848893275066,17,28.472347932703354,0.3916824713938889,0.09499695301529246,17,RET_CLD1,max,CL0159,30.251320798852625,"hand call, 2020 (human_domain_sizes_oriented_clans_20200123.csv)",8,119.0,neighbour pitch,,,30.251320798852625,17.0,8.0,0.0,
PF17771,36.89911880493164,3.636930727341077,0.7273861454682155,25,23.85937381744385,1.6275405941704268,0.32550811883408537,25,ADAMTS_CR_2,,CL0750,24.654612403843554,,11,66.0,neighbour pitch,,,24.654612403843554,25.0,11.0,1.0,
PF17776,48.63485515478885,3.1139913548794804,0.5420763157237276,33,31.361487475308504,1.613190718609695,0.28082045890506346,33,NLRC4_HD2,,,33.11993190234181,,5,112.0,neighbour pitch,,,33.11993190234181,33.0,5.0,0.0,
PF17779,34.94128173940322,3.2217325616955055,0.5525225760383298,34,22.6680965423584,1.875754831632034,0.3216892996991187,34,WHD_NOD2,,CL0123,26.143931567951604,,6,57.0,neighbour pitch,,,26.143931567951604,33.0,5.0,0.0,
PF17789,44.6799667554024,2.6558574236022947,0.4252775460109707,39,23.657597615168644,0.8840594204458506,0.14156280284998937,39,MG4,max,CL0159,25.877005878833643,clan majority: 76 of 83 called CL0159 members are max,23,92.0,neighbour pitch,,,25.877005878833643,39.0,23.0,1.0,
PF17790,52.56407963602167,2.616460405939379,0.42444592538385795,38,26.163656159451133,0.6094516846831156,0.0988661183998324,38,MG1,max,CL0159,40.58457687781609,clan majority: 76 of 83 called CL0159 members are max,22,99.0,neighbour pitch,,,40.58457687781609,38.0,22.0,0.0,
PF17791,47.084279916225334,1.161643202488249,0.1860117813946723,39,31.24397940513415,1.5725045236698865,0.25180224622540687,39,MG3,max,CL0159,36.75418421835128,"hand call, 2020 (human_domain_sizes_oriented_clans_20200123.csv)",23,84.0,neighbour pitch,,,36.75418421835128,39.0,23.0,1.0,
PF17812,58.45944404602051,2.582170850047215,0.6455427125118037,16,27.481970131397247,0.7270938365210484,0.1817734591302621,16,RET_CLD3,max,CL0159,42.32962231079854,"hand call, 2020 (human_domain_sizes_oriented_clans_20200123.csv)",7,115.0,neighbour pitch,,,42.32962231079854,16.0,7.0,16.0,
PF17813,46.61790585517883,0.6566192247396515,0.16415480618491288,16,25.566446721553802,1.1357682701011775,0.2839420675252944,16,RET_CLD4,max,CL0159,24.76594389673516,"hand call, 2020 (human_domain_sizes_oriented_clans_20200123.csv)",7,103.0,neighbour pitch,,,24.76594389673516,16.0,7.0,12.0,
PF17820,31.121030139923096,1.4254091614852709,0.4507539547964214,10,22.15695447921753,0.7777268480445367,0.24593882372844061,10,PDZ_6,,CL0466,,,10,52.0,,,,,,,,
PF17835,69.55464532640245,0.29688393872104574,0.0699762154316743,18,29.78596125708686,0.40661775236070674,0.09584072334836269,18,NOG1_N,max,CL0669,69.55464532640245,"hand call, 2020 (human_domain_sizes_oriented_clans_20200123.csv)",18,160.0,"box max, no neighbour",,,,,,,
PF17870,45.09597969055176,,,1,20.269646644592285,,,1,Insulin_TMD,,,,,1,40.0,too few whole instances,,,,,,,
PF17900,63.09366964786611,1.3954823901337312,0.20355202697231828,47,34.90406760763615,1.2520939253523466,0.18263666977608548,47,Peptidase_M1_N,max,CL0672,32.40707711163074,"hand call, 2020 (human_domain_sizes_oriented_clans_20200123.csv)",38,185.0,neighbour pitch,,,32.40707711163074,47.0,38.0,0.0,
PF17960,43.78693382828324,1.98841357661944,0.3826703712405134,27,24.77989634761104,2.1886233927339163,0.4212007683165462,27,TIG_plexin,max,CL0159,23.629676785770897,"hand call, 2020 (human_domain_sizes_oriented_clans_20200123.csv)",15,91.0,neighbour pitch,,,23.629676785770897,27.0,15.0,26.0,
PF17963,49.30244091578892,3.00180188021063,1.1345744657319181,7,25.466101373944962,1.2600584359467875,0.4762573227034586,7,Big_9,max,CL0159,49.30244091578892,"hand call, 2020 (human_domain_sizes_oriented_clans_20200123.csv)",7,91.0,"box max, no neighbour",,,,,,,
PF17968,47.623491287231445,,,1,11.877613067626951,,,1,Tlr3_TMD,,,,,1,29.0,too few whole instances,,,,,,,
PF17971,51.649261474609375,1.4152516428007555,0.5003670168549078,8,23.76211154460907,1.626680383883018,0.5751183651334091,8,LIFR_D2,min,CL0159,36.92188405373004,"hand call, 2020 (human_domain_sizes_oriented_clans_20200123.csv)",7,113.5,neighbour pitch,,,36.92188405373004,8.0,7.0,4.0,
PF18001,56.46435101826986,1.331818725415335,0.768925899630328,3,24.117664972941082,0.4397375325914372,0.25388258281444814,3,Il13Ra_Ig,max,CL0159,40.75202940704553,"hand call, 2020 (human_domain_sizes_oriented_clans_20200123.csv)",3,94.0,neighbour pitch,,,40.75202940704553,3.0,3.0,0.0,
PF18020,48.22306191921234,1.2553911771203046,0.31384779428007614,16,26.853137612342834,1.5227760791330145,0.3806940197832536,16,TIG_2,max,CL0159,25.879099383511782,"hand call, 2020 (human_domain_sizes_oriented_clans_20200123.csv)",10,95.0,neighbour pitch,,,25.879099383511782,16.0,10.0,15.0,
PF18026,32.230990052223206,2.110596787758982,0.5276491969397455,16,21.469373762607574,1.6448429996057798,0.41121074990144496,16,Exog_C,,,27.406796340882615,,6,48.5,neighbour pitch,,,27.406796340882615,16.0,6.0,0.0,
PF18048,27.286792278289795,0.016375230758240638,0.011579036712646484,2,14.792133569717407,0.4048973557988204,0.2863056659698482,2,TRAF6_Z2,,CL0361,,,1,27.0,too few whole instances,,,,,,,
PF18139,61.90186948900099,2.858530721307824,0.3257598088278243,77,43.98751310868697,1.5537234624017384,0.1770632214341667,77,LSDAT_euk,min,CL0349,43.98751310868697,"hand call, 2020 (human_domain_sizes_oriented_clans_20200123.csv)",20,269.0,"box min, no neighbour",,,,,,,
PF18171,62.49628037291688,2.4874645910398634,0.28347289871784037,77,39.63809427038416,1.035470883964019,0.11800285884371048,77,LSDAT_prok,min,CL0349,39.63809427038416,clan majority: 1 of 1 called CL0349 members are min,20,226.0,"box min, no neighbour",,,,,,,
PF18207,42.812296458653044,3.2707906834099774,1.2362426769785422,7,24.592197145734513,1.9265798007585524,0.7281787191039282,7,LIFR_N,max,CL0159,33.98294612001284,"hand call, 2020 (human_domain_sizes_oriented_clans_20200123.csv)",6,79.0,neighbour pitch,,,33.98294612001284,4.0,3.0,0.0,
PF18212,40.35319055829729,1.7164140094043039,0.2648484315729496,42,33.80906917935326,2.1482299973966277,0.33147908508735563,42,ZNRF_3_ecto,min,CL0364,33.80906917935326,"hand call, 2020 (human_domain_sizes_oriented_clans_20200123.csv)",20,108.0,"box min, no neighbour",,,,,,,
PF18266,70.2547622680664,0.647820138132043,0.14485698660565516,20,36.35050973892212,0.7081802199732589,0.1583539112180961,20,Ncstrn_small,min,CL0364,36.35050973892212,"hand call, 2020 (human_domain_sizes_oriented_clans_20200123.csv)",20,175.0,"box min, no neighbour",,,,,,,
PF18278,38.38616874001243,0.8305110275593387,0.25040849660607634,11,17.27703519300981,1.2751743605793011,0.3844795360293551,11,RANK_CRD_2,min,CL0607,33.934557975609465,"hand call, 2020 (human_domain_sizes_oriented_clans_20200123.csv)",6,41.0,neighbour pitch,,,33.934557975609465,7.0,5.0,6.0,
PF18372,27.554104117096447,2.4817593756104173,0.3177567271973699,61,15.88512131425201,1.6461334499401397,0.2107657908835095,61,I-EGF_1,max,CL0001,22.681790745171604,"hand call, 2020 (human_domain_sizes_oriented_clans_20200123.csv)",41,30.0,neighbour pitch,,,22.681790745171604,27.0,19.0,0.0,
PF18386,37.00100135803223,,,1,19.491307258605957,,,1,ROQ_II,,CL0123,,,1,56.0,too few whole instances,,,21.66990454055167,1.0,1.0,0.0,
PF18411,43.159020614624026,0.3040723257188934,0.13598527807678065,5,26.68401050567627,0.2714054854153156,0.1213762229709947,5,Annexin_2,max,,7.020941779973762,"hand call, 2020 (human_domain_sizes_oriented_clans_20200123.csv)",2,93.0,neighbour pitch,,,7.020941779973762,5.0,2.0,5.0,
PF18424,41.94041061401367,1.1921734788033054,0.533156187915319,5,33.834899711608884,1.1116975441278412,0.497166255817885,5,a_DG1_N2,,CL0960,33.35345061820949,,5,123.0,neighbour pitch,,,33.35345061820949,5.0,5.0,0.0,
PF18432,52.02896372477213,1.768902977559777,0.4567287848763819,15,25.64546998341878,1.0144424391763711,0.26192791150774103,15,ECD,max,CL0159,49.806372029208816,"hand call, 2020 (human_domain_sizes_oriented_clans_20200123.csv)",11,110.0,neighbour pitch,,,49.806372029208816,15.0,11.0,0.0,
PF18434,31.326780954996746,2.9343843306475303,1.6941675832051715,3,19.455957412719727,2.3622256190021025,1.3638315970174943,3,Kazal_3,min,CL0005,19.455957412719727,clan majority: 2 of 2 called CL0005 members are min,3,51.0,"box min, no neighbour",,,,,,,
PF18442,39.47993469238281,,,1,13.607285976409912,,,1,G2BR,,,,,1,26.0,too few whole instances,,,31.317165314246715,1.0,1.0,0.0,
PF18447,38.88549391428629,2.344840424967358,0.5526841884315883,18,24.579427189297146,1.2713510692177017,0.29966032077086824,18,FN3_7,max,CL0159,29.900093748974484,"hand call, 2020 (human_domain_sizes_oriented_clans_20200123.csv)",11,91.0,neighbour pitch,,,29.900093748974484,17.0,10.0,0.0,
PF18452,56.85698254903158,0.9358799742647963,0.5403305550709602,3,28.725404421488445,1.432001927811433,0.826766698501994,3,Ig_6,max,CL0159,33.47622389744465,"hand call, 2020 (human_domain_sizes_oriented_clans_20200123.csv)",3,104.0,neighbour pitch,,,33.47622389744465,3.0,3.0,0.0,
PF18459,56.624870936075844,2.1750832597492713,0.6278924527630453,12,18.284324645996094,0.5002461195146638,0.14440861588142842,12,PCSK9_C1,,CL0726,22.055780670692528,,11,83.0,neighbour pitch,,,22.055780670692528,12.0,11.0,11.0,
PF18463,47.17869599660238,5.428800755184154,1.5671597886912076,12,20.337404410044353,0.8003957526263983,0.2310543516185421,12,PCSK9_C3,,CL0726,20.90930212298973,,11,69.5,neighbour pitch,,,20.90930212298973,12.0,11.0,0.0,
PF18464,40.996884451972115,1.2078051328461907,0.40260171094873026,9,17.646488030751545,1.594861050793003,0.5316203502643343,9,PCSK9_C2,,CL0726,7.759772870387378,,8,54.0,neighbour pitch,,,7.759772870387378,9.0,8.0,9.0,
PF18487,28.859338760375977,0.13190277709969397,0.09326934814453125,2,19.990227699279785,0.5557193474328694,0.39295291900634494,2,TSR,,,,,1,50.0,too few whole instances,,,25.348739501165493,2.0,1.0,0.0,
PF18511,32.561384201049805,1.0897543098942855,0.7705726623535155,2,17.584131240844727,1.636491320972517,1.1571741104125977,2,F-box_5,,CL0271,,,1,35.0,too few whole instances,,,,,,,
PF18574,32.104631423950195,0.5813058361079413,0.29065291805397064,4,14.57542622089386,0.2343669855965998,0.1171834927982999,4,zf_C2HC_14,,CL0361,19.612287324340574,,3,33.0,neighbour pitch,,,19.612287324340574,4.0,3.0,0.0,
PF18577,61.63467102050781,0.27881128550586015,0.12468819745704102,5,20.70365982055664,0.08090542431388982,0.03618200570286438,5,ASTN_2_hairpin,min,,47.41125258634627,"hand call, 2020 (human_domain_sizes_oriented_clans_20200123.csv)",2,47.0,neighbour pitch,,,47.41125258634627,5.0,2.0,0.0,
PF18587,45.355037689208984,,,1,32.62841987609863,,,1,PLL,max,,,"hand call, 2020 (human_domain_sizes_oriented_clans_20200123.csv)",1,134.0,too few whole instances,,,40.02011696347326,1.0,1.0,0.0,
PF18589,46.728568381451545,6.439187575865559,0.9392520410069781,47,24.088906328728857,1.446869322154676,0.2110475813746563,47,ObR_Ig,max,CL0159,38.87395015463913,"hand call, 2020 (human_domain_sizes_oriented_clans_20200123.csv)",17,103.0,neighbour pitch,,,38.87395015463913,42.0,14.0,0.0,
PF18611,39.27414049421038,1.9260530996149592,0.7279796447837567,7,23.27524389539446,1.9101963169987424,0.7219863442985964,7,IL3Ra_N,max,CL0159,33.60065292678044,"hand call, 2020 (human_domain_sizes_oriented_clans_20200123.csv)",4,71.0,neighbour pitch,,,33.60065292678044,7.0,4.0,0.0,
PF18619,37.456172943115234,1.737196115403916,1.002970644863623,3,18.53534746170044,2.846086016690691,1.6431885278732004,3,GAIN_A,max,,20.855216780144985,"hand call, 2020 (human_domain_sizes_oriented_clans_20200123.csv)",2,48.0,neighbour pitch,,,20.855216780144985,3.0,2.0,1.0,
PF18635,36.45963617960612,1.9489869844151892,0.5032262755076695,15,19.81680202484131,0.6372828150010216,0.16454571528820924,15,EpCAM_N,max,,27.517349925097445,"hand call, 2020 (human_domain_sizes_oriented_clans_20200123.csv)",6,39.0,neighbour pitch,,,27.517349925097445,14.0,6.0,0.0,
PF18707,40.258445653048426,1.891927763912982,0.40336035455931596,22,24.332853707400236,1.1451356530896954,0.24414374156307286,22,IL2RB_N1,max,CL0159,32.302300115592715,"hand call, 2020 (human_domain_sizes_oriented_clans_20200123.csv)",9,86.0,neighbour pitch,,,32.302300115592715,16.0,5.0,0.0,
PF18720,24.628687858581543,0.15380565133383162,0.10875701904296609,2,15.391062259674072,0.40823504902609764,0.28866577148437633,2,EGF_Tenascin,max,CL0001,,clan majority: 20 of 22 called CL0001 members are max,1,30.0,too few whole instances,,,,,,,
PF18779,28.958492398262024,1.0509309585653108,0.3715602036802049,8,12.695744216442108,0.7223579650525034,0.2553921077663701,8,LRR_RI_capping,min,CL0022,12.695744216442108,clan majority: 9 of 9 called CL0022 members are min,4,30.0,"box min, no neighbour",,,,,,,
PF18811,37.830190079552786,1.4070000939209477,0.1880182962361051,56,12.588526802403587,0.65465712486043,0.0874822381085078,56,DPPIV_rep,min,CL0186,12.588526802403587,"hand call, 2020 (human_domain_sizes_oriented_clans_20200123.csv)",21,20.0,"box min, no neighbour",,,,,,,
PF18831,28.106640577316284,0.6186315363852415,0.30931576819262074,4,12.355235576629639,0.181594002392798,0.090797001196399,4,LRR_11,min,CL0022,12.355235576629639,"hand call, 2020 (human_domain_sizes_oriented_clans_20200123.csv)",2,29.0,"box min, no neighbour",,,15.020357096241327,2.0,1.0,0.0,
PF18837,33.94946074485779,0.8705334495188293,0.30778005270224057,8,12.361238420009613,0.6612703852485582,0.23379438680354808,8,LRR_12,min,CL0022,12.361238420009613,"hand call, 2020 (human_domain_sizes_oriented_clans_20200123.csv)",6,30.0,"box min, no neighbour",,,14.229476621403162,2.0,1.0,0.0,
PF18896,43.18394223381491,0.9430441924398515,0.22872181265028324,17,27.473735697129193,0.6802642296182232,0.16498831012031528,17,SLT_3,min,CL0037,27.473735697129193,clan majority: 1 of 1 called CL0037 members are min,14,99.0,"box min, no neighbour",,,,,,,
PF18911,44.956728299458824,1.5848539770868517,0.6470139267805616,6,24.075458526611328,2.0135828413002783,0.8220417526682067,6,PKD_4,max,CL0159,44.956728299458824,clan majority: 76 of 83 called CL0159 members are max,5,84.0,"box max, no neighbour",,,,,,,
PF19018,46.16178302764892,0.39459463280750606,0.12478177921495211,10,32.082975673675534,0.7557964999103871,0.23900383873000694,10,Vanin_C,,,33.04399690187164,,7,153.0,neighbour pitch,,,33.04399690187164,10.0,7.0,0.0,
PF19028,55.07304085818204,1.0497080260237905,0.10008573324445229,110,16.366182747754184,1.7559049619303775,0.16741896914713209,110,TSP1_spondin,max,CL0692,37.49374067362115,"stacking: 10 pairs, 100% along the longest axis",18,52.0,neighbour pitch,,,37.49374067362115,66.0,7.0,0.0,
PF19030,56.416167894999184,0.631602750063648,0.25785074296575883,6,15.210467100143433,1.5500637007134608,0.6328108559263594,6,TSP1_ADAMTS,max,CL0692,56.416167894999184,"stacking: 4 pairs, 100% along the longest axis",4,52.0,"box max, no neighbour",,,,,,,
PF19209,40.885433197021484,0.975420875585622,0.3982139049405946,6,25.252950350443523,0.41412770803122423,0.1690669288374651,6,CoV_S1_C,,,34.206832836381764,,2,59.0,neighbour pitch,,,34.206832836381764,6.0,2.0,0.0,
PF19236,58.44371843338013,4.509309525278851,2.2546547626394253,4,24.821134567260742,0.15464418595280177,0.07732209297640089,4,ADAMTS_CR_3,,CL0750,21.76184105989553,,4,108.0,neighbour pitch,,,21.76184105989553,4.0,4.0,4.0,
PF19275,57.77516873677572,1.5408477646751675,0.8896088717154411,3,25.494999567667644,0.2343389734650363,0.13529566941165927,3,HflX_C,,,,,3,88.0,,,,37.33891651077347,2.0,2.0,0.0,
PF19743,51.3186897277832,2.675349421832963,1.196452634156653,5,30.742918395996092,0.2699947728297518,0.12074533312338766,5,ASTN1_2_fn3,max,CL0159,45.31258561308836,clan majority: 76 of 83 called CL0159 members are max,2,119.0,neighbour pitch,,,45.31258561308836,5.0,2.0,0.0,
PF20207,37.00217496431791,1.589992820216895,0.44098466468550857,13,26.738272960369404,1.0730450728939482,0.2976091562463942,13,PedC-like,max,CL0172,37.00217496431791,clan majority: 3 of 3 called CL0172 members are max,3,104.0,"box max, no neighbour",,,,,,,
PF20308,52.80114831729811,1.8008088700088203,0.25725841000126004,49,31.6018705368042,0.8884871292207426,0.12692673274582036,49,TPR-S,min,CL0020,,clan majority: 16 of 18 called CL0020 members are min,20,132.0,composite: spans 3 domains,,,,,,,3.0
PF20519,67.31091668334189,5.101414258735775,0.5739539460115122,79,37.481731173358384,1.537794097363269,0.17301535330588702,79,Polycystin_dom,,CL0030,37.03048691813736,,20,188.0,neighbour pitch,,,37.03048691813736,72.0,19.0,0.0,
PF20805,60.86086226954605,1.8348253558257128,0.3194020970302193,33,28.046275514544863,2.0420645728222793,0.3554778141470758,33,Integrin_A_Ig_2,max,CL0159,36.95263086758271,clan majority: 76 of 83 called CL0159 members are max,22,143.0,neighbour pitch,,,36.95263086758271,32.0,21.0,27.0,
PF20806,66.26188278198242,,,1,40.731788635253906,,,1,Integrin_A_Ig_3,max,CL0159,,clan majority: 76 of 83 called CL0159 members are max,1,193.0,too few whole instances,,,59.972364149377356,1.0,1.0,0.0,
PF20825,56.21256446838379,2.8587167762893735,1.2784570080404196,5,30.121255111694335,1.7817955457055308,0.7968431924407801,5,Saposin,,CL0707,,,3,117.0,,,,,,,,
PF20989,43.349042892456055,,,1,30.698158264160156,,,1,Sarcoglycan_2_C,max,CL0159,,clan majority: 76 of 83 called CL0159 members are max,1,121.0,too few whole instances,,,34.38287055238898,1.0,1.0,0.0,
PF21089,44.26955636342367,3.236421787739611,0.5908870729153939,30,28.235493659973145,4.129769015578393,0.7539892157060633,30,PKS_DH_N,,CL0050,69.57307925406917,,15,96.0,neighbour pitch,,,69.57307925406917,16.0,8.0,0.0,
PF21114,52.08886241912842,0.5484795303830658,0.38783359527587885,2,32.2651252746582,0.6126047802806328,0.4331769943237304,2,DDR1-2_DS-like,max,CL0202,,clan majority: 4 of 6 called CL0202 members are max,2,173.0,too few whole instances,,,36.200801958135706,1.0,1.0,0.0,
PF21146,47.45486016706987,2.386734414861381,0.7196275025748768,11,24.673828991976652,1.0295204058550391,0.31041208183959773,11,ICAM1_3_5_D2,max,CL0159,47.45486016706987,clan majority: 76 of 83 called CL0159 members are max,8,90.0,"box max, no neighbour",,,42.033272436528534,1.0,1.0,0.0,
PF21149,47.33261516359117,2.2048681328410416,0.3674780221401736,36,34.345352278815376,1.3785070525850762,0.22975117543084603,36,FAS_pseudo-KR,min,CL0063,32.86801234884619,clan majority: 6 of 6 called CL0063 members are min,18,99.0,neighbour pitch,,,32.86801234884619,6.0,3.0,0.0,
PF21177,38.92835252935236,2.815939855248586,0.8490378120061142,11,24.53383662483909,0.8862759953256433,0.26722226701763047,11,LIF-R_Ig-like,max,CL0159,24.590244000416096,clan majority: 76 of 83 called CL0159 members are max,10,77.0,neighbour pitch,,,24.590244000416096,11.0,10.0,8.0,
PF21195,29.191969177939676,2.1515494494251013,0.6487165674217094,11,15.297707947817715,1.2501173676347725,0.3769245683955747,11,EGF_C8A_B_C6,max,CL0001,21.994907993048244,clan majority: 20 of 22 called CL0001 members are max,6,29.0,neighbour pitch,,,21.994907993048244,11.0,6.0,0.0,
PF21202,45.08450126647949,0.9577139654810519,0.6772060394287108,2,25.98751735687256,0.03126554374974545,0.022108078002929684,2,SLX1_C,min,CL0229,,clan majority: 8 of 8 called CL0229 members are min,2,59.5,too few whole instances,,,,,,,
PF21206,41.13274765014648,,,1,24.352978706359863,,,1,Roquin_1_2-like_ROQ,,CL0123,,,1,84.0,too few whole instances,,,23.257606348489503,1.0,1.0,0.0,
PF21222,43.52512216567993,0.2034411762239781,0.10172058811198904,4,12.991405129432678,0.15429196624205874,0.07714598312102937,4,Lamp2_2nd,,,,,2,27.0,,,,,,,,
PF21235,34.08183987935384,0.7322366552608082,0.4227570300253388,3,21.496650060017902,0.423119110736044,0.2442879324827301,3,UBA_ARI1,,CL0214,28.48795991030685,,2,41.0,neighbour pitch,,,28.48795991030685,3.0,2.0,0.0,
PF21283,46.75978546142578,1.830424052404364,0.47261345809730626,15,27.831949106852214,1.1600943668191992,0.2995350775146531,15,EPCAM-Trop-2_C,,,30.220068673616545,,6,112.0,neighbour pitch,,,30.220068673616545,14.0,6.0,0.0,
PF21286,22.533782800038654,0.46216192108610843,0.18867681420089855,6,17.161534468332928,0.17680833805712146,0.07218170175157661,6,CFAI_FIMAC_N,max,CL0001,20.31178332367805,clan majority: 20 of 22 called CL0001 members are max,2,21.0,neighbour pitch,,,20.31178332367805,6.0,2.0,0.0,
PF21287,34.230992674827576,6.102938191399555,2.1577144901504943,8,17.133449614048004,0.7377622723096844,0.260838352826887,8,Kazal_CFAI,min,CL0005,14.496044421725832,clan majority: 2 of 2 called CL0005 members are min,4,46.0,neighbour pitch,,,14.496044421725832,6.0,2.0,6.0,
PF21288,33.477447191874184,1.7154350952175883,0.990406914001206,3,18.779715538024902,0.5155052173767565,0.2976270760211269,3,Kazal_C6,min,CL0005,33.30051790312492,clan majority: 2 of 2 called CL0005 members are min,3,54.0,neighbour pitch,,,33.30051790312492,3.0,3.0,0.0,
PF21299,37.841508547465004,1.9239489941412242,0.7854488877978236,6,18.94301160176595,1.241998720282302,0.5070438543135554,6,ADAM10_Cys-rich,,CL0750,33.76258720696563,,3,56.0,neighbour pitch,,,33.76258720696563,6.0,3.0,0.0,
PF21308,52.40834753853934,1.8978811475966728,0.41415161994721,21,20.29166012718564,1.0795851228372684,0.23558478783571338,21,C3_CUB2,max,CL0164,47.84796704145329,clan majority: 1 of 1 called CL0164 members are max,13,62.0,neighbour pitch,,,47.84796704145329,21.0,13.0,20.0,
PF21309,44.912635803222656,0.485459154626468,0.17163573011273212,8,20.8006671667099,1.3754527492296853,0.48629598309099514,8,C5_CUB,max,CL0164,21.251963999049032,clan majority: 1 of 1 called CL0164 members are max,5,58.0,neighbour pitch,,,21.251963999049032,8.0,5.0,6.0,
PF21330,41.188368797302246,1.357444433571539,0.5541743694052677,6,18.33774216969808,0.49603453375410067,0.20250525041615097,6,Kazal_C7,min,CL0005,18.33774216969808,clan majority: 2 of 2 called CL0005 members are min,2,50.0,"box min, no neighbour",,,,,,,
PF21333,33.27419941241924,0.964436854080316,0.267486656102597,13,19.535284482515774,0.52668150253644,0.1460751664025809,13,FST_N,,,31.80151867776508,,6,63.0,neighbour pitch,,,31.80151867776508,13.0,6.0,0.0,
PF21339,42.45607544126965,1.634784023182818,0.25225265124161494,42,25.356255803789413,1.393516926395575,0.21502432997171506,42,VEGFR-1-like_Ig-like,max,CL0159,40.58837390990838,clan majority: 76 of 83 called CL0159 members are max,20,82.0,neighbour pitch,,,40.58837390990838,22.0,11.0,4.0,
PF21341,27.73060417175293,,,1,12.225464344024658,,,1,TRAF2_zf,,CL0361,,,1,19.0,too few whole instances,,,20.646475813795607,1.0,1.0,0.0,
PF21355,48.01031666710263,1.5424896923688967,0.33659884637950555,21,32.58846541813442,0.8395789992193499,0.18321115789609244,21,TRAF-mep_MATH,,CL0389,,,9,138.0,,,,,,,,
PF21363,27.49616394042969,1.609014210681668,0.4154456827854115,15,21.50940558115641,1.542834087335841,0.39835804841418876,15,TRAF3_RING,min,CL0229,21.50940558115641,clan majority: 8 of 8 called CL0229 members are min,11,38.0,"box min, no neighbour",,,,,,,
PF21365,38.8389231136867,0.5871315627758774,0.11095743585583426,28,28.725606782095774,1.4170691260798907,0.267800892728216,28,Glyco_hydro_31_3rd,min,CL0369,29.52862730281475,clan majority: 1 of 1 called CL0369 members are min,20,88.0,neighbour pitch,,,29.52862730281475,28.0,20.0,10.0,
PF21402,41.26695315043131,2.16523039519218,1.2500963515217651,3,18.349992434183758,2.5204491857712084,1.4551820158837803,3,NLRX1_C,,,,,1,62.0,,,,,,,,
PF21406,50.72127814519973,1.6288204376395108,0.35543775947495987,21,18.512763772692,1.3887100541045678,0.30304137815620963,21,C3_CUB1,max,CL0164,50.433104248459415,clan majority: 1 of 1 called CL0164 members are max,13,42.0,neighbour pitch,,,50.433104248459415,21.0,13.0,0.0,
PF21460,44.990795428936295,1.2582854876270135,0.3489856034470313,13,24.044541505666878,1.1802616974520868,0.3273456975868973,13,IL3Rb_N,max,CL0159,46.297219059303195,clan majority: 76 of 83 called CL0159 members are max,7,89.0,neighbour pitch,,,46.297219059303195,6.0,2.0,0.0,
PF21471,43.83212995529175,2.777506995328574,1.388753497664287,4,31.515118837356567,2.9768031009028912,1.4884015504514456,4,Reelin_subrepeat-B,min,CL0202,31.770325621772372,"stacking: 4 pairs, 0% along the longest axis",1,140.5,neighbour pitch,,,31.770325621772372,4.0,1.0,0.0,
PF21516,54.569135665893555,,,1,30.190115928649902,,,1,YqeH-like_C,,,,,1,107.0,too few whole instances,,,33.61981983337952,1.0,1.0,0.0,
PF21520,64.28938095910209,3.1114728000983094,0.588013088585851,28,30.669806344168528,3.258446385548446,0.6157884854713197,28,ITGAX-like_Ig_3,max,CL0159,55.35447342221494,clan majority: 76 of 83 called CL0159 members are max,18,179.0,neighbour pitch,,,55.35447342221494,26.0,16.0,0.0,
PF21536,41.572574090957644,3.0873204938348744,0.6903458492542999,20,24.699430751800538,1.3189558348812265,0.2949274906114411,20,BTB_KLHL33,,CL0033,,,10,63.0,,,,,,,,
PF21541,49.14772033691406,0.12352323750250123,0.050428150542957864,6,29.12833897272746,1.222544310806558,0.4991016249030989,6,CATSPERB_1st,,,38.732967109167745,,3,120.0,neighbour pitch,,,38.732967109167745,6.0,3.0,0.0,
PF21548,62.21948655446371,1.036015869041907,0.42295170742979193,6,48.59041786193848,0.7341601796958458,0.29971963828747156,6,CATSPERB_2nd,min,CL0186,29.75426204451269,clan majority: 24 of 29 called CL0186 members are min,3,343.0,neighbour pitch,,,29.75426204451269,6.0,3.0,6.0,
PF21604,42.01185700832269,2.3843983479228323,0.38180930538878294,39,20.12238008548052,1.6812999264436101,0.26922345321404406,39,CRLF2_D1,max,CL0159,42.01185700832269,clan majority: 76 of 83 called CL0159 members are max,23,54.0,"box max, no neighbour",,,,,,,
PF21605,46.98350789811876,2.586325431990275,0.2726226378502727,90,26.21149690416124,1.9698214333816613,0.2076374104434561,90,CRLF2-like_D2,max,CL0159,39.08234506482442,clan majority: 76 of 83 called CL0159 members are max,50,96.0,neighbour pitch,,,39.08234506482442,42.0,22.0,6.0,
PF21700,28.68780662796714,0.6415504188079789,0.09671736469461055,44,15.178390004418112,2.5359454427195094,0.38230816010510565,44,EGF_DL_JAG,max,CL0001,25.694231862787575,"stacking: 42 pairs, 100% along the longest axis",12,26.0,neighbour pitch,,,25.694231862787575,42.0,10.0,31.0,
PF21795,28.205420152196343,2.782791589789997,0.38224582212522284,53,14.543133825626013,2.623759427858807,0.3604010746763754,53,JAG1-like_EGF2,max,CL0001,28.205420152196343,"stacking: 52 pairs, 100% along the longest axis",16,25.0,"box max, no neighbour",25.30612140627389,8.0,,,,,
PF22012,42.02446122169495,2.0031038757646007,0.3167185318663547,40,23.55381546020508,1.479635139999046,0.23395085742095476,40,TSLPR_D1,max,CL0159,34.304595829696865,clan majority: 76 of 83 called CL0159 members are max,24,86.5,neighbour pitch,,,34.304595829696865,35.0,19.0,0.0,
PF22073,51.55000114440918,,,1,25.628689765930176,,,1,Cep192_D4,max,CL0159,,clan majority: 76 of 83 called CL0159 members are max,1,118.0,too few whole instances,,,41.031892235248534,1.0,1.0,0.0,
PF22074,61.68057441711426,,,1,34.84072685241699,,,1,Cep192_D5,max,CL0159,,clan majority: 76 of 83 called CL0159 members are max,1,176.0,too few whole instances,,,47.008209434140284,1.0,1.0,0.0,
PF22191,31.08254222869873,4.292841713355788,1.9198171775420416,5,19.36781234741211,1.3112139298987417,0.5863926960596461,5,IBR_1,min,CL0229,35.9439250083454,clan majority: 8 of 8 called CL0229 members are min,3,47.0,neighbour pitch,,,35.9439250083454,3.0,2.0,0.0,
PF22195,68.42887496948242,0.20581688544500712,0.14553451538085935,2,25.493908405303955,0.7113234890863654,0.5029816627502441,2,TSP1_CFP_C,max,CL0692,,clan majority: 2 of 3 called CL0692 members are max,1,87.0,too few whole instances,,,38.27382397750782,2.0,1.0,0.0,
PF22314,66.89086797502306,1.2735249048090698,0.3001726987334819,18,36.35962528652615,0.7663629778825881,0.18063348617036476,18,NPC1_MLD,,CL0322,58.615028703838064,,16,216.0,neighbour pitch,,,58.615028703838064,8.0,8.0,0.0,
PF22325,46.2591609954834,,,1,23.55367851257324,,,1,CR4_N,max,CL0159,,clan majority: 76 of 83 called CL0159 members are max,1,85.0,too few whole instances,,,,,,,
PF22352,45.78184377230131,3.7214617631687723,1.0321477851372025,13,24.654401559096115,0.9919641085999856,0.27512134284439826,13,K319L-like_PKD,max,CL0159,45.78184377230131,clan majority: 76 of 83 called CL0159 members are max,13,81.0,"box max, no neighbour",,,13.00540656803931,1.0,1.0,1.0,
PF22422,69.25595664978027,0.09235960645383104,0.04617980322691552,4,55.0880126953125,1.10021756424146,0.55010878212073,4,MGH1-like_GH,min,CL0059,55.0880126953125,clan majority: 3 of 3 called CL0059 members are min,1,382.0,"box min, no neighbour",,,,,,,
PF22486,47.19230215890067,1.5026604403674613,0.32790739103807465,21,32.043118068150115,0.7788882189471533,0.16996734386831752,21,MATH_2,,CL0389,34.599674329762465,,9,157.0,neighbour pitch,,,34.599674329762465,20.0,9.0,0.0,
PF22540,36.41650787989298,1.0230967324756866,0.29534258695093213,12,30.369544823964436,0.35616878757587794,0.10281707269193789,12,RET_CRD,,,30.2100828746034,,5,103.0,neighbour pitch,,,30.2100828746034,12.0,5.0,0.0,
PF22544,50.905412673950195,,,1,26.504555702209473,,,1,HYDIN_VesB_CFA65-like_Ig,max,CL0159,,clan majority: 76 of 83 called CL0159 members are max,1,101.0,too few whole instances,,,,,,,
PF22572,71.45135223865509,3.5398559521771937,0.8849639880442984,16,24.43376523256302,2.5181995530981593,0.6295498882745398,16,GPR158_179_EC,min,CL0165,73.9661426985017,clan majority: 2 of 2 called CL0165 members are min,8,93.0,neighbour pitch,,,73.9661426985017,8.0,4.0,0.0,
PF22586,29.96200452532087,2.420490378022975,0.9148593701533589,7,17.283628259386337,1.6094520874361748,0.6083157100614145,7,ANCHR-like_BBOX,,CL0782,,,4,36.0,,,,,,,,
PF22605,39.95281855265299,11.293336608153169,6.520210930766288,3,20.283832550048828,1.77816213306356,1.0266223861870456,3,IBR_2,min,CL0229,20.283832550048828,clan majority: 8 of 8 called CL0229 members are min,2,49.0,"box min, no neighbour",,,,,,,
PF22633,45.275557613372804,1.96997956577201,0.31148111859145156,40,31.304724192619325,1.3923942977206902,0.2201568690913989,40,F5_F8_type_C_2,min,CL0202,31.304724192619325,"stacking: 8 pairs, 25% along the longest axis",32,96.0,"box min, no neighbour",,,,,,,
PF22705,44.26137673452999,2.7900512263414137,0.29574483850310435,89,21.37016284063961,1.6054996634915006,0.17018262396519152,89,C2-set_3,max,CL0159,41.08893669509267,clan majority: 76 of 83 called CL0159 members are max,42,85.0,neighbour pitch,,,41.08893669509267,57.0,20.0,0.0,
PF22830,50.31578286488851,0.2877101277569187,0.11745716780590168,6,33.88132095336914,0.9436915637182969,0.3852604676131644,6,CATSPERB_head,,,15.684743765518794,,3,180.0,neighbour pitch,,,15.684743765518794,6.0,3.0,6.0,
PF22831,50.486705462137856,0.2132787878138982,0.08707070051722893,6,27.9122052192688,0.6389612311192087,0.2608548302771022,6,CATSPERB_Ig-like,max,CL0159,47.818465149333335,clan majority: 76 of 83 called CL0159 members are max,3,105.0,neighbour pitch,,,47.818465149333335,6.0,3.0,6.0,
PF22840,60.679062843322754,0.5412757379416643,0.22097489468425038,6,35.262856006622314,0.5437257042325915,0.2219750892342155,6,CATSPERG_NTD,,,40.032996816446584,,3,160.0,neighbour pitch,,,40.032996816446584,6.0,3.0,0.0,
PF22841,39.120256423950195,0.5762693067444299,0.23526095932520902,6,25.576343536376953,0.219591422366139,0.08964782278150435,6,CATSPERE_NTD1,,,34.00249358726644,,3,76.0,neighbour pitch,,,34.00249358726644,6.0,3.0,0.0,
PF22843,40.080254872639976,0.5155430374161672,0.21046956368569766,6,29.25213686625163,1.0487328493736603,0.4281433929100928,6,CATSPERE_NTD2,,,33.46743315198226,,3,86.0,neighbour pitch,,,33.46743315198226,6.0,3.0,0.0,
PF22844,65.33976554870605,1.8301697774168821,0.7471636828890709,6,52.2683801651001,0.08895982029056329,0.03631769455359494,6,Beta-prop_CATSPERE,min,CL0186,44.000180514636654,clan majority: 24 of 29 called CL0186 members are min,3,355.0,neighbour pitch,,,44.000180514636654,6.0,3.0,0.0,
PF22846,92.93398412068684,0.38014753148822855,0.15519457985412685,6,32.695557594299316,0.382073162541098,0.15598071543952494,6,CATSPERG_C,,CL0941,73.75450396241445,,3,185.0,neighbour pitch,,,73.75450396241445,6.0,3.0,0.0,
PF22849,61.497166315714516,1.328964363928279,0.5425474296611151,6,24.788463910420734,0.12311160166695094,0.0502601009168008,6,CATSPERE_Ig-like,max,CL0159,33.18044978288748,clan majority: 76 of 83 called CL0159 members are max,3,111.0,neighbour pitch,,,33.18044978288748,6.0,3.0,6.0,
PF22850,103.10148811340332,3.0686976202056426,0.8858566985436459,12,37.46288045247396,2.70016864254114,0.7794715463142569,12,CATSPERD-E_C,,CL0941,77.14328006121829,,3,205.5,neighbour pitch,,,77.14328006121829,12.0,3.0,0.0,
PF22851,62.56745560963949,0.7361410445676745,0.3005283229850355,6,27.70398712158203,0.22611155734892904,0.09230965674182201,6,CATSPERG_Ig-like,max,CL0159,56.96208950889851,clan majority: 76 of 83 called CL0159 members are max,3,127.0,neighbour pitch,,,56.96208950889851,6.0,3.0,0.0,
PF22854,52.343323644002275,7.4077418117243425,1.35246243015187,30,26.364173316955565,1.6139690488651592,0.29466908505953515,30,VEGFR1-3_N_Ig-like,max,CL0159,34.017846782733045,clan majority: 76 of 83 called CL0159 members are max,14,101.0,neighbour pitch,,,34.017846782733045,5.0,4.0,0.0,
PF22931,27.054134368896484,,,1,25.113725662231445,,,1,SAM_TNK,min,CL0003,,clan majority: 2 of 2 called CL0003 members are min,1,55.0,too few whole instances,,,,,,,
PF22956,79.39703369140625,,,1,40.00273132324219,,,1,PIK3R4-like_middle,min,CL0020,,clan majority: 16 of 18 called CL0020 members are min,1,335.0,too few whole instances,,,,,,,
PF22971,50.12506268819173,1.5163109751935773,0.3915098103064168,15,32.341619237264,1.9699756626270035,0.5086455289192203,15,Ig_VEGFR-1-like_5th,max,CL0159,37.8355639577369,clan majority: 76 of 83 called CL0159 members are max,6,128.0,neighbour pitch,,,37.8355639577369,15.0,6.0,12.0,
PF22993,31.074697494506836,0.9909512969068944,0.4954756484534472,4,21.375349521636963,1.2983103880273072,0.6491551940136536,4,SAM_EPH,min,CL0003,21.375349521636963,clan majority: 2 of 2 called CL0003 members are min,3,48.0,"box min, no neighbour",,,,,,,
PF23031,54.808600425720215,2.8198910366597816,1.1512156950107264,6,30.39783175786336,0.229481220319707,0.0936853158890815,6,GBD_ELAPOR1,max,CL0202,35.43633107821405,clan majority: 4 of 6 called CL0202 members are max,2,156.5,neighbour pitch,,,35.43633107821405,6.0,2.0,0.0,
PF23032,49.11894162495931,1.7993696602749472,0.7345895877197892,6,33.28181600570679,1.7569569968669057,0.717274690389437,6,GBD_ELAPOR1-like_3rd,max,CL0202,49.11894162495931,clan majority: 4 of 6 called CL0202 members are max,2,132.0,"box max, no neighbour",,,,,,,
PF23087,60.6147206624349,1.237700714105691,0.5052892006395509,6,32.78117529551188,1.559085952421545,0.6364941747623195,6,MRH_ELAPOR1_9th,max,CL0226,47.69936780824517,clan majority: 1 of 1 called CL0226 members are max,2,186.5,neighbour pitch,,,47.69936780824517,6.0,2.0,0.0,
PF23089,38.323858896891274,1.0820976873331531,0.4417645309686596,6,13.380091826121012,0.773125612124522,0.3156272094636638,6,ELAPOR1_C,,,38.68188150617002,,2,35.0,neighbour pitch,,,38.68188150617002,6.0,2.0,0.0,
PF23091,34.56807245526995,2.08771731795216,0.7890829758720255,7,16.79029737200056,0.9374259661515477,0.3543137112816354,7,TNFR_ELAPOR1_6th,,,21.865623756206105,,3,40.0,neighbour pitch,,,21.865623756206105,6.0,2.0,0.0,
PF23105,37.40801402500698,3.3905764005857666,0.6407587112224609,28,17.64397864682334,1.4604299928082687,0.2759953262993234,28,EGF_integrin,max,CL0001,21.733702959310868,clan majority: 20 of 22 called CL0001 members are max,20,44.0,neighbour pitch,,,21.733702959310868,27.0,19.0,14.0,
PF23106,29.23624934706577,2.2214782551005103,0.3387722579277971,43,16.104992866516113,1.485135310008142,0.22648101152671127,43,EGF_Teneurin,max,CL0001,20.635876488941875,"stacking: 4 pairs, 75% along the longest axis",23,29.0,neighbour pitch,20.861400614465197,1.0,20.635876488941875,6.0,3.0,3.0,
PF23144,49.221407890319824,0.6401183953786073,0.2613272406077876,6,37.35647710164388,4.837169339593209,1.974766113573141,6,Fn3_PTPRU,max,CL0159,44.08154682830816,clan majority: 76 of 83 called CL0159 members are max,2,143.0,neighbour pitch,,,44.08154682830816,6.0,2.0,0.0,
PF23192,47.26456832885742,0.21094733702054125,0.14916229248046875,2,22.261089324951172,0.3098501432605694,0.21909713745117185,2,NOMO_12th,max,CL0287,,clan majority: 5 of 6 called CL0287 members are max,2,94.0,too few whole instances,,,45.24590065118105,2.0,2.0,0.0,
PF23219,165.43393325805664,4.542499667059256,3.2120323181152344,2,18.711376667022705,0.3315783609544817,0.23446130752563474,2,LAMB1,,,,,1,126.5,too few whole instances,,,,,,,
PF23233,53.44007086753845,1.5470726334453804,0.5469727750486791,8,31.005783677101135,0.881258001125022,0.31157175428520256,8,HAT_Syf1_CNRKL1_N,min,CL0020,34.977463032540996,clan majority: 16 of 18 called CL0020 members are min,8,146.0,neighbour pitch,,,34.977463032540996,8.0,8.0,0.0,
PF23240,58.44323211246066,2.801289553698397,0.660270279829058,18,23.556227525075276,3.8902837590422643,0.9169486755862261,18,HAT_PRP39_N,min,CL0020,23.556227525075276,"stacking: 20 pairs, 20% along the longest axis",8,142.0,"box min, no neighbour",41.99438018807337,2.0,,,,,
PF23241,49.516139348347984,9.223753204906632,2.3815628368087114,15,21.962728945414224,2.5391020394384087,0.6555933275377497,15,HAT_PRP39_C,min,CL0020,21.962728945414224,clan majority: 16 of 18 called CL0020 members are min,8,119.0,"box min, no neighbour",,,,,,,
PF23244,27.744404255842962,0.9682897290430226,0.06276490078430036,238,14.27131691900622,0.858545720556105,0.05565125329042433,238,VWF,max,CL0451,28.545410095143986,"stacking: 92 pairs, 82% along the longest axis",21,28.0,neighbour pitch,,,28.545410095143986,238.0,21.0,191.0,
PF23283,41.59970265626907,0.4367920990932895,0.07721466380939285,32,24.20578244328499,0.352276460707182,0.062274268554611184,32,D8C_UMOD,,,,,5,86.0,,,,,,,,
PF23301,40.75218252702193,5.051040844164182,1.0768855263172508,22,17.793489542874422,4.195043440172066,0.8943862665875888,22,EGF_PEAR1L,min,CL0001,23.65735778530955,"stacking: 6 pairs, 33% along the longest axis",15,45.0,neighbour pitch,,,23.65735778530955,4.0,4.0,0.0,
PF23317,89.34644660949706,7.055834002017707,0.9109042527806203,60,38.30025531450907,1.9014720928314282,0.24547899162714282,60,YVC1_C,,CL0030,,,15,266.0,,,,,,,,
PF23321,37.232960641384125,2.395597660025701,0.5988994150064253,16,23.930987775325775,1.2891974425896884,0.3222993606474221,16,R1_ABCA1,,CL0070,,,16,72.0,,,,,,,,
PF23328,40.487133502960205,3.2825650647979185,1.6412825323989593,4,25.558149576187134,1.8243928377301513,0.9121964188650756,4,Sha_B_N,,,,,2,64.5,,,,,,,,
PF23332,30.24671173095703,,,1,24.3297061920166,,,1,CC4_RECK,,,,,1,56.0,too few whole instances,,,,,,,
PF23333,33.26223595937093,0.6975931595548853,0.4027555984538546,3,18.156142075856526,0.5261909275691836,0.3037964736772071,3,VWC2L_1st,max,CL0451,33.26223595937093,clan majority: 3 of 5 called CL0451 members are max,3,41.0,"box max, no neighbour",,,,,,,
PF23334,49.16900873184204,2.9439232487797287,1.4719616243898643,4,19.724977493286133,1.5957763000660539,0.7978881500330269,4,VWC2L_2nd,max,CL0451,49.16900873184204,clan majority: 3 of 5 called CL0451 members are max,3,55.0,"box max, no neighbour",,,,,,,
PF23344,49.756007724338104,1.7938256696288992,0.2441087543387308,54,26.1869808656198,1.5022786214217012,0.20443422633193944,54,ZP-N,max,CL0159,65.54401830111559,clan majority: 76 of 83 called CL0159 members are max,13,94.0,neighbour pitch,,,65.54401830111559,25.0,8.0,0.0,
PF23376,45.09699696507947,1.102168297304719,0.20466751469602526,29,24.253353941029516,1.017490524520089,0.1889432470427038,29,Fn3_VIN3,max,CL0159,45.09699696507947,clan majority: 76 of 83 called CL0159 members are max,19,80.0,"box max, no neighbour",,,,,,,
PF23381,57.2469425201416,,,1,37.3870735168457,,,1,Beta-prop_IFT122_1st,min,CL0186,,clan majority: 24 of 29 called CL0186 members are min,1,242.0,too few whole instances,,,,,,,
PF23412,36.31532049179077,2.16783189636805,1.083915948184025,4,22.027767658233643,1.3092278304329898,0.6546139152164949,4,zf_RING_Vps8,min,CL0229,22.027767658233643,clan majority: 8 of 8 called CL0229 members are min,3,47.0,"box min, no neighbour",,,,,,,
PF23441,53.512342731157936,2.01715841660509,0.29115173870626704,48,43.158894101778664,1.5543454121203402,0.22435043552533457,48,SDR,min,CL0063,43.158894101778664,clan majority: 6 of 6 called CL0063 members are min,15,247.0,"box min, no neighbour",,,,,,,
PF23473,32.30368232727051,,,1,21.90420150756836,,,1,LysM3_LYK4_5,max,CL0187,,clan majority: 1 of 1 called CL0187 members are max,1,47.0,too few whole instances,,,,,,,
PF23538,47.47494802474976,5.75126310202632,1.2860215252617158,20,32.569164514541626,1.191321664346575,0.2663876224547129,20,Teneurin_ABD,,CL0104,35.83032244851205,,12,108.0,neighbour pitch,,,35.83032244851205,20.0,12.0,0.0,
PF23555,32.24029118674142,1.2107274788239226,0.4576119734914742,7,21.845821653093612,2.0793045297915826,0.7859032408283745,7,zf-RING_Vps41,min,CL0229,21.845821653093612,clan majority: 8 of 8 called CL0229 members are min,4,45.0,"box min, no neighbour",,,,,,,
PF23592,58.85125398635864,2.641071775777229,1.3205358878886144,4,25.68212914466858,1.7245757381362725,0.8622878690681363,4,Cadherin_CELSR2_9th,max,CL0159,58.85125398635864,clan majority: 76 of 83 called CL0159 members are max,3,97.0,"box max, no neighbour",,,,,,,
PF23598,77.10399182637532,6.9672559280510695,2.844370321851065,6,40.4451478322347,3.4921668209422645,1.4256711346643027,6,LRR_14,min,CL0022,,clan majority: 9 of 9 called CL0022 members are min,4,297.0,composite: spans 2 domains,,,,,,,2.0
PF23643,52.26424580812454,0.6563292268254831,0.11602371174480569,32,22.914383828639984,0.4166024531456621,0.07364560491956214,32,TRAPPC13_C,max,CL0159,52.26424580812454,clan majority: 76 of 83 called CL0159 members are max,19,78.0,"box max, no neighbour",,,,,,,
PF23679,50.82151641845703,6.069346084537544,2.7142940847996266,5,28.383687591552736,1.1837359400323029,0.5293828058643687,5,UPA-FIIND,,CL0842,,,3,118.0,,,,37.48515664864625,2.0,2.0,0.0,
PF23736,58.44290542602539,5.5795211764948425,2.1088607811176967,7,28.70271178654262,3.1346048510729796,1.1847692706279658,7,Ig_ZP2,max,CL0159,37.27317548419772,clan majority: 76 of 83 called CL0159 members are max,3,114.0,neighbour pitch,,,37.27317548419772,7.0,3.0,3.0,
PF23738,40.91776008605957,1.7200075655217686,0.5439141499770088,10,23.244700527191164,2.5830165862404333,0.8168215646512512,10,Ig_ZP2_N,max,CL0159,30.420903808286134,clan majority: 76 of 83 called CL0159 members are max,5,73.0,neighbour pitch,,,30.420903808286134,5.0,2.0,0.0,
PF23740,51.754378128051755,2.9008000803910647,1.297277233778255,5,31.20983257293701,0.9370746946095687,0.41907254342837025,5,Ig_ZP2_3rd,max,CL0159,29.902631850432066,clan majority: 76 of 83 called CL0159 members are max,2,93.0,neighbour pitch,,,29.902631850432066,5.0,2.0,0.0,
PF23747,56.51195494333903,0.48319647099095636,0.19726413324022954,6,32.0036883354187,0.4996212139005102,0.20396950645436332,6,Ig-like_CATSPERD,max,CL0159,29.363423451645147,clan majority: 76 of 83 called CL0159 members are max,3,120.0,neighbour pitch,,,29.363423451645147,6.0,3.0,6.0,
PF23775,58.12698936462402,,,1,41.49151802062988,,,1,Beta-prop_RIG_2nd,min,CL0186,,clan majority: 24 of 29 called CL0186 members are min,1,289.0,too few whole instances,,,,,,,
PF23894,36.303713417053224,2.6575814475049118,0.5315162895009824,25,29.81274444580078,0.9508217850624354,0.19016435701248707,25,LD_SV2,min,CL0505,42.664860708365,clan majority: 2 of 2 called CL0505 members are min,20,92.0,neighbour pitch,,,42.664860708365,16.0,13.0,0.0,
PF24031,45.87111186981201,5.118004715821931,2.0894166758202926,6,25.873046080271404,1.6181120663307813,0.6605914848584904,6,FN3_IL27B_N,max,CL0159,33.56750449636823,clan majority: 76 of 83 called CL0159 members are max,5,84.5,neighbour pitch,,,33.56750449636823,6.0,5.0,0.0,
PF24319,112.0348129272461,1.2886928296623097,0.9112434387206996,2,7.553117990493774,0.25393442510334846,0.17955875396728516,2,DUF7491,,,,,1,77.0,too few whole instances,,,,,,,
PF24329,51.17402666265314,1.248609351275107,0.2662044081401668,22,22.89569295536388,1.1170427811633488,0.23815432114388932,22,FN-plug_TEN1-4,max,CL0159,51.17402666265314,clan majority: 76 of 83 called CL0159 members are max,14,86.0,"box max, no neighbour",,,45.82419629942322,1.0,1.0,0.0,
PF24468,35.22982174310929,2.8646621295027885,0.3243591139819759,78,20.20666192739438,1.996372369357075,0.2260446585423848,78,EGF_LRP2,max,CL0001,35.22982174310929,clan majority: 20 of 22 called CL0001 members are max,40,43.0,"box max, no neighbour",,,,,,,
PF24479,25.732142801638002,1.1508340410546944,0.22147811446517088,27,13.768091625637478,0.589283968793499,0.11340775267068588,27,PSI_PlexinA-B,min,CL0630,24.668316217366765,clan majority: 3 of 3 called CL0630 members are min,15,27.0,neighbour pitch,,,24.668316217366765,27.0,15.0,15.0,
PF24518,50.25587231772287,1.338822167415627,0.35781527516338424,14,29.084427697317942,1.8155704262973567,0.4852316069117013,14,Ig_CD22,max,CL0159,38.606060259926615,clan majority: 76 of 83 called CL0159 members are max,7,101.5,neighbour pitch,,,38.606060259926615,12.0,6.0,0.0,
PF24562,40.27182434700631,3.345523357303468,0.5500006519471092,37,31.669211336084313,1.5465003897630372,0.25424309794438366,37,CysR_MRC2_N,max,CL0066,30.945885663045324,clan majority: 1 of 1 called CL0066 members are max,19,128.0,neighbour pitch,,,30.945885663045324,34.0,16.0,0.0,
PF24605,49.94711685180664,,,1,37.2877311706543,,,1,CEMIP_X,,,,,1,182.0,too few whole instances,,,,,,,
PF24606,62.251394271850586,,,1,38.75186729431152,,,1,CEMIP_beta-hel,max,CL0268,,clan majority: 1 of 1 called CL0268 members are max,1,215.0,too few whole instances,,,,,,,
PF24681,51.196046924591066,4.628152679912447,0.7317751913767774,40,40.07674822807312,3.9050696375532308,0.6174457238118205,40,Kelch_KLHDC2_KLHL20_DRC7,max,CL0186,,"stacking: 2 pairs, 100% along the longest axis",24,208.0,composite: spans 2 domains,,,37.2723161088407,23.0,15.0,4.0,2.0
PF24684,50.355702590942386,7.051659576227157,3.153598033326256,5,36.56927490234375,1.6486342937975587,0.7372916701937402,5,Vgb_lyase,min,CL0186,,clan majority: 24 of 29 called CL0186 members are min,4,238.0,composite: spans 4 domains,,,,,,,4.0
PF24827,54.712464427948,0.4886640625789797,0.10926860620878098,20,39.484848213195804,1.6712709468300049,0.37370754459323274,20,AstE_AspA_cat,min,CL0865,32.704181473372344,clan majority: 3 of 3 called CL0865 members are min,12,197.0,neighbour pitch,,,32.704181473372344,20.0,12.0,0.0,
PF24921,31.789702101929546,2.8961878271607566,0.33897314578636367,73,20.267851698888492,2.168134190892289,0.25376091297718784,73,RING_XB3-XBAT31,min,CL0229,20.267851698888492,clan majority: 8 of 8 called CL0229 members are min,51,46.0,"box min, no neighbour",,,,,,,
PF24922,162.62709350585936,3.4270092291164116,1.0837154726425686,10,20.130726528167724,1.188887885208403,0.37595935998393615,10,ACBP4_C,,,,,3,109.5,,,,,,,,
PF24973,39.798882484436035,3.758086933857385,0.5540996889280924,46,21.09249053830686,2.5376577388892456,0.37415722107344357,46,EGF_LMN_ATRN,max,CL0001,30.254905540308975,"stacking: 34 pairs, 94% along the longest axis",22,50.0,neighbour pitch,,,30.254905540308975,24.0,16.0,14.0,
PF25020,42.5122236772017,0.9163868473421478,0.2763010304955088,11,25.743525765158914,0.48889473506910774,0.1474073089276762,11,TTR_TEN1-4,max,CL0287,42.5122236772017,clan majority: 5 of 6 called CL0287 members are max,7,86.0,"box max, no neighbour",,,,,,,
PF25021,57.10586076624253,3.320066602491589,0.8052344285975519,17,39.74274040670956,1.5578670117913638,0.37783824942830274,17,TEN_NHL,min,CL0186,60.70117759483773,clan majority: 24 of 29 called CL0186 members are min,11,344.0,neighbour pitch,,,60.70117759483773,17.0,11.0,0.0,
PF25023,90.82406442815608,1.2988167221987226,0.2769086555874135,22,64.88416064869274,1.6201590151937775,0.34541906264931366,22,TEN_YD-shell,max,CL0877,,clan majority: 1 of 1 called CL0877 members are max,14,886.0,composite: spans 2 domains,,,74.04679576387122,18.0,12.0,0.0,2.0
PF25028,37.581819870892694,0.8474507148438145,0.08391012430964293,102,15.66679222911012,0.41383351561064396,0.040975623868327836,102,FnI_RECK,max,CL0451,37.581819870892694,clan majority: 3 of 5 called CL0451 members are max,13,40.0,"box max, no neighbour",,,,,,,
PF25058,60.914208984375,0.7896416815688253,0.3531384955710272,5,28.029397392272948,1.2312651988035077,0.5506385365708871,5,ARM_TT21,min,CL0020,28.029397392272948,"stacking: 4 pairs, 0% along the longest axis",3,150.0,"box min, no neighbour",,,19.9269172149486,2.0,2.0,2.0,
PF25059,45.013130245786726,1.3728451665011099,0.2389816685746229,33,24.976079391710687,1.009714637806441,0.1757687573335017,33,FN3_DSCAM-DSCAML_C,max,CL0159,45.013130245786726,clan majority: 76 of 83 called CL0159 members are max,22,74.0,"box max, no neighbour",,,,,,,
PF25060,63.84363842010498,3.232350382582225,2.2856168746948224,2,42.794240951538086,1.0532719978232556,0.7447757720947266,2,ARM_TT21_2nd,min,CL0020,,clan majority: 16 of 18 called CL0020 members are min,2,273.0,too few whole instances,,,34.75862765765285,2.0,2.0,2.0,
PF25062,60.67549133300781,1.6564804875128434,0.8282402437564217,4,37.47411870956421,1.3919567178639847,0.6959783589319923,4,ARM_TT21_N,min,CL0020,37.47411870956421,clan majority: 16 of 18 called CL0020 members are min,2,211.0,"box min, no neighbour",,,40.663353843527695,2.0,2.0,0.0,
PF25063,65.42483139038086,4.782365152343471,1.5123166484023505,10,32.59355220794678,4.52227221377264,1.4300680394813419,10,ARM_TT21_C,min,CL0020,,"stacking: 4 pairs, 25% along the longest axis",6,190.0,composite: spans 2 domains,,,31.46955735025868,3.0,3.0,0.0,2.0
PF25064,43.58729839324951,1.9681148998266376,0.8034795432906818,6,30.988654613494873,3.9970784354385827,1.6318004381177738,6,ARM_TT21_5th,min,CL0020,30.137690570218066,clan majority: 16 of 18 called CL0020 members are min,5,111.0,neighbour pitch,,,30.137690570218066,3.0,3.0,0.0,
PF25068,56.87502574920654,2.729062177833349,0.9648691861128442,8,29.759902358055115,3.576097760980797,1.2643414884877753,8,ARM_TT21_4th,min,CL0020,,clan majority: 16 of 18 called CL0020 members are min,8,169.0,composite: spans 2 domains,,,40.09927195495801,3.0,3.0,0.0,2.0
PF25101,144.65071868896484,,,1,16.517467498779297,,,1,Spectrin_7,,CL0743,,,1,95.0,too few whole instances,,,,,,,
PF25152,38.01300151531513,5.470166351477476,0.8759276388687977,39,22.589357962975136,2.882798762388529,0.4616172436128652,39,CD59,max,CL0117,38.01300151531513,clan majority: 6 of 6 called CL0117 members are max,20,68.0,"box max, no neighbour",,,,,,,
PF25171,56.34975624084473,,,1,37.3386287689209,,,1,Beta-prop_WDR36-Utp21_1st,min,CL0186,,clan majority: 24 of 29 called CL0186 members are min,1,238.0,too few whole instances,,,,,,,
PF25173,55.927473068237305,,,1,33.87192153930664,,,1,Beta-prop_WDR3_1st,min,CL0186,,clan majority: 24 of 29 called CL0186 members are min,1,175.0,too few whole instances,,,,,,,
PF25175,57.000558853149414,,,1,36.74974632263184,,,1,Beta-prop_WDR5,min,CL0186,,clan majority: 24 of 29 called CL0186 members are min,1,234.0,too few whole instances,,,,,,,
PF25305,48.59707768758138,4.727902275069581,2.7296556512136667,3,31.000749905904133,3.020408736672774,1.7438337971807236,3,Ig_PDGFR_d4,max,CL0159,48.59707768758138,clan majority: 76 of 83 called CL0159 members are max,2,114.0,"box max, no neighbour",,,,,,,
PF25374,47.845355336259054,2.7550072381737665,0.430259844415936,41,25.203730048202885,2.8912929187669105,0.4515440918457163,41,Cadherin_FAT4_N,max,CL0159,47.845355336259054,"stacking: 4 pairs, 100% along the longest axis",21,96.0,"box max, no neighbour",,,43.42729714418361,2.0,2.0,0.0,
PF25379,41.780879465738934,1.4144322009662287,0.36520482391211373,15,22.678755633036296,1.2180013474755274,0.3144865956287274,15,Adt-1,,CL0750,,,7,63.0,,,,,,,,
PF25444,39.47541046142578,3.006940944551052,2.1262283325195312,2,24.710228443145752,2.1978543000083928,1.554117679595947,2,THBD,,,,,1,67.5,too few whole instances,,,21.511398478916213,2.0,1.0,2.0,
PF25447,46.40176544189453,3.139534432348335,1.4040424816864183,5,23.961660194396973,0.9287019263571622,0.4153281276339236,5,RING_ZNF598,min,CL0229,23.961660194396973,clan majority: 8 of 8 called CL0229 members are min,4,82.0,"box min, no neighbour",,,,,,,
PF25454,40.90956401824951,1.0710808224652077,0.43726691472004947,6,22.39199988047282,1.7884425825983863,0.7301286269385674,6,zf-C3HC4_IRF-2BP1_2,min,CL0229,22.39199988047282,clan majority: 8 of 8 called CL0229 members are min,4,64.0,"box min, no neighbour",,,,,,,
PF25456,48.812764167785645,0.384976732143844,0.27221965789794916,2,29.236486434936523,0.822131937093751,0.5813350677490234,2,Ig_PVRIG,max,CL0159,,clan majority: 76 of 83 called CL0159 members are max,1,113.0,too few whole instances,,,,,,,
PF25478,43.90212683244185,4.831471184094834,1.456743373005153,11,18.984318733215332,0.8855352825893329,0.26699893372455963,11,EGF_Mua-3,max,CL0001,31.00973510685874,"stacking: 10 pairs, 100% along the longest axis",4,44.0,neighbour pitch,,,31.00973510685874,3.0,1.0,0.0,
PF25508,63.52433368137905,1.729909899738704,0.32692224180409213,28,46.61755984170096,1.3058735430916897,0.24678690276567142,28,TRPM2,,,,,7,262.0,,,,,,,,
PF25511,47.08296012878418,0.9645072478582838,0.24112681196457095,16,31.75735431909561,1.3507155352248532,0.3376788838062133,16,Ig_CNNM4_N,max,CL0159,54.194421092205516,clan majority: 76 of 83 called CL0159 members are max,4,132.0,neighbour pitch,,,54.194421092205516,16.0,4.0,0.0,
PF25519,48.2365779876709,,,1,29.73784637451172,,,1,ILCR1_N,max,CL0159,,clan majority: 76 of 83 called CL0159 members are max,1,145.0,too few whole instances,,,,,,,
PF25523,49.30034192403158,3.1875422490535175,1.8403283755443536,3,23.56793753306071,0.804625982790156,0.46455102776086377,3,Ig_RIMBP2,max,CL0159,49.30034192403158,clan majority: 76 of 83 called CL0159 members are max,3,99.0,"box max, no neighbour",,,33.26154898204385,1.0,1.0,0.0,
PF25552,46.574872732162476,2.4574896816396854,0.38856323601717396,40,25.385712504386902,1.2570768941683286,0.19876130897711777,40,LIFR_D4,max,CL0159,36.73971862984256,clan majority: 76 of 83 called CL0159 members are max,22,93.0,neighbour pitch,,,36.73971862984256,39.0,22.0,26.0,
PF25578,41.910688400268555,1.2935966997802542,0.9147109985351561,2,25.80205774307251,1.127553626687585,0.7973008155822762,2,EF-hand_STIM1,min,CL0220,,clan majority: 2 of 2 called CL0220 members are min,2,74.0,too few whole instances,,,23.315927639785734,2.0,2.0,0.0,
PF25599,40.145197479813184,1.5122375604492695,0.29103025420134954,27,17.799701655352557,1.1324016239192125,0.21793079413350888,27,Ephrin_CRD,max,CL0001,30.788873802073372,clan majority: 20 of 22 called CL0001 members are max,18,59.0,neighbour pitch,,,30.788873802073372,27.0,18.0,23.0,
PF25600,140.7805461883545,3.9959717043496386,2.825578689575195,2,20.215179920196533,0.4919643154526259,0.34787130355834955,2,TRIM_CC,,,,,1,141.0,too few whole instances,,,,,,,
PF25609,48.82593250274658,2.1980289076150306,1.0990144538075153,4,28.112101554870605,0.7498814471173924,0.3749407235586962,4,Unc5_NetrinR_N,max,CL0159,48.82593250274658,clan majority: 76 of 83 called CL0159 members are max,3,100.0,"box max, no neighbour",,,40.46427118467554,2.0,2.0,0.0,
PF25788,46.691051403681435,6.903866429397066,1.4092458336961033,24,25.84652070204417,1.1839357596181952,0.24166987494158165,24,Ig_Rha78A_N,max,CL0159,38.56879957698928,clan majority: 76 of 83 called CL0159 members are max,15,85.5,neighbour pitch,,,38.56879957698928,3.0,2.0,0.0,
PF25900,55.926087299982704,2.3409833770940582,0.47785123085148506,24,34.77208387851715,1.9356437114668592,0.3951116180767361,24,PAPPA,max,CL0004,55.926087299982704,clan majority: 6 of 6 called CL0004 members are max,9,170.0,"box max, no neighbour",,,57.55238032959224,2.0,2.0,0.0,
PF25962,34.740565102530994,1.4364396254743612,0.09533984651332665,227,22.701513992007083,1.5336578594867092,0.1017924473359843,227,TIL_OTOGL_Mucin,max,CL0819,29.643520691475878,"stacking: 80 pairs, 80% along the longest axis",21,55.0,neighbour pitch,,,29.643520691475878,123.0,20.0,36.0,
PF25969,40.90595094212946,1.3902088092131646,0.1909598660399557,53,23.901186205306143,0.6482870737827038,0.08904907805543756,53,NUDT9_N,,,,,14,87.0,,,,,,,,
PF26060,41.13350296020508,,,1,33.87371063232422,,,1,TGFBR3_N,,,,,1,156.0,too few whole instances,,,,,,,
PF26156,48.14942169189453,,,1,31.6787633895874,,,1,PARP4_MVP-ID,,,,,1,146.0,too few whole instances,,,,,,,
PF26200,57.39090919494629,,,1,31.043625831604004,,,1,Rcat_RNF216,min,CL0229,,clan majority: 8 of 8 called CL0229 members are min,1,94.0,too few whole instances,,,,,,,
PF26659,42.39324760437012,0.72737235035456,0.36368617517728,4,29.940516233444214,0.06933905778180684,0.03466952889090342,4,PH_DUOX,,CL0266,,,2,103.0,,,,,,,,
PF26701,46.82730770111084,10.560121498910823,7.4671335220336905,2,26.031044006347656,0.2719206769990695,0.1922769546508789,2,SAM_ARHGAP18_N,min,CL0003,,clan majority: 2 of 2 called CL0003 members are min,2,77.0,too few whole instances,,,,,,,
PF26955,40.891622475215364,12.311168849124353,3.2902982760105273,14,22.1124107497079,1.6274625324413725,0.43495765758622046,14,ACT_13,,CL0070,66.56825862975452,,14,74.0,neighbour pitch,,,66.56825862975452,5.0,5.0,0.0,
PF26959,42.047237396240234,,,1,32.20400047302246,,,1,Thioredoxin-like_N,max,CL0172,,clan majority: 3 of 3 called CL0172 members are max,1,112.0,too few whole instances,,,,,,,
PF26967,37.65979868570964,0.9077792917250043,0.23438760525886038,15,25.298534393310547,1.2036323188113247,0.3107765283808851,15,A6-like_Thioredoxin-like_C,,,,,15,92.0,,,,,,,,
PF27506,33.43965435028076,,,1,15.162920951843262,,,1,EGF_ATRAID_C,max,CL0001,,clan majority: 20 of 22 called CL0001 members are max,1,32.0,too few whole instances,,,,,,,
PF27521,34.29382610321045,,,1,16.0516996383667,,,1,ADGRF2P_N,,,,,1,44.0,too few whole instances,,,28.78402352767148,1.0,1.0,0.0,
PF27558,59.73633575439453,,,1,18.752702713012695,,,1,MTUS1_CCDC69_CC2,,,,,1,71.0,too few whole instances,,,,,,,
PF28033,46.00263023376465,2.3610731970760455,1.6695308685302734,2,25.577946662902832,3.103595469304115,2.194573402404785,2,Fn3_ROS1,max,CL0159,,clan majority: 76 of 83 called CL0159 members are max,2,92.0,too few whole instances,,,,,,,
PF28354,49.01727981567383,5.761960146904809,2.5768269144247657,5,26.056331443786622,2.024701271461232,0.905473935423514,5,Ig_SEMA-3_4_7A,max,CL0159,49.01727981567383,clan majority: 76 of 83 called CL0159 members are max,3,87.0,"box max, no neighbour",,,33.71123490255865,2.0,1.0,0.0,
PF28393,55.0670445090846,4.767005217141465,1.0936260002553058,19,26.074665722094085,1.6145713147093494,0.3704080630504031,19,Ig_Cad99C_N,max,CL0159,55.0670445090846,clan majority: 76 of 83 called CL0159 members are max,16,115.0,"box max, no neighbour",,,,,,,
PF28399,58.7118782043457,6.741677452571251,3.014969813265386,5,25.272751235961913,4.853457416092704,2.1705321416567536,5,Ig_CLSTN,max,CL0159,58.7118782043457,clan majority: 76 of 83 called CL0159 members are max,5,104.0,"box max, no neighbour",,,,,,,
PF29136,34.315239906311035,0.802617609058419,0.5675363540649414,2,16.874569416046143,0.23827130749754788,0.16848325729370114,2,SPE9_EGF_3rd,max,CL0001,,clan majority: 20 of 22 called CL0001 members are max,2,39.0,too few whole instances,,,,,,,
PF29137,37.400288581848145,0.02159402212825609,0.015269279479982243,2,18.599120140075684,0.08119438636969097,0.05741310119628906,2,SPE9_EGF_4th,max,CL0001,,clan majority: 20 of 22 called CL0001 members are max,1,48.0,too few whole instances,,,,,,,
PF29310,183.3978182474772,27.06086084922292,6.378306070410361,18,10.91005551815033,1.7201733544159254,0.4054487479079705,18,ZK652,,,,,1,129.5,,,,,,,,
PF29322,44.43518218994141,1.4315891966243537,0.4527082535023591,10,27.19856595993042,2.265038486412233,0.7162680605003002,10,ConA_2nd_BAM2,max,CL0004,44.43518218994141,clan majority: 6 of 6 called CL0004 members are max,4,110.0,"box max, no neighbour",,,,,,,
PF29386,53.29499033877724,6.813433392397843,1.1052848476945707,38,29.834147277631256,3.0533356609397577,0.49531645010688363,38,CFAP70_mid_TPR,min,CL0020,,"stacking: 18 pairs, 33% along the longest axis",17,136.5,composite: spans 2 domains,,,,,,,2.0
PF29407,73.36126670837402,9.449356772135637,2.988148982348531,10,35.2672474861145,5.588240849644644,1.7671569198471622,10,CFAP70_TPR_C,min,CL0020,,clan majority: 16 of 18 called CL0020 members are min,10,234.0,composite: spans 2 domains,,,38.91054194112563,5.0,5.0,0.0,2.0
PF30144,31.660042762756348,,,1,15.50302505493164,,,1,Gigasin_N,max,CL0001,,clan majority: 20 of 22 called CL0001 members are max,1,27.0,too few whole instances,,,,,,,
PF30153,31.811616897583008,,,1,24.19486427307129,,,1,TPR_YpiA_C,min,CL0020,,clan majority: 16 of 18 called CL0020 members are min,1,67.0,composite: spans 2 domains,,,,,,,2.0
PF30154,35.99317169189453,0.869424497657664,0.35494106485614424,6,20.071595986684162,1.0861866204879438,0.44343383093892386,6,TPR_YpiA,min,CL0020,20.809431330120237,clan majority: 16 of 18 called CL0020 members are min,3,44.0,neighbour pitch,,,20.809431330120237,6.0,3.0,0.0,
PF30586,55.81255292892456,0.5517098672656435,0.27585493363282176,4,41.58506536483765,0.5806338054748843,0.29031690273744215,4,LYSC_C,max,CL0124,55.81255292892456,clan majority: 2 of 2 called CL0124 members are max,4,214.5,"box max, no neighbour",,,,,,,
PF30670,53.63144161390222,4.22301429238397,0.8805593507310959,23,26.754705221756645,0.5537486645899182,0.11546457833185443,23,CACHD1_middle,min,CL0165,26.754705221756645,clan majority: 2 of 2 called CL0165 members are min,23,103.0,"box min, no neighbour",,,,,,,
PF30784,49.60758399963379,,,1,27.97730255126953,,,1,SAM_7,min,CL0003,,clan majority: 2 of 2 called CL0003 members are min,1,81.0,too few whole instances,,,,,,,
PF30863,46.385214275783966,1.144708796201447,0.269810450759311,18,26.447281466590034,1.1828167492999668,0.2787925814436784,18,PRO_PEG10-RTL1,min,CL0129,26.447281466590034,clan majority: 5 of 5 called CL0129 members are min,9,104.0,"box min, no neighbour",,,,,,,
PF30891,45.11208852132162,0.17635213880455783,0.10181695481097772,3,26.288662910461426,0.47476024211995727,0.27410295358848924,3,SorCS_stalk,,,,,2,96.0,,,,,,,,
PF31032,33.35671043395996,,,1,13.531885147094728,,,1,SPase_CTS,,,,,1,26.0,too few whole instances,,,27.263207201420723,1.0,1.0,0.0,
PF31035,134.5165557861328,1.4799869226348321,1.0465087890625,2,15.522372722625732,1.8257792239559156,1.29102087020874,2,DUF8776,,,,,2,91.0,too few whole instances,,,,,,,
PF31154,132.9459991455078,,,1,16.526012420654297,,,1,DUF8825,,,,,1,86.0,too few whole instances,,,,,,,
PF31255,42.37293338775635,0.45666548688778197,0.32291126251220703,2,22.968624591827393,0.994196951901658,0.7030034065246582,2,Fn3_PBP1,max,CL0159,,clan majority: 76 of 83 called CL0159 members are max,2,75.5,too few whole instances,,,,,,,
