PFAM_ID,PDB,CHAIN,SP_PRIMARY,species,full
PF00003,22jx,A,P41594,human,True
PF00003,22jx,B,P41594,human,True
PF00003,22jz,A,Q14831,human,True
PF00003,22jz,B,Q14831,human,True
PF00003,25tv,A,Q14831,human,True
PF00003,25tv,B,Q14831,human,True
PF00003,25tw,A,Q14831,human,True
PF00003,25tw,B,Q14831,human,True
PF00003,25tx,A,Q14831,human,True
PF00003,25tx,B,Q14831,human,True
PF00003,25ty,A,Q14831,human,True
PF00003,25ty,B,Q14831,human,True
PF00003,25uj,A,Q14831,human,True
PF00003,25uj,B,Q14831,human,True
PF00003,27tm,X,Q13255,human,True
PF00003,27tm,Y,Q13255,human,True
PF00003,4or2,A,Q13255,human,True
PF00003,4or2,B,Q13255,human,True
PF00003,6n4x,A,P41594,human,True
PF00003,6n4x,B,P41594,human,True
PF00003,6n51,A,P41594,human,True
PF00003,6n51,B,P41594,human,True
PF00003,6n52,A,P41594,human,True
PF00003,6n52,B,P41594,human,True
PF00003,6uo8,A,Q9UBS5,human,True
PF00003,6uo8,B,O75899,human,True
PF00003,6uo9,A,Q9UBS5,human,True
PF00003,6uo9,B,O75899,human,True
PF00003,6uoa,A,Q9UBS5,human,True
PF00003,6uoa,B,O75899,human,True
PF00003,6vjm,A,Q9UBS5,human,True
PF00003,6vjm,B,O75899,human,True
PF00003,6w2x,A,Q9UBS5,human,True
PF00003,6w2x,B,O75899,human,True
PF00003,6w2y,A,Q9UBS5,human,True
PF00003,6w2y,B,Q9UBS5,human,True
PF00003,6wiv,A,Q9UBS5,human,True
PF00003,6wiv,B,O75899,human,True
PF00003,7c7q,A,Q9UBS5,human,True
PF00003,7c7q,B,O75899,human,True
PF00008,13es,G,P00742,human,True
PF00008,13eu,G,P00742,human,True
PF00008,1bf9,A,P08709,human,True
PF00008,1c5m,F,P00742,human,True
PF00008,1dan,L,P08709,human,True
PF00008,1dva,L,P08709,human,True
PF00008,1dva,M,P08709,human,True
PF00008,1edm,B,P00740,human,True
PF00008,1edm,C,P00740,human,True
PF00008,1esl,A,P16581,human,True
PF00008,1ezq,B,P00742,human,True
PF00008,1f0r,B,P00742,human,True
PF00008,1f0s,B,P00742,human,True
PF00008,1f7e,A,P08709,human,True
PF00008,1f7m,A,P08709,human,True
PF00008,1fak,L,P08709,human,True
PF00008,1fax,L,P00742,human,True
PF00008,1ff7,A,P08709,human,True
PF00008,1ffm,A,P08709,human,True
PF00008,1g1t,A,P16581,human,True
PF00008,1g2l,B,P00742,human,True
PF00008,1g2m,B,P00742,human,True
PF00014,13bf,A,P12111,human,True
PF00014,1aap,A,P05067,human,True
PF00014,1aap,B,P05067,human,True
PF00014,1adz,A,P10646,human,True
PF00014,1bik,A,P02760,human,True
PF00014,1brc,I,P05067,human,True
PF00014,1ca0,D,P05067,human,True
PF00014,1ca0,I,P05067,human,True
PF00014,1irh,A,P10646,human,True
PF00014,1knt,A,P12111,human,True
PF00014,1kth,A,P12111,human,True
PF00014,1kun,A,P12111,human,True
PF00014,1taw,B,P05067,human,True
PF00014,1tfx,C,P10646,human,True
PF00014,1tfx,D,P10646,human,True
PF00014,1yc0,I,O43278,human,True
PF00014,1zjd,B,P05067,human,True
PF00014,1zr0,B,P48307,human,True
PF00014,1zr0,D,P48307,human,True
PF00014,2ddi,A,Q96NZ8,human,True
PF00014,2ddj,A,Q96NZ8,human,True
PF00014,2knt,A,P12111,human,True
PF00014,4bqd,A,P10646,human,True
PF00014,4bqd,B,P10646,human,True
PF00014,4dtg,K,P10646,human,True
PF00020,1d0g,R,O14763,human,True
PF00020,1d0g,S,O14763,human,True
PF00020,1d0g,T,O14763,human,True
PF00020,1d4v,A,O14763,human,True
PF00020,1du3,A,O14763,human,True
PF00020,1du3,B,O14763,human,True
PF00020,1du3,C,O14763,human,True
PF00020,1du3,G,O14763,human,True
PF00020,1du3,H,O14763,human,True
PF00020,1du3,I,O14763,human,True
PF00020,1ext,A,P19438,human,True
PF00020,1ext,B,P19438,human,True
PF00020,1ft4,A,P19438,human,True
PF00020,1ft4,B,P19438,human,True
PF00020,1ncf,A,P19438,human,True
PF00020,1ncf,B,P19438,human,True
PF00020,1tnr,R,P19438,human,True
PF00020,1za3,R,O14763,human,True
PF00020,1za3,S,O14763,human,True
PF00020,2aw2,B,Q92956,human,True
PF00020,2aw2,Y,Q92956,human,True
PF00020,2h9g,R,O14763,human,True
PF00020,2h9g,S,O14763,human,True
PF00020,2hev,R,P43489,human,True
PF00020,2hey,R,P43489,human,True
PF00020,2hey,T,P43489,human,True
PF00020,3alq,R,P20333,human,True
PF00020,3alq,S,P20333,human,True
PF00020,3alq,T,P20333,human,True
PF00020,3alq,U,P20333,human,True
PF00020,3alq,V,P20333,human,True
PF00020,3alq,W,P20333,human,True
PF00020,3k51,B,O95407,human,True
PF00020,3mhd,D,O95407,human,True
PF00020,3mi8,D,O95407,human,True
PF00020,3qd6,R,P25942,human,True
PF00020,3qd6,S,P25942,human,True
PF00020,3qd6,T,P25942,human,True
PF00020,3qd6,U,P25942,human,True
PF00020,3qo4,A,O75509,human,True
PF00020,3thm,F,P25445,human,True
PF00020,3tje,F,P25445,human,True
PF00021,1ywh,A,Q03405,human,True
PF00021,1ywh,C,Q03405,human,True
PF00021,1ywh,E,Q03405,human,True
PF00021,1ywh,G,Q03405,human,True
PF00021,1ywh,I,Q03405,human,True
PF00021,1ywh,K,Q03405,human,True
PF00021,1ywh,M,Q03405,human,True
PF00021,1ywh,O,Q03405,human,True
PF00021,2fd6,U,Q03405,human,True
PF00021,2i9b,E,Q03405,human,True
PF00021,2i9b,F,Q03405,human,True
PF00021,2i9b,G,Q03405,human,True
PF00021,2i9b,H,Q03405,human,True
PF00021,3bt1,U,Q03405,human,True
PF00021,3bt2,U,Q03405,human,True
PF00021,3u73,U,Q03405,human,True
PF00021,3u74,U,Q03405,human,True
PF00021,4k24,U,Q03405,human,True
PF00021,4qti,U,Q03405,human,True
PF00021,6iom,A,O95274,human,True
PF00021,6iom,B,O95274,human,True
PF00021,6ion,A,O95274,human,True
PF00021,7bpr,A,Q9BY14,human,True
PF00021,7bpr,B,Q9BY14,human,True
PF00021,7e17,A,Q03405,human,True
PF00021,7e17,B,Q03405,human,True
PF00021,7v63,A,Q03405,human,True
PF00021,7v63,B,Q03405,human,True
PF00021,9igo,B,Q8N6Q3,human,True
PF00021,9igp,A,Q8N6Q3,human,True
PF00021,9igp,B,Q8N6Q3,human,True
PF00021,9yc5,A,Q03405,human,True
PF00021,9yc6,U,Q03405,human,True
PF00021,2n99,A,P0DP57,human,False
PF00021,6zss,A,Q8N2G4,human,False
PF00026,1avf,A,P20142,human,True
PF00026,1avf,J,P20142,human,True
PF00026,1bbs,A,P00797,human,True
PF00026,1bbs,B,P00797,human,True
PF00026,1bil,A,P00797,human,True
PF00026,1bil,B,P00797,human,True
PF00026,1bim,A,P00797,human,True
PF00026,1bim,B,P00797,human,True
PF00026,1fkn,A,P56817,human,True
PF00026,1fkn,B,P56817,human,True
PF00026,1flh,A,P0DJD7,human,True
PF00026,1hrn,A,P00797,human,True
PF00026,1hrn,B,P00797,human,True
PF00026,1htr,B,P20142,human,True
PF00026,1m4h,A,P56817,human,True
PF00026,1m4h,B,P56817,human,True
PF00026,1psn,A,P0DJD7,human,True
PF00026,1pso,E,P0DJD7,human,True
PF00026,1qrp,E,P0DJD7,human,True
PF00026,1rne,A,P00797,human,True
PF00026,1sgz,A,P56817,human,True
PF00026,1sgz,B,P56817,human,True
PF00026,1sgz,C,P56817,human,True
PF00026,1sgz,D,P56817,human,True
PF00026,1tqf,A,P56817,human,True
PF00026,1tzs,A,P14091,human,True
PF00026,1w50,A,P56817,human,True
PF00026,1w51,A,P56817,human,True
PF00026,1xn2,A,P56817,human,True
PF00026,1xn2,B,P56817,human,True
PF00026,1xn2,C,P56817,human,True
PF00026,1xn2,D,P56817,human,True
PF00026,1xn3,A,P56817,human,True
PF00026,1xn3,B,P56817,human,True
PF00026,1xn3,C,P56817,human,True
PF00026,1xn3,D,P56817,human,True
PF00028,1o6s,B,P12830,human,True
PF00028,2ee0,A,Q9HC56,human,True
PF00028,2o72,A,P12830,human,True
PF00028,2omt,B,P12830,human,True
PF00028,2omu,B,P12830,human,True
PF00028,2omv,B,P12830,human,True
PF00028,2omx,B,P12830,human,True
PF00028,2omy,B,P12830,human,True
PF00028,2omz,B,P12830,human,True
PF00028,2v37,A,P55290,human,True
PF00028,2x2u,A,P07949,human,True
PF00028,2yst,A,O60245,human,True
PF00028,30xt,Y,Q08174,human,True
PF00028,3ff7,A,P12830,human,True
PF00028,3ff7,B,P12830,human,True
PF00028,3ff8,A,P12830,human,True
PF00028,3ff8,B,P12830,human,True
PF00028,4oy9,A,P22223,human,True
PF00028,4ux8,A,P07949,human,True
PF00028,4ux8,B,P07949,human,True
PF00028,4xhz,A,Q96QU1,human,True
PF00028,4zml,A,P22223,human,True
PF00028,4zmn,A,P22223,human,True
PF00038,8rve,0,P08670,human,True
PF00038,8rve,1,P08670,human,True
PF00038,8rve,2,P08670,human,True
PF00038,8rve,3,P08670,human,True
PF00038,8rve,4,P08670,human,True
PF00038,8rve,5,P08670,human,True
PF00038,8rve,6,P08670,human,True
PF00038,8rve,7,P08670,human,True
PF00038,8rve,8,P08670,human,True
PF00038,8rve,9,P08670,human,True
PF00038,8rve,A,P08670,human,True
PF00038,8rve,AA,P08670,human,True
PF00038,8rve,AB,P08670,human,True
PF00038,8rve,AC,P08670,human,True
PF00038,8rve,AD,P08670,human,True
PF00038,8rve,AE,P08670,human,True
PF00038,8rve,AF,P08670,human,True
PF00038,8rve,AG,P08670,human,True
PF00038,8rve,AH,P08670,human,True
PF00038,8rve,AI,P08670,human,True
PF00038,8rve,AJ,P08670,human,True
PF00038,8rve,AK,P08670,human,True
PF00038,8rve,AL,P08670,human,True
PF00038,8rve,AM,P08670,human,True
PF00038,8rve,AN,P08670,human,True
PF00038,8rve,AO,P08670,human,True
PF00038,8rve,AP,P08670,human,True
PF00038,8rve,B,P08670,human,True
PF00038,8rve,C,P08670,human,True
PF00038,8rve,D,P08670,human,True
PF00038,8rve,E,P08670,human,True
PF00038,8rve,F,P08670,human,True
PF00038,8rve,G,P08670,human,True
PF00038,8rve,H,P08670,human,True
PF00038,8rve,I,P08670,human,True
PF00038,8rve,J,P08670,human,True
PF00038,8rve,K,P08670,human,True
PF00038,8rve,L,P08670,human,True
PF00038,8rve,M,P08670,human,True
PF00038,8rve,N,P08670,human,True
PF00038,8rve,O,P08670,human,True
PF00038,8rve,P,P08670,human,True
PF00038,8rve,Q,P08670,human,True
PF00038,8rve,R,P08670,human,True
PF00038,8rve,S,P08670,human,True
PF00038,8rve,T,P08670,human,True
PF00038,8rve,U,P08670,human,True
PF00038,8rve,V,P08670,human,True
PF00038,8rve,W,P08670,human,True
PF00038,8rve,X,P08670,human,True
PF00038,8rve,Y,P08670,human,True
PF00038,8rve,Z,P08670,human,True
PF00038,8rve,a,P08670,human,True
PF00038,8rve,b,P08670,human,True
PF00038,8rve,c,P08670,human,True
PF00038,8rve,d,P08670,human,True
PF00038,8rve,e,P08670,human,True
PF00038,8rve,f,P08670,human,True
PF00038,8rve,g,P08670,human,True
PF00038,8rve,h,P08670,human,True
PF00038,8rve,i,P08670,human,True
PF00038,8rve,j,P08670,human,True
PF00038,8rve,k,P08670,human,True
PF00038,8rve,l,P08670,human,True
PF00038,8rve,m,P08670,human,True
PF00038,8rve,n,P08670,human,True
PF00038,8rve,o,P08670,human,True
PF00038,8rve,p,P08670,human,True
PF00038,8rve,q,P08670,human,True
PF00038,8rve,r,P08670,human,True
PF00038,8rve,s,P08670,human,True
PF00038,8rve,t,P08670,human,True
PF00038,8rve,u,P08670,human,True
PF00038,8rve,v,P08670,human,True
PF00038,8rve,w,P08670,human,True
PF00038,8rve,x,P08670,human,True
PF00038,8rve,y,P08670,human,True
PF00038,8rve,z,P08670,human,True
PF00038,3tnu,A,P02533,human,False
PF00038,3tnu,B,P13647,human,False
PF00038,3uf1,A,P08670,human,False
PF00038,3uf1,B,P08670,human,False
PF00038,3uf1,C,P08670,human,False
PF00038,3uf1,D,P08670,human,False
PF00038,4zry,A,P13645,human,False
PF00038,4zry,B,P04264,human,False
PF00038,6a9p,A,P14136,human,False
PF00038,6a9p,B,P14136,human,False
PF00038,6a9p,C,P14136,human,False
PF00038,6a9p,D,P14136,human,False
PF00038,6a9p,E,P14136,human,False
PF00038,6a9p,F,P14136,human,False
PF00038,6a9p,G,P14136,human,False
PF00038,6a9p,H,P14136,human,False
PF00038,6e2j,A,P04264,human,False
PF00038,6e2j,B,P13645,human,False
PF00038,6ec0,B,P13645,human,False
PF00038,6jfv,A,P02533,human,False
PF00038,6jfv,B,P13647,human,False
PF00038,6jfv,C,P02533,human,False
PF00038,6jfv,D,P13647,human,False
PF00038,6jlb,A,P02545,human,False
PF00038,6jlb,B,P02545,human,False
PF00038,6jlb,C,P02545,human,False
PF00038,6jlb,D,P02545,human,False
PF00038,6snz,A,P02545,human,False
PF00038,6snz,B,P02545,human,False
PF00038,6snz,C,P02545,human,False
PF00038,6snz,D,P02545,human,False
PF00038,6uui,C,P04264,human,False
PF00038,6uui,X,P13645,human,False
PF00038,7d9n,A,P02545,human,False
PF00038,7d9n,B,P02545,human,False
PF00040,1ck7,A,P08253,human,True
PF00040,1cxw,A,P08253,human,True
PF00040,1e88,A,P02751,human,True
PF00040,1e8b,A,P02751,human,True
PF00040,1eak,A,P08253,human,True
PF00040,1eak,B,P08253,human,True
PF00040,1eak,C,P08253,human,True
PF00040,1eak,D,P08253,human,True
PF00040,1gxd,A,P08253,human,True
PF00040,1gxd,B,P08253,human,True
PF00040,1j7m,A,P08253,human,True
PF00040,1ks0,A,P08253,human,True
PF00040,1l6j,A,P14780,human,True
PF00040,1qo6,A,P02751,human,True
PF00040,2fn2,A,P02751,human,True
PF00040,2v5o,A,P11717,human,True
PF00040,2v5p,A,P11717,human,True
PF00040,2v5p,B,P11717,human,True
PF00040,30uc,B,P02751,human,True
PF00040,3m7p,A,P02751,human,True
PF00040,3mql,A,P02751,human,True
PF00040,5ao5,A,Q9UBG0,human,True
PF00040,5ao5,B,Q9UBG0,human,True
PF00040,5ao6,A,Q9UBG0,human,True
PF00040,5ao6,B,Q9UBG0,human,True
PF00040,5e4k,A,Q9UBG0,human,True
PF00040,5e4l,A,Q9UBG0,human,True
PF00040,5e4l,B,Q9UBG0,human,True
PF00041,1a22,B,P10912,human,True
PF00041,1axi,B,P10912,human,True
PF00041,1bj8,A,P40189,human,True
PF00041,1bpv,A,Q8WZ42,human,True
PF00041,1bqu,A,P40189,human,True
PF00041,1bqu,B,P40189,human,True
PF00041,1cn4,A,P19235,human,True
PF00041,1cn4,B,P19235,human,True
PF00041,1eba,A,P19235,human,True
PF00041,1eba,B,P19235,human,True
PF00041,1ebp,A,P19235,human,True
PF00041,1ebp,B,P19235,human,True
PF00041,1eer,B,P19235,human,True
PF00041,1eer,C,P19235,human,True
PF00041,1ern,A,P19235,human,True
PF00041,1ern,B,P19235,human,True
PF00041,1fnf,A,P02751,human,True
PF00041,1fnh,A,P02751,human,True
PF00041,1hwg,B,P10912,human,True
PF00041,1hwg,C,P10912,human,True
PF00041,1hwh,B,P10912,human,True
PF00041,1i1r,A,P40189,human,True
PF00041,1j8k,A,P02751,human,True
PF00041,1kf9,B,P10912,human,True
PF00041,1kf9,C,P10912,human,True
PF00041,1kf9,E,P10912,human,True
PF00041,1kf9,F,P10912,human,True
PF00041,1oww,A,P02751,human,True
PF00041,1p9m,A,P40189,human,True
PF00041,1pvh,A,P40189,human,True
PF00041,1pvh,C,P40189,human,True
PF00045,1ck7,A,P08253,human,True
PF00045,1gen,A,P08253,human,True
PF00045,1gxd,A,P08253,human,True
PF00045,1gxd,B,P08253,human,True
PF00045,1itv,A,P14780,human,True
PF00045,1itv,B,P14780,human,True
PF00045,1pex,A,P45452,human,True
PF00045,1rtg,A,P08253,human,True
PF00045,1su3,A,P03956,human,True
PF00045,1su3,B,P03956,human,True
PF00045,2clt,A,P03956,human,True
PF00045,2clt,B,P03956,human,True
PF00045,2jxy,A,P39900,human,True
PF00045,2mqs,A,P50281,human,True
PF00045,3ba0,A,P39900,human,True
PF00045,3c7x,A,P50281,human,True
PF00045,4auo,A,P03956,human,True
PF00045,4auo,B,P03956,human,True
PF00045,4fu4,A,P45452,human,True
PF00045,4fu4,B,P45452,human,True
PF00045,4fvl,A,P45452,human,True
PF00045,4fvl,B,P45452,human,True
PF00045,4g0d,A,P45452,human,True
PF00045,4g0d,B,P45452,human,True
PF00045,4g0d,C,P45452,human,True
PF00045,4g0d,D,P45452,human,True
PF00045,6clz,A,P50281,human,True
PF00045,6cm1,A,P50281,human,True
PF00045,6o5e,A,P04004,human,True
PF00045,6o5e,B,P04004,human,True
PF00045,7rj9,A,P04004,human,True
PF00045,7rj9,B,P04004,human,True
PF00047,1b6u,A,P43628,human,True
PF00047,1cdh,A,P01730,human,True
PF00047,1cdi,A,P01730,human,True
PF00047,1cdj,A,P01730,human,True
PF00047,1cdu,A,P01730,human,True
PF00047,1cdy,A,P01730,human,True
PF00047,1efx,D,P43627,human,True
PF00047,1efx,E,P43627,human,True
PF00047,1g9m,C,P01730,human,True
PF00047,1g9n,C,P01730,human,True
PF00047,1gc1,C,P01730,human,True
PF00047,1iga,A,P01876,human,True
PF00047,1iga,B,P01876,human,True
PF00047,1im9,D,P43626,human,True
PF00047,1jl4,D,P01730,human,True
PF00047,1m4k,A,P43631,human,True
PF00047,1n26,A,P08887,human,True
PF00047,1nkr,A,P43626,human,True
PF00047,1olz,A,Q92854,human,True
PF00047,1olz,B,Q92854,human,True
PF00047,1ovz,A,P24071,human,True
PF00047,1ovz,B,P24071,human,True
PF00047,1ow0,A,P01876,human,True
PF00047,1ow0,B,P01876,human,True
PF00047,1ow0,C,P24071,human,True
PF00047,1ow0,D,P24071,human,True
PF00047,1rzj,C,P01730,human,True
PF00048,1a15,A,P48061,human,True
PF00048,1a15,B,P48061,human,True
PF00048,1b2t,A,P78423,human,True
PF00048,1b3a,A,P13501,human,True
PF00048,1b3a,B,P13501,human,True
PF00048,1b50,A,P10147,human,True
PF00048,1b50,B,P10147,human,True
PF00048,1b53,A,P10147,human,True
PF00048,1b53,B,P10147,human,True
PF00048,1bo0,A,P80098,human,True
PF00048,1dok,A,P13500,human,True
PF00048,1dok,B,P13500,human,True
PF00048,1dol,A,P13500,human,True
PF00048,1dom,A,P13500,human,True
PF00048,1dom,B,P13500,human,True
PF00048,1don,A,P13500,human,True
PF00048,1don,B,P13500,human,True
PF00048,1eig,A,O00175,human,True
PF00048,1eih,A,O00175,human,True
PF00048,1el0,A,P22362,human,True
PF00048,1eot,A,P51671,human,True
PF00048,1eqt,A,P13501,human,True
PF00048,1eqt,B,P13501,human,True
PF00048,1esr,A,P80075,human,True
PF00048,1f2l,A,P78423,human,True
PF00048,1f2l,B,P78423,human,True
PF00048,1f2l,C,P78423,human,True
PF00048,1f2l,D,P78423,human,True
PF00048,1f9p,A,P02775,human,True
PF00048,1f9q,A,P02776,human,True
PF00048,1f9q,B,P02776,human,True
PF00048,1f9q,C,P02776,human,True
PF00048,1f9q,D,P02776,human,True
PF00048,1f9r,A,P02776,human,True
PF00048,1f9r,B,P02776,human,True
PF00048,1f9r,C,P02776,human,True
PF00048,1f9r,D,P02776,human,True
PF00050,1bmo,A,P09486,human,True
PF00050,1bmo,B,P09486,human,True
PF00050,1cgi,I,P00995,human,True
PF00050,1cgj,I,P00995,human,True
PF00050,1hpt,A,P00995,human,True
PF00050,1nub,A,P09486,human,True
PF00050,1nub,B,P09486,human,True
PF00050,1uvf,A,Q9NQ38,human,True
PF00050,1uvg,A,Q9NQ38,human,True
PF00050,2jxd,A,P20155,human,True
PF00050,2leo,A,P58062,human,True
PF00050,2n52,A,Q6UWN8,human,True
PF00050,2v53,A,P09486,human,True
PF00050,5yhn,A,Q9NQ38,human,True
PF00050,6kbr,C,P20155,human,True
PF00050,7qe8,C,P00995,human,True
PF00050,7qe8,D,P00995,human,True
PF00050,7qe9,C,P00995,human,True
PF00050,7qe9,D,P00995,human,True
PF00050,8s9p,A,O00468,human,True
PF00051,13er,G,P00734,human,True
PF00051,1b2i,A,P00747,human,True
PF00051,1bht,A,P14210,human,True
PF00051,1bht,B,P14210,human,True
PF00051,1cea,A,P00747,human,True
PF00051,1cea,B,P00747,human,True
PF00051,1ceb,A,P00747,human,True
PF00051,1ceb,B,P00747,human,True
PF00051,1gmn,A,P14210,human,True
PF00051,1gmn,B,P14210,human,True
PF00051,1gmo,A,P14210,human,True
PF00051,1gmo,B,P14210,human,True
PF00051,1gmo,C,P14210,human,True
PF00051,1gmo,D,P14210,human,True
PF00051,1gmo,E,P14210,human,True
PF00051,1gmo,F,P14210,human,True
PF00051,1gmo,G,P14210,human,True
PF00051,1gmo,H,P14210,human,True
PF00051,1gp9,A,P14210,human,True
PF00051,1gp9,B,P14210,human,True
PF00051,1gp9,C,P14210,human,True
PF00051,1gp9,D,P14210,human,True
PF00051,1hpj,A,P00747,human,True
PF00051,1hpk,A,P00747,human,True
PF00051,1i5k,A,P00747,human,True
PF00051,1i5k,B,P00747,human,True
PF00051,1i71,A,P08519,human,True
PF00051,1jfn,A,P08519,human,True
PF00051,1kdu,A,P00749,human,True
PF00051,1ki0,A,P00747,human,True
PF00051,1kiv,A,P08519,human,True
PF00051,1krn,A,P00747,human,True
PF00051,1nk1,A,P14210,human,True
PF00051,1nk1,B,P14210,human,True
PF00051,1pk2,A,P00750,human,True
PF00051,1pk4,A,P00747,human,True
PF00053,3tbd,A,Q96CW9,human,True
PF00053,3zyg,A,Q96CW9,human,True
PF00053,3zyg,B,Q96CW9,human,True
PF00053,3zyi,B,Q96CW9,human,True
PF00053,4urt,A,O95631,human,True
PF00053,6fkq,A,O95631,human,True
PF00053,7ndg,A,O95631,human,True
PF00053,7ndg,D,O95631,human,True
PF00053,7ndg,G,O95631,human,True
PF00053,7ne0,A,O95631,human,True
PF00053,7ne1,A,O95631,human,True
PF00053,8dmk,A,P19137,human,True
PF00053,8dmk,B,P07942,human,True
PF00053,8hn0,A,Q14162,human,True
PF00053,8hn0,B,Q14162,human,True
PF00053,8hna,B,Q14162,human,True
PF00053,8s9p,A,O00468,human,True
PF00053,1klo,A,P02468,mouse,True
PF00053,1npe,B,P02468,mouse,True
PF00053,1tle,A,P02468,mouse,True
PF00053,2y38,A,Q61001,mouse,True
PF00053,4aqs,A,P02469,mouse,True
PF00053,4aqt,A,P02468,mouse,True
PF00053,4ove,A,O09118,mouse,True
PF00053,4wnx,A,Q9JI33,mouse,True
PF00054,1f5f,A,P04278,human,True
PF00054,1h30,A,Q14393,human,True
PF00054,1kdk,A,P04278,human,True
PF00054,1kdm,A,P04278,human,True
PF00054,1lhn,A,P04278,human,True
PF00054,1lho,A,P04278,human,True
PF00054,1lhu,A,P04278,human,True
PF00054,1lhv,A,P04278,human,True
PF00054,1lhw,A,P04278,human,True
PF00054,2c5d,A,Q14393,human,True
PF00054,2c5d,B,Q14393,human,True
PF00054,4ra0,A,Q14393,human,True
PF00054,4ra0,B,Q14393,human,True
PF00054,5vxz,A,Q14393,human,True
PF00054,5vxz,B,Q14393,human,True
PF00054,5xau,A,O15230,human,True
PF00054,5xau,D,O15230,human,True
PF00054,6pya,A,P04278,human,True
PF00054,6pyb,A,P04278,human,True
PF00054,6pyf,A,P04278,human,True
PF00054,6ulb,A,P04278,human,True
PF00054,7cec,C,O15230,human,True
PF00054,8s9p,A,O00468,human,True
PF00054,1d2s,A,P04278,human,False
PF00055,3tbd,A,Q96CW9,human,True
PF00055,3zyg,A,Q96CW9,human,True
PF00055,3zyg,B,Q96CW9,human,True
PF00055,3zyi,B,Q96CW9,human,True
PF00055,3zyj,B,Q9Y2I2,human,True
PF00055,3zyj,D,Q9Y2I2,human,True
PF00055,4urt,A,O95631,human,True
PF00055,6fkq,A,O95631,human,True
PF00055,7ndg,A,O95631,human,True
PF00055,7ndg,D,O95631,human,True
PF00055,7ndg,G,O95631,human,True
PF00055,7ne0,A,O95631,human,True
PF00055,7ne1,A,O95631,human,True
PF00055,8dmk,A,P19137,human,True
PF00055,8dmk,B,P07942,human,True
PF00055,8dmk,G,P11047,human,True
PF00055,9az3,G,P11047,human,True
PF00055,2y38,A,Q61001,mouse,True
PF00055,4aqs,A,P02469,mouse,True
PF00055,4aqt,A,P02468,mouse,True
PF00055,4ove,A,O09118,mouse,True
PF00055,4wnx,A,Q9JI33,mouse,True
PF00055,8snp,A,O09118,mouse,True
PF00055,9az3,N,Q9JI33,mouse,False
PF00057,1cr8,A,Q07954,human,True
PF00057,1d2j,A,P01130,human,True
PF00057,1d2l,A,Q07954,human,True
PF00057,1f5y,A,P01130,human,True
PF00057,1f8z,A,P01130,human,True
PF00057,1j8e,A,Q07954,human,True
PF00057,1ldl,A,P01130,human,True
PF00057,1ldr,A,P01130,human,True
PF00057,1n7d,A,P01130,human,True
PF00057,1v9u,5,P98155,human,True
PF00057,1xfe,A,P01130,human,True
PF00057,21ks,B,O75581,human,True
PF00057,21ks,F,O75581,human,True
PF00057,2fcw,B,P01130,human,True
PF00057,2fyj,A,Q07954,human,True
PF00057,2fyl,B,Q07954,human,True
PF00057,2jm4,A,Q9HBX9,human,True
PF00057,2knx,A,Q07954,human,True
PF00057,2kny,A,Q07954,human,True
PF00057,2lgp,A,P01130,human,True
PF00057,2m0p,A,P98164,human,True
PF00058,1ijq,A,P01130,human,True
PF00058,1ijq,B,P01130,human,True
PF00058,1n7d,A,P01130,human,True
PF00058,21kr,B,O75581,human,True
PF00058,21kr,F,O75581,human,True
PF00058,21ks,B,O75581,human,True
PF00058,21ks,F,O75581,human,True
PF00058,21kt,B,O75581,human,True
PF00058,21kt,F,O75581,human,True
PF00058,3m0c,C,P01130,human,True
PF00058,3p5b,L,P01130,human,True
PF00058,3p5c,L,P01130,human,True
PF00058,3s2k,A,O75581,human,True
PF00058,3s2k,B,O75581,human,True
PF00058,3s8v,A,O75581,human,True
PF00058,3s8v,B,O75581,human,True
PF00058,3s8z,A,O75581,human,True
PF00058,3s94,A,O75581,human,True
PF00058,3s94,B,O75581,human,True
PF00058,3sob,B,O75581,human,True
PF00058,3soq,A,O75581,human,True
PF00058,3sov,A,O75581,human,True
PF00058,4a0p,A,O75581,human,True
PF00058,4dg6,A,O75581,human,True
PF00058,5b4x,B,Q14114,human,True
PF00058,5b4x,D,Q14114,human,True
PF00058,5fww,A,O75581,human,True
PF00058,5gje,A,O75581,human,True
PF00058,5gje,B,O75581,human,True
PF00059,1b08,A,P35247,human,True
PF00059,1b08,B,P35247,human,True
PF00059,1b08,C,P35247,human,True
PF00059,1b6e,A,Q13241,human,True
PF00059,1dv8,A,P07306,human,True
PF00059,1e87,A,Q07108,human,True
PF00059,1e8i,A,Q07108,human,True
PF00059,1e8i,B,Q07108,human,True
PF00059,1egg,A,P22897,human,True
PF00059,1egg,B,P22897,human,True
PF00059,1egi,A,P22897,human,True
PF00059,1egi,B,P22897,human,True
PF00059,1esl,A,P16581,human,True
PF00059,1fm5,A,Q07108,human,True
PF00059,1g1q,A,P16109,human,True
PF00059,1g1q,B,P16109,human,True
PF00059,1g1q,C,P16109,human,True
PF00059,1g1q,D,P16109,human,True
PF00059,1g1r,A,P16109,human,True
PF00059,1g1r,B,P16109,human,True
PF00059,1g1r,C,P16109,human,True
PF00059,1g1r,D,P16109,human,True
PF00059,1g1s,A,P16109,human,True
PF00059,1g1s,B,P16109,human,True
PF00059,1g1t,A,P16581,human,True
PF00059,1h8u,A,P13727,human,True
PF00059,1h8u,B,P13727,human,True
PF00059,1htn,A,P05452,human,True
PF00059,1hup,A,P11226,human,True
PF00059,1hyr,A,P26718,human,True
PF00059,1hyr,B,P26718,human,True
PF00059,1k9i,A,Q9NNX6,human,True
PF00059,1k9i,B,Q9NNX6,human,True
PF00059,1k9i,C,Q9NNX6,human,True
PF00059,1k9i,D,Q9NNX6,human,True
PF00059,1k9i,E,Q9NNX6,human,True
PF00059,1k9i,F,Q9NNX6,human,True
PF00059,1k9i,G,Q9NNX6,human,True
PF00059,1k9i,H,Q9NNX6,human,True
PF00059,1k9i,I,Q9NNX6,human,True
PF00059,1k9i,J,Q9NNX6,human,True
PF00059,1k9j,A,Q9H2X3,human,True
PF00059,1k9j,B,Q9H2X3,human,True
PF00059,1kcg,A,P26718,human,True
PF00059,1kcg,B,P26718,human,True
PF00060,10en,A,Q5R1P0,human,True
PF00060,10en,B,A0A8B7RCM5,human,True
PF00060,10en,C,Q5R1P0,human,True
PF00060,10en,D,A0A8B7RCM5,human,True
PF00060,10ev,A,Q5R1P0,human,True
PF00060,10ev,B,A0A8B7RCM5,human,True
PF00060,10ev,C,Q5R1P0,human,True
PF00060,10ev,D,A0A8B7RCM5,human,True
PF00060,10ex,A,Q5R1P0,human,True
PF00060,10ex,B,Q13224,human,True
PF00060,10ex,C,Q5R1P0,human,True
PF00060,10ex,D,Q13224,human,True
PF00060,10ey,A,Q05586,human,True
PF00060,10ey,B,Q13224,human,True
PF00060,10ey,C,Q05586,human,True
PF00060,10ey,D,Q13224,human,True
PF00060,10ez,A,Q05586,human,True
PF00060,10ez,B,Q13224,human,True
PF00060,10ez,C,Q05586,human,True
PF00060,10ez,D,Q13224,human,True
PF00060,10fd,A,Q05586,human,True
PF00060,10fd,B,Q13224,human,True
PF00060,10fd,C,Q05586,human,True
PF00060,10fd,D,Q13224,human,True
PF00060,10fe,A,Q05586,human,True
PF00060,10fe,B,Q13224,human,True
PF00060,10fe,C,Q05586,human,True
PF00060,10fe,D,Q13224,human,True
PF00060,10ff,A,Q05586,human,True
PF00060,10ff,B,Q13224,human,True
PF00060,10ff,C,Q05586,human,True
PF00060,10ff,D,Q13224,human,True
PF00060,10fl,A,Q05586,human,True
PF00060,10fl,B,Q13224,human,True
PF00060,10fl,C,Q05586,human,True
PF00060,10fl,D,Q13224,human,True
PF00060,10fn,A,Q05586,human,True
PF00060,10fn,B,Q13224,human,True
PF00060,10fn,C,Q05586,human,True
PF00060,10fn,D,Q13224,human,True
PF00060,10fo,A,Q05586,human,True
PF00060,10fo,B,Q13224,human,True
PF00060,10fo,C,Q05586,human,True
PF00060,10fo,D,Q13224,human,True
PF00060,6dlz,A,P19491,human,True
PF00060,6dlz,B,P19491,human,True
PF00060,6dlz,C,P19491,human,True
PF00060,6dlz,D,P19491,human,True
PF00060,6dm0,A,P19491,human,True
PF00060,6dm0,B,P19491,human,True
PF00060,6dm0,C,P19491,human,True
PF00060,6dm0,D,P19491,human,True
PF00060,6dm1,A,P19491,human,True
PF00060,6dm1,B,P19491,human,True
PF00060,6dm1,C,P19491,human,True
PF00060,6dm1,D,P19491,human,True
PF00060,6ira,A,Q05586,human,True
PF00060,6ira,B,Q12879,human,True
PF00060,6ira,C,Q05586,human,True
PF00060,6ira,D,Q12879,human,True
PF00060,6irf,A,Q05586,human,True
PF00060,6irf,B,Q12879,human,True
PF00060,6irf,C,Q05586,human,True
PF00060,6irf,D,Q12879,human,True
PF00060,6irg,A,Q05586,human,True
PF00060,6irg,B,Q12879,human,True
PF00060,6irg,C,Q05586,human,True
PF00060,6irg,D,Q12879,human,True
PF00060,6irh,A,Q05586,human,True
PF00060,6irh,B,Q12879,human,True
PF00060,6irh,C,Q05586,human,True
PF00060,6irh,D,Q12879,human,True
PF00060,6o9g,A,P19491,human,True
PF00060,6o9g,B,P19491,human,True
PF00060,6o9g,C,P19491,human,True
PF00060,6o9g,D,P19491,human,True
PF00060,7eoq,A,Q12879,human,True
PF00060,7eoq,B,Q05586,human,True
PF00060,7eoq,C,Q12879,human,True
PF00060,7eoq,D,Q05586,human,True
PF00062,133l,A,P61626,human,True
PF00062,134l,A,P61626,human,True
PF00062,1a4v,A,P00709,human,True
PF00062,1b5u,A,P61626,human,True
PF00062,1b5v,A,P61626,human,True
PF00062,1b5w,A,P61626,human,True
PF00062,1b5x,A,P61626,human,True
PF00062,1b5y,A,P61626,human,True
PF00062,1b5z,A,P61626,human,True
PF00062,1b5z,B,P61626,human,True
PF00062,1b7l,A,P61626,human,True
PF00062,1b7m,A,P61626,human,True
PF00062,1b7n,A,P61626,human,True
PF00062,1b7o,A,P61626,human,True
PF00062,1b7p,A,P61626,human,True
PF00062,1b7q,A,P61626,human,True
PF00062,1b7r,A,P61626,human,True
PF00062,1b7s,A,P61626,human,True
PF00062,1b9o,A,P00709,human,True
PF00062,1bb3,A,P61626,human,True
PF00062,1bb3,B,P61626,human,True
PF00062,1bb4,A,P61626,human,True
PF00062,1bb4,B,P61626,human,True
PF00066,1pb5,A,P46531,human,True
PF00066,2oo4,A,Q04721,human,True
PF00066,2oo4,B,Q04721,human,True
PF00066,3eto,A,P46531,human,True
PF00066,3eto,B,P46531,human,True
PF00066,3i08,A,P46531,human,True
PF00066,3i08,C,P46531,human,True
PF00066,3l95,X,P46531,human,True
PF00066,3l95,Y,P46531,human,True
PF00066,4zlp,A,Q9UM47,human,True
PF00066,4zlp,B,Q9UM47,human,True
PF00066,5czv,A,Q9UM47,human,True
PF00066,5czx,A,Q9UM47,human,True
PF00066,5czx,B,Q9UM47,human,True
PF00066,6xsw,C,Q9UM47,human,True
PF00066,6xsw,F,Q9UM47,human,True
PF00066,6xsw,J,Q9UM47,human,True
PF00066,6xsw,X,Q9UM47,human,True
PF00066,7s05,A,Q3T906,human,True
PF00066,7s05,B,Q3T906,human,True
PF00066,7s06,A,Q3T906,human,True
PF00066,7s06,B,Q3T906,human,True
PF00066,8sl1,A,Q9BXP8,human,True
PF00066,9bgf,A,Q3T906,human,True
PF00066,9bgf,B,Q3T906,human,True
PF00066,7abv,A,Q01705,mouse,True
PF00069,10hy,A,O14757,human,True
PF00069,10hz,A,O14757,human,True
PF00069,10ia,A,O14757,human,True
PF00069,11gv,A,P24941,human,True
PF00069,11gy,A,P06493,human,True
PF00069,11oy,A,Q16539,human,True
PF00069,11uc,A,P68400,human,True
PF00069,11zl,A,P45983,human,True
PF00069,12cv,A,P45983,human,True
PF00069,13bv,A,Q99570,human,True
PF00069,13lv,A,Q99640,human,True
PF00069,13lw,A,Q99640,human,True
PF00069,13lx,A,Q99640,human,True
PF00069,1a9u,A,Q16539,human,True
PF00069,1aq1,A,P24941,human,True
PF00069,1b38,A,P24941,human,True
PF00069,1b39,A,P24941,human,True
PF00069,1b6c,B,P36897,human,True
PF00069,1b6c,D,P36897,human,True
PF00069,1b6c,F,P36897,human,True
PF00069,1b6c,H,P36897,human,True
PF00069,1bi7,A,Q00534,human,True
PF00069,1bi8,A,Q00534,human,True
PF00069,1bi8,C,Q00534,human,True
PF00080,1azv,A,P00441,human,True
PF00080,1azv,B,P00441,human,True
PF00080,1ba9,A,P00441,human,True
PF00080,1do5,A,O14618,human,True
PF00080,1do5,B,O14618,human,True
PF00080,1do5,C,O14618,human,True
PF00080,1do5,D,O14618,human,True
PF00080,1dsw,A,P00441,human,True
PF00080,1fun,A,P00441,human,True
PF00080,1fun,B,P00441,human,True
PF00080,1fun,C,P00441,human,True
PF00080,1fun,D,P00441,human,True
PF00080,1fun,E,P00441,human,True
PF00080,1fun,F,P00441,human,True
PF00080,1fun,G,P00441,human,True
PF00080,1fun,H,P00441,human,True
PF00080,1fun,I,P00441,human,True
PF00080,1fun,J,P00441,human,True
PF00080,1hl4,A,P00441,human,True
PF00080,1hl4,B,P00441,human,True
PF00080,1hl4,C,P00441,human,True
PF00080,1hl4,D,P00441,human,True
PF00080,1hl5,A,P00441,human,True
PF00080,1hl5,B,P00441,human,True
PF00080,1hl5,C,P00441,human,True
PF00080,1hl5,D,P00441,human,True
PF00080,1hl5,E,P00441,human,True
PF00080,1hl5,F,P00441,human,True
PF00080,1hl5,G,P00441,human,True
PF00080,1hl5,H,P00441,human,True
PF00080,1hl5,I,P00441,human,True
PF00080,1hl5,J,P00441,human,True
PF00080,1hl5,K,P00441,human,True
PF00080,1hl5,L,P00441,human,True
PF00080,1hl5,M,P00441,human,True
PF00080,1hl5,N,P00441,human,True
PF00080,1hl5,O,P00441,human,True
PF00080,1hl5,P,P00441,human,True
PF00080,1hl5,Q,P00441,human,True
PF00080,1hl5,S,P00441,human,True
PF00080,1kmg,A,P00441,human,True
PF00080,1l3n,A,P00441,human,True
PF00080,1l3n,B,P00441,human,True
PF00080,1mfm,A,P00441,human,True
PF00080,1n18,A,P00441,human,True
PF00080,1n18,B,P00441,human,True
PF00080,1n18,C,P00441,human,True
PF00080,1n18,D,P00441,human,True
PF00080,1n18,E,P00441,human,True
PF00080,1n18,F,P00441,human,True
PF00080,1n18,G,P00441,human,True
PF00080,1n18,H,P00441,human,True
PF00080,1n18,I,P00441,human,True
PF00080,1n18,J,P00441,human,True
PF00080,1n19,A,P00441,human,True
PF00080,1n19,B,P00441,human,True
PF00080,1oez,W,P00441,human,True
PF00080,1oez,X,P00441,human,True
PF00080,1oez,Y,P00441,human,True
PF00080,1oez,Z,P00441,human,True
PF00080,1ozt,G,P00441,human,True
PF00080,1ozt,H,P00441,human,True
PF00080,1ozt,I,P00441,human,True
PF00080,1ozt,J,P00441,human,True
PF00080,1ozt,K,P00441,human,True
PF00080,1ozt,L,P00441,human,True
PF00080,1ozt,M,P00441,human,True
PF00080,1ozt,N,P00441,human,True
PF00080,1ozu,A,P00441,human,True
PF00080,1ozu,B,P00441,human,True
PF00080,1p1v,A,P00441,human,True
PF00080,1p1v,B,P00441,human,True
PF00080,1p1v,C,P00441,human,True
PF00080,1ptz,A,P00441,human,True
PF00080,1ptz,B,P00441,human,True
PF00080,1pu0,A,P00441,human,True
PF00080,1pu0,B,P00441,human,True
PF00080,1pu0,C,P00441,human,True
PF00080,1pu0,D,P00441,human,True
PF00080,1pu0,E,P00441,human,True
PF00080,1pu0,F,P00441,human,True
PF00080,1pu0,G,P00441,human,True
PF00080,1pu0,H,P00441,human,True
PF00080,1pu0,I,P00441,human,True
PF00080,1pu0,J,P00441,human,True
PF00080,1rk7,A,P00441,human,True
PF00080,1sos,A,P00441,human,True
PF00080,1sos,B,P00441,human,True
PF00080,1sos,C,P00441,human,True
PF00080,1sos,D,P00441,human,True
PF00080,1sos,E,P00441,human,True
PF00080,1sos,F,P00441,human,True
PF00080,1sos,G,P00441,human,True
PF00080,1sos,H,P00441,human,True
PF00080,1sos,I,P00441,human,True
PF00080,1sos,J,P00441,human,True
PF00082,10sb,B,Q8NBP7,human,True
PF00082,2p4e,A,Q8NBP7,human,True
PF00082,2p4e,P,Q8NBP7,human,True
PF00082,2pmw,B,Q8NBP7,human,True
PF00082,2qtw,B,Q8NBP7,human,True
PF00082,2w2m,A,Q8NBP7,human,True
PF00082,2w2n,A,Q8NBP7,human,True
PF00082,2w2o,A,Q8NBP7,human,True
PF00082,2w2p,A,Q8NBP7,human,True
PF00082,2w2q,A,Q8NBP7,human,True
PF00082,2xtj,A,Q8NBP7,human,True
PF00082,37hf,B,Q8NBP7,human,True
PF00082,37hf,D,Q8NBP7,human,True
PF00082,3bps,A,Q8NBP7,human,True
PF00082,3edy,A,O14773,human,True
PF00082,3ee6,A,O14773,human,True
PF00082,3ee6,B,O14773,human,True
PF00082,3gcw,A,Q8NBP7,human,True
PF00082,3gcx,A,Q8NBP7,human,True
PF00082,3h42,B,Q8NBP7,human,True
PF00082,3m0c,B,Q8NBP7,human,True
PF00082,3p5b,A,Q8NBP7,human,True
PF00082,3p5c,A,Q8NBP7,human,True
PF00084,11mg,D,P00751,human,True
PF00084,11mh,D,P00751,human,True
PF00084,1c1z,A,P02749,human,True
PF00084,1ckl,A,P15529,human,True
PF00084,1ckl,B,P15529,human,True
PF00084,1ckl,C,P15529,human,True
PF00084,1ckl,D,P15529,human,True
PF00084,1ckl,E,P15529,human,True
PF00084,1ckl,F,P15529,human,True
PF00084,1elv,A,P09871,human,True
PF00084,1ghq,B,P20023,human,True
PF00084,1ghq,C,P20023,human,True
PF00084,1gkg,A,P17927,human,True
PF00084,1gkn,A,P17927,human,True
PF00084,1gpz,A,P00736,human,True
PF00084,1gpz,B,P00736,human,True
PF00084,1h03,P,P08174,human,True
PF00084,1h03,Q,P08174,human,True
PF00084,1h04,P,P08174,human,True
PF00084,1h2p,P,P08174,human,True
PF00084,1h2q,P,P08174,human,True
PF00084,1haq,A,P08603,human,True
PF00084,1hcc,A,P08603,human,True
PF00084,1hfh,A,P08603,human,True
PF00084,1hfi,A,P08603,human,True
PF00084,1ly2,A,P20023,human,True
PF00084,1m11,R,P08174,human,True
PF00084,1md7,A,P00736,human,True
PF00085,12bm,g,O43396,human,True
PF00085,1aiu,A,P10599,human,True
PF00085,1auc,A,P10599,human,True
PF00085,1cqg,A,P10599,human,True
PF00085,1cqh,A,P10599,human,True
PF00085,1ert,A,P10599,human,True
PF00085,1eru,A,P10599,human,True
PF00085,1erv,A,P10599,human,True
PF00085,1erw,A,P10599,human,True
PF00085,1gh2,A,O43396,human,True
PF00085,1mdi,A,P10599,human,True
PF00085,1mdj,A,P10599,human,True
PF00085,1mdk,A,P10599,human,True
PF00085,1mek,A,P07237,human,True
PF00085,1trs,A,P10599,human,True
PF00085,1tru,A,P10599,human,True
PF00085,1trv,A,P10599,human,True
PF00085,1trw,A,P10599,human,True
PF00085,1uvz,A,Q99757,human,True
PF00085,1uvz,B,Q99757,human,True
PF00085,1uvz,C,Q99757,human,True
PF00085,1uvz,D,Q99757,human,True
PF00085,1uvz,E,Q99757,human,True
PF00085,1uvz,F,Q99757,human,True
PF00085,1w4v,A,Q99757,human,True
PF00085,1w4v,B,Q99757,human,True
PF00085,1w4v,C,Q99757,human,True
PF00085,1w4v,D,Q99757,human,True
PF00085,1w4v,E,Q99757,human,True
PF00085,1w4v,F,Q99757,human,True
PF00086,1rmj,A,P24592,human,True
PF00086,1zt3,A,P08833,human,True
PF00086,1zt5,A,P08833,human,True
PF00086,2dsq,G,P08833,human,True
PF00086,2dsq,H,P08833,human,True
PF00086,2dsr,G,P22692,human,True
PF00086,2h7t,A,P18065,human,True
PF00086,4mzv,A,P16422,human,True
PF00086,6i07,C,P16422,human,True
PF00086,6i07,D,P16422,human,True
PF00086,6scj,A,P01266,human,True
PF00086,6scj,B,P01266,human,True
PF00086,7b75,A,P01266,human,True
PF00086,7b75,B,P01266,human,True
PF00086,7e5m,A,P09758,human,True
PF00086,7e5m,B,P09758,human,True
PF00086,7e5n,A,P09758,human,True
PF00086,7e5n,B,P09758,human,True
PF00086,7e5n,C,P09758,human,True
PF00086,7e5n,D,P09758,human,True
PF00086,7pee,A,P09758,human,True
PF00086,7pee,B,P09758,human,True
PF00086,7pee,C,P09758,human,True
PF00086,7pee,D,P09758,human,True
PF00086,7ufg,C,P24593,human,True
PF00086,7ufg,D,P24593,human,True
PF00086,7wrq,B,P17936,human,True
PF00086,8vrw,C,P04233,human,True
PF00086,8vrw,F,P04233,human,True
PF00086,8vrw,I,P04233,human,True
PF00086,8vsp,C,P04233,human,True
PF00086,8vsp,F,P04233,human,True
PF00086,8vsp,I,P04233,human,True
PF00086,9pi9,E,P09758,human,True
PF00086,9pi9,F,P09758,human,True
PF00086,1icf,I,P04233,human,False
PF00086,1icf,J,P04233,human,False
PF00086,1l3h,A,P04233,human,False
PF00087,2l03,A,P0DP58,human,True
PF00087,6e7k,C,Q8IV16,human,True
PF00087,6e7k,D,Q8IV16,human,True
PF00087,6oau,C,Q8IV16,human,True
PF00087,6oau,D,Q8IV16,human,True
PF00087,6oaz,E,Q8IV16,human,True
PF00087,6oaz,F,Q8IV16,human,True
PF00087,6oaz,G,Q8IV16,human,True
PF00087,6oaz,H,Q8IV16,human,True
PF00087,6ob0,E,Q8IV16,human,True
PF00087,6ob0,F,Q8IV16,human,True
PF00087,6ob0,G,Q8IV16,human,True
PF00087,6ob0,H,Q8IV16,human,True
PF00088,1e9t,A,Q07654,human,True
PF00088,1hi7,A,P04155,human,True
PF00088,1hi7,B,P04155,human,True
PF00088,1pe3,1,Q07654,human,True
PF00088,1pe3,2,Q07654,human,True
PF00088,1ps2,A,P04155,human,True
PF00088,2qly,A,O43451,human,True
PF00088,2qmj,A,O43451,human,True
PF00088,3ctt,A,O43451,human,True
PF00088,3l4t,A,O43451,human,True
PF00088,3l4u,A,O43451,human,True
PF00088,3l4v,A,O43451,human,True
PF00088,3l4w,A,O43451,human,True
PF00088,3l4x,A,O43451,human,True
PF00088,3l4y,A,O43451,human,True
PF00088,3l4z,A,O43451,human,True
PF00088,3lpo,A,P14410,human,True
PF00088,3lpo,B,P14410,human,True
PF00088,3lpo,C,P14410,human,True
PF00088,3lpo,D,P14410,human,True
PF00088,3lpp,A,P14410,human,True
PF00088,3lpp,B,P14410,human,True
PF00088,3lpp,C,P14410,human,True
PF00088,3lpp,D,P14410,human,True
PF00088,5kzw,A,P10253,human,True
PF00088,5kzx,A,P10253,human,True
PF00088,5nn3,A,P10253,human,True
PF00088,5nn4,A,P10253,human,True
PF00089,10ku,A,Q6UWY2,human,True
PF00089,10ku,B,Q6UWY2,human,True
PF00089,10ku,C,Q6UWY2,human,True
PF00089,10ku,D,Q6UWY2,human,True
PF00089,10kv,B,Q6UWY2,human,True
PF00089,10kz,A,P03952,human,True
PF00089,10lr,A,P03952,human,True
PF00089,10mv,A,P03952,human,True
PF00089,10mw,A,P03952,human,True
PF00089,10qs,A,P03952,human,True
PF00089,11mg,D,P00751,human,True
PF00089,11mh,D,P00751,human,True
PF00089,13er,G,P00734,human,True
PF00089,13es,G,P00742,human,True
PF00089,1a0l,A,P20231,human,True
PF00089,1a0l,B,P20231,human,True
PF00089,1a0l,C,P20231,human,True
PF00089,1a0l,D,P20231,human,True
PF00089,1a2c,H,P00734,human,True
PF00089,1a3b,H,P00734,human,True
PF00089,1a3e,H,P00734,human,True
PF00089,1a46,H,P00734,human,True
PF00089,1a4w,H,P00734,human,True
PF00089,1a5g,H,P00734,human,True
PF00089,1a5h,A,P00750,human,True
PF00089,1a5h,B,P00750,human,True
PF00089,1a61,H,P00734,human,True
PF00090,12em,B,P07996,human,True
PF00090,1lsl,A,P07996,human,True
PF00090,1w0r,A,P27918,human,True
PF00090,1w0r,B,P27918,human,True
PF00090,1w0s,A,P27918,human,True
PF00090,1w0s,B,P27918,human,True
PF00090,1w0s,C,P27918,human,True
PF00090,2rjq,A,Q9UNA0,human,True
PF00090,3ghm,A,Q76LX8,human,True
PF00090,3ghn,A,Q76LX8,human,True
PF00090,3ojy,A,P07357,human,True
PF00090,3ojy,B,P07358,human,True
PF00090,3r6b,A,P07996,human,True
PF00090,3t5o,A,P13671,human,True
PF00090,3vn4,A,Q76LX8,human,True
PF00090,4a5w,B,P13671,human,True
PF00090,4e0s,B,P13671,human,True
PF00090,5fmw,A,P02748,human,True
PF00090,5fmw,B,P02748,human,True
PF00090,5fmw,C,P02748,human,True
PF00090,5fmw,D,P02748,human,True
PF00090,5fmw,E,P02748,human,True
PF00090,5fmw,F,P02748,human,True
PF00090,5fmw,G,P02748,human,True
PF00090,5fmw,H,P02748,human,True
PF00090,5fmw,I,P02748,human,True
PF00090,5fmw,J,P02748,human,True
PF00090,5fmw,K,P02748,human,True
PF00090,5fmw,L,P02748,human,True
PF00090,5fmw,M,P02748,human,True
PF00090,5fmw,N,P02748,human,True
PF00090,5fmw,O,P02748,human,True
PF00090,5fmw,P,P02748,human,True
PF00090,5fmw,Q,P02748,human,True
PF00090,5fmw,R,P02748,human,True
PF00090,5fmw,S,P02748,human,True
PF00090,5fmw,T,P02748,human,True
PF00090,5fmw,U,P02748,human,True
PF00090,5fmw,V,P02748,human,True
PF00090,5foe,A,P07996,human,True
PF00090,5foe,B,P07996,human,True
PF00090,6dlw,A,P02748,human,True
PF00090,6dlw,B,P02748,human,True
PF00090,6dlw,C,P02748,human,True
PF00090,6dlw,D,P02748,human,True
PF00090,6dlw,E,P02748,human,True
PF00090,6dlw,F,P02748,human,True
PF00090,6dlw,G,P02748,human,True
PF00090,6dlw,H,P02748,human,True
PF00090,6dlw,I,P02748,human,True
PF00090,6dlw,J,P02748,human,True
PF00090,6dlw,K,P02748,human,True
PF00090,6dlw,L,P02748,human,True
PF00090,6dlw,M,P02748,human,True
PF00090,6dlw,N,P02748,human,True
PF00090,6dlw,O,P02748,human,True
PF00090,6dlw,P,P02748,human,True
PF00090,6dlw,Q,P02748,human,True
PF00090,6dlw,R,P02748,human,True
PF00090,6dlw,S,P02748,human,True
PF00090,6dlw,T,P02748,human,True
PF00090,6dlw,U,P02748,human,True
PF00090,6dlw,V,P02748,human,True
PF00090,6h03,B,P13671,human,True
PF00090,6h03,C,P07358,human,True
PF00090,6h03,D,P10643,human,True
PF00090,6h03,F,P07357,human,True
PF00090,6h03,G,P02748,human,True
PF00090,6h03,H,P02748,human,True
PF00090,6h03,I,P02748,human,True
PF00090,6h03,J,P02748,human,True
PF00090,6h03,K,P02748,human,True
PF00090,6h03,L,P02748,human,True
PF00090,6h03,M,P02748,human,True
PF00090,6h03,N,P02748,human,True
PF00090,6h03,O,P02748,human,True
PF00090,6h03,P,P02748,human,True
PF00090,6h03,Q,P02748,human,True
PF00090,6h03,R,P02748,human,True
PF00090,6h03,S,P02748,human,True
PF00090,6h03,T,P02748,human,True
PF00090,6h03,U,P02748,human,True
PF00090,6h03,V,P02748,human,True
PF00090,6h03,W,P02748,human,True
PF00090,6h03,X,P02748,human,True
PF00090,6h04,B,P13671,human,True
PF00090,6h04,C,P07358,human,True
PF00090,6h04,D,P10643,human,True
PF00090,6h04,F,P07357,human,True
PF00090,6h04,G,P02748,human,True
PF00090,6h04,H,P02748,human,True
PF00090,6h04,I,P02748,human,True
PF00090,6h04,J,P02748,human,True
PF00090,6h04,K,P02748,human,True
PF00090,6h04,L,P02748,human,True
PF00090,6h04,M,P02748,human,True
PF00090,6h04,N,P02748,human,True
PF00090,6h04,O,P02748,human,True
PF00090,6h04,P,P02748,human,True
PF00090,6h04,Q,P02748,human,True
PF00090,6h04,R,P02748,human,True
PF00090,6h04,S,P02748,human,True
PF00090,6h04,T,P02748,human,True
PF00090,6h04,U,P02748,human,True
PF00090,6h04,V,P02748,human,True
PF00090,6h04,W,P02748,human,True
PF00090,6h04,X,P02748,human,True
PF00090,6qig,A,Q76LX8,human,True
PF00090,6rur,U,P27918,human,True
PF00090,6rur,V,P27918,human,True
PF00090,6rur,X,P27918,human,True
PF00090,6rur,Y,P27918,human,True
PF00092,11jf,P,Q9UKK3,human,True
PF00092,11mg,D,P00751,human,True
PF00092,11mh,D,P00751,human,True
PF00092,1ao3,A,P04275,human,True
PF00092,1ao3,B,P04275,human,True
PF00092,1aox,A,P17301,human,True
PF00092,1aox,B,P17301,human,True
PF00092,1atz,A,P04275,human,True
PF00092,1atz,B,P04275,human,True
PF00092,1auq,A,P04275,human,True
PF00092,1bho,1,P11215,human,True
PF00092,1bho,2,P11215,human,True
PF00092,1bhq,1,P11215,human,True
PF00092,1bhq,2,P11215,human,True
PF00092,1cqp,A,P20701,human,True
PF00092,1cqp,B,P20701,human,True
PF00092,1dgq,A,P20701,human,True
PF00092,1dzi,A,P17301,human,True
PF00092,1fe8,A,P04275,human,True
PF00092,1fe8,B,P04275,human,True
PF00092,1fe8,C,P04275,human,True
PF00092,1fns,A,P04275,human,True
PF00092,1idn,1,P11215,human,True
PF00092,1idn,2,P11215,human,True
PF00092,1ido,A,P11215,human,True
PF00092,1ijb,A,P04275,human,True
PF00092,1ijk,A,P04275,human,True
PF00092,1jlm,A,P11215,human,True
PF00092,1lfa,A,P20701,human,True
PF00092,1lfa,B,P20701,human,True
PF00093,10ft,B,Q99435,human,True
PF00093,1u5m,A,P02458,human,True
PF00093,5nir,A,P02458,human,True
PF00093,5nir,B,P02458,human,True
PF00093,9pwq,B,Q99435,human,True
PF00093,9rd6,A,Q9H2X0,human,True
PF00093,9rd6,B,Q9H2X0,human,True
PF00094,6n29,A,P04275,human,True
PF00094,6n29,B,P04275,human,True
PF00094,6rbf,A,Q02817,human,True
PF00094,6rbf,B,Q02817,human,True
PF00094,6rbf,C,Q02817,human,True
PF00094,6rbf,D,Q02817,human,True
PF00094,6tm2,A,Q02817,human,True
PF00094,6tm2,B,Q02817,human,True
PF00094,6tm2,C,Q02817,human,True
PF00094,6tm2,D,Q02817,human,True
PF00094,7a5o,A,Q02817,human,True
PF00094,7a5o,B,Q02817,human,True
PF00094,7a5o,C,Q02817,human,True
PF00094,7a5o,D,Q02817,human,True
PF00094,7a5o,E,Q02817,human,True
PF00094,7a5o,F,Q02817,human,True
PF00094,7a5o,G,Q02817,human,True
PF00094,7a5o,H,Q02817,human,True
PF00094,7a5o,I,Q02817,human,True
PF00094,7a5o,J,Q02817,human,True
PF00094,7kwo,V,P04275,human,True
PF00094,7pmv,A,P04275,human,True
PF00094,7pmv,B,P04275,human,True
PF00094,7pmv,D,P04275,human,True
PF00094,7pmv,E,P04275,human,True
PF00094,7pnf,B,P04275,human,True
PF00094,7pnf,D,P04275,human,True
PF00094,7pov,A,Q02817,human,True
PF00094,7pov,B,Q02817,human,True
PF00094,7pov,C,Q02817,human,True
PF00094,7pov,D,Q02817,human,True
PF00094,7pp6,A,Q02817,human,True
PF00094,7pp6,B,Q02817,human,True
PF00094,7pp6,C,Q02817,human,True
PF00094,7pp6,D,Q02817,human,True
PF00094,7pp6,E,Q02817,human,True
PF00094,7pp6,G,Q02817,human,True
PF00094,7prl,A,Q02817,human,True
PF00094,7qcl,A,Q02817,human,True
PF00094,7qcl,B,Q02817,human,True
PF00094,7qcu,A,Q02817,human,True
PF00094,7qcu,B,Q02817,human,True
PF00094,7wn3,A,P04275,human,True
PF00094,7wn3,B,P04275,human,True
PF00094,7wn3,C,P04275,human,True
PF00094,7wn3,D,P04275,human,True
PF00094,7wn3,E,P04275,human,True
PF00094,7wn3,F,P04275,human,True
PF00094,7wn3,G,P04275,human,True
PF00094,7wn3,H,P04275,human,True
PF00094,7wn4,E,P04275,human,True
PF00094,7wn4,F,P04275,human,True
PF00094,7wn4,G,P04275,human,True
PF00094,7wn4,H,P04275,human,True
PF00094,7wn6,A,P04275,human,True
PF00094,7wn6,B,P04275,human,True
PF00094,7wn6,C,P04275,human,True
PF00094,7wn6,D,P04275,human,True
PF00094,7wn6,E,P04275,human,True
PF00094,7wn6,F,P04275,human,True
PF00094,7wn6,G,P04275,human,True
PF00094,7wn6,H,P04275,human,True
PF00094,7wpp,E,P04275,human,True
PF00094,7wpp,F,P04275,human,True
PF00094,7wpp,G,P04275,human,True
PF00094,7wpp,H,P04275,human,True
PF00094,7wpq,A,P04275,human,True
PF00094,7wpq,B,P04275,human,True
PF00094,7wpq,C,P04275,human,True
PF00094,7wpq,D,P04275,human,True
PF00094,7wpq,E,P04275,human,True
PF00094,7wpq,F,P04275,human,True
PF00094,7wpq,G,P04275,human,True
PF00094,7wpq,H,P04275,human,True
PF00094,7wpr,A,P04275,human,True
PF00094,7wpr,B,P04275,human,True
PF00094,7wpr,C,P04275,human,True
PF00094,7wpr,D,P04275,human,True
PF00094,7wpr,E,P04275,human,True
PF00094,7wpr,F,P04275,human,True
PF00094,7wpr,G,P04275,human,True
PF00094,7wpr,H,P04275,human,True
PF00094,7wpr,I,P04275,human,True
PF00094,7wpr,J,P04275,human,True
PF00094,7wpr,K,P04275,human,True
PF00094,7wpr,L,P04275,human,True
PF00094,7wpr,M,P04275,human,True
PF00094,7wpr,N,P04275,human,True
PF00094,7wpr,O,P04275,human,True
PF00094,7wpr,P,P04275,human,True
PF00094,7wpr,Q,P04275,human,True
PF00094,7wpr,R,P04275,human,True
PF00094,7wpr,S,P04275,human,True
PF00094,7wpr,T,P04275,human,True
PF00094,7wpr,U,P04275,human,True
PF00094,7wpr,V,P04275,human,True
PF00094,7wpr,W,P04275,human,True
PF00094,7wpr,X,P04275,human,True
PF00094,7wpr,Y,P04275,human,True
PF00094,7wpr,Z,P04275,human,True
PF00094,7wpr,a,P04275,human,True
PF00094,7wpr,b,P04275,human,True
PF00094,7wpr,c,P04275,human,True
PF00094,7wpr,d,P04275,human,True
PF00094,7wpr,e,P04275,human,True
PF00094,7wpr,f,P04275,human,True
PF00094,7wps,A,P04275,human,True
PF00094,7wps,B,P04275,human,True
PF00094,7wps,C,P04275,human,True
PF00094,7wps,D,P04275,human,True
PF00094,7wps,E,P04275,human,True
PF00094,7wps,F,P04275,human,True
PF00094,7wps,G,P04275,human,True
PF00094,7wps,H,P04275,human,True
PF00094,7wps,I,P04275,human,True
PF00094,7wps,J,P04275,human,True
PF00094,7wps,K,P04275,human,True
PF00094,7wps,L,P04275,human,True
PF00094,7wps,M,P04275,human,True
PF00094,7wps,N,P04275,human,True
PF00094,7wps,O,P04275,human,True
PF00094,7wps,P,P04275,human,True
PF00094,7wps,Q,P04275,human,True
PF00094,7wps,R,P04275,human,True
PF00094,7wps,S,P04275,human,True
PF00094,7wps,T,P04275,human,True
PF00094,7wps,U,P04275,human,True
PF00094,7wps,V,P04275,human,True
PF00094,7wps,W,P04275,human,True
PF00094,7wps,X,P04275,human,True
PF00094,7wps,Y,P04275,human,True
PF00094,7wps,Z,P04275,human,True
PF00094,7wps,a,P04275,human,True
PF00094,7wps,b,P04275,human,True
PF00094,7wqt,A,P04275,human,True
PF00094,7wqt,B,P04275,human,True
PF00094,7wqt,C,P04275,human,True
PF00094,7wqt,D,P04275,human,True
PF00094,7wqt,E,P04275,human,True
PF00094,7wqt,F,P04275,human,True
PF00094,7wqt,G,P04275,human,True
PF00094,7wqt,H,P04275,human,True
PF00094,7wqt,I,P04275,human,True
PF00094,7wqt,J,P04275,human,True
PF00094,7wqt,K,P04275,human,True
PF00094,7wqt,L,P04275,human,True
PF00094,7wqt,M,P04275,human,True
PF00094,7wqt,N,P04275,human,True
PF00094,7wqt,O,P04275,human,True
PF00094,7wqt,P,P04275,human,True
PF00094,7wqt,Q,P04275,human,True
PF00094,7wqt,R,P04275,human,True
PF00094,7wqt,S,P04275,human,True
PF00094,7wqt,T,P04275,human,True
PF00094,7wqt,U,P04275,human,True
PF00094,7wqt,V,P04275,human,True
PF00094,7wqt,W,P04275,human,True
PF00094,7wqt,X,P04275,human,True
PF00094,7wqt,Y,P04275,human,True
PF00094,7wqt,Z,P04275,human,True
PF00094,7wqt,a,P04275,human,True
PF00094,7wqt,b,P04275,human,True
PF00094,7wqt,c,P04275,human,True
PF00094,7wqt,d,P04275,human,True
PF00094,7wqt,e,P04275,human,True
PF00094,7wqt,f,P04275,human,True
PF00095,1fle,I,P19957,human,True
PF00095,1zlg,A,P23352,human,True
PF00095,2rel,A,P19957,human,True
PF00095,2z7f,I,P03973,human,True
PF00095,4doq,B,P03973,human,True
PF00095,4doq,D,P03973,human,True
PF00095,6atu,A,P19957,human,True
PF00095,6atu,B,P19957,human,True
PF00095,6atu,C,P19957,human,True
PF00095,6atu,D,P19957,human,True
PF00095,6atu,E,P19957,human,True
PF00095,6atu,F,P19957,human,True
PF00095,6atu,G,P19957,human,True
PF00095,6atu,H,P19957,human,True
PF00095,6atu,I,P19957,human,True
PF00095,6atu,J,P19957,human,True
PF00095,6atu,K,P19957,human,True
PF00095,6atu,L,P19957,human,True
PF00095,6atu,M,P19957,human,True
PF00095,6atu,N,P19957,human,True
PF00095,6atu,O,P19957,human,True
PF00095,6atu,P,P19957,human,True
PF00095,6atu,Q,P19957,human,True
PF00095,6atu,R,P19957,human,True
PF00097,10ys,A,Q13191,human,True
PF00097,10ys,B,Q13191,human,True
PF00097,10zf,A,P22681,human,True
PF00097,10zj,A,Q13191,human,True
PF00097,1bor,A,P29590,human,True
PF00097,1fbv,A,P22681,human,True
PF00097,1jm7,A,P38398,human,True
PF00097,26lm,A,Q13191,human,True
PF00097,2k4d,A,P22681,human,True
PF00097,2ldr,A,Q13191,human,True
PF00097,2mwx,A,P29590,human,True
PF00097,2y1m,A,P22681,human,True
PF00097,2y1m,B,P22681,human,True
PF00097,2y1m,C,P22681,human,True
PF00097,2y1m,D,P22681,human,True
PF00097,2y1m,E,P22681,human,True
PF00097,2y1m,F,P22681,human,True
PF00097,2y1n,A,P22681,human,True
PF00097,2y1n,C,P22681,human,True
PF00097,3knv,A,Q12933,human,True
PF00097,3vgo,A,Q13191,human,True
PF00097,3vgo,B,Q13191,human,True
PF00097,3vgo,C,Q13191,human,True
PF00097,3zni,A,Q13191,human,True
PF00097,3zni,E,Q13191,human,True
PF00097,3zni,I,Q13191,human,True
PF00097,3zni,M,Q13191,human,True
PF00097,4a49,A,P22681,human,True
PF00097,4a4b,A,P22681,human,True
PF00097,4a4c,A,P22681,human,True
PF00097,4kbl,A,Q9Y4X5,human,True
PF00097,4kbl,B,Q9Y4X5,human,True
PF00097,4kc9,A,Q9Y4X5,human,True
PF00100,4wrn,A,P07911,human,True
PF00100,4wrn,B,P07911,human,True
PF00100,6tqk,A,P07911,human,True
PF00100,6tqk,B,P07911,human,True
PF00100,6tqk,C,P07911,human,True
PF00100,6tql,A,P07911,human,True
PF00100,6tql,B,P07911,human,True
PF00100,6tql,C,P07911,human,True
PF00100,6zs5,A,P07911,human,True
PF00100,6zs5,D,P07911,human,True
PF00100,6zya,A,P07911,human,True
PF00100,7lbg,D,Q03167,human,True
PF00100,7pfp,A,P07911,human,True
PF00100,7pfp,B,P07911,human,True
PF00100,7pfp,C,P07911,human,True
PF00100,7q3n,U,P07911,human,True
PF00100,8xc5,A,P55259,human,True
PF00100,8xc5,B,P55259,human,True
PF00100,8xc5,C,P55259,human,True
PF00100,9nu1,A,P07911,human,True
PF00100,9nu1,B,P07911,human,True
PF00100,9nu1,C,P07911,human,True
PF00100,9nu1,S,P07911,human,True
PF00100,9nu2,A,P07911,human,True
PF00100,9nu2,B,P07911,human,True
PF00100,9nu2,C,P07911,human,True
PF00100,9nu2,D,P07911,human,True
PF00100,9nu2,E,P07911,human,True
PF00100,9nu2,F,P07911,human,True
PF00100,9nu2,G,P07911,human,True
PF00100,9nu2,H,P07911,human,True
PF00100,9nu2,I,P07911,human,True
PF00100,9nu2,J,P07911,human,True
PF00100,9nu2,K,P07911,human,True
PF00100,9nu2,L,P07911,human,True
PF00100,9nu2,M,P07911,human,True
PF00100,9nu2,N,P07911,human,True
PF00100,9nu2,O,P07911,human,True
PF00100,9nu2,P,P07911,human,True
PF00100,9nu2,Q,P07911,human,True
PF00100,9nu2,R,P07911,human,True
PF00100,9nu3,A,P07911,human,True
PF00100,9nu3,B,P07911,human,True
PF00100,9nu3,C,P07911,human,True
PF00100,9nu3,D,P07911,human,True
PF00100,9nu3,E,P07911,human,True
PF00100,9nu3,F,P07911,human,True
PF00100,9nu3,G,P07911,human,True
PF00100,9nu3,H,P07911,human,True
PF00100,9nu3,I,P07911,human,True
PF00100,9nu3,J,P07911,human,True
PF00100,9nu3,K,P07911,human,True
PF00100,9nu3,L,P07911,human,True
PF00100,9nu3,M,P07911,human,True
PF00100,9nu3,N,P07911,human,True
PF00100,9nu3,O,P07911,human,True
PF00100,9nu3,P,P07911,human,True
PF00100,9nu3,Q,P07911,human,True
PF00100,9nu3,R,P07911,human,True
PF00100,5bup,A,P20239,mouse,True
PF00100,4ajv,A,O88393,mouse,False
PF00106,1a27,A,P14061,human,True
PF00106,1bhs,A,P14061,human,True
PF00106,1dht,A,P14061,human,True
PF00106,1equ,A,P14061,human,True
PF00106,1equ,B,P14061,human,True
PF00106,1fds,A,P14061,human,True
PF00106,1fdt,A,P14061,human,True
PF00106,1fdu,A,P14061,human,True
PF00106,1fdu,B,P14061,human,True
PF00106,1fdu,C,P14061,human,True
PF00106,1fdu,D,P14061,human,True
PF00106,1fdv,A,P14061,human,True
PF00106,1fdv,B,P14061,human,True
PF00106,1fdv,C,P14061,human,True
PF00106,1fdv,D,P14061,human,True
PF00106,1fdw,A,P14061,human,True
PF00106,1hdr,A,P09417,human,True
PF00106,1i5r,A,P14061,human,True
PF00106,1iol,A,P14061,human,True
PF00106,1jtv,A,P14061,human,True
PF00106,1qyv,A,P14061,human,True
PF00106,1qyw,A,P14061,human,True
PF00106,1qyx,A,P14061,human,True
PF00106,1so8,A,Q99714,human,True
PF00106,1u7t,A,Q99714,human,True
PF00106,1u7t,B,Q99714,human,True
PF00106,1u7t,C,Q99714,human,True
PF00106,1u7t,D,Q99714,human,True
PF00106,1wma,A,P16152,human,True
PF00106,1xg5,A,Q6UWP2,human,True
PF00106,1xg5,B,Q6UWP2,human,True
PF00106,1xg5,C,Q6UWP2,human,True
PF00106,1xg5,D,Q6UWP2,human,True
PF00122,24rc,A,P05023,human,True
PF00122,2kij,A,Q04656,human,True
PF00122,5ztf,A,P16615,human,True
PF00122,6a69,A,P20020,human,True
PF00122,6jju,A,P16615,human,True
PF00122,6k7g,A,Q9Y2Q0,human,True
PF00122,6k7h,A,Q9Y2Q0,human,True
PF00122,6k7i,A,Q9Y2Q0,human,True
PF00122,6k7j,A,Q9Y2Q0,human,True
PF00122,6k7k,A,Q9Y2Q0,human,True
PF00122,6k7l,A,Q9Y2Q0,human,True
PF00122,6k7m,A,Q9Y2Q0,human,True
PF00122,6k7n,A,Q9Y2Q0,human,True
PF00122,6lkn,A,Q8NB49,human,True
PF00122,6lkn,E,Q8NB49,human,True
PF00122,6lkn,I,Q8NB49,human,True
PF00122,6lkn,M,Q8NB49,human,True
PF00122,6lle,A,P16615,human,True
PF00122,6lly,A,P16615,human,True
PF00122,6ln5,A,P16615,human,True
PF00122,6ln6,A,P16615,human,True
PF00122,6ln7,A,P16615,human,True
PF00122,6ln8,A,P16615,human,True
PF00128,1b2y,A,P04746,human,True
PF00128,1bsi,A,P04746,human,True
PF00128,1c8q,A,P0DUB6,human,True
PF00128,1cpu,A,P04746,human,True
PF00128,1hny,A,P04746,human,True
PF00128,1jxj,A,P0DUB6,human,True
PF00128,1jxk,A,P0DUB6,human,True
PF00128,1kb3,A,P04746,human,True
PF00128,1kbb,A,P04746,human,True
PF00128,1kbk,A,P04746,human,True
PF00128,1kgu,A,P04746,human,True
PF00128,1kgw,A,P04746,human,True
PF00128,1kgx,A,P04746,human,True
PF00128,1mfu,A,P0DUB6,human,True
PF00128,1mfv,A,P0DUB6,human,True
PF00128,1nm9,A,P0DUB6,human,True
PF00128,1q4n,X,P0DUB6,human,True
PF00128,1smd,A,P0DUB6,human,True
PF00128,1u2y,A,P04746,human,True
PF00128,1u30,A,P04746,human,True
PF00129,13br,A,P25311,human,True
PF00129,1a1m,A,P01889,human,True
PF00129,1a1n,A,P01889,human,True
PF00129,1a1o,A,P01889,human,True
PF00129,1a6z,A,Q30201,human,True
PF00129,1a6z,C,Q30201,human,True
PF00129,1a9b,A,P01889,human,True
PF00129,1a9b,D,P01889,human,True
PF00129,1a9e,A,P01889,human,True
PF00129,1agb,A,P01889,human,True
PF00129,1agc,A,P01889,human,True
PF00129,1agd,A,P01889,human,True
PF00129,1age,A,P01889,human,True
PF00129,1agf,A,P01889,human,True
PF00129,1akj,A,P04439,human,True
PF00129,1ao7,A,P04439,human,True
PF00129,1b0g,A,P04439,human,True
PF00129,1b0g,D,P04439,human,True
PF00129,1b0r,A,P04439,human,True
PF00129,1b3j,A,Q29983,human,True
PF00129,1bd2,A,P04439,human,True
PF00129,1cg9,A,P01889,human,True
PF00129,1de4,A,Q30201,human,True
PF00129,1de4,D,Q30201,human,True
PF00129,1de4,G,Q30201,human,True
PF00135,13co,A,P22303,human,True
PF00135,13co,B,P22303,human,True
PF00135,13co,C,P22303,human,True
PF00135,13co,D,P22303,human,True
PF00135,13cp,A,P22303,human,True
PF00135,13cp,B,P22303,human,True
PF00135,13cp,C,P22303,human,True
PF00135,13cp,D,P22303,human,True
PF00135,1b41,A,P22303,human,True
PF00135,1f6w,A,P19835,human,True
PF00135,1f8u,A,P22303,human,True
PF00135,1p0i,A,P06276,human,True
PF00135,1p0m,A,P06276,human,True
PF00135,1p0p,A,P06276,human,True
PF00135,1p0q,A,P06276,human,True
PF00135,1xlu,A,P06276,human,True
PF00135,1xlv,A,P06276,human,True
PF00135,1xlw,A,P06276,human,True
PF00135,2j4c,A,P06276,human,True
PF00135,2pm8,A,P06276,human,True
PF00135,2pm8,B,P06276,human,True
PF00135,2wid,A,P06276,human,True
PF00135,2wif,A,P06276,human,True
PF00135,2wig,A,P06276,human,True
PF00135,2wij,A,P06276,human,True
PF00135,2wik,A,P06276,human,True
PF00135,2wil,A,P06276,human,True
PF00135,2wil,B,P06276,human,True
PF00147,1fib,A,P02679,human,True
PF00147,1fic,A,P02679,human,True
PF00147,1fic,B,P02679,human,True
PF00147,1fid,A,P02679,human,True
PF00147,1fza,B,P02675,human,True
PF00147,1fza,C,P02679,human,True
PF00147,1fza,E,P02675,human,True
PF00147,1fza,F,P02679,human,True
PF00147,1fzb,B,P02675,human,True
PF00147,1fzb,C,P02679,human,True
PF00147,1fzb,E,P02675,human,True
PF00147,1fzb,F,P02679,human,True
PF00147,1fzc,B,P02675,human,True
PF00147,1fzc,C,P02679,human,True
PF00147,1fzc,E,P02675,human,True
PF00147,1fzc,F,P02679,human,True
PF00147,1fze,B,P02675,human,True
PF00147,1fze,C,P02679,human,True
PF00147,1fze,E,P02675,human,True
PF00147,1fze,F,P02679,human,True
PF00147,1fzf,B,P02675,human,True
PF00147,1fzf,C,P02679,human,True
PF00147,1fzf,E,P02675,human,True
PF00147,1fzf,F,P02679,human,True
PF00147,1fzg,B,P02675,human,True
PF00147,1fzg,C,P02679,human,True
PF00147,1fzg,E,P02675,human,True
PF00147,1fzg,F,P02679,human,True
PF00147,1lt9,B,P02675,human,True
PF00147,1lt9,C,P02679,human,True
PF00147,1lt9,E,P02675,human,True
PF00147,1lt9,F,P02679,human,True
PF00147,1ltj,B,P02675,human,True
PF00147,1ltj,C,P02679,human,True
PF00147,1ltj,E,P02675,human,True
PF00147,1ltj,F,P02679,human,True
PF00147,1n86,B,P02675,human,True
PF00147,1n86,C,P02679,human,True
PF00147,1n86,E,P02675,human,True
PF00147,1n86,F,P02679,human,True
PF00147,1n8e,B,P02675,human,True
PF00147,1n8e,C,P02679,human,True
PF00147,1n8e,E,P02675,human,True
PF00147,1n8e,F,P02679,human,True
PF00147,1re3,B,P02675,human,True
PF00147,1re3,C,P02679,human,True
PF00147,1re3,E,P02675,human,True
PF00147,1re3,F,P02679,human,True
PF00147,1re4,B,P02675,human,True
PF00147,1re4,C,P02679,human,True
PF00147,1re4,E,P02675,human,True
PF00147,1re4,F,P02679,human,True
PF00147,1rf0,B,P02675,human,True
PF00147,1rf0,C,P02679,human,True
PF00147,1rf0,E,P02675,human,True
PF00147,1rf0,F,P02679,human,True
PF00147,1rf1,B,P02675,human,True
PF00147,1rf1,C,P02679,human,True
PF00147,1rf1,E,P02675,human,True
PF00147,1rf1,F,P02679,human,True
PF00147,2ffd,B,P02675,human,True
PF00147,2ffd,C,P02679,human,True
PF00147,2ffd,E,P02675,human,True
PF00147,2ffd,F,P02679,human,True
PF00147,2fib,A,P02679,human,True
PF00147,2h43,B,P02675,human,True
PF00147,2h43,C,P02679,human,True
PF00147,2h43,E,P02675,human,True
PF00147,2h43,F,P02679,human,True
PF00149,1aui,A,Q08209,human,True
PF00149,1it6,A,P36873,human,True
PF00149,1it6,B,P36873,human,True
PF00149,1jk7,A,P36873,human,True
PF00149,1m63,A,Q08209,human,True
PF00149,1m63,E,Q08209,human,True
PF00149,1mf8,A,Q08209,human,True
PF00149,1s70,A,P62207,human,True
PF00149,1s95,A,P53041,human,True
PF00149,1s95,B,P53041,human,True
PF00149,1u32,A,P36873,human,True
PF00149,1wao,1,P53041,human,True
PF00149,1wao,2,P53041,human,True
PF00149,1wao,3,P53041,human,True
PF00149,1wao,4,P53041,human,True
PF00149,1war,A,P13686,human,True
PF00149,2bcd,A,P36873,human,True
PF00149,2bdx,A,P36873,human,True
PF00149,2bq8,X,P13686,human,True
PF00149,2iae,C,P67775,human,True
PF00149,2iae,F,P67775,human,True
PF00149,2ie3,C,P67775,human,True
PF00149,2ie4,C,P67775,human,True
PF00149,2jog,A,Q08209,human,True
PF00149,2npp,C,P67775,human,True
PF00149,2npp,F,P67775,human,True
PF00149,2nyl,C,P67775,human,True
PF00149,2nyl,F,P67775,human,True
PF00149,2nym,C,P67775,human,True
PF00149,2nym,F,P67775,human,True
PF00188,1smb,A,Q9H4G4,human,True
PF00188,3q2r,A,P48060,human,True
PF00188,3q2u,A,P48060,human,True
PF00188,4aiw,A,Q9H4G4,human,True
PF00188,5vhg,A,Q9H4G4,human,True
PF00193,1o7b,T,P98066,human,True
PF00193,1o7c,T,P98066,human,True
PF00193,1poz,A,P16070,human,True
PF00193,1uuh,A,P16070,human,True
PF00193,1uuh,B,P16070,human,True
PF00193,2i83,A,P16070,human,True
PF00193,2n40,A,P98066,human,True
PF00193,2pf5,A,P98066,human,True
PF00193,2pf5,B,P98066,human,True
PF00193,2pf5,C,P98066,human,True
PF00193,2pf5,D,P98066,human,True
PF00193,2pf5,E,P98066,human,True
PF00193,32nz,B,P16070,human,True
PF00193,4pz3,A,P16070,human,True
PF00193,4pz3,B,P16070,human,True
PF00193,4pz4,A,P16070,human,True
PF00193,4pz4,B,P16070,human,True
PF00193,8os2,A,Q9Y5Y7,human,True
PF00193,8oxd,A,Q9Y5Y7,human,True
PF00193,9dff,A,P16112,human,True
PF00193,9dff,B,P16112,human,True
PF00193,9dft,A,P16112,human,True
PF00193,9dft,B,P16112,human,True
PF00193,2jcp,A,P15379,mouse,True
PF00193,2jcq,A,P15379,mouse,True
PF00193,2jcr,A,P15379,mouse,True
PF00193,32oa,A,P15379,mouse,True
PF00193,4mrd,A,P15379,mouse,True
PF00193,4mre,A,P15379,mouse,True
PF00194,12ca,A,P00918,human,True
PF00194,1a42,A,P00918,human,True
PF00194,1am6,A,P00918,human,True
PF00194,1avn,A,P00918,human,True
PF00194,1azm,A,P00915,human,True
PF00194,1bcd,A,P00918,human,True
PF00194,1bic,A,P00918,human,True
PF00194,1bn1,A,P00918,human,True
PF00194,1bn3,A,P00918,human,True
PF00194,1bn4,A,P00918,human,True
PF00194,1bnm,A,P00918,human,True
PF00194,1bnn,A,P00918,human,True
PF00194,1bnq,A,P00918,human,True
PF00194,1bnt,A,P00918,human,True
PF00194,1bnu,A,P00918,human,True
PF00194,1bnv,A,P00918,human,True
PF00194,1bnw,A,P00918,human,True
PF00194,1bv3,A,P00918,human,True
PF00194,1bzm,A,P00915,human,True
PF00194,1ca2,A,P00918,human,True
PF00200,3g5c,A,Q9P0K1,human,True
PF00200,3g5c,B,Q9P0K1,human,True
PF00200,5y2z,A,Q9P0K1,human,True
PF00200,5y2z,C,Q9P0K1,human,True
PF00200,5y2z,E,Q9P0K1,human,True
PF00200,5y2z,G,Q9P0K1,human,True
PF00200,5y2z,I,Q9P0K1,human,True
PF00200,5y2z,K,Q9P0K1,human,True
PF00200,5y31,A,Q9P0K1,human,True
PF00200,5y31,C,Q9P0K1,human,True
PF00200,6bdz,A,O14672,human,True
PF00200,6be6,A,O14672,human,True
PF00200,6be6,B,O14672,human,True
PF00200,6be6,C,O14672,human,True
PF00200,6be6,D,O14672,human,True
PF00200,8esv,A,O14672,human,True
PF00200,8hpy,A,Q9P0K1,human,True
PF00200,8hpy,B,Q9P0K1,human,True
PF00200,8hq1,A,Q9P0K1,human,True
PF00200,8hq1,B,Q9P0K1,human,True
PF00200,8hq1,C,Q9P0K1,human,True
PF00200,8hq2,A,Q9P0K1,human,True
PF00200,8hq2,B,Q9P0K1,human,True
PF00200,8snl,A,P78536,human,True
PF00200,8snm,B,P78536,human,True
PF00200,8snn,A,P78536,human,True
PF00200,8sno,A,P78536,human,True
PF00200,8y6b,A,Q9P0K1,human,True
PF00200,8y6b,B,Q9P0K1,human,True
PF00200,8y6b,C,Q9P0K1,human,True
PF00200,9kzc,A,Q9P0K1,human,True
PF00200,9kzt,A,Q9P0K1,human,True
PF00200,9kzt,C,Q9P0K1,human,True
PF00200,9kzt,E,Q9P0K1,human,True
PF00200,9o58,A,P78536,human,True
PF00200,9q7y,B,P78536,human,True
PF00200,9xy4,B,P78536,human,True
PF00200,9e6k,C,P78536,human,False
PF00201,2o6l,A,P16662,human,False
PF00201,2o6l,B,P16662,human,False
PF00201,6ipb,A,P54855,human,False
PF00201,6ipb,B,P54855,human,False
PF00201,6ipb,C,P54855,human,False
PF00201,6ipb,D,P54855,human,False
PF00201,7cjx,A,P54855,human,False
PF00201,7cjx,B,P54855,human,False
PF00201,7cjx,C,P54855,human,False
PF00201,7cjx,D,P54855,human,False
PF00201,7yan,A,O75795,human,False
PF00201,7yan,B,O75795,human,False
PF00201,7yan,C,O75795,human,False
PF00201,7yan,D,O75795,human,False
PF00201,7yf5,A,P36537,human,False
PF00201,7yf5,B,P36537,human,False
PF00207,11mg,B,P01024,human,True
PF00207,11mh,B,P01024,human,True
PF00207,2a73,B,P01024,human,True
PF00207,2a74,B,P01024,human,True
PF00207,2a74,E,P01024,human,True
PF00207,2i07,B,P01024,human,True
PF00207,2ice,B,P01024,human,True
PF00207,2ice,E,P01024,human,True
PF00207,2icf,B,P01024,human,True
PF00207,2qki,B,P01024,human,True
PF00207,2qki,E,P01024,human,True
PF00207,2wii,B,P01024,human,True
PF00207,2win,B,P01024,human,True
PF00207,2win,D,P01024,human,True
PF00207,2win,F,P01024,human,True
PF00207,2win,H,P01024,human,True
PF00207,2xwb,B,P01024,human,True
PF00207,2xwb,D,P01024,human,True
PF00207,2xwj,B,P01024,human,True
PF00207,2xwj,D,P01024,human,True
PF00207,2xwj,F,P01024,human,True
PF00207,2xwj,H,P01024,human,True
PF00207,30je,C,P01024,human,True
PF00207,3g6j,B,P01024,human,True
PF00207,3g6j,D,P01024,human,True
PF00207,3kls,A,P01031,human,True
PF00207,3kls,B,P01031,human,True
PF00207,3km9,A,P01031,human,True
PF00207,3km9,B,P01031,human,True
PF00207,3l3o,B,P01024,human,True
PF00207,3l3o,E,P01024,human,True
PF00207,3l5n,B,P01024,human,True
PF00207,3nms,B,P01024,human,True
PF00207,3ohx,B,P01024,human,True
PF00207,3ohx,E,P01024,human,True
PF00219,1wqj,B,P22692,human,True
PF00219,2dsp,B,P22692,human,True
PF00219,2dsq,A,P22692,human,True
PF00219,2dsq,B,P22692,human,True
PF00219,2dsr,B,P22692,human,True
PF00219,3tjq,A,Q92743,human,True
PF00219,7ufg,C,P24593,human,True
PF00219,7ufg,D,P24593,human,True
PF00219,7wrq,B,P17936,human,True
PF00219,8ivd,A,Q16270,human,True
PF00219,8ivd,B,Q16270,human,True
PF00219,8ivd,C,Q16270,human,True
PF00219,8ivd,D,Q16270,human,True
PF00219,9zhh,A,Q16270,human,True
PF00219,9zhh,B,Q16270,human,True
PF00219,9zhh,C,Q16270,human,True
PF00219,9zhh,D,Q16270,human,True
PF00219,9zhh,E,Q16270,human,True
PF00219,9zhh,F,Q16270,human,True
PF00219,9zhh,G,Q16270,human,True
PF00219,9zhh,H,Q16270,human,True
PF00219,9zhh,I,Q16270,human,True
PF00219,9zhh,J,Q16270,human,True
PF00219,9zhh,K,Q16270,human,True
PF00219,9zhh,L,Q16270,human,True
PF00219,9zhq,C,Q16270,human,True
PF00219,9zhq,D,Q16270,human,True
PF00219,9zhq,E,Q16270,human,True
PF00219,9zhq,F,Q16270,human,True
PF00219,9zhq,G,Q16270,human,True
PF00219,9zhq,H,Q16270,human,True
PF00219,9zhq,I,Q16270,human,True
PF00219,9zhq,J,Q16270,human,True
PF00219,9zhq,K,Q16270,human,True
PF00219,9zhq,L,Q16270,human,True
PF00219,9zhq,M,Q16270,human,True
PF00219,9zhq,N,Q16270,human,True
PF00219,1boe,A,P24593,human,False
PF00219,1h59,B,P24593,human,False
PF00229,1a8m,A,P01375,human,True
PF00229,1a8m,B,P01375,human,True
PF00229,1a8m,C,P01375,human,True
PF00229,1aly,A,P29965,human,True
PF00229,1d0g,A,P50591,human,True
PF00229,1d0g,B,P50591,human,True
PF00229,1d0g,D,P50591,human,True
PF00229,1d2q,A,P50591,human,True
PF00229,1d2q,B,P50591,human,True
PF00229,1d4v,B,P50591,human,True
PF00229,1dg6,A,P50591,human,True
PF00229,1du3,D,P50591,human,True
PF00229,1du3,E,P50591,human,True
PF00229,1du3,F,P50591,human,True
PF00229,1du3,J,P50591,human,True
PF00229,1du3,K,P50591,human,True
PF00229,1du3,L,P50591,human,True
PF00229,1i9r,A,P29965,human,True
PF00229,1i9r,B,P29965,human,True
PF00229,1i9r,C,P29965,human,True
PF00229,1jh5,A,Q9Y275,human,True
PF00229,1jh5,B,Q9Y275,human,True
PF00229,1jh5,C,Q9Y275,human,True
PF00229,1jh5,D,Q9Y275,human,True
PF00229,1jh5,E,Q9Y275,human,True
PF00229,1jh5,F,Q9Y275,human,True
PF00229,1jh5,G,Q9Y275,human,True
PF00229,1jh5,H,Q9Y275,human,True
PF00229,1jh5,I,Q9Y275,human,True
PF00229,1jh5,J,Q9Y275,human,True
PF00229,1kd7,A,Q9Y275,human,True
PF00229,1kd7,B,Q9Y275,human,True
PF00229,1kd7,C,Q9Y275,human,True
PF00229,1kd7,K,Q9Y275,human,True
PF00229,1kd7,L,Q9Y275,human,True
PF00229,1kd7,M,Q9Y275,human,True
PF00229,1kxg,A,Q9Y275,human,True
PF00229,1kxg,B,Q9Y275,human,True
PF00229,1kxg,C,Q9Y275,human,True
PF00229,1kxg,D,Q9Y275,human,True
PF00229,1kxg,E,Q9Y275,human,True
PF00229,1kxg,F,Q9Y275,human,True
PF00229,1oqd,A,Q9Y275,human,True
PF00229,1oqd,B,Q9Y275,human,True
PF00229,1oqd,C,Q9Y275,human,True
PF00229,1oqd,D,Q9Y275,human,True
PF00229,1oqd,E,Q9Y275,human,True
PF00229,1oqd,F,Q9Y275,human,True
PF00229,1oqd,G,Q9Y275,human,True
PF00229,1oqd,H,Q9Y275,human,True
PF00229,1oqd,I,Q9Y275,human,True
PF00229,1oqd,J,Q9Y275,human,True
PF00229,1oqe,A,Q9Y275,human,True
PF00229,1oqe,B,Q9Y275,human,True
PF00229,1oqe,C,Q9Y275,human,True
PF00229,1oqe,D,Q9Y275,human,True
PF00229,1oqe,E,Q9Y275,human,True
PF00229,1oqe,F,Q9Y275,human,True
PF00229,1oqe,G,Q9Y275,human,True
PF00229,1oqe,H,Q9Y275,human,True
PF00229,1oqe,I,Q9Y275,human,True
PF00229,1oqe,J,Q9Y275,human,True
PF00229,1osg,A,Q9Y275,human,True
PF00229,1osg,B,Q9Y275,human,True
PF00229,1osg,C,Q9Y275,human,True
PF00229,1osg,D,Q9Y275,human,True
PF00229,1osg,E,Q9Y275,human,True
PF00229,1osg,F,Q9Y275,human,True
PF00229,1rj7,A,Q92838,human,True
PF00229,1rj7,B,Q92838,human,True
PF00229,1rj7,D,Q92838,human,True
PF00229,1rj7,E,Q92838,human,True
PF00229,1rj7,F,Q92838,human,True
PF00229,1rj7,G,Q92838,human,True
PF00229,1rj7,H,Q92838,human,True
PF00229,1rj7,I,Q92838,human,True
PF00229,1rj7,J,Q92838,human,True
PF00229,1rj7,K,Q92838,human,True
PF00229,1rj7,L,Q92838,human,True
PF00229,1rj7,M,Q92838,human,True
PF00229,1tnf,A,P01375,human,True
PF00229,1tnf,B,P01375,human,True
PF00229,1tnf,C,P01375,human,True
PF00229,1tnr,A,P01374,human,True
PF00229,21tv,B,P01375,human,True
PF00229,21tv,C,P01375,human,True
PF00229,21tv,D,P01375,human,True
PF00229,21tw,B,P01375,human,True
PF00229,21tw,C,P01375,human,True
PF00229,21tw,D,P01375,human,True
PF00229,2az5,A,P01375,human,True
PF00229,2az5,B,P01375,human,True
PF00229,2az5,C,P01375,human,True
PF00229,2az5,D,P01375,human,True
PF00232,2e9l,A,Q9H227,human,True
PF00232,2e9m,A,Q9H227,human,True
PF00232,2jfe,X,Q9H227,human,True
PF00232,2zox,A,Q9H227,human,True
PF00232,3vkk,A,Q9H227,human,True
PF00232,5vak,A,Q86Z14,human,True
PF00232,5van,A,Q86Z14,human,True
PF00232,5vaq,A,Q86Z14,human,True
PF00232,5w21,A,Q9UEF7,human,True
PF00232,5wi9,A,Q86Z14,human,True
PF00232,5wi9,B,Q86Z14,human,True
PF00232,6nfj,A,Q86Z14,human,True
PF00232,6nfj,D,Q86Z14,human,True
PF00232,7ysh,A,Q9UEF7,human,True
PF00232,7ysu,A,Q9UEF7,human,True
PF00232,7ysw,A,Q9UEF7,human,True
PF00232,8toh,A,Q9UEF7,human,True
PF00232,8uf8,A,Q9UEF7,human,True
PF00232,8uf8,B,Q9UEF7,human,True
PF00245,1ew2,A,P05187,human,True
PF00245,1zeb,A,P05187,human,True
PF00245,1zed,A,P05187,human,True
PF00245,1zef,A,P05187,human,True
PF00245,2glq,A,P05187,human,True
PF00245,3mk0,A,P05187,human,True
PF00245,3mk1,A,P05187,human,True
PF00245,3mk2,A,P05187,human,True
PF00245,7yiv,A,P05186,human,True
PF00245,7yiv,B,P05186,human,True
PF00245,7yiv,C,P05186,human,True
PF00245,7yiv,D,P05186,human,True
PF00245,7yiv,E,P05186,human,True
PF00245,7yiv,F,P05186,human,True
PF00245,7yiv,G,P05186,human,True
PF00245,7yiv,H,P05186,human,True
PF00245,7yiw,A,P05186,human,True
PF00245,7yiw,B,P05186,human,True
PF00245,7yiw,C,P05186,human,True
PF00245,7yiw,D,P05186,human,True
PF00245,7yiw,E,P05186,human,True
PF00245,7yiw,F,P05186,human,True
PF00245,7yiw,G,P05186,human,True
PF00245,7yiw,H,P05186,human,True
PF00245,7yix,A,P05186,human,True
PF00245,7yix,B,P05186,human,True
PF00245,9sh5,A,P05186,human,True
PF00245,9sh5,B,P05186,human,True
PF00245,10tv,A,P09242,mouse,True
PF00245,10tv,B,P09242,mouse,True
PF00245,10tv,C,P09242,mouse,True
PF00245,10tv,D,P09242,mouse,True
PF00245,10tw,A,P09242,mouse,True
PF00245,10tw,B,P09242,mouse,True
PF00245,10tw,C,P09242,mouse,True
PF00245,10tw,D,P09242,mouse,True
PF00245,10tx,A,P09242,mouse,True
PF00245,10tx,B,P09242,mouse,True
PF00245,10tx,C,P09242,mouse,True
PF00245,10tx,D,P09242,mouse,True
PF00245,10ty,A,P09242,mouse,True
PF00245,10ty,B,P09242,mouse,True
PF00245,10ty,C,P09242,mouse,True
PF00245,10ty,D,P09242,mouse,True
PF00245,10tz,A,P09242,mouse,True
PF00245,10tz,B,P09242,mouse,True
PF00245,10tz,C,P09242,mouse,True
PF00245,10tz,D,P09242,mouse,True
PF00246,1aye,A,P48052,human,True
PF00246,1dtd,A,P48052,human,True
PF00246,1kwm,A,P15086,human,True
PF00246,1kwm,B,P15086,human,True
PF00246,1uwy,A,P14384,human,True
PF00246,1zli,A,P15086,human,True
PF00246,2bo9,A,Q9UI42,human,True
PF00246,2bo9,C,Q9UI42,human,True
PF00246,2boa,A,Q9UI42,human,True
PF00246,2boa,B,Q9UI42,human,True
PF00246,2nsm,A,P15169,human,True
PF00246,2pcu,A,Q9UI42,human,True
PF00246,2v77,A,P15085,human,True
PF00246,2v77,B,P15085,human,True
PF00246,3d66,A,Q96IY4,human,True
PF00246,3d66,B,Q96IY4,human,True
PF00246,3d66,C,Q96IY4,human,True
PF00246,3d67,A,Q96IY4,human,True
PF00246,3d67,B,Q96IY4,human,True
PF00246,3d67,C,Q96IY4,human,True
PF00246,3d68,A,Q96IY4,human,True
PF00246,3d68,B,Q96IY4,human,True
PF00246,3d68,C,Q96IY4,human,True
PF00246,3fju,A,P15085,human,True
PF00246,3lms,A,Q96IY4,human,True
PF00246,4a94,A,Q9UI42,human,True
PF00246,4a94,B,Q9UI42,human,True
PF00246,4bd9,A,Q9UI42,human,True
PF00246,4p10,A,Q96IY4,human,True
PF00246,4uee,A,P15085,human,True
PF00246,4uee,B,P15085,human,True
PF00246,4uez,A,P15085,human,True
PF00246,4uez,B,P15085,human,True
PF00326,1j2e,A,P27487,human,True
PF00326,1j2e,B,P27487,human,True
PF00326,1n1m,A,P27487,human,True
PF00326,1n1m,B,P27487,human,True
PF00326,1nu6,A,P27487,human,True
PF00326,1nu6,B,P27487,human,True
PF00326,1nu8,A,P27487,human,True
PF00326,1nu8,B,P27487,human,True
PF00326,1pfq,A,P27487,human,True
PF00326,1pfq,B,P27487,human,True
PF00326,1r9m,A,P27487,human,True
PF00326,1r9m,B,P27487,human,True
PF00326,1r9m,C,P27487,human,True
PF00326,1r9m,D,P27487,human,True
PF00326,1r9n,A,P27487,human,True
PF00326,1r9n,B,P27487,human,True
PF00326,1r9n,C,P27487,human,True
PF00326,1r9n,D,P27487,human,True
PF00326,1rwq,A,P27487,human,True
PF00326,1rwq,B,P27487,human,True
PF00326,1tk3,A,P27487,human,True
PF00326,1tk3,B,P27487,human,True
PF00326,1tkr,A,P27487,human,True
PF00326,1tkr,B,P27487,human,True
PF00326,1u8e,A,P27487,human,True
PF00326,1u8e,B,P27487,human,True
PF00326,1w1i,A,P27487,human,True
PF00326,1w1i,B,P27487,human,True
PF00326,1w1i,C,P27487,human,True
PF00326,1w1i,D,P27487,human,True
PF00326,1wcy,A,P27487,human,True
PF00326,1wcy,B,P27487,human,True
PF00326,1x70,A,P27487,human,True
PF00326,1x70,B,P27487,human,True
PF00326,22dx,A,P27487,human,True
PF00326,22dx,B,P27487,human,True
PF00326,22dy,A,P27487,human,True
PF00326,22dy,B,P27487,human,True
PF00326,22dy,D,P27487,human,True
PF00326,22dy,E,P27487,human,True
PF00326,22ea,A,P27487,human,True
PF00326,22ea,B,P27487,human,True
PF00326,22ea,D,P27487,human,True
PF00326,22ea,E,P27487,human,True
PF00326,22ea,F,P27487,human,True
PF00326,22ea,G,P27487,human,True
PF00326,22eb,A,P27487,human,True
PF00326,22eb,B,P27487,human,True
PF00326,2ajl,I,P27487,human,True
PF00326,2ajl,J,P27487,human,True
PF00326,2bgn,A,P27487,human,True
PF00326,2bgn,B,P27487,human,True
PF00326,2bgn,C,P27487,human,True
PF00326,2bgn,D,P27487,human,True
PF00328,1cvi,A,P15309,human,True
PF00328,1cvi,B,P15309,human,True
PF00328,1cvi,C,P15309,human,True
PF00328,1cvi,D,P15309,human,True
PF00328,1nd5,A,P15309,human,True
PF00328,1nd5,B,P15309,human,True
PF00328,1nd5,C,P15309,human,True
PF00328,1nd5,D,P15309,human,True
PF00328,1nd6,A,P15309,human,True
PF00328,1nd6,B,P15309,human,True
PF00328,1nd6,C,P15309,human,True
PF00328,1nd6,D,P15309,human,True
PF00328,2hpa,A,P15309,human,True
PF00328,2hpa,B,P15309,human,True
PF00328,2hpa,C,P15309,human,True
PF00328,2hpa,D,P15309,human,True
PF00328,4job,A,Q9NPH0,human,True
PF00328,4joc,A,Q9NPH0,human,True
PF00328,4jod,A,Q9NPH0,human,True
PF00328,8xj4,A,P15309,human,True
PF00328,8xj4,B,P15309,human,True
PF00354,1b09,A,P02741,human,True
PF00354,1b09,B,P02741,human,True
PF00354,1b09,C,P02741,human,True
PF00354,1b09,D,P02741,human,True
PF00354,1b09,E,P02741,human,True
PF00354,1gnh,A,P02741,human,True
PF00354,1gnh,B,P02741,human,True
PF00354,1gnh,C,P02741,human,True
PF00354,1gnh,D,P02741,human,True
PF00354,1gnh,E,P02741,human,True
PF00354,1gnh,F,P02741,human,True
PF00354,1gnh,G,P02741,human,True
PF00354,1gnh,H,P02741,human,True
PF00354,1gnh,I,P02741,human,True
PF00354,1gnh,J,P02741,human,True
PF00354,1gyk,A,P02743,human,True
PF00354,1gyk,B,P02743,human,True
PF00354,1gyk,C,P02743,human,True
PF00354,1gyk,D,P02743,human,True
PF00354,1gyk,E,P02743,human,True
PF00354,1lgn,A,P02743,human,True
PF00354,1lgn,B,P02743,human,True
PF00354,1lgn,C,P02743,human,True
PF00354,1lgn,D,P02743,human,True
PF00354,1lgn,E,P02743,human,True
PF00354,1lj7,A,P02741,human,True
PF00354,1lj7,B,P02741,human,True
PF00354,1lj7,C,P02741,human,True
PF00354,1lj7,D,P02741,human,True
PF00354,1lj7,E,P02741,human,True
PF00354,1lj7,F,P02741,human,True
PF00354,1lj7,G,P02741,human,True
PF00354,1lj7,H,P02741,human,True
PF00354,1lj7,I,P02741,human,True
PF00354,1lj7,J,P02741,human,True
PF00354,1sac,A,P02743,human,True
PF00354,1sac,B,P02743,human,True
PF00354,1sac,C,P02743,human,True
PF00354,1sac,D,P02743,human,True
PF00354,1sac,E,P02743,human,True
PF00354,2a3w,A,P02743,human,True
PF00354,2a3w,B,P02743,human,True
PF00354,2a3w,C,P02743,human,True
PF00354,2a3w,D,P02743,human,True
PF00354,2a3w,E,P02743,human,True
PF00354,2a3w,F,P02743,human,True
PF00354,2a3w,G,P02743,human,True
PF00354,2a3w,H,P02743,human,True
PF00354,2a3w,I,P02743,human,True
PF00354,2a3w,J,P02743,human,True
PF00354,2a3w,K,P02743,human,True
PF00354,2a3w,L,P02743,human,True
PF00354,2a3w,M,P02743,human,True
PF00354,2a3w,N,P02743,human,True
PF00354,2a3w,O,P02743,human,True
PF00354,2a3w,P,P02743,human,True
PF00354,2a3w,Q,P02743,human,True
PF00354,2a3w,R,P02743,human,True
PF00354,2a3w,S,P02743,human,True
PF00354,2a3w,T,P02743,human,True
PF00354,2a3x,A,P02743,human,True
PF00354,2a3x,B,P02743,human,True
PF00354,2a3x,C,P02743,human,True
PF00354,2a3x,D,P02743,human,True
PF00354,2a3x,E,P02743,human,True
PF00354,2a3x,F,P02743,human,True
PF00354,2a3x,G,P02743,human,True
PF00354,2a3x,H,P02743,human,True
PF00354,2a3x,I,P02743,human,True
PF00354,2a3x,J,P02743,human,True
PF00354,2a3y,A,P02743,human,True
PF00354,2a3y,B,P02743,human,True
PF00354,2a3y,C,P02743,human,True
PF00354,2a3y,D,P02743,human,True
PF00354,2a3y,E,P02743,human,True
PF00354,2w08,A,P02743,human,True
PF00354,2w08,B,P02743,human,True
PF00354,2w08,C,P02743,human,True
PF00354,2w08,D,P02743,human,True
PF00354,2w08,E,P02743,human,True
PF00354,3d5o,A,P02743,human,True
PF00354,3d5o,B,P02743,human,True
PF00354,3d5o,C,P02743,human,True
PF00354,3d5o,D,P02743,human,True
PF00354,3d5o,E,P02743,human,True
PF00354,3kqr,A,P02743,human,True
PF00354,3kqr,B,P02743,human,True
PF00354,3kqr,C,P02743,human,True
PF00354,3kqr,D,P02743,human,True
PF00354,3kqr,E,P02743,human,True
PF00354,3l2y,A,P02741,human,True
PF00354,3l2y,B,P02741,human,True
PF00354,3l2y,C,P02741,human,True
PF00354,3l2y,D,P02741,human,True
PF00354,3l2y,E,P02741,human,True
PF00354,3l2y,F,P02741,human,True
PF00354,3l2y,G,P02741,human,True
PF00354,3l2y,H,P02741,human,True
PF00354,3l2y,I,P02741,human,True
PF00354,3l2y,J,P02741,human,True
PF00354,3l2y,K,P02741,human,True
PF00354,3l2y,L,P02741,human,True
PF00354,3l2y,M,P02741,human,True
PF00354,3l2y,N,P02741,human,True
PF00354,3l2y,O,P02741,human,True
PF00354,3l2y,P,P02741,human,True
PF00354,3l2y,Q,P02741,human,True
PF00354,3l2y,R,P02741,human,True
PF00354,3l2y,S,P02741,human,True
PF00354,3l2y,T,P02741,human,True
PF00354,3pvn,A,P02741,human,True
PF00354,3pvn,B,P02741,human,True
PF00354,3pvn,C,P02741,human,True
PF00354,3pvn,D,P02741,human,True
PF00354,3pvn,E,P02741,human,True
PF00354,3pvn,F,P02741,human,True
PF00354,3pvn,G,P02741,human,True
PF00354,3pvn,H,P02741,human,True
PF00354,3pvn,I,P02741,human,True
PF00354,3pvn,J,P02741,human,True
PF00354,3pvn,K,P02741,human,True
PF00354,3pvn,L,P02741,human,True
PF00354,3pvn,M,P02741,human,True
PF00354,3pvn,N,P02741,human,True
PF00354,3pvn,O,P02741,human,True
PF00354,3pvn,P,P02741,human,True
PF00354,3pvn,Q,P02741,human,True
PF00354,3pvn,R,P02741,human,True
PF00354,3pvn,S,P02741,human,True
PF00354,3pvn,T,P02741,human,True
PF00354,3pvo,A,P02741,human,True
PF00354,3pvo,B,P02741,human,True
PF00354,3pvo,C,P02741,human,True
PF00354,3pvo,D,P02741,human,True
PF00354,3pvo,E,P02741,human,True
PF00354,3pvo,F,P02741,human,True
PF00354,3pvo,G,P02741,human,True
PF00354,3pvo,H,P02741,human,True
PF00354,3pvo,I,P02741,human,True
PF00354,3pvo,J,P02741,human,True
PF00354,3pvo,K,P02741,human,True
PF00354,3pvo,L,P02741,human,True
PF00354,3pvo,M,P02741,human,True
PF00354,3pvo,N,P02741,human,True
PF00354,3pvo,O,P02741,human,True
PF00354,3pvo,P,P02741,human,True
PF00354,3pvo,Q,P02741,human,True
PF00354,3pvo,R,P02741,human,True
PF00354,3pvo,S,P02741,human,True
PF00354,3pvo,T,P02741,human,True
PF00354,4avs,A,P02743,human,True
PF00354,4avs,B,P02743,human,True
PF00354,4avs,C,P02743,human,True
PF00354,4avs,D,P02743,human,True
PF00354,4avs,E,P02743,human,True
PF00354,4avt,A,P02743,human,True
PF00354,4avt,B,P02743,human,True
PF00354,4avt,C,P02743,human,True
PF00354,4avt,D,P02743,human,True
PF00354,4avt,E,P02743,human,True
PF00354,4avt,F,P02743,human,True
PF00354,4avt,G,P02743,human,True
PF00354,4avt,H,P02743,human,True
PF00354,4avt,I,P02743,human,True
PF00354,4avt,J,P02743,human,True
PF00354,4avv,A,P02743,human,True
PF00354,4avv,B,P02743,human,True
PF00354,4avv,C,P02743,human,True
PF00354,4avv,D,P02743,human,True
PF00354,4avv,E,P02743,human,True
PF00354,4ayu,A,P02743,human,True
PF00354,4ayu,B,P02743,human,True
PF00354,4ayu,C,P02743,human,True
PF00354,4ayu,D,P02743,human,True
PF00354,4ayu,E,P02743,human,True
PF00354,6ype,A,Q15818,human,True
PF00354,6ype,B,Q15818,human,True
PF00362,11yb,B,P05106,human,True
PF00362,1jv2,B,P05106,human,True
PF00362,1l5g,B,P05106,human,True
PF00362,1m1x,B,P05106,human,True
PF00362,1tye,B,P05106,human,True
PF00362,1tye,D,P05106,human,True
PF00362,1tye,F,P05106,human,True
PF00362,1u8c,B,P05106,human,True
PF00362,2vc2,B,P05106,human,True
PF00362,2vdk,B,P05106,human,True
PF00362,2vdl,B,P05106,human,True
PF00362,2vdm,B,P05106,human,True
PF00362,2vdn,B,P05106,human,True
PF00362,2vdo,B,P05106,human,True
PF00362,2vdp,B,P05106,human,True
PF00362,2vdq,B,P05106,human,True
PF00362,2vdr,B,P05106,human,True
PF00362,3fcs,B,P05106,human,True
PF00362,3fcs,D,P05106,human,True
PF00362,3fcu,B,P05106,human,True
PF00362,3fcu,D,P05106,human,True
PF00362,3fcu,F,P05106,human,True
PF00362,3ije,B,P05106,human,True
PF00362,3k6s,B,P05107,human,True
PF00362,3k6s,D,P05107,human,True
PF00362,3k6s,F,P05107,human,True
PF00362,3k6s,H,P05107,human,True
PF00362,3k71,B,P05107,human,True
PF00362,3k71,D,P05107,human,True
PF00362,3k71,F,P05107,human,True
PF00362,3k71,H,P05107,human,True
PF00377,1e1g,A,P04156,human,False
PF00377,1e1j,A,P04156,human,False
PF00377,1e1p,A,P04156,human,False
PF00377,1e1s,A,P04156,human,False
PF00377,1e1u,A,P04156,human,False
PF00377,1e1w,A,P04156,human,False
PF00377,1fkc,A,P04156,human,False
PF00377,1fo7,A,P04156,human,False
PF00377,1h0l,A,P04156,human,False
PF00377,1hjm,A,P04156,human,False
PF00377,1hjn,A,P04156,human,False
PF00377,1i4m,A,P04156,human,False
PF00377,1lg4,A,Q9UKY0,human,False
PF00377,1qlx,A,P04156,human,False
PF00377,1qlz,A,P04156,human,False
PF00377,1qm0,A,P04156,human,False
PF00377,1qm1,A,P04156,human,False
PF00377,1qm2,A,P04156,human,False
PF00377,1qm3,A,P04156,human,False
PF00377,2k1d,A,P04156,human,False
PF00405,1a8e,A,P02787,human,True
PF00405,1a8f,A,P02787,human,True
PF00405,1b0l,A,P02788,human,True
PF00405,1b3e,A,P02787,human,True
PF00405,1bka,A,P02788,human,True
PF00405,1bp5,A,P02787,human,True
PF00405,1bp5,B,P02787,human,True
PF00405,1bp5,C,P02787,human,True
PF00405,1bp5,D,P02787,human,True
PF00405,1btj,A,P02787,human,True
PF00405,1btj,B,P02787,human,True
PF00405,1cb6,A,P02788,human,True
PF00405,1d3k,A,P02787,human,True
PF00405,1d4n,A,P02787,human,True
PF00405,1dsn,A,P02788,human,True
PF00405,1dtg,A,P02787,human,True
PF00405,1eh3,A,P02788,human,True
PF00405,1fck,A,P02788,human,True
PF00405,1fqe,A,P02787,human,True
PF00405,1fqf,A,P02787,human,True
PF00405,1h43,A,P02788,human,True
PF00405,1h44,A,P02788,human,True
PF00405,1h45,A,P02788,human,True
PF00405,1hse,A,P02788,human,True
PF00413,1a85,A,P22894,human,True
PF00413,1a86,A,P22894,human,True
PF00413,1ayk,A,P03956,human,True
PF00413,1b3d,A,P08254,human,True
PF00413,1b3d,B,P08254,human,True
PF00413,1b8y,A,P08254,human,True
PF00413,1biw,A,P08254,human,True
PF00413,1biw,B,P08254,human,True
PF00413,1bm6,A,P08254,human,True
PF00413,1bqo,A,P08254,human,True
PF00413,1bqo,B,P08254,human,True
PF00413,1bqq,M,P50281,human,True
PF00413,1buv,M,P50281,human,True
PF00413,1bzs,A,P22894,human,True
PF00413,1c3i,A,P08254,human,True
PF00413,1c3i,B,P08254,human,True
PF00413,1c8t,A,P08254,human,True
PF00413,1c8t,B,P08254,human,True
PF00413,1caq,A,P08254,human,True
PF00413,1cge,A,P03956,human,True
PF00413,1cgf,A,P03956,human,True
PF00413,1cgf,B,P03956,human,True
PF00413,1cgl,A,P03956,human,True
PF00413,1cgl,B,P03956,human,True
PF00413,1ciz,A,P08254,human,True
PF00413,1ck7,A,P08253,human,True
PF00413,1cqr,A,P08254,human,True
PF00413,1cqr,B,P08254,human,True
PF00429,7oix,A,P60508,human,True
PF00429,6rx3,A,P60508,human,False
PF00429,6rx3,B,P60508,human,False
PF00429,6rx3,C,P60508,human,False
PF00429,8ouh,D,Q9UQF0,human,False
PF00429,8ouj,D,Q9UQF0,human,False
PF00431,1nzi,A,P09871,human,True
PF00431,1nzi,B,P09871,human,True
PF00431,1szb,A,O00187,human,True
PF00431,1szb,B,O00187,human,True
PF00431,2qqk,A,O60462,human,True
PF00431,2qql,A,O60462,human,True
PF00431,2qqm,A,O14786,human,True
PF00431,2qqo,A,O60462,human,True
PF00431,2qqo,B,O60462,human,True
PF00431,2wno,A,P98066,human,True
PF00431,3dem,A,P48740,human,True
PF00431,3dem,B,P48740,human,True
PF00431,3kq4,B,O60494,human,True
PF00431,3kq4,D,O60494,human,True
PF00431,3kq4,F,O60494,human,True
PF00431,4aqb,A,P48740,human,True
PF00431,4lmf,A,P09871,human,True
PF00431,4lmf,B,P09871,human,True
PF00431,4lmf,C,P09871,human,True
PF00431,4lmf,D,P09871,human,True
PF00431,4lor,A,P09871,human,True
PF00431,4los,A,P09871,human,True
PF00431,4lot,A,P09871,human,True
PF00431,5fws,A,Q96MU8,human,True
PF00431,5fwt,A,Q96MU8,human,True
PF00431,5fwu,A,Q96MU8,human,True
PF00431,5fwv,A,Q96MU8,human,True
PF00431,5fww,B,Q96MU8,human,True
PF00431,6f1c,A,P00736,human,True
PF00431,6f1c,B,P09871,human,True
PF00431,6f1c,C,P00736,human,True
PF00431,6f1c,D,P09871,human,True
PF00515,1a17,A,P53041,human,True
PF00515,1elr,A,P31948,human,True
PF00515,1kt0,A,Q13451,human,True
PF00515,1p5q,A,Q02790,human,True
PF00515,1p5q,B,Q02790,human,True
PF00515,1p5q,C,Q02790,human,True
PF00515,1qz2,A,Q02790,human,True
PF00515,1qz2,B,Q02790,human,True
PF00515,1qz2,C,Q02790,human,True
PF00515,1w3b,A,O15294,human,True
PF00515,1w3b,B,O15294,human,True
PF00515,1wao,1,P53041,human,True
PF00515,1wao,2,P53041,human,True
PF00515,1wao,3,P53041,human,True
PF00515,1wao,4,P53041,human,True
PF00515,2bug,A,P53041,human,True
PF00515,2lni,A,P31948,human,True
PF00515,2nc9,A,P31948,human,True
PF00515,2vyi,A,O43765,human,True
PF00515,2vyi,B,O43765,human,True
PF00515,2y4t,A,Q13217,human,True
PF00515,2y4t,B,Q13217,human,True
PF00515,2y4t,C,Q13217,human,True
PF00515,2y4u,A,Q13217,human,True
PF00515,3esk,A,P31948,human,True
PF00515,3fwv,A,P31948,human,True
PF00515,3fwv,B,P31948,human,True
PF00515,3nf1,A,Q07866,human,True
PF00515,4cgv,A,Q9H6T3,human,True
PF00515,4cgv,B,Q9H6T3,human,True
PF00515,4cgv,C,Q9H6T3,human,True
PF00515,4cgv,D,Q9H6T3,human,True
PF00515,4rg6,A,P30260,human,True
PF00515,4rg6,B,P30260,human,True
PF00515,4rg7,A,P30260,human,True
PF00515,4rg7,B,P30260,human,True
PF00515,4rg9,A,P30260,human,True
PF00515,4rg9,B,P30260,human,True
PF00517,9nnd,a,P63135,human,True
PF00517,9nnd,b,P63135,human,True
PF00517,9nnd,c,P63135,human,True
PF00517,9mla,D,P61570,human,False
PF00517,9mla,E,P61570,human,False
PF00517,9mla,F,P61570,human,False
PF00517,9mlk,A,Q69384,human,False
PF00517,9mlk,B,Q69384,human,False
PF00517,9mlk,C,Q69384,human,False
PF00517,9o4f,D,Q69384,human,False
PF00517,9o4f,E,Q69384,human,False
PF00517,9o4f,F,Q69384,human,False
PF00530,1by2,A,Q08380,human,True
PF00530,2jop,A,P06127,human,True
PF00530,2jp0,A,P06127,human,True
PF00530,2xrc,A,P05156,human,True
PF00530,2xrc,B,P05156,human,True
PF00530,2xrc,C,P05156,human,True
PF00530,2xrc,D,P05156,human,True
PF00530,5a2e,A,P30203,human,True
PF00530,5o32,D,P05156,human,True
PF00530,5o32,H,P05156,human,True
PF00530,5ze3,A,Q9Y4K0,human,True
PF00530,5ze3,B,Q9Y4K0,human,True
PF00530,6k0o,A,Q9NR16,human,True
PF00530,6k0o,B,Q9NR16,human,True
PF00530,6sa4,A,Q9UGM3,human,True
PF00530,6sa5,A,Q9UGM3,human,True
PF00530,6san,A,Q9UGM3,human,True
PF00530,6san,B,Q9UGM3,human,True
PF00530,7c00,A,Q6ZMJ2,human,True
PF00530,7dpx,A,P21757,human,True
PF00530,8j8d,A,Q9UGM3,human,True
PF00530,8j8t,A,Q9UGM3,human,True
PF00530,8j8t,B,Q9UGM3,human,True
PF00530,8r83,N,O43866,human,True
PF00530,8r84,N,O43866,human,True
PF00530,8wyr,M,O43866,human,True
PF00530,8wys,M,O43866,human,True
PF00530,8wzs,A,Q9UGM3,human,True
PF00536,1b4f,A,P29323,human,True
PF00536,1b4f,B,P29323,human,True
PF00536,1b4f,C,P29323,human,True
PF00536,1b4f,D,P29323,human,True
PF00536,1b4f,E,P29323,human,True
PF00536,1b4f,F,P29323,human,True
PF00536,1b4f,G,P29323,human,True
PF00536,1b4f,H,P29323,human,True
PF00536,1f0m,A,P29323,human,True
PF00536,1x40,A,Q8WZ64,human,True
PF00536,28oe,A,Q8IXK0,human,True
PF00536,2e8n,A,P29317,human,True
PF00536,2eam,A,Q7Z6G8,human,True
PF00536,2ean,A,Q8WXI2,human,True
PF00536,2eao,A,P54762,human,True
PF00536,2k4p,A,O15357,human,True
PF00536,2ke7,A,Q7Z6G8,human,True
PF00536,2kiv,A,Q7Z6G8,human,True
PF00536,2lmr,A,Q92625,human,True
PF00536,2qkq,A,P54760,human,True
PF00536,2qkq,B,P54760,human,True
PF00536,3bs5,B,Q8WXI2,human,True
PF00536,3sei,A,Q8WXD9,human,True
PF00536,3sei,B,Q8WXD9,human,True
PF00536,3sen,A,Q8WXD9,human,True
PF00536,3sen,B,Q8WXD9,human,True
PF00536,3sen,C,Q8WXD9,human,True
PF00536,3sen,D,Q8WXD9,human,True
PF00536,3tac,B,O75334,human,True
PF00536,3tad,A,O75334,human,True
PF00536,3tad,B,O75334,human,True
PF00536,4is7,A,Q8WXE0,human,True
PF00536,4nj8,A,Q6ZW76,human,True
PF00536,4nj8,B,Q6ZW76,human,True
PF00536,3tad,C,Q8C8U0,mouse,True
PF00536,3tad,D,Q8C8U0,mouse,True
PF00557,1b59,A,P50579,human,True
PF00557,1b6a,A,P50579,human,True
PF00557,1bn5,A,P50579,human,True
PF00557,1boa,A,P50579,human,True
PF00557,1kq0,A,P50579,human,True
PF00557,1kq9,A,P50579,human,True
PF00557,1qzy,A,P50579,human,True
PF00557,1r58,A,P50579,human,True
PF00557,1r5g,A,P50579,human,True
PF00557,1r5h,A,P50579,human,True
PF00557,1yw7,A,P50579,human,True
PF00557,1yw8,A,P50579,human,True
PF00557,1yw9,A,P50579,human,True
PF00557,2adu,A,P50579,human,True
PF00557,2b3h,A,P53582,human,True
PF00557,2b3k,A,P53582,human,True
PF00557,2b3l,A,P53582,human,True
PF00557,2ea2,A,P50579,human,True
PF00557,2ea4,A,P50579,human,True
PF00557,2g6p,A,P53582,human,True
PF00560,3zyj,A,Q9HCJ2,human,True
PF00560,3zyj,C,Q9HCJ2,human,True
PF00560,6zxd,k,Q8N1G4,human,True
PF00560,6zxe,k,Q8N1G4,human,True
PF00560,6zxf,k,Q8N1G4,human,True
PF00560,6zxg,k,Q8N1G4,human,True
PF00560,7cyn,A,Q9NYK1,human,True
PF00560,7cyn,B,Q9NYK1,human,True
PF00560,8xp3,JC,Q8N1G4,human,True
PF00560,3cig,A,Q99MB1,mouse,True
PF00560,3ciy,A,Q99MB1,mouse,True
PF00560,3ciy,B,Q99MB1,mouse,True
PF00560,7c77,A,Q99MB1,mouse,True
PF00560,7da7,A,Q99MB1,mouse,True
PF00560,7da7,B,Q99MB1,mouse,True
PF00560,7das,A,Q99MB1,mouse,True
PF00560,7das,B,Q99MB1,mouse,True
PF00560,7wm4,C,Q99MB1,mouse,True
PF00560,7wm4,D,Q99MB1,mouse,True
PF00560,7wm4,E,Q99MB1,mouse,True
PF00560,7wm4,F,Q99MB1,mouse,True
PF00561,1hlg,A,P07098,human,True
PF00561,1hlg,B,P07098,human,True
PF00561,1s8o,A,P34913,human,True
PF00561,1vj5,A,P34913,human,True
PF00561,1zd2,P,P34913,human,True
PF00561,1zd3,A,P34913,human,True
PF00561,1zd4,A,P34913,human,True
PF00561,1zd5,A,P34913,human,True
PF00561,2ocg,A,Q86WA6,human,True
PF00561,2oci,A,Q86WA6,human,True
PF00561,2ock,A,Q86WA6,human,True
PF00561,2ocl,A,Q86WA6,human,True
PF00561,3ans,A,P34913,human,True
PF00561,3ans,B,P34913,human,True
PF00561,3ant,A,P34913,human,True
PF00561,3ant,B,P34913,human,True
PF00561,3i1y,A,P34913,human,True
PF00561,3i28,A,P34913,human,True
PF00561,3koo,A,P34913,human,True
PF00561,3otq,A,P34913,human,True
PF00561,3pdc,A,P34913,human,True
PF00561,3pdc,B,P34913,human,True
PF00561,3wk4,A,P34913,human,True
PF00561,3wk5,A,P34913,human,True
PF00578,1prx,A,P30041,human,True
PF00578,1prx,B,P30041,human,True
PF00578,1qmv,A,P32119,human,True
PF00578,1qmv,B,P32119,human,True
PF00578,1qmv,C,P32119,human,True
PF00578,1qmv,D,P32119,human,True
PF00578,1qmv,E,P32119,human,True
PF00578,1qmv,F,P32119,human,True
PF00578,1qmv,G,P32119,human,True
PF00578,1qmv,H,P32119,human,True
PF00578,1qmv,I,P32119,human,True
PF00578,1qmv,J,P32119,human,True
PF00578,2rii,A,Q06830,human,True
PF00578,2rii,B,Q06830,human,True
PF00578,3hy2,A,Q06830,human,True
PF00578,3hy2,B,Q06830,human,True
PF00578,3tjb,A,Q13162,human,True
PF00578,3tjb,B,Q13162,human,True
PF00578,3tjb,C,Q13162,human,True
PF00578,3tjb,D,Q13162,human,True
PF00578,3tjb,E,Q13162,human,True
PF00578,3tjf,A,Q13162,human,True
PF00578,3tjf,B,Q13162,human,True
PF00578,3tjf,C,Q13162,human,True
PF00578,3tjf,D,Q13162,human,True
PF00578,3tjf,E,Q13162,human,True
PF00578,3tjg,A,Q13162,human,True
PF00578,3tjg,B,Q13162,human,True
PF00578,3tjg,C,Q13162,human,True
PF00578,3tjg,D,Q13162,human,True
PF00578,3tjg,E,Q13162,human,True
PF00578,3tjj,A,Q13162,human,True
PF00578,3tjj,B,Q13162,human,True
PF00578,3tjj,C,Q13162,human,True
PF00578,3tjj,D,Q13162,human,True
PF00578,3tjj,E,Q13162,human,True
PF00578,3tjk,A,Q13162,human,True
PF00578,3tjk,B,Q13162,human,True
PF00578,3tjk,C,Q13162,human,True
PF00578,3tjk,D,Q13162,human,True
PF00578,3tjk,E,Q13162,human,True
PF00578,3tkp,A,Q13162,human,True
PF00578,3tkp,B,Q13162,human,True
PF00578,3tkp,C,Q13162,human,True
PF00578,3tkp,D,Q13162,human,True
PF00578,3tkp,E,Q13162,human,True
PF00578,3tkq,A,Q13162,human,True
PF00578,3tkq,B,Q13162,human,True
PF00578,3tkq,C,Q13162,human,True
PF00578,3tkq,D,Q13162,human,True
PF00578,3tkq,E,Q13162,human,True
PF00578,3tkr,A,Q13162,human,True
PF00578,3tkr,B,Q13162,human,True
PF00578,3tkr,C,Q13162,human,True
PF00578,3tkr,D,Q13162,human,True
PF00578,3tkr,E,Q13162,human,True
PF00578,3tkr,F,Q13162,human,True
PF00578,3tkr,G,Q13162,human,True
PF00578,3tkr,H,Q13162,human,True
PF00578,3tkr,I,Q13162,human,True
PF00578,3tkr,J,Q13162,human,True
PF00578,3tks,A,Q13162,human,True
PF00578,3tks,B,Q13162,human,True
PF00578,3tks,C,Q13162,human,True
PF00578,3tks,D,Q13162,human,True
PF00578,3tks,E,Q13162,human,True
PF00578,4rqx,A,Q13162,human,True
PF00578,4rqx,B,Q13162,human,True
PF00578,4rqx,C,Q13162,human,True
PF00578,4rqx,D,Q13162,human,True
PF00578,4rqx,E,Q13162,human,True
PF00578,4xcs,A,Q06830,human,True
PF00578,4xcs,B,Q06830,human,True
PF00578,4xcs,C,Q06830,human,True
PF00578,4xcs,D,Q06830,human,True
PF00578,4xcs,E,Q06830,human,True
PF00578,4xcs,F,Q06830,human,True
PF00578,5b6m,A,P30041,human,True
PF00578,5b6m,B,P30041,human,True
PF00578,5b6m,C,P30041,human,True
PF00578,5b6m,D,P30041,human,True
PF00578,5b6m,E,P30041,human,True
PF00578,5b6m,F,P30041,human,True
PF00578,5b6n,A,P30041,human,True
PF00578,5b6n,B,P30041,human,True
PF00578,5b6n,C,P30041,human,True
PF00578,5b6n,D,P30041,human,True
PF00578,5b6n,E,P30041,human,True
PF00578,5b6n,F,P30041,human,True
PF00578,5b8a,A,P32119,human,True
PF00578,5b8a,B,P32119,human,True
PF00578,5b8a,C,P32119,human,True
PF00578,5b8a,D,P32119,human,True
PF00578,5b8a,E,P32119,human,True
PF00578,5b8a,F,P32119,human,True
PF00578,5b8a,G,P0AE08,human,True
PF00578,5b8a,H,P0AE08,human,True
PF00578,5b8a,I,P0AE08,human,True
PF00578,5b8a,J,P32119,human,True
PF00578,5b8b,A,P32119,human,True
PF00578,5b8b,B,P0AE08,human,True
PF00578,5b8b,C,P0AE08,human,True
PF00578,5b8b,D,P0AE08,human,True
PF00578,5b8b,E,P0AE08,human,True
PF00578,5b8b,F,P0AE08,human,True
PF00578,5b8b,G,P0AE08,human,True
PF00578,5b8b,H,P32119,human,True
PF00578,5b8b,I,P32119,human,True
PF00578,5b8b,J,P0AE08,human,True
PF00578,5hqp,A,Q13162,human,True
PF00578,5hqp,B,Q13162,human,True
PF00594,13cm,G,P00734,human,True
PF00594,13er,G,P00734,human,True
PF00594,13es,G,P00742,human,True
PF00594,1cfh,A,P00740,human,True
PF00594,1cfi,A,P00740,human,True
PF00594,1dan,L,P08709,human,True
PF00594,1fak,L,P08709,human,True
PF00594,1mgx,A,P00740,human,True
PF00594,1o5d,L,P08709,human,True
PF00594,1p0s,L,P00742,human,True
PF00594,1w0y,L,P08709,human,True
PF00594,1w2k,L,P08709,human,True
PF00594,1wqv,L,P08709,human,True
PF00594,1wss,L,P08709,human,True
PF00594,1wtg,L,P08709,human,True
PF00594,1wun,L,P08709,human,True
PF00594,1wv7,L,P08709,human,True
PF00594,1z6j,L,P08709,human,True
PF00594,2a2q,L,P08709,human,True
PF00594,2aei,L,P08709,human,True
PF00629,2c9a,A,P28827,human,True
PF00629,2v5y,A,P28827,human,True
PF00629,4gwm,A,Q16820,human,True
PF00629,4gwm,B,Q16820,human,True
PF00629,4gwn,A,Q16820,human,True
PF00629,5l73,A,O14786,human,True
PF00629,5l73,B,O14786,human,True
PF00629,7aq1,A,Q16820,human,True
PF00629,7aq1,B,Q16820,human,True
PF00629,7auw,A,Q16820,human,True
PF00629,7auw,C,Q16820,human,True
PF00629,7t4s,F,O60462,human,True
PF00629,7uab,A,Q16819,human,True
PF00629,7uab,D,Q16819,human,True
PF00629,7uab,E,Q16819,human,True
PF00629,7uab,H,Q16819,human,True
PF00629,7uac,H,Q16819,human,True
PF00629,7uae,A,Q16819,human,True
PF00629,7uaf,A,Q16819,human,True
PF00629,7uaf,B,Q16819,human,True
PF00629,7uaf,C,Q16819,human,True
PF00629,7uaf,D,Q16819,human,True
PF00629,7uai,B,Q16819,human,True
PF00629,7uai,C,Q16819,human,True
PF00629,7uai,D,Q16819,human,True
PF00629,7uai,E,Q16819,human,True
PF00629,8a1f,A,Q15262,human,True
PF00629,8a1f,B,Q15262,human,True
PF00629,8h3s,A,P98073,human,True
PF00629,8h3u,A,P98073,human,True
PF00629,8zi4,A,P98073,human,True
PF00629,8ziv,A,P98073,human,True
PF00629,8ziy,A,P98073,human,True
PF00629,8zj4,A,P98073,human,True
PF00652,2d7i,A,Q86SR1,human,True
PF00652,2d7r,A,Q86SR1,human,True
PF00652,2ffu,A,Q10471,human,True
PF00652,2ffv,A,Q10471,human,True
PF00652,2ffv,B,Q10471,human,True
PF00652,4d0t,A,Q10471,human,True
PF00652,4d0t,B,Q10471,human,True
PF00652,4d0t,C,Q10471,human,True
PF00652,4d0t,D,Q10471,human,True
PF00652,4d0t,E,Q10471,human,True
PF00652,4d0t,F,Q10471,human,True
PF00652,4d0z,A,Q10471,human,True
PF00652,4d0z,B,Q10471,human,True
PF00652,4d0z,C,Q10471,human,True
PF00652,4d0z,D,Q10471,human,True
PF00652,4d0z,E,Q10471,human,True
PF00652,4d0z,F,Q10471,human,True
PF00652,4d11,A,Q10471,human,True
PF00652,4d11,B,Q10471,human,True
PF00652,4d11,C,Q10471,human,True
PF00652,4d11,D,Q10471,human,True
PF00652,4d11,E,Q10471,human,True
PF00652,4d11,F,Q10471,human,True
PF00652,5ajn,A,Q10471,human,True
PF00652,5ajo,A,Q10471,human,True
PF00652,5ajp,A,Q10471,human,True
PF00652,5fv9,A,Q10471,human,True
PF00652,5fv9,B,Q10471,human,True
PF00652,5fv9,C,Q10471,human,True
PF00652,5fv9,D,Q10471,human,True
PF00652,5fv9,E,Q10471,human,True
PF00652,5fv9,F,Q10471,human,True
PF00652,5ndf,A,Q10471,human,True
PF00652,5ndf,B,Q10471,human,True
PF00652,5ndf,C,Q10471,human,True
PF00652,5ndf,D,Q10471,human,True
PF00652,5ndf,E,Q10471,human,True
PF00652,5ndf,F,Q10471,human,True
PF00652,5nqa,A,Q8N4A0,human,True
PF00652,5nqa,B,Q8N4A0,human,True
PF00652,6e7i,A,Q10471,human,True
PF00652,6egs,A,Q10471,human,True
PF00652,6egs,B,Q10471,human,True
PF00652,6h0b,A,Q8N4A0,human,True
PF00652,6h0b,B,Q8N4A0,human,True
PF00652,6iwq,A,Q86SF2,human,True
PF00652,6iwq,B,Q86SF2,human,True
PF00652,6iwq,C,Q86SF2,human,True
PF00652,6iwq,D,Q86SF2,human,True
PF00652,6iwq,E,Q86SF2,human,True
PF00652,6iwq,F,Q86SF2,human,True
PF00652,6iwr,A,Q86SF2,human,True
PF00652,6iwr,B,Q86SF2,human,True
PF00652,6iwr,C,Q86SF2,human,True
PF00652,6iwr,D,Q86SF2,human,True
PF00652,6iwr,E,Q86SF2,human,True
PF00652,6iwr,F,Q86SF2,human,True
PF00652,6nqt,A,Q10471,human,True
PF00652,6nqt,B,Q10471,human,True
PF00652,6nqt,C,Q10471,human,True
PF00652,6nqt,D,Q10471,human,True
PF00652,6nqt,E,Q10471,human,True
PF00652,6nqt,F,Q10471,human,True
PF00652,6pxu,A,Q8IXK2,human,True
PF00652,6pxu,B,Q8IXK2,human,True
PF00657,5w78,B,P28039,human,True
PF00657,5w7c,C,P28039,human,True
PF00657,5w7c,D,P28039,human,True
PF00657,5w7d,A,O35298,mouse,True
PF00657,5w7e,A,O35298,mouse,True
PF00657,5w7e,B,O35298,mouse,True
PF00657,5w7f,A,O35298,mouse,True
PF00657,5w7f,B,O35298,mouse,True
PF00685,1cjm,A,P0DMM9,human,True
PF00685,1efh,A,Q06520,human,True
PF00685,1efh,B,Q06520,human,True
PF00685,1g3m,A,P49888,human,True
PF00685,1g3m,B,P49888,human,True
PF00685,1hy3,A,P49888,human,True
PF00685,1hy3,B,P49888,human,True
PF00685,1j99,A,Q06520,human,True
PF00685,1ls6,A,P50225,human,True
PF00685,1nst,A,P52848,human,True
PF00685,1ov4,A,Q06520,human,True
PF00685,1q1q,A,O00204,human,True
PF00685,1q1z,A,O00204,human,True
PF00685,1q20,A,O00204,human,True
PF00685,1q22,A,O00204,human,True
PF00685,1t8t,A,Q9Y663,human,True
PF00685,1t8t,B,Q9Y663,human,True
PF00685,1t8u,A,Q9Y663,human,True
PF00685,1t8u,B,Q9Y663,human,True
PF00685,1z28,A,P50225,human,True
PF00685,1z29,A,P50226,human,True
PF00685,1zd1,A,Q9BR01,human,True
PF00685,1zd1,B,Q9BR01,human,True
PF00685,1zrh,A,O14792,human,True
PF00685,2a3r,A,P0DMM9,human,True
PF00685,2a3r,B,P0DMM9,human,True
PF00685,2ad1,A,O75897,human,True
PF00702,1l8l,A,P78330,human,True
PF00702,1l8l,B,P78330,human,True
PF00702,1l8o,A,P78330,human,True
PF00702,1l8o,B,P78330,human,True
PF00702,1nnl,A,P78330,human,True
PF00702,1nnl,B,P78330,human,True
PF00702,1s8o,A,P34913,human,True
PF00702,1vj5,A,P34913,human,True
PF00702,1yns,A,Q9UHY7,human,True
PF00702,1zd2,P,P34913,human,True
PF00702,1zd3,A,P34913,human,True
PF00702,1zd4,A,P34913,human,True
PF00702,1zd5,A,P34913,human,True
PF00702,1zs9,A,Q9UHY7,human,True
PF00702,2w4m,A,Q8TBE9,human,True
PF00702,3geb,A,O00167,human,True
PF00702,3geb,B,O00167,human,True
PF00702,3geb,C,O00167,human,True
PF00702,3geb,D,O00167,human,True
PF00702,3i1y,A,P34913,human,True
PF00702,3i28,A,P34913,human,True
PF00702,3koo,A,P34913,human,True
PF00702,3otq,A,P34913,human,True
PF00702,3wk4,A,P34913,human,True
PF00702,3wk5,A,P34913,human,True
PF00702,3wk6,A,P34913,human,True
PF00717,7p2p,A,P67812,human,True
PF00717,7p2q,A,Q9BY50,human,True
PF00717,9rjb,A,P67812,human,True
PF00717,9rjc,A,P67812,human,True
PF00754,12jp,A,P00451,human,True
PF00754,12jv,A,P00451,human,True
PF00754,1czs,A,P12259,human,True
PF00754,1czt,A,P12259,human,True
PF00754,1czv,A,P12259,human,True
PF00754,1czv,B,P12259,human,True
PF00754,1d7p,M,P00451,human,True
PF00754,1iqd,C,P00451,human,True
PF00754,1kex,A,O14786,human,True
PF00754,2qqi,A,O14786,human,True
PF00754,2qqj,A,O60462,human,True
PF00754,2qqk,A,O60462,human,True
PF00754,2qql,A,O60462,human,True
PF00754,2qqm,A,O14786,human,True
PF00754,2qqn,A,O14786,human,True
PF00754,2qqo,A,O60462,human,True
PF00754,2qqo,B,O60462,human,True
PF00754,2r7e,B,P00451,human,True
PF00754,2wuh,A,Q16832,human,True
PF00754,2z4f,A,Q16832,human,True
PF00754,36ja,A,P12259,human,True
PF00754,36jb,A,P12259,human,True
PF00757,1igr,A,P08069,human,True
PF00757,1ivo,A,P00533,human,True
PF00757,1ivo,B,P00533,human,True
PF00757,1m6b,A,P21860,human,True
PF00757,1m6b,B,P21860,human,True
PF00757,1mox,A,P00533,human,True
PF00757,1mox,B,P00533,human,True
PF00757,1n8z,C,P04626,human,True
PF00757,1nql,A,P00533,human,True
PF00757,1s78,A,P04626,human,True
PF00757,1s78,B,P04626,human,True
PF00757,1yy9,A,P00533,human,True
PF00757,29rt,A,P06213,human,True
PF00757,29rt,C,P06213,human,True
PF00757,2a91,A,P04626,human,True
PF00757,2ahx,A,Q15303,human,True
PF00757,2ahx,B,Q15303,human,True
PF00757,2hr7,A,P06213,human,True
PF00757,2hr7,B,P06213,human,True
PF00757,3b2v,A,P00533,human,True
PF00757,3be1,A,P04626,human,True
PF00757,3mzw,A,P04626,human,True
PF00757,3n85,A,P04626,human,True
PF00757,3njp,A,P00533,human,True
PF00757,3njp,B,P00533,human,True
PF00757,3p11,A,P21860,human,True
PF00757,3qwq,A,P00533,human,True
PF00757,3u2p,A,Q15303,human,True
PF00795,4cyf,A,O95497,human,True
PF00795,4cyf,B,O95497,human,True
PF00795,4cyg,A,O95497,human,True
PF00795,4cyg,B,O95497,human,True
PF00795,4cyy,A,O95497,human,True
PF00795,6ftq,A,Q9UBR1,human,True
PF00795,6ofb,A,Q6IA69,human,True
PF00795,6ofb,B,Q6IA69,human,True
PF00795,7slv,A,O95497,human,True
PF00795,7slx,A,O95497,human,True
PF00795,7sly,A,O95497,human,True
PF00795,8pt4,A,Q9UBR1,human,True
PF00795,8pt4,B,Q9UBR1,human,True
PF00795,8pt4,C,Q9UBR1,human,True
PF00795,8pt4,D,Q9UBR1,human,True
PF00795,9izl,A,O95497,human,True
PF00795,9izl,B,O95497,human,True
PF00795,2w1v,A,Q9JHW2,mouse,True
PF00795,2w1v,B,Q9JHW2,mouse,True
PF00801,1wgo,A,Q96PQ0,human,True
PF00801,1b4r,A,P98161,human,False
PF00801,9lip,C,P40967,human,False
PF00801,9lip,G,P40967,human,False
PF00801,9lip,K,P40967,human,False
PF00801,9lip,O,P40967,human,False
PF00801,9lip,S,P40967,human,False
PF00801,9lip,W,P40967,human,False
PF00801,9lip,a,P40967,human,False
PF00801,9lip,e,P40967,human,False
PF00801,9lip,i,P40967,human,False
PF00801,9lip,m,P40967,human,False
PF00801,9lip,q,P40967,human,False
PF00801,9lip,u,P40967,human,False
PF00801,6ffy,A,Q9EPR5,mouse,True
PF00801,6fg9,A,Q9EPR5,mouse,True
PF00801,6fg9,B,Q9EPR5,mouse,True
PF00812,2i85,A,P52799,human,True
PF00812,2x11,B,P52803,human,True
PF00812,4bk5,C,P52803,human,True
PF00812,4bka,C,P52803,human,True
PF00812,4bkf,C,Q15768,human,True
PF00812,4bkf,D,Q15768,human,True
PF00812,4l0p,B,P52803,human,True
PF00812,4m4r,B,P52803,human,True
PF00812,4m4r,D,P52803,human,True
PF00812,4m4r,F,P52803,human,True
PF00812,4m4r,H,P52803,human,True
PF00812,2hle,B,P52799,human,False
PF00812,2vsk,B,P52799,human,False
PF00812,2vsk,D,P52799,human,False
PF00812,2vsm,B,P52799,human,False
PF00812,2wo2,B,P52799,human,False
PF00812,2wo3,B,O43921,human,False
PF00812,3czu,B,P20827,human,False
PF00812,3gxu,B,P52799,human,False
PF00812,3hei,B,P20827,human,False
PF00812,3hei,D,P20827,human,False
PF00812,3hei,F,P20827,human,False
PF00812,3hei,H,P20827,human,False
PF00812,3hei,J,P20827,human,False
PF00812,3hei,L,P20827,human,False
PF00812,3hei,N,P20827,human,False
PF00812,3hei,P,P20827,human,False
PF00812,3mbw,B,P20827,human,False
PF00812,3mx0,B,P52803,human,False
PF00812,3mx0,D,P52803,human,False
PF00812,4uf7,C,P52799,human,False
PF00812,4uf7,E,P52799,human,False
PF00812,6p7y,B,P52799,human,False
PF00812,6p7y,D,P52799,human,False
PF00812,6pdl,B,P52799,human,False
PF00812,6pdl,D,P52799,human,False
PF00812,6pdl,F,P52799,human,False
PF00812,6pdl,H,P52799,human,False
PF00822,5b2g,A,O14493,human,True
PF00822,5b2g,C,O14493,human,True
PF00822,5b2g,E,O14493,human,True
PF00822,5b2g,G,O14493,human,True
PF00822,6dlz,A,Q9Y698,human,True
PF00822,6dlz,B,Q9Y698,human,True
PF00822,6dlz,C,Q9Y698,human,True
PF00822,6dlz,D,Q9Y698,human,True
PF00822,6dm0,A,Q9Y698,human,True
PF00822,6dm0,B,Q9Y698,human,True
PF00822,6dm0,C,Q9Y698,human,True
PF00822,6dm0,D,Q9Y698,human,True
PF00822,6dm1,A,Q9Y698,human,True
PF00822,6dm1,B,Q9Y698,human,True
PF00822,6dm1,C,Q9Y698,human,True
PF00822,6dm1,D,Q9Y698,human,True
PF00822,6o9g,A,Q9Y698,human,True
PF00822,6o9g,B,Q9Y698,human,True
PF00822,6o9g,C,Q9Y698,human,True
PF00822,6o9g,D,Q9Y698,human,True
PF00822,6ov2,A,O95484,human,True
PF00822,6ov3,A,O95484,human,True
PF00822,7kp4,A,O14493,human,True
PF00822,7tdm,A,O14493,human,True
PF00822,7tdn,A,O14493,human,True
PF00822,8u4v,A,O14493,human,True
PF00822,8u5b,A,O14493,human,True
PF00822,9cbv,A,P55344,human,True
PF00822,9cmh,A,O14493,human,True
PF00822,9cmi,A,O14493,human,True
PF00822,9v2u,A,P56856,human,True
PF00822,9v31,A,P56856,human,True
PF00822,9v31,B,P56856,human,True
PF00822,9v32,A,P56856,human,True
PF00822,3x29,A,Q9ET38,mouse,True
PF00822,3x29,C,Q9ET38,mouse,True
PF00822,4p79,A,Q9Z0S5,mouse,True
PF00837,4tr3,A,Q91ZI8,mouse,False
PF00837,4tr4,A,Q91ZI8,mouse,False
PF00837,9h48,A,Q9Z1Y9,mouse,False
PF00858,6l6p,A,Q16515,human,True
PF00858,6l6p,B,Q16515,human,True
PF00858,6l6p,C,Q16515,human,True
PF00858,6wth,A,P37088,human,True
PF00858,6wth,B,P51168,human,True
PF00858,6wth,C,P51170,human,True
PF00858,7cfs,A,P78348,human,True
PF00858,7cfs,B,P78348,human,True
PF00858,7cfs,C,P78348,human,True
PF00858,7cft,A,P78348,human,True
PF00858,7cft,B,P78348,human,True
PF00858,7cft,C,P78348,human,True
PF00858,7rnn,D,P78348,human,True
PF00858,9blr,A,P51172,human,True
PF00858,9blr,B,P51168,human,True
PF00858,9blr,C,P51170,human,True
PF00858,9btg,A,P51168,human,True
PF00858,9btg,B,P51168,human,True
PF00858,9btg,C,P51170,human,True
PF00858,9btu,B,P51168,human,True
PF00858,9btu,C,P51170,human,True
PF00858,9e4a,A,P78348,human,True
PF00858,9e4a,B,P78348,human,True
PF00858,9e4a,C,P78348,human,True
PF00858,9e4b,A,P78348,human,True
PF00858,9e4b,B,P78348,human,True
PF00858,9e4b,C,P78348,human,True
PF00858,9e4c,A,P78348,human,True
PF00858,9e4c,B,P78348,human,True
PF00858,9e4c,C,P78348,human,True
PF00858,9e4d,A,P78348,human,True
PF00858,9e4d,B,P78348,human,True
PF00858,9e4d,C,P78348,human,True
PF00858,9e4e,A,P78348,human,True
PF00858,9e4e,B,P78348,human,True
PF00858,9e4e,C,P78348,human,True
PF00858,9e4f,A,P78348,human,True
PF00858,9e4f,B,P78348,human,True
PF00858,9e4f,C,P78348,human,True
PF00858,9e4g,A,P78348,human,True
PF00858,9e4g,B,P78348,human,True
PF00858,9e4g,C,P78348,human,True
PF00858,9e4h,A,P78348,human,True
PF00858,9e4h,B,P78348,human,True
PF00858,9e4h,C,P78348,human,True
PF00858,9e4i,A,P78348,human,True
PF00858,9e4i,B,P78348,human,True
PF00858,9e4i,C,P78348,human,True
PF00858,9e4j,A,P78348,human,True
PF00858,9e4j,B,P78348,human,True
PF00858,9e4j,C,P78348,human,True
PF00858,9e4k,A,P78348,human,True
PF00858,9e4k,B,P78348,human,True
PF00858,9e4k,C,P78348,human,True
PF00858,9mky,A,Q9NY37,human,True
PF00858,9mky,B,Q9NY37,human,True
PF00858,9mky,C,Q9NY37,human,True
PF00881,4ttb,A,Q6PHW0,human,True
PF00881,4ttb,B,Q6PHW0,human,True
PF00881,4ttc,A,Q6PHW0,human,True
PF00881,4ttc,B,Q6PHW0,human,True
PF00881,4ttc,C,Q6PHW0,human,True
PF00881,4ttc,D,Q6PHW0,human,True
PF00881,4ttc,E,Q6PHW0,human,True
PF00881,4ttc,F,Q6PHW0,human,True
PF00881,5yak,A,Q6PHW0,human,True
PF00881,5yak,B,Q6PHW0,human,True
PF00881,5yak,C,Q6PHW0,human,True
PF00881,5yak,D,Q6PHW0,human,True
PF00881,5yak,E,Q6PHW0,human,True
PF00881,5yak,F,Q6PHW0,human,True
PF00881,3gb5,A,Q9DCX8,mouse,True
PF00881,3gfd,A,Q9DCX8,mouse,True
PF00881,3gfd,B,Q9DCX8,mouse,True
PF00881,3gh8,A,Q9DCX8,mouse,True
PF00881,3gh8,B,Q9DCX8,mouse,True
PF00881,3gh8,C,Q9DCX8,mouse,True
PF00881,3gh8,D,Q9DCX8,mouse,True
PF00881,3gh8,E,Q9DCX8,mouse,True
PF00881,3gh8,F,Q9DCX8,mouse,True
PF00881,3gh8,G,Q9DCX8,mouse,True
PF00881,3gh8,H,Q9DCX8,mouse,True
PF00881,3tnz,A,Q9DCX8,mouse,True
PF00881,3tnz,B,Q9DCX8,mouse,True
PF00881,3to0,A,Q9DCX8,mouse,True
PF00881,3to0,B,Q9DCX8,mouse,True
PF00884,1auk,A,P15289,human,True
PF00884,1e1z,P,P15289,human,True
PF00884,1e2s,P,P15289,human,True
PF00884,1e33,P,P15289,human,True
PF00884,1e3c,P,P15289,human,True
PF00884,1fsu,A,P15848,human,True
PF00884,1n2k,A,P15289,human,True
PF00884,1n2l,A,P15289,human,True
PF00884,1p49,A,P08842,human,True
PF00884,4fdi,A,P34059,human,True
PF00884,4fdi,B,P34059,human,True
PF00884,4fdj,A,P34059,human,True
PF00884,4fdj,B,P34059,human,True
PF00884,4mhx,A,P51688,human,True
PF00884,4mhx,B,P51688,human,True
PF00884,4miv,A,P51688,human,True
PF00884,4miv,B,P51688,human,True
PF00884,4miv,C,P51688,human,True
PF00884,4miv,D,P51688,human,True
PF00884,4miv,E,P51688,human,True
PF00884,4miv,F,P51688,human,True
PF00884,4miv,G,P51688,human,True
PF00884,4miv,H,P51688,human,True
PF00884,5fql,A,P22304,human,True
PF00884,6ioz,A,P22304,human,True
PF00884,8eg3,A,P08842,human,True
PF00930,1j2e,A,P27487,human,True
PF00930,1j2e,B,P27487,human,True
PF00930,1n1m,A,P27487,human,True
PF00930,1n1m,B,P27487,human,True
PF00930,1nu6,A,P27487,human,True
PF00930,1nu6,B,P27487,human,True
PF00930,1nu8,A,P27487,human,True
PF00930,1nu8,B,P27487,human,True
PF00930,1pfq,A,P27487,human,True
PF00930,1pfq,B,P27487,human,True
PF00930,1r9m,A,P27487,human,True
PF00930,1r9m,B,P27487,human,True
PF00930,1r9m,C,P27487,human,True
PF00930,1r9m,D,P27487,human,True
PF00930,1r9n,A,P27487,human,True
PF00930,1r9n,B,P27487,human,True
PF00930,1r9n,C,P27487,human,True
PF00930,1r9n,D,P27487,human,True
PF00930,1rwq,A,P27487,human,True
PF00930,1rwq,B,P27487,human,True
PF00930,1tk3,A,P27487,human,True
PF00930,1tk3,B,P27487,human,True
PF00930,1tkr,A,P27487,human,True
PF00930,1tkr,B,P27487,human,True
PF00930,1u8e,A,P27487,human,True
PF00930,1u8e,B,P27487,human,True
PF00930,1w1i,A,P27487,human,True
PF00930,1w1i,B,P27487,human,True
PF00930,1w1i,C,P27487,human,True
PF00930,1w1i,D,P27487,human,True
PF00930,1wcy,A,P27487,human,True
PF00930,1wcy,B,P27487,human,True
PF00930,1x70,A,P27487,human,True
PF00930,1x70,B,P27487,human,True
PF00930,1xfd,A,P42658,human,True
PF00930,1xfd,B,P42658,human,True
PF00930,1xfd,C,P42658,human,True
PF00930,1xfd,D,P42658,human,True
PF00930,1z68,A,Q12884,human,True
PF00930,1z68,B,Q12884,human,True
PF00930,22dx,A,P27487,human,True
PF00930,22dx,B,P27487,human,True
PF00930,22dy,A,P27487,human,True
PF00930,22dy,B,P27487,human,True
PF00930,22dy,D,P27487,human,True
PF00930,22dy,E,P27487,human,True
PF00930,22ea,A,P27487,human,True
PF00930,22ea,B,P27487,human,True
PF00930,22ea,D,P27487,human,True
PF00930,22ea,E,P27487,human,True
PF00930,22ea,F,P27487,human,True
PF00930,22ea,G,P27487,human,True
PF00930,22eb,A,P27487,human,True
PF00930,22eb,B,P27487,human,True
PF00955,4yzf,A,P02730,human,True
PF00955,4yzf,B,P02730,human,True
PF00955,4yzf,C,P02730,human,True
PF00955,4yzf,D,P02730,human,True
PF00955,6caa,A,Q9Y6R1,human,True
PF00955,6caa,B,Q9Y6R1,human,True
PF00955,7tvz,A,P02730,human,True
PF00955,7tvz,B,P02730,human,True
PF00955,7tw0,A,P02730,human,True
PF00955,7tw0,B,P02730,human,True
PF00955,7tw1,A,P02730,human,True
PF00955,7tw1,B,P02730,human,True
PF00955,7tw2,A,P02730,human,True
PF00955,7tw2,B,P02730,human,True
PF00955,7tw3,A,P02730,human,True
PF00955,7tw3,B,P02730,human,True
PF00955,7tw5,A,P02730,human,True
PF00955,7tw5,B,P02730,human,True
PF00955,7tw6,A,P02730,human,True
PF00955,7tw6,B,P02730,human,True
PF00955,7tw6,J,P02730,human,True
PF00955,7tw6,K,P02730,human,True
PF00955,7ty4,A,P02730,human,True
PF00955,7ty4,B,P02730,human,True
PF00955,7ty6,A,P02730,human,True
PF00955,7ty6,B,P02730,human,True
PF00955,7ty7,A,P02730,human,True
PF00955,7ty7,B,P02730,human,True
PF00955,7ty8,A,P02730,human,True
PF00955,7ty8,B,P02730,human,True
PF00955,7tya,A,P02730,human,True
PF00955,7tya,B,P02730,human,True
PF00955,7uz3,C,P02730,human,True
PF00955,7uz3,E,P02730,human,True
PF00955,7uzu,W,P02730,human,True
PF00955,7uzv,C,P02730,human,True
PF00955,7uzv,E,P02730,human,True
PF00955,7v07,C,P02730,human,True
PF00955,7v07,E,P02730,human,True
PF00955,7v0k,O,P02730,human,True
PF00955,7v0k,P,P02730,human,True
PF00955,7v0k,W,P02730,human,True
PF00955,7v0m,W,P02730,human,True
PF00969,1a6a,B,P01911,human,True
PF00969,1aqd,B,P01911,human,True
PF00969,1aqd,E,P01911,human,True
PF00969,1aqd,H,P01911,human,True
PF00969,1aqd,K,P01911,human,True
PF00969,1bx2,B,P01911,human,True
PF00969,1bx2,E,P01911,human,True
PF00969,1d5m,B,P01911,human,True
PF00969,1d5x,B,P01911,human,True
PF00969,1d5z,B,P01911,human,True
PF00969,1d6e,B,P01911,human,True
PF00969,1dlh,B,P01911,human,True
PF00969,1dlh,E,P01911,human,True
PF00969,1fv1,B,Q30154,human,True
PF00969,1fv1,E,Q30154,human,True
PF00969,1fyt,B,P01911,human,True
PF00969,1h15,B,Q30154,human,True
PF00969,1h15,E,Q30154,human,True
PF00969,1hqr,B,Q30154,human,True
PF00969,1hxy,B,P01911,human,True
PF00969,1j8h,B,P01911,human,True
PF00969,1jk8,B,P01920,human,True
PF00969,1jwm,B,P01911,human,True
PF00969,1jws,B,P01911,human,True
PF00969,1jwu,B,P01911,human,True
PF00969,1kg0,B,P01911,human,True
PF00969,1klg,B,P01911,human,True
PF00993,1aqd,A,P01903,human,True
PF00993,1aqd,D,P01903,human,True
PF00993,1aqd,G,P01903,human,True
PF00993,1aqd,J,P01903,human,True
PF00993,1bx2,A,P01903,human,True
PF00993,1bx2,D,P01903,human,True
PF00993,1d5m,A,P01903,human,True
PF00993,1d5x,A,P01903,human,True
PF00993,1d5z,A,P01903,human,True
PF00993,1d6e,A,P01903,human,True
PF00993,1dlh,A,P01903,human,True
PF00993,1dlh,D,P01903,human,True
PF00993,1fv1,A,P01903,human,True
PF00993,1fv1,D,P01903,human,True
PF00993,1fyt,A,P01903,human,True
PF00993,1h15,A,P01903,human,True
PF00993,1h15,D,P01903,human,True
PF00993,1hqr,A,P01903,human,True
PF00993,1hxy,A,P01903,human,True
PF00993,1j8h,A,P01903,human,True
PF00993,1jk8,A,P01909,human,True
PF00993,1jwm,A,P01903,human,True
PF00993,1jws,A,P01903,human,True
PF00993,1jwu,A,P01903,human,True
PF00993,1kg0,A,P01903,human,True
PF00993,1klg,A,P01903,human,True
PF00993,1klu,A,P01903,human,True
PF01019,4gdx,A,P19440,human,False
PF01019,4gdx,B,P19440,human,False
PF01019,4gg2,A,P19440,human,False
PF01019,4gg2,B,P19440,human,False
PF01019,4z9o,A,P19440,human,False
PF01019,4z9o,B,P19440,human,False
PF01019,4zbk,A,P19440,human,False
PF01019,4zbk,B,P19440,human,False
PF01019,4zc6,A,P19440,human,False
PF01019,4zc6,B,P19440,human,False
PF01019,4zcg,A,P19440,human,False
PF01019,4zcg,B,P19440,human,False
PF01019,5v4q,A,P19440,human,False
PF01019,5v4q,B,P19440,human,False
PF01019,6xpb,A,P19440,human,False
PF01019,6xpb,B,P19440,human,False
PF01019,6xpc,A,P19440,human,False
PF01019,6xpc,B,P19440,human,False
PF01019,7la5,A,P19440,human,False
PF01019,7la5,B,P19440,human,False
PF01019,7lbc,A,P19440,human,False
PF01019,7lbc,B,P19440,human,False
PF01019,7ld9,A,P19440,human,False
PF01019,7ld9,B,P19440,human,False
PF01030,1igr,A,P08069,human,True
PF01030,1ivo,A,P00533,human,True
PF01030,1ivo,B,P00533,human,True
PF01030,1m6b,A,P21860,human,True
PF01030,1m6b,B,P21860,human,True
PF01030,1mox,A,P00533,human,True
PF01030,1mox,B,P00533,human,True
PF01030,1n8z,C,P04626,human,True
PF01030,1nql,A,P00533,human,True
PF01030,1s78,A,P04626,human,True
PF01030,1s78,B,P04626,human,True
PF01030,1yy9,A,P00533,human,True
PF01030,29rt,A,P06213,human,True
PF01030,29rt,C,P06213,human,True
PF01030,2a91,A,P04626,human,True
PF01030,2ahx,A,Q15303,human,True
PF01030,2ahx,B,Q15303,human,True
PF01030,2hr7,A,P06213,human,True
PF01030,2hr7,B,P06213,human,True
PF01030,3b2u,A,P00533,human,True
PF01030,3b2u,B,P00533,human,True
PF01030,3b2u,E,P00533,human,True
PF01030,3b2u,I,P00533,human,True
PF01030,3b2u,M,P00533,human,True
PF01030,3b2u,P,P00533,human,True
PF01030,3b2u,S,P00533,human,True
PF01030,3b2u,V,P00533,human,True
PF01030,3b2v,A,P00533,human,True
PF01030,3be1,A,P04626,human,True
PF01030,3c09,A,P00533,human,True
PF01030,3c09,D,P00533,human,True
PF01030,3h3b,A,P04626,human,True
PF01030,3h3b,B,P04626,human,True
PF01030,3mzw,A,P04626,human,True
PF01030,3n85,A,P04626,human,True
PF01030,3njp,A,P00533,human,True
PF01030,3njp,B,P00533,human,True
PF01033,1oc0,B,P04004,human,True
PF01033,1s4g,A,P04004,human,True
PF01033,1ssu,A,P04004,human,True
PF01033,2jq8,A,P04004,human,True
PF01033,2ys0,A,P22413,human,True
PF01033,4zg6,A,Q13822,human,True
PF01033,4zg6,B,Q13822,human,True
PF01033,4zg7,A,Q13822,human,True
PF01033,4zg9,A,Q13822,human,True
PF01033,4zg9,B,Q13822,human,True
PF01033,4zga,A,Q13822,human,True
PF01033,5kxa,A,Q13822,human,True
PF01033,5m7m,A,Q13822,human,True
PF01033,5mhp,A,Q13822,human,True
PF01033,6c01,A,O14638,human,True
PF01033,6c01,B,O14638,human,True
PF01033,6c02,A,O14638,human,True
PF01033,6c02,B,O14638,human,True
PF01033,6wet,AaA,P22413,human,True
PF01033,6wet,BaB,P22413,human,True
PF01033,6weu,AbA,P22413,human,True
PF01033,6weu,BbB,P22413,human,True
PF01033,6wev,AbA,P22413,human,True
PF01033,6wev,BbB,P22413,human,True
PF01033,6wew,AbA,P22413,human,True
PF01033,6wew,BaB,P22413,human,True
PF01033,6wfj,AcA,P22413,human,True
PF01033,6wfj,BcB,P22413,human,True
PF01033,8c3o,A,Q13822,human,True
PF01033,8c3o,B,Q13822,human,True
PF01055,2qly,A,O43451,human,True
PF01055,2qmj,A,O43451,human,True
PF01055,3ctt,A,O43451,human,True
PF01055,3l4t,A,O43451,human,True
PF01055,3l4u,A,O43451,human,True
PF01055,3l4v,A,O43451,human,True
PF01055,3l4w,A,O43451,human,True
PF01055,3l4x,A,O43451,human,True
PF01055,3l4y,A,O43451,human,True
PF01055,3l4z,A,O43451,human,True
PF01055,3lpo,A,P14410,human,True
PF01055,3lpo,B,P14410,human,True
PF01055,3lpo,C,P14410,human,True
PF01055,3lpo,D,P14410,human,True
PF01055,3lpp,A,P14410,human,True
PF01055,3lpp,B,P14410,human,True
PF01055,3lpp,C,P14410,human,True
PF01055,3lpp,D,P14410,human,True
PF01055,3ton,A,O43451,human,True
PF01055,3ton,B,O43451,human,True
PF01055,3top,A,O43451,human,True
PF01055,3top,B,O43451,human,True
PF01055,5kzw,A,P10253,human,True
PF01055,5kzx,A,P10253,human,True
PF01055,5nn3,A,P10253,human,True
PF01055,5nn4,A,P10253,human,True
PF01055,5nn5,A,P10253,human,True
PF01055,5nn6,A,P10253,human,True
PF01064,1es7,B,P36894,human,True
PF01064,1es7,D,P36894,human,True
PF01064,1rew,C,P36894,human,True
PF01064,1rew,D,P36894,human,True
PF01064,2goo,B,P36894,human,True
PF01064,2goo,E,P36894,human,True
PF01064,2h62,C,P36894,human,True
PF01064,2h62,D,Q13705,human,True
PF01064,2h64,B,P36894,human,True
PF01064,2k3g,A,P36894,human,True
PF01064,2l5s,A,P36897,human,True
PF01064,2pjy,C,P36897,human,True
PF01064,2qj9,C,P36894,human,True
PF01064,2qj9,D,P36894,human,True
PF01064,2qja,C,P36894,human,True
PF01064,2qja,D,P36894,human,True
PF01064,2qjb,C,P36894,human,True
PF01064,2qjb,D,P36894,human,True
PF01064,3kfd,I,P36897,human,True
PF01064,3kfd,J,P36897,human,True
PF01064,3kfd,K,P36897,human,True
PF01064,3kfd,L,P36897,human,True
PF01064,3nh7,A,P36894,human,True
PF01064,3nh7,B,P36894,human,True
PF01064,3nh7,C,P36894,human,True
PF01064,3nh7,D,P36894,human,True
PF01064,3qb4,B,P36894,human,True
PF01064,3qb4,D,P36894,human,True
PF01064,4fao,E,Q13705,human,True
PF01064,4fao,F,Q13705,human,True
PF01064,4fao,K,Q13705,human,True
PF01064,4fao,L,Q13705,human,True
PF01064,4fao,Q,Q13705,human,True
PF01064,4fao,R,Q13705,human,True
PF01064,4fao,W,Q13705,human,True
PF01064,4fao,X,Q13705,human,True
PF01064,4fao,e,Q13705,human,True
PF01064,4fao,f,Q13705,human,True
PF01064,4fao,k,Q13705,human,True
PF01064,4fao,l,Q13705,human,True
PF01064,5ngv,A,Q13705,human,True
PF01064,5nh3,A,P27037,human,True
PF01064,5nh3,B,P27037,human,True
PF01064,5nhr,C,Q13705,human,True
PF01064,5nhr,D,Q13705,human,True
PF01064,6mac,K,P36897,human,True
PF01064,7mrz,C,Q13705,human,True
PF01064,2goo,C,P27038,mouse,True
PF01064,2goo,F,P27038,mouse,True
PF01064,2h64,C,P27040,mouse,True
PF01094,10en,B,A0A8B7RCM5,human,True
PF01094,10en,D,A0A8B7RCM5,human,True
PF01094,10ev,B,A0A8B7RCM5,human,True
PF01094,10ev,D,A0A8B7RCM5,human,True
PF01094,10ex,B,Q13224,human,True
PF01094,10ex,D,Q13224,human,True
PF01094,10ey,A,Q05586,human,True
PF01094,10ey,B,Q13224,human,True
PF01094,10ey,C,Q05586,human,True
PF01094,10ey,D,Q13224,human,True
PF01094,10ez,A,Q05586,human,True
PF01094,10ez,B,Q13224,human,True
PF01094,10ez,C,Q05586,human,True
PF01094,10ez,D,Q13224,human,True
PF01094,10fd,A,Q05586,human,True
PF01094,10fd,B,Q13224,human,True
PF01094,10fd,C,Q05586,human,True
PF01094,10fd,D,Q13224,human,True
PF01094,10fe,A,Q05586,human,True
PF01094,10fe,B,Q13224,human,True
PF01094,10fe,C,Q05586,human,True
PF01094,10fe,D,Q13224,human,True
PF01094,10ff,A,Q05586,human,True
PF01094,10ff,B,Q13224,human,True
PF01094,10ff,C,Q05586,human,True
PF01094,10ff,D,Q13224,human,True
PF01094,10fl,A,Q05586,human,True
PF01094,10fl,B,Q13224,human,True
PF01094,10fl,C,Q05586,human,True
PF01094,10fl,D,Q13224,human,True
PF01094,10fn,A,Q05586,human,True
PF01094,10fn,B,Q13224,human,True
PF01094,10fn,C,Q05586,human,True
PF01094,10fn,D,Q13224,human,True
PF01094,10fo,A,Q05586,human,True
PF01094,10fo,B,Q13224,human,True
PF01094,10fo,C,Q05586,human,True
PF01094,10fo,D,Q13224,human,True
PF01094,1jdn,A,P17342,human,True
PF01094,1jdp,A,P17342,human,True
PF01094,1jdp,B,P17342,human,True
PF01094,1yk0,A,P17342,human,True
PF01094,1yk0,B,P17342,human,True
PF01094,1yk1,A,P17342,human,True
PF01094,1yk1,B,P17342,human,True
PF01094,22jx,A,P41594,human,True
PF01094,22jx,B,P41594,human,True
PF01094,22jz,A,Q14831,human,True
PF01094,22jz,B,Q14831,human,True
PF01094,25tv,A,Q14831,human,True
PF01094,25tv,B,Q14831,human,True
PF01094,25tw,A,Q14831,human,True
PF01094,25tw,B,Q14831,human,True
PF01094,25tx,A,Q14831,human,True
PF01094,25tx,B,Q14831,human,True
PF01094,10en,A,Q5R1P0,human,False
PF01094,10en,C,Q5R1P0,human,False
PF01094,10ev,A,Q5R1P0,human,False
PF01094,10ev,C,Q5R1P0,human,False
PF01094,10ex,A,Q5R1P0,human,False
PF01094,10ex,C,Q5R1P0,human,False
PF01105,21gl,C,Q9Y3A6,human,True
PF01105,21gm,C,Q9Y3A6,human,True
PF01105,9cjk,A,Q9BVK6,human,True
PF01105,9cjk,B,Q9BVK6,human,True
PF01105,9cjk,C,Q9BVK6,human,True
PF01105,9cjk,D,Q9BVK6,human,True
PF01105,9cjk,E,Q9BVK6,human,True
PF01105,9cjk,F,Q9BVK6,human,True
PF01105,9cjk,G,Q9BVK6,human,True
PF01105,9cjk,H,Q9BVK6,human,True
PF01105,9cjl,A,Q9BVK6,human,True
PF01105,9cjl,B,Q9BVK6,human,True
PF01105,9cjl,C,Q9BVK6,human,True
PF01105,9cjl,D,Q9BVK6,human,True
PF01105,9cjl,E,Q9BVK6,human,True
PF01105,9cjl,F,Q9BVK6,human,True
PF01105,9cjl,G,Q9BVK6,human,True
PF01105,9cjl,H,Q9BVK6,human,True
PF01105,9cjl,I,Q9BVK6,human,True
PF01105,9cjl,J,Q9BVK6,human,True
PF01105,9cjl,K,Q9BVK6,human,True
PF01105,9cjl,L,Q9BVK6,human,True
PF01105,21gl,A,Q9BVK6,human,False
PF01105,21gl,B,Q15363,human,False
PF01105,21gl,D,P49755,human,False
PF01105,21gm,A,Q9BVK6,human,False
PF01105,21gm,B,Q15363,human,False
PF01105,21gm,D,P49755,human,False
PF01105,5azw,A,Q15363,human,False
PF01105,5azw,B,Q15363,human,False
PF01105,7rrm,A,Q13445,human,False
PF01105,7rrm,B,Q13445,human,False
PF01105,7rrm,C,Q13445,human,False
PF01105,5gu5,A,Q9CXE7,mouse,False
PF01108,8qod,C,P13726,human,True
PF01108,8qq6,C,P13726,human,True
PF01108,8y31,E,P17181,human,True
PF01108,8y31,F,P17181,human,True
PF01108,1ahw,C,P13726,human,False
PF01108,1ahw,F,P13726,human,False
PF01108,1boy,A,P13726,human,False
PF01108,1dan,T,P13726,human,False
PF01108,1fak,T,P13726,human,False
PF01108,1fg9,C,P15260,human,False
PF01108,1fg9,D,P15260,human,False
PF01108,1fg9,E,P15260,human,False
PF01108,1fyh,B,P15260,human,False
PF01108,1fyh,E,P15260,human,False
PF01108,1j7v,R,Q13651,human,False
PF01108,1j9c,T,P13726,human,False
PF01108,1jps,T,P13726,human,False
PF01108,1jrh,I,P15260,human,False
PF01108,1lqs,R,Q13651,human,False
PF01108,1lqs,S,Q13651,human,False
PF01108,1n6u,A,P48551,human,False
PF01108,1n6v,A,P48551,human,False
PF01108,1o5d,T,P13726,human,False
PF01108,1tfh,A,P13726,human,False
PF01108,1tfh,B,P13726,human,False
PF01108,1uj3,C,P13726,human,False
PF01108,1w0y,T,P13726,human,False
PF01150,6wg5,A,Q9Y227,human,True
PF01153,4acr,A,P35052,human,False
PF01153,4acr,B,P35052,human,False
PF01153,4acr,C,P35052,human,False
PF01153,4acr,D,P35052,human,False
PF01153,4ad7,A,P35052,human,False
PF01153,4ad7,B,P35052,human,False
PF01153,4ad7,C,P35052,human,False
PF01153,4ad7,D,P35052,human,False
PF01153,4bwe,A,P35052,human,False
PF01153,4bwe,B,P35052,human,False
PF01153,4bwe,C,P35052,human,False
PF01153,4bwe,D,P35052,human,False
PF01153,4ywt,A,P35052,human,False
PF01153,4ywt,B,P35052,human,False
PF01153,4ywt,C,P35052,human,False
PF01153,4ywt,D,P35052,human,False
PF01153,6wjl,E,Q8N158,human,False
PF01153,6wjl,G,Q8N158,human,False
PF01153,7t62,A,Q8N158,human,False
PF01153,7za1,A,P51654,human,False
PF01153,7za1,B,P51654,human,False
PF01153,7za1,C,P51654,human,False
PF01153,7za1,D,P51654,human,False
PF01153,7zaw,A,P51654,human,False
PF01153,9ntq,A,P51654,human,False
PF01153,9ntt,A,P51654,human,False
PF01153,7za2,A,Q8CFZ4,mouse,False
PF01153,7za2,B,Q8CFZ4,mouse,False
PF01153,7za2,C,Q8CFZ4,mouse,False
PF01153,7za2,D,Q8CFZ4,mouse,False
PF01153,7za3,A,Q8CFZ4,mouse,False
PF01153,7za3,B,Q8CFZ4,mouse,False
PF01153,7za3,C,Q8CFZ4,mouse,False
PF01153,7za3,D,Q8CFZ4,mouse,False
PF01153,7zav,A,Q8CFZ4,mouse,False
PF01179,1pu4,A,Q16853,human,True
PF01179,1pu4,B,Q16853,human,True
PF01179,1us1,A,Q16853,human,True
PF01179,1us1,B,Q16853,human,True
PF01179,2c10,A,Q16853,human,True
PF01179,2c10,B,Q16853,human,True
PF01179,2c10,C,Q16853,human,True
PF01179,2c10,D,Q16853,human,True
PF01179,2c11,A,Q16853,human,True
PF01179,2c11,B,Q16853,human,True
PF01179,2c11,C,Q16853,human,True
PF01179,2c11,D,Q16853,human,True
PF01179,2y73,A,Q16853,human,True
PF01179,2y73,B,Q16853,human,True
PF01179,2y74,A,Q16853,human,True
PF01179,2y74,B,Q16853,human,True
PF01179,3ala,A,Q16853,human,True
PF01179,3ala,B,Q16853,human,True
PF01179,3ala,C,Q16853,human,True
PF01179,3ala,D,Q16853,human,True
PF01179,3ala,E,Q16853,human,True
PF01179,3ala,F,Q16853,human,True
PF01179,3ala,G,Q16853,human,True
PF01179,3hi7,A,P19801,human,True
PF01179,3hi7,B,P19801,human,True
PF01179,3hig,A,P19801,human,True
PF01179,3hig,B,P19801,human,True
PF01179,3hii,A,P19801,human,True
PF01179,3hii,B,P19801,human,True
PF01179,3k5t,A,P19801,human,True
PF01179,3mph,A,P19801,human,True
PF01179,3mph,B,P19801,human,True
PF01179,4btw,A,Q16853,human,True
PF01179,4btw,B,Q16853,human,True
PF01179,4btx,A,Q16853,human,True
PF01179,4btx,B,Q16853,human,True
PF01179,4bty,A,Q16853,human,True
PF01179,4bty,B,Q16853,human,True
PF01179,8s1z,A,Q16853,human,True
PF01179,8s1z,B,Q16853,human,True
PF01179,8s1z,C,Q16853,human,True
PF01179,8s1z,D,Q16853,human,True
PF01223,4a1n,A,Q9Y2C4,human,True
PF01223,4zg6,A,Q13822,human,True
PF01223,4zg6,B,Q13822,human,True
PF01223,4zg7,A,Q13822,human,True
PF01223,4zg9,A,Q13822,human,True
PF01223,4zg9,B,Q13822,human,True
PF01223,4zga,A,Q13822,human,True
PF01223,5kxa,A,Q13822,human,True
PF01223,5m7m,A,Q13822,human,True
PF01223,5mhp,A,Q13822,human,True
PF01223,5zki,A,Q9Y2C4,human,True
PF01223,5zki,B,Q9Y2C4,human,True
PF01223,5zkj,A,Q9Y2C4,human,True
PF01223,5zkj,B,Q9Y2C4,human,True
PF01223,6iid,A,Q9Y2C4,human,True
PF01223,6iid,B,Q9Y2C4,human,True
PF01223,6iid,C,Q9Y2C4,human,True
PF01223,6iid,D,Q9Y2C4,human,True
PF01223,6wet,AaA,P22413,human,True
PF01223,6wet,BaB,P22413,human,True
PF01223,6weu,AbA,P22413,human,True
PF01223,6weu,BbB,P22413,human,True
PF01223,6wev,AbA,P22413,human,True
PF01223,6wev,BbB,P22413,human,True
PF01223,6wew,AbA,P22413,human,True
PF01223,6wew,BaB,P22413,human,True
PF01223,6wfj,AcA,P22413,human,True
PF01223,6wfj,BcB,P22413,human,True
PF01223,7r6t,C,Q9Y2C4,human,True
PF01223,7r6t,D,Q9Y2C4,human,True
PF01223,7r6t,L,Q9Y2C4,human,True
PF01223,7r6v,D,Q9Y2C4,human,True
PF01223,7r6v,E,Q9Y2C4,human,True
PF01223,7r6v,G,Q9Y2C4,human,True
PF01223,7r6v,I,Q9Y2C4,human,True
PF01223,8c3o,A,Q13822,human,True
PF01223,8c3o,B,Q13822,human,True
PF01223,8c3p,A,Q13822,human,True
PF01223,8c3p,B,Q13822,human,True
PF01244,1itq,A,P16444,human,True
PF01244,1itq,B,P16444,human,True
PF01244,1itu,A,P16444,human,True
PF01244,1itu,B,P16444,human,True
PF01244,6vgo,A,Q9H4B8,human,True
PF01244,6vgr,A,Q9H4B8,human,True
PF01244,6vgr,B,Q9H4B8,human,True
PF01299,4akm,A,Q9UQV4,human,True
PF01299,4akm,B,Q9UQV4,human,True
PF01299,8fy5,C,P11279,human,True
PF01299,8fy5,D,P11279,human,True
PF01299,8fyf,C,P11279,human,True
PF01299,8fyf,D,P11279,human,True
PF01299,8ath,A,P11279,human,False
PF01299,8ath,B,P11279,human,False
PF01299,5gv0,A,P11438,mouse,True
PF01299,5gv3,A,P17047,mouse,False
PF01299,5gv3,B,P17047,mouse,False
PF01321,3ctz,A,Q9NQW7,human,True
PF01344,1u6d,X,Q14145,human,True
PF01344,1zgk,A,Q14145,human,True
PF01344,2flu,X,Q14145,human,True
PF01344,2vpj,A,Q53G59,human,True
PF01344,2xn4,A,O95198,human,True
PF01344,2xn4,B,O95198,human,True
PF01344,3vng,A,Q14145,human,True
PF01344,3vnh,A,Q14145,human,True
PF01344,3zgc,A,Q14145,human,True
PF01344,3zgc,B,Q14145,human,True
PF01344,3zgd,A,Q14145,human,True
PF01344,3zgd,B,Q14145,human,True
PF01344,4ch9,A,Q9UH77,human,True
PF01344,4ch9,B,Q9UH77,human,True
PF01344,4chb,A,O95198,human,True
PF01344,4chb,B,O95198,human,True
PF01344,4ifj,A,Q14145,human,True
PF01344,4ifl,X,Q14145,human,True
PF01344,4ifn,X,Q14145,human,True
PF01344,4in4,A,Q14145,human,True
PF01344,4in4,B,Q14145,human,True
PF01344,4in4,C,Q14145,human,True
PF01344,4iqk,A,Q14145,human,True
PF01344,4l7b,A,Q14145,human,True
PF01344,4l7b,B,Q14145,human,True
PF01344,4l7c,A,Q14145,human,True
PF01344,4l7c,B,Q14145,human,True
PF01344,4l7c,C,Q14145,human,True
PF01344,4l7d,A,Q14145,human,True
PF01344,4l7d,B,Q14145,human,True
PF01344,4l7d,C,Q14145,human,True
PF01344,4n1b,A,Q14145,human,True
PF01344,4n1b,B,Q14145,human,True
PF01344,4n1b,C,Q14145,human,True
PF01370,4b4o,A,Q9NRG7,human,True
PF01370,4b4o,B,Q9NRG7,human,True
PF01370,4b4o,C,Q9NRG7,human,True
PF01370,4b4o,D,Q9NRG7,human,True
PF01370,4b4o,E,Q9NRG7,human,True
PF01370,4b4o,F,Q9NRG7,human,True
PF01370,4b4o,G,Q9NRG7,human,True
PF01370,4b4o,H,Q9NRG7,human,True
PF01370,4b8w,A,Q13630,human,True
PF01370,4b8w,B,Q13630,human,True
PF01370,4b8z,A,Q13630,human,True
PF01370,4b8z,B,Q13630,human,True
PF01370,4b8z,C,Q13630,human,True
PF01370,4b8z,D,Q13630,human,True
PF01370,4bkp,A,Q13630,human,True
PF01370,4bkp,B,Q13630,human,True
PF01370,4bkp,C,Q13630,human,True
PF01370,4bkp,D,Q13630,human,True
PF01370,4bl5,A,Q13630,human,True
PF01370,4bl5,B,Q13630,human,True
PF01370,4bl5,C,Q13630,human,True
PF01370,4bl5,D,Q13630,human,True
PF01370,4bl5,E,Q13630,human,True
PF01370,4bl5,F,Q13630,human,True
PF01370,4bl5,G,Q13630,human,True
PF01370,4bl5,H,Q13630,human,True
PF01370,4bl5,I,Q13630,human,True
PF01370,4bl5,J,Q13630,human,True
PF01370,4bl5,K,Q13630,human,True
PF01370,4bl5,L,Q13630,human,True
PF01370,4e5y,A,Q13630,human,True
PF01370,4e5y,B,Q13630,human,True
PF01370,4e5y,C,Q13630,human,True
PF01370,4e5y,D,Q13630,human,True
PF01370,5xtb,J,Q16795,human,True
PF01370,5xtd,J,Q16795,human,True
PF01370,5xth,J,Q16795,human,True
PF01370,5xti,BJ,Q16795,human,True
PF01370,5xti,J,Q16795,human,True
PF01370,9cwt,J,Q16795,human,True
PF01370,9i4i,J,Q16795,human,True
PF01370,9ti4,J,Q16795,human,True
PF01370,4yr9,A,Q8K3F7,mouse,True
PF01370,4yr9,B,Q8K3F7,mouse,True
PF01370,4yr9,C,Q8K3F7,mouse,True
PF01370,4yr9,D,Q8K3F7,mouse,True
PF01370,4yr9,E,Q8K3F7,mouse,True
PF01370,4yr9,F,Q8K3F7,mouse,True
PF01370,4yra,A,Q8K3F7,mouse,True
PF01370,4yra,B,Q8K3F7,mouse,True
PF01370,4yra,C,Q8K3F7,mouse,True
PF01370,4yra,D,Q8K3F7,mouse,True
PF01370,4yra,E,Q8K3F7,mouse,True
PF01370,4yra,F,Q8K3F7,mouse,True
PF01370,4yra,G,Q8K3F7,mouse,True
PF01370,4yra,H,Q8K3F7,mouse,True
PF01370,4yra,I,Q8K3F7,mouse,True
PF01370,4yra,J,Q8K3F7,mouse,True
PF01370,4yra,K,Q8K3F7,mouse,True
PF01370,4yra,L,Q8K3F7,mouse,True
PF01370,4yrb,A,Q8K3F7,mouse,True
PF01370,4yrb,B,Q8K3F7,mouse,True
PF01370,4yrb,C,Q8K3F7,mouse,True
PF01370,4yrb,D,Q8K3F7,mouse,True
PF01370,4yrb,E,Q8K3F7,mouse,True
PF01370,4yrb,F,Q8K3F7,mouse,True
PF01390,7sa9,A,Q8WXI7,human,True
PF01390,7sa9,B,Q8WXI7,human,True
PF01390,7wxu,R,Q5T601,human,True
PF01390,7wxw,R,Q5T601,human,True
PF01390,7wy0,R,Q5T601,human,True
PF01390,7wz7,R,Q5T601,human,True
PF01390,7x2v,R,Q5T601,human,True
PF01390,8gkl,E,Q8WXI7,human,True
PF01390,8s9p,A,O00468,human,True
PF01390,8vis,A,O60235,human,True
PF01390,8vis,C,O60235,human,True
PF01390,8vis,E,O60235,human,True
PF01390,8vis,G,O60235,human,True
PF01390,8vm1,A,Q8WXI7,human,True
PF01390,9nrc,A,Q8IU80,human,True
PF01390,9p1c,A,Q6ZMR5,human,True
PF01390,2acm,A,P15941,human,False
PF01390,2acm,B,P15941,human,False
PF01390,6bsb,A,P15941,human,False
PF01390,6bsb,B,P15941,human,False
PF01390,6bsc,A,P15941,human,False
PF01390,6bsc,B,P15941,human,False
PF01390,8hc0,A,Q5T601,human,False
PF01390,8hc0,B,Q5T601,human,False
PF01390,1ivz,A,Q9D1H1,mouse,True
PF01390,2e7v,A,Q8VHK8,mouse,True
PF01391,1pw9,A,P35247,human,False
PF01391,1pw9,B,P35247,human,False
PF01391,1pw9,C,P35247,human,False
PF01391,1pwb,A,P35247,human,False
PF01391,1pwb,B,P35247,human,False
PF01391,1pwb,C,P35247,human,False
PF01391,1q7d,A,P02452,human,False
PF01391,1q7d,B,P02452,human,False
PF01391,1q7d,C,P02452,human,False
PF01391,2v53,B,P02461,human,False
PF01391,2v53,C,P02461,human,False
PF01391,2v53,D,P02461,human,False
PF01391,3dmw,A,P02461,human,False
PF01391,3dmw,B,P02461,human,False
PF01391,3dmw,C,P02461,human,False
PF01391,3gxe,E,P02452,human,False
PF01391,3gxe,F,P02452,human,False
PF01391,3ikn,A,P35247,human,False
PF01391,3ikn,B,P35247,human,False
PF01391,3ikn,C,P35247,human,False
PF01391,3ikp,A,P35247,human,False
PF01391,3ikp,B,P35247,human,False
PF01391,3ikp,C,P35247,human,False
PF01391,3ikq,A,P35247,human,False
PF01391,3ikq,B,P35247,human,False
PF01391,3ikq,C,P35247,human,False
PF01391,3ikr,A,P35247,human,False
PF01391,3ikr,B,P35247,human,False
PF01391,3ikr,C,P35247,human,False
PF01391,4bj3,C,Q96A83,human,False
PF01391,4bj3,D,Q96A83,human,False
PF01391,4bj3,E,Q96A83,human,False
PF01391,4e52,A,P35247,human,False
PF01391,4e52,B,P35247,human,False
PF01391,4e52,C,P35247,human,False
PF01391,4gyx,A,P02461,human,False
PF01391,4gyx,B,P02461,human,False
PF01391,4gyx,C,P02461,human,False
PF01391,5ctd,C,Q14050,human,False
PF01391,5cti,B,Q14055,human,False
PF01391,5cva,A,P08123,human,False
PF01391,5cva,B,Q14055,human,False
PF01391,5cva,D,P20849,human,False
PF01391,5cva,E,Q14055,human,False
PF01391,5ou9,C,P02452,human,False
PF01391,5ou9,D,P02452,human,False
PF01391,5ou9,E,P02452,human,False
PF01391,5oxr,A,P35247,human,False
PF01391,5oxr,B,P35247,human,False
PF01391,5oxr,C,P35247,human,False
PF01391,5oxs,A,P35247,human,False
PF01391,5oxs,B,P35247,human,False
PF01391,5oxs,C,P35247,human,False
PF01391,6hg7,A,P02458,human,False
PF01391,6hg7,B,P02458,human,False
PF01391,6hg7,C,P02458,human,False
PF01392,21kr,C,Q9H461,human,True
PF01392,21kr,D,Q9H461,human,True
PF01392,21kr,G,Q9H461,human,True
PF01392,21kr,H,Q9H461,human,True
PF01392,21kr,I,Q9H461,human,True
PF01392,21ks,C,Q9H461,human,True
PF01392,21ks,D,Q9H461,human,True
PF01392,21ks,G,Q9H461,human,True
PF01392,21ks,H,Q9H461,human,True
PF01392,21ks,I,Q9H461,human,True
PF01392,21kt,C,Q9H461,human,True
PF01392,21kt,D,Q9H461,human,True
PF01392,21kt,G,Q9H461,human,True
PF01392,21kt,H,Q9H461,human,True
PF01392,25gn,R,O60353,human,True
PF01392,5bpb,A,Q9ULV1,human,True
PF01392,5bpb,B,Q9ULV1,human,True
PF01392,5bpb,C,Q9ULV1,human,True
PF01392,5bpb,D,Q9ULV1,human,True
PF01392,5bpq,A,Q9ULV1,human,True
PF01392,5bpq,B,Q9ULV1,human,True
PF01392,5bpq,C,Q9ULV1,human,True
PF01392,5bpq,D,Q9ULV1,human,True
PF01392,5bqc,B,Q9ULV1,human,True
PF01392,5bqe,C,Q9ULV1,human,True
PF01392,5cl1,C,Q9ULV1,human,True
PF01392,5cl1,D,Q9ULV1,human,True
PF01392,5cm4,A,Q9ULV1,human,True
PF01392,5cm4,B,Q9ULV1,human,True
PF01392,5l7d,A,Q99835,human,True
PF01392,5l7d,B,Q99835,human,True
PF01392,5l7i,A,Q99835,human,True
PF01392,5l7i,B,Q99835,human,True
PF01392,5t44,A,O75084,human,True
PF01392,5t44,B,O75084,human,True
PF01392,5un5,A,Q9H461,human,True
PF01392,5un5,B,Q9H461,human,True
PF01392,5un6,A,Q9H461,human,True
PF01392,5un6,B,Q9H461,human,True
PF01392,5un6,C,Q9H461,human,True
PF01392,5un6,D,Q9H461,human,True
PF01392,5urv,A,O75084,human,True
PF01392,5urv,B,O75084,human,True
PF01392,5ury,A,Q13467,human,True
PF01392,5ury,B,Q13467,human,True
PF01392,5urz,A,Q13467,human,True
PF01392,5urz,B,Q13467,human,True
PF01392,5uwg,A,Q9ULV1,human,True
PF01392,5uwg,B,Q9ULV1,human,True
PF01392,5v56,A,Q99835,human,True
PF01392,5v56,B,Q99835,human,True
PF01400,3edg,A,P13497,human,True
PF01400,3edh,A,P13497,human,True
PF01400,3edi,A,O43897,human,True
PF01400,4gwm,A,Q16820,human,True
PF01400,4gwm,B,Q16820,human,True
PF01400,4gwn,A,Q16820,human,True
PF01400,6bsl,A,P13497,human,True
PF01400,6bsl,B,P13497,human,True
PF01400,6bsm,A,P13497,human,True
PF01400,6btn,A,P13497,human,True
PF01400,6btn,B,P13497,human,True
PF01400,6bto,A,P13497,human,True
PF01400,6bto,B,P13497,human,True
PF01400,6btp,A,P13497,human,True
PF01400,6btp,B,P13497,human,True
PF01400,6btq,A,P13497,human,True
PF01400,6btq,B,P13497,human,True
PF01400,7aq1,A,Q16820,human,True
PF01400,7aq1,B,Q16820,human,True
PF01400,7auw,A,Q16820,human,True
PF01400,7auw,C,Q16820,human,True
PF01400,7uab,A,Q16819,human,True
PF01400,7uab,D,Q16819,human,True
PF01400,7uab,E,Q16819,human,True
PF01400,7uab,H,Q16819,human,True
PF01400,7uac,H,Q16819,human,True
PF01400,7uae,A,Q16819,human,True
PF01400,7uaf,A,Q16819,human,True
PF01400,7uaf,B,Q16819,human,True
PF01400,7uaf,C,Q16819,human,True
PF01400,7uaf,D,Q16819,human,True
PF01400,7uai,B,Q16819,human,True
PF01400,7uai,C,Q16819,human,True
PF01400,7uai,D,Q16819,human,True
PF01400,7uai,E,Q16819,human,True
PF01401,1o86,A,P12821,human,True
PF01401,1o8a,A,P12821,human,True
PF01401,1r42,A,Q9BYF1,human,True
PF01401,1r4l,A,Q9BYF1,human,True
PF01401,1uze,A,P12821,human,True
PF01401,1uzf,A,P12821,human,True
PF01401,22hg,B,Q9BYF1,human,True
PF01401,28kd,A,Q9BYF1,human,True
PF01401,28kd,B,Q9BYF1,human,True
PF01401,2ajf,A,Q9BYF1,human,True
PF01401,2ajf,B,Q9BYF1,human,True
PF01401,2c6f,A,P12821,human,True
PF01401,2c6f,B,P12821,human,True
PF01401,2c6n,A,P12821,human,True
PF01401,2c6n,B,P12821,human,True
PF01401,2iul,A,P12821,human,True
PF01401,2iux,A,P12821,human,True
PF01401,2oc2,A,P12821,human,True
PF01401,2xyd,A,P12821,human,True
PF01401,2xyd,B,P12821,human,True
PF01401,2ydm,A,P12821,human,True
PF01401,3bkk,A,P12821,human,True
PF01401,3bkl,A,P12821,human,True
PF01401,3d0g,A,Q9BYF1,human,True
PF01401,3d0g,B,Q9BYF1,human,True
PF01401,3kbh,A,Q9BYF1,human,True
PF01401,3kbh,B,Q9BYF1,human,True
PF01401,3kbh,C,Q9BYF1,human,True
PF01401,3kbh,D,Q9BYF1,human,True
PF01403,1olz,A,Q92854,human,True
PF01403,1olz,B,Q92854,human,True
PF01403,1shy,B,P08581,human,True
PF01403,2uzx,B,P08581,human,True
PF01403,2uzx,D,P08581,human,True
PF01403,2uzy,B,P08581,human,True
PF01403,2uzy,D,P08581,human,True
PF01403,3nvq,A,O75326,human,True
PF01403,3nvq,E,O75326,human,True
PF01403,3ol2,A,Q92854,human,True
PF01403,3ol2,B,O43157,human,True
PF01403,4fww,A,Q04912,human,True
PF01403,4k3j,B,P08581,human,True
PF01403,4o3t,B,P08581,human,True
PF01403,4o3u,B,P08581,human,True
PF01403,4qt8,A,Q04912,human,True
PF01403,4qt8,B,Q04912,human,True
PF01403,5b4w,A,O43157,human,True
PF01403,5b4w,B,O43157,human,True
PF01403,5b4w,C,O43157,human,True
PF01403,5b4w,D,O43157,human,True
PF01403,5b4w,E,O43157,human,True
PF01403,5b4w,F,O43157,human,True
PF01403,6gcu,A,P08581,human,True
PF01403,6gcu,D,P08581,human,True
PF01403,6i04,A,P08581,human,True
PF01403,6i04,B,P08581,human,True
PF01403,6wts,A,Q9H2E6,human,True
PF01403,6wts,B,Q9H2E6,human,True
PF01403,6wvz,M,P08581,human,True
PF01403,7mo7,B,P08581,human,True
PF01403,7mo7,E,P08581,human,True
PF01403,7mo8,B,P08581,human,True
PF01403,7mo9,E,P08581,human,True
PF01403,7moa,E,P08581,human,True
PF01404,2lw8,A,P54764,human,True
PF01404,2x10,A,P29317,human,True
PF01404,2x11,A,P29317,human,True
PF01404,3c8x,A,P29317,human,True
PF01404,3ckh,A,P54764,human,True
PF01404,3ckh,B,P54764,human,True
PF01404,3czu,A,P29317,human,True
PF01404,3fl7,A,P29317,human,True
PF01404,3hei,A,P29317,human,True
PF01404,3hei,C,P29317,human,True
PF01404,3hei,E,P29317,human,True
PF01404,3hei,G,P29317,human,True
PF01404,3hei,I,P29317,human,True
PF01404,3hei,K,P29317,human,True
PF01404,3hei,M,P29317,human,True
PF01404,3hei,O,P29317,human,True
PF01404,3hpn,A,P29317,human,True
PF01404,3hpn,B,P29317,human,True
PF01404,3hpn,C,P29317,human,True
PF01404,3hpn,D,P29317,human,True
PF01404,3hpn,E,P29317,human,True
PF01404,3hpn,F,P29317,human,True
PF01404,3mbw,A,P29317,human,True
PF01404,3mx0,A,P29317,human,True
PF01404,3mx0,C,P29317,human,True
PF01404,3skj,E,P29317,human,True
PF01404,3skj,F,P29317,human,True
PF01404,4bk4,A,P54764,human,True
PF01404,4bk4,B,P54764,human,True
PF01404,4bk5,A,P54764,human,True
PF01404,4bka,A,P54764,human,True
PF01404,4bkf,A,P54764,human,True
PF01404,4bkf,B,P54764,human,True
PF01404,4et7,A,P54756,human,True
PF01404,4m4p,A,P54764,human,True
PF01404,4m4r,A,P54764,human,True
PF01404,4m4r,C,P54764,human,True
PF01404,4m4r,E,P54764,human,True
PF01404,4m4r,G,P54764,human,True
PF01404,4w4z,A,P54764,human,True
PF01404,4w4z,B,P54764,human,True
PF01404,4w4z,C,P54764,human,True
PF01404,4w4z,D,P54764,human,True
PF01410,4ae2,A,P02461,human,True
PF01410,4ae2,B,P02461,human,True
PF01410,4ae2,C,P02461,human,True
PF01410,4aej,A,P02461,human,True
PF01410,4aej,B,P02461,human,True
PF01410,4aej,C,P02461,human,True
PF01410,4ak3,A,P02461,human,True
PF01410,5k31,A,P02452,human,True
PF01410,5k31,B,P02452,human,True
PF01410,5k31,C,P02452,human,True
PF01410,5k31,D,P02452,human,True
PF01410,5k31,E,P02452,human,True
PF01410,5k31,F,P02452,human,True
PF01410,6fzv,A,P02461,human,True
PF01410,6fzv,B,P02461,human,True
PF01410,6fzv,C,P02461,human,True
PF01410,6fzw,A,P02461,human,True
PF01410,6fzw,B,P02461,human,True
PF01410,6fzw,C,P02461,human,True
PF01410,7e7b,A,P02452,human,False
PF01410,7e7b,B,P02452,human,False
PF01410,7e7b,C,P02452,human,False
PF01410,7e7d,A,P02452,human,False
PF01410,7e7d,B,P02452,human,False
PF01410,7e7d,C,P02452,human,False
PF01414,2vj2,A,P78504,human,True
PF01414,2vj2,B,P78504,human,True
PF01414,4cbz,A,P78504,human,True
PF01414,4cbz,B,P78504,human,True
PF01414,4cc0,A,P78504,human,True
PF01414,4cc0,B,P78504,human,True
PF01414,4cc1,A,P78504,human,True
PF01414,4cc1,B,P78504,human,True
PF01414,4xbm,A,O00548,human,True
PF01414,4xbm,B,O00548,human,True
PF01414,5bo1,A,P78504,human,True
PF01414,5bo1,B,P78504,human,True
PF01414,5mvx,A,Q9NR61,human,True
PF01414,5mw5,A,Q9Y219,human,True
PF01414,5mw7,A,Q9Y219,human,True
PF01414,5mwf,A,Q9Y219,human,True
PF01414,5mwf,B,Q9Y219,human,True
PF01414,5mwf,C,Q9Y219,human,True
PF01414,5mwf,D,Q9Y219,human,True
PF01414,5mwf,E,Q9Y219,human,True
PF01414,5mwf,F,Q9Y219,human,True
PF01421,1r54,A,Q9BZ11,human,True
PF01421,1r55,A,Q9BZ11,human,True
PF01421,2jih,A,Q9UHI8,human,True
PF01421,2jih,B,Q9UHI8,human,True
PF01421,2rjp,A,O75173,human,True
PF01421,2rjp,B,O75173,human,True
PF01421,2rjp,C,O75173,human,True
PF01421,2rjp,D,O75173,human,True
PF01421,2rjq,A,Q9UNA0,human,True
PF01421,2v4b,A,Q9UHI8,human,True
PF01421,2v4b,B,Q9UHI8,human,True
PF01421,3b2z,A,O75173,human,True
PF01421,3b2z,B,O75173,human,True
PF01421,3b2z,C,O75173,human,True
PF01421,3b2z,D,O75173,human,True
PF01421,3b2z,E,O75173,human,True
PF01421,3b2z,F,O75173,human,True
PF01421,3b2z,G,O75173,human,True
PF01421,3b2z,H,O75173,human,True
PF01421,3b8z,A,Q9UNA0,human,True
PF01421,3b8z,B,Q9UNA0,human,True
PF01421,3g5c,A,Q9P0K1,human,True
PF01421,3g5c,B,Q9P0K1,human,True
PF01421,3hy7,A,Q9UNA0,human,True
PF01421,3hy7,B,Q9UNA0,human,True
PF01421,3hy9,A,Q9UNA0,human,True
PF01421,3hy9,B,Q9UNA0,human,True
PF01421,3hyg,A,Q9UNA0,human,True
PF01421,3hyg,B,Q9UNA0,human,True
PF01421,3ljt,A,Q9UNA0,human,True
PF01421,3q2g,A,Q9UHI8,human,True
PF01421,3q2g,B,Q9UHI8,human,True
PF01421,3q2h,A,Q9UHI8,human,True
PF01421,3q2h,B,Q9UHI8,human,True
PF01421,4dd8,A,P78325,human,True
PF01421,4dd8,B,P78325,human,True
PF01421,4dd8,C,P78325,human,True
PF01421,4dd8,D,P78325,human,True
PF01421,4wk7,A,O75173,human,True
PF01421,4wke,A,O75173,human,True
PF01421,4wki,A,O75173,human,True
PF01421,5y2z,A,Q9P0K1,human,True
PF01421,5y2z,C,Q9P0K1,human,True
PF01421,5y2z,E,Q9P0K1,human,True
PF01421,5y2z,G,Q9P0K1,human,True
PF01421,5y2z,I,Q9P0K1,human,True
PF01421,5y2z,K,Q9P0K1,human,True
PF01431,1dmt,A,P08473,human,True
PF01431,1r1h,A,P08473,human,True
PF01431,1r1i,A,P08473,human,True
PF01431,1r1j,A,P08473,human,True
PF01431,1y8j,A,P08473,human,True
PF01431,2qpj,A,P08473,human,True
PF01431,2yb9,A,P08473,human,True
PF01431,3dwb,A,P42892,human,True
PF01431,4cth,A,P08473,human,True
PF01431,5jmy,A,P08473,human,True
PF01431,5jmy,B,P08473,human,True
PF01431,6gid,A,P08473,human,True
PF01431,6sh1,AAA,P08473,human,True
PF01431,6sh1,CCC,P08473,human,True
PF01431,6sh2,AAA,P08473,human,True
PF01431,6suk,A,P08473,human,True
PF01431,6svy,A,P08473,human,True
PF01431,6thp,A,P08473,human,True
PF01431,6thp,B,P08473,human,True
PF01431,6xvp,A,P08473,human,True
PF01433,1gw6,A,P09960,human,True
PF01433,1h19,A,P09960,human,True
PF01433,1hs6,A,P09960,human,True
PF01433,1sqm,A,P09960,human,True
PF01433,2r59,A,P09960,human,True
PF01433,2vj8,A,P09960,human,True
PF01433,2yd0,A,Q9NZ08,human,True
PF01433,3b7r,L,P09960,human,True
PF01433,3b7s,A,P09960,human,True
PF01433,3b7t,A,P09960,human,True
PF01433,3b7u,X,P09960,human,True
PF01433,3cho,A,P09960,human,True
PF01433,3chp,A,P09960,human,True
PF01433,3chq,A,P09960,human,True
PF01433,3chr,A,P09960,human,True
PF01433,3chs,A,P09960,human,True
PF01433,3fh5,A,P09960,human,True
PF01433,3fh7,A,P09960,human,True
PF01433,3fh8,A,P09960,human,True
PF01433,3fhe,A,P09960,human,True
PF01436,6g7w,A,Q8NBF2,human,True
PF01436,6gc1,A,Q8NBF2,human,True
PF01436,6gc1,B,Q8NBF2,human,True
PF01436,6gc1,C,Q8NBF2,human,True
PF01436,6gc1,D,Q8NBF2,human,True
PF01436,7b2r,A,Q9C040,human,True
PF01436,7b2r,B,Q9C040,human,True
PF01436,7b96,A,Q9C040,human,True
PF01436,7b96,B,Q9C040,human,True
PF01436,7qrv,A,Q9C040,human,True
PF01436,7qrv,B,Q9C040,human,True
PF01436,7qrv,C,Q9C040,human,True
PF01436,7qrv,D,Q9C040,human,True
PF01436,7qrw,A,O75382,human,True
PF01436,7qrx,A,Q2Q1W2,human,True
PF01436,7qrx,B,Q2Q1W2,human,True
PF01436,9jur,A,Q2Q1W2,human,True
PF01436,8j72,A,Q1PSW8,mouse,True
PF01436,8j72,B,Q1PSW8,mouse,True
PF01437,1olz,A,Q92854,human,True
PF01437,1olz,B,Q92854,human,True
PF01437,1shy,B,P08581,human,True
PF01437,1ssl,A,P08581,human,True
PF01437,2uzx,B,P08581,human,True
PF01437,2uzx,D,P08581,human,True
PF01437,2uzy,B,P08581,human,True
PF01437,2uzy,D,P08581,human,True
PF01437,3nvn,B,O60486,human,True
PF01437,3nvq,A,O75326,human,True
PF01437,3nvq,B,O60486,human,True
PF01437,3nvq,E,O75326,human,True
PF01437,3nvq,F,O60486,human,True
PF01437,3ol2,A,Q92854,human,True
PF01437,3ol2,B,O43157,human,True
PF01437,4fww,A,Q04912,human,True
PF01437,4k3j,B,P08581,human,True
PF01437,4o3t,B,P08581,human,True
PF01437,4o3u,B,P08581,human,True
PF01437,4qt8,A,Q04912,human,True
PF01437,4qt8,B,Q04912,human,True
PF01437,5b4w,A,O43157,human,True
PF01437,5b4w,B,O43157,human,True
PF01437,5b4w,C,O43157,human,True
PF01437,5b4w,D,O43157,human,True
PF01437,5b4w,E,O43157,human,True
PF01437,5b4w,F,O43157,human,True
PF01437,5lsp,A,P08581,human,True
PF01437,5lsp,P,P08581,human,True
PF01437,6gcu,A,P08581,human,True
PF01437,6gcu,D,P08581,human,True
PF01437,6i04,A,P08581,human,True
PF01437,6i04,B,P08581,human,True
PF01437,6vxk,B,O60486,human,True
PF01437,6vxk,D,O60486,human,True
PF01437,6wts,A,Q9H2E6,human,True
PF01437,6wts,B,Q9H2E6,human,True
PF01437,6wvz,M,P08581,human,True
PF01462,1gwb,A,P07359,human,True
PF01462,1gwb,B,P07359,human,True
PF01462,1m0z,A,P07359,human,True
PF01462,1m0z,B,P07359,human,True
PF01462,1m10,B,P07359,human,True
PF01462,1ook,G,P07359,human,True
PF01462,1p8v,A,P07359,human,True
PF01462,1p9a,G,P07359,human,True
PF01462,1qyy,A,P07359,human,True
PF01462,1qyy,G,P07359,human,True
PF01462,1sq0,B,P07359,human,True
PF01462,1u0n,D,P07359,human,True
PF01462,1xwd,C,P23945,human,True
PF01462,1xwd,F,P23945,human,True
PF01462,2v9s,A,O94813,human,True
PF01462,2v9s,B,O94813,human,True
PF01462,2v9s,C,O94813,human,True
PF01462,2v9s,D,O94813,human,True
PF01462,2v9t,B,O94813,human,True
PF01462,2wfh,A,O94813,human,True
PF01462,2wfh,B,O94813,human,True
PF01462,3p72,A,P07359,human,True
PF01462,3pmh,G,P07359,human,True
PF01462,4ay9,X,P23945,human,True
PF01462,4ay9,Y,P23945,human,True
PF01462,4ay9,Z,P23945,human,True
PF01462,4bsr,A,O75473,human,True
PF01462,4bsr,B,O75473,human,True
PF01462,4bss,A,O75473,human,True
PF01462,4bss,B,O75473,human,True
PF01462,4bss,E,O75473,human,True
PF01462,4bss,F,O75473,human,True
PF01462,4bst,A,O75473,human,True
PF01462,4bst,B,O75473,human,True
PF01462,4bsu,A,O75473,human,True
PF01462,4bsu,B,O75473,human,True
PF01462,4bsu,E,O75473,human,True
PF01462,4bsu,F,O75473,human,True
PF01463,2v70,A,O94813,human,True
PF01463,2v70,B,O94813,human,True
PF01463,2v70,C,O94813,human,True
PF01463,2v70,D,O94813,human,True
PF01463,2v9s,A,O94813,human,True
PF01463,2v9s,B,O94813,human,True
PF01463,2v9s,C,O94813,human,True
PF01463,2v9s,D,O94813,human,True
PF01463,2v9t,B,O94813,human,True
PF01463,4cnc,A,Q13641,human,True
PF01463,4cnc,B,Q13641,human,True
PF01463,4cnm,A,Q13641,human,True
PF01463,4u7l,A,Q96JA1,human,True
PF01463,4v2d,A,Q8BLU0,human,True
PF01463,2wfh,A,O94813,human,False
PF01463,2wfh,B,O94813,human,False
PF01463,4v2c,A,Q8BLU0,mouse,True
PF01463,4v2c,C,Q8BLU0,mouse,True
PF01463,5ftt,B,Q8BLU0,mouse,True
PF01463,5ftt,F,Q8BLU0,mouse,True
PF01463,5ftu,B,Q8BLU0,mouse,True
PF01463,5ftu,F,Q8BLU0,mouse,True
PF01463,5ftu,J,Q8BLU0,mouse,True
PF01471,1ck7,A,P08253,human,True
PF01471,1eak,A,P08253,human,True
PF01471,1eak,B,P08253,human,True
PF01471,1eak,C,P08253,human,True
PF01471,1eak,D,P08253,human,True
PF01471,1gxd,A,P08253,human,True
PF01471,1gxd,B,P08253,human,True
PF01471,1slm,A,P08254,human,True
PF01471,1su3,A,P03956,human,True
PF01471,1su3,B,P03956,human,True
PF01471,2mze,A,P09237,human,True
PF01471,2mzh,A,P09237,human,True
PF01471,2mzi,A,P09237,human,True
PF01471,5ue2,A,P09237,human,True
PF01471,5ue5,A,P09237,human,True
PF01471,9csx,A,P09238,human,True
PF01471,4fu4,C,P45452,human,False
PF01471,4fu4,D,P45452,human,False
PF01471,4fvl,C,P45452,human,False
PF01471,4fvl,D,P45452,human,False
PF01471,4g0d,W,P45452,human,False
PF01471,4g0d,X,P45452,human,False
PF01471,4g0d,Y,P45452,human,False
PF01471,4g0d,Z,P45452,human,False
PF01476,2djp,A,Q96S90,human,True
PF01483,4omc,A,P09958,human,True
PF01483,4omc,B,P09958,human,True
PF01483,4omc,C,P09958,human,True
PF01483,4omc,D,P09958,human,True
PF01483,4omc,E,P09958,human,True
PF01483,4omc,F,P09958,human,True
PF01483,4omd,A,P09958,human,True
PF01483,4omd,B,P09958,human,True
PF01483,4omd,C,P09958,human,True
PF01483,4omd,D,P09958,human,True
PF01483,4omd,E,P09958,human,True
PF01483,4omd,F,P09958,human,True
PF01483,4ryd,A,P09958,human,True
PF01483,4ryd,B,P09958,human,True
PF01483,4ryd,C,P09958,human,True
PF01483,4ryd,D,P09958,human,True
PF01483,4ryd,E,P09958,human,True
PF01483,4ryd,F,P09958,human,True
PF01483,4z2a,A,P09958,human,True
PF01483,5jmo,A,P09958,human,True
PF01483,5jmo,B,P09958,human,True
PF01483,5jxg,A,P09958,human,True
PF01483,5jxh,A,P09958,human,True
PF01483,5jxi,A,P09958,human,True
PF01483,5jxj,A,P09958,human,True
PF01483,5mim,A,P09958,human,True
PF01483,6eqv,A,P09958,human,True
PF01483,6eqw,A,P09958,human,True
PF01483,6hlb,A,P09958,human,True
PF01483,6hld,A,P09958,human,True
PF01483,6hle,A,P09958,human,True
PF01483,6hza,A,P09958,human,True
PF01483,6hzb,A,P09958,human,True
PF01483,6hzc,A,P09958,human,True
PF01483,6hzd,A,P09958,human,True
PF01483,6yd2,A,P09958,human,True
PF01535,8any,A5,P42704,human,True
PF01535,9olf,A5,P42704,human,True
PF01596,2avd,A,Q86VU5,human,True
PF01596,2avd,B,Q86VU5,human,True
PF01596,3a7e,A,P21964,human,True
PF01596,3bwm,A,P21964,human,True
PF01596,3bwy,A,P21964,human,True
PF01596,4pyi,A,P21964,human,True
PF01596,4pyj,A,P21964,human,True
PF01596,4pyk,A,P21964,human,True
PF01596,4xuc,A,P21964,human,True
PF01596,4xud,A,P21964,human,True
PF01596,4xue,A,P21964,human,True
PF01596,4xue,B,P21964,human,True
PF01596,5lsa,A,P21964,human,True
PF01596,6i3c,A,P21964,human,True
PF01596,6i3d,A,P21964,human,True
PF01596,6i3d,B,P21964,human,True
PF01596,7ud6,A,P22734,human,True
PF01596,4p58,A,O88587,mouse,True
PF01596,4p7f,A,O88587,mouse,True
PF01630,2pe4,A,Q12794,human,True
PF01630,9jub,A,P38567,human,True
PF01663,4lqy,A,Q9Y6X5,human,True
PF01663,4lr2,A,Q9Y6X5,human,True
PF01663,4zg6,A,Q13822,human,True
PF01663,4zg6,B,Q13822,human,True
PF01663,4zg7,A,Q13822,human,True
PF01663,4zg9,A,Q13822,human,True
PF01663,4zg9,B,Q13822,human,True
PF01663,4zga,A,Q13822,human,True
PF01663,5kxa,A,Q13822,human,True
PF01663,5m7m,A,Q13822,human,True
PF01663,5mhp,A,Q13822,human,True
PF01663,5tcd,A,Q6UWV6,human,True
PF01663,5udy,A,Q6UWV6,human,True
PF01663,5vem,A,Q9UJA9,human,True
PF01663,5vem,B,Q9UJA9,human,True
PF01663,5vem,C,Q9UJA9,human,True
PF01663,6c01,A,O14638,human,True
PF01663,6c01,B,O14638,human,True
PF01663,6c02,A,O14638,human,True
PF01663,6c02,B,O14638,human,True
PF01663,6wet,AaA,P22413,human,True
PF01663,6wet,BaB,P22413,human,True
PF01663,6weu,AbA,P22413,human,True
PF01663,6weu,BbB,P22413,human,True
PF01663,6wev,AbA,P22413,human,True
PF01663,6wev,BbB,P22413,human,True
PF01663,6wew,AbA,P22413,human,True
PF01663,6wew,BaB,P22413,human,True
PF01663,6wfj,AcA,P22413,human,True
PF01663,6wfj,BcB,P22413,human,True
PF01663,8c3o,A,Q13822,human,True
PF01663,8c3o,B,Q13822,human,True
PF01731,1v04,A,P27170,human,True
PF01740,7ch1,A,Q7LBE3,human,True
PF01740,7ch1,B,Q7LBE3,human,True
PF01740,7lgu,A,P58743,human,True
PF01740,7lgu,B,P58743,human,True
PF01740,7lgw,A,P58743,human,True
PF01740,7lgw,B,P58743,human,True
PF01740,7lh2,A,P58743,human,True
PF01740,7lh2,B,P58743,human,True
PF01740,7lh3,A,P58743,human,True
PF01740,7lh3,B,P58743,human,True
PF01740,7xlm,A,P50443,human,True
PF01740,7xlm,B,P50443,human,True
PF01740,7xuh,A,P40879,human,True
PF01740,7xuh,B,P40879,human,True
PF01740,7xuj,A,P40879,human,True
PF01740,7xuj,B,P40879,human,True
PF01740,7xul,A,P40879,human,True
PF01740,7xul,B,P40879,human,True
PF01740,8iet,A,P40879,human,True
PF01740,8iet,B,P40879,human,True
PF01740,8tnw,A,P50443,human,True
PF01740,8tnw,B,P50443,human,True
PF01740,8tnx,A,P50443,human,True
PF01740,8tnx,B,P50443,human,True
PF01740,8tny,A,P50443,human,True
PF01740,8tny,B,P50443,human,True
PF01740,8x1q,A,P40879,human,True
PF01740,8x1q,B,P40879,human,True
PF01740,8x1r,A,P40879,human,True
PF01740,8x1r,B,P40879,human,True
PF01740,8x1s,A,P40879,human,True
PF01740,8x1s,B,P40879,human,True
PF01740,8x1t,A,P40879,human,True
PF01740,8x1t,B,P40879,human,True
PF01740,8x1u,A,P40879,human,True
PF01740,8x1u,B,P40879,human,True
PF01740,8x2n,A,P40879,human,True
PF01740,8x2n,B,P40879,human,True
PF01740,8yr9,A,P40879,human,True
PF01740,8yr9,B,P40879,human,True
PF01822,5fws,A,Q96MU8,human,True
PF01822,5fwt,A,Q96MU8,human,True
PF01822,5fwu,A,Q96MU8,human,True
PF01822,5fwv,A,Q96MU8,human,True
PF01822,5fww,B,Q96MU8,human,True
PF01822,6snw,E,Q96MU8,human,True
PF01822,7bzt,E,Q96MU8,human,True
PF01822,7bzu,E,Q96MU8,human,True
PF01822,9vfr,G,Q96MU8,human,True
PF01825,21du,R,Q86SQ4,human,True
PF01825,4dlo,A,O60242,human,True
PF01825,4dlo,B,O60242,human,True
PF01825,6vhh,B,Q9HAR2,human,True
PF01825,7d76,R,Q86Y34,human,True
PF01825,7d77,R,Q86Y34,human,True
PF01825,7qu8,A,Q86Y34,human,True
PF01825,7qu8,B,Q86Y34,human,True
PF01825,7qu8,C,Q86Y34,human,True
PF01825,7qu8,D,Q86Y34,human,True
PF01825,7wu3,R,Q5T601,human,True
PF01825,7wu4,R,Q5T601,human,True
PF01825,7wu5,R,Q5T601,human,True
PF01825,7wxu,R,Q5T601,human,True
PF01825,7wxw,R,Q5T601,human,True
PF01825,7wy0,R,Q5T601,human,True
PF01825,7wz7,R,Q5T601,human,True
PF01825,7x2v,R,Q5T601,human,True
PF01825,8ikj,R,P48960,human,True
PF01825,8jmt,A,Q9HAR2,human,True
PF01825,8oek,A,O60241,human,True
PF01825,8x9s,R,Q6QNK2,human,True
PF01825,8x9t,R,Q6QNK2,human,True
PF01825,8x9u,R,Q6QNK2,human,True
PF01826,6tm2,A,Q02817,human,True
PF01826,6tm2,B,Q02817,human,True
PF01826,7a5o,A,Q02817,human,True
PF01826,7a5o,B,Q02817,human,True
PF01826,7a5o,C,Q02817,human,True
PF01826,7a5o,D,Q02817,human,True
PF01826,7a5o,E,Q02817,human,True
PF01826,7a5o,F,Q02817,human,True
PF01826,7a5o,G,Q02817,human,True
PF01826,7a5o,H,Q02817,human,True
PF01826,7a5o,I,Q02817,human,True
PF01826,7a5o,J,Q02817,human,True
PF01826,7kwo,V,P04275,human,True
PF01826,7pmv,A,P04275,human,True
PF01826,7pmv,B,P04275,human,True
PF01826,7pmv,D,P04275,human,True
PF01826,7pmv,E,P04275,human,True
PF01826,7pnf,B,P04275,human,True
PF01826,7pnf,D,P04275,human,True
PF01826,7pov,A,Q02817,human,True
PF01826,7pov,B,Q02817,human,True
PF01826,7pov,C,Q02817,human,True
PF01826,7pov,D,Q02817,human,True
PF01826,7pp6,A,Q02817,human,True
PF01826,7pp6,B,Q02817,human,True
PF01826,7pp6,C,Q02817,human,True
PF01826,7pp6,D,Q02817,human,True
PF01826,7pp6,E,Q02817,human,True
PF01826,7pp6,G,Q02817,human,True
PF01826,7prl,A,Q02817,human,True
PF01826,7wn3,A,P04275,human,True
PF01826,7wn3,B,P04275,human,True
PF01826,7wn3,E,P04275,human,True
PF01826,7wn3,G,P04275,human,True
PF01826,7wn4,E,P04275,human,True
PF01826,7wn4,G,P04275,human,True
PF01826,7wn6,A,P04275,human,True
PF01826,7wn6,B,P04275,human,True
PF01826,7wn6,E,P04275,human,True
PF01826,7wn6,G,P04275,human,True
PF01826,7wpp,E,P04275,human,True
PF01826,7wpp,G,P04275,human,True
PF01826,7wpq,A,P04275,human,True
PF01826,7wpq,B,P04275,human,True
PF01826,7wpq,E,P04275,human,True
PF01826,7wpq,G,P04275,human,True
PF01826,7wpr,A,P04275,human,True
PF01826,7wpr,B,P04275,human,True
PF01826,7wpr,E,P04275,human,True
PF01826,7wpr,F,P04275,human,True
PF01826,7wpr,G,P04275,human,True
PF01826,7wpr,H,P04275,human,True
PF01826,7wpr,I,P04275,human,True
PF01826,7wpr,J,P04275,human,True
PF01826,7wpr,K,P04275,human,True
PF01826,7wpr,L,P04275,human,True
PF01826,7wpr,M,P04275,human,True
PF01826,7wpr,N,P04275,human,True
PF01826,7wpr,O,P04275,human,True
PF01826,7wpr,P,P04275,human,True
PF01826,7wpr,Q,P04275,human,True
PF01826,7wpr,R,P04275,human,True
PF01826,7wps,A,P04275,human,True
PF01826,7wps,B,P04275,human,True
PF01826,7wps,E,P04275,human,True
PF01826,7wps,G,P04275,human,True
PF01826,7wps,I,P04275,human,True
PF01826,7wps,K,P04275,human,True
PF01826,7wps,M,P04275,human,True
PF01826,7wps,O,P04275,human,True
PF01826,7wps,Q,P04275,human,True
PF01826,7wps,S,P04275,human,True
PF01826,7wps,U,P04275,human,True
PF01826,7wps,W,P04275,human,True
PF01826,7wps,Y,P04275,human,True
PF01826,7wps,a,P04275,human,True
PF01826,7wqt,A,P04275,human,True
PF01826,7wqt,B,P04275,human,True
PF01826,7wqt,E,P04275,human,True
PF01826,7wqt,F,P04275,human,True
PF01826,7wqt,G,P04275,human,True
PF01826,7wqt,H,P04275,human,True
PF01826,7wqt,I,P04275,human,True
PF01826,7wqt,J,P04275,human,True
PF01826,7wqt,K,P04275,human,True
PF01826,7wqt,L,P04275,human,True
PF01826,7wqt,M,P04275,human,True
PF01826,7wqt,N,P04275,human,True
PF01826,7wqt,O,P04275,human,True
PF01826,7wqt,P,P04275,human,True
PF01826,7wqt,Q,P04275,human,True
PF01826,7wqt,R,P04275,human,True
PF01826,7zwh,D,P04275,human,True
PF01826,7zwh,E,P04275,human,True
PF01826,8d3c,A,P04275,human,True
PF01826,8d3c,B,P04275,human,True
PF01826,8d3c,C,P04275,human,True
PF01826,8d3c,D,P04275,human,True
PF01826,8d3c,E,P04275,human,True
PF01826,8d3c,F,P04275,human,True
PF01826,8d3c,G,P04275,human,True
PF01826,8d3c,H,P04275,human,True
PF01826,8d3c,I,P04275,human,True
PF01826,8d3c,J,P04275,human,True
PF01826,8d3c,K,P04275,human,True
PF01826,8d3c,L,P04275,human,True
PF01826,8d3c,M,P04275,human,True
PF01826,8d3c,N,P04275,human,True
PF01826,8d3c,O,P04275,human,True
PF01826,8d3c,P,P04275,human,True
PF01826,8d3d,A,P04275,human,True
PF01826,8d3d,B,P04275,human,True
PF01826,8d3d,C,P04275,human,True
PF01826,8d3d,D,P04275,human,True
PF01826,8d3d,E,P04275,human,True
PF01826,8d3d,F,P04275,human,True
PF01826,8d3d,G,P04275,human,True
PF01826,8d3d,H,P04275,human,True
PF01826,8d3d,I,P04275,human,True
PF01826,8d3d,J,P04275,human,True
PF01826,8d3d,K,P04275,human,True
PF01826,8d3d,L,P04275,human,True
PF01826,8d3d,M,P04275,human,True
PF01826,8d3d,N,P04275,human,True
PF01826,8d3d,O,P04275,human,True
PF01826,8d3d,P,P04275,human,True
PF01826,8oer,A,Q9HC84,human,True
PF01826,8oer,B,Q9HC84,human,True
PF01833,2cxk,A,Q9Y6Y1,human,True
PF01833,2cxk,B,Q9Y6Y1,human,True
PF01833,2cxk,C,Q9Y6Y1,human,True
PF01833,2cxk,D,Q9Y6Y1,human,True
PF01833,2cxk,E,Q9Y6Y1,human,True
PF01833,2uzx,B,P08581,human,True
PF01833,2uzx,D,P08581,human,True
PF01833,2uzy,B,P08581,human,True
PF01833,2uzy,D,P08581,human,True
PF01833,3mqi,A,Q9UH73,human,True
PF01833,3mqi,B,Q9UH73,human,True
PF01833,3mqi,C,Q9UH73,human,True
PF01833,3muj,A,Q9H4W6,human,True
PF01833,3muj,B,Q9H4W6,human,True
PF01833,3n50,A,Q9H4W6,human,True
PF01833,3n50,B,Q9H4W6,human,True
PF01833,3n50,C,Q9H4W6,human,True
PF01833,3n50,D,Q9H4W6,human,True
PF01833,3n50,E,Q9H4W6,human,True
PF01833,3n50,F,Q9H4W6,human,True
PF01833,4qt8,A,Q04912,human,True
PF01833,4qt8,B,Q04912,human,True
PF01833,5lsp,A,P08581,human,True
PF01833,5lsp,P,P08581,human,True
PF01833,6gcu,A,P08581,human,True
PF01833,6gcu,D,P08581,human,True
PF01833,6vxk,B,O60486,human,True
PF01833,6vxk,D,O60486,human,True
PF01833,7mo7,B,P08581,human,True
PF01833,7mo7,E,P08581,human,True
PF01833,7mo8,B,P08581,human,True
PF01833,7mo9,E,P08581,human,True
PF01833,7moa,E,P08581,human,True
PF01833,7mob,C,P08581,human,True
PF01833,7mob,D,P08581,human,True
PF01833,1hk6,A,Q9D4H1,mouse,True
PF01833,3mlp,A,Q07802,mouse,True
PF01833,3mlp,B,Q07802,mouse,True
PF01833,3mlp,E,Q07802,mouse,True
PF01833,3mlp,F,Q07802,mouse,True
PF01833,5l56,A,P70206,mouse,True
PF01833,5l59,A,P70206,mouse,True
PF01833,5l59,B,P70206,mouse,True
PF01833,5l5c,A,P70206,mouse,True
PF01835,11mg,A,P01024,human,True
PF01835,11mh,A,P01024,human,True
PF01835,2a73,A,P01024,human,True
PF01835,2a74,A,P01024,human,True
PF01835,2a74,D,P01024,human,True
PF01835,2i07,A,P01024,human,True
PF01835,2ice,A,P01024,human,True
PF01835,2ice,D,P01024,human,True
PF01835,2icf,A,P01024,human,True
PF01835,2p9r,A,P01023,human,True
PF01835,2p9r,B,P01023,human,True
PF01835,2qki,A,P01024,human,True
PF01835,2qki,D,P01024,human,True
PF01835,2wii,A,P01024,human,True
PF01835,2win,A,P01024,human,True
PF01835,2win,C,P01024,human,True
PF01835,2win,E,P01024,human,True
PF01835,2win,G,P01024,human,True
PF01835,2xwb,A,P01024,human,True
PF01835,2xwb,C,P01024,human,True
PF01835,2xwj,A,P01024,human,True
PF01835,2xwj,C,P01024,human,True
PF01835,2xwj,E,P01024,human,True
PF01835,2xwj,G,P01024,human,True
PF01835,30je,B,P01024,human,True
PF01835,3g6j,A,P01024,human,True
PF01835,3g6j,C,P01024,human,True
PF01835,3kls,A,P01031,human,True
PF01835,3kls,B,P01031,human,True
PF01835,3km9,A,P01031,human,True
PF01835,3km9,B,P01031,human,True
PF01835,3l3o,A,P01024,human,True
PF01835,3l3o,D,P01024,human,True
PF01835,3l5n,A,P01024,human,True
PF01835,3nms,A,P01024,human,True
PF01839,11yb,A,P08514,human,True
PF01839,1jv2,A,P06756,human,True
PF01839,1l5g,A,P06756,human,True
PF01839,1m1x,A,P06756,human,True
PF01839,1tye,A,P08514,human,True
PF01839,1tye,C,P08514,human,True
PF01839,1tye,E,P08514,human,True
PF01839,1u8c,A,P06756,human,True
PF01839,2vc2,A,P08514,human,True
PF01839,2vdk,A,P08514,human,True
PF01839,2vdl,A,P08514,human,True
PF01839,2vdm,A,P08514,human,True
PF01839,2vdn,A,P08514,human,True
PF01839,2vdo,A,P08514,human,True
PF01839,2vdp,A,P08514,human,True
PF01839,2vdq,A,P08514,human,True
PF01839,2vdr,A,P08514,human,True
PF01839,3fcs,A,P08514,human,True
PF01839,3fcs,C,P08514,human,True
PF01839,3fcu,A,P08514,human,True
PF01839,3fcu,C,P08514,human,True
PF01839,3fcu,E,P08514,human,True
PF01839,3ije,A,P06756,human,True
PF01839,3k6s,A,P20702,human,True
PF01839,3k6s,C,P20702,human,True
PF01839,3k6s,E,P20702,human,True
PF01839,3k6s,G,P20702,human,True
PF01839,3k71,A,P20702,human,True
PF01839,3k71,C,P20702,human,True
PF01839,3k71,E,P20702,human,True
PF01839,3k71,G,P20702,human,True
PF01926,2ohf,A,Q9NTK5,human,True
PF01926,6lsr,1,Q9H089,human,True
PF01926,6lss,1,Q13823,human,True
PF01926,6lu8,1,Q13823,human,True
PF01926,7o9k,C,Q9BT17,human,True
PF01926,7o9k,G,Q9H4K7,human,True
PF01926,7o9m,C,Q9BT17,human,True
PF01926,7odt,t,Q9H4K7,human,True
PF01926,7of2,C,O43824,human,True
PF01926,7of4,C,O43824,human,True
PF01926,7of5,x,Q9H4K7,human,True
PF01926,7of6,C,O43824,human,True
PF01926,7of7,x,Q9H4K7,human,True
PF01926,7oi6,y,A4D1E9,human,True
PF01926,7pd3,z,Q9BT17,human,True
PF01926,8csp,9,Q8NC60,human,True
PF01926,8csp,a,O75616,human,True
PF01926,8csq,a,O75616,human,True
PF01926,8fkp,NB,Q9BVP2,human,True
PF01926,8fkr,NB,Q9BVP2,human,True
PF01926,8fkt,NB,Q9BVP2,human,True
PF01926,8fku,NB,Q9BVP2,human,True
PF02012,6qzh,A,P62576,human,True
PF02014,2zot,A,Q9HCB6,human,True
PF02014,2zot,B,Q9HCB6,human,True
PF02014,2zot,C,Q9HCB6,human,True
PF02014,2zot,D,Q9HCB6,human,True
PF02014,2zou,A,Q9HCB6,human,True
PF02014,2zou,B,Q9HCB6,human,True
PF02014,3coo,A,Q9HCB6,human,True
PF02014,3coo,B,Q9HCB6,human,True
PF02019,2d3j,A,Q9Y5W5,human,True
PF02019,2ygn,A,Q9Y5W5,human,True
PF02019,2ygo,A,Q9Y5W5,human,True
PF02019,2ygp,A,Q9Y5W5,human,True
PF02019,2ygq,A,Q9Y5W5,human,True
PF02140,5afb,A,Q9HAR2,human,True
PF02140,6vhh,B,Q9HAR2,human,True
PF02140,8djg,E,Q9HAR2,human,True
PF02140,8djg,F,Q9HAR2,human,True
PF02140,2jx9,A,Q80TR1,mouse,True
PF02140,2jxa,A,Q80TR1,mouse,True
PF02140,5ftt,C,Q80TS3,mouse,True
PF02140,5ftt,D,Q80TS3,mouse,True
PF02140,5ftt,G,Q80TS3,mouse,True
PF02140,5ftt,H,Q80TS3,mouse,True
PF02140,5ftu,C,Q80TS3,mouse,True
PF02140,5ftu,D,Q80TS3,mouse,True
PF02140,5ftu,G,Q80TS3,mouse,True
PF02140,5ftu,H,Q80TS3,mouse,True
PF02140,5ftu,K,Q80TS3,mouse,True
PF02140,5ftu,L,Q80TS3,mouse,True
PF02140,6ska,D,Q80TR1,mouse,True
PF02140,6ske,B,Q8JZZ7,mouse,True
PF02140,6ske,D,Q8JZZ7,mouse,True
PF02140,7wy5,R,Q80TS3,mouse,True
PF02140,7wy8,R,Q80TS3,mouse,True
PF02140,7wyb,R,Q80TS3,mouse,True
PF02140,7x10,R,Q80TS3,mouse,True
PF02177,3ktm,A,P05067,human,True
PF02177,3ktm,B,P05067,human,True
PF02177,3ktm,C,P05067,human,True
PF02177,3ktm,D,P05067,human,True
PF02177,3ktm,E,P05067,human,True
PF02177,3ktm,F,P05067,human,True
PF02177,3ktm,G,P05067,human,True
PF02177,3ktm,H,P05067,human,True
PF02177,4jfn,A,P05067,human,True
PF02177,4pwq,A,P05067,human,True
PF02177,4pwq,B,P05067,human,True
PF02177,8kew,A,P05067,human,True
PF02177,8kew,B,P05067,human,True
PF02177,8kew,C,P05067,human,True
PF02177,8kew,D,P05067,human,True
PF02177,8kew,F,P05067,human,True
PF02177,8kew,G,P05067,human,True
PF02177,8kf1,A,P05067,human,True
PF02177,8kf1,B,P05067,human,True
PF02177,8kf1,C,P05067,human,True
PF02177,8kf1,D,P05067,human,True
PF02177,8kf1,E,P05067,human,True
PF02177,8kf1,F,P05067,human,True
PF02177,8kf1,G,P05067,human,True
PF02177,8kf1,H,P05067,human,True
PF02177,8kf1,I,P05067,human,True
PF02177,8kf1,J,P05067,human,True
PF02177,8kf1,K,P05067,human,True
PF02177,8kf1,L,P05067,human,True
PF02177,8kf3,A,P05067,human,True
PF02177,8kf3,B,P05067,human,True
PF02177,8kf3,C,P05067,human,True
PF02177,8kf3,D,P05067,human,True
PF02177,8kf3,E,P05067,human,True
PF02177,8kf3,F,P05067,human,True
PF02177,8kf3,G,P05067,human,True
PF02177,8kf3,H,P05067,human,True
PF02177,8kf3,I,P05067,human,True
PF02177,8kf4,A,P05067,human,True
PF02177,8kf4,B,P05067,human,True
PF02177,8kf4,C,P05067,human,True
PF02177,8kf4,D,P05067,human,True
PF02177,8kf4,E,P05067,human,True
PF02177,8kf4,F,P05067,human,True
PF02177,8kf5,A,P05067,human,True
PF02177,8kf5,B,P05067,human,True
PF02177,8kf5,C,P05067,human,True
PF02177,8kf5,D,P05067,human,True
PF02177,8kf5,E,P05067,human,True
PF02177,8kf5,F,P05067,human,True
PF02177,8kf6,A,P05067,human,True
PF02177,8kf6,B,P05067,human,True
PF02177,8kf6,C,P05067,human,True
PF02177,8kf6,D,P05067,human,True
PF02177,8kf6,E,P05067,human,True
PF02177,8kf6,F,P05067,human,True
PF02177,8kf6,G,P05067,human,True
PF02177,8kf6,H,P05067,human,True
PF02177,8kf6,I,P05067,human,True
PF02177,8otf,A,P05067,human,True
PF02177,8otf,B,P05067,human,True
PF02177,8otf,C,P05067,human,True
PF02177,8otf,D,P05067,human,True
PF02177,8otf,E,P05067,human,True
PF02177,8otf,F,P05067,human,True
PF02177,9w0z,Y,P05067,human,True
PF02177,9w0z,Z,P05067,human,True
PF02177,9w0z,a,P05067,human,True
PF02177,9w0z,b,P05067,human,True
PF02177,9w0z,c,P05067,human,True
PF02177,9w0z,d,P05067,human,True
PF02177,1mwp,A,P05067,human,False
PF02177,4pqd,A,P05067,human,False
PF02177,7mrn,C,P12023,mouse,True
PF02177,7mrn,D,P12023,mouse,True
PF02191,4wxq,A,Q99972,human,True
PF02191,4wxs,A,Q99972,human,True
PF02191,4wxu,A,Q99972,human,True
PF02191,4xat,A,Q99784,human,True
PF02191,5afb,A,Q9HAR2,human,True
PF02191,5cmn,E,Q9HAR2,human,True
PF02191,5cmn,F,Q9HAR2,human,True
PF02191,5cmn,G,Q9HAR2,human,True
PF02191,5cmn,H,Q9HAR2,human,True
PF02191,5yby,A,Q6ZMI3,human,True
PF02191,6ou0,A,Q99972,human,True
PF02191,6ou1,A,Q99972,human,True
PF02191,6ou1,B,Q99972,human,True
PF02191,6ou2,A,Q99972,human,True
PF02191,6ou3,A,Q99972,human,True
PF02191,6pkd,A,Q99972,human,True
PF02191,6pkd,B,Q99972,human,True
PF02191,6pke,A,Q99972,human,True
PF02191,6pke,B,Q99972,human,True
PF02191,6pkf,A,Q99972,human,True
PF02191,6qhj,A,Q99784,human,True
PF02191,6vhh,B,Q9HAR2,human,True
PF02191,7sib,A,Q99972,human,True
PF02191,7sij,A,Q99972,human,True
PF02191,7sjt,A,Q99972,human,True
PF02191,7sju,A,Q99972,human,True
PF02210,10ft,B,Q99435,human,True
PF02210,1h30,A,Q14393,human,True
PF02210,2c5d,A,Q14393,human,True
PF02210,2c5d,B,Q14393,human,True
PF02210,3sh4,A,P98160,human,True
PF02210,3sh5,A,P98160,human,True
PF02210,4ra0,A,Q14393,human,True
PF02210,4ra0,B,Q14393,human,True
PF02210,5vxz,A,Q14393,human,True
PF02210,5vxz,B,Q14393,human,True
PF02210,5xau,A,O15230,human,True
PF02210,5xau,D,O15230,human,True
PF02210,7cec,C,O15230,human,True
PF02210,7ml7,B,Q6UVK1,human,True
PF02210,7zc9,A,Q63HQ2,human,True
PF02210,7zc9,B,Q63HQ2,human,True
PF02210,8d1b,C,Q63HQ2,human,True
PF02210,8d1b,D,Q63HQ2,human,True
PF02210,9pwq,B,Q99435,human,True
PF02210,3b3q,E,P58400,human,False
PF02210,3b3q,F,P58400,human,False
PF02210,5z8y,B,P58400,human,False
PF02210,5z8y,D,P58400,human,False
PF02210,5z8y,F,P58400,human,False
PF02210,5z8y,H,P58400,human,False
PF02210,1dyk,A,Q60675,mouse,True
PF02210,1okq,A,Q60675,mouse,True
PF02210,1qu0,A,Q60675,mouse,True
PF02210,1qu0,B,Q60675,mouse,True
PF02210,1qu0,C,Q60675,mouse,True
PF02210,1qu0,D,Q60675,mouse,True
PF02210,2jd4,A,P19137,mouse,True
PF02210,2jd4,B,P19137,mouse,True
PF02210,3mw2,A,Q9CS84,mouse,True
PF02210,3mw2,B,Q9CS84,mouse,True
PF02225,11qc,A,P02786,human,True
PF02225,11qc,B,P02786,human,True
PF02225,11rn,A,P02786,human,True
PF02225,11rn,B,P02786,human,True
PF02225,1cx8,A,P02786,human,True
PF02225,1cx8,B,P02786,human,True
PF02225,1cx8,C,P02786,human,True
PF02225,1cx8,D,P02786,human,True
PF02225,1cx8,E,P02786,human,True
PF02225,1cx8,F,P02786,human,True
PF02225,1cx8,G,P02786,human,True
PF02225,1cx8,H,P02786,human,True
PF02225,1de4,C,P02786,human,True
PF02225,1de4,F,P02786,human,True
PF02225,1de4,I,P02786,human,True
PF02225,1suv,A,P02786,human,True
PF02225,1suv,B,P02786,human,True
PF02225,1z8l,A,Q04609,human,True
PF02225,1z8l,B,Q04609,human,True
PF02225,1z8l,C,Q04609,human,True
PF02225,1z8l,D,Q04609,human,True
PF02225,2c6c,A,Q04609,human,True
PF02225,2c6g,A,Q04609,human,True
PF02225,2c6p,A,Q04609,human,True
PF02225,2cij,A,Q04609,human,True
PF02225,2jbj,A,Q04609,human,True
PF02225,2jbk,A,Q04609,human,True
PF02225,2nsu,A,P02786,human,True
PF02225,2nsu,B,P02786,human,True
PF02225,2oot,A,Q04609,human,True
PF02225,2or4,A,Q04609,human,True
PF02225,2pvv,A,Q04609,human,True
PF02225,2pvw,A,Q04609,human,True
PF02225,2xef,A,Q04609,human,True
PF02225,2xeg,A,Q04609,human,True
PF02225,2xei,A,Q04609,human,True
PF02263,1dg3,A,P32455,human,True
PF02263,1f5n,A,P32455,human,True
PF02263,2b8w,A,P32455,human,True
PF02263,2b8w,B,P32455,human,True
PF02263,2b92,A,P32455,human,True
PF02263,2b92,B,P32455,human,True
PF02263,2bc9,A,P32455,human,True
PF02263,2d4h,A,P32455,human,True
PF02263,2d4h,B,P32455,human,True
PF02263,3q5d,A,Q8WXF7,human,True
PF02263,3q5e,A,Q8WXF7,human,True
PF02263,3q5e,C,Q8WXF7,human,True
PF02263,3q5e,E,Q8WXF7,human,True
PF02263,3q5e,G,Q8WXF7,human,True
PF02263,3qnu,A,Q8WXF7,human,True
PF02263,3qof,A,Q8WXF7,human,True
PF02263,3qof,B,Q8WXF7,human,True
PF02263,3qof,C,Q8WXF7,human,True
PF02263,3qof,D,Q8WXF7,human,True
PF02263,4idn,A,Q8WXF7,human,True
PF02263,4idn,B,Q8WXF7,human,True
PF02263,4ido,A,Q8WXF7,human,True
PF02263,4ido,B,Q8WXF7,human,True
PF02263,4idp,A,Q8WXF7,human,True
PF02263,4idp,B,Q8WXF7,human,True
PF02263,4idp,C,Q8WXF7,human,True
PF02263,4idp,D,Q8WXF7,human,True
PF02263,4idq,A,Q8WXF7,human,True
PF02263,4idq,B,Q8WXF7,human,True
PF02263,4idq,C,Q8WXF7,human,True
PF02263,4idq,D,Q8WXF7,human,True
PF02263,5vgr,A,Q6DD88,human,True
PF02263,5vgr,B,Q6DD88,human,True
PF02263,6b9d,A,Q8WXF7,human,True
PF02263,6b9d,B,Q8WXF7,human,True
PF02263,6b9e,A,Q8WXF7,human,True
PF02263,6b9e,B,Q8WXF7,human,True
PF02263,6b9f,A,Q8WXF7,human,True
PF02263,6b9f,B,Q8WXF7,human,True
PF02263,6b9g,A,Q8WXF7,human,True
PF02263,6b9g,B,Q8WXF7,human,True
PF02263,6b9g,C,Q8WXF7,human,True
PF02263,6b9g,D,Q8WXF7,human,True
PF02263,6k1z,A,P32455,human,True
PF02267,1isf,A,Q10588,human,True
PF02267,1isf,B,Q10588,human,True
PF02267,1isg,A,Q10588,human,True
PF02267,1isg,B,Q10588,human,True
PF02267,1ish,A,Q10588,human,True
PF02267,1ish,B,Q10588,human,True
PF02267,1isi,A,Q10588,human,True
PF02267,1isi,B,Q10588,human,True
PF02267,1isj,A,Q10588,human,True
PF02267,1isj,B,Q10588,human,True
PF02267,1ism,A,Q10588,human,True
PF02267,1ism,B,Q10588,human,True
PF02267,1yh3,A,P28907,human,True
PF02267,1yh3,B,P28907,human,True
PF02267,1zvm,A,P28907,human,True
PF02267,1zvm,B,P28907,human,True
PF02267,1zvm,C,P28907,human,True
PF02267,1zvm,D,P28907,human,True
PF02267,2ef1,A,P28907,human,True
PF02267,2ef1,B,P28907,human,True
PF02267,2hct,A,P28907,human,True
PF02267,2hct,B,P28907,human,True
PF02267,2i65,A,P28907,human,True
PF02267,2i65,B,P28907,human,True
PF02267,2i66,A,P28907,human,True
PF02267,2i66,B,P28907,human,True
PF02267,2i67,A,P28907,human,True
PF02267,2i67,B,P28907,human,True
PF02267,2o3q,A,P28907,human,True
PF02267,2o3q,B,P28907,human,True
PF02267,2o3r,A,P28907,human,True
PF02267,2o3r,B,P28907,human,True
PF02267,2o3s,A,P28907,human,True
PF02267,2o3s,B,P28907,human,True
PF02267,2o3t,A,P28907,human,True
PF02267,2o3t,B,P28907,human,True
PF02267,2o3u,A,P28907,human,True
PF02267,2o3u,B,P28907,human,True
PF02267,2pgj,A,P28907,human,True
PF02267,2pgj,B,P28907,human,True
PF02267,2pgl,A,P28907,human,True
PF02267,2pgl,B,P28907,human,True
PF02351,2gh0,A,O60609,human,True
PF02351,2gh0,B,O60609,human,True
PF02351,5mr4,C,O00451,human,True
PF02351,5mr4,D,O00451,human,True
PF02351,5mr5,C,O00451,human,True
PF02351,5mr5,D,O00451,human,True
PF02351,5vz4,B,Q6UXV0,human,True
PF02351,6gl7,C,O00451,human,True
PF02351,6gl7,D,O00451,human,True
PF02351,6q2j,C,Q6UXV0,human,True
PF02351,6q2j,D,Q6UXV0,human,True
PF02351,6q2n,C,P56159,human,True
PF02351,6q2n,D,P56159,human,True
PF02351,6q2o,C,O00451,human,True
PF02351,6q2o,D,O00451,human,True
PF02351,6q2r,C,O00451,human,True
PF02351,6q2r,D,O00451,human,True
PF02351,6q2r,W,O00451,human,True
PF02351,6q2r,X,O00451,human,True
PF02351,6q2s,C,O60609,human,True
PF02351,6q2s,D,O60609,human,True
PF02351,6wmw,B,Q6UXV0,human,True
PF02351,7rhq,G,P54826,human,True
PF02351,9hyt,A,Q6UXV0,human,True
PF02351,9hyt,B,Q6UXV0,human,True
PF02351,9hyt,C,Q6UXV0,human,True
PF02469,1x3b,A,Q15582,human,True
PF02469,2ltb,A,Q15582,human,True
PF02469,2ltc,A,Q15582,human,True
PF02469,5n86,A,Q8WWQ8,human,True
PF02469,5n86,B,Q8WWQ8,human,True
PF02469,5nv6,A,Q15582,human,True
PF02469,5nv6,B,Q15582,human,True
PF02469,5wt7,A,Q15063,human,True
PF02469,5yjg,A,Q15063,human,True
PF02469,5yjh,A,Q15063,human,True
PF02469,7as7,A,Q15582,human,True
PF02469,7asc,A,Q15582,human,True
PF02469,7asc,B,Q15582,human,True
PF02469,7asg,A,Q15582,human,True
PF02469,9oek,A,Q15582,human,True
PF02469,9oek,B,Q15582,human,True
PF02469,9oek,C,Q15582,human,True
PF02469,9oek,D,Q15582,human,True
PF02469,9oek,E,Q15582,human,True
PF02469,9oek,F,Q15582,human,True
PF02469,9oek,G,Q15582,human,True
PF02469,9oek,H,Q15582,human,True
PF02469,9oek,I,Q15582,human,True
PF02469,9oek,J,Q15582,human,True
PF02469,2vxp,A,Q15582,human,False
PF02469,2vxp,B,Q15582,human,False
PF02485,6ej7,A,Q86Y38,human,True
PF02485,6ej8,A,Q86Y38,human,True
PF02485,6ej9,A,Q86Y38,human,True
PF02485,6eja,A,Q86Y38,human,True
PF02485,6ejb,A,Q86Y38,human,True
PF02485,6ejc,A,Q86Y38,human,True
PF02485,6ejd,A,Q86Y38,human,True
PF02485,6eje,A,Q86Y38,human,True
PF02485,6foa,A,Q86Y38,human,True
PF02485,2gak,A,Q09324,mouse,True
PF02485,2gak,B,Q09324,mouse,True
PF02485,2gam,A,Q09324,mouse,True
PF02485,2gam,B,Q09324,mouse,True
PF02485,2gam,C,Q09324,mouse,True
PF02485,2gam,D,Q09324,mouse,True
PF02485,3otk,A,Q09324,mouse,True
PF02485,3otk,B,Q09324,mouse,True
PF02485,3otk,C,Q09324,mouse,True
PF02485,3otk,D,Q09324,mouse,True
PF02727,1pu4,A,Q16853,human,True
PF02727,1pu4,B,Q16853,human,True
PF02727,1us1,A,Q16853,human,True
PF02727,1us1,B,Q16853,human,True
PF02727,2c10,A,Q16853,human,True
PF02727,2c10,B,Q16853,human,True
PF02727,2c10,C,Q16853,human,True
PF02727,2c10,D,Q16853,human,True
PF02727,2c11,A,Q16853,human,True
PF02727,2c11,B,Q16853,human,True
PF02727,2c11,C,Q16853,human,True
PF02727,2c11,D,Q16853,human,True
PF02727,2y73,A,Q16853,human,True
PF02727,2y73,B,Q16853,human,True
PF02727,2y74,A,Q16853,human,True
PF02727,2y74,B,Q16853,human,True
PF02727,3ala,A,Q16853,human,True
PF02727,3ala,B,Q16853,human,True
PF02727,3ala,C,Q16853,human,True
PF02727,3ala,D,Q16853,human,True
PF02727,3ala,E,Q16853,human,True
PF02727,3ala,F,Q16853,human,True
PF02727,3ala,G,Q16853,human,True
PF02727,3hi7,A,P19801,human,True
PF02727,3hi7,B,P19801,human,True
PF02727,3hig,A,P19801,human,True
PF02727,3hig,B,P19801,human,True
PF02727,3hii,A,P19801,human,True
PF02727,3hii,B,P19801,human,True
PF02727,3k5t,A,P19801,human,True
PF02727,3mph,A,P19801,human,True
PF02727,3mph,B,P19801,human,True
PF02727,4btw,A,Q16853,human,True
PF02727,4btw,B,Q16853,human,True
PF02727,4btx,A,Q16853,human,True
PF02727,4btx,B,Q16853,human,True
PF02727,4bty,A,Q16853,human,True
PF02727,4bty,B,Q16853,human,True
PF02727,8s1z,A,Q16853,human,True
PF02727,8s1z,B,Q16853,human,True
PF02727,8s1z,C,Q16853,human,True
PF02727,8s1z,D,Q16853,human,True
PF02728,1pu4,A,Q16853,human,True
PF02728,1pu4,B,Q16853,human,True
PF02728,1us1,A,Q16853,human,True
PF02728,1us1,B,Q16853,human,True
PF02728,2c10,A,Q16853,human,True
PF02728,2c10,B,Q16853,human,True
PF02728,2c10,C,Q16853,human,True
PF02728,2c10,D,Q16853,human,True
PF02728,2c11,A,Q16853,human,True
PF02728,2c11,B,Q16853,human,True
PF02728,2c11,C,Q16853,human,True
PF02728,2c11,D,Q16853,human,True
PF02728,2y73,A,Q16853,human,True
PF02728,2y73,B,Q16853,human,True
PF02728,2y74,A,Q16853,human,True
PF02728,2y74,B,Q16853,human,True
PF02728,3ala,A,Q16853,human,True
PF02728,3ala,B,Q16853,human,True
PF02728,3ala,C,Q16853,human,True
PF02728,3ala,D,Q16853,human,True
PF02728,3ala,E,Q16853,human,True
PF02728,3ala,F,Q16853,human,True
PF02728,3ala,G,Q16853,human,True
PF02728,3hi7,A,P19801,human,True
PF02728,3hi7,B,P19801,human,True
PF02728,3hig,A,P19801,human,True
PF02728,3hig,B,P19801,human,True
PF02728,3hii,A,P19801,human,True
PF02728,3hii,B,P19801,human,True
PF02728,3k5t,A,P19801,human,True
PF02728,3mph,A,P19801,human,True
PF02728,3mph,B,P19801,human,True
PF02728,4btw,A,Q16853,human,True
PF02728,4btw,B,Q16853,human,True
PF02728,4btx,A,Q16853,human,True
PF02728,4btx,B,Q16853,human,True
PF02728,4bty,A,Q16853,human,True
PF02728,4bty,B,Q16853,human,True
PF02728,8s1z,A,Q16853,human,True
PF02728,8s1z,B,Q16853,human,True
PF02728,8s1z,C,Q16853,human,True
PF02728,8s1z,D,Q16853,human,True
PF02793,24tb,R,Q02643,human,True
PF02793,24ti,R,Q02643,human,True
PF02793,25nv,R,Q03431,human,True
PF02793,25nx,R,Q03431,human,True
PF02793,27em,R,P41586,human,True
PF02793,27xk,R,P43220,human,True
PF02793,2l27,A,P34998,human,True
PF02793,2qkh,A,P48546,human,True
PF02793,2x57,A,P41587,human,True
PF02793,2x57,B,P41587,human,True
PF02793,2x57,C,P41587,human,True
PF02793,2xdg,A,Q02643,human,True
PF02793,2xdg,B,Q02643,human,True
PF02793,3aqf,B,Q16602,human,True
PF02793,3c4m,A,Q03431,human,True
PF02793,3c4m,B,Q03431,human,True
PF02793,3c59,A,P43220,human,True
PF02793,3c5t,A,P43220,human,True
PF02793,3ehs,A,P34998,human,True
PF02793,3eht,A,P34998,human,True
PF02793,3ehu,A,P34998,human,True
PF02793,3ehu,B,P34998,human,True
PF02793,3h3g,A,Q03431,human,True
PF02793,3iol,A,P43220,human,True
PF02793,3l2j,A,Q03431,human,True
PF02793,3l2j,B,Q03431,human,True
PF02841,1dg3,A,P32455,human,True
PF02841,1f5n,A,P32455,human,True
PF02841,5vgr,A,Q6DD88,human,True
PF02841,5vgr,B,Q6DD88,human,True
PF02841,6k1z,A,P32455,human,True
PF02841,6loj,B,P32455,human,True
PF02841,7e58,A,P32456,human,True
PF02841,7e58,B,P32456,human,True
PF02841,7m1s,A,P32456,human,True
PF02841,8cqb,A,P32455,human,True
PF02841,8cqb,B,P32455,human,True
PF02841,8q4l,A,P32455,human,True
PF02841,8r1a,A,P32455,human,True
PF02841,8r1a,B,P32455,human,True
PF02841,8r1a,C,P32455,human,True
PF02841,8r1a,D,P32455,human,True
PF02841,8r1a,E,P32455,human,True
PF02841,8r1a,F,P32455,human,True
PF02841,6k2d,A,P32455,human,False
PF02841,7e59,A,Q96PP8,human,False
PF02841,7e59,B,Q96PP8,human,False
PF02841,7e59,C,Q96PP8,human,False
PF02841,7e59,G,Q96PP8,human,False
PF02841,7e5a,A,Q96PP8,human,False
PF02841,7e5a,B,Q96PP8,human,False
PF02872,4h1s,A,P21589,human,True
PF02872,4h1s,B,P21589,human,True
PF02872,4h1y,P,P21589,human,True
PF02872,4h2b,A,P21589,human,True
PF02872,4h2f,A,P21589,human,True
PF02872,4h2g,A,P21589,human,True
PF02872,4h2i,A,P21589,human,True
PF02872,6hxw,A,P21589,human,True
PF02872,6hxw,B,P21589,human,True
PF02872,6s7f,A,P21589,human,True
PF02872,6s7h,A,P21589,human,True
PF02872,6tve,P,P21589,human,True
PF02872,6tvg,A,P21589,human,True
PF02872,6tvx,A,P21589,human,True
PF02872,6tw0,A,P21589,human,True
PF02872,6twa,A,P21589,human,True
PF02872,6twf,A,P21589,human,True
PF02872,6vc9,A,P21589,human,True
PF02872,6vca,A,P21589,human,True
PF02872,6vca,B,P21589,human,True
PF02872,6vca,C,P21589,human,True
PF02872,6vca,D,P21589,human,True
PF02872,6xue,A,P21589,human,True
PF02872,6xue,B,P21589,human,True
PF02872,6xug,A,P21589,human,True
PF02872,6xug,B,P21589,human,True
PF02872,6xuq,A,P21589,human,True
PF02931,4cof,A,P28472,human,True
PF02931,4cof,B,P28472,human,True
PF02931,4cof,C,P28472,human,True
PF02931,4cof,D,P28472,human,True
PF02931,4cof,E,P28472,human,True
PF02931,4d01,A,Q9UGM1,human,True
PF02931,4uxu,A,Q9UGM1,human,True
PF02931,4uxu,B,Q9UGM1,human,True
PF02931,4uy2,A,Q9UGM1,human,True
PF02931,4uy2,B,Q9UGM1,human,True
PF02931,5bkf,A,P23416,human,True
PF02931,5bkf,B,P23416,human,True
PF02931,5bkf,C,P23416,human,True
PF02931,5bkf,D,P23416,human,True
PF02931,5bkf,E,P48167,human,True
PF02931,5bkg,A,P23416,human,True
PF02931,5bkg,B,P23416,human,True
PF02931,5bkg,C,P23416,human,True
PF02931,5bkg,D,P23416,human,True
PF02931,5bkg,E,P48167,human,True
PF02931,5cfb,A,O75311,human,True
PF02931,5cfb,B,O75311,human,True
PF02931,5cfb,C,O75311,human,True
PF02931,5cfb,D,O75311,human,True
PF02931,5cfb,E,O75311,human,True
PF02931,5fjv,A,Q15822,human,True
PF02931,5fjv,B,Q15822,human,True
PF02931,5fjv,C,Q15822,human,True
PF02931,5fjv,D,Q15822,human,True
PF02931,5fjv,E,Q15822,human,True
PF02931,5hbt,B,P02708,human,True
PF02931,5kxi,A,P43681,human,True
PF02931,5kxi,B,P17787,human,True
PF02931,5kxi,C,P17787,human,True
PF02931,5kxi,D,P43681,human,True
PF02931,5kxi,E,P17787,human,True
PF02931,5o8f,A,P28472,human,True
PF02931,5o8f,B,P31644,human,True
PF02931,5o8f,C,P28472,human,True
PF02931,5o8f,D,P31644,human,True
PF02931,5o8f,E,P28472,human,True
PF02931,5ojm,A,P31644,human,True
PF02931,5ojm,B,P28472,human,True
PF02931,5ojm,C,P31644,human,True
PF02931,5ojm,D,P28472,human,True
PF02931,5ojm,E,P31644,human,True
PF02931,5tin,A,O75311,human,True
PF02931,5tin,B,O75311,human,True
PF02931,5tin,C,O75311,human,True
PF02931,5tin,D,O75311,human,True
PF02931,5tin,E,O75311,human,True
PF02931,5tio,A,O75311,human,True
PF02931,5tio,B,O75311,human,True
PF02931,5tio,C,O75311,human,True
PF02931,5tio,D,O75311,human,True
PF02931,5tio,E,O75311,human,True
PF02931,5vdh,A,O75311,human,True
PF02931,5vdh,B,O75311,human,True
PF02931,5vdh,C,O75311,human,True
PF02931,5vdh,D,O75311,human,True
PF02931,5vdh,E,O75311,human,True
PF02931,5vdi,A,O75311,human,True
PF02931,5vdi,B,O75311,human,True
PF02931,5vdi,C,O75311,human,True
PF02931,5vdi,D,O75311,human,True
PF02931,5vdi,E,O75311,human,True
PF02931,6a96,A,P31644,human,True
PF02931,6a96,B,P28472,human,True
PF02931,6a96,C,P28472,human,True
PF02931,6a96,D,P28472,human,True
PF02931,6a96,E,P28472,human,True
PF02931,6cnj,A,P43681,human,True
PF02931,6cnj,B,P17787,human,True
PF02931,6cnj,C,P17787,human,True
PF02931,6cnj,D,P43681,human,True
PF02931,6cnj,E,P17787,human,True
PF02931,6cnk,A,P43681,human,True
PF02931,6cnk,B,P43681,human,True
PF02931,6cnk,C,P17787,human,True
PF02931,6cnk,D,P43681,human,True
PF02931,6cnk,E,P17787,human,True
PF02931,6d6t,A,P47870,human,True
PF02931,6d6t,B,P14867,human,True
PF02931,6d6t,C,P47870,human,True
PF02931,6d6t,D,P14867,human,True
PF02931,6d6t,E,P18507,human,True
PF02947,1ete,A,P49771,human,True
PF02947,1ete,B,P49771,human,True
PF02947,1ete,C,P49771,human,True
PF02947,1ete,D,P49771,human,True
PF02947,3qs7,A,P49771,human,True
PF02947,3qs7,B,P49771,human,True
PF02947,3qs7,C,P49771,human,True
PF02947,3qs7,D,P49771,human,True
PF02947,3qs9,A,P49771,human,True
PF02947,3qs9,B,P49771,human,True
PF02947,3qs9,C,P49771,human,True
PF02947,3qs9,D,P49771,human,True
PF02947,7nbi,A,P49771,human,True
PF02947,7nbi,B,P49771,human,True
PF02947,7qdp,A,P49771,human,True
PF02947,7qdp,B,P49771,human,True
PF02947,7qdp,C,P49771,human,True
PF02947,7qdp,D,P49771,human,True
PF02947,7zv9,A,P49771,human,True
PF02947,7zv9,C,P49771,human,True
PF02947,7zv9,E,P49771,human,True
PF02947,7zv9,G,P49771,human,True
PF02947,7zv9,I,P49771,human,True
PF02947,7zv9,K,P49771,human,True
PF02947,7zv9,M,P49771,human,True
PF02947,7zv9,O,P49771,human,True
PF03016,7au2,A,O43909,human,True
PF03016,7au2,B,O43909,human,True
PF03016,7aua,A,O43909,human,True
PF03016,7aua,B,O43909,human,True
PF03016,7sch,A,Q16394,human,True
PF03016,7sch,B,Q93063,human,True
PF03016,7scj,A,Q16394,human,True
PF03016,7scj,B,Q93063,human,True
PF03016,7sck,A,Q16394,human,True
PF03016,7sck,B,Q93063,human,True
PF03016,7uqx,A,Q16394,human,True
PF03016,7uqx,B,Q93063,human,True
PF03016,7uqy,A,Q16394,human,True
PF03016,7uqy,B,Q93063,human,True
PF03016,7zay,A,Q16394,human,True
PF03016,7zay,B,Q93063,human,True
PF03016,8og1,A,O43909,human,True
PF03016,8og4,A,O43909,human,True
PF03016,8og4,B,O43909,human,True
PF03024,4km6,A,P15328,human,True
PF03024,4km7,A,P15328,human,True
PF03024,4km7,B,P15328,human,True
PF03024,4kmx,A,P15328,human,True
PF03024,4kmy,A,P14207,human,True
PF03024,4kmz,A,P14207,human,True
PF03024,4kn0,A,P14207,human,True
PF03024,4kn1,A,P14207,human,True
PF03024,4kn2,A,P14207,human,True
PF03024,4kn2,B,P14207,human,True
PF03024,4kn2,C,P14207,human,True
PF03024,4lrh,A,P15328,human,True
PF03024,4lrh,B,P15328,human,True
PF03024,4lrh,C,P15328,human,True
PF03024,4lrh,D,P15328,human,True
PF03024,4lrh,E,P15328,human,True
PF03024,4lrh,F,P15328,human,True
PF03024,4lrh,G,P15328,human,True
PF03024,4lrh,H,P15328,human,True
PF03024,5f4e,B,A6ND01,human,True
PF03024,5f4q,A,A6ND01,human,True
PF03024,5f4q,B,A6ND01,human,True
PF03024,5f4q,C,A6ND01,human,True
PF03024,5f4q,D,A6ND01,human,True
PF03024,5izq,A,P15328,human,True
PF03024,5izq,B,P15328,human,True
PF03024,5izq,C,P15328,human,True
PF03024,5izq,D,P15328,human,True
PF03024,5izq,E,P15328,human,True
PF03024,5izq,F,P15328,human,True
PF03024,5izq,G,P15328,human,True
PF03024,5izq,H,P15328,human,True
PF03024,5jka,A,A6ND01,human,True
PF03024,5jka,B,A6ND01,human,True
PF03024,5jkb,A,A6ND01,human,True
PF03024,5jkb,B,A6ND01,human,True
PF03024,5jkb,C,A6ND01,human,True
PF03024,5jkb,D,A6ND01,human,True
PF03024,5jkc,B,A6ND01,human,True
PF03024,5jkd,B,A6ND01,human,True
PF03024,5jke,B,A6ND01,human,True
PF03024,5jke,D,A6ND01,human,True
PF03024,7pgk,A,Q96QV1,human,False
PF03024,7pgl,A,Q96QV1,human,False
PF03024,5ejn,A,Q9EQF4,mouse,True
PF03024,5ejn,B,Q9EQF4,mouse,True
PF03098,5f19,A,P35354,human,True
PF03098,5f19,B,P35354,human,True
PF03098,5f1a,A,P35354,human,True
PF03098,5f1a,B,P35354,human,True
PF03098,5ikq,A,P35354,human,True
PF03098,5ikq,B,P35354,human,True
PF03098,5ikr,A,P35354,human,True
PF03098,5ikr,B,P35354,human,True
PF03098,5ikt,A,P35354,human,True
PF03098,5ikt,B,P35354,human,True
PF03098,5ikv,A,P35354,human,True
PF03098,5ikv,B,P35354,human,True
PF03098,5kir,A,P35354,human,True
PF03098,5kir,B,P35354,human,True
PF03098,5mfa,A,P05164,human,True
PF03098,5uzu,A,P05164,human,True
PF03098,6azp,A,P05164,human,True
PF03098,6bmt,A,P05164,human,True
PF03098,6y3c,A,P23219,human,True
PF03098,7d3e,A,Q9NRD9,human,True
PF03098,7d3e,C,Q9NRD9,human,True
PF03098,7d3f,A,Q9NRD9,human,True
PF03098,7d3f,C,Q9NRD9,human,True
PF03098,7oih,A,P05164,human,True
PF03098,7oih,B,P05164,human,True
PF03098,7oih,C,P05164,human,True
PF03098,7oih,D,P05164,human,True
PF03098,7oih,E,P05164,human,True
PF03098,7oih,F,P05164,human,True
PF03098,7oih,G,P05164,human,True
PF03098,7oih,H,P05164,human,True
PF03098,9gen,L,P05164,human,True
PF03098,1cxp,C,P05164,human,False
PF03098,1cxp,D,P05164,human,False
PF03098,1d2v,C,P05164,human,False
PF03098,1d2v,D,P05164,human,False
PF03098,1d5l,C,P05164,human,False
PF03098,1d5l,D,P05164,human,False
PF03098,1d7w,C,P05164,human,False
PF03098,1d7w,D,P05164,human,False
PF03160,8jp0,A,P32418,human,True
PF03160,8sgi,A,P32418,human,True
PF03160,8sgj,A,P32418,human,True
PF03160,8sgt,A,P32418,human,True
PF03160,9iv8,A,P32418,human,True
PF03160,3fq4,A,P16144,human,False
PF03160,3fq4,B,P16144,human,False
PF03160,3fso,A,P16144,human,False
PF03160,3fso,B,P16144,human,False
PF03160,3h6a,A,P16144,human,False
PF03160,3h6a,B,P16144,human,False
PF03160,2lt9,A,S4R2P9,mouse,False
PF03200,5mhf,A,Q80UM7,mouse,True
PF03200,5mhf,B,Q80UM7,mouse,True
PF03200,5mhf,C,Q80UM7,mouse,True
PF03200,5mhf,D,Q80UM7,mouse,True
PF03494,1iyt,A,P05067,human,True
PF03494,1z0q,A,P05067,human,True
PF03494,21fb,A,P05067,human,True
PF03494,21fb,B,P05067,human,True
PF03494,21fb,C,P05067,human,True
PF03494,21fb,D,P05067,human,True
PF03494,21fb,E,P05067,human,True
PF03494,21fb,F,P05067,human,True
PF03494,21fb,G,P05067,human,True
PF03494,21fb,H,P05067,human,True
PF03494,21fb,I,P05067,human,True
PF03494,21fb,J,P05067,human,True
PF03494,21fb,K,P05067,human,True
PF03494,21fb,L,P05067,human,True
PF03494,23wm,B,P05067,human,True
PF03494,23wn,B,P05067,human,True
PF03494,23wo,B,P05067,human,True
PF03494,2beg,A,P05067,human,True
PF03494,2beg,B,P05067,human,True
PF03494,2beg,C,P05067,human,True
PF03494,2beg,D,P05067,human,True
PF03494,2beg,E,P05067,human,True
PF03494,2lp1,A,P05067,human,True
PF03494,2mxu,A,P05067,human,True
PF03494,2mxu,B,P05067,human,True
PF03494,2mxu,C,P05067,human,True
PF03494,2mxu,D,P05067,human,True
PF03494,2mxu,E,P05067,human,True
PF03494,2mxu,F,P05067,human,True
PF03494,2mxu,G,P05067,human,True
PF03494,2mxu,H,P05067,human,True
PF03494,2mxu,I,P05067,human,True
PF03494,2mxu,J,P05067,human,True
PF03494,2mxu,K,P05067,human,True
PF03494,2mxu,L,P05067,human,True
PF03494,2nao,A,P05067,human,True
PF03494,2nao,B,P05067,human,True
PF03494,2nao,C,P05067,human,True
PF03494,2nao,D,P05067,human,True
PF03494,2nao,E,P05067,human,True
PF03494,2nao,F,P05067,human,True
PF03494,2wk3,C,P05067,human,True
PF03494,2wk3,D,P05067,human,True
PF03494,5kk3,A,P05067,human,True
PF03494,5kk3,B,P05067,human,True
PF03494,5kk3,C,P05067,human,True
PF03494,5kk3,D,P05067,human,True
PF03494,5kk3,E,P05067,human,True
PF03494,5kk3,F,P05067,human,True
PF03494,5kk3,G,P05067,human,True
PF03494,5kk3,H,P05067,human,True
PF03494,5kk3,I,P05067,human,True
PF03494,5kk3,J,P05067,human,True
PF03494,5kk3,K,P05067,human,True
PF03494,5kk3,L,P05067,human,True
PF03494,5kk3,M,P05067,human,True
PF03494,5kk3,N,P05067,human,True
PF03494,5kk3,O,P05067,human,True
PF03494,5kk3,P,P05067,human,True
PF03494,5kk3,Q,P05067,human,True
PF03494,5kk3,R,P05067,human,True
PF03494,5oqv,A,P05067,human,True
PF03494,5oqv,B,P05067,human,True
PF03494,5oqv,C,P05067,human,True
PF03494,5oqv,D,P05067,human,True
PF03494,5oqv,E,P05067,human,True
PF03494,5oqv,F,P05067,human,True
PF03494,5oqv,G,P05067,human,True
PF03494,5oqv,H,P05067,human,True
PF03494,5oqv,I,P05067,human,True
PF03494,6rhy,A,P05067,human,True
PF03494,6rhy,B,P05067,human,True
PF03494,6rhy,C,P05067,human,True
PF03494,6rhy,D,P05067,human,True
PF03494,6szf,A,P05067,human,True
PF03494,6ti6,B,P05067,human,True
PF03494,6ti6,D,P05067,human,True
PF03494,6ti6,F,P05067,human,True
PF03494,6ti6,H,P05067,human,True
PF03494,6ti6,J,P05067,human,True
PF03494,6ti6,L,P05067,human,True
PF03494,6ti6,N,P05067,human,True
PF03494,6ti6,P,P05067,human,True
PF03494,6ti7,B,P05067,human,True
PF03494,6ti7,D,P05067,human,True
PF03494,6ti7,F,P05067,human,True
PF03494,6ti7,H,P05067,human,True
PF03494,6ti7,I,P05067,human,True
PF03494,6ti7,K,P05067,human,True
PF03494,6ti7,M,P05067,human,True
PF03494,6ti7,O,P05067,human,True
PF03494,7b3j,A,P05067,human,True
PF03494,7b3k,A,P05067,human,True
PF03494,7o1q,A,P05067,human,True
PF03494,7o1q,B,P05067,human,True
PF03494,7o1q,C,P05067,human,True
PF03494,7o1q,D,P05067,human,True
PF03494,7o1q,E,P05067,human,True
PF03494,7o1q,F,P05067,human,True
PF03494,7o1q,G,P05067,human,True
PF03494,6ti6,A,P05067,human,False
PF03494,6ti6,C,P05067,human,False
PF03494,6ti6,E,P05067,human,False
PF03494,6ti6,G,P05067,human,False
PF03494,6ti6,I,P05067,human,False
PF03494,6ti6,K,P05067,human,False
PF03494,6ti6,M,P05067,human,False
PF03494,6ti6,O,P05067,human,False
PF03494,6ti7,A,P05067,human,False
PF03494,6ti7,C,P05067,human,False
PF03494,6ti7,E,P05067,human,False
PF03494,6ti7,G,P05067,human,False
PF03494,6ti7,J,P05067,human,False
PF03494,6ti7,L,P05067,human,False
PF03494,6ti7,N,P05067,human,False
PF03494,6ti7,P,P05067,human,False
PF03712,4zel,A,P09172,human,True
PF03712,4zel,B,P09172,human,True
PF03736,5y2z,B,O95970,human,True
PF03736,5y2z,D,O95970,human,True
PF03736,5y2z,F,O95970,human,True
PF03736,5y2z,H,O95970,human,True
PF03736,5y2z,J,O95970,human,True
PF03736,5y2z,L,O95970,human,True
PF03736,5y31,B,O95970,human,True
PF03736,5y31,D,O95970,human,True
PF03736,8hpy,D,O95970,human,True
PF03736,8hpy,E,O95970,human,True
PF03736,8hq1,D,O95970,human,True
PF03736,8hq1,E,O95970,human,True
PF03736,8hq1,F,O95970,human,True
PF03736,8hq2,D,O95970,human,True
PF03736,8hq2,E,O95970,human,True
PF03736,8y6b,D,O95970,human,True
PF03736,8y6b,E,O95970,human,True
PF03736,8y6b,F,O95970,human,True
PF03736,9kzc,B,O95970,human,True
PF03736,9kzc,D,O95970,human,True
PF03736,9kzt,B,O95970,human,True
PF03736,9kzt,D,O95970,human,True
PF03736,9kzt,F,O95970,human,True
PF03815,1jbi,A,O43405,human,True
PF03921,1d3e,I,P05362,human,False
PF03921,1d3i,I,P05362,human,False
PF03921,1d3l,A,P05362,human,False
PF03921,1iam,A,P05362,human,False
PF03921,1ic1,A,P05362,human,False
PF03921,1ic1,B,P05362,human,False
PF03921,1mq8,A,P05362,human,False
PF03921,1mq8,C,P05362,human,False
PF03921,1t0p,B,P32942,human,False
PF03921,1z7z,I,P05362,human,False
PF03921,1zxq,A,P13598,human,False
PF03921,3bn3,B,Q9UMF0,human,False
PF03921,3tcx,A,P05362,human,False
PF03921,3tcx,C,P05362,human,False
PF03921,3tcx,E,P05362,human,False
PF03921,3tcx,G,P05362,human,False
PF03921,3tcx,I,P05362,human,False
PF03921,3tcx,K,P05362,human,False
PF03921,3tcx,M,P05362,human,False
PF03921,3tcx,O,P05362,human,False
PF03921,3tcx,Q,P05362,human,False
PF03921,3tcx,S,P05362,human,False
PF03921,3tcx,U,P05362,human,False
PF03921,3tcx,W,P05362,human,False
PF03921,3tcx,Y,P05362,human,False
PF03921,3tcx,a,P05362,human,False
PF03921,4oi9,A,Q9UMF0,human,False
PF03921,4oia,A,Q9UMF0,human,False
PF03921,4oia,B,Q9UMF0,human,False
PF03921,4oib,A,Q9UMF0,human,False
PF03921,5mza,B,P05362,human,False
PF03921,6eit,4,P05362,human,False
PF03921,6s8u,B,P05362,human,False
PF03921,7bg7,B,P05362,human,False
PF04089,2yad,A,P11686,human,True
PF04089,2yad,B,P11686,human,True
PF04089,2yad,C,P11686,human,True
PF04089,2yad,D,P11686,human,True
PF04089,2yad,E,P11686,human,True
PF04089,2yad,F,P11686,human,True
PF04089,8ovi,A,P11686,human,True
PF04089,8ox2,A,P11686,human,True
PF04089,8ox2,B,P11686,human,True
PF04089,8ox2,C,P11686,human,True
PF04089,8rnu,A,Q9Y287,human,True
PF04089,8rnu,B,Q9Y287,human,True
PF04089,8rnu,C,Q9Y287,human,True
PF04089,8rnu,D,Q9Y287,human,True
PF04089,8rnu,E,Q9Y287,human,True
PF04089,8rnu,F,Q9Y287,human,True
PF04089,8rnu,G,Q9Y287,human,True
PF04089,8rnu,H,Q9Y287,human,True
PF04089,8rnu,I,Q9Y287,human,True
PF04089,8rnu,J,Q9Y287,human,True
PF04089,8rnu,K,Q9Y287,human,True
PF04089,8rnu,L,Q9Y287,human,True
PF04253,11qc,A,P02786,human,True
PF04253,11qc,B,P02786,human,True
PF04253,11rn,A,P02786,human,True
PF04253,11rn,B,P02786,human,True
PF04253,1cx8,A,P02786,human,True
PF04253,1cx8,B,P02786,human,True
PF04253,1cx8,C,P02786,human,True
PF04253,1cx8,D,P02786,human,True
PF04253,1cx8,E,P02786,human,True
PF04253,1cx8,F,P02786,human,True
PF04253,1cx8,G,P02786,human,True
PF04253,1cx8,H,P02786,human,True
PF04253,1de4,C,P02786,human,True
PF04253,1de4,F,P02786,human,True
PF04253,1de4,I,P02786,human,True
PF04253,1suv,A,P02786,human,True
PF04253,1suv,B,P02786,human,True
PF04253,1z8l,A,Q04609,human,True
PF04253,1z8l,B,Q04609,human,True
PF04253,1z8l,C,Q04609,human,True
PF04253,1z8l,D,Q04609,human,True
PF04253,2c6c,A,Q04609,human,True
PF04253,2c6g,A,Q04609,human,True
PF04253,2c6p,A,Q04609,human,True
PF04253,2cij,A,Q04609,human,True
PF04253,2jbj,A,Q04609,human,True
PF04253,2jbk,A,Q04609,human,True
PF04253,2nsu,A,P02786,human,True
PF04253,2nsu,B,P02786,human,True
PF04253,2oot,A,Q04609,human,True
PF04253,2or4,A,Q04609,human,True
PF04253,2pvv,A,Q04609,human,True
PF04253,2pvw,A,Q04609,human,True
PF04253,2xef,A,Q04609,human,True
PF04253,2xeg,A,Q04609,human,True
PF04253,2xei,A,Q04609,human,True
PF04389,11qc,A,P02786,human,True
PF04389,11qc,B,P02786,human,True
PF04389,11rn,A,P02786,human,True
PF04389,11rn,B,P02786,human,True
PF04389,1cx8,A,P02786,human,True
PF04389,1cx8,B,P02786,human,True
PF04389,1cx8,C,P02786,human,True
PF04389,1cx8,D,P02786,human,True
PF04389,1cx8,E,P02786,human,True
PF04389,1cx8,F,P02786,human,True
PF04389,1cx8,G,P02786,human,True
PF04389,1cx8,H,P02786,human,True
PF04389,1de4,C,P02786,human,True
PF04389,1de4,F,P02786,human,True
PF04389,1de4,I,P02786,human,True
PF04389,1suv,A,P02786,human,True
PF04389,1suv,B,P02786,human,True
PF04389,1z8l,A,Q04609,human,True
PF04389,1z8l,B,Q04609,human,True
PF04389,1z8l,C,Q04609,human,True
PF04389,1z8l,D,Q04609,human,True
PF04389,2afm,A,Q16769,human,True
PF04389,2afm,B,Q16769,human,True
PF04389,2afo,A,Q16769,human,True
PF04389,2afo,B,Q16769,human,True
PF04389,2afs,A,Q16769,human,True
PF04389,2afs,B,Q16769,human,True
PF04389,2afu,A,Q16769,human,True
PF04389,2afu,B,Q16769,human,True
PF04389,2afw,A,Q16769,human,True
PF04389,2afw,B,Q16769,human,True
PF04389,2afx,A,Q16769,human,True
PF04389,2afx,B,Q16769,human,True
PF04389,2afz,A,Q16769,human,True
PF04389,2afz,B,Q16769,human,True
PF04389,2c6c,A,Q04609,human,True
PF04389,2c6g,A,Q04609,human,True
PF04389,2c6p,A,Q04609,human,True
PF04389,2cij,A,Q04609,human,True
PF04389,2jbj,A,Q04609,human,True
PF04389,2jbk,A,Q04609,human,True
PF04389,2nsu,A,P02786,human,True
PF04389,2nsu,B,P02786,human,True
PF04901,6e3y,E,O60894,human,True
PF04901,6uun,E,O60895,human,True
PF04901,6uus,E,O60896,human,True
PF04901,6uva,E,O60896,human,True
PF04901,7knt,E,O60894,human,True
PF04901,7knu,E,O60894,human,True
PF04901,7tyf,E,O60894,human,True
PF04901,7tyh,E,O60895,human,True
PF04901,7tyw,E,O60894,human,True
PF04901,7tyx,E,O60895,human,True
PF04901,7tyy,E,O60895,human,True
PF04901,7tzf,E,O60896,human,True
PF04901,8f0k,E,O60896,human,True
PF04901,8f2a,E,O60896,human,True
PF04901,8f2b,E,O60896,human,True
PF04901,9auc,E,O60894,human,True
PF04901,9blw,E,O60894,human,True
PF04901,9bp3,E,O60894,human,True
PF04901,9bq3,E,O60895,human,True
PF04901,9btw,E,O60896,human,True
PF04952,2i3c,A,P45381,human,True
PF04952,2i3c,B,P45381,human,True
PF04952,2o4h,A,P45381,human,True
PF04952,2o4h,B,P45381,human,True
PF04952,2o53,A,P45381,human,True
PF04952,2o53,B,P45381,human,True
PF04952,2q51,A,P45381,human,True
PF04952,2q51,B,P45381,human,True
PF04952,4mri,A,P45381,human,True
PF04952,4mri,B,P45381,human,True
PF04952,4mxu,A,P45381,human,True
PF04952,4mxu,B,P45381,human,True
PF04952,4nfr,A,P45381,human,True
PF04952,4nfr,B,P45381,human,True
PF04952,4tnu,A,P45381,human,True
PF04952,4tnu,B,P45381,human,True
PF04952,3nfz,A,Q91XE4,mouse,True
PF04952,3nh4,A,Q91XE4,mouse,True
PF04952,3nh5,A,Q91XE4,mouse,True
PF04952,3nh8,A,Q91XE4,mouse,True
PF05345,5llk,A,Q14118,human,True
PF05345,1u2c,A,Q62165,mouse,True
PF05345,4wiq,A,Q62165,mouse,True
PF05345,5n30,A,Q62165,mouse,True
PF05345,5n4h,A,Q62165,mouse,True
PF05450,5a63,A,Q92542,human,True
PF05450,5fn2,A,Q92542,human,True
PF05450,5fn3,A,Q92542,human,True
PF05450,5fn4,A,Q92542,human,True
PF05450,5fn5,A,Q92542,human,True
PF05450,6idf,A,Q92542,human,True
PF05450,6iyc,A,Q92542,human,True
PF05450,6lqg,A,Q92542,human,True
PF05450,6lr4,A,Q92542,human,True
PF05450,7c9i,A,Q92542,human,True
PF05450,7d8x,A,Q92542,human,True
PF05450,7y5t,A,Q92542,human,True
PF05450,7y5x,A,Q92542,human,True
PF05450,7y5z,A,Q92542,human,True
PF05450,8im7,A,Q92542,human,True
PF05450,8k8e,A,Q92542,human,True
PF05450,8kco,A,Q92542,human,True
PF05450,8kcp,A,Q92542,human,True
PF05450,8kcs,A,Q92542,human,True
PF05450,8kct,A,Q92542,human,True
PF05510,8yt8,A,P82350,mouse,True
PF05587,9rt2,C1,P58335,human,True
PF05587,9rt2,C2,P58335,human,True
PF05587,9rt2,C3,P58335,human,True
PF05587,9rt2,C4,P58335,human,True
PF05587,9rt4,C1,P58335,human,True
PF05649,1dmt,A,P08473,human,True
PF05649,1r1h,A,P08473,human,True
PF05649,1r1i,A,P08473,human,True
PF05649,1r1j,A,P08473,human,True
PF05649,1y8j,A,P08473,human,True
PF05649,2qpj,A,P08473,human,True
PF05649,2yb9,A,P08473,human,True
PF05649,3dwb,A,P42892,human,True
PF05649,4cth,A,P08473,human,True
PF05649,5jmy,A,P08473,human,True
PF05649,5jmy,B,P08473,human,True
PF05649,6gid,A,P08473,human,True
PF05649,6sh1,AAA,P08473,human,True
PF05649,6sh1,CCC,P08473,human,True
PF05649,6sh2,AAA,P08473,human,True
PF05649,6suk,A,P08473,human,True
PF05649,6svy,A,P08473,human,True
PF05649,6thp,A,P08473,human,True
PF05649,6thp,B,P08473,human,True
PF05649,6xvp,A,P08473,human,True
PF05790,1ccz,A,P08921,human,True
PF05790,1cdh,A,P01730,human,True
PF05790,1cdi,A,P01730,human,True
PF05790,1cdj,A,P01730,human,True
PF05790,1cdu,A,P01730,human,True
PF05790,1cdy,A,P01730,human,True
PF05790,1g9m,C,P01730,human,True
PF05790,1g9n,C,P01730,human,True
PF05790,1gc1,C,P01730,human,True
PF05790,1hnf,A,P06729,human,True
PF05790,1jl4,D,P01730,human,True
PF05790,1rzj,C,P01730,human,True
PF05790,1rzk,C,P01730,human,True
PF05790,1vca,A,P19320,human,True
PF05790,1vca,B,P19320,human,True
PF05790,1wio,A,P01730,human,True
PF05790,1wio,B,P01730,human,True
PF05790,1wip,A,P01730,human,True
PF05790,1wip,B,P01730,human,True
PF05790,1wiq,A,P01730,human,True
PF05790,1wiq,B,P01730,human,True
PF05790,2b4c,C,P01730,human,True
PF05790,2nxy,B,P01730,human,True
PF05790,2nxz,B,P01730,human,True
PF06060,7u9j,A,Q13421,human,False
PF06060,7u9j,B,Q13421,human,False
PF06060,7ued,M,Q13421,human,False
PF06060,8cx3,A,Q13421,human,False
PF06060,8cx3,B,Q13421,human,False
PF06060,8cx3,C,Q13421,human,False
PF06060,8cx3,D,Q13421,human,False
PF06060,8cx3,E,Q13421,human,False
PF06060,8cx3,F,Q13421,human,False
PF06060,8cxc,M,Q13421,human,False
PF06060,8cyh,M,Q13421,human,False
PF06328,1i1r,A,P40189,human,True
PF06328,1p9m,A,P40189,human,True
PF06328,3l5h,A,P40189,human,True
PF06328,7u7n,B,P40189,human,True
PF06328,8ave,B,P48357,human,True
PF06328,8ave,D,P48357,human,True
PF06328,8avf,B,P48357,human,True
PF06328,8avf,D,P48357,human,True
PF06328,8avf,F,P48357,human,True
PF06328,8avo,B,P48357,human,True
PF06328,8avo,D,P48357,human,True
PF06328,8avo,F,P48357,human,True
PF06328,8d6a,A,P40189,human,True
PF06328,8d74,A,P40189,human,True
PF06328,8d7r,A,P40189,human,True
PF06328,8d82,A,P40189,human,True
PF06328,8d82,E,P40189,human,True
PF06328,8d85,B,P40189,human,True
PF06328,8dps,A,P40189,human,True
PF06328,8dps,D,P40189,human,True
PF06328,8dpt,A,P40189,human,True
PF06328,8dpt,D,P40189,human,True
PF06328,8dpu,A,P40189,human,True
PF06328,8dpu,D,P40189,human,True
PF06328,8dpu,G,P40189,human,True
PF06328,8dpu,J,P40189,human,True
PF06328,8dpu,M,P40189,human,True
PF06328,8dpu,P,P40189,human,True
PF06328,8v29,B,P40189,human,True
PF06328,8v2a,B,P40189,human,True
PF06328,8x80,A,P48357,human,True
PF06328,8x80,B,P48357,human,True
PF06328,8x80,C,P48357,human,True
PF06328,8x81,A,P48357,human,True
PF06328,8x81,B,P48357,human,True
PF06328,8x81,C,P48357,human,True
PF06328,8x85,A,P48357,human,True
PF06328,8x85,B,P48357,human,True
PF06534,6z3m,C,Q6NW40,human,True
PF06534,6z3m,D,Q6NW40,human,True
PF06534,6z3m,I,Q6NW40,human,True
PF06534,6z3m,J,Q6NW40,human,True
PF06534,6z3m,O,Q6NW40,human,True
PF06534,6z3m,P,Q6NW40,human,True
PF06534,6z3m,S,Q6NW40,human,True
PF06534,6z3m,T,Q6NW40,human,True
PF06534,6z3m,U,Q6NW40,human,True
PF06534,6z3m,V,Q6NW40,human,True
PF06534,6z3m,W,Q6NW40,human,True
PF06534,6z3m,X,Q6NW40,human,True
PF06534,6z3m,c,Q6NW40,human,True
PF06534,6z3m,d,Q6NW40,human,True
PF06534,6z3m,i,Q6NW40,human,True
PF06534,6z3m,j,Q6NW40,human,True
PF06534,6z3m,o,Q6NW40,human,True
PF06534,6z3m,p,Q6NW40,human,True
PF06534,4bq6,D,Q6NW40,human,False
PF06534,4bq6,F,Q6NW40,human,False
PF06534,4bq7,D,Q6NW40,human,False
PF06534,4bq7,F,Q6NW40,human,False
PF06534,4bq8,C,Q6NW40,human,False
PF06534,4ui2,D,Q6NW40,human,False
PF06534,7ndg,C,Q6NW40,human,False
PF06534,7ndg,F,Q6NW40,human,False
PF06534,7ndg,I,Q6NW40,human,False
PF06534,7ne0,D,Q6NW40,human,False
PF06535,4bq6,C,Q6NW40,human,True
PF06535,4bq6,E,Q6NW40,human,True
PF06535,4bq7,C,Q6NW40,human,True
PF06535,4bq7,E,Q6NW40,human,True
PF06535,4bq8,B,Q6NW40,human,True
PF06535,4uhy,C,Q96B86,human,True
PF06535,4uhz,B,Q6NW40,human,True
PF06535,4ui0,C,Q6NW40,human,True
PF06535,4ui1,C,Q6ZVN8,human,True
PF06535,4ui1,D,Q6ZVN8,human,True
PF06535,4ui2,C,Q6NW40,human,True
PF06535,6z3h,B,Q6NW40,human,True
PF06535,6z3j,C,Q6NW40,human,True
PF06535,6z3j,D,Q6NW40,human,True
PF06535,6z3l,B,Q6ZVN8,human,True
PF06535,6z3m,C,Q6NW40,human,True
PF06535,6z3m,D,Q6NW40,human,True
PF06535,6z3m,I,Q6NW40,human,True
PF06535,6z3m,J,Q6NW40,human,True
PF06535,6z3m,O,Q6NW40,human,True
PF06535,6z3m,P,Q6NW40,human,True
PF06535,6z3m,S,Q6NW40,human,True
PF06535,6z3m,T,Q6NW40,human,True
PF06535,6z3m,U,Q6NW40,human,True
PF06535,6z3m,V,Q6NW40,human,True
PF06535,6z3m,W,Q6NW40,human,True
PF06535,6z3m,X,Q6NW40,human,True
PF06535,6z3m,c,Q6NW40,human,True
PF06535,6z3m,d,Q6NW40,human,True
PF06535,6z3m,i,Q6NW40,human,True
PF06535,6z3m,j,Q6NW40,human,True
PF06535,6z3m,o,Q6NW40,human,True
PF06535,6z3m,p,Q6NW40,human,True
PF06535,7ndg,M,Q6NW40,human,True
PF06535,7ndg,N,Q6NW40,human,True
PF06535,7ndg,O,Q6NW40,human,True
PF06535,6z3g,B,Q96B86,human,False
PF06702,5wrr,A,Q96MK3,human,True
PF06702,5wrr,B,Q96MK3,human,True
PF06702,5wrs,A,Q96MK3,human,True
PF06702,5wrs,B,Q96MK3,human,True
PF06702,5yh2,A,Q96MK3,human,True
PF06702,5yh2,B,Q96MK3,human,True
PF06702,5yh3,A,Q96MK3,human,True
PF06702,5yh3,B,Q96MK3,human,True
PF06702,5yh3,C,Q8IXL6,human,True
PF06702,5yh3,D,Q8IXL6,human,True
PF06816,2oo4,A,Q04721,human,True
PF06816,2oo4,B,Q04721,human,True
PF06816,3eto,A,P46531,human,True
PF06816,3eto,B,P46531,human,True
PF06816,3i08,A,P46531,human,True
PF06816,3i08,C,P46531,human,True
PF06816,3l95,X,P46531,human,True
PF06816,3l95,Y,P46531,human,True
PF06816,4zlp,A,Q9UM47,human,True
PF06816,4zlp,B,Q9UM47,human,True
PF06816,5czv,A,Q9UM47,human,True
PF06816,5czx,A,Q9UM47,human,True
PF06816,5czx,B,Q9UM47,human,True
PF06816,6xsw,C,Q9UM47,human,True
PF06816,6xsw,F,Q9UM47,human,True
PF06816,6xsw,J,Q9UM47,human,True
PF06816,6xsw,X,Q9UM47,human,True
PF06816,7abv,A,Q01705,mouse,True
PF07140,1fg9,C,P15260,human,True
PF07140,1fg9,D,P15260,human,True
PF07140,1fg9,E,P15260,human,True
PF07140,1fyh,B,P15260,human,True
PF07140,1fyh,E,P15260,human,True
PF07140,6e3k,C,P15260,human,True
PF07140,6e3k,D,P15260,human,True
PF07140,6e3l,C,P15260,human,True
PF07140,6e3l,D,P15260,human,True
PF07303,1wpa,A,Q16625,human,True
PF07303,1xaw,A,Q16625,human,True
PF07303,3g7c,A,Q16625,human,True
PF07303,5jw9,B,O00472,human,True
PF07303,5n7h,A,Q8N4S9,human,True
PF07303,5n7i,A,Q8N4S9,human,True
PF07303,5n7i,B,Q8N4S9,human,True
PF07303,5n7k,A,Q8N4S9,human,True
PF07303,5n7k,B,Q8N4S9,human,True
PF07303,5n7k,C,Q8N4S9,human,True
PF07303,5n7k,D,Q8N4S9,human,True
PF07303,7okx,M,O00472,human,True
PF07303,7oky,M,O00472,human,True
PF07502,2msx,A,O43278,human,True
PF07502,5h7v,A,O43278,human,True
PF07562,22jx,A,P41594,human,True
PF07562,22jx,B,P41594,human,True
PF07562,22jz,A,Q14831,human,True
PF07562,22jz,B,Q14831,human,True
PF07562,25tv,A,Q14831,human,True
PF07562,25tv,B,Q14831,human,True
PF07562,25tw,A,Q14831,human,True
PF07562,25tw,B,Q14831,human,True
PF07562,25tx,A,Q14831,human,True
PF07562,25tx,B,Q14831,human,True
PF07562,25ty,A,Q14831,human,True
PF07562,25ty,B,Q14831,human,True
PF07562,25uj,A,Q14831,human,True
PF07562,25uj,B,Q14831,human,True
PF07562,27tm,X,Q13255,human,True
PF07562,27tm,Y,Q13255,human,True
PF07562,5k5s,A,P41180,human,True
PF07562,5k5s,B,P41180,human,True
PF07562,5k5t,A,P41180,human,True
PF07562,5kzn,A,Q14416,human,True
PF07562,5kzq,A,Q14416,human,True
PF07562,6n4x,A,P41594,human,True
PF07562,6n4x,B,P41594,human,True
PF07562,6n4y,A,P41594,human,True
PF07562,6n4y,B,P41594,human,True
PF07562,6n4y,C,P41594,human,True
PF07562,6n4y,D,P41594,human,True
PF07562,6n50,A,P41594,human,True
PF07562,6n50,B,P41594,human,True
PF07562,6n50,C,P41594,human,True
PF07562,6n51,A,P41594,human,True
PF07562,6n51,B,P41594,human,True
PF07562,6n52,A,P41594,human,True
PF07562,6n52,B,P41594,human,True
PF07562,7dgd,A,Q13255,human,True
PF07562,7dgd,B,Q13255,human,True
PF07562,7dge,A,Q13255,human,True
PF07562,7dge,B,Q13255,human,True
PF07562,7dtt,A,P41180,human,True
PF07562,7dtt,B,P41180,human,True
PF07565,1hyn,P,P02730,human,True
PF07565,1hyn,Q,P02730,human,True
PF07565,1hyn,R,P02730,human,True
PF07565,1hyn,S,P02730,human,True
PF07565,4ky9,A,P02730,human,True
PF07565,4ky9,P,P02730,human,True
PF07565,4yzf,A,P02730,human,True
PF07565,4yzf,B,P02730,human,True
PF07565,4yzf,C,P02730,human,True
PF07565,4yzf,D,P02730,human,True
PF07565,6caa,A,Q9Y6R1,human,True
PF07565,6caa,B,Q9Y6R1,human,True
PF07565,7tvz,A,P02730,human,True
PF07565,7tvz,B,P02730,human,True
PF07565,7tw0,A,P02730,human,True
PF07565,7tw0,B,P02730,human,True
PF07565,7tw1,A,P02730,human,True
PF07565,7tw1,B,P02730,human,True
PF07565,7tw2,A,P02730,human,True
PF07565,7tw2,B,P02730,human,True
PF07565,7tw3,A,P02730,human,True
PF07565,7tw3,B,P02730,human,True
PF07565,7tw5,A,P02730,human,True
PF07565,7tw5,B,P02730,human,True
PF07565,7tw6,A,P02730,human,True
PF07565,7tw6,B,P02730,human,True
PF07565,7tw6,J,P02730,human,True
PF07565,7tw6,K,P02730,human,True
PF07565,7ty4,A,P02730,human,True
PF07565,7ty4,B,P02730,human,True
PF07565,7ty6,A,P02730,human,True
PF07565,7ty6,B,P02730,human,True
PF07565,7ty7,A,P02730,human,True
PF07565,7ty7,B,P02730,human,True
PF07565,7ty8,A,P02730,human,True
PF07565,7ty8,B,P02730,human,True
PF07565,7tya,A,P02730,human,True
PF07565,7tya,B,P02730,human,True
PF07565,7uz3,C,P02730,human,True
PF07565,7uz3,E,P02730,human,True
PF07565,7uzu,W,P02730,human,True
PF07565,7uzv,C,P02730,human,True
PF07565,7uzv,E,P02730,human,True
PF07565,7v07,C,P02730,human,True
PF07565,7v07,E,P02730,human,True
PF07645,10ft,B,Q99435,human,True
PF07645,1emn,A,P35555,human,True
PF07645,1emo,A,P35555,human,True
PF07645,1lmj,A,P35555,human,True
PF07645,1szb,A,O00187,human,True
PF07645,1szb,B,O00187,human,True
PF07645,1toz,A,P46531,human,True
PF07645,1uzj,A,P35555,human,True
PF07645,1uzj,B,P35555,human,True
PF07645,1uzj,C,P35555,human,True
PF07645,1uzk,A,P35555,human,True
PF07645,1uzp,A,P35555,human,True
PF07645,1uzq,A,P35555,human,True
PF07645,1z6c,A,P07225,human,True
PF07645,2bo2,A,Q9UHX3,human,True
PF07645,2bo2,B,Q9UHX3,human,True
PF07645,2bou,A,Q9UHX3,human,True
PF07645,2box,A,Q9UHX3,human,True
PF07645,2kl7,A,O95967,human,True
PF07645,2vj3,A,P46531,human,True
PF07645,2w86,A,P35555,human,True
PF07645,4cud,A,P46531,human,True
PF07645,4cue,A,P46531,human,True
PF07645,4cuf,A,P46531,human,True
PF07646,8voj,A,Q9NVX7,human,True
PF07646,8voj,B,Q9NVX7,human,True
PF07646,8vpq,A,Q9NVX7,human,True
PF07646,8vpq,B,Q9NVX7,human,True
PF07646,8vrt,A,Q9NVX7,human,True
PF07646,8vrt,B,Q9NVX7,human,True
PF07646,9dtg,A,Q9NVX7,human,True
PF07646,9dtg,B,Q9NVX7,human,True
PF07646,9dtq,B,Q9NVX7,human,True
PF07646,9dtq,E,Q9NVX7,human,True
PF07646,9ggl,A,Q9NVX7,human,True
PF07646,9ggl,C,Q9NVX7,human,True
PF07646,9ggm,A,Q9NVX7,human,True
PF07646,9ggm,C,Q9NVX7,human,True
PF07646,9ggn,A,Q9NVX7,human,True
PF07646,9ggn,C,Q9NVX7,human,True
PF07646,9i2c,A,Q9NVX7,human,True
PF07646,9i2c,C,Q9NVX7,human,True
PF07647,1rg6,A,Q9H3D4,human,True
PF07647,2dky,A,Q96QB1,human,True
PF07647,2dl0,A,O94885,human,True
PF07647,2e8o,A,Q9Y3Z3,human,True
PF07647,2eap,A,Q13094,human,True
PF07647,2gyt,A,Q96QB1,human,True
PF07647,2h80,A,Q9Y3M8,human,True
PF07647,2jw2,A,Q9Y3M8,human,True
PF07647,2k60,A,Q13586,human,True
PF07647,2kg5,A,Q8WWN8,human,True
PF07647,2l5y,A,Q9P246,human,True
PF07647,3bq7,A,Q16760,human,True
PF07647,3bq7,B,Q16760,human,True
PF07647,3bq7,C,Q16760,human,True
PF07647,3bq7,D,Q16760,human,True
PF07647,3bq7,E,Q16760,human,True
PF07647,3bq7,F,Q16760,human,True
PF07647,3h8m,A,Q15375,human,True
PF07647,3h8m,B,Q15375,human,True
PF07647,3tac,B,O75334,human,True
PF07647,3tad,A,O75334,human,True
PF07647,3tad,B,O75334,human,True
PF07647,5ao0,A,Q9Y3Z3,human,True
PF07647,5ao0,B,Q9Y3Z3,human,True
PF07647,5jrt,A,Q9H2K2,human,True
PF07647,5jti,A,O95271,human,True
PF07647,5jti,B,O95271,human,True
PF07647,5jti,C,O95271,human,True
PF07647,5jti,D,O95271,human,True
PF07647,5jti,E,O95271,human,True
PF07647,5jti,F,O95271,human,True
PF07647,5ju5,A,O95271,human,True
PF07647,5ju5,B,O95271,human,True
PF07647,5ju5,C,O95271,human,True
PF07647,5ju5,D,O95271,human,True
PF07647,5ju5,E,O95271,human,True
PF07647,5ju5,F,O95271,human,True
PF07647,5kni,A,O95271,human,True
PF07647,5kni,B,O95271,human,True
PF07647,5kni,C,O95271,human,True
PF07647,5kni,D,O95271,human,True
PF07647,5kni,E,O95271,human,True
PF07647,5kni,F,O95271,human,True
PF07647,5kni,G,O95271,human,True
PF07647,3tad,C,Q8C8U0,mouse,True
PF07647,3tad,D,Q8C8U0,mouse,True
PF07648,2b0u,C,P19883,human,True
PF07648,2b0u,D,P19883,human,True
PF07648,2kcx,A,O95633,human,True
PF07648,2p6a,C,P19883,human,True
PF07648,2p6a,D,P19883,human,True
PF07648,3b4v,C,O95633,human,True
PF07648,3b4v,D,O95633,human,True
PF07648,3b4v,G,O95633,human,True
PF07648,3b4v,H,O95633,human,True
PF07648,3hh2,C,P19883,human,True
PF07648,3hh2,D,P19883,human,True
PF07648,3sek,C,O95633,human,True
PF07648,3tjq,A,Q92743,human,True
PF07648,5jhw,C,P19883,human,True
PF07648,5jhw,D,P19883,human,True
PF07648,7kbu,A,Q14515,human,True
PF07648,7kbu,B,Q14515,human,True
PF07648,8hnb,A,Q9Y6L6,human,True
PF07648,8hnc,A,Q9Y6L6,human,True
PF07648,8hnd,A,Q9Y6L6,human,True
PF07648,8hnh,A,Q9Y6L6,human,True
PF07648,8ivd,A,Q16270,human,True
PF07648,8ivd,B,Q16270,human,True
PF07648,8ivd,C,Q16270,human,True
PF07648,8ivd,D,Q16270,human,True
PF07648,8k6l,A,Q9Y6L6,human,True
PF07648,8kgi,A,Q92959,human,True
PF07648,8kgi,B,Q92959,human,True
PF07648,8kgv,A,Q92959,human,True
PF07648,8kgw,A,Q92959,human,True
PF07648,8pg0,A,Q9NPD5,human,True
PF07648,8phw,A,Q9Y6L6,human,True
PF07654,11ex,A,P01857,human,True
PF07654,11ex,B,P01857,human,True
PF07654,13br,A,P25311,human,True
PF07654,1a1m,A,P01889,human,True
PF07654,1a1m,B,P61769,human,True
PF07654,1a1n,A,P01889,human,True
PF07654,1a1n,B,P61769,human,True
PF07654,1a1o,A,P01889,human,True
PF07654,1a1o,B,P61769,human,True
PF07654,1a6a,A,P01903,human,True
PF07654,1a6a,B,P01911,human,True
PF07654,1a6z,A,Q30201,human,True
PF07654,1a6z,B,P61769,human,True
PF07654,1a6z,C,Q30201,human,True
PF07654,1a6z,D,P61769,human,True
PF07654,1a9b,A,P01889,human,True
PF07654,1a9b,B,P61769,human,True
PF07654,1a9b,D,P01889,human,True
PF07654,1a9b,E,P61769,human,True
PF07654,1a9e,A,P01889,human,True
PF07654,1a9e,B,P61769,human,True
PF07654,1adq,A,P01861,human,True
PF07654,1agb,A,P01889,human,True
PF07654,1agb,B,P61769,human,True
PF07654,1agc,A,P01889,human,True
PF07654,1agc,B,P61769,human,True
PF07654,1agd,A,P01889,human,True
PF07654,1agd,B,P61769,human,True
PF07654,1age,A,P01889,human,True
PF07654,1age,B,P61769,human,True
PF07654,1agf,A,P01889,human,True
PF07654,1agf,B,P61769,human,True
PF07654,1aj7,H,P01857,human,True
PF07654,1akj,A,P04439,human,True
PF07654,1akj,B,P61769,human,True
PF07654,1ao7,A,P04439,human,True
PF07654,1ao7,B,P61769,human,True
PF07654,1ao7,E,P01850,human,True
PF07654,1aqd,A,P01903,human,True
PF07654,1aqd,B,P01911,human,True
PF07654,1aqd,D,P01903,human,True
PF07654,1aqd,E,P01911,human,True
PF07654,1aqd,G,P01903,human,True
PF07654,1aqd,H,P01911,human,True
PF07654,1aqd,J,P01903,human,True
PF07654,1aqd,K,P01911,human,True
PF07654,1aqk,H,P01857,human,True
PF07654,1aqk,L,P0DOY2,human,True
PF07657,4cbz,A,P78504,human,True
PF07657,4cbz,B,P78504,human,True
PF07657,4cc0,A,P78504,human,True
PF07657,4cc0,B,P78504,human,True
PF07657,4cc1,A,P78504,human,True
PF07657,4cc1,B,P78504,human,True
PF07657,4xbm,A,O00548,human,True
PF07657,4xbm,B,O00548,human,True
PF07657,5mvx,A,Q9NR61,human,True
PF07657,5mw5,A,Q9Y219,human,True
PF07657,5mw7,A,Q9Y219,human,True
PF07657,5mwf,A,Q9Y219,human,True
PF07657,5mwf,B,Q9Y219,human,True
PF07657,5mwf,C,Q9Y219,human,True
PF07657,5mwf,D,Q9Y219,human,True
PF07657,5mwf,E,Q9Y219,human,True
PF07657,5mwf,F,Q9Y219,human,True
PF07677,11mg,B,P01024,human,True
PF07677,11mh,B,P01024,human,True
PF07677,1bv8,A,P01023,human,True
PF07677,2a73,B,P01024,human,True
PF07677,2a74,C,P01024,human,True
PF07677,2a74,F,P01024,human,True
PF07677,2i07,B,P01024,human,True
PF07677,2ice,C,P01024,human,True
PF07677,2ice,F,P01024,human,True
PF07677,2icf,B,P01024,human,True
PF07677,2qki,C,P01024,human,True
PF07677,2qki,F,P01024,human,True
PF07677,2wii,B,P01024,human,True
PF07677,2win,B,P01024,human,True
PF07677,2win,D,P01024,human,True
PF07677,2win,F,P01024,human,True
PF07677,2win,H,P01024,human,True
PF07677,2xwb,B,P01024,human,True
PF07677,2xwb,D,P01024,human,True
PF07677,2xwj,B,P01024,human,True
PF07677,2xwj,D,P01024,human,True
PF07677,2xwj,F,P01024,human,True
PF07677,2xwj,H,P01024,human,True
PF07677,30je,C,P01024,human,True
PF07677,3g6j,B,P01024,human,True
PF07677,3g6j,D,P01024,human,True
PF07677,3kls,A,P01031,human,True
PF07677,3kls,B,P01031,human,True
PF07677,3km9,A,P01031,human,True
PF07677,3km9,B,P01031,human,True
PF07677,3l3o,C,P01024,human,True
PF07677,3l3o,F,P01024,human,True
PF07677,3l5n,B,P01024,human,True
PF07677,3nms,C,P01024,human,True
PF07678,11mg,B,P01024,human,True
PF07678,11mh,B,P01024,human,True
PF07678,1hzf,A,P0C0L4,human,True
PF07678,2a73,B,P01024,human,True
PF07678,2i07,B,P01024,human,True
PF07678,2icf,B,P01024,human,True
PF07678,2wii,B,P01024,human,True
PF07678,2win,B,P01024,human,True
PF07678,2win,D,P01024,human,True
PF07678,2win,F,P01024,human,True
PF07678,2win,H,P01024,human,True
PF07678,2xwb,B,P01024,human,True
PF07678,2xwb,D,P01024,human,True
PF07678,2xwj,B,P01024,human,True
PF07678,2xwj,D,P01024,human,True
PF07678,2xwj,F,P01024,human,True
PF07678,2xwj,H,P01024,human,True
PF07678,30je,C,P01024,human,True
PF07678,3g6j,B,P01024,human,True
PF07678,3g6j,D,P01024,human,True
PF07678,3kls,A,P01031,human,True
PF07678,3kls,B,P01031,human,True
PF07678,3km9,A,P01031,human,True
PF07678,3km9,B,P01031,human,True
PF07678,3l5n,B,P01024,human,True
PF07678,3prx,A,P01031,human,True
PF07678,3prx,C,P01031,human,True
PF07678,4a5w,A,P01031,human,True
PF07678,4e0s,A,P01031,human,True
PF07678,5fo7,B,P01024,human,True
PF07678,5fo8,B,P01024,human,True
PF07679,1cvs,C,P11362,human,True
PF07679,1cvs,D,P11362,human,True
PF07679,1djs,A,P21802,human,True
PF07679,1e0o,B,P21802,human,True
PF07679,1e0o,D,P21802,human,True
PF07679,1ev2,E,P21802,human,True
PF07679,1ev2,F,P21802,human,True
PF07679,1ev2,G,P21802,human,True
PF07679,1ev2,H,P21802,human,True
PF07679,1evt,C,P11362,human,True
PF07679,1evt,D,P11362,human,True
PF07679,1fq9,C,P11362,human,True
PF07679,1fq9,D,P11362,human,True
PF07679,1g1c,A,Q8WZ42,human,True
PF07679,1g1c,B,Q8WZ42,human,True
PF07679,1gxe,A,Q14896,human,True
PF07679,1hcf,X,Q16620,human,True
PF07679,1hcf,Y,Q16620,human,True
PF07679,1ii4,E,P21802,human,True
PF07679,1ii4,F,P21802,human,True
PF07679,1ii4,G,P21802,human,True
PF07679,1ii4,H,P21802,human,True
PF07679,1iil,E,P21802,human,True
PF07679,1iil,F,P21802,human,True
PF07679,1iil,G,P21802,human,True
PF07679,1iil,H,P21802,human,True
PF07679,1ij9,A,P19320,human,True
PF07679,1nct,A,Q8WZ42,human,True
PF07679,1ncu,A,Q8WZ42,human,True
PF07679,1nun,B,P21802,human,True
PF07679,1pd6,A,Q14896,human,True
PF07679,1rhf,A,Q06418,human,True
PF07679,1rhf,B,Q06418,human,True
PF07679,1ry7,B,P22607,human,True
PF07679,1u2h,A,Q15772,human,True
PF07679,1vca,A,P19320,human,True
PF07679,1vca,B,P19320,human,True
PF07684,2oo4,A,Q04721,human,True
PF07684,2oo4,B,Q04721,human,True
PF07684,3eto,A,P46531,human,True
PF07684,3eto,B,P46531,human,True
PF07684,3i08,B,P46531,human,True
PF07684,3i08,D,P46531,human,True
PF07684,4zlp,A,Q9UM47,human,True
PF07684,4zlp,B,Q9UM47,human,True
PF07684,5czv,A,Q9UM47,human,True
PF07684,5czx,A,Q9UM47,human,True
PF07684,5czx,B,Q9UM47,human,True
PF07684,3l95,X,P46531,human,False
PF07684,3l95,Y,P46531,human,False
PF07684,6xsw,C,Q9UM47,human,False
PF07684,6xsw,F,Q9UM47,human,False
PF07684,6xsw,J,Q9UM47,human,False
PF07684,6xsw,X,Q9UM47,human,False
PF07684,7abv,A,Q01705,mouse,False
PF07686,12hp,A,P09564,human,True
PF07686,12hp,B,P09564,human,True
PF07686,12hp,C,P09564,human,True
PF07686,12hp,D,P09564,human,True
PF07686,12hp,E,P09564,human,True
PF07686,12hp,F,P09564,human,True
PF07686,12hp,G,P09564,human,True
PF07686,12hp,H,P09564,human,True
PF07686,12np,C,P09564,human,True
PF07686,12np,D,P09564,human,True
PF07686,12np,E,P09564,human,True
PF07686,12np,G,P09564,human,True
PF07686,13fl,C,Q9NZQ7,human,True
PF07686,1a8j,H,P01709,human,True
PF07686,1a8j,L,P01709,human,True
PF07686,1ah1,A,P16410,human,True
PF07686,1akj,D,P01732,human,True
PF07686,1akj,E,P01732,human,True
PF07686,1ar2,A,P01593,human,True
PF07686,1b0w,A,P01594,human,True
PF07686,1b0w,B,P01594,human,True
PF07686,1b0w,C,P01594,human,True
PF07686,1bd2,E,A0A0K0K1A5,human,True
PF07686,1bww,A,P01593,human,True
PF07686,1bww,B,P01593,human,True
PF07686,1cd0,A,P01721,human,True
PF07686,1cd0,B,P01721,human,True
PF07686,1cd8,A,P01732,human,True
PF07686,1cdb,A,P06729,human,True
PF07686,1dcl,A,P01709,human,True
PF07686,1dcl,B,P01709,human,True
PF07686,1dgi,R,P15151,human,True
PF07686,1dr9,A,P33681,human,True
PF07686,1e07,A,P06731,human,True
PF07686,1eaj,A,P78310,human,True
PF07686,1eaj,B,P78310,human,True
PF07686,1eeq,A,P06312,human,True
PF07686,1eeq,B,P06312,human,True
PF07686,1eeu,A,P06312,human,True
PF07686,1eeu,B,P06312,human,True
PF07686,1bd2,D,P04437,human,False
PF07699,6scj,A,P01266,human,True
PF07699,6scj,B,P01266,human,True
PF07699,7b75,A,P01266,human,True
PF07699,7b75,B,P01266,human,True
PF07699,7k7j,A,O15197,human,True
PF07699,7s7k,A,P54763,mouse,True
PF07703,11mg,A,P01024,human,True
PF07703,11mh,A,P01024,human,True
PF07703,2a73,A,P01024,human,True
PF07703,2a74,A,P01024,human,True
PF07703,2a74,D,P01024,human,True
PF07703,2i07,A,P01024,human,True
PF07703,2ice,A,P01024,human,True
PF07703,2ice,D,P01024,human,True
PF07703,2icf,A,P01024,human,True
PF07703,2qki,A,P01024,human,True
PF07703,2qki,D,P01024,human,True
PF07703,2wii,A,P01024,human,True
PF07703,2win,A,P01024,human,True
PF07703,2win,C,P01024,human,True
PF07703,2win,E,P01024,human,True
PF07703,2win,G,P01024,human,True
PF07703,2xwb,A,P01024,human,True
PF07703,2xwb,C,P01024,human,True
PF07703,2xwj,A,P01024,human,True
PF07703,2xwj,C,P01024,human,True
PF07703,2xwj,E,P01024,human,True
PF07703,2xwj,G,P01024,human,True
PF07703,30je,B,P01024,human,True
PF07703,3g6j,A,P01024,human,True
PF07703,3g6j,C,P01024,human,True
PF07703,3kls,A,P01031,human,True
PF07703,3kls,B,P01031,human,True
PF07703,3km9,A,P01031,human,True
PF07703,3km9,B,P01031,human,True
PF07703,3l3o,A,P01024,human,True
PF07703,3l3o,D,P01024,human,True
PF07703,3l5n,A,P01024,human,True
PF07703,3nms,A,P01024,human,True
PF07703,3ohx,A,P01024,human,True
PF07703,3ohx,D,P01024,human,True
PF07731,12jp,A,P00451,human,True
PF07731,12jv,A,P00451,human,True
PF07731,1kcw,A,P00450,human,True
PF07731,2j5w,A,P00450,human,True
PF07731,2r7e,B,P00451,human,True
PF07731,36jk,A,P00451,human,True
PF07731,36jl,A,P00451,human,True
PF07731,3cdz,B,P00451,human,True
PF07731,3j2q,B,P00451,human,True
PF07731,3j2s,B,P00451,human,True
PF07731,4bdv,B,P00451,human,True
PF07731,4ejx,A,P00450,human,True
PF07731,4enz,A,P00450,human,True
PF07731,5k8d,B,P00451,human,True
PF07731,6mf2,A,P00451,human,True
PF07731,7kwo,A,P00451,human,True
PF07731,9jbv,A,P00451,human,True
PF07731,6mf0,A,P00451,human,False
PF07731,6mf0,B,P12263,human,False
PF07731,7k66,A,P12263,human,False
PF07731,7kbt,A,P12263,human,False
PF07732,12jp,A,P00451,human,True
PF07732,12jv,A,P00451,human,True
PF07732,1kcw,A,P00450,human,True
PF07732,2j5w,A,P00450,human,True
PF07732,2r7e,A,P00451,human,True
PF07732,36ja,A,P12259,human,True
PF07732,36jb,A,P12259,human,True
PF07732,36jk,A,P00451,human,True
PF07732,36jl,A,P00451,human,True
PF07732,3cdz,A,P00451,human,True
PF07732,3j2q,A,P00451,human,True
PF07732,4bdv,A,P00451,human,True
PF07732,4ejx,A,P00450,human,True
PF07732,4enz,A,P00450,human,True
PF07732,5k8d,A,P00451,human,True
PF07732,6mf0,A,P12263,human,True
PF07732,6mf0,B,P12263,human,True
PF07732,6mf2,A,P00451,human,True
PF07732,7k66,A,P12263,human,True
PF07732,7kbt,A,P12263,human,True
PF07732,7kve,B,P12259,human,True
PF07803,5wek,A,D3Z7H4,mouse,True
PF07803,5wek,B,D3Z7H4,mouse,True
PF07803,5wek,C,D3Z7H4,mouse,True
PF07803,5wek,D,D3Z7H4,mouse,True
PF07803,5wel,A,D3Z7H4,mouse,True
PF07803,5wel,B,D3Z7H4,mouse,True
PF07803,5wel,C,D3Z7H4,mouse,True
PF07803,5wel,D,D3Z7H4,mouse,True
PF07803,5wem,A,D3Z7H4,mouse,True
PF07803,5wem,B,D3Z7H4,mouse,True
PF07803,5wem,C,D3Z7H4,mouse,True
PF07803,5wem,D,D3Z7H4,mouse,True
PF07803,5wen,A,D3Z7H4,mouse,True
PF07803,5wen,B,D3Z7H4,mouse,True
PF07803,5wen,C,D3Z7H4,mouse,True
PF07803,5wen,D,D3Z7H4,mouse,True
PF07850,6wlw,V,O75787,human,True
PF07850,6wm2,V,O75787,human,True
PF07850,6wm3,V,O75787,human,True
PF07850,6wm4,V,O75787,human,True
PF07850,7u4t,V,O75787,human,True
PF07850,7unf,r,A0A1B0GVW0,human,True
PF07850,9cf8,V,O75787,human,True
PF07850,9cfc,V,O75787,human,True
PF07850,9det,p,O75787,human,True
PF07850,9bra,p,Q9CYN9,mouse,True
PF07850,9brq,p,Q9CYN9,mouse,True
PF07850,9brr,p,Q9CYN9,mouse,True
PF07850,9brs,p,Q9CYN9,mouse,True
PF07850,9brt,p,Q9CYN9,mouse,True
PF07850,9bru,p,Q9CYN9,mouse,True
PF07850,9bry,p,Q9CYN9,mouse,True
PF07850,9brz,p,Q9CYN9,mouse,True
PF07859,8zvq,A,Q05469,human,True
PF07859,8zvq,B,Q05469,human,True
PF07885,28iz,A,Q9NPC2,human,True
PF07885,28iz,B,Q9NPC2,human,True
PF07885,3ukm,A,O00180,human,True
PF07885,3ukm,B,O00180,human,True
PF07885,3ukm,C,O00180,human,True
PF07885,3ukm,D,O00180,human,True
PF07885,3um7,A,Q9NYG8,human,True
PF07885,3um7,B,Q9NYG8,human,True
PF07885,4bw5,A,P57789,human,True
PF07885,4bw5,B,P57789,human,True
PF07885,4bw5,C,P57789,human,True
PF07885,4bw5,D,P57789,human,True
PF07885,4i9w,A,Q9NYG8,human,True
PF07885,4i9w,B,Q9NYG8,human,True
PF07885,4rue,A,Q9NYG8,human,True
PF07885,4rue,B,Q9NYG8,human,True
PF07885,4ruf,A,Q9NYG8,human,True
PF07885,4ruf,B,Q9NYG8,human,True
PF07885,4twk,A,O95069,human,True
PF07885,4twk,B,O95069,human,True
PF07885,4wfe,A,Q9NYG8,human,True
PF07885,4wfe,B,Q9NYG8,human,True
PF07885,4wff,A,Q9NYG8,human,True
PF07885,4wff,B,Q9NYG8,human,True
PF07885,4wfg,A,Q9NYG8,human,True
PF07885,4wfg,B,Q9NYG8,human,True
PF07885,4wfh,A,Q9NYG8,human,True
PF07885,4wfh,B,Q9NYG8,human,True
PF07885,4xdj,A,P57789,human,True
PF07885,4xdj,B,P57789,human,True
PF07885,4xdj,C,P57789,human,True
PF07885,4xdj,D,P57789,human,True
PF07885,4xdk,A,P57789,human,True
PF07885,4xdk,B,P57789,human,True
PF07885,4xdk,C,P57789,human,True
PF07885,4xdk,D,P57789,human,True
PF07885,4xdl,A,P57789,human,True
PF07885,4xdl,B,P57789,human,True
PF07885,4xdl,C,P57789,human,True
PF07885,4xdl,D,P57789,human,True
PF07885,6cnm,A,O15554,human,True
PF07885,6cnm,B,O15554,human,True
PF07885,6cnm,C,O15554,human,True
PF07885,6cnm,D,O15554,human,True
PF07885,6cnn,A,O15554,human,True
PF07885,6cnn,B,O15554,human,True
PF07885,6cnn,C,O15554,human,True
PF07885,6cnn,D,O15554,human,True
PF07885,6cno,A,O15554,human,True
PF07885,6cno,B,O15554,human,True
PF07885,6cno,C,O15554,human,True
PF07885,6cno,D,O15554,human,True
PF07885,6rv2,A,O14649,human,True
PF07885,6rv2,B,O14649,human,True
PF07885,6rv2,C,O14649,human,True
PF07885,6rv2,D,O14649,human,True
PF07885,6rv3,A,O14649,human,True
PF07885,6rv3,B,O14649,human,True
PF07885,6rv3,C,O14649,human,True
PF07885,6rv3,D,O14649,human,True
PF07965,11yb,B,P05106,human,True
PF07965,1jv2,B,P05106,human,True
PF07965,1l5g,B,P05106,human,True
PF07965,1m1x,B,P05106,human,True
PF07965,1u8c,B,P05106,human,True
PF07965,3ije,B,P05106,human,True
PF07965,3k6s,B,P05107,human,True
PF07965,3k6s,D,P05107,human,True
PF07965,3k6s,F,P05107,human,True
PF07965,3k6s,H,P05107,human,True
PF07965,3k71,B,P05107,human,True
PF07965,3k71,D,P05107,human,True
PF07965,3k71,F,P05107,human,True
PF07965,3k71,H,P05107,human,True
PF07965,3k72,B,P05107,human,True
PF07965,3k72,D,P05107,human,True
PF07965,4g1e,B,P05106,human,True
PF07965,4g1m,B,P05106,human,True
PF07965,4mmx,B,P05106,human,True
PF07965,4mmy,B,P05106,human,True
PF07965,4mmz,B,P05106,human,True
PF07965,4o02,B,P05106,human,True
PF07965,4um8,B,P18564,human,True
PF07965,4um8,D,P18564,human,True
PF07965,6avq,B,P05106,human,True
PF07965,6avr,B,P05106,human,True
PF07965,6avu,B,P05106,human,True
PF07965,6msl,B,P05106,human,True
PF07974,11yb,B,P05106,human,True
PF07974,1jv2,B,P05106,human,True
PF07974,1l5g,B,P05106,human,True
PF07974,1m1x,B,P05106,human,True
PF07974,1u8c,B,P05106,human,True
PF07974,2wft,A,Q96QV1,human,True
PF07974,2wft,B,Q96QV1,human,True
PF07974,2wfx,B,Q96QV1,human,True
PF07974,2wg3,C,Q96QV1,human,True
PF07974,2wg3,D,Q96QV1,human,True
PF07974,2wg4,B,Q96QV1,human,True
PF07974,3fcs,B,P05106,human,True
PF07974,3fcs,D,P05106,human,True
PF07974,3g5c,A,Q9P0K1,human,True
PF07974,3g5c,B,Q9P0K1,human,True
PF07974,3ho3,A,Q96QV1,human,True
PF07974,3ho4,A,Q96QV1,human,True
PF07974,3ho4,B,Q96QV1,human,True
PF07974,3ho5,A,Q96QV1,human,True
PF07974,3ho5,B,Q96QV1,human,True
PF07974,3ije,B,P05106,human,True
PF07974,4cak,B,P05106,human,True
PF07974,4g1e,B,P05106,human,True
PF07974,4g1m,B,P05106,human,True
PF07974,4mmx,B,P05106,human,True
PF07974,4mmy,B,P05106,human,True
PF08022,6sz5,B,Q96PH1,human,True
PF08022,6sz5,C,Q96PH1,human,True
PF08022,7d3e,A,Q9NRD9,human,True
PF08022,7d3e,C,Q9NRD9,human,True
PF08022,7d3f,A,Q9NRD9,human,True
PF08022,7d3f,C,Q9NRD9,human,True
PF08022,7u8g,A,P04839,human,True
PF08022,8gz3,B,P04839,human,True
PF08022,8kei,B,P04839,human,True
PF08022,8u7y,A,Q96PH1,human,True
PF08022,8u7y,B,Q96PH1,human,True
PF08022,8u85,A,Q96PH1,human,True
PF08022,8u85,C,Q96PH1,human,True
PF08022,8u86,A,Q96PH1,human,True
PF08022,8u86,C,Q96PH1,human,True
PF08022,8u87,A,Q96PH1,human,True
PF08022,8u87,C,Q96PH1,human,True
PF08022,8wej,B,P04839,human,True
PF08022,8x2l,B,P04839,human,True
PF08022,6wxr,A,A2AQ92,mouse,True
PF08022,6wxu,A,A2AQ92,mouse,True
PF08022,6wxu,C,A2AQ92,mouse,True
PF08022,6wxv,A,A2AQ92,mouse,True
PF08030,3a1f,A,P04839,human,True
PF08030,6sz5,B,Q96PH1,human,True
PF08030,6sz5,C,Q96PH1,human,True
PF08030,7d3e,A,Q9NRD9,human,True
PF08030,7d3e,C,Q9NRD9,human,True
PF08030,7d3f,A,Q9NRD9,human,True
PF08030,7d3f,C,Q9NRD9,human,True
PF08030,7u8g,A,P04839,human,True
PF08030,8gz3,B,P04839,human,True
PF08030,8kei,B,P04839,human,True
PF08030,8u7y,A,Q96PH1,human,True
PF08030,8u7y,B,Q96PH1,human,True
PF08030,8u85,A,Q96PH1,human,True
PF08030,8u85,C,Q96PH1,human,True
PF08030,8u86,A,Q96PH1,human,True
PF08030,8u86,C,Q96PH1,human,True
PF08030,8u87,A,Q96PH1,human,True
PF08030,8u87,C,Q96PH1,human,True
PF08030,8wej,B,P04839,human,True
PF08030,8x2l,B,P04839,human,True
PF08030,6wxr,A,A2AQ92,mouse,True
PF08030,6wxu,A,A2AQ92,mouse,True
PF08030,6wxu,C,A2AQ92,mouse,True
PF08030,6wxv,A,A2AQ92,mouse,True
PF08204,7wn8,A,Q08722,human,True
PF08204,7wn8,C,Q08722,human,True
PF08204,2jjs,C,Q08722,human,False
PF08204,2jjs,D,Q08722,human,False
PF08204,2jjt,C,Q08722,human,False
PF08204,2jjt,D,Q08722,human,False
PF08204,2vsc,A,Q08722,human,False
PF08204,2vsc,B,Q08722,human,False
PF08204,2vsc,C,Q08722,human,False
PF08204,2vsc,D,Q08722,human,False
PF08204,4cmm,B,Q08722,human,False
PF08204,4kjy,A,Q08722,human,False
PF08204,4kjy,C,Q08722,human,False
PF08204,5iwl,C,Q08722,human,False
PF08204,5iwl,D,Q08722,human,False
PF08204,5tz2,C,Q08722,human,False
PF08204,5tzt,C,Q08722,human,False
PF08204,5tzt,D,Q08722,human,False
PF08204,5tzu,C,Q08722,human,False
PF08204,7myz,C,Q08722,human,False
PF08204,7myz,D,Q08722,human,False
PF08204,7xjf,C,Q08722,human,False
PF08204,7ygg,C,Q08722,human,False
PF08204,7ygg,D,Q08722,human,False
PF08204,8rp8,C,Q08722,human,False
PF08204,8rp8,D,Q08722,human,False
PF08204,8zca,E,Q08722,human,False
PF08204,8zca,F,Q08722,human,False
PF08205,1dgi,R,P15151,human,True
PF08205,1dr9,A,P33681,human,True
PF08205,1i8l,A,P33681,human,True
PF08205,1i8l,B,P33681,human,True
PF08205,1nn8,R,P15151,human,True
PF08205,1nn8,S,P15151,human,True
PF08205,1nn8,T,P15151,human,True
PF08205,2pet,A,P50895,human,True
PF08205,2pf6,A,P50895,human,True
PF08205,2pf6,B,P50895,human,True
PF08205,35tl,A,Q9NZQ7,human,True
PF08205,3alp,A,Q15223,human,True
PF08205,3alp,B,Q15223,human,True
PF08205,3bik,A,Q9NZQ7,human,True
PF08205,3bis,A,Q9NZQ7,human,True
PF08205,3bis,B,Q9NZQ7,human,True
PF08205,3cjj,A,Q15109,human,True
PF08205,3epc,R,P15151,human,True
PF08205,3epd,R,P15151,human,True
PF08205,3epf,R,P15151,human,True
PF08205,3fn3,A,Q9NZQ7,human,True
PF08205,3fn3,B,Q9NZQ7,human,True
PF08205,3j8f,7,P15151,human,True
PF08205,3j9f,8,P15151,human,True
PF08205,3o3u,N,Q15109,human,True
PF08205,3sbw,C,Q9NZQ7,human,True
PF08205,3sku,D,Q15223,human,True
PF08205,3sku,E,Q15223,human,True
PF08205,3sku,F,Q15223,human,True
PF08238,7mqz,A,Q96BR5,human,True
PF08238,8d9x,A,Q14154,human,True
PF08238,8d9x,B,Q14154,human,True
PF08238,8d9x,C,Q14154,human,True
PF08238,8d9x,D,Q14154,human,True
PF08238,8d9x,E,Q14154,human,True
PF08238,8d9x,F,Q14154,human,True
PF08238,8d9x,G,Q14154,human,True
PF08238,8d9x,H,Q14154,human,True
PF08238,8kes,C,Q9UBV2,human,True
PF08238,8kes,D,Q9UBV2,human,True
PF08238,8ket,C,Q9UBV2,human,True
PF08238,8kev,C,Q9UBV2,human,True
PF08238,8kev,D,Q9UBV2,human,True
PF08238,9lwu,C,Q9UBV2,human,True
PF08238,9lwu,D,Q9UBV2,human,True
PF08238,9uav,C,Q9UBV2,human,True
PF08238,9uav,D,Q9UBV2,human,True
PF08238,5b26,A,Q9Z2G6,mouse,True
PF08238,5b26,B,Q9Z2G6,mouse,True
PF08238,5b26,C,Q9Z2G6,mouse,True
PF08238,5b26,D,Q9Z2G6,mouse,True
PF08238,9og0,C,Q9Z2G6,mouse,True
PF08238,9og0,D,Q9Z2G6,mouse,True
PF08266,30xt,Y,Q08174,human,True
PF08266,5k8r,A,Q9Y5G1,human,True
PF08266,6bx7,A,Q08174,human,True
PF08266,6meq,A,Q9Y5G1,human,True
PF08266,6mer,A,Q9Y5G1,human,True
PF08266,6mga,A,Q08174,human,True
PF08266,6vfp,A,Q08174,human,True
PF08266,6vfq,A,Q9P2E7,human,True
PF08266,6vfr,A,Q9HCL0,human,True
PF08266,6vfr,B,Q9HCL0,human,True
PF08266,6vft,A,O14917,human,True
PF08266,6vft,B,O14917,human,True
PF08266,6vft,C,O14917,human,True
PF08266,6vft,D,O14917,human,True
PF08266,6vfu,A,Q8TAB3,human,True
PF08266,6vfu,B,Q8TAB3,human,True
PF08266,6vfu,C,Q8TAB3,human,True
PF08266,6vfw,A,Q9P2E7,human,True
PF08266,6vfw,B,Q9P2E7,human,True
PF08266,6vfw,C,Q9P2E7,human,True
PF08266,6vfw,D,Q9P2E7,human,True
PF08266,6vfw,E,Q9P2E7,human,True
PF08266,6vg4,A,Q9P2E7,human,True
PF08266,9dqv,M,Q9P2E7,human,True
PF08266,9dqv,N,Q9P2E7,human,True
PF08266,9dqv,O,Q9P2E7,human,True
PF08266,9dqv,P,Q9P2E7,human,True
PF08266,9e96,H,Q9P2E7,human,True
PF08266,9e96,L,Q9P2E7,human,True
PF08266,9e96,P,Q9P2E7,human,True
PF08266,9e96,Q,Q9P2E7,human,True
PF08266,9l1n,M,Q9P2E7,human,True
PF08266,9l41,R,Q9P2E7,human,True
PF08266,9l41,S,Q9P2E7,human,True
PF08266,9l41,T,Q9P2E7,human,True
PF08266,1wuz,A,O88689,mouse,True
PF08266,1wyj,A,Q6PB90,mouse,True
PF08266,4zi8,A,Q91XX1,mouse,True
PF08266,4zi8,B,Q91XX1,mouse,True
PF08399,7mix,D,P54289,human,True
PF08399,7miy,D,P54289,human,True
PF08399,7uhf,D,P54289,human,True
PF08399,7uhg,D,P54289,human,True
PF08399,7vfs,B,P54289,human,True
PF08399,7vfu,B,P54289,human,True
PF08399,7vfv,B,P54289,human,True
PF08399,7vfw,B,P54289,human,True
PF08399,7xlq,D,P54289,human,True
PF08399,7yg5,D,P54289,human,True
PF08399,8e59,D,P54289,human,True
PF08399,8e5a,D,P54289,human,True
PF08399,8e5b,D,P54289,human,True
PF08399,8epl,C,P54289,human,True
PF08399,8epm,C,P54289,human,True
PF08399,8fhs,D,P54289,human,True
PF08399,8hlp,F,P54289,human,True
PF08399,8hma,F,P54289,human,True
PF08399,8hmb,E,P54289,human,True
PF08399,8if3,A,P54289,human,True
PF08441,11yb,A,P08514,human,True
PF08441,1jv2,A,P06756,human,True
PF08441,1l5g,A,P06756,human,True
PF08441,1m1x,A,P06756,human,True
PF08441,1u8c,A,P06756,human,True
PF08441,3fcs,A,P08514,human,True
PF08441,3fcs,C,P08514,human,True
PF08441,3ije,A,P06756,human,True
PF08441,3k6s,A,P20702,human,True
PF08441,3k6s,C,P20702,human,True
PF08441,3k6s,E,P20702,human,True
PF08441,3k6s,G,P20702,human,True
PF08441,3k71,A,P20702,human,True
PF08441,3k71,C,P20702,human,True
PF08441,3k71,E,P20702,human,True
PF08441,3k71,G,P20702,human,True
PF08441,3k72,A,P20702,human,True
PF08441,3k72,C,P20702,human,True
PF08441,3vi3,A,P08648,human,True
PF08441,3vi3,C,P08648,human,True
PF08441,3vi4,A,P08648,human,True
PF08441,3vi4,C,P08648,human,True
PF08441,4cak,A,P08514,human,True
PF08441,4g1e,A,P06756,human,True
PF08441,4g1m,A,P06756,human,True
PF08441,4mmx,A,P06756,human,True
PF08441,4mmy,A,P06756,human,True
PF08441,4mmz,A,P06756,human,True
PF08441,4neh,A,P20702,human,True
PF08441,4nen,A,P20702,human,True
PF08450,3g4e,A,Q15493,human,True
PF08450,3g4e,B,Q15493,human,True
PF08450,3g4h,A,Q15493,human,True
PF08450,3g4h,B,Q15493,human,True
PF08450,4gnb,A,Q15493,human,True
PF08450,4gnb,B,Q15493,human,True
PF08450,4gnc,A,Q15493,human,True
PF08450,4gnc,B,Q15493,human,True
PF08450,4gn7,A,Q64374,mouse,True
PF08450,4gn7,B,Q64374,mouse,True
PF08450,4gn8,A,Q64374,mouse,True
PF08450,4gn8,B,Q64374,mouse,True
PF08450,4gn9,A,Q64374,mouse,True
PF08450,4gn9,B,Q64374,mouse,True
PF08450,4gna,A,Q64374,mouse,True
PF08450,4gna,B,Q64374,mouse,True
PF08473,7mix,D,P54289,human,True
PF08473,7miy,D,P54289,human,True
PF08473,7uhf,D,P54289,human,True
PF08473,7uhg,D,P54289,human,True
PF08473,7vfs,B,P54289,human,True
PF08473,7vfu,B,P54289,human,True
PF08473,7vfv,B,P54289,human,True
PF08473,7vfw,B,P54289,human,True
PF08473,7xlq,D,P54289,human,True
PF08473,7yg5,D,P54289,human,True
PF08473,8e59,D,P54289,human,True
PF08473,8e5a,D,P54289,human,True
PF08473,8e5b,D,P54289,human,True
PF08473,8epl,C,P54289,human,True
PF08473,8epm,C,P54289,human,True
PF08473,8fhs,D,P54289,human,True
PF08473,8if3,A,P54289,human,True
PF08473,8if4,A,P54289,human,True
PF08473,8we6,D,P54289,human,True
PF08473,8we7,D,P54289,human,True
PF08516,3g5c,A,Q9P0K1,human,True
PF08516,3g5c,B,Q9P0K1,human,True
PF08516,5y2z,A,Q9P0K1,human,True
PF08516,5y2z,C,Q9P0K1,human,True
PF08516,5y2z,E,Q9P0K1,human,True
PF08516,5y2z,G,Q9P0K1,human,True
PF08516,5y2z,I,Q9P0K1,human,True
PF08516,5y2z,K,Q9P0K1,human,True
PF08516,5y31,A,Q9P0K1,human,True
PF08516,5y31,C,Q9P0K1,human,True
PF08516,8hpy,A,Q9P0K1,human,True
PF08516,8hpy,B,Q9P0K1,human,True
PF08516,8hq1,A,Q9P0K1,human,True
PF08516,8hq1,B,Q9P0K1,human,True
PF08516,8hq1,C,Q9P0K1,human,True
PF08516,8hq2,A,Q9P0K1,human,True
PF08516,8hq2,B,Q9P0K1,human,True
PF08516,8y6b,A,Q9P0K1,human,True
PF08516,8y6b,B,Q9P0K1,human,True
PF08516,8y6b,C,Q9P0K1,human,True
PF08516,9kzc,A,Q9P0K1,human,True
PF08516,9kzt,A,Q9P0K1,human,True
PF08516,9kzt,C,Q9P0K1,human,True
PF08516,9kzt,E,Q9P0K1,human,True
PF08659,4piv,A,P49327,human,True
PF08659,4piv,B,P49327,human,True
PF08659,5c37,A,P49327,human,True
PF08659,5c37,C,P49327,human,True
PF08659,6nna,A,P49327,human,True
PF08659,6nna,B,P49327,human,True
PF08659,8eyi,E,P49327,human,True
PF08659,8eyi,F,P49327,human,True
PF08659,8eyk,E,P49327,human,True
PF08659,8eyk,F,P49327,human,True
PF08659,8gkc,A,P49327,human,True
PF08659,8gkc,D,P49327,human,True
PF08659,8vf7,A,P49327,human,True
PF08659,8vf7,B,P49327,human,True
PF08659,8vg4,A,P49327,human,True
PF08659,8vg4,B,P49327,human,True
PF08659,8vle,A,P49327,human,True
PF08659,8vle,B,P49327,human,True
PF08659,8vlo,A,P49327,human,True
PF08659,8vlo,B,P49327,human,True
PF08659,8vlp,A,P49327,human,True
PF08659,8vlp,B,P49327,human,True
PF08659,8vm0,A,P49327,human,True
PF08659,8vm0,B,P49327,human,True
PF08659,8vm5,A,P49327,human,True
PF08659,8vm5,B,P49327,human,True
PF08659,8vm6,A,P49327,human,True
PF08659,8vm6,B,P49327,human,True
PF08659,8vm7,A,P49327,human,True
PF08659,8vm7,B,P49327,human,True
PF08659,8vmc,A,P49327,human,True
PF08659,8vmc,B,P49327,human,True
PF08659,8vmd,A,P49327,human,True
PF08659,8vmd,B,P49327,human,True
PF08659,9b80,A,P49327,human,True
PF08659,9b80,B,P49327,human,True
PF08674,13co,A,P22303,human,True
PF08674,13co,B,P22303,human,True
PF08674,13co,C,P22303,human,True
PF08674,13co,D,P22303,human,True
PF08674,13cp,A,P22303,human,True
PF08674,13cp,B,P22303,human,True
PF08674,13cp,C,P22303,human,True
PF08674,13cp,D,P22303,human,True
PF08674,1f8u,A,P22303,human,True
PF08674,1vzj,A,P22303,human,True
PF08674,1vzj,B,P22303,human,True
PF08674,1vzj,C,P22303,human,True
PF08674,1vzj,D,P22303,human,True
PF08674,1vzj,E,P22303,human,True
PF08674,1vzj,F,P22303,human,True
PF08674,1vzj,G,P22303,human,True
PF08674,1vzj,H,P22303,human,True
PF08674,2pm8,A,P06276,human,True
PF08674,2pm8,B,P06276,human,True
PF08674,2x8b,A,P22303,human,True
PF08674,3o9m,A,P06276,human,True
PF08674,3o9m,B,P06276,human,True
PF08674,4bdt,A,P22303,human,True
PF08674,4tpk,A,P06276,human,True
PF08674,4tpk,B,P06276,human,True
PF08674,5lkr,A,P06276,human,True
PF08674,5lkr,B,P06276,human,True
PF08674,6i2t,A,P06276,human,True
PF08674,6i2t,B,P06276,human,True
PF08674,6i2t,C,P06276,human,True
PF08674,6i2t,D,P06276,human,True
PF08674,6rua,A,P06276,human,True
PF08674,6rua,B,P06276,human,True
PF08674,7aiy,A,P06276,human,True
PF08674,7aiy,B,P06276,human,True
PF08742,6n29,A,P04275,human,True
PF08742,6n29,B,P04275,human,True
PF08742,6rbf,A,Q02817,human,True
PF08742,6rbf,B,Q02817,human,True
PF08742,6rbf,C,Q02817,human,True
PF08742,6rbf,D,Q02817,human,True
PF08742,6tm2,A,Q02817,human,True
PF08742,6tm2,B,Q02817,human,True
PF08742,6tm2,C,Q02817,human,True
PF08742,6tm2,D,Q02817,human,True
PF08742,7a5o,A,Q02817,human,True
PF08742,7a5o,B,Q02817,human,True
PF08742,7a5o,C,Q02817,human,True
PF08742,7a5o,D,Q02817,human,True
PF08742,7a5o,E,Q02817,human,True
PF08742,7a5o,F,Q02817,human,True
PF08742,7a5o,G,Q02817,human,True
PF08742,7a5o,H,Q02817,human,True
PF08742,7a5o,I,Q02817,human,True
PF08742,7a5o,J,Q02817,human,True
PF08742,7kwo,V,P04275,human,True
PF08742,7pmv,A,P04275,human,True
PF08742,7pmv,B,P04275,human,True
PF08742,7pmv,D,P04275,human,True
PF08742,7pmv,E,P04275,human,True
PF08742,7pnf,B,P04275,human,True
PF08742,7pnf,D,P04275,human,True
PF08742,7pov,A,Q02817,human,True
PF08742,7pov,B,Q02817,human,True
PF08742,7pov,C,Q02817,human,True
PF08742,7pov,D,Q02817,human,True
PF08742,7pp6,A,Q02817,human,True
PF08742,7pp6,B,Q02817,human,True
PF08742,7pp6,C,Q02817,human,True
PF08742,7pp6,D,Q02817,human,True
PF08742,7pp6,E,Q02817,human,True
PF08742,7pp6,G,Q02817,human,True
PF08742,7prl,A,Q02817,human,True
PF08742,7qcl,A,Q02817,human,True
PF08742,7qcl,B,Q02817,human,True
PF08742,7qcn,A,Q02817,human,True
PF08742,7qcn,B,Q02817,human,True
PF08742,7qcu,A,Q02817,human,True
PF08742,7qcu,B,Q02817,human,True
PF08742,7wn3,A,P04275,human,True
PF08742,7wn3,B,P04275,human,True
PF08742,7wn3,C,P04275,human,True
PF08742,7wn3,D,P04275,human,True
PF08742,7wn3,E,P04275,human,True
PF08742,7wn3,F,P04275,human,True
PF08742,7wn3,G,P04275,human,True
PF08742,7wn3,H,P04275,human,True
PF08742,7wn4,E,P04275,human,True
PF08742,7wn4,F,P04275,human,True
PF08742,7wn4,G,P04275,human,True
PF08742,7wn4,H,P04275,human,True
PF08742,7wn6,A,P04275,human,True
PF08742,7wn6,B,P04275,human,True
PF08742,7wn6,C,P04275,human,True
PF08742,7wn6,D,P04275,human,True
PF08742,7wn6,E,P04275,human,True
PF08742,7wn6,F,P04275,human,True
PF08742,7wn6,G,P04275,human,True
PF08742,7wn6,H,P04275,human,True
PF08742,7wpp,E,P04275,human,True
PF08742,7wpp,F,P04275,human,True
PF08742,7wpp,G,P04275,human,True
PF08742,7wpp,H,P04275,human,True
PF08742,7wpq,A,P04275,human,True
PF08742,7wpq,B,P04275,human,True
PF08742,7wpq,C,P04275,human,True
PF08742,7wpq,D,P04275,human,True
PF08742,7wpq,E,P04275,human,True
PF08742,7wpq,F,P04275,human,True
PF08742,7wpq,G,P04275,human,True
PF08742,7wpq,H,P04275,human,True
PF08742,7wpr,A,P04275,human,True
PF08742,7wpr,B,P04275,human,True
PF08742,7wpr,C,P04275,human,True
PF08742,7wpr,D,P04275,human,True
PF08742,7wpr,E,P04275,human,True
PF08742,7wpr,F,P04275,human,True
PF08742,7wpr,G,P04275,human,True
PF08742,7wpr,H,P04275,human,True
PF08742,7wpr,I,P04275,human,True
PF08742,7wpr,J,P04275,human,True
PF08742,7wpr,K,P04275,human,True
PF08742,7wpr,L,P04275,human,True
PF08742,7wpr,M,P04275,human,True
PF08742,7wpr,N,P04275,human,True
PF08742,7wpr,O,P04275,human,True
PF08742,7wpr,P,P04275,human,True
PF08742,7wpr,Q,P04275,human,True
PF08742,7wpr,R,P04275,human,True
PF08742,7wpr,S,P04275,human,True
PF08742,7wpr,T,P04275,human,True
PF08742,7wpr,U,P04275,human,True
PF08742,7wpr,V,P04275,human,True
PF08742,7wpr,W,P04275,human,True
PF08742,7wpr,X,P04275,human,True
PF08742,7wpr,Y,P04275,human,True
PF08742,7wpr,Z,P04275,human,True
PF08742,7wpr,a,P04275,human,True
PF08742,7wpr,b,P04275,human,True
PF08742,7wpr,c,P04275,human,True
PF08742,7wpr,d,P04275,human,True
PF08742,7wpr,e,P04275,human,True
PF08742,7wpr,f,P04275,human,True
PF08742,7wps,A,P04275,human,True
PF08742,7wps,B,P04275,human,True
PF08742,7wps,C,P04275,human,True
PF08742,7wps,D,P04275,human,True
PF08742,7wps,E,P04275,human,True
PF08742,7wps,F,P04275,human,True
PF08742,7wps,G,P04275,human,True
PF08742,7wps,H,P04275,human,True
PF08742,7wps,I,P04275,human,True
PF08742,7wps,J,P04275,human,True
PF08742,7wps,K,P04275,human,True
PF08742,7wps,L,P04275,human,True
PF08742,7wps,M,P04275,human,True
PF08742,7wps,N,P04275,human,True
PF08742,7wps,O,P04275,human,True
PF08742,7wps,P,P04275,human,True
PF08742,7wps,Q,P04275,human,True
PF08742,7wps,R,P04275,human,True
PF08742,7wps,S,P04275,human,True
PF08742,7wps,T,P04275,human,True
PF08742,7wps,U,P04275,human,True
PF08742,7wps,V,P04275,human,True
PF08742,7wps,W,P04275,human,True
PF08742,7wps,X,P04275,human,True
PF08742,7wps,Y,P04275,human,True
PF08742,7wps,Z,P04275,human,True
PF08742,7wps,a,P04275,human,True
PF08742,7wps,b,P04275,human,True
PF08758,1op4,A,P15116,mouse,True
PF08831,1iie,A,P04233,human,True
PF08831,1iie,B,P04233,human,True
PF08831,1iie,C,P04233,human,True
PF08831,8vrw,C,P04233,human,True
PF08831,8vrw,F,P04233,human,True
PF08831,8vrw,I,P04233,human,True
PF08831,8vsp,C,P04233,human,True
PF08831,8vsp,F,P04233,human,True
PF08831,8vsp,I,P04233,human,True
PF08917,1ktz,B,P37173,human,True
PF08917,1m9z,A,P37173,human,True
PF08917,1plo,A,P37173,human,True
PF08917,2pjy,B,P37173,human,False
PF08917,3kfd,E,P37173,human,False
PF08917,3kfd,F,P37173,human,False
PF08917,3kfd,G,P37173,human,False
PF08917,3kfd,H,P37173,human,False
PF08917,4p7u,A,P37173,human,False
PF08917,4xjj,A,P37173,human,False
PF08917,5tx4,A,P37173,human,False
PF08917,5ty4,A,P37173,human,False
PF08917,8g4k,B,P37173,human,False
PF08917,9b9f,D,P37173,human,False
PF08917,9b9f,I,P37173,human,False
PF08917,9e9g,A,P37173,human,False
PF08917,9fdy,D,P37173,human,False
PF08917,9fdy,E,P37173,human,False
PF08917,9fk5,D,P37173,human,False
PF08917,9fkp,D,P37173,human,False
PF08917,9fkp,E,P37173,human,False
PF08917,9yj4,B,Q62312,mouse,False
PF08917,9yj4,D,Q62312,mouse,False
PF09067,1a22,B,P10912,human,True
PF09067,1axi,B,P10912,human,True
PF09067,1cn4,A,P19235,human,True
PF09067,1cn4,B,P19235,human,True
PF09067,1eba,A,P19235,human,True
PF09067,1eba,B,P19235,human,True
PF09067,1ebp,A,P19235,human,True
PF09067,1ebp,B,P19235,human,True
PF09067,1eer,B,P19235,human,True
PF09067,1eer,C,P19235,human,True
PF09067,1ern,A,P19235,human,True
PF09067,1ern,B,P19235,human,True
PF09067,1hwg,B,P10912,human,True
PF09067,1hwg,C,P10912,human,True
PF09067,1hwh,B,P10912,human,True
PF09067,1kf9,B,P10912,human,True
PF09067,1kf9,C,P10912,human,True
PF09067,1kf9,E,P10912,human,True
PF09067,1kf9,F,P10912,human,True
PF09067,2jix,B,P19235,human,True
PF09067,2jix,C,P19235,human,True
PF09067,2jix,E,P19235,human,True
PF09067,4y5v,C,P19235,human,True
PF09067,4y5v,F,P19235,human,True
PF09067,4y5v,I,P19235,human,True
PF09067,4y5x,C,P19235,human,True
PF09067,4y5x,F,P19235,human,True
PF09067,4y5x,I,P19235,human,True
PF09067,4y5x,L,P19235,human,True
PF09067,4y5y,C,P19235,human,True
PF09067,4y5y,F,P19235,human,True
PF09067,6moe,C,P19235,human,True
PF09067,6moe,D,P19235,human,True
PF09067,6mof,B,P19235,human,True
PF09067,6moh,C,P19235,human,True
PF09067,6moh,D,P19235,human,True
PF09067,6moi,B,P19235,human,True
PF09067,6moj,B,P19235,human,True
PF09067,6mok,B,P19235,human,True
PF09085,1bqs,A,Q13477,human,True
PF09085,1gsm,A,Q13477,human,True
PF09085,4hcr,A,Q13477,human,True
PF09085,4hcr,B,Q13477,human,True
PF09085,4hd9,A,Q13477,human,True
PF09085,9p95,C,Q13477,human,True
PF09085,4hbq,A,Q13477,human,False
PF09085,4hbq,B,Q13477,human,False
PF09085,4hc1,A,Q13477,human,False
PF09085,4hc1,B,Q13477,human,False
PF09177,4dnd,A,O60499,human,True
PF09177,4j2c,A,O43752,human,True
PF09177,4j2c,C,O43752,human,True
PF09191,1wio,A,P01730,human,True
PF09191,1wio,B,P01730,human,True
PF09191,1wip,A,P01730,human,True
PF09191,1wip,B,P01730,human,True
PF09191,1wiq,A,P01730,human,True
PF09191,1wiq,B,P01730,human,True
PF09191,3t0e,E,P01730,human,True
PF09191,5u1f,M,P01730,human,True
PF09191,6met,A,P01730,human,True
PF09191,7t0o,H,P01730,human,True
PF09191,7t0o,L,P01730,human,True
PF09191,7t0o,M,P01730,human,True
PF09191,7t0r,A,P01730,human,True
PF09191,7t0r,D,P01730,human,True
PF09191,8fyi,Z,P01730,human,True
PF09191,8fyj,Y,P01730,human,True
PF09191,8fyj,Z,P01730,human,True
PF09191,8z7n,C,P01730,human,True
PF09191,8z7n,F,P01730,human,True
PF09191,8z7n,I,P01730,human,True
PF09191,9oaj,C,P01730,human,True
PF09191,9oaj,D,P01730,human,True
PF09191,9oaj,G,P01730,human,True
PF09238,1iar,B,P24394,human,True
PF09238,3bpl,B,P24394,human,True
PF09238,3bpn,B,P24394,human,True
PF09238,3bpo,B,P24394,human,True
PF09238,5e4e,B,P24394,human,True
PF09238,6oel,B,P24394,human,True
PF09238,6wgl,C,P24394,human,True
PF09238,8k4q,A,P24394,human,True
PF09238,8k4q,C,P24394,human,True
PF09238,8z8l,B,P24394,human,True
PF09240,1n26,A,P08887,human,True
PF09240,1p9m,C,P08887,human,True
PF09240,22pl,B,Q8NI17,human,True
PF09240,3bpn,C,P78552,human,True
PF09240,3bpo,C,P78552,human,True
PF09240,3lb6,C,Q14627,human,True
PF09240,3lb6,D,Q14627,human,True
PF09240,3qt2,A,Q01344,human,True
PF09240,3qt2,B,Q01344,human,True
PF09240,3va2,C,Q01344,human,True
PF09240,4nkq,B,P15509,human,True
PF09240,4rs1,B,P15509,human,True
PF09240,5e4e,C,P78552,human,True
PF09240,5fuc,C,P08887,human,True
PF09240,5fuc,D,P08887,human,True
PF09240,5uv8,A,P26951,human,True
PF09240,5uv8,G,P26951,human,True
PF09240,5uwc,G,P26951,human,True
PF09240,6h41,A,Q01344,human,True
PF09240,6nmy,F,P26951,human,True
PF09240,6nmy,M,P26951,human,True
PF09240,7dc8,C,P08887,human,True
PF09240,7dc8,F,P08887,human,True
PF09240,8d82,C,P08887,human,True
PF09240,8d82,G,P08887,human,True
PF09240,8iow,D2,P08887,human,True
PF09240,8iow,I,P08887,human,True
PF09240,8j6f,I,P08887,human,True
PF09256,1oqe,K,Q96RJ3,human,True
PF09256,1oqe,L,Q96RJ3,human,True
PF09256,1oqe,M,Q96RJ3,human,True
PF09256,1oqe,N,Q96RJ3,human,True
PF09256,1oqe,O,Q96RJ3,human,True
PF09256,1oqe,P,Q96RJ3,human,True
PF09256,1oqe,Q,Q96RJ3,human,True
PF09256,1oqe,R,Q96RJ3,human,True
PF09256,1osx,A,Q96RJ3,human,True
PF09256,2hfg,R,Q96RJ3,human,True
PF09256,4v46,B0,Q96RJ3,human,True
PF09256,4v46,B1,Q96RJ3,human,True
PF09256,4v46,B2,Q96RJ3,human,True
PF09256,4v46,B3,Q96RJ3,human,True
PF09256,4v46,B4,Q96RJ3,human,True
PF09256,4v46,B5,Q96RJ3,human,True
PF09256,4v46,B6,Q96RJ3,human,True
PF09256,4v46,B7,Q96RJ3,human,True
PF09256,4v46,B8,Q96RJ3,human,True
PF09256,4v46,B9,Q96RJ3,human,True
PF09256,4v46,BA,Q96RJ3,human,True
PF09256,4v46,BB,Q96RJ3,human,True
PF09256,4v46,BC,Q96RJ3,human,True
PF09256,4v46,BD,Q96RJ3,human,True
PF09256,4v46,BE,Q96RJ3,human,True
PF09256,4v46,BF,Q96RJ3,human,True
PF09256,4v46,BG,Q96RJ3,human,True
PF09256,4v46,BH,Q96RJ3,human,True
PF09256,4v46,BI,Q96RJ3,human,True
PF09256,4v46,BJ,Q96RJ3,human,True
PF09256,4v46,BK,Q96RJ3,human,True
PF09256,4v46,BL,Q96RJ3,human,True
PF09256,4v46,BM,Q96RJ3,human,True
PF09256,4v46,BN,Q96RJ3,human,True
PF09256,4v46,BO,Q96RJ3,human,True
PF09256,4v46,BP,Q96RJ3,human,True
PF09256,4v46,BQ,Q96RJ3,human,True
PF09256,4v46,BR,Q96RJ3,human,True
PF09256,4v46,BS,Q96RJ3,human,True
PF09256,4v46,BT,Q96RJ3,human,True
PF09256,4v46,BU,Q96RJ3,human,True
PF09256,4v46,BV,Q96RJ3,human,True
PF09256,4v46,BW,Q96RJ3,human,True
PF09256,4v46,BX,Q96RJ3,human,True
PF09256,4v46,BY,Q96RJ3,human,True
PF09256,4v46,BZ,Q96RJ3,human,True
PF09256,4v46,Ba,Q96RJ3,human,True
PF09256,4v46,Bb,Q96RJ3,human,True
PF09256,4v46,Bc,Q96RJ3,human,True
PF09256,4v46,Bd,Q96RJ3,human,True
PF09256,4v46,Be,Q96RJ3,human,True
PF09256,4v46,Bf,Q96RJ3,human,True
PF09256,4v46,Bg,Q96RJ3,human,True
PF09256,4v46,Bh,Q96RJ3,human,True
PF09256,4v46,Bi,Q96RJ3,human,True
PF09256,4v46,Bj,Q96RJ3,human,True
PF09256,4v46,Bk,Q96RJ3,human,True
PF09256,4v46,Bl,Q96RJ3,human,True
PF09256,4v46,Bm,Q96RJ3,human,True
PF09256,4v46,Bn,Q96RJ3,human,True
PF09256,4v46,Bo,Q96RJ3,human,True
PF09256,4v46,Bp,Q96RJ3,human,True
PF09256,4v46,Bq,Q96RJ3,human,True
PF09256,4v46,Br,Q96RJ3,human,True
PF09256,4v46,Bs,Q96RJ3,human,True
PF09256,4v46,Bt,Q96RJ3,human,True
PF09256,4v46,Bu,Q96RJ3,human,True
PF09256,4v46,Bv,Q96RJ3,human,True
PF09256,4v46,Bw,Q96RJ3,human,True
PF09256,4v46,Bx,Q96RJ3,human,True
PF09256,8zuj,A,Q96RJ3,human,True
PF09256,8zuj,B,Q96RJ3,human,True
PF09256,8zuj,C,Q96RJ3,human,True
PF09256,8zuj,G,Q96RJ3,human,True
PF09256,8zuj,H,Q96RJ3,human,True
PF09256,8zuj,I,Q96RJ3,human,True
PF09256,8zuj,M,Q96RJ3,human,True
PF09256,8zuj,N,Q96RJ3,human,True
PF09256,8zuj,O,Q96RJ3,human,True
PF09256,8zuj,S,Q96RJ3,human,True
PF09256,8zuj,T,Q96RJ3,human,True
PF09256,8zuj,U,Q96RJ3,human,True
PF09256,8zuj,Y,Q96RJ3,human,True
PF09256,8zuj,Z,Q96RJ3,human,True
PF09256,8zuj,a,Q96RJ3,human,True
PF09256,8zuk,D,Q96RJ3,human,True
PF09256,8zuk,E,Q96RJ3,human,True
PF09256,8zuk,F,Q96RJ3,human,True
PF09256,8zuk,J,Q96RJ3,human,True
PF09256,8zuk,K,Q96RJ3,human,True
PF09256,8zuk,L,Q96RJ3,human,True
PF09256,8zuk,P,Q96RJ3,human,True
PF09256,8zuk,Q,Q96RJ3,human,True
PF09256,8zuk,R,Q96RJ3,human,True
PF09256,8zuk,V,Q96RJ3,human,True
PF09256,8zuk,W,Q96RJ3,human,True
PF09256,8zuk,X,Q96RJ3,human,True
PF09256,8zuk,b,Q96RJ3,human,True
PF09256,8zuk,c,Q96RJ3,human,True
PF09256,8zuk,d,Q96RJ3,human,True
PF09256,8zuk,h,Q96RJ3,human,True
PF09256,8zuk,i,Q96RJ3,human,True
PF09256,8zuk,j,Q96RJ3,human,True
PF09256,8zuk,n,Q96RJ3,human,True
PF09256,8zuk,o,Q96RJ3,human,True
PF09256,8zuk,p,Q96RJ3,human,True
PF09256,1mpv,A,Q96RJ3,human,False
PF09256,3v56,G,Q96RJ3,human,False
PF09256,3v56,H,Q96RJ3,human,False
PF09256,3v56,I,Q96RJ3,human,False
PF09256,3v56,J,Q96RJ3,human,False
PF09256,3v56,K,Q96RJ3,human,False
PF09256,3v56,L,Q96RJ3,human,False
PF09256,3v56,Z,Q96RJ3,human,False
PF09257,12er,C,Q02223,human,True
PF09257,12es,C,Q02223,human,True
PF09257,1oqd,K,Q02223,human,True
PF09257,1oqd,L,Q02223,human,True
PF09257,1oqd,M,Q02223,human,True
PF09257,1oqd,N,Q02223,human,True
PF09257,1oqd,O,Q02223,human,True
PF09257,1oqd,P,Q02223,human,True
PF09257,1oqd,Q,Q02223,human,True
PF09257,1oqd,R,Q02223,human,True
PF09257,1xu2,R,Q02223,human,True
PF09257,1xu2,S,Q02223,human,True
PF09257,1xu2,T,Q02223,human,True
PF09257,2kn1,A,Q02223,human,True
PF09257,4zfo,F,Q02223,human,True
PF09257,4zfo,K,Q02223,human,True
PF09257,8hxq,C,Q02223,human,True
PF09257,8hxq,D,Q02223,human,True
PF09257,8hxr,C,Q02223,human,True
PF09257,8hxr,D,Q02223,human,True
PF09257,9mqo,A,Q02223,human,True
PF09257,9mqo,D,Q02223,human,True
PF09257,9mqo,G,Q02223,human,True
PF09257,9mqo,J,Q02223,human,True
PF09257,9mqo,M,Q02223,human,True
PF09257,9mqo,P,Q02223,human,True
PF09257,6j7w,C,Q02223,human,False
PF09257,6j7w,D,Q02223,human,False
PF09257,8qy9,A,Q02223,human,False
PF09257,8qya,A,Q02223,human,False
PF09257,8qyb,A,Q02223,human,False
PF09272,1o5e,L,P05981,human,True
PF09272,1o5f,L,P05981,human,True
PF09272,1p57,A,P05981,human,True
PF09272,1z8g,A,P05981,human,True
PF09272,3t2n,A,P05981,human,True
PF09272,3t2n,B,P05981,human,True
PF09272,5ce1,A,P05981,human,True
PF09294,1ahw,C,P13726,human,True
PF09294,1ahw,F,P13726,human,True
PF09294,1boy,A,P13726,human,True
PF09294,1jps,T,P13726,human,True
PF09294,1n6u,A,P48551,human,True
PF09294,1n6v,A,P48551,human,True
PF09294,1o5d,T,P13726,human,True
PF09294,1tfh,A,P13726,human,True
PF09294,1tfh,B,P13726,human,True
PF09294,1wqv,T,P13726,human,True
PF09294,1wss,T,P13726,human,True
PF09294,1wtg,T,P13726,human,True
PF09294,1wun,T,P13726,human,True
PF09294,1wv7,T,P13726,human,True
PF09294,2b7d,T,P13726,human,True
PF09294,2f9b,T,P13726,human,True
PF09294,2flb,T,P13726,human,True
PF09294,2flr,T,P13726,human,True
PF09294,2hym,A,P48551,human,True
PF09294,2kz1,B,P48551,human,True
PF09294,2lag,B,P48551,human,True
PF09294,2zp0,T,P13726,human,True
PF09305,1xu1,R,O14836,human,True
PF09305,1xu1,S,O14836,human,True
PF09305,1xu1,T,O14836,human,True
PF09305,1xut,A,O14836,human,True
PF09307,8vrw,C,P04233,human,True
PF09307,8vrw,F,P04233,human,True
PF09307,8vrw,I,P04233,human,True
PF09307,8vsp,C,P04233,human,True
PF09307,8vsp,F,P04233,human,True
PF09307,8vsp,I,P04233,human,True
PF09325,8afz,A,Q13596,human,True
PF09325,8afz,B,Q9Y5X3,human,True
PF09325,4fzs,A,Q13596,human,False
PF09325,4fzs,B,Q13596,human,False
PF09325,8a1g,A,Q13596,human,False
PF09325,8a1g,B,Q13596,human,False
PF09325,8a1g,C,Q9Y5X3,human,False
PF09325,8a1g,D,Q9Y5X3,human,False
PF09325,8abq,A,Q13596,human,False
PF09325,8abq,B,Q13596,human,False
PF09325,8abq,C,Q9Y5X3,human,False
PF09325,8abq,D,Q9Y5X3,human,False
PF09325,7d6d,A,Q9WV80,mouse,True
PF09325,7d6d,B,Q9WV80,mouse,True
PF09325,7d6d,C,Q9WV80,mouse,True
PF09325,7d6d,D,Q9WV80,mouse,True
PF09325,7d6d,E,Q9WV80,mouse,True
PF09325,7d6d,F,Q9WV80,mouse,True
PF09325,7d6d,G,Q9WV80,mouse,True
PF09325,7d6d,H,Q9WV80,mouse,True
PF09325,7d6d,I,Q9WV80,mouse,True
PF09325,7d6d,J,Q9WV80,mouse,True
PF09325,7d6d,K,Q9WV80,mouse,True
PF09325,7d6d,L,Q9WV80,mouse,True
PF09325,7d6d,M,Q9WV80,mouse,True
PF09325,7d6d,N,Q9WV80,mouse,True
PF09325,7d6d,O,Q9WV80,mouse,True
PF09325,7d6d,P,Q9WV80,mouse,True
PF09325,7d6e,A,Q9WV80,mouse,True
PF09325,7d6e,B,Q9WV80,mouse,True
PF09325,7d6e,C,Q9WV80,mouse,True
PF09325,7d6e,D,Q9WV80,mouse,True
PF09325,7d6e,E,Q9WV80,mouse,True
PF09325,7d6e,F,Q9WV80,mouse,True
PF09325,7d6e,G,Q9WV80,mouse,True
PF09325,7d6e,H,Q9WV80,mouse,True
PF09325,7d6e,I,Q9WV80,mouse,True
PF09325,7d6e,J,Q9WV80,mouse,True
PF09325,7d6e,K,Q9WV80,mouse,True
PF09325,7d6e,L,Q9WV80,mouse,True
PF09325,7d6e,M,Q9WV80,mouse,True
PF09325,7d6e,N,Q9WV80,mouse,True
PF09325,7d6e,O,Q9WV80,mouse,True
PF09325,7d6e,P,Q9WV80,mouse,True
PF09325,7d6e,Q,Q9WV80,mouse,True
PF09325,7d6e,R,Q9WV80,mouse,True
PF09430,6ww7,G,Q9NPA0,human,True
PF09430,6z3w,G,Q9NPA0,human,True
PF09430,7ado,G,Q9NPA0,human,True
PF09430,8j0n,G,Q9NPA0,human,True
PF09430,8j0o,G,Q9NPA0,human,True
PF09430,8s9s,7,Q9NPA0,human,True
PF09430,9c7v,7,Q9NPA0,human,True
PF09430,9zz6,G,Q9NPA0,human,True
PF09430,8eoi,G,Q9NPA0,human,False
PF09443,2j5h,A,P51865,mouse,True
PF09470,2f8v,T,O15273,human,True
PF09470,2f8v,Y,O15273,human,True
PF09470,1ya5,T,O15273,human,False
PF09668,4rgh,A,Q5TDH0,human,True
PF09668,4rgh,B,Q5TDH0,human,True
PF09668,3s8i,A,Q8WTU0,human,False
PF09668,3s8i,B,Q8WTU0,human,False
PF10162,8c6i,A,Q9UHN6,human,True
PF10413,4zwj,A,P08100,human,True
PF10413,4zwj,B,P08100,human,True
PF10413,4zwj,C,P08100,human,True
PF10413,4zwj,D,P08100,human,True
PF10413,5dgy,A,P08100,human,True
PF10413,5dgy,B,P08100,human,True
PF10413,5dgy,C,P08100,human,True
PF10413,5dgy,D,P08100,human,True
PF10413,5w0p,A,P08100,human,True
PF10413,5w0p,B,P08100,human,True
PF10413,5w0p,C,P08100,human,True
PF10413,5w0p,D,P08100,human,True
PF10413,6cmo,R,P08100,human,False
PF10420,1f42,A,P29460,human,True
PF10420,1f45,A,P29460,human,True
PF10420,3d85,D,P29460,human,True
PF10420,3d87,B,P29460,human,True
PF10420,3d87,D,P29460,human,True
PF10420,3duh,A,P29460,human,True
PF10420,3duh,B,P29460,human,True
PF10420,3hmx,A,P29460,human,True
PF10420,3qwr,A,P29460,human,True
PF10420,4grw,B,P29460,human,True
PF10420,4grw,D,P29460,human,True
PF10420,5mj3,A,P29460,human,True
PF10420,5mj4,A,P29460,human,True
PF10420,5mxa,A,P29460,human,True
PF10420,5mzv,A,P29460,human,True
PF10420,5njd,A,P29460,human,True
PF10420,5njd,C,P29460,human,True
PF10420,5njd,E,P29460,human,True
PF10420,5njd,G,P29460,human,True
PF10420,5njd,I,P29460,human,True
PF10420,5njd,K,P29460,human,True
PF10420,6uib,B,P29460,human,True
PF10420,6wdq,A,P29460,human,True
PF10420,8cr8,A,P29460,human,True
PF10420,8oe4,A,P29460,human,True
PF10420,8uui,A,P29460,human,True
PF10420,8xrp,B,P29460,human,True
PF10420,8xrp,F,P29460,human,True
PF10420,8xrp,J,P29460,human,True
PF10420,8xrp,N,P29460,human,True
PF10420,8yi7,B,P29460,human,True
PF10430,2gy5,A,Q02763,human,True
PF10430,2gy7,B,Q02763,human,True
PF10430,4k0v,A,Q02763,human,True
PF10430,9lv4,B,Q02763,human,True
PF10577,9y63,A,Q5VUB5,human,True
PF10577,9y63,B,Q5VUB5,human,True
PF10577,9y63,C,Q5VUB5,human,True
PF10577,9y6n,A,A2A699,human,False
PF10577,9y6n,B,A2A699,human,False
PF10577,9y6n,C,A2A699,human,False
PF10613,10en,A,Q5R1P0,human,True
PF10613,10en,B,A0A8B7RCM5,human,True
PF10613,10en,C,Q5R1P0,human,True
PF10613,10en,D,A0A8B7RCM5,human,True
PF10613,10ev,A,Q5R1P0,human,True
PF10613,10ev,B,A0A8B7RCM5,human,True
PF10613,10ev,C,Q5R1P0,human,True
PF10613,10ev,D,A0A8B7RCM5,human,True
PF10613,10ex,A,Q5R1P0,human,True
PF10613,10ex,B,Q13224,human,True
PF10613,10ex,C,Q5R1P0,human,True
PF10613,10ex,D,Q13224,human,True
PF10613,10ey,A,Q05586,human,True
PF10613,10ey,B,Q13224,human,True
PF10613,10ey,C,Q05586,human,True
PF10613,10ey,D,Q13224,human,True
PF10613,10ez,A,Q05586,human,True
PF10613,10ez,B,Q13224,human,True
PF10613,10ez,C,Q05586,human,True
PF10613,10ez,D,Q13224,human,True
PF10613,10fd,A,Q05586,human,True
PF10613,10fd,B,Q13224,human,True
PF10613,10fd,C,Q05586,human,True
PF10613,10fd,D,Q13224,human,True
PF10613,10fe,A,Q05586,human,True
PF10613,10fe,B,Q13224,human,True
PF10613,10fe,C,Q05586,human,True
PF10613,10fe,D,Q13224,human,True
PF10613,10ff,A,Q05586,human,True
PF10613,10ff,B,Q13224,human,True
PF10613,10ff,C,Q05586,human,True
PF10613,10ff,D,Q13224,human,True
PF10613,10fl,A,Q05586,human,True
PF10613,10fl,B,Q13224,human,True
PF10613,10fl,C,Q05586,human,True
PF10613,10fl,D,Q13224,human,True
PF10613,10fn,A,Q05586,human,True
PF10613,10fn,B,Q13224,human,True
PF10613,10fn,C,Q05586,human,True
PF10613,10fn,D,Q13224,human,True
PF10613,10fo,A,Q05586,human,True
PF10613,10fo,B,Q13224,human,True
PF10613,10fo,C,Q05586,human,True
PF10613,10fo,D,Q13224,human,True
PF10613,6dlz,A,P19491,human,True
PF10613,6dlz,B,P19491,human,True
PF10613,6dlz,C,P19491,human,True
PF10613,6dlz,D,P19491,human,True
PF10613,6dm0,A,P19491,human,True
PF10613,6dm0,B,P19491,human,True
PF10613,6dm0,C,P19491,human,True
PF10613,6dm0,D,P19491,human,True
PF10613,6dm1,A,P19491,human,True
PF10613,6dm1,B,P19491,human,True
PF10613,6dm1,C,P19491,human,True
PF10613,6dm1,D,P19491,human,True
PF10613,6ira,A,Q05586,human,True
PF10613,6ira,B,Q12879,human,True
PF10613,6ira,C,Q05586,human,True
PF10613,6ira,D,Q12879,human,True
PF10613,6irf,A,Q05586,human,True
PF10613,6irf,B,Q12879,human,True
PF10613,6irf,C,Q05586,human,True
PF10613,6irf,D,Q12879,human,True
PF10613,6irg,A,Q05586,human,True
PF10613,6irg,B,Q12879,human,True
PF10613,6irg,C,Q05586,human,True
PF10613,6irg,D,Q12879,human,True
PF10613,6irh,A,Q05586,human,True
PF10613,6irh,B,Q12879,human,True
PF10613,6irh,C,Q05586,human,True
PF10613,6irh,D,Q12879,human,True
PF10613,6o9g,A,P19491,human,True
PF10613,6o9g,B,P19491,human,True
PF10613,6o9g,C,P19491,human,True
PF10613,6o9g,D,P19491,human,True
PF10613,7eoq,A,Q12879,human,True
PF10613,7eoq,B,Q05586,human,True
PF10613,7eoq,C,Q12879,human,True
PF10613,7eoq,D,Q05586,human,True
PF11465,1z2k,A,Q07763,mouse,True
PF11465,2ptt,B,Q07763,mouse,True
PF11465,2ptu,A,Q07763,mouse,True
PF11465,2ptu,B,Q07763,mouse,True
PF11465,2ptu,C,Q07763,mouse,True
PF11465,2ptu,D,Q07763,mouse,True
PF11548,2qt7,A,Q16849,human,True
PF11548,2qt7,B,Q16849,human,True
PF11548,4hti,A,Q92932,human,True
PF11548,4htj,A,Q92932,human,True
PF11548,3n01,A,Q16849,human,False
PF11548,3n01,B,Q16849,human,False
PF11548,3n4w,A,Q16849,human,False
PF11548,3n4w,B,Q16849,human,False
PF11548,3ng8,A,Q16849,human,False
PF11548,3ng8,B,Q16849,human,False
PF11548,3np5,A,Q16849,human,False
PF11548,3np5,B,Q16849,human,False
PF11548,3np5,C,Q16849,human,False
PF11548,3np5,D,Q16849,human,False
PF11838,2yd0,A,Q9NZ08,human,True
PF11838,3mdj,A,Q9NZ08,human,True
PF11838,3mdj,B,Q9NZ08,human,True
PF11838,3mdj,C,Q9NZ08,human,True
PF11838,3qnf,A,Q9NZ08,human,True
PF11838,3qnf,B,Q9NZ08,human,True
PF11838,3qnf,C,Q9NZ08,human,True
PF11838,3rjo,A,Q9NZ08,human,True
PF11838,3se6,A,Q6P179,human,True
PF11838,3se6,B,Q6P179,human,True
PF11838,4e36,A,Q6P179,human,True
PF11838,4e36,B,Q6P179,human,True
PF11838,4fyq,A,P15144,human,True
PF11838,4fyr,A,P15144,human,True
PF11838,4fys,A,P15144,human,True
PF11838,4fyt,A,P15144,human,True
PF11838,4jbs,A,Q6P179,human,True
PF11838,4jbs,B,Q6P179,human,True
PF11838,4kx7,A,Q07075,human,True
PF11838,4kx8,A,Q07075,human,True
PF11838,4kx9,A,Q07075,human,True
PF11838,4kxa,A,Q07075,human,True
PF11838,4kxb,A,Q07075,human,True
PF11838,4kxc,A,Q07075,human,True
PF11838,4kxd,A,Q07075,human,True
PF11838,4p8q,A,Q9UIQ6,human,True
PF11838,4p8q,B,Q9UIQ6,human,True
PF11838,4pj6,A,Q9UIQ6,human,True
PF11838,4pj6,B,Q9UIQ6,human,True
PF12109,22xc,C,P61073,human,True
PF12109,22xc,G,P61073,human,True
PF12109,22xc,R,P61073,human,True
PF12109,2k03,B,P61073,human,True
PF12109,2k03,D,P61073,human,True
PF12109,2k04,B,P61073,human,True
PF12109,2k04,D,P61073,human,True
PF12109,2k05,B,P61073,human,True
PF12109,2k05,D,P61073,human,True
PF12109,2n55,B,P61073,human,True
PF12109,3odu,A,P61073,human,True
PF12109,3odu,B,P61073,human,True
PF12109,3oe0,A,P61073,human,True
PF12109,3oe6,A,P61073,human,True
PF12109,3oe8,A,P61073,human,True
PF12109,3oe8,B,P61073,human,True
PF12109,3oe8,C,P61073,human,True
PF12109,3oe9,A,P61073,human,True
PF12109,3oe9,B,P61073,human,True
PF12109,4rws,A,P61073,human,True
PF12109,8u4n,R,P61073,human,True
PF12109,8u4o,R,P61073,human,True
PF12109,8u4p,R,P61073,human,True
PF12109,8u4q,R,P61073,human,True
PF12109,8u4r,R,P61073,human,True
PF12109,8u4s,C,P61073,human,True
PF12109,8u4s,G,P61073,human,True
PF12109,8u4s,R,P61073,human,True
PF12109,8u4t,AA,P61073,human,True
PF12109,8u4t,I,P61073,human,True
PF12109,8u4t,Q,P61073,human,True
PF12109,8u4t,R,P61073,human,True
PF12109,8yu7,A,P61073,human,True
PF12109,8yu7,B,P61073,human,True
PF12109,8yu7,C,P61073,human,True
PF12109,8yu7,D,P61073,human,True
PF12109,9me1,A,P61073,human,True
PF12109,9me1,B,P61073,human,True
PF12109,9me1,C,P61073,human,True
PF12109,9me1,D,P61073,human,True
PF12109,9me1,E,P61073,human,True
PF12109,9me1,I,P61073,human,True
PF12109,9me1,K,P61073,human,True
PF12109,9me1,L,P61073,human,True
PF12146,3hju,A,Q99685,human,True
PF12146,3hju,B,Q99685,human,True
PF12146,3jw8,A,Q99685,human,True
PF12146,3jw8,B,Q99685,human,True
PF12146,3jwe,A,Q99685,human,True
PF12146,3jwe,B,Q99685,human,True
PF12146,3pe6,A,Q99685,human,True
PF12146,4uuq,A,Q99685,human,True
PF12146,4uuq,B,Q99685,human,True
PF12146,5zun,A,Q99685,human,True
PF12146,6ax1,A,Q99685,human,True
PF12146,6ax1,B,Q99685,human,True
PF12146,6bq0,A,Q99685,human,True
PF12146,6bq0,B,Q99685,human,True
PF12146,7l4t,A,Q99685,human,True
PF12146,7l4t,B,Q99685,human,True
PF12146,7l4u,A,Q99685,human,True
PF12146,7l4u,B,Q99685,human,True
PF12146,7l4w,A,Q99685,human,True
PF12146,7l4w,B,Q99685,human,True
PF12146,7l50,A,Q99685,human,True
PF12146,7l50,B,Q99685,human,True
PF12146,7l50,C,Q99685,human,True
PF12146,7l50,D,Q99685,human,True
PF12146,7prm,A,Q99685,human,True
PF12146,7zpg,A,Q99685,human,True
PF12146,8aqf,A,Q99685,human,True
PF12146,8ptc,A,Q99685,human,True
PF12146,8ptq,A,Q99685,human,True
PF12146,8ptr,A,Q99685,human,True
PF12146,8rvf,A,Q99685,human,True
PF12146,9f8a,A,Q99685,human,True
PF12369,4ay9,X,P23945,human,True
PF12369,4ay9,Y,P23945,human,True
PF12369,4ay9,Z,P23945,human,True
PF12369,4mqw,X,P23945,human,True
PF12369,4mqw,Y,P23945,human,True
PF12369,4mqw,Z,P23945,human,True
PF12369,8i2g,R,P23945,human,True
PF12369,8i2h,A,P23945,human,True
PF12567,5fmv,A,P08575,human,True
PF12567,5fmv,B,P08575,human,True
PF12567,5fn6,A,P08575,human,True
PF12567,5fn7,A,P08575,human,True
PF12567,5fn7,B,P08575,human,True
PF12567,8vse,A,P08575,human,True
PF12567,8vse,B,P08575,human,True
PF12661,2ygo,A,Q9Y5W5,human,True
PF12661,2ygp,A,Q9Y5W5,human,True
PF12661,2ygq,A,Q9Y5W5,human,True
PF12661,4d90,A,O43854,human,True
PF12661,4d90,B,O43854,human,True
PF12661,9b3n,A,P46531,human,True
PF12661,2rqz,A,Q01705,mouse,True
PF12661,2rr0,A,Q01705,mouse,True
PF12661,2rr2,A,Q01705,mouse,True
PF12661,5ky0,B,Q01705,mouse,True
PF12661,5ky4,B,Q01705,mouse,True
PF12661,5ky8,B,Q01705,mouse,True
PF12661,5ky9,B,Q01705,mouse,True
PF12662,1adx,A,P07204,human,True
PF12662,1dqb,A,P07204,human,True
PF12662,1dx5,I,P07204,human,True
PF12662,1dx5,J,P07204,human,True
PF12662,1dx5,K,P07204,human,True
PF12662,1dx5,L,P07204,human,True
PF12662,2adx,A,P07204,human,True
PF12662,3f1s,B,P22891,human,True
PF12662,3gis,X,P07204,human,True
PF12662,3gis,Y,P07204,human,True
PF12662,3gis,Z,P07204,human,True
PF12662,3h5c,B,P22891,human,True
PF12662,5to3,B,P07204,human,True
PF12662,7t4r,A,P07204,human,True
PF12662,8s9p,B,O75096,human,True
PF12662,9cwm,A,P98164,human,True
PF12662,9cwm,B,P98164,human,True
PF12662,9i3v,A,P98164,human,True
PF12662,9i3v,B,P98164,human,True
PF12662,9qaw,A,P98164,human,True
PF12662,9qaw,B,P98164,human,True
PF12662,1egt,A,P07204,human,False
PF12662,1fgd,A,P07204,human,False
PF12662,1fge,A,P07204,human,False
PF12662,1hlt,R,P07204,human,False
PF12662,8ivd,A,Q9NPY3,human,False
PF12662,8ivd,B,Q9NPY3,human,False
PF12662,8ivd,C,Q9NPY3,human,False
PF12662,8ivd,D,Q9NPY3,human,False
PF12662,8em4,A,A2ARV4,mouse,True
PF12662,8em4,B,A2ARV4,mouse,True
PF12662,8em7,A,A2ARV4,mouse,True
PF12662,8em7,B,A2ARV4,mouse,True
PF12678,1ldj,B,P62877,human,True
PF12678,1ldk,C,P62877,human,True
PF12678,1u6g,B,P62877,human,True
PF12678,29hg,E,P62877,human,True
PF12678,29hh,E,P62877,human,True
PF12678,29hi,E,P62877,human,True
PF12678,2ecl,A,Q9UBF6,human,True
PF12678,2hye,D,P62877,human,True
PF12678,2lgv,A,P62877,human,True
PF12678,3dpl,R,P62877,human,True
PF12678,3dqv,R,P62877,human,True
PF12678,3dqv,Y,P62877,human,True
PF12678,3rtr,B,P62877,human,True
PF12678,3rtr,D,P62877,human,True
PF12678,3rtr,F,P62877,human,True
PF12678,3rtr,H,P62877,human,True
PF12678,4f52,B,P62877,human,True
PF12678,4f52,D,P62877,human,True
PF12678,4p5o,B,P62877,human,True
PF12678,4p5o,D,P62877,human,True
PF12678,5n4w,R,P62877,human,True
PF12678,6r6h,R,P62877,human,True
PF12678,6r7f,R,P62877,human,True
PF12678,6r7h,R,P62877,human,True
PF12678,6r7i,R,P62877,human,True
PF12678,6r7n,R,P62877,human,True
PF12697,1imj,A,Q96IU4,human,True
PF12697,7soy,P,Q9Y570,human,True
PF12697,3c5v,A,Q9Y570,human,False
PF12697,3c5w,P,Q9Y570,human,False
PF12698,5xjy,A,O95477,human,True
PF12698,7e7i,A,P78363,human,True
PF12698,7e7o,A,P78363,human,True
PF12698,7e7q,A,P78363,human,True
PF12698,7lkp,A,P78363,human,True
PF12698,7lkz,A,P78363,human,True
PF12698,7m1p,A,P78363,human,True
PF12698,7m1q,A,P78363,human,True
PF12698,7roq,A,O95477,human,True
PF12698,7tbw,A,O95477,human,True
PF12698,7tby,A,O95477,human,True
PF12698,7tbz,A,O95477,human,True
PF12698,7tc0,A,O95477,human,True
PF12698,7tdt,A,O95477,human,True
PF12698,7w01,A,Q99758,human,True
PF12698,7w02,A,Q99758,human,True
PF12698,8edw,A,Q8IZY2,human,True
PF12698,8ee6,A,Q8IZY2,human,True
PF12698,8eeb,A,Q8IZY2,human,True
PF12698,8eop,A,Q8IZY2,human,True
PF12714,8r0t,A,E9Q0B5,mouse,True
PF12714,8r0t,B,E9Q0B5,mouse,True
PF12714,8r0t,C,E9Q0B5,mouse,True
PF12714,8r0t,F,E9Q0B5,mouse,True
PF12714,8rde,A,E9Q0B5,mouse,True
PF12714,8rde,D,E9Q0B5,mouse,True
PF12799,2ell,A,Q92688,human,True
PF12799,2rr6,A,Q92688,human,True
PF12799,2z62,A,O00206,human,True
PF12799,2z63,A,O00206,human,True
PF12799,2z65,A,O00206,human,True
PF12799,2z65,B,O00206,human,True
PF12799,3fxi,A,O00206,human,True
PF12799,3fxi,B,O00206,human,True
PF12799,3ul7,A,O00206,human,True
PF12799,3ul8,A,O00206,human,True
PF12799,3ul9,A,O00206,human,True
PF12799,3ula,A,O00206,human,True
PF12799,3ula,C,O00206,human,True
PF12799,4bsr,A,O75473,human,True
PF12799,4bsr,B,O75473,human,True
PF12799,4bss,A,O75473,human,True
PF12799,4bss,B,O75473,human,True
PF12799,4bss,E,O75473,human,True
PF12799,4bss,F,O75473,human,True
PF12799,4bst,A,O75473,human,True
PF12799,4bst,B,O75473,human,True
PF12799,4bsu,A,O75473,human,True
PF12799,4bsu,B,O75473,human,True
PF12799,4bsu,E,O75473,human,True
PF12799,4bsu,F,O75473,human,True
PF12799,4g8a,A,O00206,human,True
PF12799,4g8a,B,O00206,human,True
PF12799,4kng,A,O75473,human,True
PF12799,4kng,B,O75473,human,True
PF12799,4u7l,A,Q96JA1,human,True
PF12799,4ufr,A,O75473,human,True
PF12799,4ufr,C,O75473,human,True
PF12799,4ufs,A,O75473,human,True
PF12799,6hkw,A,Q15435,human,True
PF12799,6hkw,B,Q15435,human,True
PF12799,6hkw,C,Q15435,human,True
PF12799,6hkw,D,Q15435,human,True
PF12799,6hkw,E,Q15435,human,True
PF12924,1owt,A,P05067,human,True
PF12924,2fkl,A,P05067,human,True
PF12924,2fkl,B,P05067,human,True
PF12924,3ktm,A,P05067,human,True
PF12924,3ktm,B,P05067,human,True
PF12924,3ktm,C,P05067,human,True
PF12924,3ktm,D,P05067,human,True
PF12924,3ktm,E,P05067,human,True
PF12924,3ktm,F,P05067,human,True
PF12924,3ktm,G,P05067,human,True
PF12924,3ktm,H,P05067,human,True
PF12924,4pwq,A,P05067,human,True
PF12924,4pwq,B,P05067,human,True
PF12924,8kew,A,P05067,human,True
PF12924,8kew,B,P05067,human,True
PF12924,8kew,C,P05067,human,True
PF12924,8kew,D,P05067,human,True
PF12924,8kew,F,P05067,human,True
PF12924,8kew,G,P05067,human,True
PF12924,8kf1,A,P05067,human,True
PF12924,8kf1,B,P05067,human,True
PF12924,8kf1,C,P05067,human,True
PF12924,8kf1,D,P05067,human,True
PF12924,8kf1,E,P05067,human,True
PF12924,8kf1,F,P05067,human,True
PF12924,8kf1,G,P05067,human,True
PF12924,8kf1,H,P05067,human,True
PF12924,8kf1,I,P05067,human,True
PF12924,8kf1,J,P05067,human,True
PF12924,8kf1,K,P05067,human,True
PF12924,8kf1,L,P05067,human,True
PF12924,8kf3,A,P05067,human,True
PF12924,8kf3,B,P05067,human,True
PF12924,8kf3,C,P05067,human,True
PF12924,8kf3,D,P05067,human,True
PF12924,8kf3,E,P05067,human,True
PF12924,8kf3,F,P05067,human,True
PF12924,8kf3,G,P05067,human,True
PF12924,8kf3,H,P05067,human,True
PF12924,8kf3,I,P05067,human,True
PF12924,8kf4,A,P05067,human,True
PF12924,8kf4,B,P05067,human,True
PF12924,8kf4,C,P05067,human,True
PF12924,8kf4,D,P05067,human,True
PF12924,8kf4,E,P05067,human,True
PF12924,8kf4,F,P05067,human,True
PF12924,8kf5,A,P05067,human,True
PF12924,8kf5,B,P05067,human,True
PF12924,8kf5,C,P05067,human,True
PF12924,8kf5,D,P05067,human,True
PF12924,8kf5,E,P05067,human,True
PF12924,8kf5,F,P05067,human,True
PF12924,8kf6,A,P05067,human,True
PF12924,8kf6,B,P05067,human,True
PF12924,8kf6,C,P05067,human,True
PF12924,8kf6,D,P05067,human,True
PF12924,8kf6,E,P05067,human,True
PF12924,8kf6,F,P05067,human,True
PF12924,8kf6,G,P05067,human,True
PF12924,8kf6,H,P05067,human,True
PF12924,8kf6,I,P05067,human,True
PF12924,8otf,A,P05067,human,True
PF12924,8otf,B,P05067,human,True
PF12924,8otf,C,P05067,human,True
PF12924,8otf,D,P05067,human,True
PF12924,8otf,E,P05067,human,True
PF12924,8otf,F,P05067,human,True
PF12924,9w0z,Y,P05067,human,True
PF12924,9w0z,Z,P05067,human,True
PF12924,9w0z,a,P05067,human,True
PF12924,9w0z,b,P05067,human,True
PF12924,9w0z,c,P05067,human,True
PF12924,9w0z,d,P05067,human,True
PF12924,2fjz,A,P05067,human,False
PF12924,2fk1,A,P05067,human,False
PF12924,2fk2,A,P05067,human,False
PF12924,2fk3,A,P05067,human,False
PF12924,2fk3,B,P05067,human,False
PF12924,2fk3,C,P05067,human,False
PF12924,2fk3,D,P05067,human,False
PF12924,2fk3,E,P05067,human,False
PF12924,2fk3,F,P05067,human,False
PF12924,2fk3,G,P05067,human,False
PF12924,2fk3,H,P05067,human,False
PF12924,2fma,A,P05067,human,False
PF12924,4jfn,A,P05067,human,False
PF12924,7mrn,C,P12023,mouse,True
PF12924,7mrn,D,P12023,mouse,True
PF12925,3nyj,A,P05067,human,True
PF12925,3nyl,A,P05067,human,True
PF12925,3pmr,A,P51693,human,True
PF12925,3pmr,B,P51693,human,True
PF12925,3q7g,A,P51693,human,True
PF12925,3q7g,B,P51693,human,True
PF12925,3q7l,A,P51693,human,True
PF12925,3q7l,B,P51693,human,True
PF12925,3qmk,A,P51693,human,True
PF12925,3qmk,B,P51693,human,True
PF12925,8kew,A,P05067,human,True
PF12925,8kew,B,P05067,human,True
PF12925,8kew,C,P05067,human,True
PF12925,8kew,D,P05067,human,True
PF12925,8kew,F,P05067,human,True
PF12925,8kew,G,P05067,human,True
PF12925,8kf1,A,P05067,human,True
PF12925,8kf1,B,P05067,human,True
PF12925,8kf1,C,P05067,human,True
PF12925,8kf1,D,P05067,human,True
PF12925,8kf1,E,P05067,human,True
PF12925,8kf1,F,P05067,human,True
PF12925,8kf1,G,P05067,human,True
PF12925,8kf1,H,P05067,human,True
PF12925,8kf1,I,P05067,human,True
PF12925,8kf1,J,P05067,human,True
PF12925,8kf1,K,P05067,human,True
PF12925,8kf1,L,P05067,human,True
PF12925,8kf3,A,P05067,human,True
PF12925,8kf3,B,P05067,human,True
PF12925,8kf3,C,P05067,human,True
PF12925,8kf3,D,P05067,human,True
PF12925,8kf3,E,P05067,human,True
PF12925,8kf3,F,P05067,human,True
PF12925,8kf3,G,P05067,human,True
PF12925,8kf3,H,P05067,human,True
PF12925,8kf3,I,P05067,human,True
PF12925,8kf4,A,P05067,human,True
PF12925,8kf4,B,P05067,human,True
PF12925,8kf4,C,P05067,human,True
PF12925,8kf4,D,P05067,human,True
PF12925,8kf4,E,P05067,human,True
PF12925,8kf4,F,P05067,human,True
PF12925,8kf5,A,P05067,human,True
PF12925,8kf5,B,P05067,human,True
PF12925,8kf5,C,P05067,human,True
PF12925,8kf5,D,P05067,human,True
PF12925,8kf5,E,P05067,human,True
PF12925,8kf5,F,P05067,human,True
PF12925,8kf6,A,P05067,human,True
PF12925,8kf6,B,P05067,human,True
PF12925,8kf6,C,P05067,human,True
PF12925,8kf6,D,P05067,human,True
PF12925,8kf6,E,P05067,human,True
PF12925,8kf6,F,P05067,human,True
PF12925,8kf6,G,P05067,human,True
PF12925,8kf6,H,P05067,human,True
PF12925,8kf6,I,P05067,human,True
PF12925,8otf,A,P05067,human,True
PF12925,8otf,B,P05067,human,True
PF12925,8otf,C,P05067,human,True
PF12925,8otf,D,P05067,human,True
PF12925,8otf,E,P05067,human,True
PF12925,8otf,F,P05067,human,True
PF12925,9w0z,Y,P05067,human,True
PF12925,9w0z,Z,P05067,human,True
PF12925,9w0z,a,P05067,human,True
PF12925,9w0z,b,P05067,human,True
PF12925,9w0z,c,P05067,human,True
PF12925,9w0z,d,P05067,human,True
PF12925,1tkn,A,P05067,human,False
PF12925,3umh,A,P05067,human,False
PF12925,3umi,A,P05067,human,False
PF12925,3umk,A,P05067,human,False
PF12925,4rd9,A,P51693,human,False
PF12925,4rd9,B,P51693,human,False
PF12925,4rda,A,P51693,human,False
PF12925,4rda,B,P51693,human,False
PF12947,10ft,B,Q99435,human,True
PF12947,1yo8,A,P35442,human,True
PF12947,2rhp,A,P35442,human,True
PF12947,6pog,B,Q99435,human,True
PF12947,6pol,B,Q92832,human,True
PF12947,6pol,D,Q92832,human,True
PF12947,6pol,F,Q92832,human,True
PF12947,6tqk,A,P07911,human,True
PF12947,6tqk,B,P07911,human,True
PF12947,6tqk,C,P07911,human,True
PF12947,6zs5,A,P07911,human,True
PF12947,6zs5,D,P07911,human,True
PF12947,6zya,A,P07911,human,True
PF12947,7pfp,A,P07911,human,True
PF12947,7pfp,B,P07911,human,True
PF12947,7pfp,C,P07911,human,True
PF12947,7q3n,U,P07911,human,True
PF12947,9nu1,A,P07911,human,True
PF12947,9nu1,B,P07911,human,True
PF12947,9nu1,C,P07911,human,True
PF12947,9nu1,S,P07911,human,True
PF12947,9nu2,A,P07911,human,True
PF12947,9nu2,B,P07911,human,True
PF12947,9nu2,C,P07911,human,True
PF12947,9nu2,D,P07911,human,True
PF12947,9nu2,E,P07911,human,True
PF12947,9nu2,F,P07911,human,True
PF12947,9nu2,G,P07911,human,True
PF12947,9nu2,H,P07911,human,True
PF12947,9nu2,I,P07911,human,True
PF12947,9nu2,J,P07911,human,True
PF12947,9nu2,K,P07911,human,True
PF12947,9nu2,L,P07911,human,True
PF12947,9nu2,M,P07911,human,True
PF12947,9nu2,N,P07911,human,True
PF12947,9nu2,O,P07911,human,True
PF12947,9nu2,P,P07911,human,True
PF12947,9nu2,Q,P07911,human,True
PF12947,9nu2,R,P07911,human,True
PF12947,9nu3,A,P07911,human,True
PF12947,9nu3,B,P07911,human,True
PF12947,9nu3,C,P07911,human,True
PF12947,9nu3,D,P07911,human,True
PF12947,9nu3,E,P07911,human,True
PF12947,9nu3,F,P07911,human,True
PF12947,9nu3,G,P07911,human,True
PF12947,9nu3,H,P07911,human,True
PF12947,9nu3,I,P07911,human,True
PF12947,9nu3,J,P07911,human,True
PF12947,9nu3,K,P07911,human,True
PF12947,9nu3,L,P07911,human,True
PF12947,9nu3,M,P07911,human,True
PF12947,9nu3,N,P07911,human,True
PF12947,9nu3,O,P07911,human,True
PF12947,9nu3,P,P07911,human,True
PF12947,9nu3,Q,P07911,human,True
PF12947,9nu3,R,P07911,human,True
PF12947,9pwq,B,Q99435,human,True
PF13088,1snt,A,Q9Y3R4,human,True
PF13088,1so7,A,Q9Y3R4,human,True
PF13088,1vcu,A,Q9Y3R4,human,True
PF13088,1vcu,B,Q9Y3R4,human,True
PF13088,2f0z,A,Q9Y3R4,human,True
PF13088,2f10,A,Q9Y3R4,human,True
PF13088,2f11,A,Q9Y3R4,human,True
PF13088,2f12,A,Q9Y3R4,human,True
PF13088,2f13,A,Q9Y3R4,human,True
PF13088,2f24,A,Q9Y3R4,human,True
PF13088,2f25,A,Q9Y3R4,human,True
PF13088,2f25,B,Q9Y3R4,human,True
PF13088,2f26,A,Q9Y3R4,human,True
PF13088,2f27,A,Q9Y3R4,human,True
PF13088,2f27,B,Q9Y3R4,human,True
PF13088,2f28,A,Q9Y3R4,human,True
PF13088,2f29,A,Q9Y3R4,human,True
PF13088,2f29,B,Q9Y3R4,human,True
PF13088,4nc5,A,Q9Y3R4,human,True
PF13088,4ncs,A,Q9Y3R4,human,True
PF13088,9nqx,A,Q9Y3R4,human,True
PF13088,9nqx,B,Q9Y3R4,human,True
PF13088,9nqx,C,Q9Y3R4,human,True
PF13176,3sf4,A,P81274,human,True
PF13176,3sf4,B,P81274,human,True
PF13176,3sf4,C,P81274,human,True
PF13176,4wnd,A,P81274,human,True
PF13176,4wne,A,P81274,human,True
PF13176,4wnf,A,P81274,human,True
PF13176,4wng,A,P81274,human,True
PF13176,5a6c,A,P81274,human,True
PF13176,5a6c,B,P81274,human,True
PF13176,6hc2,A,P81274,human,True
PF13176,6hc2,C,P81274,human,True
PF13176,6hc2,E,P81274,human,True
PF13176,6hc2,G,P81274,human,True
PF13176,6hc2,I,P81274,human,True
PF13176,6hc2,K,P81274,human,True
PF13176,6hc2,M,P81274,human,True
PF13176,6hc2,O,P81274,human,True
PF13176,6hc2,Q,P81274,human,True
PF13176,6hc2,S,P81274,human,True
PF13176,6hc2,U,P81274,human,True
PF13176,6hc2,W,P81274,human,True
PF13176,8bbe,D,Q7Z4L5,human,True
PF13176,8bbg,D,Q7Z4L5,human,True
PF13176,8fgw,D,Q7Z4L5,human,True
PF13176,3ro2,A,Q8VDU0,mouse,True
PF13176,3ro3,A,Q8VDU0,mouse,True
PF13176,4g2v,A,Q8VDU0,mouse,True
PF13176,4jhr,A,Q8VDU0,mouse,True
PF13176,4jhr,B,Q8VDU0,mouse,True
PF13176,7ep7,A,Q8VDU0,mouse,True
PF13181,1e96,B,P19878,human,True
PF13181,1elr,A,P31948,human,True
PF13181,1fch,A,P50542,human,True
PF13181,1fch,B,P50542,human,True
PF13181,1hh8,A,P19878,human,True
PF13181,1w3b,A,O15294,human,True
PF13181,1w3b,B,O15294,human,True
PF13181,1wm5,A,P19878,human,True
PF13181,2c0l,A,P50542,human,True
PF13181,2c0m,A,P50542,human,True
PF13181,2c0m,B,P50542,human,True
PF13181,2c0m,C,P50542,human,True
PF13181,2c0m,F,P50542,human,True
PF13181,2dba,A,Q9H3U1,human,True
PF13181,2j9q,A,P50542,human,True
PF13181,2j9q,B,P50542,human,True
PF13181,2nc9,A,P31948,human,True
PF13181,2vyi,A,O43765,human,True
PF13181,2vyi,B,O43765,human,True
PF13181,2y4t,A,Q13217,human,True
PF13181,2y4t,B,Q13217,human,True
PF13181,2y4t,C,Q13217,human,True
PF13181,2y4u,A,Q13217,human,True
PF13181,3esk,A,P31948,human,True
PF13181,3fwv,A,P31948,human,True
PF13181,3fwv,B,P31948,human,True
PF13181,3r9a,B,P50542,human,True
PF13181,3r9a,D,P50542,human,True
PF13181,3sf4,A,P81274,human,True
PF13181,3sf4,B,P81274,human,True
PF13181,3sf4,C,P81274,human,True
PF13181,3zgq,A,Q13325,human,True
PF13181,4g1t,A,P09913,human,True
PF13181,4g1t,B,P09913,human,True
PF13246,24rc,A,P05023,human,True
PF13246,5ztf,A,P16615,human,True
PF13246,6a69,A,P20020,human,True
PF13246,6jju,A,P16615,human,True
PF13246,6k7g,A,Q9Y2Q0,human,True
PF13246,6k7h,A,Q9Y2Q0,human,True
PF13246,6k7i,A,Q9Y2Q0,human,True
PF13246,6k7j,A,Q9Y2Q0,human,True
PF13246,6k7k,A,Q9Y2Q0,human,True
PF13246,6k7l,A,Q9Y2Q0,human,True
PF13246,6k7m,A,Q9Y2Q0,human,True
PF13246,6k7n,A,Q9Y2Q0,human,True
PF13246,6lkn,A,Q8NB49,human,True
PF13246,6lkn,E,Q8NB49,human,True
PF13246,6lkn,I,Q8NB49,human,True
PF13246,6lkn,M,Q8NB49,human,True
PF13246,6lle,A,P16615,human,True
PF13246,6lly,A,P16615,human,True
PF13246,6ln5,A,P16615,human,True
PF13246,6ln6,A,P16615,human,True
PF13246,6ln7,A,P16615,human,True
PF13246,6ln8,A,P16615,human,True
PF13246,6ln9,A,P16615,human,True
PF13306,1xwd,C,P23945,human,True
PF13306,1xwd,F,P23945,human,True
PF13306,2xwt,C,P16473,human,True
PF13306,3g04,C,P16473,human,True
PF13306,4ay9,X,P23945,human,True
PF13306,4ay9,Y,P23945,human,True
PF13306,4ay9,Z,P23945,human,True
PF13306,4mqw,X,P23945,human,True
PF13306,4mqw,Y,P23945,human,True
PF13306,4mqw,Z,P23945,human,True
PF13306,7fig,R,P22888,human,True
PF13306,7fih,R,P22888,human,True
PF13306,7fii,R,P22888,human,True
PF13306,7fij,R,P22888,human,True
PF13306,7t9i,R,P16473,human,True
PF13306,7t9m,R,P16473,human,True
PF13306,7t9n,R,P16473,human,True
PF13306,7utz,R,P16473,human,True
PF13306,7xw5,R,P16473,human,True
PF13306,7xw6,R,P16473,human,True
PF13306,7xw7,R,P16473,human,True
PF13306,8i2g,R,P23945,human,True
PF13306,8i2h,A,P23945,human,True
PF13365,1lcy,A,O43464,human,True
PF13365,3num,A,Q92743,human,True
PF13365,3nwu,A,Q92743,human,True
PF13365,3nwu,B,Q92743,human,True
PF13365,3nwu,C,Q92743,human,True
PF13365,3nzi,A,Q92743,human,True
PF13365,3tjn,A,Q92743,human,True
PF13365,3tjn,B,Q92743,human,True
PF13365,3tjn,D,Q92743,human,True
PF13365,3tjo,A,Q92743,human,True
PF13365,3tjo,B,Q92743,human,True
PF13365,3tjo,D,Q92743,human,True
PF13365,4ri0,A,P83110,human,True
PF13365,4ri0,B,P83110,human,True
PF13365,4ri0,C,P83110,human,True
PF13365,5fht,A,O43464,human,True
PF13365,5m3n,A,O43464,human,True
PF13365,5m3o,A,O43464,human,True
PF13365,5tny,A,O43464,human,True
PF13365,5tnz,A,O43464,human,True
PF13365,5to0,A,O43464,human,True
PF13365,5to1,A,O43464,human,True
PF13365,5wyn,A,O43464,human,True
PF13365,6z0e,A,Q92743,human,True
PF13365,6z0e,B,Q92743,human,True
PF13365,6z0x,A,Q92743,human,True
PF13365,6z0x,B,Q92743,human,True
PF13365,6z0x,C,Q92743,human,True
PF13365,6z0y,A,Q92743,human,True
PF13365,6z0y,B,Q92743,human,True
PF13365,6z0y,C,Q92743,human,True
PF13365,7sjn,A,Q92743,human,True
PF13365,7sjn,B,Q92743,human,True
PF13365,7sjn,C,Q92743,human,True
PF13365,7sjo,A,Q92743,human,True
PF13365,7sjo,B,Q92743,human,True
PF13365,7sjo,C,Q92743,human,True
PF13374,3sf4,A,P81274,human,True
PF13374,3sf4,B,P81274,human,True
PF13374,3sf4,C,P81274,human,True
PF13374,3zgq,A,Q13325,human,True
PF13374,4hoq,A,Q13325,human,True
PF13374,4hor,A,Q13325,human,True
PF13374,4hos,A,Q13325,human,True
PF13374,4hot,A,Q13325,human,True
PF13374,4j0u,A,Q13325,human,True
PF13374,4wnd,A,P81274,human,True
PF13374,4wne,A,P81274,human,True
PF13374,4wnf,A,P81274,human,True
PF13374,4wng,A,P81274,human,True
PF13374,5a6c,A,P81274,human,True
PF13374,5a6c,B,P81274,human,True
PF13374,6gmh,Q,Q6PD62,human,True
PF13374,6hc2,A,P81274,human,True
PF13374,6hc2,C,P81274,human,True
PF13374,6hc2,E,P81274,human,True
PF13374,6hc2,G,P81274,human,True
PF13374,6hc2,I,P81274,human,True
PF13374,6hc2,K,P81274,human,True
PF13374,6hc2,M,P81274,human,True
PF13374,6hc2,O,P81274,human,True
PF13374,6hc2,Q,P81274,human,True
PF13374,6hc2,S,P81274,human,True
PF13374,6hc2,U,P81274,human,True
PF13374,6hc2,W,P81274,human,True
PF13374,6ted,Q,Q6PD62,human,True
PF13374,7ai4,A,Q07866,human,True
PF13374,7ai4,B,Q07866,human,True
PF13374,7oop,S,Q6PD62,human,True
PF13374,7opc,S,Q6PD62,human,True
PF13374,7opd,S,Q6PD62,human,True
PF13374,7unc,Q,Q6PD62,human,True
PF13385,7ufg,A,Q13219,human,True
PF13385,7ufg,B,Q13219,human,True
PF13385,7y5n,C,Q13219,human,True
PF13385,7y5n,D,Q13219,human,True
PF13385,7y5q,A,Q13219,human,True
PF13385,7y5q,B,Q13219,human,True
PF13385,8a7d,C,Q13219,human,True
PF13385,8a7d,Q,Q13219,human,True
PF13385,8a7e,C,Q13219,human,True
PF13385,8a7e,Q,Q13219,human,True
PF13385,8d8o,A,Q13219,human,True
PF13385,8d8o,B,Q13219,human,True
PF13385,8hgg,C,Q13219,human,True
PF13385,8hgg,D,Q13219,human,True
PF13385,8hgh,A,Q13219,human,True
PF13385,8hgh,B,Q13219,human,True
PF13385,8sl1,A,Q9BXP8,human,True
PF13414,1w3b,A,O15294,human,True
PF13414,1w3b,B,O15294,human,True
PF13414,3pe3,A,O15294,human,True
PF13414,3pe3,B,O15294,human,True
PF13414,3pe3,C,O15294,human,True
PF13414,3pe3,D,O15294,human,True
PF13414,3pe4,A,O15294,human,True
PF13414,3pe4,C,O15294,human,True
PF13414,3tax,A,O15294,human,True
PF13414,3tax,C,O15294,human,True
PF13414,4ay5,A,O15294,human,True
PF13414,4ay5,B,O15294,human,True
PF13414,4ay5,C,O15294,human,True
PF13414,4ay5,D,O15294,human,True
PF13414,4ay6,A,O15294,human,True
PF13414,4ay6,B,O15294,human,True
PF13414,4ay6,C,O15294,human,True
PF13414,4ay6,D,O15294,human,True
PF13414,4cdr,A,O15294,human,True
PF13414,4cdr,B,O15294,human,True
PF13414,4cdr,C,O15294,human,True
PF13414,4cdr,D,O15294,human,True
PF13414,4gyw,A,O15294,human,True
PF13414,4gyw,C,O15294,human,True
PF13414,4gyy,A,O15294,human,True
PF13414,4gyy,C,O15294,human,True
PF13414,4gz3,A,O15294,human,True
PF13414,4gz3,C,O15294,human,True
PF13414,4gz5,A,O15294,human,True
PF13414,4gz5,B,O15294,human,True
PF13414,4gz5,C,O15294,human,True
PF13414,4gz5,D,O15294,human,True
PF13414,4gz6,A,O15294,human,True
PF13414,4gz6,B,O15294,human,True
PF13414,4gz6,C,O15294,human,True
PF13414,4gz6,D,O15294,human,True
PF13414,4n39,A,O15294,human,True
PF13414,4n3a,A,O15294,human,True
PF13414,4n3b,A,O15294,human,True
PF13414,4n3c,A,O15294,human,True
PF13414,4xi9,A,O15294,human,True
PF13414,4xi9,B,O15294,human,True
PF13414,4xi9,C,O15294,human,True
PF13414,4xi9,D,O15294,human,True
PF13414,4xif,A,O15294,human,True
PF13414,4xif,B,O15294,human,True
PF13414,4xif,C,O15294,human,True
PF13414,4xif,D,O15294,human,True
PF13414,5bnw,A,O15294,human,True
PF13414,5c1d,A,O15294,human,True
PF13415,9o04,C,Q6P3S6,human,True
PF13415,9o04,G,Q6P3S6,human,True
PF13432,1fch,A,P50542,human,True
PF13432,1fch,B,P50542,human,True
PF13432,2c0l,A,P50542,human,True
PF13432,2c0m,A,P50542,human,True
PF13432,2c0m,B,P50542,human,True
PF13432,2c0m,C,P50542,human,True
PF13432,2c0m,F,P50542,human,True
PF13432,2dba,A,Q9H3U1,human,True
PF13432,2j9q,A,P50542,human,True
PF13432,2j9q,B,P50542,human,True
PF13432,2y4t,A,Q13217,human,True
PF13432,2y4t,B,Q13217,human,True
PF13432,2y4t,C,Q13217,human,True
PF13432,2y4u,A,Q13217,human,True
PF13432,3jcr,G,O94906,human,True
PF13432,3r9a,B,P50542,human,True
PF13432,3r9a,D,P50542,human,True
PF13432,4cgw,A,Q9H6T3,human,True
PF13432,4cgw,B,Q9H6T3,human,True
PF13432,4kxk,B,P50542,human,True
PF13432,4kxk,D,P50542,human,True
PF13432,4kyo,B,P50542,human,True
PF13432,4kyo,D,P50542,human,True
PF13432,4ui9,X,Q9UJX3,human,True
PF13432,4ui9,Y,Q9UJX3,human,True
PF13432,5a31,X,Q9UJX3,human,True
PF13432,5a31,Y,Q9UJX3,human,True
PF13432,5g04,X,Q9UJX3,human,True
PF13432,5g04,Y,Q9UJX3,human,True
PF13432,5g05,X,Q9UJX3,human,True
PF13432,5g05,Y,Q9UJX3,human,True
PF13432,5jqy,A,Q12797,human,True
PF13432,5jtc,A,Q12797,human,True
PF13432,5jz6,A,Q12797,human,True
PF13432,5jz8,A,Q12797,human,True
PF13445,2ct2,A,Q13049,human,True
PF13445,2ecv,A,Q9C035,human,True
PF13445,4cfg,A,Q14258,human,True
PF13445,4cfg,B,Q14258,human,True
PF13445,5eya,F,Q14258,human,True
PF13445,5eya,G,Q14258,human,True
PF13445,5fer,A,Q14258,human,True
PF13445,5fer,D,Q14258,human,True
PF13445,5fey,A,Q13049,human,True
PF13445,5fey,B,Q13049,human,True
PF13445,5jw7,B,Q9BRZ2,human,True
PF13445,5vzv,A,P36406,human,True
PF13445,5vzv,B,P36406,human,True
PF13445,5vzv,C,P36406,human,True
PF13445,5vzw,F,P36406,human,True
PF13445,5vzw,G,P36406,human,True
PF13445,7yui,B,Q9BYM8,human,True
PF13445,7zj3,A,Q9C040,human,True
PF13445,7zj3,D,Q9C040,human,True
PF13445,7zj3,G,Q9C040,human,True
PF13445,7zj3,J,Q9C040,human,True
PF13445,8a38,A,Q9C040,human,True
PF13445,8a38,B,Q9C040,human,True
PF13445,8a38,C,Q9C040,human,True
PF13445,8ams,C,Q9C040,human,True
PF13445,8ams,D,Q9C040,human,True
PF13445,8eaz,A,Q9BYM8,human,True
PF13445,8eaz,B,Q9BYM8,human,True
PF13445,8pjn,b,Q9H871,human,True
PF13472,1vyh,A,P68402,human,True
PF13472,1vyh,B,P68402,human,True
PF13472,1vyh,E,P68402,human,True
PF13472,1vyh,F,P68402,human,True
PF13472,1vyh,I,P68402,human,True
PF13472,1vyh,J,P68402,human,True
PF13472,1vyh,M,P68402,human,True
PF13472,1vyh,N,P68402,human,True
PF13472,1vyh,Q,P68402,human,True
PF13472,1vyh,R,P68402,human,True
PF13516,1a4y,A,P13489,human,True
PF13516,1a4y,D,P13489,human,True
PF13516,1z7x,W,P13489,human,True
PF13516,1z7x,Y,P13489,human,True
PF13516,2bex,A,P13489,human,True
PF13516,2bex,B,P13489,human,True
PF13516,2q4g,W,P13489,human,True
PF13516,2q4g,Y,P13489,human,True
PF13516,3un9,A,Q86UT6,human,True
PF13516,3un9,B,Q86UT6,human,True
PF13516,3un9,C,Q86UT6,human,True
PF13516,4glp,A,P08571,human,True
PF13516,4im6,A,Q9C000,human,True
PF13516,5y3s,A,Q9C000,human,True
PF13516,5y3s,B,Q9C000,human,True
PF13516,5y3s,C,Q9C000,human,True
PF13516,5y3s,D,Q9C000,human,True
PF13516,6npy,A,Q96P20,human,True
PF13516,6vcd,B,Q9UKA1,human,True
PF13516,6w66,B,Q9UF56,human,True
PF13516,6wcq,B,Q9UF56,human,True
PF13516,6x6a,B,Q9C000,human,True
PF13516,6x6a,E,Q9C000,human,True
PF13516,6x6c,E,Q9C000,human,True
PF13516,6x6c,F,Q9C000,human,True
PF13516,7pzc,A,Q96P20,human,True
PF13516,7pzc,B,Q96P20,human,True
PF13516,7pzc,C,Q96P20,human,True
PF13516,7pzc,D,Q96P20,human,True
PF13516,7pzc,E,Q96P20,human,True
PF13516,7pzc,F,Q96P20,human,True
PF13516,7pzc,G,Q96P20,human,True
PF13516,7pzc,H,Q96P20,human,True
PF13516,7pzc,I,Q96P20,human,True
PF13516,7pzc,J,Q96P20,human,True
PF13516,7vtp,A,Q96P20,human,True
PF13516,7vtp,B,Q96P20,human,True
PF13516,7vtp,C,Q96P20,human,True
PF13516,7vtp,D,Q96P20,human,True
PF13516,7vtp,E,Q96P20,human,True
PF13516,7vtp,F,Q96P20,human,True
PF13516,7wge,A,Q9C000,human,True
PF13516,7zgu,A,Q96P20,human,True
PF13516,7zgu,B,Q96P20,human,True
PF13516,7zgu,C,Q96P20,human,True
PF13516,7zgu,D,Q96P20,human,True
PF13516,7zgu,E,Q96P20,human,True
PF13516,7zgu,F,Q96P20,human,True
PF13516,8ej4,A,Q96P20,human,True
PF13516,8ej4,B,Q96P20,human,True
PF13516,8ej4,C,Q96P20,human,True
PF13516,8ej4,D,Q96P20,human,True
PF13516,8ej4,E,Q96P20,human,True
PF13516,8ej4,F,Q96P20,human,True
PF13516,8ej4,G,Q96P20,human,True
PF13516,8ej4,H,Q96P20,human,True
PF13516,8ej4,I,Q96P20,human,True
PF13516,8ej4,J,Q96P20,human,True
PF13516,8j07,5,Q5JU00,human,True
PF13516,8j07,w,Q8IZ02,human,True
PF13517,9etn,A,Q8R555,mouse,True
PF13519,12bm,b,P55036,human,True
PF13519,5gjq,W,P55036,human,True
PF13519,5gjr,AA,P55036,human,True
PF13519,5gjr,W,P55036,human,True
PF13519,5l4k,W,P55036,human,True
PF13519,5ln3,W,P55036,human,True
PF13519,5m32,p,P55036,human,True
PF13519,5t0c,Ab,P55036,human,True
PF13519,5t0c,Bb,P55036,human,True
PF13519,5t0g,b,P55036,human,True
PF13519,5t0h,b,P55036,human,True
PF13519,5t0i,b,P55036,human,True
PF13519,5t0j,b,P55036,human,True
PF13519,5vfp,b,P55036,human,True
PF13519,5vfq,b,P55036,human,True
PF13519,5vfr,b,P55036,human,True
PF13519,5vfs,b,P55036,human,True
PF13519,5vft,b,P55036,human,True
PF13519,5vfu,b,P55036,human,True
PF13519,5vgz,b,P55036,human,True
PF13519,5vhf,b,P55036,human,True
PF13519,5vhh,b,P55036,human,True
PF13553,6x6c,E,Q9C000,human,True
PF13553,6x6c,F,Q9C000,human,True
PF13553,7jkq,B,Q9Y2G2,human,True
PF13553,7jkq,C,Q9Y2G2,human,True
PF13553,7jn7,B,Q9Y2G2,human,True
PF13553,7jn7,C,Q9Y2G2,human,True
PF13553,6x6a,B,Q9C000,human,False
PF13553,6x6a,E,Q9C000,human,False
PF13561,1pr9,A,Q7Z4W1,human,True
PF13561,1pr9,B,Q7Z4W1,human,True
PF13561,1w6u,A,Q16698,human,True
PF13561,1w6u,B,Q16698,human,True
PF13561,1w6u,C,Q16698,human,True
PF13561,1w6u,D,Q16698,human,True
PF13561,1w73,A,Q16698,human,True
PF13561,1w73,B,Q16698,human,True
PF13561,1w73,C,Q16698,human,True
PF13561,1w73,D,Q16698,human,True
PF13561,1w8d,A,Q16698,human,True
PF13561,1w8d,B,Q16698,human,True
PF13561,1w8d,C,Q16698,human,True
PF13561,1w8d,D,Q16698,human,True
PF13561,1wnt,A,Q7Z4W1,human,True
PF13561,1wnt,B,Q7Z4W1,human,True
PF13561,1wnt,C,Q7Z4W1,human,True
PF13561,1wnt,D,Q7Z4W1,human,True
PF13561,1yde,A,Q9BPX1,human,True
PF13561,1yde,B,Q9BPX1,human,True
PF13561,1yde,C,Q9BPX1,human,True
PF13561,1yde,D,Q9BPX1,human,True
PF13561,1yde,E,Q9BPX1,human,True
PF13561,1yde,F,Q9BPX1,human,True
PF13561,1yde,G,Q9BPX1,human,True
PF13561,1yde,H,Q9BPX1,human,True
PF13561,1yde,I,Q9BPX1,human,True
PF13561,1yde,J,Q9BPX1,human,True
PF13561,1yde,K,Q9BPX1,human,True
PF13561,1yde,L,Q9BPX1,human,True
PF13561,1yde,M,Q9BPX1,human,True
PF13561,1yde,N,Q9BPX1,human,True
PF13561,1yde,O,Q9BPX1,human,True
PF13561,1yde,P,Q9BPX1,human,True
PF13561,1yxm,A,Q9BY49,human,True
PF13561,1yxm,B,Q9BY49,human,True
PF13561,1yxm,C,Q9BY49,human,True
PF13561,1yxm,D,Q9BY49,human,True
PF13561,2ag5,A,Q9BUT1,human,True
PF13561,2ag5,B,Q9BUT1,human,True
PF13561,2ag5,C,Q9BUT1,human,True
PF13561,2ag5,D,Q9BUT1,human,True
PF13561,2pd6,A,Q92506,human,True
PF13561,2pd6,B,Q92506,human,True
PF13561,2pd6,C,Q92506,human,True
PF13561,2pd6,D,Q92506,human,True
PF13561,3d3w,A,Q7Z4W1,human,True
PF13561,3d3w,B,Q7Z4W1,human,True
PF13561,3o4r,A,Q9BTZ2,human,True
PF13561,3o4r,B,Q9BTZ2,human,True
PF13561,3o4r,C,Q9BTZ2,human,True
PF13561,3o4r,D,Q9BTZ2,human,True
PF13561,4cql,A,Q92506,human,True
PF13561,4cql,B,Q8N4T8,human,True
PF13561,4cql,C,Q8N4T8,human,True
PF13561,4cql,D,Q92506,human,True
PF13561,4cql,E,Q92506,human,True
PF13561,4cql,F,Q8N4T8,human,True
PF13561,4cql,G,Q8N4T8,human,True
PF13561,4cql,H,Q92506,human,True
PF13561,4cql,I,Q92506,human,True
PF13561,4cql,J,Q8N4T8,human,True
PF13561,4cql,K,Q8N4T8,human,True
PF13561,4cql,L,Q92506,human,True
PF13561,4cql,M,Q92506,human,True
PF13561,4cql,N,Q8N4T8,human,True
PF13561,4cql,O,Q8N4T8,human,True
PF13561,4cql,P,Q92506,human,True
PF13561,4cqm,A,Q92506,human,True
PF13561,4cqm,B,Q8N4T8,human,True
PF13561,4cqm,C,Q8N4T8,human,True
PF13561,4cqm,D,Q92506,human,True
PF13561,4cqm,E,Q92506,human,True
PF13561,4cqm,F,Q8N4T8,human,True
PF13561,4cqm,G,Q8N4T8,human,True
PF13561,4cqm,H,Q92506,human,True
PF13561,4cqm,I,Q92506,human,True
PF13561,4cqm,J,Q8N4T8,human,True
PF13561,4cqm,K,Q8N4T8,human,True
PF13561,4cqm,L,Q92506,human,True
PF13561,4cqm,M,Q92506,human,True
PF13561,4cqm,N,Q8N4T8,human,True
PF13561,4cqm,O,Q8N4T8,human,True
PF13561,4cqm,P,Q92506,human,True
PF13561,4fc6,A,Q9NUI1,human,True
PF13561,4fc6,B,Q9NUI1,human,True
PF13561,4fc6,C,Q9NUI1,human,True
PF13561,4fc6,D,Q9NUI1,human,True
PF13561,4fc7,A,Q9NUI1,human,True
PF13561,4fc7,B,Q9NUI1,human,True
PF13561,4fc7,C,Q9NUI1,human,True
PF13561,4fc7,D,Q9NUI1,human,True
PF13561,5en4,A,Q9BPX1,human,True
PF13561,5hs6,A,Q9BPX1,human,True
PF13561,5icm,A,Q9BPX1,human,True
PF13561,5ics,A,Q9BPX1,human,True
PF13561,5ics,C,Q9BPX1,human,True
PF13561,5ics,D,Q9BPX1,human,True
PF13561,5ics,F,Q9BPX1,human,True
PF13561,5js6,A,Q9BPX1,human,True
PF13574,1bkc,A,P78536,human,True
PF13574,1bkc,C,P78536,human,True
PF13574,1bkc,E,P78536,human,True
PF13574,1bkc,I,P78536,human,True
PF13574,1zxc,A,P78536,human,True
PF13574,1zxc,B,P78536,human,True
PF13574,2a8h,A,P78536,human,True
PF13574,2a8h,B,P78536,human,True
PF13574,2ddf,A,P78536,human,True
PF13574,2ddf,B,P78536,human,True
PF13574,2fv5,A,P78536,human,True
PF13574,2fv5,B,P78536,human,True
PF13574,2fv9,A,P78536,human,True
PF13574,2fv9,B,P78536,human,True
PF13574,2i47,A,P78536,human,True
PF13574,2i47,B,P78536,human,True
PF13574,2i47,C,P78536,human,True
PF13574,2i47,D,P78536,human,True
PF13574,2oi0,A,P78536,human,True
PF13574,3b92,A,P78536,human,True
PF13574,3cki,A,P78536,human,True
PF13574,3e8r,A,P78536,human,True
PF13574,3e8r,B,P78536,human,True
PF13574,3edz,A,P78536,human,True
PF13574,3edz,B,P78536,human,True
PF13574,3ewj,A,P78536,human,True
PF13574,3ewj,B,P78536,human,True
PF13574,3g42,A,P78536,human,True
PF13574,3g42,B,P78536,human,True
PF13574,3g42,C,P78536,human,True
PF13574,3g42,D,P78536,human,True
PF13574,3kmc,A,P78536,human,True
PF13574,3kmc,B,P78536,human,True
PF13574,3kme,A,P78536,human,True
PF13574,3kme,B,P78536,human,True
PF13574,3l0t,A,P78536,human,True
PF13574,3l0t,B,P78536,human,True
PF13574,3l0v,A,P78536,human,True
PF13574,3l0v,B,P78536,human,True
PF13574,3le9,A,P78536,human,True
PF13574,3le9,B,P78536,human,True
PF13574,3lea,A,P78536,human,True
PF13574,3lea,B,P78536,human,True
PF13620,1uwy,A,P14384,human,True
PF13620,2nsm,A,P15169,human,True
PF13620,5aq0,A,O75976,human,True
PF13620,5aq0,B,O75976,human,True
PF13620,9c7v,B,Q5JPE7,human,True
PF13620,9j6z,A,O75976,human,True
PF13620,9j7l,A,O75976,human,True
PF13639,1x4j,A,Q9H0F5,human,True
PF13639,2ea6,A,P78317,human,True
PF13639,2ecn,A,Q8WVD5,human,True
PF13639,2ep4,A,Q9Y225,human,True
PF13639,2jrj,A,Q96PM5,human,True
PF13639,2kiz,A,Q6ZNA4,human,True
PF13639,2l0b,A,Q8NG27,human,True
PF13639,2lxh,C,Q9UKV5,human,True
PF13639,2lxp,C,Q9UKV5,human,True
PF13639,2xeu,A,P78317,human,True
PF13639,4lad,B,Q9UKV5,human,True
PF13639,4ppe,A,P78317,human,True
PF13639,4ppe,B,P78317,human,True
PF13639,4v3k,C,Q9H0F5,human,True
PF13639,4v3k,F,Q9H0F5,human,True
PF13639,4v3l,C,Q9H0F5,human,True
PF13639,5d0i,A,Q6ZSG1,human,True
PF13639,5d0i,B,Q6ZSG1,human,True
PF13639,5d0k,C,Q6ZSG1,human,True
PF13639,5d0k,F,Q6ZSG1,human,True
PF13639,5d0k,I,Q6ZSG1,human,True
PF13639,5d0k,L,Q6ZSG1,human,True
PF13639,5d0m,C,Q6ZSG1,human,True
PF13639,5d1k,B,Q96BH1,human,True
PF13639,5d1l,B,Q96BH1,human,True
PF13639,5d1m,B,Q96BH1,human,True
PF13855,1gwb,A,P07359,human,True
PF13855,1gwb,B,P07359,human,True
PF13855,1m0z,A,P07359,human,True
PF13855,1m0z,B,P07359,human,True
PF13855,1m10,B,P07359,human,True
PF13855,1ook,G,P07359,human,True
PF13855,1ozn,A,Q9BZR6,human,True
PF13855,1p8t,A,Q9BZR6,human,True
PF13855,1p8v,A,P07359,human,True
PF13855,1p9a,G,P07359,human,True
PF13855,1qyy,A,P07359,human,True
PF13855,1qyy,G,P07359,human,True
PF13855,1sq0,B,P07359,human,True
PF13855,1u0n,D,P07359,human,True
PF13855,1ziw,A,O15455,human,True
PF13855,25tv,C,P0C7U0,human,True
PF13855,25tw,C,P0C7U0,human,True
PF13855,25tw,D,P0C7U0,human,True
PF13855,25tx,C,P0C7U0,human,True
PF13855,25tx,D,P0C7U0,human,True
PF13855,25ty,C,P0C7U0,human,True
PF13855,25ty,D,P0C7U0,human,True
PF13855,25uj,C,P0C7U0,human,True
PF13855,25uj,D,P0C7U0,human,True
PF13855,29tc,A,Q8IWT6,human,True
PF13855,29tc,B,Q8IWT6,human,True
PF13855,29tc,C,Q8IWT6,human,True
PF13855,29tc,D,Q8IWT6,human,True
PF13855,29tc,E,Q8IWT6,human,True
PF13855,29tc,F,Q8IWT6,human,True
PF13855,2a0z,A,O15455,human,True
PF13855,2id5,A,Q96FE5,human,True
PF13855,2id5,B,Q96FE5,human,True
PF13855,2id5,C,Q96FE5,human,True
PF13855,2id5,D,Q96FE5,human,True
PF13895,10fj,A,P12318,human,True
PF13895,11ex,C,Q96RD9,human,True
PF13895,1e07,A,P06731,human,True
PF13895,1e4j,A,O75015,human,True
PF13895,1e4k,C,O75015,human,True
PF13895,1f2q,A,P12319,human,True
PF13895,1f6a,A,P12319,human,True
PF13895,1fcg,A,P12318,human,True
PF13895,1fnl,A,O75015,human,True
PF13895,1g0x,A,Q8NHL6,human,True
PF13895,1g0y,R,P14778,human,True
PF13895,1h9v,A,P12318,human,True
PF13895,1ira,Y,P14778,human,True
PF13895,1itb,B,P14778,human,True
PF13895,1j86,A,P12319,human,True
PF13895,1j86,B,P12319,human,True
PF13895,1j87,A,P12319,human,True
PF13895,1j88,A,P12319,human,True
PF13895,1j88,B,P12319,human,True
PF13895,1j88,C,P12319,human,True
PF13895,1j88,D,P12319,human,True
PF13895,1j88,E,P12319,human,True
PF13895,1j89,A,P12319,human,True
PF13895,1j89,B,P12319,human,True
PF13895,1j89,C,P12319,human,True
PF13895,1j89,D,P12319,human,True
PF13895,1j89,E,P12319,human,True
PF13895,1p53,A,P05362,human,True
PF13895,1p53,B,P05362,human,True
PF13895,1p7q,D,Q8NHL6,human,True
PF13920,13rz,A,Q8WY64,human,True
PF13920,13rz,B,Q8WY64,human,True
PF13920,13rz,C,Q8WY64,human,True
PF13920,13rz,D,Q8WY64,human,True
PF13920,13sa,A,Q8WY64,human,True
PF13920,13sa,B,Q8WY64,human,True
PF13920,13sa,C,Q8WY64,human,True
PF13920,13sa,D,Q8WY64,human,True
PF13920,13sb,A,Q8WY64,human,True
PF13920,13sb,B,Q8WY64,human,True
PF13920,13sb,C,Q8WY64,human,True
PF13920,13sb,D,Q8WY64,human,True
PF13920,13sc,A,Q8WY64,human,True
PF13920,13sc,B,Q8WY64,human,True
PF13920,13sc,C,Q8WY64,human,True
PF13920,13sc,D,Q8WY64,human,True
PF13920,13sd,A,Q8WY64,human,True
PF13920,13sd,B,Q8WY64,human,True
PF13920,13sd,C,Q8WY64,human,True
PF13920,13sd,D,Q8WY64,human,True
PF13920,13se,A,Q8WY64,human,True
PF13920,13se,B,Q8WY64,human,True
PF13920,13se,C,Q8WY64,human,True
PF13920,13se,D,Q8WY64,human,True
PF13920,13sf,A,Q8WY64,human,True
PF13920,13sf,B,Q8WY64,human,True
PF13920,13sf,C,Q8WY64,human,True
PF13920,13sf,D,Q8WY64,human,True
PF13920,13sg,A,Q8WY64,human,True
PF13920,13sg,B,Q8WY64,human,True
PF13920,13sg,C,Q8WY64,human,True
PF13920,13sg,D,Q8WY64,human,True
PF13920,13sh,A,Q8WY64,human,True
PF13920,13sh,B,Q8WY64,human,True
PF13920,13sh,C,Q8WY64,human,True
PF13920,13sh,D,Q8WY64,human,True
PF13920,13si,A,Q8WY64,human,True
PF13920,13si,B,Q8WY64,human,True
PF13920,13si,C,Q8WY64,human,True
PF13920,13si,D,Q8WY64,human,True
PF13920,13sj,A,Q8WY64,human,True
PF13920,13sj,B,Q8WY64,human,True
PF13920,13sj,C,Q8WY64,human,True
PF13920,13sj,D,Q8WY64,human,True
PF13920,13sk,A,Q8WY64,human,True
PF13920,13sk,B,Q8WY64,human,True
PF13920,13sk,C,Q8WY64,human,True
PF13920,13sk,D,Q8WY64,human,True
PF13920,13sl,A,Q8WY64,human,True
PF13920,13sl,B,Q8WY64,human,True
PF13920,13sl,C,Q8WY64,human,True
PF13920,13sl,D,Q8WY64,human,True
PF13920,13sm,A,Q8WY64,human,True
PF13920,13sm,B,Q8WY64,human,True
PF13920,13sm,C,Q8WY64,human,True
PF13920,13sm,D,Q8WY64,human,True
PF13920,13sn,A,Q8WY64,human,True
PF13920,13sn,B,Q8WY64,human,True
PF13920,13sn,C,Q8WY64,human,True
PF13920,13sn,D,Q8WY64,human,True
PF13920,13so,A,Q8WY64,human,True
PF13920,13so,B,Q8WY64,human,True
PF13920,13so,C,Q8WY64,human,True
PF13920,13so,D,Q8WY64,human,True
PF13920,13sp,A,Q8WY64,human,True
PF13920,13sp,B,Q8WY64,human,True
PF13920,13sp,C,Q8WY64,human,True
PF13920,13sp,D,Q8WY64,human,True
PF13920,13sq,A,Q8WY64,human,True
PF13920,13sq,B,Q8WY64,human,True
PF13920,13sq,C,Q8WY64,human,True
PF13920,13sq,D,Q8WY64,human,True
PF13920,13sr,A,Q8WY64,human,True
PF13920,13sr,B,Q8WY64,human,True
PF13920,13sr,C,Q8WY64,human,True
PF13920,13sr,D,Q8WY64,human,True
PF13920,13ss,A,Q8WY64,human,True
PF13920,13ss,B,Q8WY64,human,True
PF13920,13ss,C,Q8WY64,human,True
PF13920,13ss,D,Q8WY64,human,True
PF13923,28oe,C,Q99496,human,True
PF13923,28oe,D,P35226,human,True
PF13923,2djb,A,Q9BYE7,human,True
PF13923,2eci,A,Q9Y4K3,human,True
PF13923,2h0d,A,P35226,human,True
PF13923,2h0d,B,Q99496,human,True
PF13923,2jmd,A,Q9Y4K3,human,True
PF13923,2y43,A,Q9NS91,human,True
PF13923,2y43,B,Q9NS91,human,True
PF13923,3hcs,A,Q9Y4K3,human,True
PF13923,3hcs,B,Q9Y4K3,human,True
PF13923,3hct,A,Q9Y4K3,human,True
PF13923,3hcu,A,Q9Y4K3,human,True
PF13923,3hcu,C,Q9Y4K3,human,True
PF13923,3rpg,B,P35226,human,True
PF13923,3rpg,C,Q99496,human,True
PF13923,4r8p,K,P35226,human,True
PF13923,4r8p,L,Q99496,human,True
PF13923,4r8p,M,P35226,human,True
PF13923,4r8p,N,Q99496,human,True
PF13923,4s3o,B,Q99496,human,True
PF13923,4s3o,C,Q86SE9,human,True
PF13923,4s3o,E,Q99496,human,True
PF13923,4s3o,F,Q86SE9,human,True
PF13923,5din,A,Q8N448,human,True
PF13923,5din,B,Q8N448,human,True
PF13923,5dka,A,Q96EQ8,human,True
PF13923,5dka,B,Q96EQ8,human,True
PF13923,6wi7,A,P35226,human,True
PF13923,6wi8,A,Q99496,human,True
PF13923,6wi8,B,Q99496,human,True
PF13923,7l3l,B,Q9Y4K3,human,True
PF13923,7l3l,D,Q9Y4K3,human,True
PF13923,7nd1,A,Q99496,human,True
PF13923,7nd1,H,P35226,human,True
PF13923,8gbq,B,Q96EQ8,human,True
PF13923,8gcb,B,Q96EQ8,human,True
PF13927,1djs,A,P21802,human,True
PF13927,1e07,A,P06731,human,True
PF13927,1e0o,B,P21802,human,True
PF13927,1e0o,D,P21802,human,True
PF13927,1ev2,E,P21802,human,True
PF13927,1ev2,F,P21802,human,True
PF13927,1ev2,G,P21802,human,True
PF13927,1ev2,H,P21802,human,True
PF13927,1f2q,A,P12319,human,True
PF13927,1f6a,A,P12319,human,True
PF13927,1ii4,E,P21802,human,True
PF13927,1ii4,F,P21802,human,True
PF13927,1ii4,G,P21802,human,True
PF13927,1ii4,H,P21802,human,True
PF13927,1iil,E,P21802,human,True
PF13927,1iil,F,P21802,human,True
PF13927,1iil,G,P21802,human,True
PF13927,1iil,H,P21802,human,True
PF13927,1j86,A,P12319,human,True
PF13927,1j86,B,P12319,human,True
PF13927,1j87,A,P12319,human,True
PF13927,1j88,A,P12319,human,True
PF13927,1j88,B,P12319,human,True
PF13927,1j88,C,P12319,human,True
PF13927,1j88,D,P12319,human,True
PF13927,1j88,E,P12319,human,True
PF13927,1j89,A,P12319,human,True
PF13927,1j89,B,P12319,human,True
PF13927,1j89,C,P12319,human,True
PF13927,1j89,D,P12319,human,True
PF13927,1j89,E,P12319,human,True
PF13927,1nbq,A,Q9Y624,human,True
PF13927,1nbq,B,Q9Y624,human,True
PF13927,1rpq,A,P12319,human,True
PF13927,1rpq,B,P12319,human,True
PF13927,1rpq,C,P12319,human,True
PF13927,1rpq,D,P12319,human,True
PF13927,1ry7,B,P22607,human,True
PF13927,29cp,A,A6NGN9,human,True
PF13927,29cp,B,A6NGN9,human,True
PF13927,29in,A,A6NGN9,human,True
PF13927,2c5d,C,P30530,human,True
PF13927,2c5d,D,P30530,human,True
PF13927,2cry,A,Q8IZU9,human,True
PF13927,2ens,A,Q15109,human,True
PF13975,27ik,A,Q53RT3,human,True
PF13975,27iq,A,Q53RT3,human,True
PF13975,27iq,B,Q53RT3,human,True
PF13975,27iv,A,Q53RT3,human,True
PF13975,27iv,B,Q53RT3,human,True
PF13975,27jk,A,Q53RT3,human,True
PF13975,27jo,A,Q53RT3,human,True
PF13975,27jo,B,Q53RT3,human,True
PF13975,27jp,A,Q53RT3,human,True
PF13975,27jp,B,Q53RT3,human,True
PF13975,27jp,C,Q53RT3,human,True
PF13975,27jp,D,Q53RT3,human,True
PF13975,27jp,E,Q53RT3,human,True
PF13975,27jp,F,Q53RT3,human,True
PF13975,27jp,G,Q53RT3,human,True
PF13975,27jp,H,Q53RT3,human,True
PF13975,27jq,A,Q53RT3,human,True
PF13975,27jq,B,Q53RT3,human,True
PF13975,27jq,C,Q53RT3,human,True
PF14447,3l11,A,Q8IYW5,human,True
PF14447,4gb0,A,Q8IYW5,human,True
PF14447,8smw,K,Q8IYW5,human,True
PF14447,8smx,K,Q8IYW5,human,True
PF14447,8smy,K,Q8IYW5,human,True
PF14447,8smz,K,Q8IYW5,human,True
PF14447,8sn0,K,Q8IYW5,human,True
PF14447,8sn1,K,Q8IYW5,human,True
PF14447,8sn2,K,Q8IYW5,human,True
PF14447,8sn3,K,Q8IYW5,human,True
PF14447,8sn4,K,Q8IYW5,human,True
PF14447,8sn5,K,Q8IYW5,human,True
PF14447,8sn6,K,Q8IYW5,human,True
PF14447,8sn7,K,Q8IYW5,human,True
PF14447,8sn8,K,Q8IYW5,human,True
PF14447,8sn9,K,Q8IYW5,human,True
PF14447,8sna,K,Q8IYW5,human,True
PF14447,8txv,K,Q8IYW5,human,True
PF14447,8txw,K,Q8IYW5,human,True
PF14447,8txx,K,Q8IYW5,human,True
PF14559,3jcr,G,O94906,human,True
PF14559,5o9z,G,O94906,human,True
PF14559,6ah0,N,O94906,human,True
PF14559,6ahd,N,O94906,human,True
PF14559,6qw6,5J,O94906,human,True
PF14559,7qdr,B,Q6PGP7,human,True
PF14559,7qds,B,Q6PGP7,human,True
PF14559,7qdy,B,Q6PGP7,human,True
PF14559,7qdz,B,Q6PGP7,human,True
PF14559,8bbe,D,Q7Z4L5,human,True
PF14559,8bbg,D,Q7Z4L5,human,True
PF14559,8fgw,D,Q7Z4L5,human,True
PF14559,8h6e,4G,O94906,human,True
PF14559,8h6j,4G,O94906,human,True
PF14559,8h6k,4G,O94906,human,True
PF14559,8h6l,4G,O94906,human,True
PF14559,8q7n,N,O94906,human,True
PF14559,8q7q,F,O94906,human,True
PF14559,8q7v,F,O94906,human,True
PF14559,8q7w,F,O94906,human,True
PF14580,1a9n,A,P09661,human,True
PF14580,1a9n,C,P09661,human,True
PF14580,5mqf,W,P09661,human,True
PF14580,5xjc,o,P09661,human,True
PF14580,5yzg,o,P09661,human,True
PF14580,5z56,o,P09661,human,True
PF14580,5z57,o,P09661,human,True
PF14580,5z58,o,P09661,human,True
PF14580,6ah0,o,P09661,human,True
PF14580,6ahd,o,P09661,human,True
PF14580,6ff7,W,P09661,human,True
PF14580,6hkw,A,Q15435,human,True
PF14580,6hkw,B,Q15435,human,True
PF14580,6hkw,C,Q15435,human,True
PF14580,6hkw,D,Q15435,human,True
PF14580,6hkw,E,Q15435,human,True
PF14580,6icz,o,P09661,human,True
PF14580,6id0,o,P09661,human,True
PF14580,6id1,o,P09661,human,True
PF14580,6mky,A,Q15435,human,True
PF14580,6mky,B,Q15435,human,True
PF14580,6obn,C,Q15435,human,True
PF14580,6obn,D,Q15435,human,True
PF14580,6obp,C,Q15435,human,True
PF14580,6qx9,2A,P09661,human,True
PF14580,6xzq,G,P39687,human,True
PF14580,6y53,a,P09661,human,True
PF14586,1jfm,A,O08603,mouse,True
PF14586,1jfm,B,O08603,mouse,True
PF14586,1jfm,C,O08603,mouse,True
PF14586,1jfm,D,O08603,mouse,True
PF14586,1jfm,E,O08603,mouse,True
PF14586,4g59,A,O08604,mouse,True
PF14586,4g59,B,O08604,mouse,True
PF14586,4pp8,C,O08603,mouse,True
PF14586,4pp8,D,O08603,mouse,True
PF14634,6h3a,A,Q13263,human,True
PF14634,6h3a,F,Q13263,human,True
PF14634,6i9h,A,Q13263,human,True
PF14634,6qaj,A,Q13263,human,True
PF14634,6qaj,B,Q13263,human,True
PF14634,6qu1,A,Q13263,human,True
PF14634,7z36,A,Q13263,human,True
PF14634,7z36,B,Q13263,human,True
PF14634,9ges,A,Q9NPC3,human,True
PF14634,9ges,B,Q9NPC3,human,True
PF14634,9ges,C,Q9NPC3,human,True
PF14634,9ges,D,Q9NPC3,human,True
PF14634,4txa,A,Q4VGL6,mouse,True
PF14670,13es,G,P00742,human,True
PF14670,13eu,G,P00742,human,True
PF14670,1apq,A,P00736,human,True
PF14670,1aut,L,P04070,human,True
PF14670,1c5m,F,P00742,human,True
PF14670,1cvw,L,P08709,human,True
PF14670,1dan,L,P08709,human,True
PF14670,1dva,L,P08709,human,True
PF14670,1dva,M,P08709,human,True
PF14670,1ezq,B,P00742,human,True
PF14670,1f0r,B,P00742,human,True
PF14670,1f0s,B,P00742,human,True
PF14670,1fak,L,P08709,human,True
PF14670,1fax,L,P00742,human,True
PF14670,1fjs,L,P00742,human,True
PF14670,1g2l,B,P00742,human,True
PF14670,1g2m,B,P00742,human,True
PF14670,1hcg,B,P00742,human,True
PF14670,1ijq,A,P01130,human,True
PF14670,1ijq,B,P01130,human,True
PF14670,1ioe,L,P00742,human,True
PF14670,1iqe,L,P00742,human,True
PF14828,6gje,A,Q9BXJ7,human,False
PF14843,1ivo,A,P00533,human,True
PF14843,1ivo,B,P00533,human,True
PF14843,1m6b,A,P21860,human,True
PF14843,1m6b,B,P21860,human,True
PF14843,1nql,A,P00533,human,True
PF14843,1s78,A,P04626,human,True
PF14843,1s78,B,P04626,human,True
PF14843,1yy9,A,P00533,human,True
PF14843,2ahx,A,Q15303,human,True
PF14843,2ahx,B,Q15303,human,True
PF14843,3b2v,A,P00533,human,True
PF14843,3be1,A,P04626,human,True
PF14843,3mzw,A,P04626,human,True
PF14843,3n85,A,P04626,human,True
PF14843,3njp,A,P00533,human,True
PF14843,3njp,B,P00533,human,True
PF14843,3qwq,A,P00533,human,True
PF14843,3u7u,A,Q15303,human,True
PF14843,3u7u,B,Q15303,human,True
PF14843,3u7u,C,Q15303,human,True
PF14843,3u7u,D,Q15303,human,True
PF14843,3u7u,E,Q15303,human,True
PF14843,3u7u,F,Q15303,human,True
PF14843,3u9u,E,Q15303,human,True
PF14843,3u9u,F,Q15303,human,True
PF14843,4kro,A,P00533,human,True
PF14843,4krp,A,P00533,human,True
PF14843,4leo,C,P21860,human,True
PF14843,4p59,A,P21860,human,True
PF14843,4uip,A,P00533,human,True
PF14843,4uv7,A,P00533,human,True
PF15005,5f4e,A,Q8IYV9,human,False
PF15005,5f4t,A,Q8IYV9,human,False
PF15005,5f4v,A,Q8IYV9,human,False
PF15005,5jk9,A,Q8IYV9,human,False
PF15005,5jk9,B,Q8IYV9,human,False
PF15005,5jk9,C,Q8IYV9,human,False
PF15005,5jk9,D,Q8IYV9,human,False
PF15005,5jk9,E,Q8IYV9,human,False
PF15005,5jk9,F,Q8IYV9,human,False
PF15005,5jkc,A,Q8IYV9,human,False
PF15005,5jkd,A,Q8IYV9,human,False
PF15005,5jke,A,Q8IYV9,human,False
PF15005,5jke,C,Q8IYV9,human,False
PF15005,5b5k,A,Q9D9J7,mouse,False
PF15005,9myl,C,Q9D9J7,mouse,False
PF15005,9myl,D,Q9D9J7,mouse,False
PF15005,9mym,A,Q9D9J7,mouse,False
PF15020,7eeb,G,E9Q9F6,mouse,True
PF15020,9ubw,G,E9Q9F6,mouse,True
PF15020,9ubw,g,E9Q9F6,mouse,True
PF15020,9ubx,G,E9Q9F6,mouse,True
PF15020,9ubx,g,E9Q9F6,mouse,True
PF15020,9ubx,t,E9Q9F6,mouse,True
PF15028,3of6,D,Q6ISU1,human,False
PF15028,3of6,E,Q6ISU1,human,False
PF15028,3of6,F,Q6ISU1,human,False
PF15064,7eeb,F,C6KI89,mouse,True
PF15064,9ubw,F,C6KI89,mouse,True
PF15064,9ubw,f,C6KI89,mouse,True
PF15064,9ubx,F,C6KI89,mouse,True
PF15064,9ubx,f,C6KI89,mouse,True
PF15064,9ubx,s,C6KI89,mouse,True
PF15096,6r0x,E,O95866,human,True
PF15096,6r0x,F,O95866,human,True
PF15494,6kd5,A,Q9BYE2,human,True
PF15494,7meq,A,O15393,human,True
PF15494,7wqw,A,P98073,human,True
PF15494,7wqx,A,P98073,human,True
PF15494,7wqz,A,P98073,human,True
PF15494,7wr7,A,P98073,human,True
PF15494,7xyd,A,O15393,human,True
PF15494,7xyd,B,O15393,human,True
PF15494,7y0e,A,O15393,human,True
PF15494,7y0e,B,O15393,human,True
PF15494,7y0f,A,O15393,human,True
PF15494,7y0f,B,O15393,human,True
PF15494,8h3s,A,P98073,human,True
PF15494,8h3u,A,P98073,human,True
PF15494,8hd8,A,O15393,human,True
PF15494,8hd8,B,O15393,human,True
PF15494,8jhz,B,O15393,human,True
PF15494,8ji0,B,O15393,human,True
PF15494,8s0l,A,O15393,human,True
PF15494,8s0m,B,O15393,human,True
PF15494,8s0m,E,O15393,human,True
PF15494,8s0n,A,O15393,human,True
PF15494,8s0n,C,O15393,human,True
PF15494,8v04,A,O15393,human,True
PF15494,8v1f,A,O15393,human,True
PF15494,8v1f,C,O15393,human,True
PF15494,8vgt,B,O15393,human,True
PF15636,6cmx,A,Q9NT68,human,True
PF15636,6vhh,A,Q9NT68,human,True
PF15636,7bam,A,Q6N022,human,True
PF15636,7bam,B,Q6N022,human,True
PF15636,7ban,A,Q6N022,human,True
PF15636,7ban,B,Q6N022,human,True
PF15636,7bao,A,Q6N022,human,True
PF15636,6fay,A,Q9WTS6,mouse,True
PF15636,8r50,A,Q9WTS6,mouse,True
PF15636,8r50,B,Q9WTS6,mouse,True
PF15636,8r51,A,Q9WTS6,mouse,True
PF15636,8r54,A,Q9WTS6,mouse,True
PF15636,9g2f,A,A0A0A0MQB7,mouse,True
PF15636,9g2f,B,A0A0A0MQB7,mouse,True
PF15636,9g2h,A,A0A0A0MQB7,mouse,True
PF15636,9g2h,B,A0A0A0MQB7,mouse,True
PF15636,9g41,A,A0A0A0MQB7,mouse,True
PF15636,9g41,B,A0A0A0MQB7,mouse,True
PF15636,9g42,A,A0A0A0MQB7,mouse,True
PF15636,9g42,B,A0A0A0MQB7,mouse,True
PF15636,9igs,A,Q9WTS6,mouse,True
PF15636,9igs,B,Q9WTS6,mouse,True
PF15711,5ggf,A,Q8WZA1,human,True
PF15711,5ggf,B,Q8WZA1,human,True
PF15711,5ggf,C,Q8WZA1,human,True
PF15711,5ggg,A,Q8WZA1,human,True
PF15711,5ggi,A,Q8WZA1,human,True
PF15711,5ggi,B,Q8WZA1,human,True
PF15711,5ggj,A,Q8WZA1,human,True
PF15711,5ggj,B,Q8WZA1,human,True
PF15711,5ggk,A,Q8WZA1,human,True
PF15711,5ggk,B,Q8WZA1,human,True
PF15711,5ggl,A,Q8WZA1,human,True
PF15711,5ggl,B,Q8WZA1,human,True
PF15711,5ggn,A,Q8WZA1,human,True
PF15711,5ggn,B,Q8WZA1,human,True
PF15711,5ggo,A,Q8WZA1,human,True
PF15711,5ggo,B,Q8WZA1,human,True
PF15711,5ggp,A,Q8WZA1,human,True
PF15711,5ggp,B,Q8WZA1,human,True
PF15711,5lc2,A,Q92520,human,True
PF15711,5lc2,B,Q92520,human,True
PF15711,5xfc,A,Q8WZA1,human,True
PF15711,5xfc,B,Q8WZA1,human,True
PF15711,8c6i,A,Q9UHN6,human,True
PF15711,2yop,A,Q9D309,mouse,True
PF15711,2yop,B,Q9D309,mouse,True
PF15711,2yop,C,Q9D309,mouse,True
PF15711,2yoq,A,Q9D309,mouse,True
PF15711,2yoq,B,Q9D309,mouse,True
PF15711,2yoq,C,Q9D309,mouse,True
PF15711,5lc3,A,Q91VU0,mouse,True
PF15711,5lc3,B,Q91VU0,mouse,True
PF15711,5lc4,A,Q91VU0,mouse,True
PF15711,5lc4,B,Q91VU0,mouse,True
PF15711,5lc4,C,Q91VU0,mouse,True
PF15711,5lc4,D,Q91VU0,mouse,True
PF15711,7ecq,A,Q9D8T0,mouse,True
PF15780,2e6j,A,Q4G0P3,human,False
PF15901,3f6k,A,Q99523,human,True
PF15901,3wsx,A,Q92673,human,True
PF15901,3wsy,A,Q92673,human,True
PF15901,3wsz,A,Q92673,human,True
PF15901,4msl,A,Q99523,human,True
PF15901,4n7e,A,Q99523,human,True
PF15901,4po7,A,Q99523,human,True
PF15901,5mrh,A,Q99523,human,True
PF15901,5mri,A,Q99523,human,True
PF15901,6eho,A,Q99523,human,True
PF15901,6x3l,A,Q99523,human,True
PF15901,6x48,A,Q99523,human,True
PF15901,6x4h,A,Q99523,human,True
PF15901,7vt0,A,Q92673,human,True
PF15901,7vt0,B,Q92673,human,True
PF15901,8t8r,A,Q99523,human,True
PF15901,8t8s,A,Q99523,human,True
PF15901,8t8s,B,Q99523,human,True
PF15901,9i0n,A,Q99523,human,True
PF15901,9i0o,A,Q99523,human,True
PF15901,9r18,A,Q99523,human,True
PF15901,5nmr,A,Q6PHU5,mouse,True
PF15902,3f6k,A,Q99523,human,True
PF15902,3wsx,A,Q92673,human,True
PF15902,3wsy,A,Q92673,human,True
PF15902,3wsz,A,Q92673,human,True
PF15902,4msl,A,Q99523,human,True
PF15902,4n7e,A,Q99523,human,True
PF15902,4po7,A,Q99523,human,True
PF15902,5mrh,A,Q99523,human,True
PF15902,5mri,A,Q99523,human,True
PF15902,6eho,A,Q99523,human,True
PF15902,6x3l,A,Q99523,human,True
PF15902,6x48,A,Q99523,human,True
PF15902,6x4h,A,Q99523,human,True
PF15902,7vt0,A,Q92673,human,True
PF15902,7vt0,B,Q92673,human,True
PF15902,8t8r,A,Q99523,human,True
PF15902,8t8s,A,Q99523,human,True
PF15902,8t8s,B,Q99523,human,True
PF15902,9i0n,A,Q99523,human,True
PF15902,9i0o,A,Q99523,human,True
PF15902,9r18,A,Q99523,human,True
PF15902,5nmr,A,Q6PHU5,mouse,True
PF15910,1yjd,C,P10747,human,True
PF15910,7joo,C,Q9Y6W8,human,True
PF15910,8s6z,C,P10747,human,True
PF15910,8s6z,F,P10747,human,True
PF15910,6o8d,C,P10747,human,False
PF15910,6x4g,A,Q9Y6W8,human,False
PF15913,4bso,A,Q2MKA7,human,True
PF15913,4bsp,A,Q2MKA7,human,True
PF15913,4bsr,C,Q2MKA7,human,True
PF15913,4bsr,D,Q2MKA7,human,True
PF15913,4bss,C,Q2MKA7,human,True
PF15913,4bss,D,Q2MKA7,human,True
PF15913,4bss,G,Q2MKA7,human,True
PF15913,4bss,H,Q2MKA7,human,True
PF15913,4bst,C,Q2MKA7,human,True
PF15913,4bst,D,Q2MKA7,human,True
PF15913,4bsu,C,Q2MKA7,human,True
PF15913,4bsu,D,Q2MKA7,human,True
PF15913,4bsu,G,Q2MKA7,human,True
PF15913,4bsu,H,Q2MKA7,human,True
PF15913,4cdk,E,Q2MKA7,human,True
PF15913,4cdk,F,Q2MKA7,human,True
PF15913,4cdk,G,Q2MKA7,human,True
PF15913,4cdk,H,Q2MKA7,human,True
PF15913,4kng,M,Q2MKA7,human,True
PF15913,4kng,P,Q2MKA7,human,True
PF15913,4li2,B,Q2MKA7,human,True
PF15913,4ufr,B,Q8BFU0,human,True
PF15913,4ufr,D,Q8BFU0,human,True
PF15913,4ufs,B,Q8BFU0,human,True
PF15913,8wvu,B,Q2MKA7,human,True
PF15913,8xft,G,Q6UXX9,human,True
PF15913,8xum,B,Q6UXX9,human,True
PF15913,9kb7,B,Q6UXX9,human,True
PF15913,9kb8,C,Q6UXX9,human,True
PF15913,9kb9,B,Q6UXX9,human,True
PF15913,9kb9,F,Q6UXX9,human,True
PF15913,4kt1,E,Q2MKA7,human,False
PF15913,4qxf,C,Q2MKA7,human,False
PF15913,4qxf,E,Q2MKA7,human,False
PF15913,8xfp,G,Q6UXX9,human,False
PF15913,8xfp,J,Q6UXX9,human,False
PF16178,5nl2,A,Q8BHY3,mouse,True
PF16178,5nl2,B,Q8BHY3,mouse,True
PF16178,5oyb,A,Q8BHY3,mouse,True
PF16178,5oyb,B,Q8BHY3,mouse,True
PF16178,5oyg,A,Q8BHY3,mouse,True
PF16178,5oyg,B,Q8BHY3,mouse,True
PF16178,6bgi,A,Q8BHY3,mouse,True
PF16178,6bgi,B,Q8BHY3,mouse,True
PF16178,6bgj,A,Q8BHY3,mouse,True
PF16178,6bgj,B,Q8BHY3,mouse,True
PF16178,6p46,A,Q6P9J9,mouse,True
PF16178,6p46,B,Q6P9J9,mouse,True
PF16178,6p47,A,Q6P9J9,mouse,True
PF16178,6p47,B,Q6P9J9,mouse,True
PF16178,6p48,A,Q6P9J9,mouse,True
PF16178,6p48,B,Q6P9J9,mouse,True
PF16178,6p49,A,Q6P9J9,mouse,True
PF16178,6p49,B,Q6P9J9,mouse,True
PF16178,6qp6,A,Q6P9J9,mouse,True
PF16178,6qp6,B,Q6P9J9,mouse,True
PF16178,6qpb,A,Q6P9J9,mouse,True
PF16178,6qpb,B,Q6P9J9,mouse,True
PF16178,6qpc,A,Q6P9J9,mouse,True
PF16178,6qpc,B,Q6P9J9,mouse,True
PF16178,6qpi,A,Q6P9J9,mouse,True
PF16178,6qpi,B,Q6P9J9,mouse,True
PF16178,7b5c,A,Q8BHY3,mouse,True
PF16178,7b5c,B,Q8BHY3,mouse,True
PF16178,7b5d,A,Q8BHY3,mouse,True
PF16178,7b5d,B,Q8BHY3,mouse,True
PF16178,7b5e,A,Q8BHY3,mouse,True
PF16178,7b5e,B,Q8BHY3,mouse,True
PF16178,7zk3,A,Q8BHY3,mouse,True
PF16178,7zk3,B,Q8BHY3,mouse,True
PF16178,8b8g,A,Q6P9J9,mouse,True
PF16178,8b8g,B,Q6P9J9,mouse,True
PF16178,8b8j,A,Q6P9J9,mouse,True
PF16178,8b8j,B,Q6P9J9,mouse,True
PF16178,8b8k,A,Q6P9J9,mouse,True
PF16178,8b8k,B,Q6P9J9,mouse,True
PF16184,7ml7,B,Q6UVK1,human,True
PF16184,7n8x,B,Q6UVK1,human,True
PF16184,7n9y,B,Q6UVK1,human,True
PF16188,3ctz,A,Q9NQW7,human,True
PF16189,3ctz,A,Q9NQW7,human,True
PF16347,4mhx,A,P51688,human,True
PF16347,4mhx,B,P51688,human,True
PF16347,4miv,A,P51688,human,True
PF16347,4miv,B,P51688,human,True
PF16347,4miv,C,P51688,human,True
PF16347,4miv,D,P51688,human,True
PF16347,4miv,E,P51688,human,True
PF16347,4miv,F,P51688,human,True
PF16347,4miv,G,P51688,human,True
PF16347,4miv,H,P51688,human,True
PF16414,3jd8,A,O15118,human,True
PF16414,3qnt,A,Q9UHC9,human,True
PF16414,5jnx,A,O15118,human,True
PF16414,5u73,A,O15118,human,True
PF16414,5u74,A,O15118,human,True
PF16414,6uox,A,O15118,human,True
PF16414,6w5r,A,O15118,human,True
PF16414,6w5s,A,O15118,human,True
PF16414,6w5t,A,O15118,human,True
PF16414,6w5u,A,O15118,human,True
PF16414,6w5v,A,O15118,human,True
PF16414,7df8,A,Q9UHC9,human,True
PF16414,7dfw,A,Q9UHC9,human,True
PF16414,7dfz,A,Q9UHC9,human,True
PF16414,7n4u,A,Q9UHC9,human,True
PF16414,7n4u,B,Q9UHC9,human,True
PF16414,7n4v,A,Q9UHC9,human,True
PF16414,7n4v,B,Q9UHC9,human,True
PF16414,7n4x,A,Q9UHC9,human,True
PF16414,3gkh,A,O15118,human,False
PF16414,3gki,A,O15118,human,False
PF16414,3gkj,A,O15118,human,False
PF16489,4dlo,A,O60242,human,True
PF16489,4dlo,B,O60242,human,True
PF16489,6vhh,B,Q9HAR2,human,True
PF16489,8jmt,A,Q9HAR2,human,True
PF16489,8oek,A,O60241,human,True
PF16489,8vti,A,Q9HAR2,human,True
PF16489,7wy5,R,Q80TS3,mouse,True
PF16489,7wy8,R,Q80TS3,mouse,True
PF16489,7wyb,R,Q80TS3,mouse,True
PF16489,7x10,R,Q80TS3,mouse,True
PF16489,8vy2,A,O35161,mouse,True
PF16497,5j1a,A,P06126,human,True
PF16497,1gzp,A,P29016,human,False
PF16497,1gzq,A,P29016,human,False
PF16497,1l8j,A,Q9UNN8,human,False
PF16497,1lqv,A,Q9UNN8,human,False
PF16497,1lqv,B,Q9UNN8,human,False
PF16497,1onq,A,P06126,human,False
PF16497,1onq,C,P06126,human,False
PF16497,1uqs,A,P29016,human,False
PF16497,1xz0,A,P06126,human,False
PF16497,1xz0,C,P06126,human,False
PF16497,1zt4,A,P15813,human,False
PF16497,1zt4,C,P15813,human,False
PF16497,2h26,A,P29016,human,False
PF16497,2po6,A,P15813,human,False
PF16497,2po6,E,P15813,human,False
PF16497,3huj,A,P15813,human,False
PF16497,3huj,C,P15813,human,False
PF16497,3jtc,A,Q9UNN8,human,False
PF16497,3jtc,B,Q9UNN8,human,False
PF16497,3ov6,A,P29017,human,False
PF16497,3s6c,A,P15812,human,False
PF16497,3sdx,A,P15813,human,False
PF16497,3sdx,C,P15813,human,False
PF16497,3t8x,A,P29016,human,False
PF16497,3t8x,C,P29016,human,False
PF16497,3tzv,C,P15813,human,False
PF16497,3u0p,A,P15813,human,False
PF16497,3u0p,C,P15813,human,False
PF16497,3u0p,E,P15813,human,False
PF16497,3vwj,A,P15813,human,False
PF16556,3jvf,C,Q96F46,human,True
PF16556,4hsa,C,Q96F46,human,True
PF16556,4hsa,F,Q96F46,human,True
PF16556,5n9b,A,Q96F46,human,True
PF16556,5nan,B,Q96F46,human,True
PF16556,5nan,C,Q96F46,human,True
PF16556,7uwj,C,Q9NRM6,human,True
PF16556,7uwj,D,Q9NRM6,human,True
PF16556,7uwk,C,Q9NRM6,human,True
PF16556,7uwk,D,Q9NRM6,human,True
PF16556,7uwk,I,Q9NRM6,human,True
PF16556,7uwk,J,Q9NRM6,human,True
PF16556,7uwk,K,Q9NRM6,human,True
PF16556,7uwk,L,Q9NRM6,human,True
PF16556,7uwl,C,Q9NRM6,human,True
PF16556,7uwl,D,Q9NRM6,human,True
PF16556,7uwl,E,Q96F46,human,True
PF16556,7uwl,F,Q96F46,human,True
PF16556,7uwm,C,Q96F46,human,True
PF16556,7uwm,F,Q96F46,human,True
PF16556,7uwn,C,Q96F46,human,True
PF16556,7uwn,F,Q96F46,human,True
PF16556,7zan,C,Q96F46,human,True
PF16578,3jvf,C,Q96F46,human,True
PF16578,4hsa,C,Q96F46,human,True
PF16578,4hsa,F,Q96F46,human,True
PF16578,5n9b,A,Q96F46,human,True
PF16578,5nan,B,Q96F46,human,True
PF16578,5nan,C,Q96F46,human,True
PF16578,7uwj,C,Q9NRM6,human,True
PF16578,7uwj,D,Q9NRM6,human,True
PF16578,7uwk,C,Q9NRM6,human,True
PF16578,7uwk,D,Q9NRM6,human,True
PF16578,7uwk,I,Q9NRM6,human,True
PF16578,7uwk,J,Q9NRM6,human,True
PF16578,7uwk,K,Q9NRM6,human,True
PF16578,7uwk,L,Q9NRM6,human,True
PF16578,7uwl,C,Q9NRM6,human,True
PF16578,7uwl,D,Q9NRM6,human,True
PF16578,7uwl,E,Q96F46,human,True
PF16578,7uwl,F,Q96F46,human,True
PF16578,7uwm,C,Q96F46,human,True
PF16578,7uwm,F,Q96F46,human,True
PF16578,7uwn,C,Q96F46,human,True
PF16578,7uwn,F,Q96F46,human,True
PF16578,7zan,C,Q96F46,human,True
PF16680,1xiw,B,P04234,human,True
PF16680,1xiw,F,P04234,human,True
PF16680,6jxr,d,P04234,human,True
PF16680,6jxr,g,P09693,human,True
PF16680,7fjd,d,P04234,human,True
PF16680,7fjd,g,P09693,human,True
PF16680,7fje,d,P04234,human,True
PF16680,7fje,g,P09693,human,True
PF16680,7fjf,d,P04234,human,True
PF16680,7fjf,g,P09693,human,True
PF16680,7phr,C,P09693,human,True
PF16680,7phr,D,P04234,human,True
PF16680,8es7,D,P04234,human,True
PF16680,8es7,G,P09693,human,True
PF16680,8es8,D,P04234,human,True
PF16680,8es8,G,P09693,human,True
PF16680,8es9,D,P04234,human,True
PF16680,8es9,G,P09693,human,True
PF16680,8jc0,d,P04234,human,True
PF16680,8jc0,g,P09693,human,True
PF16680,8jcb,D,P04234,human,True
PF16680,8jcb,G,P09693,human,True
PF16680,8jcb,d,P04234,human,True
PF16680,8jcb,g,P09693,human,True
PF16680,8tw4,D,P04234,human,True
PF16680,8tw4,G,P09693,human,True
PF16680,8tw6,D,P04234,human,True
PF16680,8tw6,G,P09693,human,True
PF16680,8wxe,d,P04234,human,True
PF16680,8wxe,g,P09693,human,True
PF16680,8wy0,d,P04234,human,True
PF16680,8wy0,g,P09693,human,True
PF16680,8wyi,d,P04234,human,True
PF16680,8wyi,g,P09693,human,True
PF16680,8yc0,d,P04234,human,True
PF16680,8yc0,g,P09693,human,True
PF16680,8za6,d,P04234,human,True
PF16680,8za6,g,P09693,human,True
PF16680,9bbc,D,P04234,human,True
PF16680,9bbc,G,P09693,human,True
PF16680,9c3e,D,P04234,human,True
PF16680,9c3e,G,P09693,human,True
PF16681,6jxr,e,P07766,human,True
PF16681,6jxr,f,P07766,human,True
PF16681,7fjd,e,P07766,human,True
PF16681,7fjd,f,P07766,human,True
PF16681,7fje,e,P07766,human,True
PF16681,7fje,f,P07766,human,True
PF16681,7fjf,e,P07766,human,True
PF16681,7fjf,f,P07766,human,True
PF16681,7phr,E,P07766,human,True
PF16681,7phr,e,P07766,human,True
PF16681,8es7,E,P07766,human,True
PF16681,8es7,F,P07766,human,True
PF16681,8es8,E,P07766,human,True
PF16681,8es8,F,P07766,human,True
PF16681,8es9,E,P07766,human,True
PF16681,8es9,F,P07766,human,True
PF16681,8jc0,e,P07766,human,True
PF16681,8jc0,f,P07766,human,True
PF16681,8jcb,E,P07766,human,True
PF16681,8jcb,F,P07766,human,True
PF16681,8jcb,e,P07766,human,True
PF16681,8jcb,f,P07766,human,True
PF16681,8tw4,E,P07766,human,True
PF16681,8tw4,F,P07766,human,True
PF16681,8tw6,E,P07766,human,True
PF16681,8tw6,F,P07766,human,True
PF16681,8wxe,e,P07766,human,True
PF16681,8wxe,f,P07766,human,True
PF16681,8wy0,e,P07766,human,True
PF16681,8wy0,f,P07766,human,True
PF16681,8wyi,e,P07766,human,True
PF16681,8wyi,f,P07766,human,True
PF16681,8yc0,e,P07766,human,True
PF16681,8yc0,f,P07766,human,True
PF16681,8za6,e,P07766,human,True
PF16681,8za6,f,P07766,human,True
PF16681,9bbc,E,P07766,human,True
PF16681,9bbc,F,P07766,human,True
PF16681,9c3e,E,P07766,human,True
PF16681,9c3e,F,P07766,human,True
PF16681,9ci8,e,P07766,human,True
PF16681,9ci8,f,P07766,human,True
PF16698,2m2f,A,P78536,human,True
PF16698,8snl,A,P78536,human,True
PF16698,8snm,B,P78536,human,True
PF16698,8snn,A,P78536,human,True
PF16698,8sno,A,P78536,human,True
PF16698,9e6k,C,P78536,human,True
PF16698,9o58,A,P78536,human,True
PF16698,9q7y,B,P78536,human,True
PF16698,9xy4,B,P78536,human,True
PF16706,5f4v,A,Q8IYV9,human,True
PF16706,5jk9,A,Q8IYV9,human,True
PF16706,5jk9,B,Q8IYV9,human,True
PF16706,5jk9,C,Q8IYV9,human,True
PF16706,5jk9,D,Q8IYV9,human,True
PF16706,5jk9,E,Q8IYV9,human,True
PF16706,5jk9,F,Q8IYV9,human,True
PF16706,5jkc,A,Q8IYV9,human,True
PF16706,5jkd,A,Q8IYV9,human,True
PF16706,5jke,A,Q8IYV9,human,True
PF16706,5jke,C,Q8IYV9,human,True
PF16706,5f4e,A,Q8IYV9,human,False
PF16706,5f4t,A,Q8IYV9,human,False
PF16706,5b5k,A,Q9D9J7,mouse,True
PF16706,9mym,A,Q9D9J7,mouse,True
PF16706,9myl,C,Q9D9J7,mouse,False
PF16706,9myl,D,Q9D9J7,mouse,False
PF16716,3mq7,A,Q10589,human,True
PF16716,3mq7,B,Q10589,human,True
PF16716,3mq7,C,Q10589,human,True
PF16716,3mq7,D,Q10589,human,True
PF16716,3mq7,E,Q10589,human,True
PF16716,3mq7,F,Q10589,human,True
PF16716,3mq7,G,Q10589,human,True
PF16716,3mq7,H,Q10589,human,True
PF16716,3mq7,I,Q10589,human,True
PF16716,3mq7,J,Q10589,human,True
PF16716,3mq7,K,Q10589,human,True
PF16716,3mq7,L,Q10589,human,True
PF16716,3mqb,A,Q10589,human,True
PF16716,3mqb,B,Q10589,human,True
PF16716,3mqb,E,Q10589,human,True
PF16716,3mqb,F,Q10589,human,True
PF16716,3mqc,A,Q10589,human,True
PF16716,3mqc,B,Q10589,human,True
PF16716,3mqc,C,Q10589,human,True
PF16716,3mqc,D,Q10589,human,True
PF16716,3nwh,A,Q10589,human,True
PF16716,3nwh,B,Q10589,human,True
PF16716,3nwh,C,Q10589,human,True
PF16716,3nwh,D,Q10589,human,True
PF16716,2x7a,A,Q10589,human,False
PF16716,2x7a,B,Q10589,human,False
PF16716,2x7a,C,Q10589,human,False
PF16716,2x7a,D,Q10589,human,False
PF16716,2x7a,E,Q10589,human,False
PF16716,2x7a,F,Q10589,human,False
PF16716,2x7a,G,Q10589,human,False
PF16716,2x7a,H,Q10589,human,False
PF16716,2x7a,I,Q10589,human,False
PF16716,2x7a,J,Q10589,human,False
PF16716,2x7a,K,Q10589,human,False
PF16716,2xg7,A,Q10589,human,False
PF16716,2xg7,C,Q10589,human,False
PF16716,3mq9,A,Q10589,human,False
PF16716,3mq9,B,Q10589,human,False
PF16716,3mq9,C,Q10589,human,False
PF16716,3mq9,D,Q10589,human,False
PF16716,3mq9,E,Q10589,human,False
PF16716,3mq9,F,Q10589,human,False
PF16716,3mq9,G,Q10589,human,False
PF16716,3mq9,H,Q10589,human,False
PF16716,3ni0,A,Q8R2Q8,mouse,True
PF16716,3ni0,B,Q8R2Q8,mouse,True
PF16920,2ifg,A,P04629,human,True
PF16920,2ifg,B,P04629,human,True
PF16920,7n3t,A,P04629,human,True
PF16920,7n3t,B,P04629,human,True
PF16975,6gbi,A,Q86Y78,human,False
PF16975,6ib6,A,Q86Y78,human,False
PF16975,6zso,A,Q8NI32,human,False
PF17048,4wgk,A,Q9NR71,human,True
PF17048,4wgk,B,Q9NR71,human,True
PF17205,11yb,B,P05106,human,True
PF17205,1jv2,B,P05106,human,True
PF17205,1l5g,B,P05106,human,True
PF17205,1m1x,B,P05106,human,True
PF17205,1tye,B,P05106,human,True
PF17205,1tye,D,P05106,human,True
PF17205,1tye,F,P05106,human,True
PF17205,1u8c,B,P05106,human,True
PF17205,1yuk,A,P05107,human,True
PF17205,2p26,A,P05107,human,True
PF17205,2p28,A,P05107,human,True
PF17205,2vc2,B,P05106,human,True
PF17205,2vdk,B,P05106,human,True
PF17205,2vdl,B,P05106,human,True
PF17205,2vdm,B,P05106,human,True
PF17205,2vdn,B,P05106,human,True
PF17205,2vdo,B,P05106,human,True
PF17205,2vdp,B,P05106,human,True
PF17205,2vdq,B,P05106,human,True
PF17205,2vdr,B,P05106,human,True
PF17205,3fcs,B,P05106,human,True
PF17205,3fcs,D,P05106,human,True
PF17205,3fcu,B,P05106,human,True
PF17205,3fcu,D,P05106,human,True
PF17205,3fcu,F,P05106,human,True
PF17756,2x2u,A,P07949,human,True
PF17756,4ux8,A,P07949,human,True
PF17756,4ux8,B,P07949,human,True
PF17756,6gl7,E,P07949,human,True
PF17756,6gl7,F,P07949,human,True
PF17756,6q2j,E,P07949,human,True
PF17756,6q2j,F,P07949,human,True
PF17756,6q2n,E,P07949,human,True
PF17756,6q2n,F,P07949,human,True
PF17756,6q2o,E,P07949,human,True
PF17756,6q2o,F,P07949,human,True
PF17756,6q2r,E,P07949,human,True
PF17756,6q2r,F,P07949,human,True
PF17756,6q2r,Y,P07949,human,True
PF17756,6q2r,Z,P07949,human,True
PF17756,6q2s,E,P07949,human,True
PF17756,6q2s,F,P07949,human,True
PF17791,11mg,A,P01024,human,True
PF17791,11mh,A,P01024,human,True
PF17791,2a73,A,P01024,human,True
PF17791,2a74,A,P01024,human,True
PF17791,2a74,D,P01024,human,True
PF17791,2i07,A,P01024,human,True
PF17791,2ice,A,P01024,human,True
PF17791,2ice,D,P01024,human,True
PF17791,2icf,A,P01024,human,True
PF17791,2qki,A,P01024,human,True
PF17791,2qki,D,P01024,human,True
PF17791,2wii,A,P01024,human,True
PF17791,2win,A,P01024,human,True
PF17791,2win,C,P01024,human,True
PF17791,2win,E,P01024,human,True
PF17791,2win,G,P01024,human,True
PF17791,2xwb,A,P01024,human,True
PF17791,2xwb,C,P01024,human,True
PF17791,2xwj,A,P01024,human,True
PF17791,2xwj,C,P01024,human,True
PF17791,2xwj,E,P01024,human,True
PF17791,2xwj,G,P01024,human,True
PF17791,30je,B,P01024,human,True
PF17791,3g6j,A,P01024,human,True
PF17791,3g6j,C,P01024,human,True
PF17791,3kls,A,P01031,human,True
PF17791,3kls,B,P01031,human,True
PF17791,3km9,A,P01031,human,True
PF17791,3km9,B,P01031,human,True
PF17791,3l3o,A,P01024,human,True
PF17791,3l3o,D,P01024,human,True
PF17791,3l5n,A,P01024,human,True
PF17791,3nms,A,P01024,human,True
PF17791,3ohx,A,P01024,human,True
PF17791,3ohx,D,P01024,human,True
PF17802,9c7v,B,Q5JPE7,human,True
PF17802,9c7u,B,Q5JPE7,human,False
PF17812,4ux8,A,P07949,human,True
PF17812,4ux8,B,P07949,human,True
PF17812,6gl7,E,P07949,human,True
PF17812,6gl7,F,P07949,human,True
PF17812,6q2j,E,P07949,human,True
PF17812,6q2j,F,P07949,human,True
PF17812,6q2n,E,P07949,human,True
PF17812,6q2n,F,P07949,human,True
PF17812,6q2o,E,P07949,human,True
PF17812,6q2o,F,P07949,human,True
PF17812,6q2r,E,P07949,human,True
PF17812,6q2r,F,P07949,human,True
PF17812,6q2r,Y,P07949,human,True
PF17812,6q2r,Z,P07949,human,True
PF17812,6q2s,E,P07949,human,True
PF17812,6q2s,F,P07949,human,True
PF17813,4ux8,A,P07949,human,True
PF17813,4ux8,B,P07949,human,True
PF17813,6gl7,E,P07949,human,True
PF17813,6gl7,F,P07949,human,True
PF17813,6q2j,E,P07949,human,True
PF17813,6q2j,F,P07949,human,True
PF17813,6q2n,E,P07949,human,True
PF17813,6q2n,F,P07949,human,True
PF17813,6q2o,E,P07949,human,True
PF17813,6q2o,F,P07949,human,True
PF17813,6q2r,E,P07949,human,True
PF17813,6q2r,F,P07949,human,True
PF17813,6q2r,Y,P07949,human,True
PF17813,6q2r,Z,P07949,human,True
PF17813,6q2s,E,P07949,human,True
PF17813,6q2s,F,P07949,human,True
PF17835,6lss,4,Q9BZE4,human,True
PF17835,6lu8,4,Q9BZE4,human,True
PF17835,8fkp,SR,Q9BZE4,human,True
PF17835,8fkq,SR,Q9BZE4,human,True
PF17835,8fkr,SR,Q9BZE4,human,True
PF17835,8fks,SR,Q9BZE4,human,True
PF17835,8fkt,SR,Q9BZE4,human,True
PF17835,8fku,SR,Q9BZE4,human,True
PF17835,8fkv,SR,Q9BZE4,human,True
PF17835,8fkw,SR,Q9BZE4,human,True
PF17835,8fkx,SR,Q9BZE4,human,True
PF17835,8fky,SR,Q9BZE4,human,True
PF17835,8fkz,SR,Q9BZE4,human,True
PF17835,8fl0,SR,Q9BZE4,human,True
PF17835,8fl2,SR,Q9BZE4,human,True
PF17835,8fl3,SR,Q9BZE4,human,True
PF17835,8fl4,SR,Q9BZE4,human,True
PF17835,8fl6,SR,Q9BZE4,human,True
PF17835,8fl7,SR,Q9BZE4,human,True
PF17835,8fl9,SR,Q9BZE4,human,True
PF17900,1gw6,A,P09960,human,True
PF17900,1h19,A,P09960,human,True
PF17900,1hs6,A,P09960,human,True
PF17900,1sqm,A,P09960,human,True
PF17900,2r59,A,P09960,human,True
PF17900,2vj8,A,P09960,human,True
PF17900,2yd0,A,Q9NZ08,human,True
PF17900,3b7r,L,P09960,human,True
PF17900,3b7s,A,P09960,human,True
PF17900,3b7t,A,P09960,human,True
PF17900,3b7u,X,P09960,human,True
PF17900,3cho,A,P09960,human,True
PF17900,3chp,A,P09960,human,True
PF17900,3chq,A,P09960,human,True
PF17900,3chr,A,P09960,human,True
PF17900,3chs,A,P09960,human,True
PF17900,3fh5,A,P09960,human,True
PF17900,3fh7,A,P09960,human,True
PF17900,3fh8,A,P09960,human,True
PF17900,3fhe,A,P09960,human,True
PF17960,7y4p,A,Q9UIW2,human,True
PF17960,7y4q,A,Q9UIW2,human,True
PF17960,7y4q,B,Q9UIW2,human,True
PF17960,9j4c,A,Q9UIW2,human,True
PF17960,3okt,A,P70207,mouse,True
PF17960,3oky,A,P70207,mouse,True
PF17960,4gza,A,P70207,mouse,True
PF17960,4gza,B,P70207,mouse,True
PF17960,4gza,C,P70207,mouse,True
PF17960,4gza,D,P70207,mouse,True
PF17960,4gza,E,P70207,mouse,True
PF17960,4gza,F,P70207,mouse,True
PF17960,5l56,A,P70206,mouse,True
PF17960,5l59,A,P70206,mouse,True
PF17960,5l59,B,P70206,mouse,True
PF17960,5l5c,A,P70206,mouse,True
PF17960,5l5g,A,P70207,mouse,True
PF17960,5l5g,B,P70207,mouse,True
PF17960,5l5g,C,P70207,mouse,True
PF17960,5l5g,D,P70207,mouse,True
PF17960,5l5k,A,Q80UG2,mouse,True
PF17960,5l5l,A,Q80UG2,mouse,True
PF17960,5l5l,B,Q80UG2,mouse,True
PF17960,5l5m,A,Q80UG2,mouse,True
PF17960,5l5n,A,Q80UG2,mouse,True
PF17960,7m0r,A,Q80UG2,mouse,True
PF17960,7m0r,B,Q80UG2,mouse,True
PF17971,22pl,C,Q99650,human,True
PF17971,3e0g,A,P42702,human,True
PF17971,8d6a,B,P42702,human,True
PF17971,8d74,B,P42702,human,True
PF17971,8d7r,B,P42702,human,True
PF17971,8v29,C,P42702,human,True
PF17971,8v2a,C,P42702,human,True
PF17971,2q7n,A,P42703,mouse,True
PF17971,2q7n,C,P42703,mouse,True
PF17971,8v2b,C,O70458,mouse,True
PF17971,8v2c,C,O70458,mouse,True
PF18001,3bpn,C,P78552,human,True
PF18001,3bpo,C,P78552,human,True
PF18001,5e4e,C,P78552,human,True
PF18020,5l56,A,P70206,mouse,True
PF18020,5l59,A,P70206,mouse,True
PF18020,5l59,B,P70206,mouse,True
PF18020,5l5c,A,P70206,mouse,True
PF18020,5l5g,A,P70207,mouse,True
PF18020,5l5g,B,P70207,mouse,True
PF18020,5l5g,C,P70207,mouse,True
PF18020,5l5g,D,P70207,mouse,True
PF18020,5l5k,A,Q80UG2,mouse,True
PF18020,5l5l,A,Q80UG2,mouse,True
PF18020,5l5l,B,Q80UG2,mouse,True
PF18020,5l5m,A,Q80UG2,mouse,True
PF18020,5l5n,A,Q80UG2,mouse,True
PF18020,5l74,A,P70207,mouse,True
PF18020,7m0r,A,Q80UG2,mouse,True
PF18020,7m0r,B,Q80UG2,mouse,True
PF18139,30kz,A,Q8TD43,human,True
PF18139,30kz,B,Q8TD43,human,True
PF18139,30kz,C,Q8TD43,human,True
PF18139,30kz,D,Q8TD43,human,True
PF18139,30ld,A,Q8TD43,human,True
PF18139,30ld,B,Q8TD43,human,True
PF18139,30ld,C,Q8TD43,human,True
PF18139,30ld,D,Q8TD43,human,True
PF18139,5wp6,A,Q8TD43,human,True
PF18139,5wp6,B,Q8TD43,human,True
PF18139,5wp6,C,Q8TD43,human,True
PF18139,5wp6,D,Q8TD43,human,True
PF18139,6bqr,A,Q8TD43,human,True
PF18139,6bqr,B,Q8TD43,human,True
PF18139,6bqr,C,Q8TD43,human,True
PF18139,6bqr,D,Q8TD43,human,True
PF18139,6bqv,A,Q8TD43,human,True
PF18139,6bqv,B,Q8TD43,human,True
PF18139,6bqv,C,Q8TD43,human,True
PF18139,6bqv,D,Q8TD43,human,True
PF18139,6mix,A,O94759,human,True
PF18139,6mix,B,O94759,human,True
PF18139,6mix,C,O94759,human,True
PF18139,6mix,D,O94759,human,True
PF18139,6miz,A,O94759,human,True
PF18139,6miz,B,O94759,human,True
PF18139,6miz,C,O94759,human,True
PF18139,6miz,D,O94759,human,True
PF18139,6mj2,A,O94759,human,True
PF18139,6mj2,B,O94759,human,True
PF18139,6mj2,C,O94759,human,True
PF18139,6mj2,D,O94759,human,True
PF18139,6puo,A,O94759,human,True
PF18139,6puo,B,O94759,human,True
PF18139,6puo,C,O94759,human,True
PF18139,6puo,D,O94759,human,True
PF18139,6pur,A,O94759,human,True
PF18139,6pur,B,O94759,human,True
PF18139,6pur,C,O94759,human,True
PF18139,6pur,D,O94759,human,True
PF18139,6pus,A,O94759,human,True
PF18139,6pus,B,O94759,human,True
PF18139,6pus,C,O94759,human,True
PF18139,6pus,D,O94759,human,True
PF18139,6puu,A,O94759,human,True
PF18139,6puu,B,O94759,human,True
PF18139,6puu,C,O94759,human,True
PF18139,6puu,D,O94759,human,True
PF18139,7vq1,A,O94759,human,True
PF18139,7vq1,B,O94759,human,True
PF18139,7vq1,C,O94759,human,True
PF18139,7vq1,D,O94759,human,True
PF18139,8bdc,A,Q7Z2W7,human,True
PF18139,8bdc,B,Q7Z2W7,human,True
PF18139,8bdc,C,Q7Z2W7,human,True
PF18139,8bdc,D,Q7Z2W7,human,True
PF18139,8e6q,A,O94759,human,True
PF18139,8e6q,B,O94759,human,True
PF18139,8e6q,C,O94759,human,True
PF18139,8e6q,D,O94759,human,True
PF18139,8e6r,A,O94759,human,True
PF18139,8e6r,B,O94759,human,True
PF18139,8e6r,C,O94759,human,True
PF18139,8e6r,D,O94759,human,True
PF18139,8e6s,A,O94759,human,True
PF18139,8e6s,B,O94759,human,True
PF18139,8e6s,C,O94759,human,True
PF18139,8e6s,D,O94759,human,True
PF18139,8e6t,A,O94759,human,True
PF18139,8e6t,B,O94759,human,True
PF18139,8e6t,C,O94759,human,True
PF18139,8e6t,D,O94759,human,True
PF18139,8e6u,A,O94759,human,True
PF18139,8e6u,B,O94759,human,True
PF18139,8e6u,C,O94759,human,True
PF18139,8e6u,D,O94759,human,True
PF18139,8e6v,A,O94759,human,True
PF18207,8d6a,B,P42702,human,True
PF18207,8d74,B,P42702,human,True
PF18207,8d7r,B,P42702,human,True
PF18207,8v29,C,P42702,human,True
PF18207,8v2a,C,P42702,human,True
PF18207,3e0g,A,P42702,human,False
PF18207,2q7n,A,P42703,mouse,False
PF18207,2q7n,C,P42703,mouse,False
PF18212,4kng,E,Q68DV7,human,True
PF18212,4kng,F,Q68DV7,human,True
PF18212,8g4y,A,Q9ULT6,human,True
PF18212,8wvu,C,Q68DV7,human,True
PF18212,8xfp,C,Q9ULT6,human,True
PF18212,8xfp,H,Q9ULT6,human,True
PF18212,8xfs,C,Q9ULT6,human,True
PF18212,8xfs,E,Q9ULT6,human,True
PF18212,8xft,C,Q9ULT6,human,True
PF18212,8y69,C,Q9ULT6,human,True
PF18212,8y69,H,Q9ULT6,human,True
PF18212,9kb8,B,Q9ULT6,human,True
PF18212,9kb8,D,Q9ULT6,human,True
PF18212,9kb9,C,Q9ULT6,human,True
PF18212,9kb9,E,Q9ULT6,human,True
PF18212,4ufs,C,Q9ULT6,human,False
PF18212,4c86,A,Q5SSZ7,mouse,True
PF18212,4c86,B,Q5SSZ7,mouse,True
PF18212,4c8a,A,Q5SSZ7,mouse,True
PF18212,4c8a,B,Q5SSZ7,mouse,True
PF18212,4c8a,C,Q5SSZ7,mouse,True
PF18212,4c8c,A,Q5SSZ7,mouse,True
PF18212,4c8c,B,Q5SSZ7,mouse,True
PF18212,4c8f,A,Q5SSZ7,mouse,True
PF18212,4c8f,B,Q5SSZ7,mouse,True
PF18212,4c8f,C,Q5SSZ7,mouse,True
PF18212,4c8f,D,Q5SSZ7,mouse,True
PF18212,4c8p,A,Q5SSZ7,mouse,True
PF18212,4c99,A,Q5SSZ7,mouse,True
PF18212,4c99,C,Q5SSZ7,mouse,True
PF18212,4c9a,A,Q5SSZ7,mouse,True
PF18212,4c9a,C,Q5SSZ7,mouse,True
PF18212,4c9e,A,Q5SSZ7,mouse,True
PF18212,4c9e,C,Q5SSZ7,mouse,True
PF18212,4c9e,E,Q5SSZ7,mouse,True
PF18212,4c9e,G,Q5SSZ7,mouse,True
PF18212,4cdj,A,Q5SSZ7,mouse,True
PF18212,4cdj,B,Q5SSZ7,mouse,True
PF18212,4cdk,A,Q5SSZ7,mouse,True
PF18212,4cdk,B,Q5SSZ7,mouse,True
PF18212,4cdk,C,Q5SSZ7,mouse,True
PF18212,4cdk,D,Q5SSZ7,mouse,True
PF18266,5a63,A,Q92542,human,True
PF18266,5fn2,A,Q92542,human,True
PF18266,5fn3,A,Q92542,human,True
PF18266,5fn4,A,Q92542,human,True
PF18266,5fn5,A,Q92542,human,True
PF18266,6idf,A,Q92542,human,True
PF18266,6iyc,A,Q92542,human,True
PF18266,6lqg,A,Q92542,human,True
PF18266,6lr4,A,Q92542,human,True
PF18266,7c9i,A,Q92542,human,True
PF18266,7d8x,A,Q92542,human,True
PF18266,7y5t,A,Q92542,human,True
PF18266,7y5x,A,Q92542,human,True
PF18266,7y5z,A,Q92542,human,True
PF18266,8im7,A,Q92542,human,True
PF18266,8k8e,A,Q92542,human,True
PF18266,8kco,A,Q92542,human,True
PF18266,8kcp,A,Q92542,human,True
PF18266,8kcs,A,Q92542,human,True
PF18266,8kct,A,Q92542,human,True
PF18278,3me2,R,O35305,mouse,True
PF18278,3me4,A,O35305,mouse,True
PF18278,3me4,B,O35305,mouse,True
PF18278,3qbq,B,O35305,mouse,True
PF18278,3qbq,D,O35305,mouse,True
PF18278,4giq,R,O35305,mouse,True
PF18278,5bnq,R,O35305,mouse,True
PF18372,11yb,B,P05106,human,True
PF18372,1jv2,B,P05106,human,True
PF18372,1l5g,B,P05106,human,True
PF18372,1m1x,B,P05106,human,True
PF18372,1u8c,B,P05106,human,True
PF18372,3fcs,B,P05106,human,True
PF18372,3fcs,D,P05106,human,True
PF18372,3ije,B,P05106,human,True
PF18372,3nid,B,P05106,human,True
PF18372,3nid,D,P05106,human,True
PF18372,3nif,B,P05106,human,True
PF18372,3nif,D,P05106,human,True
PF18372,3nig,B,P05106,human,True
PF18372,3nig,D,P05106,human,True
PF18372,3t3m,B,P05106,human,True
PF18372,3t3m,D,P05106,human,True
PF18372,3t3p,B,P05106,human,True
PF18372,3t3p,D,P05106,human,True
PF18372,3zdx,B,P05106,human,True
PF18372,3zdx,D,P05106,human,True
PF18372,3zdy,B,P05106,human,True
PF18372,3zdy,D,P05106,human,True
PF18372,3zdz,B,P05106,human,True
PF18372,3zdz,D,P05106,human,True
PF18372,3ze0,B,P05106,human,True
PF18372,3ze0,D,P05106,human,True
PF18372,3ze1,B,P05106,human,True
PF18372,3ze1,D,P05106,human,True
PF18372,3ze2,B,P05106,human,True
PF18372,3ze2,D,P05106,human,True
PF18372,4cak,B,P05106,human,True
PF18372,4g1e,B,P05106,human,True
PF18411,5j67,A,O75129,human,True
PF18411,5j67,B,O75129,human,True
PF18411,5j67,C,O75129,human,True
PF18411,5j67,D,O75129,human,True
PF18411,5j68,A,O75129,human,True
PF18432,6mfo,A,Q96QU1,human,True
PF18432,6n2e,A,Q96QU1,human,True
PF18432,6n2e,B,Q96QU1,human,True
PF18432,11iy,C,Q99PJ1,mouse,True
PF18432,11iy,D,Q99PJ1,mouse,True
PF18432,4apx,B,Q99PJ1,mouse,True
PF18432,4aq8,C,Q99PJ1,mouse,True
PF18432,4aq8,D,Q99PJ1,mouse,True
PF18432,4aqa,B,Q99PJ1,mouse,True
PF18432,4aqe,B,Q99PJ1,mouse,True
PF18432,4axw,B,Q99PJ1,mouse,True
PF18432,6cv7,A,Q99PJ1,mouse,True
PF18432,6n22,A,Q99PJ1,mouse,True
PF18432,4xxw,A,Q99PJ1,mouse,False
PF18432,4xxw,B,Q99PJ1,mouse,False
PF18447,3di2,B,P16871,human,True
PF18447,3di2,D,P16871,human,True
PF18447,3di3,B,P16871,human,True
PF18447,3up1,A,P16871,human,True
PF18447,3up1,B,P16871,human,True
PF18447,5j11,B,P16871,human,True
PF18447,6p50,C,P16871,human,True
PF18447,6p67,G,P16871,human,True
PF18447,6p67,I,P16871,human,True
PF18447,6p67,J,P16871,human,True
PF18447,6p67,K,P16871,human,True
PF18447,7opb,A,P16871,human,False
PF18447,7opb,B,P16871,human,False
PF18447,7opb,C,P16871,human,False
PF18447,4nn5,B,P16872,mouse,True
PF18447,4nn6,B,P16872,mouse,True
PF18447,4nn7,B,P16872,mouse,True
PF18447,5j12,B,P16872,mouse,True
PF18452,1ira,Y,P14778,human,True
PF18452,1itb,B,P14778,human,True
PF18452,3o4o,B,Q9NPH3,human,True
PF18452,3wo4,C,O95256,human,True
PF18452,4dep,B,P14778,human,True
PF18452,4dep,C,Q9NPH3,human,True
PF18452,4dep,E,P14778,human,True
PF18452,4dep,F,Q9NPH3,human,True
PF18452,4gaf,B,P14778,human,True
PF18452,5wy8,B,Q9NZN1,human,True
PF18452,6kn9,A,O95256,human,True
PF18452,6kn9,B,O95256,human,True
PF18452,6kn9,C,O95256,human,True
PF18452,9i7x,A,Q9NPH3,human,True
PF18452,1g0y,R,P14778,human,False
PF18452,4yfd,B,Q61730,mouse,True
PF18452,4yh6,A,P59823,mouse,True
PF18452,4yh6,B,P59823,mouse,True
PF18452,4yh7,B,P59823,mouse,True
PF18452,5vi4,C,Q61730,mouse,True
PF18452,5vi4,F,Q61730,mouse,True
PF18452,5y32,B,P59823,mouse,True
PF18577,5j67,A,O75129,human,True
PF18577,5j67,B,O75129,human,True
PF18577,5j67,C,O75129,human,True
PF18577,5j67,D,O75129,human,True
PF18577,5j68,A,O75129,human,True
PF18587,5kvm,A,Q8K209,mouse,True
PF18589,3v6o,A,P48357,human,True
PF18589,3v6o,B,P48357,human,True
PF18589,7z3q,B,P48357,human,True
PF18589,7z3q,D,P48357,human,True
PF18589,7z3q,F,P48357,human,True
PF18589,8ave,B,P48357,human,True
PF18589,8ave,D,P48357,human,True
PF18589,8avf,B,P48357,human,True
PF18589,8avf,D,P48357,human,True
PF18589,8avf,F,P48357,human,True
PF18589,8avo,B,P48357,human,True
PF18589,8avo,D,P48357,human,True
PF18589,8avo,F,P48357,human,True
PF18589,8x80,A,P48357,human,True
PF18589,8x80,B,P48357,human,True
PF18589,8x80,C,P48357,human,True
PF18589,8x81,A,P48357,human,True
PF18589,8x81,B,P48357,human,True
PF18589,8x81,C,P48357,human,True
PF18589,8x85,A,P48357,human,True
PF18589,8x85,B,P48357,human,True
PF18589,7z3p,B,P48356,mouse,True
PF18589,7z3r,B,P48356,mouse,True
PF18589,8avb,B,P48356,mouse,True
PF18589,8avb,F,P48356,mouse,True
PF18589,8avc,B,P48356,mouse,True
PF18589,8avc,D,P48356,mouse,True
PF18589,8avc,F,P48356,mouse,True
PF18589,8avd,B,P48356,mouse,True
PF18589,8avd,D,P48356,mouse,True
PF18589,8avd,F,P48356,mouse,True
PF18589,8b7q,B,P48356,mouse,True
PF18589,8b7q,F,P48356,mouse,True
PF18589,8dh8,A,P48356,mouse,True
PF18589,8dh8,B,P48356,mouse,True
PF18589,8dh9,A,P48356,mouse,True
PF18589,8dh9,B,P48356,mouse,True
PF18589,8dha,A,P48356,mouse,True
PF18589,8dha,B,P48356,mouse,True
PF18611,4jzj,C,P26951,human,True
PF18611,4jzj,D,P26951,human,True
PF18611,4rs1,B,P15509,human,True
PF18611,5uv8,A,P26951,human,True
PF18611,5uv8,G,P26951,human,True
PF18611,5uwc,G,P26951,human,True
PF18611,6nmy,F,P26951,human,True
PF18611,6nmy,M,P26951,human,True
PF18619,9s9u,A,Q9Y653,human,False
PF18619,9s9u,B,Q9Y653,human,False
PF18619,9s9u,C,Q9Y653,human,False
PF18619,9s9u,D,Q9Y653,human,False
PF18619,5kvm,A,Q8K209,mouse,True
PF18635,4mzv,A,P16422,human,True
PF18635,6i07,C,P16422,human,True
PF18635,6i07,D,P16422,human,True
PF18635,7e5m,A,P09758,human,True
PF18635,7e5m,B,P09758,human,True
PF18635,7e5n,A,P09758,human,True
PF18635,7e5n,B,P09758,human,True
PF18635,7e5n,C,P09758,human,True
PF18635,7e5n,D,P09758,human,True
PF18635,7pee,A,P09758,human,True
PF18635,7pee,B,P09758,human,True
PF18635,7pee,C,P09758,human,True
PF18635,7pee,D,P09758,human,True
PF18635,9pi9,E,P09758,human,True
PF18635,9pi9,F,P09758,human,True
PF18707,2b5i,B,P14784,human,True
PF18707,2erj,B,P14784,human,True
PF18707,2erj,F,P14784,human,True
PF18707,3qaz,B,P14784,human,True
PF18707,3qaz,E,P14784,human,True
PF18707,3qaz,H,P14784,human,True
PF18707,3qaz,K,P14784,human,True
PF18707,3qaz,N,P14784,human,True
PF18707,3qaz,Q,P14784,human,True
PF18707,3qaz,T,P14784,human,True
PF18707,3qaz,W,P14784,human,True
PF18707,3qaz,Z,P14784,human,True
PF18707,3qaz,c,P14784,human,True
PF18707,3qaz,f,P14784,human,True
PF18707,3qaz,i,P14784,human,True
PF18707,4gs7,B,P14784,human,True
PF18707,5m5e,B,P14784,human,True
PF18707,7s2s,B,P14784,human,True
PF18707,7s2s,D,P14784,human,True
PF18707,9kmc,B,P14784,human,True
PF18707,6dg5,B,P16297,mouse,True
PF18831,3b2d,A,Q99467,human,True
PF18831,3b2d,B,Q99467,human,True
PF18831,3t6q,A,Q62192,mouse,True
PF18831,3t6q,B,Q62192,mouse,True
PF18837,3wpf,A,Q9EQU3,mouse,True
PF18837,3wpg,A,Q9EQU3,mouse,True
PF18837,3wph,A,Q9EQU3,mouse,True
PF18837,3wpi,A,Q9EQU3,mouse,True
PF18837,5zln,A,Q9EQU3,mouse,True
PF18837,5zln,B,Q9EQU3,mouse,True
PF19743,5j67,A,O75129,human,True
PF19743,5j67,B,O75129,human,True
PF19743,5j67,C,O75129,human,True
PF19743,5j67,D,O75129,human,True
PF19743,5j68,A,O75129,human,True
PF20519,5k47,A,Q13563,human,True
PF20519,5k47,B,Q13563,human,True
PF20519,5k47,C,Q13563,human,True
PF20519,5k47,D,Q13563,human,True
PF20519,5mke,A,Q13563,human,True
PF20519,5mke,B,Q13563,human,True
PF20519,5mke,C,Q13563,human,True
PF20519,5mke,D,Q13563,human,True
PF20519,5mkf,A,Q13563,human,True
PF20519,5mkf,B,Q13563,human,True
PF20519,5mkf,C,Q13563,human,True
PF20519,5mkf,D,Q13563,human,True
PF20519,5t4d,A,Q13563,human,True
PF20519,5t4d,B,Q13563,human,True
PF20519,5t4d,C,Q13563,human,True
PF20519,5t4d,D,Q13563,human,True
PF20519,6a70,A,Q13563,human,True
PF20519,6a70,B,P98161,human,True
PF20519,6a70,F,Q13563,human,True
PF20519,6a70,G,Q13563,human,True
PF20519,6d1w,A,Q13563,human,True
PF20519,6d1w,B,Q13563,human,True
PF20519,6d1w,C,Q13563,human,True
PF20519,6d1w,D,Q13563,human,True
PF20519,6du8,A,Q9P0L9,human,True
PF20519,6du8,B,Q9P0L9,human,True
PF20519,6du8,C,Q9P0L9,human,True
PF20519,6du8,D,Q9P0L9,human,True
PF20519,6t9n,A,Q13563,human,True
PF20519,6t9n,B,Q13563,human,True
PF20519,6t9n,C,Q13563,human,True
PF20519,6t9n,D,Q13563,human,True
PF20519,6t9o,A,Q13563,human,True
PF20519,6t9o,B,Q13563,human,True
PF20519,6t9o,C,Q13563,human,True
PF20519,6t9o,D,Q13563,human,True
PF20519,6wb8,A,Q13563,human,True
PF20519,6wb8,B,Q13563,human,True
PF20519,6wb8,C,Q13563,human,True
PF20519,6wb8,D,Q13563,human,True
PF20519,8hk7,A,Q13563,human,True
PF20519,8hk7,B,Q13563,human,True
PF20519,8hk7,C,Q13563,human,True
PF20519,8hk7,D,Q13563,human,True
PF20519,8k3s,A,Q13563,human,True
PF20519,8k3s,B,Q13563,human,True
PF20519,8k3s,C,Q13563,human,True
PF20519,8k3s,D,Q13563,human,True
PF20519,8z6b,A,P98161,human,True
PF20519,8z6b,B,Q13563,human,True
PF20519,8z6b,C,Q13563,human,True
PF20519,8z6b,D,Q13563,human,True
PF20519,8z6f,A,P98161,human,True
PF20519,8z6f,B,Q13563,human,True
PF20519,8z6f,C,Q13563,human,True
PF20519,8z6f,D,Q13563,human,True
PF20519,8z6h,A,P98161,human,True
PF20519,8z6h,B,Q13563,human,True
PF20519,8z6h,C,Q13563,human,True
PF20519,8z6h,D,Q13563,human,True
PF20519,8zkh,A,P98161,human,True
PF20519,8zkh,B,Q13563,human,True
PF20519,8zkh,C,Q13563,human,True
PF20519,8zkh,D,Q13563,human,True
PF20519,8zkr,A,P98161,human,True
PF20519,8zkr,B,Q13563,human,True
PF20519,8zkr,C,Q13563,human,True
PF20519,8zkr,D,Q13563,human,True
PF20519,8zks,A,P98161,human,True
PF20519,8zks,B,Q13563,human,True
PF20519,8zks,C,Q13563,human,True
PF20519,8zks,D,Q13563,human,True
PF20519,8zkt,A,P98161,human,True
PF20519,8zkt,B,Q13563,human,True
PF20519,8zkt,C,Q13563,human,True
PF20519,8zkt,D,Q13563,human,True
PF20519,8zku,A,P98161,human,True
PF20519,8zku,B,Q13563,human,True
PF20519,8zku,C,Q13563,human,True
PF20519,8zku,D,Q13563,human,True
PF20805,11yb,A,P08514,human,True
PF20805,1jv2,A,P06756,human,True
PF20805,1l5g,A,P06756,human,True
PF20805,1m1x,A,P06756,human,True
PF20805,1u8c,A,P06756,human,True
PF20805,3fcs,A,P08514,human,True
PF20805,3fcs,C,P08514,human,True
PF20805,3ije,A,P06756,human,True
PF20805,3k6s,A,P20702,human,True
PF20805,3k6s,C,P20702,human,True
PF20805,3k6s,E,P20702,human,True
PF20805,3k6s,G,P20702,human,True
PF20805,3k71,A,P20702,human,True
PF20805,3k71,C,P20702,human,True
PF20805,3k71,E,P20702,human,True
PF20805,3k71,G,P20702,human,True
PF20805,3k72,A,P20702,human,True
PF20805,3k72,C,P20702,human,True
PF20805,4cak,A,P08514,human,True
PF20805,4g1e,A,P06756,human,True
PF20805,4g1m,A,P06756,human,True
PF20805,4mmx,A,P06756,human,True
PF20805,4mmy,A,P06756,human,True
PF20805,4mmz,A,P06756,human,True
PF20805,4neh,A,P20702,human,True
PF20805,4nen,A,P20702,human,True
PF20805,4o02,A,P06756,human,True
PF20805,5es4,A,P20702,human,True
PF20805,5es4,C,P20702,human,True
PF20805,5es4,E,P20702,human,True
PF20805,5es4,G,P20702,human,True
PF20989,8yt8,A,P82350,mouse,True
PF21114,4ag4,A,Q08345,human,True
PF21114,8pe9,A,Q08345,human,True
PF21146,1mq8,A,P05362,human,True
PF21146,1mq8,C,P05362,human,True
PF21146,1p53,A,P05362,human,True
PF21146,1p53,B,P05362,human,True
PF21146,1z7z,I,P05362,human,True
PF21146,2oz4,A,P05362,human,True
PF21146,4oi9,A,Q9UMF0,human,True
PF21146,4oia,A,Q9UMF0,human,True
PF21146,4oia,B,Q9UMF0,human,True
PF21146,4oib,A,Q9UMF0,human,True
PF21146,7bg7,B,P05362,human,True
PF21177,22pl,C,Q99650,human,True
PF21177,3e0g,A,P42702,human,True
PF21177,8d6a,B,P42702,human,True
PF21177,8d74,B,P42702,human,True
PF21177,8d7r,B,P42702,human,True
PF21177,8v29,C,P42702,human,True
PF21177,8v2a,C,P42702,human,True
PF21177,2q7n,A,P42703,mouse,True
PF21177,2q7n,C,P42703,mouse,True
PF21177,8v2b,C,O70458,mouse,True
PF21177,8v2c,C,O70458,mouse,True
PF21339,1flt,X,P17948,human,True
PF21339,1flt,Y,P17948,human,True
PF21339,1qsv,A,P17948,human,True
PF21339,1qsz,A,P17948,human,True
PF21339,1qty,T,P17948,human,True
PF21339,1qty,U,P17948,human,True
PF21339,1qty,X,P17948,human,True
PF21339,1qty,Y,P17948,human,True
PF21339,1rv6,X,P17948,human,True
PF21339,1rv6,Y,P17948,human,True
PF21339,2x1w,L,P35968,human,True
PF21339,2x1w,M,P35968,human,True
PF21339,2x1w,N,P35968,human,True
PF21339,2x1w,O,P35968,human,True
PF21339,2x1x,R,P35968,human,True
PF21339,2xac,C,P17948,human,True
PF21339,2xac,X,P17948,human,True
PF21339,3v2a,R,P35968,human,True
PF21339,3v6b,R,P35968,human,True
PF21339,4bsk,A,P35916,human,True
PF21339,4ckv,X,P17948,human,True
PF21339,4cl7,A,P17948,human,True
PF21339,4cl7,B,P17948,human,True
PF21339,4cl7,C,P17948,human,True
PF21339,4cl7,D,P17948,human,True
PF21339,5abd,E,P17948,human,True
PF21339,5abd,I,P17948,human,True
PF21339,5abd,X,P17948,human,True
PF21339,5t89,X,P17948,human,True
PF21339,5t89,Y,P17948,human,True
PF21339,10ri,C,P35918,mouse,True
PF21339,10ri,D,P35918,mouse,True
PF21339,10rj,C,P35918,mouse,True
PF21339,10rj,D,P35918,mouse,True
PF21339,10rj,I,P35918,mouse,True
PF21339,10rj,J,P35918,mouse,True
PF21339,10rk,C,P35918,mouse,True
PF21339,10rk,D,P35918,mouse,True
PF21339,10rk,I,P35918,mouse,True
PF21339,10rk,J,P35918,mouse,True
PF21460,1gh7,A,P32927,human,True
PF21460,1gh7,B,P32927,human,True
PF21460,2gys,A,P32927,human,True
PF21460,2gys,B,P32927,human,True
PF21460,4nkq,A,P32927,human,True
PF21460,5dwu,A,P32927,human,True
PF21460,6nmy,A,P32927,human,True
PF21460,6nmy,C,P32927,human,True
PF21460,8tld,B,P32927,human,True
PF21460,8tld,E,P32927,human,True
PF21460,4qqv,A,P26954,mouse,True
PF21460,4qqv,B,P26954,mouse,True
PF21460,4qqv,C,P26954,mouse,True
PF21460,4qqv,D,P26954,mouse,True
PF21520,3k6s,A,P20702,human,True
PF21520,3k6s,C,P20702,human,True
PF21520,3k6s,E,P20702,human,True
PF21520,3k6s,G,P20702,human,True
PF21520,3k71,A,P20702,human,True
PF21520,3k71,C,P20702,human,True
PF21520,3k71,E,P20702,human,True
PF21520,3k71,G,P20702,human,True
PF21520,3k72,A,P20702,human,True
PF21520,3k72,C,P20702,human,True
PF21520,4neh,A,P20702,human,True
PF21520,4nen,A,P20702,human,True
PF21520,5es4,A,P20702,human,True
PF21520,5es4,C,P20702,human,True
PF21520,5es4,E,P20702,human,True
PF21520,5es4,G,P20702,human,True
PF21520,7usl,A,P11215,human,True
PF21520,7usm,A,P11215,human,True
PF21548,7eeb,E,A2RTF1,mouse,True
PF21548,9ubw,E,A2RTF1,mouse,True
PF21548,9ubw,e,A2RTF1,mouse,True
PF21548,9ubx,E,A2RTF1,mouse,True
PF21548,9ubx,e,A2RTF1,mouse,True
PF21548,9ubx,r,A2RTF1,mouse,True
PF21605,2b5i,C,P31785,human,True
PF21605,2erj,C,P31785,human,True
PF21605,2erj,G,P31785,human,True
PF21605,3bpl,C,P31785,human,True
PF21605,3qaz,C,P31785,human,True
PF21605,3qaz,F,P31785,human,True
PF21605,3qaz,I,P31785,human,True
PF21605,3qaz,L,P31785,human,True
PF21605,3qaz,O,P31785,human,True
PF21605,3qaz,R,P31785,human,True
PF21605,3qaz,U,P31785,human,True
PF21605,3qaz,X,P31785,human,True
PF21605,3qaz,a,P31785,human,True
PF21605,3qaz,d,P31785,human,True
PF21605,3qaz,g,P31785,human,True
PF21605,3qaz,j,P31785,human,True
PF21605,3qb7,C,P31785,human,True
PF21605,3qb7,D,P31785,human,True
PF21605,4gs7,C,P31785,human,True
PF21605,5j11,C,Q9HC73,human,True
PF21605,5j12,C,Q9HC73,human,True
PF21605,5m5e,C,P31785,human,True
PF21605,6oel,C,P31785,human,True
PF21605,7s2r,A,P31785,human,True
PF21605,8ent,C,P31785,human,True
PF21605,8ent,F,P31785,human,True
PF21605,8ent,I,P31785,human,True
PF21605,8epa,I,P31785,human,True
PF21605,9e2t,C,P31785,human,True
PF21605,9e2t,F,P31785,human,True
PF21605,9jqt,A,P31785,human,True
PF21605,9kmc,C,P31785,human,True
PF21605,4nn5,C,Q8CII9,mouse,True
PF21605,4nn6,C,Q8CII9,mouse,True
PF21605,4nn7,C,Q8CII9,mouse,True
PF21605,6dg5,C,P34902,mouse,True
PF21700,2vj2,A,P78504,human,True
PF21700,2vj2,B,P78504,human,True
PF21700,4cbz,A,P78504,human,True
PF21700,4cbz,B,P78504,human,True
PF21700,4cc0,A,P78504,human,True
PF21700,4cc0,B,P78504,human,True
PF21700,4cc1,A,P78504,human,True
PF21700,4cc1,B,P78504,human,True
PF21700,4xbm,A,O00548,human,True
PF21700,4xbm,B,O00548,human,True
PF21700,5bo1,A,P78504,human,True
PF21700,5bo1,B,P78504,human,True
PF21700,5mvx,A,Q9NR61,human,True
PF21700,5mw5,A,Q9Y219,human,True
PF21700,5mw7,A,Q9Y219,human,True
PF21700,5mwf,A,Q9Y219,human,True
PF21700,5mwf,B,Q9Y219,human,True
PF21700,5mwf,C,Q9Y219,human,True
PF21700,5mwf,D,Q9Y219,human,True
PF21700,5mwf,E,Q9Y219,human,True
PF21700,5mwf,F,Q9Y219,human,True
PF21700,2kb9,A,P78504,human,False
PF22012,2b5i,C,P31785,human,True
PF22012,2erj,C,P31785,human,True
PF22012,2erj,G,P31785,human,True
PF22012,3bpl,C,P31785,human,True
PF22012,3qaz,C,P31785,human,True
PF22012,3qaz,F,P31785,human,True
PF22012,3qaz,I,P31785,human,True
PF22012,3qaz,L,P31785,human,True
PF22012,3qaz,O,P31785,human,True
PF22012,3qaz,R,P31785,human,True
PF22012,3qaz,U,P31785,human,True
PF22012,3qaz,X,P31785,human,True
PF22012,3qaz,a,P31785,human,True
PF22012,3qaz,d,P31785,human,True
PF22012,3qaz,g,P31785,human,True
PF22012,3qaz,j,P31785,human,True
PF22012,3qb7,C,P31785,human,True
PF22012,3qb7,D,P31785,human,True
PF22012,4gs7,C,P31785,human,True
PF22012,5j11,C,Q9HC73,human,True
PF22012,5j12,C,Q9HC73,human,True
PF22012,5m5e,C,P31785,human,True
PF22012,7s2r,A,P31785,human,True
PF22012,8ent,C,P31785,human,True
PF22012,8ent,F,P31785,human,True
PF22012,8ent,I,P31785,human,True
PF22012,8epa,I,P31785,human,True
PF22012,9e2t,C,P31785,human,True
PF22012,9e2t,F,P31785,human,True
PF22012,9jqt,A,P31785,human,True
PF22012,9kmc,C,P31785,human,True
PF22012,6oel,C,P31785,human,False
PF22012,4nn5,C,Q8CII9,mouse,True
PF22012,4nn6,C,Q8CII9,mouse,True
PF22012,4nn7,C,Q8CII9,mouse,True
PF22012,6dg5,C,P34902,mouse,True
PF22073,7ptb,A,Q8TEP8,human,True
PF22352,2e7m,A,Q5VV43,human,True
PF22352,2yrl,A,Q8IZA0,human,True
PF22352,5h7v,A,O43278,human,True
PF22352,6ihb,R,Q8IZA0,human,True
PF22352,6jcq,R,Q8IZA0,human,True
PF22352,6jcs,R,Q8IZA0,human,True
PF22352,6nz0,Z,Q8IZA0,human,True
PF22352,7kpn,Z,Q8IZA0,human,True
PF22352,7ti5,Z,Q8IZA0,human,True
PF22352,7wjx,R,Q8IZA0,human,True
PF22352,7wqp,R,Q8IZA0,human,True
PF22352,5ezd,A,O43278,human,False
PF22352,5ezd,B,O43278,human,False
PF22352,9p4n,R,Q8K135,mouse,True
PF22352,9p4q,R,Q8K135,mouse,True
PF22572,7ewl,A,Q5T848,human,True
PF22572,7ewl,B,Q5T848,human,True
PF22572,7ewp,A,Q5T848,human,True
PF22572,7ewp,B,Q5T848,human,True
PF22572,7ewr,A,Q5T848,human,True
PF22572,7ewr,B,Q5T848,human,True
PF22572,7she,A,Q5T848,human,True
PF22572,7she,B,Q5T848,human,True
PF22572,7shf,A,Q5T848,human,True
PF22572,7shf,B,Q5T848,human,True
PF22572,8d1b,A,Q6PRD1,human,True
PF22572,8d1b,B,Q6PRD1,human,True
PF22572,8irj,A,Q6PRD1,human,True
PF22572,8irj,B,Q6PRD1,human,True
PF22572,9vor,A,Q5T848,human,True
PF22572,9vor,B,Q5T848,human,True
PF22572,9vos,A,Q5T848,human,True
PF22572,9vos,B,Q5T848,human,True
PF22705,22kk,A,Q6UXE8,human,True
PF22705,22kk,B,Q6UXE8,human,True
PF22705,22kk,C,Q6UX41,human,True
PF22705,22kk,D,Q6UX41,human,True
PF22705,4f80,A,O00481,human,True
PF22705,4f8q,A,P78410,human,True
PF22705,4f8t,A,O00478,human,True
PF22705,4f9l,A,O00481,human,True
PF22705,4f9l,B,O00481,human,True
PF22705,4f9p,A,O00481,human,True
PF22705,4f9p,B,O00481,human,True
PF22705,6x4g,C,O75144,human,True
PF22705,6x4t,A,O75144,human,True
PF22705,6x4t,C,O75144,human,True
PF22705,6xlq,A,O00481,human,True
PF22705,6xlq,D,O00481,human,True
PF22705,6xlq,G,O00481,human,True
PF22705,6xlq,J,O00481,human,True
PF22705,8dfw,A,Q7KYR7,human,True
PF22705,8dfw,B,Q7KYR7,human,True
PF22705,8dfx,A,Q7KYR7,human,True
PF22705,8dfx,B,O00481,human,True
PF22705,8dfy,A,Q7KYR7,human,True
PF22705,8dfy,B,Q7KYR7,human,True
PF22705,8dfy,C,Q7KYR7,human,True
PF22705,8dfy,D,Q7KYR7,human,True
PF22705,8dfy,E,Q7KYR7,human,True
PF22705,8vc7,C,Q7KYR7,human,True
PF22705,8vc7,E,Q7KYR7,human,True
PF22705,8za9,C,O00481,human,True
PF22705,8za9,D,O00481,human,True
PF22705,8za9,E,Q7KYR7,human,True
PF22705,8za9,G,Q7KYR7,human,True
PF22705,8zab,C,O00481,human,True
PF22705,8zab,D,O00481,human,True
PF22705,8zab,E,Q7KYR7,human,True
PF22705,8zab,G,Q7KYR7,human,True
PF22705,8zhr,A,Q7KYR7,human,True
PF22705,8zhr,B,Q7KYR7,human,True
PF22705,8zhr,E,P78410,human,True
PF22705,8zhr,F,O00481,human,True
PF22705,8zjx,A,Q7KYR7,human,True
PF22705,8zjx,B,Q7KYR7,human,True
PF22705,8zjx,E,P78410,human,True
PF22705,8zjx,F,O00481,human,True
PF22705,8zjy,A,Q7KYR7,human,True
PF22705,8zjy,B,Q7KYR7,human,True
PF22705,8zjy,E,O00478,human,True
PF22705,8zjy,F,O00481,human,True
PF22705,8zjz,A,Q7KYR7,human,True
PF22705,8zjz,B,Q7KYR7,human,True
PF22705,8zjz,E,O00478,human,True
PF22705,8zjz,F,O00481,human,True
PF22705,8zk0,A,Q7KYR7,human,True
PF22705,8zk0,B,Q7KYR7,human,True
PF22705,8zk0,E,P78410,human,True
PF22705,8zk0,F,O00481,human,True
PF22831,7eeb,E,A2RTF1,mouse,True
PF22831,9ubw,E,A2RTF1,mouse,True
PF22831,9ubw,e,A2RTF1,mouse,True
PF22831,9ubx,E,A2RTF1,mouse,True
PF22831,9ubx,e,A2RTF1,mouse,True
PF22831,9ubx,r,A2RTF1,mouse,True
PF22844,7eeb,H,P0DP43,mouse,True
PF22844,9ubw,H,P0DP43,mouse,True
PF22844,9ubw,h,P0DP43,mouse,True
PF22844,9ubx,H,P0DP43,mouse,True
PF22844,9ubx,h,P0DP43,mouse,True
PF22844,9ubx,u,P0DP43,mouse,True
PF22849,7eeb,H,P0DP43,mouse,True
PF22849,9ubw,H,P0DP43,mouse,True
PF22849,9ubw,h,P0DP43,mouse,True
PF22849,9ubx,H,P0DP43,mouse,True
PF22849,9ubx,h,P0DP43,mouse,True
PF22849,9ubx,u,P0DP43,mouse,True
PF22851,7eeb,F,C6KI89,mouse,True
PF22851,9ubw,F,C6KI89,mouse,True
PF22851,9ubw,f,C6KI89,mouse,True
PF22851,9ubx,F,C6KI89,mouse,True
PF22851,9ubx,f,C6KI89,mouse,True
PF22851,9ubx,s,C6KI89,mouse,True
PF22854,3v2a,R,P35968,human,True
PF22854,4bsk,A,P35916,human,False
PF22854,5t89,X,P17948,human,False
PF22854,5t89,Y,P17948,human,False
PF22854,10ri,C,P35918,mouse,True
PF22854,10ri,D,P35918,mouse,True
PF22854,10rj,C,P35918,mouse,True
PF22854,10rj,D,P35918,mouse,True
PF22854,10rj,I,P35918,mouse,True
PF22854,10rj,J,P35918,mouse,True
PF22854,10rk,C,P35918,mouse,True
PF22854,10rk,D,P35918,mouse,True
PF22854,10rk,I,P35918,mouse,True
PF22854,10rk,J,P35918,mouse,True
PF22898,9c7v,B,Q5JPE7,human,True
PF22902,9c7v,B,Q5JPE7,human,True
PF22904,9c7v,B,Q5JPE7,human,True
PF22955,8tzp,C,O95980,human,True
PF22971,3v2a,R,P35968,human,True
PF22971,5t89,X,P17948,human,True
PF22971,5t89,Y,P17948,human,True
PF22971,3v6b,R,P35968,human,False
PF22971,4bsj,A,P35916,human,False
PF22971,5oyj,C,P35968,human,False
PF22971,5oyj,D,P35968,human,False
PF22971,10ri,C,P35918,mouse,True
PF22971,10ri,D,P35918,mouse,True
PF22971,10rj,C,P35918,mouse,True
PF22971,10rj,D,P35918,mouse,True
PF22971,10rj,I,P35918,mouse,True
PF22971,10rj,J,P35918,mouse,True
PF22971,10rk,C,P35918,mouse,True
PF22971,10rk,D,P35918,mouse,True
PF22971,10rk,I,P35918,mouse,True
PF22971,10rk,J,P35918,mouse,True
PF22986,25tv,C,P0C7U0,human,True
PF22986,25tw,C,P0C7U0,human,True
PF22986,25tw,D,P0C7U0,human,True
PF22986,25tx,C,P0C7U0,human,True
PF22986,25tx,D,P0C7U0,human,True
PF22986,25ty,C,P0C7U0,human,True
PF22986,25ty,D,P0C7U0,human,True
PF22986,25uj,C,P0C7U0,human,True
PF22986,25uj,D,P0C7U0,human,True
PF23031,9vql,A,A2AFS3,mouse,True
PF23031,9vql,B,A2AFS3,mouse,True
PF23031,9vqm,A,A2AFS3,mouse,True
PF23031,9vqm,B,A2AFS3,mouse,True
PF23031,9vqm,C,A2AFS3,mouse,True
PF23031,9vqm,D,A2AFS3,mouse,True
PF23032,9vql,A,A2AFS3,mouse,True
PF23032,9vql,B,A2AFS3,mouse,True
PF23032,9vqm,A,A2AFS3,mouse,True
PF23032,9vqm,B,A2AFS3,mouse,True
PF23032,9vqm,C,A2AFS3,mouse,True
PF23032,9vqm,D,A2AFS3,mouse,True
PF23093,8r50,A,Q9WTS6,mouse,True
PF23093,8r50,B,Q9WTS6,mouse,True
PF23093,8r51,A,Q9WTS6,mouse,True
PF23093,8r54,A,Q9WTS6,mouse,True
PF23093,9g2f,A,A0A0A0MQB7,mouse,True
PF23093,9g2f,B,A0A0A0MQB7,mouse,True
PF23093,9g2h,A,A0A0A0MQB7,mouse,True
PF23093,9g2h,B,A0A0A0MQB7,mouse,True
PF23093,9g41,A,A0A0A0MQB7,mouse,True
PF23093,9g41,B,A0A0A0MQB7,mouse,True
PF23093,9g42,A,A0A0A0MQB7,mouse,True
PF23093,9g42,B,A0A0A0MQB7,mouse,True
PF23093,9igs,A,Q9WTS6,mouse,True
PF23093,9igs,B,Q9WTS6,mouse,True
PF23105,11yb,B,P05106,human,True
PF23105,1jv2,B,P05106,human,True
PF23105,1l5g,B,P05106,human,True
PF23105,1m1x,B,P05106,human,True
PF23105,1u8c,B,P05106,human,True
PF23105,2p26,A,P05107,human,True
PF23105,2p28,B,P05107,human,True
PF23105,3fcs,B,P05106,human,True
PF23105,3fcs,D,P05106,human,True
PF23105,3ije,B,P05106,human,True
PF23105,3k6s,B,P05107,human,True
PF23105,3k6s,D,P05107,human,True
PF23105,3k6s,F,P05107,human,True
PF23105,3k6s,H,P05107,human,True
PF23105,3k71,B,P05107,human,True
PF23105,3k71,D,P05107,human,True
PF23105,3k71,F,P05107,human,True
PF23105,3k71,H,P05107,human,True
PF23105,3k72,B,P05107,human,True
PF23105,3k72,D,P05107,human,True
PF23105,4cak,B,P05106,human,True
PF23105,4g1e,B,P05106,human,True
PF23105,4g1m,B,P05106,human,True
PF23105,4mmx,B,P05106,human,True
PF23105,4mmy,B,P05106,human,True
PF23105,4mmz,B,P05106,human,True
PF23105,4neh,B,P05107,human,True
PF23105,4nen,B,P05107,human,True
PF23106,6djp,B,P26012,human,True
PF23106,6uja,B,P26012,human,True
PF23106,6ujb,B,P26012,human,True
PF23106,6ujc,B,P26012,human,True
PF23106,8vs6,B,P26012,human,True
PF23106,7lyu,A,Q60841,mouse,True
PF23106,7lyu,B,Q60841,mouse,True
PF23141,9c7v,B,Q5JPE7,human,True
PF23144,2v5y,A,P28827,human,True
PF23144,8a16,A,P28827,human,False
PF23144,8a16,B,P28827,human,False
PF23144,8a17,A,P28827,human,False
PF23144,8a17,B,P28827,human,False
PF23144,8a17,C,P28827,human,False
PF23144,8a17,D,P28827,human,False
PF23192,9c7u,B,Q5JPE7,human,True
PF23192,9c7v,B,Q5JPE7,human,True
PF23193,9c7v,B,Q5JPE7,human,True
PF23194,9c7v,B,Q5JPE7,human,True
PF23298,8tzp,C,O95980,human,True
PF23344,4wrn,A,P07911,human,True
PF23344,4wrn,B,P07911,human,True
PF23344,6tqk,A,P07911,human,True
PF23344,6tqk,B,P07911,human,True
PF23344,6tqk,C,P07911,human,True
PF23344,6tql,A,P07911,human,True
PF23344,6tql,B,P07911,human,True
PF23344,6tql,C,P07911,human,True
PF23344,6zs5,A,P07911,human,True
PF23344,6zs5,D,P07911,human,True
PF23344,6zya,A,P07911,human,True
PF23344,7lbg,D,Q03167,human,True
PF23344,7pfp,A,P07911,human,True
PF23344,7pfp,B,P07911,human,True
PF23344,7pfp,C,P07911,human,True
PF23344,7q3n,U,P07911,human,True
PF23344,8xc5,A,P55259,human,True
PF23344,8xc5,B,P55259,human,True
PF23344,8xc5,C,P55259,human,True
PF23344,9nu1,A,P07911,human,True
PF23344,9nu1,B,P07911,human,True
PF23344,9nu1,C,P07911,human,True
PF23344,9nu1,S,P07911,human,True
PF23344,9nu2,A,P07911,human,True
PF23344,9nu2,B,P07911,human,True
PF23344,9nu2,C,P07911,human,True
PF23344,9nu2,D,P07911,human,True
PF23344,9nu2,E,P07911,human,True
PF23344,9nu2,F,P07911,human,True
PF23344,9nu2,G,P07911,human,True
PF23344,9nu2,H,P07911,human,True
PF23344,9nu2,I,P07911,human,True
PF23344,9nu2,J,P07911,human,True
PF23344,9nu2,K,P07911,human,True
PF23344,9nu2,L,P07911,human,True
PF23344,9nu2,M,P07911,human,True
PF23344,9nu2,N,P07911,human,True
PF23344,9nu2,O,P07911,human,True
PF23344,9nu2,P,P07911,human,True
PF23344,9nu2,Q,P07911,human,True
PF23344,9nu2,R,P07911,human,True
PF23344,9nu3,A,P07911,human,True
PF23344,9nu3,B,P07911,human,True
PF23344,9nu3,C,P07911,human,True
PF23344,9nu3,D,P07911,human,True
PF23344,9nu3,E,P07911,human,True
PF23344,9nu3,F,P07911,human,True
PF23344,9nu3,G,P07911,human,True
PF23344,9nu3,H,P07911,human,True
PF23344,9nu3,I,P07911,human,True
PF23344,9nu3,J,P07911,human,True
PF23344,9nu3,K,P07911,human,True
PF23344,9nu3,L,P07911,human,True
PF23344,9nu3,M,P07911,human,True
PF23344,9nu3,N,P07911,human,True
PF23344,9nu3,O,P07911,human,True
PF23344,9nu3,P,P07911,human,True
PF23344,9nu3,Q,P07911,human,True
PF23344,9nu3,R,P07911,human,True
PF23344,3d4c,A,P10761,mouse,True
PF23344,3d4g,A,P10761,mouse,True
PF23344,3d4g,B,P10761,mouse,True
PF23344,3d4g,C,P10761,mouse,True
PF23344,3d4g,D,P10761,mouse,True
PF23344,3d4g,E,P10761,mouse,True
PF23344,3d4g,F,P10761,mouse,True
PF23344,3d4g,G,P10761,mouse,True
PF23344,3d4g,H,P10761,mouse,True
PF23344,3ef7,A,P10761,mouse,True
PF23344,3ef7,B,P10761,mouse,True
PF23344,5osq,A,P10761,mouse,True
PF23344,5osq,B,P10761,mouse,True
PF23592,8vy2,A,O35161,mouse,True
PF23736,8rke,A,Q05996,human,True
PF23736,8rke,B,Q05996,human,True
PF23736,8rke,C,Q05996,human,True
PF23736,8rkf,A,Q05996,human,False
PF23736,8rkf,B,Q05996,human,False
PF23736,8rkh,A,P20239,mouse,True
PF23736,8rkh,B,P20239,mouse,True
PF23738,8rke,A,Q05996,human,True
PF23738,8rke,B,Q05996,human,True
PF23738,8rke,C,Q05996,human,True
PF23738,8rkf,A,Q05996,human,True
PF23738,8rkf,B,Q05996,human,True
PF23738,5ii6,A,P20239,mouse,True
PF23738,9h4r,A,P20239,mouse,True
PF23738,9h4r,B,P20239,mouse,True
PF23738,9h4s,A,P20239,mouse,True
PF23738,9h4s,B,P20239,mouse,True
PF23740,8rke,A,Q05996,human,True
PF23740,8rke,B,Q05996,human,True
PF23740,8rke,C,Q05996,human,True
PF23740,8rkh,A,P20239,mouse,True
PF23740,8rkh,B,P20239,mouse,True
PF23747,7eeb,G,E9Q9F6,mouse,True
PF23747,9ubw,G,E9Q9F6,mouse,True
PF23747,9ubw,g,E9Q9F6,mouse,True
PF23747,9ubx,G,E9Q9F6,mouse,True
PF23747,9ubx,g,E9Q9F6,mouse,True
PF23747,9ubx,t,E9Q9F6,mouse,True
PF23894,4jra,C,Q496J9,human,True
PF23894,4jra,D,Q496J9,human,True
PF23894,5moy,B,Q496J9,human,True
PF23894,8jlc,A,Q7L0J3,human,True
PF23894,8jle,A,Q7L0J3,human,True
PF23894,8jlf,A,Q7L0J3,human,True
PF23894,8jlg,A,Q7L0J3,human,True
PF23894,8jlh,A,Q7L0J3,human,True
PF23894,8jlh,C,Q7L0J3,human,True
PF23894,8jli,A,Q7L0J3,human,True
PF23894,8jli,B,Q7L0J3,human,True
PF23894,8js8,A,Q7L0J3,human,True
PF23894,8js9,A,Q7L0J3,human,True
PF23894,8k77,A,Q7L0J3,human,True
PF23894,8uo8,A,Q7L1I2,human,True
PF23894,8uo9,A,Q7L0J3,human,True
PF23894,8uoa,A,Q7L0J3,human,True
PF23894,8yf0,B,Q7L0J3,human,True
PF23894,8yf0,C,Q7L0J3,human,True
PF23894,8yf1,A,Q7L0J3,human,True
PF23894,8yf1,B,Q7L0J3,human,True
PF23894,9f1r,A,Q7L1I2,human,True
PF23894,9f2b,A,Q7L1I2,human,True
PF23894,9f2j,A,Q7L1I2,human,True
PF23894,9f2y,A,Q7L1I2,human,True
PF24031,7u7n,C,Q14213,human,True
PF24031,7zxk,B,Q14213,human,True
PF24031,7zxk,D,Q14213,human,True
PF24031,8d85,C,Q14213,human,True
PF24031,8xwy,B,Q14213,human,True
PF24031,8xwy,C,Q14213,human,True
PF24031,7z0l,B,O35228,mouse,True
PF24031,7zg0,C,O35228,mouse,True
PF24031,7zg0,D,O35228,mouse,True
PF24329,6cmx,A,Q9NT68,human,True
PF24329,6vhh,A,Q9NT68,human,True
PF24329,7bam,A,Q6N022,human,True
PF24329,7bam,B,Q6N022,human,True
PF24329,7ban,A,Q6N022,human,True
PF24329,7ban,B,Q6N022,human,True
PF24329,7bao,A,Q6N022,human,True
PF24329,6fay,A,Q9WTS6,mouse,True
PF24329,8r50,A,Q9WTS6,mouse,True
PF24329,8r50,B,Q9WTS6,mouse,True
PF24329,8r51,A,Q9WTS6,mouse,True
PF24329,8r54,A,Q9WTS6,mouse,True
PF24329,9g2f,A,A0A0A0MQB7,mouse,True
PF24329,9g2f,B,A0A0A0MQB7,mouse,True
PF24329,9g2h,A,A0A0A0MQB7,mouse,True
PF24329,9g2h,B,A0A0A0MQB7,mouse,True
PF24329,9g41,A,A0A0A0MQB7,mouse,True
PF24329,9g41,B,A0A0A0MQB7,mouse,True
PF24329,9g42,A,A0A0A0MQB7,mouse,True
PF24329,9g42,B,A0A0A0MQB7,mouse,True
PF24329,9igs,A,Q9WTS6,mouse,True
PF24329,9igs,B,Q9WTS6,mouse,True
PF24468,9cwm,A,P98164,human,True
PF24468,9cwm,B,P98164,human,True
PF24468,9i3v,A,P98164,human,True
PF24468,9i3v,B,P98164,human,True
PF24468,9qaw,A,P98164,human,True
PF24468,9qaw,B,P98164,human,True
PF24468,8em4,A,A2ARV4,mouse,True
PF24468,8em4,B,A2ARV4,mouse,True
PF24468,8em7,A,A2ARV4,mouse,True
PF24468,8em7,B,A2ARV4,mouse,True
PF24479,7y4p,A,Q9UIW2,human,True
PF24479,7y4q,A,Q9UIW2,human,True
PF24479,7y4q,B,Q9UIW2,human,True
PF24479,9j4c,A,Q9UIW2,human,True
PF24479,3okt,A,P70207,mouse,True
PF24479,3oky,A,P70207,mouse,True
PF24479,4gza,A,P70207,mouse,True
PF24479,4gza,B,P70207,mouse,True
PF24479,4gza,C,P70207,mouse,True
PF24479,4gza,D,P70207,mouse,True
PF24479,4gza,E,P70207,mouse,True
PF24479,4gza,F,P70207,mouse,True
PF24479,5l56,A,P70206,mouse,True
PF24479,5l59,A,P70206,mouse,True
PF24479,5l59,B,P70206,mouse,True
PF24479,5l5c,A,P70206,mouse,True
PF24479,5l5g,A,P70207,mouse,True
PF24479,5l5g,B,P70207,mouse,True
PF24479,5l5g,C,P70207,mouse,True
PF24479,5l5g,D,P70207,mouse,True
PF24479,5l5k,A,Q80UG2,mouse,True
PF24479,5l5l,A,Q80UG2,mouse,True
PF24479,5l5l,B,Q80UG2,mouse,True
PF24479,5l5m,A,Q80UG2,mouse,True
PF24479,5l5n,A,Q80UG2,mouse,True
PF24479,5l74,A,P70207,mouse,True
PF24479,7m0r,A,Q80UG2,mouse,True
PF24479,7m0r,B,Q80UG2,mouse,True
PF24518,5vkj,A,P20273,human,True
PF24518,5vkm,A,P20273,human,True
PF24518,5vl3,Q,P20273,human,True
PF24518,5vl3,R,P20273,human,True
PF24518,5vl3,S,P20273,human,True
PF24518,5vl3,T,P20273,human,True
PF24518,9rm3,A,P20273,human,True
PF24518,9rm3,B,P20273,human,True
PF24518,9rm3,C,P20273,human,True
PF24518,9rm3,D,P20273,human,True
PF24518,9ro7,A,P20273,human,True
PF24518,9ro7,B,P20273,human,True
PF24518,9ro7,C,P20273,human,True
PF24518,9ro7,D,P20273,human,True
PF24518,9rob,A,P20273,human,True
PF24518,9rob,B,P20273,human,True
PF24562,5ao5,A,Q9UBG0,human,True
PF24562,5ao5,B,Q9UBG0,human,True
PF24562,5ao6,A,Q9UBG0,human,True
PF24562,5ao6,B,Q9UBG0,human,True
PF24562,5e4k,A,Q9UBG0,human,True
PF24562,5e4l,A,Q9UBG0,human,True
PF24562,5e4l,B,Q9UBG0,human,True
PF24562,5ew6,A,Q9UBG0,human,True
PF24562,7jpt,A,O60449,human,True
PF24562,7jpu,A,O60449,human,True
PF24562,7jpu,B,O60449,human,True
PF24562,7jpu,C,O60449,human,True
PF24562,7jpu,D,O60449,human,True
PF24562,7qsr,A,Q13018,human,True
PF24562,8hbc,A,O60449,human,True
PF24562,8hbc,B,O60449,human,True
PF24562,8k8h,A,O60449,human,True
PF24562,5xts,A,P22897,human,False
PF24562,5xtw,A,P22897,human,False
PF24562,5xtw,B,P22897,human,False
PF24562,5xtw,C,P22897,human,False
PF24562,5xtw,D,P22897,human,False
PF24562,5xtw,E,P22897,human,False
PF24562,5xtw,F,P22897,human,False
PF24562,5xtw,G,P22897,human,False
PF24562,5xtw,H,P22897,human,False
PF24562,6inn,A,P22897,human,False
PF24562,6inn,B,P22897,human,False
PF24562,6inn,C,P22897,human,False
PF24562,6inn,D,P22897,human,False
PF24562,6ino,A,P22897,human,False
PF24562,6ino,B,P22897,human,False
PF24562,6inu,A,P22897,human,False
PF24562,6inu,B,P22897,human,False
PF24562,6inv,A,P22897,human,False
PF24562,6ioe,A,P22897,human,False
PF24562,6ioe,B,P22897,human,False
PF24562,1dqg,A,Q61830,mouse,True
PF24562,1dqo,A,Q61830,mouse,True
PF24562,1fwu,A,Q61830,mouse,True
PF24606,8c6i,A,Q9UHN6,human,True
PF24681,2vpj,A,Q53G59,human,True
PF24681,3ii7,A,Q8IXQ5,human,True
PF24681,4asc,A,Q2TBA0,human,True
PF24681,5yq4,A,Q9Y2M5,human,True
PF24681,5yy8,A,Q9Y6Y0,human,True
PF24681,6do3,A,Q9Y2U9,human,True
PF24681,6do3,B,Q9Y2U9,human,True
PF24681,6do4,A,Q9Y2U9,human,True
PF24681,6do4,B,Q9Y2U9,human,True
PF24681,6do5,A,Q9Y2U9,human,True
PF24681,6do5,B,Q9Y2U9,human,True
PF24681,6gy5,A,Q9Y2M5,human,True
PF24681,6n3h,A,Q9Y6Y0,human,True
PF24681,6n3h,B,Q9Y6Y0,human,True
PF24681,6ttk,A,Q53G59,human,True
PF24681,6ttk,B,Q53G59,human,True
PF24681,6ttk,C,Q53G59,human,True
PF24681,6ttk,D,Q53G59,human,True
PF24681,6v7o,A,Q53G59,human,True
PF24681,6v7o,B,Q53G59,human,True
PF24681,7qzq,A,Q3ZCT8,human,True
PF24681,7qzq,B,Q3ZCT8,human,True
PF24681,8cia,A,Q9Y2M5,human,True
PF24681,8cia,B,Q9Y2M5,human,True
PF24681,8cia,C,Q9Y2M5,human,True
PF24681,8cia,D,Q9Y2M5,human,True
PF24681,8cia,E,Q9Y2M5,human,True
PF24681,8ebl,A,Q9Y2U9,human,True
PF24681,8ebl,B,Q9Y2U9,human,True
PF24681,8ebm,A,Q9Y2U9,human,True
PF24681,8ebm,B,Q9Y2U9,human,True
PF24681,8ebn,A,Q9Y2U9,human,True
PF24681,8ebn,B,Q9Y2U9,human,True
PF24681,8k8t,K,Q53GT1,human,True
PF24681,8k8t,L,Q53GT1,human,True
PF24681,8khp,A,Q53GT1,human,True
PF24681,8khp,B,Q53GT1,human,True
PF24681,8oio,A,Q53G59,human,True
PF24681,8oio,B,Q53G59,human,True
PF24681,8oio,C,Q53G59,human,True
PF24681,8oio,D,Q53G59,human,True
PF24973,3zyj,B,Q9Y2I2,human,True
PF24973,3zyj,D,Q9Y2I2,human,True
PF24973,4urt,A,O95631,human,True
PF24973,6fkq,A,O95631,human,True
PF24973,7ndg,A,O95631,human,True
PF24973,7ndg,D,O95631,human,True
PF24973,7ndg,G,O95631,human,True
PF24973,7ne0,A,O95631,human,True
PF24973,7ne1,A,O95631,human,True
PF24973,8dmk,G,P11047,human,True
PF24973,9az3,G,P11047,human,True
PF24973,1klo,A,P02468,mouse,True
PF24973,1npe,B,P02468,mouse,True
PF24973,4aqs,A,P02469,mouse,True
PF24973,4aqt,A,P02468,mouse,True
PF24973,4ove,A,O09118,mouse,True
PF24973,4wnx,A,Q9JI33,mouse,True
PF24973,8snp,A,O09118,mouse,True
PF24973,9i5a,A,Q05793,mouse,True
PF24973,9i5a,B,Q05793,mouse,True
PF24973,9i5b,A,Q05793,mouse,True
PF24973,9i5b,B,Q05793,mouse,True
PF24981,8ttq,A,Q9UL63,human,True
PF24981,8ttq,B,Q9UL63,human,True
PF25020,6cmx,A,Q9NT68,human,True
PF25020,6vhh,A,Q9NT68,human,True
PF25020,7bam,A,Q6N022,human,True
PF25020,7bam,B,Q6N022,human,True
PF25020,7ban,A,Q6N022,human,True
PF25020,7ban,B,Q6N022,human,True
PF25020,7bao,A,Q6N022,human,True
PF25020,6fay,A,Q9WTS6,mouse,True
PF25020,8r50,A,Q9WTS6,mouse,True
PF25020,8r50,B,Q9WTS6,mouse,True
PF25020,8r51,A,Q9WTS6,mouse,True
PF25020,8r54,A,Q9WTS6,mouse,True
PF25020,9g2f,A,A0A0A0MQB7,mouse,True
PF25020,9g2f,B,A0A0A0MQB7,mouse,True
PF25020,9g2h,A,A0A0A0MQB7,mouse,True
PF25020,9g2h,B,A0A0A0MQB7,mouse,True
PF25020,9g41,A,A0A0A0MQB7,mouse,True
PF25020,9g41,B,A0A0A0MQB7,mouse,True
PF25020,9g42,A,A0A0A0MQB7,mouse,True
PF25020,9g42,B,A0A0A0MQB7,mouse,True
PF25020,9igs,A,Q9WTS6,mouse,True
PF25020,9igs,B,Q9WTS6,mouse,True
PF25021,7bam,A,Q6N022,human,True
PF25021,7bam,B,Q6N022,human,True
PF25021,7ban,A,Q6N022,human,True
PF25021,7ban,B,Q6N022,human,True
PF25021,7bao,A,Q6N022,human,True
PF25021,6cmx,A,Q9NT68,human,False
PF25021,6vhh,A,Q9NT68,human,False
PF25021,8r50,A,Q9WTS6,mouse,True
PF25021,8r50,B,Q9WTS6,mouse,True
PF25021,8r51,A,Q9WTS6,mouse,True
PF25021,9g2f,A,A0A0A0MQB7,mouse,True
PF25021,9g2f,B,A0A0A0MQB7,mouse,True
PF25021,9g41,A,A0A0A0MQB7,mouse,True
PF25021,9g41,B,A0A0A0MQB7,mouse,True
PF25021,9igs,A,Q9WTS6,mouse,True
PF25021,9igs,B,Q9WTS6,mouse,True
PF25021,6fay,A,Q9WTS6,mouse,False
PF25021,8r54,A,Q9WTS6,mouse,False
PF25021,9g2h,A,A0A0A0MQB7,mouse,False
PF25021,9g2h,B,A0A0A0MQB7,mouse,False
PF25021,9g42,A,A0A0A0MQB7,mouse,False
PF25021,9g42,B,A0A0A0MQB7,mouse,False
PF25027,8tzp,C,O95980,human,True
PF25028,8tzp,C,O95980,human,True
PF25152,1cdq,A,P13987,human,True
PF25152,1cdr,A,P13987,human,True
PF25152,1cds,A,P13987,human,True
PF25152,1erg,A,P13987,human,True
PF25152,1erh,A,P13987,human,True
PF25152,2j8b,A,P13987,human,True
PF25152,2ofs,A,P13987,human,True
PF25152,2uwr,A,P13987,human,True
PF25152,2ux2,A,P13987,human,True
PF25152,2ux2,B,P13987,human,True
PF25152,2ux2,C,P13987,human,True
PF25152,4bik,B,P13987,human,True
PF25152,4bik,D,P13987,human,True
PF25152,5imt,D,P13987,human,True
PF25152,5imy,C,P13987,human,True
PF25152,5imy,D,P13987,human,True
PF25152,6zd0,B,P13987,human,True
PF25152,6zd0,D,P13987,human,True
PF25152,6zd0,F,P13987,human,True
PF25152,8b0g,G,P13987,human,True
PF25152,8b0h,G,P13987,human,True
PF25152,8cn6,A,P13987,human,True
PF25152,8cn6,B,P13987,human,True
PF25152,8cn6,C,P13987,human,True
PF25152,8cn6,D,P13987,human,True
PF25152,8cn6,E,P13987,human,True
PF25152,8cn6,F,P13987,human,True
PF25294,6wlw,V,O75787,human,True
PF25294,6wm2,V,O75787,human,True
PF25294,6wm3,V,O75787,human,True
PF25294,6wm4,V,O75787,human,True
PF25294,7u4t,V,O75787,human,True
PF25294,7unf,r,A0A1B0GVW0,human,True
PF25294,9cf8,V,O75787,human,True
PF25294,9cfc,V,O75787,human,True
PF25294,9det,p,O75787,human,True
PF25294,9bra,p,Q9CYN9,mouse,True
PF25294,9brq,p,Q9CYN9,mouse,True
PF25294,9brr,p,Q9CYN9,mouse,True
PF25294,9brs,p,Q9CYN9,mouse,True
PF25294,9brt,p,Q9CYN9,mouse,True
PF25294,9bru,p,Q9CYN9,mouse,True
PF25294,9brz,p,Q9CYN9,mouse,True
PF25294,9bry,p,Q9CYN9,mouse,False
PF25305,4liq,E,P07333,human,False
PF25305,4wrm,A,P07333,human,False
PF25305,7lbf,D,P16234,human,False
PF25305,7ram,D,P16234,human,False
PF25374,8egw,B,Q6V0I7,human,True
PF25374,8egx,B,Q6V0I7,human,True
PF25511,11gq,A,Q6P4Q7,human,True
PF25511,11gq,B,Q6P4Q7,human,True
PF25511,11gq,C,Q6P4Q7,human,True
PF25511,11gq,D,Q6P4Q7,human,True
PF25511,9y9d,A,Q6P4Q7,human,True
PF25511,9y9d,B,Q6P4Q7,human,True
PF25511,9y9d,C,Q6P4Q7,human,True
PF25511,9y9d,D,Q6P4Q7,human,True
PF25511,9y9f,A,Q6P4Q7,human,True
PF25511,9y9f,B,Q6P4Q7,human,True
PF25511,9y9f,C,Q6P4Q7,human,True
PF25511,9y9f,D,Q6P4Q7,human,True
PF25511,9y9g,A,Q6P4Q7,human,True
PF25511,9y9g,B,Q6P4Q7,human,True
PF25511,9y9g,C,Q6P4Q7,human,True
PF25511,9y9g,D,Q6P4Q7,human,True
PF25523,2csp,A,O15034,human,True
PF25552,1bqu,A,P40189,human,True
PF25552,1bqu,B,P40189,human,True
PF25552,1i1r,A,P40189,human,True
PF25552,1p9m,A,P40189,human,True
PF25552,1pvh,A,P40189,human,True
PF25552,1pvh,C,P40189,human,True
PF25552,22pl,C,Q99650,human,True
PF25552,3e0g,A,P42702,human,True
PF25552,3l5h,A,P40189,human,True
PF25552,7u7n,B,P40189,human,True
PF25552,8d6a,A,P40189,human,True
PF25552,8d6a,B,P42702,human,True
PF25552,8d74,A,P40189,human,True
PF25552,8d74,B,P42702,human,True
PF25552,8d7r,A,P40189,human,True
PF25552,8d7r,B,P42702,human,True
PF25552,8d82,A,P40189,human,True
PF25552,8d82,E,P40189,human,True
PF25552,8d85,B,P40189,human,True
PF25552,8dps,A,P40189,human,True
PF25552,8dps,D,P40189,human,True
PF25552,8dpt,A,P40189,human,True
PF25552,8dpt,D,P40189,human,True
PF25552,8dpu,A,P40189,human,True
PF25552,8dpu,D,P40189,human,True
PF25552,8dpu,G,P40189,human,True
PF25552,8dpu,J,P40189,human,True
PF25552,8dpu,M,P40189,human,True
PF25552,8dpu,P,P40189,human,True
PF25552,8upa,B,P40189,human,True
PF25552,8upa,D,P40189,human,True
PF25552,8v29,B,P40189,human,True
PF25552,8v29,C,P42702,human,True
PF25552,8v2a,B,P40189,human,True
PF25552,8v2a,C,P42702,human,True
PF25552,2q7n,A,P42703,mouse,True
PF25552,2q7n,C,P42703,mouse,True
PF25599,2x10,A,P29317,human,True
PF25599,2x11,A,P29317,human,True
PF25599,3fl7,A,P29317,human,True
PF25599,3mbw,A,P29317,human,True
PF25599,3mx0,A,P29317,human,True
PF25599,3mx0,C,P29317,human,True
PF25599,4bk4,A,P54764,human,True
PF25599,4bk4,B,P54764,human,True
PF25599,4bk5,A,P54764,human,True
PF25599,4bka,A,P54764,human,True
PF25599,4bkf,A,P54764,human,True
PF25599,4bkf,B,P54764,human,True
PF25599,4m4p,A,P54764,human,True
PF25599,4m4r,A,P54764,human,True
PF25599,4m4r,C,P54764,human,True
PF25599,4m4r,E,P54764,human,True
PF25599,4m4r,G,P54764,human,True
PF25599,7k7j,A,O15197,human,True
PF25599,8trs,D,P29317,human,True
PF25599,8trt,D,P29317,human,True
PF25599,8trt,E,P29317,human,True
PF25599,8trv,A,P29317,human,True
PF25599,8trv,B,P29317,human,True
PF25599,8tv1,C,P29317,human,True
PF25599,8tv5,C,P29317,human,True
PF25599,8tv5,F,P29317,human,True
PF25599,7s7k,A,P54763,mouse,True
PF25609,4v2a,A,Q6ZN44,human,True
PF25609,4v2b,A,F1LW30,human,True
PF25609,4v2b,B,F1LW30,human,True
PF25609,6ool,A,Q8K1S3,mouse,True
PF25788,2b5i,B,P14784,human,True
PF25788,3qaz,B,P14784,human,True
PF25788,3qaz,E,P14784,human,True
PF25788,3qaz,H,P14784,human,True
PF25788,3qaz,K,P14784,human,True
PF25788,3qaz,N,P14784,human,True
PF25788,3qaz,Q,P14784,human,True
PF25788,3qaz,T,P14784,human,True
PF25788,3qaz,W,P14784,human,True
PF25788,3qaz,Z,P14784,human,True
PF25788,3qaz,c,P14784,human,True
PF25788,3qaz,f,P14784,human,True
PF25788,3qaz,i,P14784,human,True
PF25788,4gs7,B,P14784,human,True
PF25788,5m5e,B,P14784,human,True
PF25788,7s2s,B,P14784,human,True
PF25788,7s2s,D,P14784,human,True
PF25788,9kmc,B,P14784,human,True
PF25788,2erj,B,P14784,human,False
PF25788,2erj,F,P14784,human,False
PF25788,6dg5,B,P16297,mouse,False
PF26141,9lip,B,P40967,human,False
PF26141,9lip,F,P40967,human,False
PF26141,9lip,J,P40967,human,False
PF26141,9lip,N,P40967,human,False
PF26141,9lip,R,P40967,human,False
PF26141,9lip,V,P40967,human,False
PF26141,9lip,Z,P40967,human,False
PF26141,9lip,d,P40967,human,False
PF26141,9lip,h,P40967,human,False
PF26141,9lip,l,P40967,human,False
PF26141,9lip,p,P40967,human,False
PF26141,9lip,t,P40967,human,False
PF26574,21du,R,Q86SQ4,human,True
PF26574,7wui,R,Q8CJ12,mouse,True
PF26574,7xke,R,Q8CJ12,mouse,True
PF26574,7yp7,R,Q8CJ12,mouse,True
