Category,Term,Count,%,PValue,Genes,List Total,Pop Hits,Pop Total,Fold Enrichment,Bonferroni,Benjamini,FDR,Annotation Cluster,Enrichment Score,Cluster Name
REACTOME_PATHWAY,R-HSA-198933~Immunoregulatory interactions between a Lymphoid and a non-Lymphoid cell,83,16.054158607350097,2.603426215449009e-61,"P29016, P08637, P32942, Q13477, Q9BZZ2, P04439, P13747, Q29980, Q8TD07, O43914, Q8TD46, Q29983, P59901, P40200, Q9BZM6, Q9NZS2, Q9UMD9, Q92692, P20273, Q5T2D2, Q14773, P43630, Q9BZM4, P41217, P29965, Q13241, Q8N423, Q8NHJ6, P30511, Q9NZC2, P10966, P14209, P15813, P13598, Q12918, P10321, P43626, P43628, P43629, O95727, P07766, Q6GTX8, Q9UHP7, P05107, O95971, Q96E93, Q68D85, Q9UKJ1, Q96LC7, P12314, Q9UMF0, P12830, P17693, Q9NQ25, P31994, P20138, P15151, P26718, P15391, Q92478, P25942, Q8NHL6, P01732, Q99706, P26715, Q15762, P05556, P78310, P26010, Q86YT9, P19320, P13612, P20701, P14151, P01889, P28906, P05362, O14931",443,216,11610,10.070541760722348,2.1764643161153717e-58,2.1764643161153717e-58,1.8484326129687966e-58,cluster_01,37.61316676693657,01 Immunoregulatory interactions between a Lymphoid and a non-Lymphoid cell
REACTOME_PATHWAY,R-HSA-168256~Immune System,189,36.55705996131528,7.850818376009084e-29,"P29016, P32942, Q9Y5U5, Q13477, Q9Y6W8, Q9BZZ2, P13747, O14672, P15529, P13987, Q08722, O75144, O43557, O95150, Q8TD46, P59901, P40200, P13591, Q6ZMC9, Q92692, P20273, Q5T2D2, Q9Y275, O14788, Q13241, P20036, P30511, P48960, P78410, Q9NNX6, P14209, P49771, O75015, P15813, P11215, Q08554, P13598, O14836, P01906, P16871, P01903, P08174, P08571, P15260, P08575, O95727, P01589, P16070, P05067, P78380, Q8N6Q3, Q8WXI7, P78324, Q6GTX8, Q9UHP7, Q92956, P06756, O95971, Q96E93, Q06643, Q9BQ51, P13688, Q9Y6Q6, Q03405, P20138, Q7Z6A9, P16284, Q8NHL6, P25942, Q9NZQ7, P01375, P05556, Q9HC73, P78310, P26010, P48023, P10747, Q86YT9, P19320, P13612, P20701, P20702, P19438, P14151, P01889, Q96RJ3, P01920, P20023, P43489, P04233, P08637, P23471, Q8TDQ0, P06734, P04439, P36941, P25090, Q8TD07, Q29980, P19256, O43914, Q29983, Q9BZM6, Q9NZS2, P33681, Q9UMD9, Q02413, P01833, Q14773, Q9BZM4, P43630, P41217, P22897, P08887, P29965, Q8N423, Q8NHJ6, Q9NZC2, P10966, P32970, Q12918, P32971, P10321, Q9UNG2, P40199, P40198, P43626, P43628, Q9NPH3, P43629, O00481, P23510, P31997, P07766, Q15116, P05107, Q92637, Q9NPY3, P12318, Q68D85, Q9UKJ1, Q9NP84, Q10589, Q96LC7, Q14943, P12314, O00241, Q9UMF0, P12830, P17693, P36888, Q07011, Q9NQ25, P31994, P40189, P26717, P41273, P15151, P26718, P15391, Q92478, P01732, Q99706, P26715, P01730, Q15762, P20333, O94856, O43508, P42081, P16410, Q02223, P28908, P18827, Q9NZN1, P28906, Q93038, P05362, O14931, P26842",443,2307,11610,2.1470526936862098,6.563284162343595e-26,3.2816420811717976e-26,2.787040523483225e-26,cluster_01,37.61316676693657,01 Immunoregulatory interactions between a Lymphoid and a non-Lymphoid cell
REACTOME_PATHWAY,R-HSA-1280218~Adaptive Immune System,110,21.27659574468085,7.080101685744212e-25,"P29016, P32942, Q13477, Q9Y6W8, Q9BZZ2, P13747, O75144, Q8TD46, P59901, P40200, Q92692, P20273, Q5T2D2, Q13241, P20036, P30511, P78410, Q9NNX6, P14209, P15813, P13598, P01906, P01903, P08571, P08575, O95727, Q6GTX8, Q9UHP7, Q92956, P06756, O95971, Q96E93, Q9BQ51, P20138, Q7Z6A9, Q8NHL6, P25942, Q9NZQ7, P05556, P78310, P26010, P10747, Q86YT9, P19320, P13612, P20701, P14151, P01889, P01920, P04233, P08637, P04439, Q8TD07, Q29980, O43914, Q29983, Q9BZM6, Q9NZS2, P33681, Q9UMD9, Q14773, Q9BZM4, P43630, P41217, P22897, P29965, Q8N423, Q8NHJ6, Q9NZC2, P10966, Q12918, P10321, P43626, P43628, P43629, O00481, P07766, Q15116, P05107, Q92637, Q68D85, Q9UKJ1, Q96LC7, P12314, Q9UMF0, P12830, P17693, Q9NQ25, P31994, P15151, P26718, P15391, Q92478, P01732, Q99706, P26715, P01730, Q15762, P42081, P16410, P28906, P05362, O14931",443,1009,11610,2.857130073134118,5.918965009282161e-22,1.183793001856432e-22,1.005374439375678e-22,cluster_01,37.61316676693657,01 Immunoregulatory interactions between a Lymphoid and a non-Lymphoid cell
GOTERM_BP_DIRECT,GO:0007411~axon guidance,68,13.152804642166343,4.9723121545880375e-55,"O95754, O43155, Q12860, Q5JZY3, P52799, Q9H3S1, Q9ULB1, P52797, P52798, Q9NT68, Q9P2J2, Q9Y4C0, O14786, Q9C0C4, Q15223, Q92854, Q9UM47, Q8IWV2, P52803, O43921, Q6N022, Q9HCM2, Q02246, P46531, Q9UF33, P55283, Q9UKZ4, P98172, P08138, P43146, P54753, Q9UQ52, O75326, Q9P273, Q8NFY4, Q9HDB5, P32004, P54756, Q9NZU0, O60469, P51805, O60462, P54764, P29322, P29323, P54762, P29320, Q9P283, O94779, O94856, O15197, Q15768, Q14118, P58400, Q9NPR2, Q9Y6N7, Q9H3T2, O00533, Q9H3T3, Q04721, P20827, Q13591, Q9NTN9, Q92823, Q9H2E6, Q15375",517,200,19172,12.608278529980657,1.3803138541136393e-51,2.7596332457963608e-52,2.447372042488232e-52,cluster_02,25.92478482701187,02 axon guidance
REACTOME_PATHWAY,R-HSA-9675108~Nervous system development,74,14.313346228239846,1.0151180130822863e-20,"P08514, Q12860, O14672, O43157, P56199, Q5JZY3, P20916, P52799, Q9H3S1, O43914, P52797, P52798, P13591, O60486, O14786, Q92854, P08648, Q9NZC2, P25063, O75578, P52803, O43921, P21854, Q9Y4D7, Q9HCM2, Q02246, P08575, Q9UF33, P00533, P98172, P43146, Q86SQ4, P54753, P05106, Q9UQ52, P06756, O75326, Q9ULL4, Q8NFY4, P34741, P21709, P32004, P54756, Q9NZU0, O60469, O75051, P51805, Q9UIW2, O60462, P05556, P54764, Q6ZN44, P29322, P29323, Q13740, P54762, P29320, P54760, O94856, O15197, P04626, Q15768, Q14118, Q9Y6N7, O00533, P17301, P11362, P20827, Q13591, Q92823, P29317, Q9H2E6, Q15375",443,570,11610,3.4023999049542595,8.486386589367913e-18,1.0607983236709891e-18,9.00917236610529e-19,cluster_02,25.92478482701187,02 axon guidance
REACTOME_PATHWAY,R-HSA-422475~Axon guidance,72,13.926499032882012,1.391269657748113e-20,"P08514, Q12860, O14672, O43157, P56199, Q5JZY3, P52799, Q9H3S1, O43914, P52797, P52798, P13591, O60486, O14786, Q92854, P08648, Q9NZC2, P25063, O75578, P52803, O43921, P21854, Q9Y4D7, Q9HCM2, Q02246, P08575, Q9UF33, P00533, P98172, P43146, P54753, P05106, Q9UQ52, P06756, O75326, Q9ULL4, Q8NFY4, P34741, P21709, P32004, P54756, Q9NZU0, O60469, O75051, P51805, Q9UIW2, O60462, P05556, P54764, Q6ZN44, P29322, P29323, Q13740, P54762, P29320, P54760, O94856, O15197, P04626, Q15768, Q14118, Q9Y6N7, O00533, P17301, P11362, P20827, Q13591, Q92823, P29317, Q9H2E6, Q15375",443,545,11610,3.46229834116843,1.1631014338774223e-17,1.2923349265304693e-18,1.0975571744457335e-18,cluster_02,25.92478482701187,02 axon guidance
REACTOME_PATHWAY,R-HSA-1266738~Developmental Biology,108,20.889748549323016,2.846914725173564e-10,"O00548, O14672, O43157, P56199, Q5JZY3, P52799, Q9H3S1, P52797, P52798, P13591, Q4KMG0, O14786, O14788, Q14574, Q92854, P25063, Q08554, Q9Y4D7, P46531, P08575, Q9UF33, P55283, P00533, P16070, P43146, P98172, Q86SQ4, P54753, P06756, Q8NFY4, P13688, P32004, P54756, P51805, P21583, P01135, P55291, P01375, P05556, P54764, Q6ZN44, P54762, P54760, P04626, Q14118, P17301, Q04721, P20827, Q6UVK1, Q92823, P04233, Q9H2E6, Q14126, P08514, Q12860, P20916, O43914, P78504, P16422, P16144, P23229, Q02413, O60486, P08887, P08648, Q9NZC2, O75578, P52803, P19022, O43921, P10721, P21854, Q02487, Q9HCM2, Q02246, Q9NYJ7, P78369, P05106, Q9UQ52, O75326, Q9ULL4, P12830, P34741, P21709, Q9NZU0, O60469, O75051, Q9UIW2, O60462, P02786, P29322, P29323, Q13740, P29320, O94856, O75712, O15197, Q15768, Q9Y6N7, O00533, P11362, Q13591, P29317, Q15375",443,1556,11610,1.8190417055945964,2.3800205950497144e-07,8.206967966362413e-09,6.9700326030111394e-09,cluster_02,25.92478482701187,02 axon guidance
UP_KW_MOLECULAR_FUNCTION,KW-1183~Host cell receptor for virus entry,33,6.382978723404255,2.647152303718485e-32,"Q9Y624, P05106, P06756, Q92956, P15529, O95832, P52799, P13591, P33681, P15151, Q92692, P01730, P02786, P22897, Q15223, P08648, P05556, P78310, P26010, Q9NNX6, Q14118, Q15768, Q96NY8, P42081, Q9H2X3, P17301, P08174, P20023, P05362, P00533, P29317, P43489, Q14242",300,74,12067,17.93743243243243,9.529748293386547e-31,4.764874146693273e-31,3.706013225205879e-31,cluster_03,25.419768724570623,03 Host cell receptor for virus entry
GOTERM_MF_DIRECT,GO:0001618~virus receptor activity,33,6.382978723404255,8.2732668693581e-29,"Q9Y624, P05106, P06756, Q92956, P15529, O95832, P52799, P13591, P33681, P15151, Q92692, P01730, P02786, P22897, Q15223, P08648, P05556, P78310, P26010, Q9NNX6, Q14118, Q15768, Q96NY8, P42081, Q9H2X3, P17301, P08174, P20023, P05362, P00533, P29317, P43489, Q14242",512,85,19319,14.649057904411764,3.739516624949861e-26,6.232527708249768e-27,4.881227452921279e-27,cluster_03,25.419768724570623,03 Host cell receptor for virus entry
UP_KW_BIOLOGICAL_PROCESS,KW-0945~Host-virus interaction,68,13.152804642166343,2.5132625717804268e-17,"P78423, Q9Y624, P04439, P13747, P15529, O95832, P36941, Q29980, P52799, Q8TD46, Q29983, Q9BZM6, Q9BZM5, P33681, P13591, Q92692, O14786, Q9BY67, Q9BZM4, P22897, Q15223, Q13241, O75509, P08648, P35968, Q9NNX6, Q96NY8, P10321, Q9H2X3, P16234, P01903, P08174, Q5VY80, P08575, P00533, P05106, Q92956, P06756, Q9NPY3, Q9UKJ1, Q10589, P36888, P31994, P40189, Q99466, P15151, Q6H3X3, O60462, P49238, P26715, P01730, P02786, P05556, P78310, Q15768, Q14118, P42081, Q9P126, P20701, P17301, P19438, P01889, P20023, P05362, P29317, P43489, Q14242",362,695,11630,3.1433681783854683,1.030437654429975e-15,2.5760941360749377e-16,2.1991047503078734e-16,cluster_03,25.419768724570623,03 Host cell receptor for virus entry
UP_KW_PTM,KW-0336~GPI-anchor,46,8.897485493230175,8.042757273646963e-30,"P31997, Q8N6Q3, P31358, Q9UQ52, Q12860, P04216, O95971, O75326, A6ND01, Q10589, P13987, Q9P232, Q9Y2I2, P52797, P52798, Q03405, Q9BZM6, Q9BZM5, P13591, Q6H3X3, Q9BZM4, P55290, Q8IWV2, Q96CW9, Q13421, Q13449, O94779, P25063, Q7Z3B1, P52803, Q9P121, O43921, O75015, P40199, P08174, Q5VY80, P23515, P20827, P08571, Q02246, P09326, Q14982, O14798, P06731, Q9BZR6",510,150,14457,8.693098039215686,1.7694066002023318e-28,6.166113909796005e-29,5.093746273309743e-29,cluster_04,22.49178573165062,04 GPI-anchor
GOTERM_CC_DIRECT,GO:0098552~side of membrane,37,7.156673114119923,3.441041331569583e-27,"P31997, Q8N6Q3, P31358, Q9UQ52, Q12860, P04216, O95971, O75326, Q10589, P13987, Q9P232, Q9Y2I2, P52797, P52798, Q03405, P55290, Q8IWV2, Q96CW9, Q13421, Q13449, O94779, Q7Z3B1, P52803, Q9P121, O43921, P40199, P08174, P23515, P20827, P08571, Q02246, P08575, P09326, Q14982, O14798, P06731, Q9BZR6",517,132,20299,11.005553601781841,1.23877487936505e-24,1.23877487936505e-25,9.428453248500658e-26,cluster_04,22.49178573165062,04 GPI-anchor
UP_KW_PTM,KW-0449~Lipoprotein,81,15.667311411992262,1.2093387080273622e-12,"Q8TDQ0, Q14126, Q12860, P06734, P13987, P20916, P52797, P52798, Q29983, Q9BZM6, Q9BZM5, P16144, P23229, P21926, P33681, P13591, Q9BZM4, P25445, O75509, Q8IWV2, Q96CW9, Q13449, P0DMS8, P10966, P25063, P52803, O43921, O75015, P16109, P40199, P08174, Q5VY80, P23515, P08571, Q02246, P00533, Q7Z7D3, Q14982, O14798, P78380, Q8N6Q3, P31997, P31358, Q9UQ52, P04216, O95971, O75326, P49961, A6ND01, Q9HBW0, P29275, Q10589, Q9P232, P30542, Q9Y2I2, Q03405, Q9UBY5, P16284, Q6H3X3, P01732, P01730, P02786, P01135, P55290, P01375, Q13421, Q9BX67, O94779, P78310, P11836, Q7Z3B1, Q9P121, P20827, P09564, P22001, P09326, P06731, Q9BZR6, P26006",510,986,14457,2.328713757308197,2.6606050695932026e-11,6.953697571157333e-12,5.7443588631299705e-12,cluster_04,22.49178573165062,04 GPI-anchor
UP_KW_BIOLOGICAL_PROCESS,KW-0391~Immunity,95,18.3752417794971,8.511057707650543e-24,"P29016, P30203, P08637, Q8TDQ0, Q14246, P04439, P13747, P15529, P25090, O75144, Q29980, Q8TD07, Q9H3S1, O43914, Q29983, P59901, Q9BZM6, Q9NZS2, Q9BZM5, Q9BY67, Q9Y275, Q9BZM4, Q13241, P20036, Q8N423, O75509, Q8NHJ6, P30511, P10966, P78410, Q9NNX6, P15813, P11215, P10321, Q9UNG2, P36383, O14836, Q9H2X3, P01906, P01903, P08174, Q5VY80, P08571, Q9NPH3, O00481, O95727, P01589, Q7Z7D3, P78380, O14514, Q8N6Q3, P07766, Q6GTX8, Q15116, Q92637, Q92956, O95971, P12318, Q96E93, Q10589, Q96LC7, P12314, Q9BQ51, P17693, Q9NQ25, Q7Z6A9, P26717, P26718, P15391, Q6H3X3, P25942, Q8NHL6, P49238, P01732, Q9BZW8, Q9NZQ7, P26715, P01730, Q13740, Q86YT9, P42081, P17302, P16410, Q02223, P01889, P09564, Q96RJ3, P01920, P20023, O14931, P04233",362,997,11630,3.0612555899743428,3.4895336601367226e-22,1.7447668300683613e-22,1.489435098838845e-22,cluster_05,20.098803254639062,05 Immunity
GOTERM_BP_DIRECT,GO:0002250~adaptive immune response,58,11.218568665377177,2.1611696439793124e-20,"P29016, P30203, Q8TDQ0, Q14246, P04439, P13747, P15529, O75144, Q29980, Q9H3S1, Q13241, P20036, Q8N423, O75509, Q8NHJ6, P10966, Q9NNX6, P10321, Q9UNG2, O14836, Q9H2X3, P01906, P01903, O00481, O95727, Q7Z7D3, P07766, Q6GTX8, Q15116, Q92956, O95971, Q96LC7, Q9BQ51, Q9NQ25, Q9Y6Q6, Q7Z6A9, P26717, P26718, Q8NHL6, P49238, P01732, Q9BZW8, Q9NZQ7, P26715, P01730, Q13740, Q9BX67, P42081, P16410, Q02223, P01889, P09564, Q96RJ3, P01920",517,503,19172,4.2759920169505214,5.999406931686572e-17,2.49885240085108e-18,2.2160993724304534e-18,cluster_05,20.098803254639062,05 Immunity
UP_KW_BIOLOGICAL_PROCESS,KW-1064~Adaptive immunity,60,11.60541586073501,2.7473743681243104e-18,"P29016, P30203, Q8TDQ0, Q14246, P04439, P13747, O75144, Q29980, Q9H3S1, Q29983, Q13241, P20036, Q8N423, O75509, Q8NHJ6, P10966, P78410, Q9NNX6, P10321, Q9UNG2, O14836, Q9H2X3, P01906, P01903, O00481, O95727, Q7Z7D3, P07766, Q6GTX8, Q15116, Q92637, Q92956, O95971, Q96LC7, Q9BQ51, Q9NQ25, Q7Z6A9, P26717, P26718, P15391, Q8NHL6, P49238, P01732, Q9BZW8, Q9NZQ7, P26715, P01730, Q13740, P42081, P16410, Q02223, P01889, P09564, Q96RJ3, P01920, P04233",362,528,11630,3.650803616273229,1.1264234909309672e-16,3.754744969769891e-17,3.2052700961450284e-17,cluster_05,20.098803254639062,05 Immunity
GOTERM_BP_DIRECT,GO:0071526~semaphorin-plexin signaling pathway,29,5.609284332688588,5.288893059659153e-32,"O95754, O75326, Q9ULL4, O43157, Q8NFY4, Q9H3S1, O43914, O75051, P51805, Q9UIW2, O60486, O60462, O14786, Q9C0C4, Q92854, O15031, P35968, Q9NZC2, Q9P283, P04626, Q9NPR2, Q9H3T2, Q9H3T3, Q9Y4D7, Q9HCM2, Q13591, Q9NTN9, Q9H2E6",517,48,19172,22.404416505480338,1.4681967133613808e-28,1.467667824055415e-29,1.3015965819821174e-29,cluster_06,18.848638106984616,06 semaphorin-plexin signaling pathway
GOTERM_BP_DIRECT,GO:0050919~negative chemotaxis,25,4.835589941972921,5.096748166840852e-28,"O95754, O43155, P56975, P05106, P06756, O75326, Q9P283, P52803, Q8NFY4, Q02297, Q9NPR2, Q9H3T2, Q9H3S1, Q9H3T3, Q9NZU0, P51805, Q9HCM2, Q13591, O60462, Q9NTN9, Q9C0C4, Q92854, Q9H2E6, Q15375",517,40,19172,23.176982591876207,1.4148572911150205e-24,8.839672601864602e-26,7.839435774122085e-26,cluster_06,18.848638106984616,06 semaphorin-plexin signaling pathway
GOTERM_MF_DIRECT,GO:0045499~chemorepellent activity,19,3.67504835589942,7.783051895741507e-22,"O95754, O43155, P56975, O75326, Q9P283, P52803, Q8NFY4, Q02297, Q9NPR2, Q9H3T2, Q9H3S1, Q9H3T3, Q9NZU0, Q13591, Q9NTN9, Q9C0C4, Q92854, Q9H2E6, Q15375",512,29,19319,24.721241918103445,3.5179394568751613e-19,2.9316162140626344e-20,2.2960003092437445e-20,cluster_06,18.848638106984616,06 semaphorin-plexin signaling pathway
GOTERM_MF_DIRECT,GO:0030215~semaphorin receptor binding,15,2.9013539651837523,1.0407803566466049e-16,"O95754, Q9NZC2, O75326, Q9P283, O43157, Q8NFY4, Q9NPR2, Q9H3T2, Q9H3S1, Q9H3T3, Q13591, Q9NTN9, Q9C0C4, Q92854, Q9H2E6",512,24,19319,23.582763671875,5.0182080713057076e-14,3.1142443868435414e-15,2.4390321082801185e-15,cluster_06,18.848638106984616,06 semaphorin-plexin signaling pathway
GOTERM_BP_DIRECT,GO:0001755~neural crest cell migration,17,3.2882011605415857,6.140806160311282e-14,"O95754, Q15303, O75326, Q9P283, Q8NFY4, Q9NPR2, Q9H3T2, Q9H3S1, Q9H3T3, Q13591, Q9NTN9, O14786, P21583, P98172, Q9C0C4, Q92854, Q9H2E6",517,48,19172,13.133623468729851,1.7043344513467673e-10,3.7868304655252905e-12,3.358338657894681e-12,cluster_06,18.848638106984616,06 semaphorin-plexin signaling pathway
GOTERM_MF_DIRECT,GO:0038191~neuropilin binding,6,1.160541586073501,6.0364136858661455e-05,"O95754, Q9NTN9, Q9NPR2, Q9H3S1, Q9C0C4, Q92854",512,17,19319,13.317325367647058,0.02691652917404097,0.00041976292092484583,0.00032875237612255625,cluster_06,18.848638106984616,06 semaphorin-plexin signaling pathway
GOTERM_BP_DIRECT,GO:0007411~axon guidance,68,13.152804642166343,4.9723121545880375e-55,"O95754, O43155, Q12860, Q5JZY3, P52799, Q9H3S1, Q9ULB1, P52797, P52798, Q9NT68, Q9P2J2, Q9Y4C0, O14786, Q9C0C4, Q15223, Q92854, Q9UM47, Q8IWV2, P52803, O43921, Q6N022, Q9HCM2, Q02246, P46531, Q9UF33, P55283, Q9UKZ4, P98172, P08138, P43146, P54753, Q9UQ52, O75326, Q9P273, Q8NFY4, Q9HDB5, P32004, P54756, Q9NZU0, O60469, P51805, O60462, P54764, P29322, P29323, P54762, P29320, Q9P283, O94779, O94856, O15197, Q15768, Q14118, P58400, Q9NPR2, Q9Y6N7, Q9H3T2, O00533, Q9H3T3, Q04721, P20827, Q13591, Q9NTN9, Q92823, Q9H2E6, Q15375",517,200,19172,12.608278529980657,1.3803138541136393e-51,2.7596332457963608e-52,2.447372042488232e-52,cluster_07,18.238450727504482,07 axon guidance
UP_KW_BIOLOGICAL_PROCESS,KW-0524~Neurogenesis,42,8.123791102514506,4.43907606652596e-16,"O95754, P54753, O75326, Q9ULL4, Q9NR61, Q8NFY4, P34741, Q9H3S1, P52799, P32004, Q9Y2I2, P54756, O60469, Q9P2J2, O60462, O14786, Q9C0C4, Q92854, P54764, Q96CW9, P29322, P29323, P54762, Q9P283, Q9Y653, Q15768, P52803, Q9NPR2, Q9Y6N7, Q9H3T2, O00533, Q9H3T3, Q9UPX0, Q16288, Q13591, Q9NTN9, P08138, P98172, Q9H2E6, Q15375, O14514",362,295,11630,4.574023784998595,1.8207657603852567e-14,3.640042374551287e-15,3.107353246568172e-15,cluster_07,18.238450727504482,07 axon guidance
UP_KW_MOLECULAR_FUNCTION,KW-0217~Developmental protein,69,13.346228239845262,6.575685866769895e-14,"O95754, O43155, O00548, Q9NR61, P52799, Q9H3S1, P78504, Q9P2J2, Q9NYQ7, O14786, Q9BY67, O14788, Q9C0C4, Q92854, O14944, Q9UM47, Q15303, Q96CW9, P35968, P52803, P16234, Q6N022, Q9Y4D7, Q16288, P46531, P00533, P98172, P08138, P43146, Q9NYJ7, P54753, O75326, Q9NP84, Q8NFY4, P32004, Q9Y2I2, Q9NZU0, Q9NZU1, O60500, Q99466, O60462, Q5TAT6, O15031, P54764, Q6ZN44, P29322, P29323, P54760, Q9P283, Q9Y653, Q15768, Q9NPR2, Q9Y6N7, Q9H3T2, O43508, Q9Y219, O00533, Q9H3T3, Q86YL7, Q04721, Q6UVK1, Q13591, Q9NTN9, Q9H2E6, Q15375",300,1047,12067,2.650821394460363,2.3661073100811336e-12,3.945411520061937e-13,3.068653404492618e-13,cluster_07,18.238450727504482,07 axon guidance
UP_KW_MOLECULAR_FUNCTION,KW-9996~Developmental protein,69,13.346228239845262,6.575685866769895e-14,"O95754, O43155, O00548, Q9NR61, P52799, Q9H3S1, P78504, Q9P2J2, Q9NYQ7, O14786, Q9BY67, O14788, Q9C0C4, Q92854, O14944, Q9UM47, Q15303, Q96CW9, P35968, P52803, P16234, Q6N022, Q9Y4D7, Q16288, P46531, P00533, P98172, P08138, P43146, Q9NYJ7, P54753, O75326, Q9NP84, Q8NFY4, P32004, Q9Y2I2, Q9NZU0, Q9NZU1, O60500, Q99466, O60462, Q5TAT6, O15031, P54764, Q6ZN44, P29322, P29323, P54760, Q9P283, Q9Y653, Q15768, Q9NPR2, Q9Y6N7, Q9H3T2, O43508, Q9Y219, O00533, Q9H3T3, Q86YL7, Q04721, Q6UVK1, Q13591, Q9NTN9, Q9H2E6, Q15375",300,1047,12067,2.650821394460363,2.3661073100811336e-12,3.945411520061937e-13,3.068653404492618e-13,cluster_07,18.238450727504482,07 axon guidance
UP_KW_BIOLOGICAL_PROCESS,KW-0221~Differentiation,56,10.831721470019342,5.5325073637503725e-08,"O95754, O00548, Q9NR61, P52799, Q9H3S1, Q9P2J2, O14786, Q9BY67, O14788, Q9C0C4, Q92854, O14944, Q9UM47, Q96CW9, P35968, P52803, Q6N022, Q16288, P46531, P98172, P08138, Q9NYJ7, O75326, Q9HBB8, Q9NP84, Q9P273, Q8NFY4, Q9BYE9, P34741, P32004, Q9Y2I2, Q99466, P26718, O60462, Q5TAT6, Q9BX67, Q9P283, Q9Y653, Q15768, Q9NPR2, Q9Y6N7, Q9H3T2, O43508, O00533, Q9H3T3, Q04721, Q6UVK1, Q13591, Q9NTN9, P29317, Q9H2E6",362,829,11630,2.170224393364834,2.2683255090916177e-06,2.835410023922066e-07,2.420471971640788e-07,cluster_07,18.238450727504482,07 axon guidance
GOTERM_BP_DIRECT,GO:0030154~cell differentiation,48,9.284332688588009,7.024906467290566e-07,"O95754, Q9NYJ7, Q9Y624, O00548, O75326, Q9HBB8, Q9NP84, Q9P273, Q9NR61, Q8NFY4, Q9BYE9, Q9H3S1, Q9Y2I2, P21926, Q99466, P26718, Q5TAT6, O60462, O14786, Q9BY67, O14788, Q9C0C4, Q92854, Q9UM47, O00238, P35968, Q9P283, Q9Y653, P52803, Q02297, Q9NPR2, P36894, P80370, Q9H3T2, O43508, Q9Y219, O00533, Q9H3T3, Q04721, P46531, Q16288, Q13591, Q9H2E6, P26006",517,812,19172,2.192108698344942,0.001948214482104027,1.7884509584157176e-05,1.5860820932112003e-05,cluster_07,18.238450727504482,07 axon guidance
GOTERM_BP_DIRECT,GO:0071526~semaphorin-plexin signaling pathway,29,5.609284332688588,5.288893059659153e-32,"O95754, O75326, Q9ULL4, O43157, Q8NFY4, Q9H3S1, O43914, O75051, P51805, Q9UIW2, O60486, O60462, O14786, Q9C0C4, Q92854, O15031, P35968, Q9NZC2, Q9P283, P04626, Q9NPR2, Q9H3T2, Q9H3T3, Q9Y4D7, Q9HCM2, Q13591, Q9NTN9, Q9H2E6",517,48,19172,22.404416505480338,1.4681967133613808e-28,1.467667824055415e-29,1.3015965819821174e-29,cluster_08,18.16598074322738,08 semaphorin-plexin signaling pathway
REACTOME_PATHWAY,R-HSA-416700~Other semaphorin interactions,18,3.481624758220503,8.716674432654414e-23,"P05556, Q9NZC2, O75326, Q9ULL4, P56199, Q8NFY4, Q9H3S1, O43914, O75051, P21854, Q9Y4D7, Q9UIW2, Q9HCM2, O60486, Q13591, P08575, Q92854, Q9H2E6",443,19,11610,24.828323630747295,7.28713982569909e-20,1.2145233042831817e-20,1.031473141197439e-20,cluster_08,18.16598074322738,08 semaphorin-plexin signaling pathway
GOTERM_CC_DIRECT,GO:0002116~semaphorin receptor complex,15,2.9013539651837523,5.78547572160665e-22,"O15031, Q9NZC2, Q9ULL4, P04626, O43157, O75051, Q9Y4D7, P51805, Q9UIW2, Q9HCM2, O60486, O60462, O14786, Q92854",517,15,20299,39.26305609284333,2.0827712597783941e-19,1.6021317382910725e-20,1.219400267477094e-20,cluster_08,18.16598074322738,08 semaphorin-plexin signaling pathway
GOTERM_MF_DIRECT,GO:0017154~semaphorin receptor activity,13,2.5145067698259185,1.6934787639462248e-16,"O15031, O75051, Q9NZC2, Q9Y4D7, P51805, Q9UIW2, Q9ULL4, Q9HCM2, O43157, O60486, O60462, O14786",512,16,19319,30.6575927734375,1.0036416142611415e-13,4.502661184139374e-15,3.5264204849233154e-15,cluster_08,18.16598074322738,08 semaphorin-plexin signaling pathway
REACTOME_PATHWAY,R-HSA-373755~Semaphorin interactions,22,4.25531914893617,1.262944139415424e-14,"P05556, Q9NZC2, O75326, Q9ULL4, P04626, O43157, P56199, Q8NFY4, Q9H3S1, O43914, O75051, P21854, Q9Y4D7, P51805, Q9UIW2, Q9HCM2, O60486, Q13591, P08575, O14786, Q92854, Q9H2E6",443,65,11610,8.87028998089946,1.0580869513887592e-11,7.038808670341963e-13,5.977935593233007e-13,cluster_08,18.16598074322738,08 semaphorin-plexin signaling pathway
GOTERM_BP_DIRECT,GO:0030334~regulation of cell migration,14,2.7079303675048356,1.7696890230745493e-05,"O15031, Q15303, P04216, O43157, P13688, O75051, Q9Y4D7, P51805, Q9UIW2, Q9HCM2, P16284, O60486, P46531, P29317",517,118,19172,4.399698390322263,0.04793979151106309,0.00030502403969142076,0.000270509607812824,cluster_08,18.16598074322738,08 semaphorin-plexin signaling pathway
GOTERM_BP_DIRECT,GO:0034113~heterotypic cell-cell adhesion,26,5.029013539651837,8.868958176953888e-34,"P78324, P08514, P05106, Q13477, P04216, P06756, P05107, Q08722, P19256, Q8TD46, P41217, Q14773, Q8N423, P08648, P05556, Q9BX67, P26010, Q13349, P15813, P06729, P19320, Q8IYV9, P13612, P11215, P20702, P08575",517,32,19172,30.13007736943907,2.4620227899223992e-30,2.7345954378941152e-31,2.425167341498169e-31,cluster_09,17.956178914491836,09 heterotypic cell-cell adhesion
REACTOME_PATHWAY,R-HSA-216083~Integrin cell surface interactions,35,6.769825918762089,1.5412396450079753e-26,"P32942, P08514, Q9Y624, P05106, Q13477, P06756, P05107, P56199, Q08722, P12830, Q9UMF0, P23229, P38570, P16284, Q5TAT6, Q14773, P08648, P05556, P35968, Q9BX67, P26010, O75578, Q13349, P19320, P13612, P11215, P13598, P20701, P17301, P20702, P57087, Q9UKX5, P05362, P16070, P26006",443,85,11610,10.791395564998009,1.2884763432266673e-23,4.2949211440888915e-24,3.6476004931855414e-24,cluster_09,17.956178914491836,09 heterotypic cell-cell adhesion
GOTERM_MF_DIRECT,GO:0005178~integrin binding,38,7.35009671179884,1.6628669679366535e-25,"Q8N6Q3, P78423, P23471, P32942, Q9Y624, P05106, P04216, P06734, P06756, P05107, O75326, O14672, Q12864, Q9UMF0, P16144, P21926, Q14773, Q15762, P29965, P08648, P05556, P35968, Q9BX67, P78310, P26010, Q86YT9, Q02297, P19320, P16109, P13612, P11215, P13598, P17301, P20702, P57087, P05362, P05067, P26006",512,151,19319,9.49557636589404,7.516158695073674e-23,7.516158695073674e-24,5.8865490664957534e-24,cluster_09,17.956178914491836,09 heterotypic cell-cell adhesion
GOTERM_CC_DIRECT,GO:0008305~integrin complex,20,3.8684719535783367,1.988807105607566e-24,"P08648, P05556, P05106, P08514, P06756, P05107, P26010, Q13349, O75578, P56199, P11215, P13612, P20701, P20702, P17301, P16144, P23229, P38570, Q9UKX5, P26006",517,28,20299,28.045040066316663,7.1597055801872375e-22,5.966421316822698e-23,4.541109557803942e-23,cluster_09,17.956178914491836,09 heterotypic cell-cell adhesion
GOTERM_BP_DIRECT,GO:0007160~cell-matrix adhesion,32,6.189555125725339,8.088150835272588e-23,"P08514, P05106, Q13477, Q9BZZ2, P06756, P05107, P56199, P32004, Q03405, P40200, P16144, P23229, P38570, Q9UMD9, Q5TAT6, P08648, P05556, Q13421, Q9BX67, P26010, O75578, Q13349, P19320, P13612, P11215, P20701, P17301, P20702, P28906, Q9UKX5, P16070, P26006",517,114,19172,10.409311479860191,2.24527067187167e-19,1.1222309283940716e-20,9.952469602802919e-21,cluster_09,17.956178914491836,09 heterotypic cell-cell adhesion
GOTERM_BP_DIRECT,GO:0007229~integrin-mediated signaling pathway,31,5.996131528046422,3.3853507129493225e-21,"P32942, P08514, P05106, Q13477, P04216, P06756, P05107, O75326, O14672, Q12864, P56199, Q08722, P13688, O43914, P16144, P23229, P38570, O14786, P29965, P08648, P05556, P26010, O75578, Q13349, P13612, P11215, P20701, P17301, P20702, Q9UKX5, P26006",517,118,19172,9.74218929285644,9.39773357914732e-18,4.084499229754074e-19,3.622325262855775e-19,cluster_09,17.956178914491836,09 heterotypic cell-cell adhesion
GOTERM_BP_DIRECT,GO:0033631~cell-cell adhesion mediated by integrin,15,2.9013539651837523,2.4217958226559177e-19,"P08648, P05556, P32942, P05106, P08514, P05107, Q13349, Q9UMF0, P19320, P11215, P13612, P20701, P20702, P05362, Q14773",517,18,19172,30.90264345583494,6.722905203692828e-16,2.240161135956724e-17,1.9866798398520712e-17,cluster_09,17.956178914491836,09 heterotypic cell-cell adhesion
UP_KW_MOLECULAR_FUNCTION,KW-0401~Integrin,20,3.8684719535783367,3.822249156134284e-19,"P08648, P05556, P05106, P08514, P06756, P05107, P26010, Q13349, O75578, P56199, P11215, P13612, P20701, P20702, P17301, P16144, P23229, P38570, Q9UKX5, P26006",300,46,12067,17.48840579710145,1.3760096962083422e-17,4.58669898736114e-18,3.567432545725332e-18,cluster_09,17.956178914491836,09 heterotypic cell-cell adhesion
REACTOME_PATHWAY,R-HSA-1474244~Extracellular matrix organization,48,9.284332688588009,1.108253043823416e-15,"P32942, P08514, Q9Y624, Q13477, O14672, P56199, Q08722, Q9ULB1, P16144, P23229, P13591, P38570, Q9UMD9, Q14773, P08648, P35968, O75578, P11215, P13598, P40199, P16070, P05067, Q13332, P31997, P05106, P06756, P05107, P12830, P34741, Q9UMF0, P13688, P16284, Q5TAT6, P05556, Q9BX67, P26010, Q14118, Q13349, P58400, P19320, P13612, P20701, P17301, P20702, P57087, P18827, Q9UKX5, P05362, P26006",443,322,11610,3.9067341530782493,9.281464485866309e-13,6.617853890259826e-14,5.6204261508187527e-14,cluster_09,17.956178914491836,09 heterotypic cell-cell adhesion
GOTERM_BP_DIRECT,GO:0033627~cell adhesion mediated by integrin,14,2.7079303675048356,1.532728618896973e-13,"P08648, P05556, P05106, P06756, P05107, P26010, P19320, P13598, P20701, P17301, P16144, Q9UKX5, P05362, Q14773",517,29,19172,17.90222103648369,4.256213159692379e-10,9.049621100934255e-12,8.025627938522236e-12,cluster_09,17.956178914491836,09 heterotypic cell-cell adhesion
GOTERM_MF_DIRECT,GO:0046872~metal ion binding,53,10.251450676982591,0.3973628818980902,"Q8TDQ0, P08514, P06734, P04439, O14672, P56199, O43914, Q9ULB1, Q29983, P21802, P16144, P23229, Q9Y4C0, P38570, P16581, O14786, P08648, O00238, P35968, Q9NNX6, O75578, P19022, Q9P2S2, P16109, P36894, P11215, P10721, Q9H2X3, P01906, Q16288, P22223, Q86SQ4, P05106, P06756, P05107, P50591, Q9HDB5, Q9Y6Q6, O60462, P05556, P26010, Q13349, P58400, P58401, O43424, P13612, P20701, P17301, P20702, P14151, P22607, P01889, Q9UKX5, P01920, P26006",512,1882,19319,1.0626027414319872,1.0,0.9604707091868276,0.7522270598498606,cluster_09,17.956178914491836,09 heterotypic cell-cell adhesion
UP_KW_LIGAND,KW-0460~Magnesium,23,4.448742746615087,0.43396944632266055,"P05556, O00238, P05106, P35968, P05107, P49961, P26010, Q13349, O75578, P56199, P11215, P10721, P36894, Q8N6F1, P20701, P21802, P20702, P17301, P16144, P22607, Q9Y5I7, Q9UKX5, Q16288",182,811,7019,1.0937317922521375,0.9999644272253082,1.0,1.0,cluster_09,17.956178914491836,09 heterotypic cell-cell adhesion
GOTERM_BP_DIRECT,GO:0051965~positive regulation of synapse assembly,31,5.996131528046422,2.3092509252177766e-29,"Q8N2Q7, O43155, P54753, O94985, Q9BQT9, Q9ULB1, Q9H5Y7, Q9NZU0, Q86UE6, Q9NZU1, P23468, Q9H4D0, Q8IW52, P29323, P54762, O94933, O43300, P52803, P58400, O43424, Q8NFZ4, O94991, Q9NT99, Q9NZ94, Q9H156, Q86VH5, Q86VH4, Q9NPH3, Q9NZN1, Q96PX8, Q16288, O14514",517,68,19172,16.90556377289794,6.410480568404548e-26,5.825610288617573e-27,5.166424115419044e-27,cluster_10,15.32050940568464,10 positive regulation of synapse assembly
REACTOME_PATHWAY,R-HSA-6794362~Protein-protein interactions at synapses,27,5.222437137330754,1.6803570602127888e-16,"Q8N2Q7, Q9NP60, Q6PJG9, Q9HDB5, Q9ULB1, Q9H5Y7, Q86UE6, Q9Y4C0, Q8N0W4, P23468, Q8IW52, O94933, O43300, P10586, P58400, Q9P2S2, P58401, Q8NFZ3, Q8NFZ4, O94991, Q9NT99, Q9NZ94, Q9H156, Q86VH5, Q86VH4, Q9NPH3, Q9NZN1, Q96PX8, Q16288, Q13332",443,90,11610,7.8623024830699775,1.8562928971732617e-13,1.0805988479522242e-14,9.177334713469846e-15,cluster_10,15.32050940568464,10 positive regulation of synapse assembly
REACTOME_PATHWAY,R-HSA-388844~Receptor-type tyrosine-protein phosphatases,14,2.7079303675048356,1.80344890638122e-14,"Q8IW52, Q9NP60, O94933, P10586, O94991, Q9NT99, Q9H5Y7, Q9H156, Q9NPH3, Q9NZN1, Q96PX8, Q16288, P23468, Q13332",443,20,11610,18.345372460496616,1.503597246710342e-11,8.868725210204118e-13,7.532051314886273e-13,cluster_10,15.32050940568464,10 positive regulation of synapse assembly
REACTOME_PATHWAY,R-HSA-112316~Neuronal System,31,5.996131528046422,0.0007464244092744835,"Q8N2Q7, Q9NP60, Q6PJG9, Q9HDB5, Q9ULB1, Q9H5Y7, Q86UE6, Q9Y4C0, Q8N0W4, P23468, Q15303, Q8IW52, O94933, O43300, P10586, Q02297, P58400, Q9P2S2, P58401, Q8NFZ3, Q8NFZ4, O94991, Q9NT99, Q9NZ94, Q9H156, P36383, Q86VH5, Q86VH4, Q9NPH3, Q9NZN1, Q96PX8, Q16288, P22001, Q13332",443,422,11610,1.9252083489349867,0.4643336593632419,0.006178324813400676,0.005247141886979043,cluster_10,15.32050940568464,10 positive regulation of synapse assembly
GOTERM_CC_DIRECT,GO:0045211~postsynaptic membrane,48,9.284332688588009,1.2416859633647208e-27,"O95754, Q8N2Q7, O43155, Q9HBW1, P05106, Q12860, P29274, O94985, O43157, Q9BQT9, O95490, Q9NQS3, P30542, Q9NZU0, Q86UE6, Q9NT68, P21860, O60462, Q5TAT6, O14786, Q9BY67, Q9HAR2, Q9H4D0, Q92854, Q92633, P08648, P54764, Q15303, P29323, O94933, P04626, O43300, Q14118, O43424, Q8NFZ4, Q9NZ94, Q9H156, Q86VH5, O14917, Q86VH4, Q02246, Q9NZN1, Q96PX8, Q9UPX0, Q16288, P26006, Q15375",517,247,20299,7.6300675807954645,4.470069468112995e-25,5.587586835141243e-26,4.2527744245241685e-26,cluster_11,14.487932514434858,11 postsynaptic membrane
UP_KW_CELLULAR_COMPONENT,KW-0628~Postsynaptic cell membrane,23,4.448742746615087,9.093706804423689e-10,"Q9HBW1, P54764, P05106, O94985, O43300, Q14118, Q9BQT9, Q9UMF0, O95490, Q8NFZ3, O43424, Q8NFZ4, Q9NQS3, Q9NT68, Q86UE6, Q86VH5, Q86VH4, Q8N0W4, Q9UPX0, Q5TAT6, Q9HAR2, Q9C0C4, Q9H4D0",517,160,18225,5.067396034816247,2.6371749672904343e-08,5.274349946565739e-09,5.274349946565739e-09,cluster_11,14.487932514434858,11 postsynaptic membrane
UP_KW_CELLULAR_COMPONENT,KW-0770~Synapse,42,8.123791102514506,3.0440356706206355e-08,"O95754, Q8N2Q7, O43155, Q9HBW1, P05106, O94985, Q9BQT9, Q9UMF0, Q9HDB5, O95490, Q9NQS3, Q9ULB1, Q9NZU0, Q86UE6, O60469, Q9NT68, Q9P2J2, Q9Y4C0, Q8N0W4, Q5TAT6, Q9BY67, Q9HAR2, Q9C0C4, Q9H4D0, Q15223, P54764, O94910, O43300, Q14118, P58400, Q9P2S2, P58401, Q8NFZ3, O43424, Q8NFZ4, Q9NT99, Q9NZ94, Q86VH5, Q86VH4, Q96PX8, Q9UPX0, P08575, P08138, Q13332, O14514",517,561,18225,2.639146039988001,8.827699674585077e-07,1.4712839074666405e-07,1.4712839074666405e-07,cluster_11,14.487932514434858,11 postsynaptic membrane
GOTERM_BP_DIRECT,GO:0016339~calcium-dependent cell-cell adhesion,27,5.222437137330754,5.90031578356249e-29,"Q8N2Q7, O75309, P55289, P55287, Q12864, P55286, Q13634, P12830, Q9ULB1, Q9ULB5, Q9ULB4, Q9Y5E4, Q9NPG4, Q02413, P55291, P55290, Q86UP0, P19022, P58400, P16109, Q9Y6N8, Q9H251, P14151, P33151, Q9UN71, P22223, P55285, P55283",517,47,19172,21.30309889295856,1.6379276615169472e-25,1.2594904845681469e-26,1.1169751648728683e-26,cluster_12,13.874671648289038,12 calcium-dependent cell-cell adhesion
GOTERM_BP_DIRECT,GO:0034332~adherens junction organization,20,3.8684719535783367,6.041368988582374e-22,"Q86UP0, P54764, P55289, O14672, P55287, Q12864, P55286, Q13634, P19022, P12830, Q9Y6N8, P52799, Q9ULB5, Q9ULB4, P33151, P22223, P55285, P55283, P55291, P55290",517,33,19172,22.47464978606178,1.677084031230467e-18,7.98323759205528e-20,7.079909086143439e-20,cluster_12,13.874671648289038,12 calcium-dependent cell-cell adhesion
GOTERM_BP_DIRECT,GO:0007043~cell-cell junction assembly,20,3.8684719535783367,4.342591500478621e-20,"Q86UP0, P55289, P55287, Q12864, P55286, Q13634, P19022, P12830, Q9Y6N8, O00501, P36383, Q9ULB5, Q9ULB4, Q02413, P33151, P22223, P55285, P55283, P55291, P55290",517,39,19172,19.017011357436893,1.2055034005328651e-16,4.463219042158583e-18,3.9581917343251436e-18,cluster_12,13.874671648289038,12 calcium-dependent cell-cell adhesion
GOTERM_CC_DIRECT,GO:0016342~catenin complex,18,3.481624758220503,2.3197906375393323e-19,"Q86UP0, P55289, P55287, Q12864, P55286, Q13634, P19022, P12830, Q9Y6N8, Q9ULB5, Q9ULB4, Q9H251, P33151, P22223, P55285, P55283, P55291, P55290",517,32,20299,22.085469052224372,8.351246295141597e-17,5.9651759251011405e-18,4.5401616763269794e-18,cluster_12,13.874671648289038,12 calcium-dependent cell-cell adhesion
GOTERM_CC_DIRECT,GO:0005912~adherens junction,35,6.769825918762089,7.828760957052449e-19,"O00548, P55289, O14672, P55287, Q12864, P55286, Q13634, Q9BYE9, P12830, P13688, Q9NQS3, P52799, P78504, Q96AP7, Q9ULB5, Q9ULB4, P15151, Q9NYQ7, P55291, Q15223, P55290, Q86UP0, P54764, P78310, Q14118, P52803, P19022, Q96NY8, Q9Y6N8, Q02487, P33151, P22223, P55285, P46531, P55283",517,198,20299,6.940439208330892,2.8183539445388816e-16,1.761471215336801e-17,1.3406753138952319e-17,cluster_12,13.874671648289038,12 calcium-dependent cell-cell adhesion
GOTERM_BP_DIRECT,GO:0044331~cell-cell adhesion mediated by cadherin,19,3.67504835589942,2.603696020758702e-18,"Q86UP0, P55289, P55287, Q12864, P55286, Q13634, P19022, Q9BYE9, P12830, Q9Y6N8, Q9ULB5, Q9ULB4, P33151, P22223, P55285, Q9NYQ7, P55283, P55291, P55290",517,40,19172,17.61450676982592,7.227860153626157e-15,2.1894716538198176e-16,1.9417260324506562e-16,cluster_12,13.874671648289038,12 calcium-dependent cell-cell adhesion
REACTOME_PATHWAY,R-HSA-1500931~Cell-Cell communication,48,9.284332688588009,7.542116385073692e-14,"P78324, P78369, Q9Y624, P55289, P55287, Q12864, P55286, O95832, Q13634, Q6UWL6, Q08722, O00241, O95471, P12830, Q9NQS3, Q8IZU9, O43914, O00501, P56856, Q9ULB5, P40189, O60500, Q9ULB4, P16144, P23229, Q9UMD9, P15151, Q92692, Q9Y5I7, Q9BY67, P08887, P55291, Q15223, P55290, Q8N126, Q86UP0, P05556, O15551, P19022, Q96NY8, Q9Y6N8, Q9P1W8, Q8N6F1, Q96J84, P33151, P22223, P55285, P55283",443,359,11610,3.504090243150965,6.302114385903224e-11,3.5028940544008922e-12,2.974945907445734e-12,cluster_12,13.874671648289038,12 calcium-dependent cell-cell adhesion
GOTERM_MF_DIRECT,GO:0008013~beta-catenin binding,22,4.25531914893617,1.26514780433665e-12,"Q86UP0, Q9NZC2, P55289, Q9HBB8, P78310, P55287, Q12864, P55286, Q13634, P19022, P12830, Q9Y6N8, P17302, Q9ULB5, Q9ULB4, Q9H251, P33151, P22223, P55285, P55283, P55291, P55290",512,111,19319,7.4784980292792795,5.718248097252854e-10,2.5993036707280263e-11,2.0357378306144275e-11,cluster_12,13.874671648289038,12 calcium-dependent cell-cell adhesion
GOTERM_BP_DIRECT,GO:0000902~cell morphogenesis,20,3.8684719535783367,1.4713549094197895e-10,"Q86UP0, P07359, P55289, P55287, Q12864, P55286, Q13634, P19022, P12830, Q9Y6N8, Q9ULB5, Q9ULB4, P16871, P33151, P22223, P55285, P55283, P00533, P55291, P55290",517,112,19172,6.621995026250346,4.0844813675722236e-07,7.0396721959308895e-09,6.243111089796727e-09,cluster_12,13.874671648289038,12 calcium-dependent cell-cell adhesion
REACTOME_PATHWAY,R-HSA-446728~Cell junction organization,39,7.543520309477756,5.091284224518823e-10,"P78369, Q9Y624, P55289, P55287, Q12864, P55286, O95832, Q13634, O95471, P12830, Q9NQS3, O00501, P56856, Q9ULB5, P40189, Q9ULB4, P16144, P23229, Q9UMD9, P15151, Q92692, Q9Y5I7, Q9BY67, P08887, P55291, Q15223, P55290, Q8N126, Q86UP0, P05556, O15551, P19022, Q96NY8, Q9Y6N8, Q8N6F1, P33151, P22223, P55285, P55283",443,323,11610,3.1643941882324986,4.256312570172227e-07,1.4187712038992454e-08,1.2049372664694549e-08,cluster_12,13.874671648289038,12 calcium-dependent cell-cell adhesion
UP_KW_PTM,KW-0165~Cleavage on pair of basic residues,35,6.769825918762089,3.5022761054638923e-09,"Q86SQ4, P08514, Q14126, P06756, P55289, O14672, P55287, P55286, Q13634, P12830, Q9NT68, Q9ULB5, Q9ULB4, P23229, Q02413, Q9Y275, Q14574, P55291, P55290, P08648, Q86UP0, Q13421, P19022, Q9Y6N8, Q08554, O43508, P19438, Q02487, P33151, P22223, P55285, P55283, Q9UKZ4, Q14242, P26006",510,308,14457,3.221256684491979,7.705007210034864e-08,1.6110470085133903e-08,1.330864920076279e-08,cluster_12,13.874671648289038,12 calcium-dependent cell-cell adhesion
REACTOME_PATHWAY,R-HSA-421270~Cell-cell junction organization,35,6.769825918762089,8.03784958344651e-09,"P78369, Q9Y624, P55289, P55287, Q12864, P55286, O95832, Q13634, O95471, P12830, Q9NQS3, O00501, P56856, Q9ULB5, P40189, Q9ULB4, P15151, Q92692, Q9Y5I7, Q9BY67, P08887, P55291, Q15223, P55290, Q8N126, Q86UP0, O15551, P19022, Q96NY8, Q9Y6N8, Q8N6F1, P33151, P22223, P55285, P55283",443,296,11610,3.098880483191996,6.7196197226504495e-06,1.8665672921559116e-07,1.5852425567352838e-07,cluster_12,13.874671648289038,12 calcium-dependent cell-cell adhesion
GOTERM_MF_DIRECT,GO:0045296~cadherin binding,26,5.029013539651837,1.5205087873333935e-06,"Q9Y624, P55289, P55287, Q12864, P15529, P55286, Q13634, P12830, Q9ULB5, Q9ULB4, P23229, P55291, P55290, Q9UM47, Q86UP0, P05556, P35968, P19022, Q9Y6N8, Q9H251, P33151, P22223, P55285, P55283, P00533, P29317",512,320,19319,3.06575927734375,0.0006870343780992494,1.7181749296867348e-05,1.3456502767900532e-05,cluster_12,13.874671648289038,12 calcium-dependent cell-cell adhesion
REACTOME_PATHWAY,R-HSA-418990~Adherens junctions interactions,26,5.029013539651837,2.5377378299884715e-05,"P55289, P55287, Q12864, P55286, Q13634, P12830, Q9NQS3, Q9ULB5, P40189, Q9ULB4, P15151, Q92692, Q9BY67, P08887, P55291, Q15223, P55290, Q8N126, Q86UP0, P19022, Q96NY8, Q9Y6N8, P33151, P22223, P55285, P55283",443,264,11610,2.581058895957316,0.02099228643680362,0.0003263921270569788,0.0002771990552756638,cluster_12,13.874671648289038,12 calcium-dependent cell-cell adhesion
REACTOME_PATHWAY,R-HSA-5669034~TNFs bind their physiological receptors,21,4.061895551257253,1.9277243698688147e-22,"Q9Y5U5, Q92956, P48023, O43557, P32970, O95150, P32971, Q07011, Q9UNG2, O14836, P19438, Q02223, P28908, P41273, Q93038, Q9Y275, O14788, P43489, P26842, P23510, P20333",443,29,11610,18.977971510858566,1.611577573210329e-19,2.3022536760147557e-20,1.955263289438369e-20,cluster_13,11.158210667868898,13 TNFs bind their physiological receptors
REACTOME_PATHWAY,R-HSA-5668541~TNFR2 non-canonical NF-kB pathway,30,5.802707930367505,4.913812017770902e-20,"Q9Y5U5, Q92956, Q9NP84, Q06643, P36941, O43557, O95150, Q07011, Q9Y6Q6, P41273, P25942, Q9Y275, O14788, P29965, P01375, P20333, P48023, P32970, O43508, P32971, Q9UNG2, O14836, P19438, Q02223, P28908, Q96RJ3, Q93038, P43489, P26842, P23510",443,88,11610,8.934434639852247,4.107946846856474e-17,4.107946846856474e-18,3.48880653261734e-18,cluster_13,11.158210667868898,13 TNFs bind their physiological receptors
GOTERM_MF_DIRECT,GO:0005164~tumor necrosis factor receptor binding,15,2.9013539651837523,2.096937661933314e-14,"P48023, P50591, Q06643, O43557, P32970, O95150, O43508, P32971, Q9UNG2, P41273, Q9Y275, O14788, P29965, P01375, P23510",512,32,19319,17.68707275390625,9.484413254767787e-12,4.739079115969291e-13,3.711579661621966e-13,cluster_13,11.158210667868898,13 TNFs bind their physiological receptors
GOTERM_BP_DIRECT,GO:2001238~positive regulation of extrinsic apoptotic signaling pathway,13,2.5145067698259185,2.5688570755180326e-10,"Q9NP84, P48023, P50591, Q06643, P36941, O43557, O95150, O43508, P08575, O14788, P05067, P29965, P01375",517,39,19172,12.361057382333978,7.1311454596934e-07,1.1686194073053344e-08,1.036386436532767e-08,cluster_13,11.158210667868898,13 TNFs bind their physiological receptors
GOTERM_BP_DIRECT,GO:0033209~tumor necrosis factor-mediated signaling pathway,15,2.9013539651837523,4.896220663970059e-10,"Q9Y5U5, Q92956, P32970, Q9UNG2, Q9Y6Q6, P19438, Q02223, Q96RJ3, Q93038, Q9Y275, O14788, P43489, P25445, P01375, P20333",517,60,19172,9.270793036750483,1.359190083483064e-06,2.14555604212382e-08,1.90277961069071e-08,cluster_13,11.158210667868898,13 TNFs bind their physiological receptors
GOTERM_BP_DIRECT,GO:0023052~signaling,11,2.127659574468085,1.0477679771676464e-06,"P41273, P50591, Q06643, P25090, O43557, Q9Y275, O95150, O14788, P32971, P29965, P23510",517,52,19172,7.844517184942717,0.002904379533740231,2.4640306242713718e-05,2.1852177896691336e-05,cluster_13,11.158210667868898,13 TNFs bind their physiological receptors
GOTERM_MF_DIRECT,GO:0005125~cytokine activity,19,3.67504835589942,7.487487981882988e-06,"P48023, P50591, P49771, Q06643, Q02297, O43557, O95150, O43508, P32971, Q9UNG2, P40189, P41273, Q8WVN6, P21583, Q9Y275, O14788, P29965, P01375, P23510",512,202,19319,3.549089186262376,0.003378636756226072,6.26730475520576e-05,4.9084643436788476e-05,cluster_13,11.158210667868898,13 TNFs bind their physiological receptors
UP_KW_MOLECULAR_FUNCTION,KW-0202~Cytokine,17,3.2882011605415857,2.7673460985599344e-05,"P78423, P48023, P50591, P49771, Q06643, O43557, O95150, O43508, P32971, Q9UNG2, Q9H2A7, P41273, Q9Y275, O14788, P29965, P01375, P23510",300,195,12067,3.5066495726495726,0.000995762279886958,0.00012453057443519706,9.685711344959771e-05,cluster_13,11.158210667868898,13 TNFs bind their physiological receptors
GOTERM_BP_DIRECT,GO:0002767~immune response-inhibiting cell surface receptor signaling pathway,14,2.7079303675048356,1.173388128224421e-12,"Q6GTX8, Q8N109, Q14943, P17693, P59901, P43626, P43628, P43629, Q8NHL6, Q99706, P43630, Q8N743, Q8N423, Q8NHJ6",517,33,19172,15.732254850243244,3.2573437280802864e-09,6.512304111645537e-11,5.7754163671205995e-11,cluster_14,10.548019072007625,14 immune response-inhibiting cell surface receptor signaling pathway
GOTERM_BP_DIRECT,GO:0002764~immune response-regulating signaling pathway,17,3.2882011605415857,8.939530579100234e-12,"Q6GTX8, Q8N109, Q14943, P59901, P43626, P43628, P43629, Q8NHL6, Q99706, P43630, Q8N743, Q8N423, Q8NHJ6",517,64,19172,9.850217601547389,2.481609551185926e-08,4.770614876346759e-10,4.230804760608784e-10,cluster_14,10.548019072007625,14 immune response-inhibiting cell surface receptor signaling pathway
GOTERM_MF_DIRECT,GO:0140375~immune receptor activity,10,1.9342359767891684,2.1636468649586998e-09,"P08637, Q6GTX8, Q8N109, P43626, P43628, P43629, Q14943, P43630, O14931, Q8N743",512,22,19319,17.151100852272727,9.77967884230324e-07,3.154736719230104e-08,2.4707451296625153e-08,cluster_14,10.548019072007625,14 immune response-inhibiting cell surface receptor signaling pathway
GOTERM_MF_DIRECT,GO:0004714~transmembrane receptor protein tyrosine kinase activity,26,5.029013539651837,1.6334191045841566e-25,"P54753, P21709, P36888, P54756, P21802, P21860, P22455, P54764, P35968, Q15303, P29322, P29323, P54762, P29320, P54760, O15197, P04626, P10721, P16234, P11362, P22607, Q16288, Q9UF33, P00533, P29317, Q15375",512,54,19319,18.16746238425926,7.383054352720388e-23,7.516158695073674e-24,5.8865490664957534e-24,cluster_15,10.416553924347856,15 transmembrane receptor protein tyrosine kinase activity
GOTERM_MF_DIRECT,GO:0005005~transmembrane-ephrin receptor activity,15,2.9013539651837523,1.0066709340804843e-21,"P54753, P54764, P29322, P29323, P54762, P29320, O15197, Q15768, Q5JZY3, P21709, P52797, P54756, P52798, Q9UF33, Q15375",512,15,19319,37.732421875,4.550152622043789e-19,3.500117401572145e-20,2.741242389726857e-20,cluster_15,10.416553924347856,15 transmembrane receptor protein tyrosine kinase activity
GOTERM_BP_DIRECT,GO:0007169~cell surface receptor protein tyrosine kinase signaling pathway,32,6.189555125725339,1.2622647301964742e-21,"P23470, P54753, P07766, Q5JZY3, P21709, P36888, P54756, O95297, P21860, P01732, P01730, P54764, P35968, Q15303, P29322, P29323, P54762, P29320, P54760, O15197, P04626, P10966, Q02297, P10721, P16234, P09564, Q16288, Q9UF33, P00533, P29317, Q15375",517,124,19172,9.56985087664566,3.504046891025413e-18,1.592174830134189e-19,1.4120152277334196e-19,cluster_15,10.416553924347856,15 transmembrane receptor protein tyrosine kinase activity
GOTERM_MF_DIRECT,GO:0005003~ephrin receptor activity,14,2.7079303675048356,3.642208210767949e-20,"P54753, P54764, P29322, P29323, P54762, P29320, P54760, O15197, Q5JZY3, P21709, P54756, Q9UF33, P29317, Q15375",512,14,19319,37.732421875,1.646278111267113e-17,1.1759129366193664e-18,9.2095836186561e-19,cluster_15,10.416553924347856,15 transmembrane receptor protein tyrosine kinase activity
GOTERM_BP_DIRECT,GO:0048013~ephrin receptor signaling pathway,22,4.25531914893617,3.736302070374137e-20,"P54753, P54764, P29322, P29323, P54762, P29320, P54760, O15197, Q15768, Q5JZY3, P52803, O43921, P21709, P52799, P52797, P54756, P52798, P20827, Q9UF33, P29317, P98172, Q15375",517,51,19172,15.996662494785147,1.0371974547358603e-16,3.987783940495473e-18,3.536553613534904e-18,cluster_15,10.416553924347856,15 transmembrane receptor protein tyrosine kinase activity
REACTOME_PATHWAY,R-HSA-3928665~EPH-ephrin mediated repulsion of cells,23,4.448742746615087,1.8997186001482995e-18,"P54753, P54764, P29322, P29323, P54762, P29320, P54760, O15197, O14672, Q15768, Q5JZY3, P52803, O43921, P21709, P52799, P52797, P54756, P52798, P20827, Q9UF33, P29317, P98172, Q15375",443,51,11610,11.819147523569246,1.5881647497239784e-15,1.4437861361127077e-16,1.2261820055502662e-16,cluster_15,10.416553924347856,15 transmembrane receptor protein tyrosine kinase activity
UP_KW_MOLECULAR_FUNCTION,KW-0829~Tyrosine-protein kinase,26,5.029013539651837,7.906354584849962e-17,"P54753, Q5JZY3, P21709, P36888, P54756, P21802, P21860, P22455, P54764, P35968, Q15303, P29322, P29323, P54762, P29320, P54760, P04626, P10721, P16234, P11362, P22607, Q16288, Q9UF33, P00533, P29317, Q15375",300,118,12067,8.86276836158192,3.9968028886505635e-15,7.115719126364965e-16,5.534448209394973e-16,cluster_15,10.416553924347856,15 transmembrane receptor protein tyrosine kinase activity
GOTERM_MF_DIRECT,GO:0004713~protein tyrosine kinase activity,25,4.835589941972921,2.154575672024832e-13,"P54753, P21709, P36888, P54756, P21802, P21860, P22455, P54764, P35968, Q15303, P29322, P29323, P54762, P29320, P54760, P04626, P10721, P16234, P11362, P22607, Q16288, Q9UF33, P00533, P29317, Q15375",512,138,19319,6.835583673007246,9.740341866404378e-11,4.637467636929638e-12,3.6319989899847166e-12,cluster_15,10.416553924347856,15 transmembrane receptor protein tyrosine kinase activity
REACTOME_PATHWAY,R-HSA-2682334~EPH-Ephrin signaling,24,4.642166344294004,4.0707123832770503e-13,"P54753, P54764, P29322, P29323, P54762, P29320, P54760, O15197, O14672, Q15768, Q5JZY3, P52803, P34741, O43921, P21709, P52799, P52797, P54756, P52798, P20827, Q9UF33, P29317, P98172, Q15375",443,93,11610,6.763270953178474,3.4035130269671754e-10,1.6205312154379115e-11,1.3762884724412884e-11,cluster_15,10.416553924347856,15 transmembrane receptor protein tyrosine kinase activity
REACTOME_PATHWAY,R-HSA-3928663~EPHA-mediated growth cone collapse,14,2.7079303675048356,1.1539022174444034e-11,"P54764, P29322, P29320, Q5JZY3, P52803, O43921, P21709, P52797, P54756, P52798, P20827, Q9UF33, P29317, Q15375",443,29,11610,12.651981007239044,9.64659729874029e-09,4.1941837121022667e-10,3.5620459755892455e-10,cluster_15,10.416553924347856,15 transmembrane receptor protein tyrosine kinase activity
GOTERM_MF_DIRECT,GO:0046875~ephrin receptor binding,11,2.127659574468085,1.9583330705132176e-09,"P54764, P20827, Q15768, P52803, O43921, P98172, P52799, P05067, P52797, P52798, Q15375",512,29,19319,14.312297952586206,8.851661482678352e-07,2.9505551595732478e-08,2.310833023205597e-08,cluster_15,10.416553924347856,15 transmembrane receptor protein tyrosine kinase activity
GOTERM_BP_DIRECT,GO:0018108~peptidyl-tyrosine phosphorylation,10,1.9342359767891684,3.40531946581363e-07,"P21802, P16234, Q15303, P11362, P35968, P29323, P29320, P04626, P36888, P22455",517,36,19172,10.300881151944981,0.0009448701733137943,9.356199522408735e-06,8.29751604491816e-06,cluster_15,10.416553924347856,15 transmembrane receptor protein tyrosine kinase activity
GOTERM_MF_DIRECT,GO:0004672~protein kinase activity,29,5.609284332688588,0.00039025258494452733,"P54753, Q5JZY3, P21709, P36888, P54756, P21802, P21860, P22455, O00238, P54764, P35968, Q15303, P29322, P29323, P54762, P29320, P54760, O15197, P04626, P36894, P10721, P16234, P11362, P22607, Q16288, Q9UF33, P00533, P29317, Q15375",512,526,19319,2.0803046280893533,0.16174136837511222,0.0024163584711633748,0.0018924577406898996,cluster_15,10.416553924347856,15 transmembrane receptor protein tyrosine kinase activity
GOTERM_BP_DIRECT,GO:0046777~protein autophosphorylation,9,1.7408123791102514,0.009755052521710397,"P21802, P16234, Q15303, P11362, P35968, P54762, P10721, P36888, P22455",517,110,19172,3.03407772111834,0.999999999998481,0.0710846592714258,0.06304120593404645,cluster_15,10.416553924347856,15 transmembrane receptor protein tyrosine kinase activity
UP_KW_MOLECULAR_FUNCTION,KW-0418~Kinase,30,5.802707930367505,0.011866708751940359,"P54753, Q5JZY3, P21709, P36888, P54756, P21802, Q03405, P21860, O60462, P22455, O00238, P54764, P35968, Q15303, P29322, P29323, P54762, P29320, P54760, P04626, P36894, P10721, P16234, P11362, P22607, Q16288, Q9UF33, P00533, P29317, Q15375",300,752,12067,1.604654255319149,0.3493324778472754,0.038836501369986634,0.03020616773221182,cluster_15,10.416553924347856,15 transmembrane receptor protein tyrosine kinase activity
UP_KW_LIGAND,KW-0067~ATP-binding,30,5.802707930367505,0.9573841671957205,"P54753, P49961, Q5JZY3, P21709, P36888, P54756, P21802, P21860, P22455, O00238, P54764, P35968, Q15303, P29322, P29323, P54762, P29320, P54760, O15197, P04626, P36894, P10721, P16234, P11362, P22607, Q16288, Q9UF33, P00533, P29317, Q15375",182,1457,7019,0.794082376100221,1.0,1.0,1.0,cluster_15,10.416553924347856,15 transmembrane receptor protein tyrosine kinase activity
GOTERM_MF_DIRECT,GO:0005524~ATP binding,30,5.802707930367505,0.983434454273442,"P54753, P49961, Q5JZY3, P21709, P36888, P54756, P21802, P21860, P22455, O00238, P54764, P35968, Q15303, P29322, P29323, P54762, P29320, P54760, O15197, P04626, P36894, P10721, P16234, P11362, P22607, Q16288, Q9UF33, P00533, P29317, Q15375",512,1546,19319,0.7321944736416559,1.0,1.0,0.983434454273442,cluster_15,10.416553924347856,15 transmembrane receptor protein tyrosine kinase activity
UP_KW_LIGAND,KW-0547~Nucleotide-binding,30,5.802707930367505,0.9998497650456935,"P54753, P49961, Q5JZY3, P21709, P36888, P54756, P21802, P21860, P22455, O00238, P54764, P35968, Q15303, P29322, P29323, P54762, P29320, P54760, O15197, P04626, P36894, P10721, P16234, P11362, P22607, Q16288, Q9UF33, P00533, P29317, Q15375",182,1891,7019,0.611833961913285,1.0,1.0,1.0,cluster_15,10.416553924347856,15 transmembrane receptor protein tyrosine kinase activity
UP_KW_MOLECULAR_FUNCTION,KW-0808~Transferase,31,5.996131528046422,0.9998844795617333,"P54753, Q5JZY3, P21709, P36888, P54756, P21802, Q03405, P21860, O60462, P22455, O00238, P54764, P35968, Q15303, P29322, P29323, P54762, P29320, P54760, P04626, P36894, P10721, P16234, P11362, P28907, P22607, Q16288, Q9UF33, P00533, P29317, Q15375",300,2093,12067,0.5957588788023571,1.0,1.0,0.9998844795617333,cluster_15,10.416553924347856,15 transmembrane receptor protein tyrosine kinase activity
UP_KW_PTM,KW-0336~GPI-anchor,46,8.897485493230175,8.042757273646963e-30,"P31997, Q8N6Q3, P31358, Q9UQ52, Q12860, P04216, O95971, O75326, A6ND01, Q10589, P13987, Q9P232, Q9Y2I2, P52797, P52798, Q03405, Q9BZM6, Q9BZM5, P13591, Q6H3X3, Q9BZM4, P55290, Q8IWV2, Q96CW9, Q13421, Q13449, O94779, P25063, Q7Z3B1, P52803, Q9P121, O43921, O75015, P40199, P08174, Q5VY80, P23515, P20827, P08571, Q02246, P09326, Q14982, O14798, P06731, Q9BZR6",510,150,14457,8.693098039215686,1.7694066002023318e-28,6.166113909796005e-29,5.093746273309743e-29,cluster_16,9.394463647079426,16 GPI-anchor
REACTOME_PATHWAY,R-HSA-163125~Post-translational modification: synthesis of GPI-anchored proteins,20,3.8684719535783367,3.2866342914833744e-09,"Q8IWV2, P31358, Q96CW9, Q13421, P04216, A6ND01, Q13449, O94779, Q7Z3B1, Q9P121, O75015, Q9P232, Q9Y2I2, Q03405, Q9BZM5, Q5VY80, Q6H3X3, Q14982, P06731",443,97,11610,5.403644318261153,2.7476225029632317e-06,7.850360764800289e-08,6.667172419866273e-08,cluster_16,9.394463647079426,16 GPI-anchor
REACTOME_PATHWAY,R-HSA-597592~Post-translational protein modification,34,6.5764023210831715,0.9999748270399186,"Q8WXI7, Q06481, P31358, P04216, A6ND01, P04439, O14672, P13987, Q9P232, P34741, Q9Y2I2, Q03405, Q9BZM5, Q6H3X3, P01135, Q8IWV2, Q96CW9, Q13421, Q13449, Q9P283, O94779, Q14118, Q7Z3B1, P19022, Q9P121, O75015, P08174, Q5VY80, P01889, Q13591, P05067, Q14982, P06731",443,1550,11610,0.5748780310201703,1.0,1.0,0.9999748270399186,cluster_16,9.394463647079426,16 GPI-anchor
REACTOME_PATHWAY,R-HSA-392499~Metabolism of proteins,37,7.156673114119923,0.9999999999676561,"Q8WXI7, Q06481, P31358, P04216, A6ND01, P29274, P04439, O14672, P29275, P13987, Q9P232, P34741, Q9Y2I2, Q03405, Q9BZM5, Q8IZF2, Q6H3X3, P01135, Q8IWV2, Q96CW9, Q13421, Q13449, Q9P283, O94779, Q14118, Q7Z3B1, P19022, Q9P121, O75015, P08174, Q5VY80, P01889, Q13591, P05067, Q14982, P06731",443,2195,11610,0.4417694637412137,1.0,1.0,0.9999999999676561,cluster_16,9.394463647079426,16 GPI-anchor
GOTERM_CC_DIRECT,GO:0035579~specific granule membrane,18,3.481624758220503,1.20460904528919e-10,"P31997, Q8N6Q3, Q6GTX8, P06756, P05107, Q9NPY3, O14672, P13987, Q08722, P25090, P13688, P11215, P20701, Q03405, P20138, P40198, P78380, P20333",517,91,20299,7.766318787595384,4.336590997411349e-08,1.7346370252164337e-09,1.3202515136369524e-09,cluster_17,8.38882850765154,17 specific granule membrane
GOTERM_CC_DIRECT,GO:0070821~tertiary granule membrane,16,3.0947775628626695,3.664855101039407e-10,"P31997, Q8N6Q3, P78324, Q6GTX8, P05107, Q9NPY3, O14672, P13987, Q08722, P25090, P13688, P11215, P20702, P20138, P78380, Q8N423",517,73,20299,8.605601335417715,1.319347744388466e-07,4.711956558479238e-09,3.5863224917314203e-09,cluster_17,8.38882850765154,17 specific granule membrane
REACTOME_PATHWAY,R-HSA-6798695~Neutrophil degranulation,42,8.123791102514506,1.5438729167266837e-06,"P31997, P78324, Q8N6Q3, Q6GTX8, P06756, P05107, Q9NPY3, P12318, O14672, Q10589, P13987, Q08722, O00241, P25090, P13688, P19256, O43914, Q03405, P20138, P16284, Q02413, P01833, P20333, Q8N423, O94856, P48960, O75015, P11215, Q08554, P10321, P20701, P20702, P40199, P40198, P14151, P08174, P08571, P01889, P08575, P16070, P78380",443,488,11610,2.2555785812086,0.0012898461871169165,2.3901439970064955e-05,2.0299069831036027e-05,cluster_17,8.38882850765154,17 specific granule membrane
GOTERM_BP_DIRECT,GO:0007158~neuron cell-cell adhesion,12,2.321083172147002,3.0059296261536805e-13,"Q8N2Q7, Q8IWV2, P05107, P58400, Q9P2S2, Q9UMF0, P58401, Q9HDB5, Q8NFZ3, Q8NFZ4, Q9ULB1, Q9NZ94, P20701, Q9Y4C0, Q8N0W4",517,19,19172,23.42095082968543,8.345999447101349e-10,1.7378030651200964e-11,1.541165168742543e-11,cluster_18,5.851139159275611,18 neuron cell-cell adhesion
GOTERM_BP_DIRECT,GO:0071625~vocalization behavior,8,1.5473887814313347,3.737825129566309e-07,"Q9Y4C0, Q8N0W4, Q96PX8, P58400, Q9P2S2, P58401, Q9HDB5, Q8NFZ3, Q9ULB1, Q9UHC6, Q9NZ94",517,19,19172,15.613967219790288,0.0010370823078933444,9.973523783217797e-06,8.844988119098738e-06,cluster_18,5.851139159275611,18 neuron cell-cell adhesion
GOTERM_BP_DIRECT,GO:0035176~social behavior,12,2.321083172147002,8.385172705151079e-07,"Q9NZC2, Q7Z3B1, P58400, Q9P2S2, P58401, Q9HDB5, Q8NFZ3, Q8NFZ4, Q9ULB1, Q9UHC6, Q9NZ94, O60469, Q9Y4C0, Q8N0W4, P49238",517,63,19172,7.063461361333703,0.0023250178680286337,2.04112756638546e-05,1.8101675462611233e-05,cluster_18,5.851139159275611,18 neuron cell-cell adhesion
GOTERM_BP_DIRECT,GO:0030534~adult behavior,9,1.7408123791102514,4.062373927914346e-06,"O14917, Q9Y4C0, Q8N0W4, Q96PX8, P58400, Q9P2S2, P58401, Q9HDB5, Q9ULB1, O94991, Q9UHC6, Q9NZ94",517,36,19172,9.270793036750483,0.011213823971316761,8.289035036736994e-05,7.351104585733238e-05,cluster_18,5.851139159275611,18 neuron cell-cell adhesion
GOTERM_BP_DIRECT,GO:0007612~learning,11,2.127659574468085,4.117683669786392e-06,"P29323, P58400, Q9P2S2, P58401, Q9HDB5, Q8NFZ3, Q9ULB1, Q9UHC6, O00501, Q9NZ94, Q02246, Q9Y4C0, Q8N0W4, P05067",517,60,19172,6.798581560283687,0.011365631012429045,8.340563637706012e-05,7.396802563025044e-05,cluster_18,5.851139159275611,18 neuron cell-cell adhesion
REACTOME_PATHWAY,R-HSA-6794361~Neurexins and neuroligins,12,2.321083172147002,1.1530204273126837e-05,"Q8N2Q7, O43300, P58400, Q9P2S2, P58401, Q9HDB5, Q8NFZ3, Q8NFZ4, Q9ULB1, Q9NZ94, Q86UE6, Q86VH5, Q86VH4, Q9Y4C0, Q8N0W4",443,59,11610,5.330374564793205,0.009592997146265603,0.00016132661452087287,0.00013701183769117194,cluster_18,5.851139159275611,18 neuron cell-cell adhesion
GOTERM_CC_DIRECT,GO:0098984~neuron to neuron synapse,5,0.9671179883945842,4.698266124883148e-05,"Q8N2Q7, Q8N0W4, Q8NFZ3, Q8NFZ4, Q9NZ94",517,9,20299,21.812808940468518,0.016771914154986467,0.00029065783911191357,0.00022122291087962312,cluster_18,5.851139159275611,18 neuron cell-cell adhesion
GOTERM_BP_DIRECT,GO:0042297~vocal learning,3,0.5802707930367506,0.01817897677433268,"P58400, Q9P2S2, P58401, Q9ULB1, Q9UHC6",517,8,19172,13.906189555125726,1.0,0.11517502408395705,0.10214260694436696,cluster_18,5.851139159275611,18 neuron cell-cell adhesion
GOTERM_BP_DIRECT,GO:0048013~ephrin receptor signaling pathway,22,4.25531914893617,3.736302070374137e-20,"P54753, P54764, P29322, P29323, P54762, P29320, P54760, O15197, Q15768, Q5JZY3, P52803, O43921, P21709, P52799, P52797, P54756, P52798, P20827, Q9UF33, P29317, P98172, Q15375",517,51,19172,15.996662494785147,1.0371974547358603e-16,3.987783940495473e-18,3.536553613534904e-18,cluster_19,5.524382059795794,19 ephrin receptor signaling pathway
REACTOME_PATHWAY,R-HSA-3928664~Ephrin signaling,8,1.5473887814313347,3.742323614283838e-06,"P54753, P29323, P54762, P54760, O15197, Q15768, P98172, P52799",443,19,11610,11.034810502554352,0.0031236994628197623,5.4887413009496284e-05,4.661490817792149e-05,cluster_19,5.524382059795794,19 ephrin receptor signaling pathway
GOTERM_MF_DIRECT,GO:0008046~axon guidance receptor activity,6,1.160541586073501,5.141516336427513e-06,"P54753, P29323, P54762, Q9Y6N7, P32004, Q15375",512,11,19319,20.581321022727273,0.002321273027701798,4.4691642001254536e-05,3.500186121337192e-05,cluster_19,5.524382059795794,19 ephrin receptor signaling pathway
REACTOME_PATHWAY,R-HSA-3928662~EPHB-mediated forward signaling,9,1.7408123791102514,0.0001857233646446558,"P54753, P29323, P54762, P54760, O15197, Q15768, P34741, P98172, P52799",443,43,11610,5.485327313769751,0.1438238598221947,0.0018706594318425572,0.0015887179385265736,cluster_19,5.524382059795794,19 ephrin receptor signaling pathway
GOTERM_BP_DIRECT,GO:0060996~dendritic spine development,4,0.7736943907156674,0.008358646320201365,"O60469, P54753, P29323, P54762",517,16,19172,9.270793036750483,0.9999999999240633,0.06167505001863033,0.05469632363814387,cluster_19,5.524382059795794,19 ephrin receptor signaling pathway
GOTERM_BP_DIRECT,GO:0021952~central nervous system projection neuron axonogenesis,3,0.5802707930367506,0.022960833514093913,"P54753, P29323, P54762",517,9,19172,12.361057382333978,1.0,0.1388034193137932,0.12309737474999821,cluster_19,5.524382059795794,19 ephrin receptor signaling pathway
GOTERM_BP_DIRECT,GO:0060997~dendritic spine morphogenesis,3,0.5802707930367506,0.08330304929291069,"P54753, P29323, P54762",517,18,19172,6.180528691166989,1.0,0.3589533568133962,0.31833665265505157,cluster_19,5.524382059795794,19 ephrin receptor signaling pathway
GOTERM_MF_DIRECT,GO:0046703~natural killer cell lectin-like receptor binding,12,2.321083172147002,2.953062322565456e-16,"Q9UHP7, Q6UVW9, Q9BZM6, Q9BZM5, Q5VY80, P13747, Q6H3X3, Q92478, Q8TD07, Q29980, Q9BZM4, Q29983",512,13,19319,34.82992788461539,1.5054624213917123e-13,7.4154676099977e-15,5.807689234378731e-15,cluster_20,5.153516168220272,20 natural killer cell lectin-like receptor binding
GOTERM_BP_DIRECT,GO:0002476~antigen processing and presentation of endogenous peptide antigen via MHC class Ib,12,2.321083172147002,1.6245891405632053e-15,"P30511, Q9BZM6, Q9BZM5, Q5VY80, P04439, P13747, P01889, Q6H3X3, Q8TD07, P17693, Q9BZM4, P10321",517,14,19172,31.78557612600166,4.622968674539152e-12,1.1270587162657236e-13,9.99528468731512e-14,cluster_20,5.153516168220272,20 natural killer cell lectin-like receptor binding
GOTERM_BP_DIRECT,"GO:0002486~antigen processing and presentation of endogenous peptide antigen via MHC class I via ER pathway, TAP-independent",12,2.321083172147002,1.6245891405632053e-15,"P30511, Q9BZM6, Q9BZM5, Q5VY80, P04439, P13747, P01889, Q6H3X3, Q8TD07, P17693, Q9BZM4, P10321",517,14,19172,31.78557612600166,4.622968674539152e-12,1.1270587162657236e-13,9.99528468731512e-14,cluster_20,5.153516168220272,20 natural killer cell lectin-like receptor binding
GOTERM_BP_DIRECT,GO:0001916~positive regulation of T cell mediated cytotoxicity,16,3.0947775628626695,4.518734164822897e-15,"P29016, P30511, P04439, P13747, P15813, Q8TD07, P17693, P10321, Q9BZM6, Q9BZM5, P01903, Q5VY80, P01889, Q6H3X3, P08575, Q9BZM4",517,35,19172,16.952307267200883,1.2636114377073682e-11,3.058411538386229e-13,2.712342629177841e-13,cluster_20,5.153516168220272,20 natural killer cell lectin-like receptor binding
GOTERM_CC_DIRECT,GO:0098553~lumenal side of endoplasmic reticulum membrane,12,2.321083172147002,8.709514086300906e-10,"P30511, P01906, P01903, P04439, P13747, P01889, P01920, P17693, P04233, P10321, P20036",517,36,20299,13.08768536428111,3.13542462881955e-07,1.081181058989078e-08,8.22898917119465e-09,cluster_20,5.153516168220272,20 natural killer cell lectin-like receptor binding
GOTERM_MF_DIRECT,GO:0042605~peptide antigen binding,13,2.5145067698259185,1.7714567473564807e-09,"Q9H2X3, P30511, P01906, P01903, P04439, Q9NNX6, P13747, P01889, P01920, P17693, P10321, P20036",512,46,19319,10.663510529891305,8.006981352393083e-07,2.7610291372590663e-08,2.1623989260834282e-08,cluster_20,5.153516168220272,20 natural killer cell lectin-like receptor binding
GOTERM_MF_DIRECT,GO:0030881~beta-2-microglobulin binding,8,1.5473887814313347,2.6182222086969686e-09,"P30511, P04439, P13747, P01889, Q30201, P15813, P17693, P10321",512,11,19319,27.441761363636363,1.183435733298488e-06,3.698238869784468e-08,2.8964083183710217e-08,cluster_20,5.153516168220272,20 natural killer cell lectin-like receptor binding
GOTERM_CC_DIRECT,GO:0012507~ER to Golgi transport vesicle membrane,14,2.7079303675048356,4.241758143659269e-09,"P30511, P04439, P13747, P13987, P17693, P10321, P01906, P01903, P01889, P01920, P01135, P04233, P20036",517,62,20299,8.865851375803333,1.527031777470711e-06,4.925912682959152e-08,3.749166875363354e-08,cluster_20,5.153516168220272,20 natural killer cell lectin-like receptor binding
GOTERM_CC_DIRECT,GO:0042612~MHC class I protein complex,7,1.3539651837524178,1.086663793194853e-07,"P30511, P04439, P13747, P01889, P01920, P17693, P10321",517,11,20299,24.98558114999121,3.911913351439811e-05,1.2224967673442096e-06,9.30455872923093e-07,cluster_20,5.153516168220272,20 natural killer cell lectin-like receptor binding
UP_KW_CELLULAR_COMPONENT,KW-0490~MHC I,7,1.3539651837524178,2.048968347797406e-07,"P30511, P04439, P13747, P01889, P01920, P17693, P10321",517,11,18225,22.432741339898012,5.941991165214766e-06,8.488583155160683e-07,8.488583155160683e-07,cluster_20,5.153516168220272,20 natural killer cell lectin-like receptor binding
GOTERM_BP_DIRECT,GO:0002715~regulation of natural killer cell mediated immunity,6,1.160541586073501,2.782319752527383e-07,"P30511, P04439, P13747, P01889, P17693, P10321",517,7,19172,31.78557612600166,0.0007720738681789019,7.959729188931431e-06,7.059060732958649e-06,cluster_20,5.153516168220272,20 natural killer cell lectin-like receptor binding
GOTERM_BP_DIRECT,GO:0002477~antigen processing and presentation of exogenous peptide antigen via MHC class Ib,6,1.160541586073501,2.782319752527383e-07,"P30511, P04439, P13747, P01889, P17693, P10321",517,7,19172,31.78557612600166,0.0007720738681789019,7.959729188931431e-06,7.059060732958649e-06,cluster_20,5.153516168220272,20 natural killer cell lectin-like receptor binding
GOTERM_BP_DIRECT,GO:0002504~antigen processing and presentation of peptide or polysaccharide antigen via MHC class II,8,1.5473887814313347,8.231170314844498e-07,"P01906, P01903, P04439, P01889, P01920, P10321, P20036",517,21,19172,14.126922722667402,0.0022823652544736728,2.0213714711233167e-05,1.7926469154718856e-05,cluster_20,5.153516168220272,20 natural killer cell lectin-like receptor binding
UP_KW_CELLULAR_COMPONENT,KW-0491~MHC II,8,1.5473887814313347,1.6505695915033329e-06,"P01906, P01903, P04439, P01889, P01920, P10321, P20036",517,22,18225,12.818709337084577,4.786541207013606e-05,5.983314769199582e-06,5.983314769199582e-06,cluster_20,5.153516168220272,20 natural killer cell lectin-like receptor binding
GOTERM_BP_DIRECT,GO:0002474~antigen processing and presentation of peptide antigen via MHC class I,7,1.3539651837524178,2.3501161839215283e-06,"P30511, P04439, P13747, P01889, P01920, P17693, P10321",517,16,19172,16.223887814313347,0.0065026955627147665,5.094978445611126e-05,4.518465569242876e-05,cluster_20,5.153516168220272,20 natural killer cell lectin-like receptor binding
REACTOME_PATHWAY,R-HSA-1236977~Endosomal/Vacuolar pathway,6,1.160541586073501,4.960424239748536e-05,"P30511, P04439, P13747, P01889, P17693, P10321",443,12,11610,13.103837471783297,0.04062205183088852,0.000595931105321466,0.0005061137377730154,cluster_20,5.153516168220272,20 natural killer cell lectin-like receptor binding
GOTERM_BP_DIRECT,GO:0042270~protection from natural killer cell mediated cytotoxicity,4,0.7736943907156674,0.0003648667954108953,"P04439, P13747, P01889, P17693",517,6,19172,24.722114764667957,0.6368920298002235,0.004540382768005535,0.004026624141283468,cluster_20,5.153516168220272,20 natural killer cell lectin-like receptor binding
GOTERM_MF_DIRECT,GO:0046977~TAP binding,3,0.5802707930367506,0.0020581103710393812,"P04439, P01889, P10321",512,3,19319,37.732421875,0.6059291242435683,0.01081704520592791,0.00847175664358071,cluster_20,5.153516168220272,20 natural killer cell lectin-like receptor binding
REACTOME_PATHWAY,R-HSA-1236975~Antigen processing-Cross presentation,11,2.127659574468085,0.004690933140454669,"P30511, Q92637, P06756, P08571, P04439, P13747, P01889, P12314, P17693, P22897, P10321",443,100,11610,2.8828442437923245,0.9803729586080749,0.03087889846787483,0.026224901808841062,cluster_20,5.153516168220272,20 natural killer cell lectin-like receptor binding
REACTOME_PATHWAY,"R-HSA-983170~Antigen Presentation: Folding, assembly and peptide loading of class I MHC",6,1.160541586073501,0.005858788580137427,"P30511, P04439, P13747, P01889, P17693, P10321",443,31,11610,5.072453214883856,0.9926448281523271,0.037968583356549526,0.0322460456736246,cluster_20,5.153516168220272,20 natural killer cell lectin-like receptor binding
GOTERM_CC_DIRECT,GO:0055038~recycling endosome membrane,9,1.7408123791102514,0.010074177665704238,"P30511, P04439, P13747, P01889, P01920, Q9NZQ7, P17693, P02786, P10321",517,117,20299,3.020235084064871,0.9738810876111531,0.039853889666522264,0.03033323824618639,cluster_20,5.153516168220272,20 natural killer cell lectin-like receptor binding
GOTERM_CC_DIRECT,GO:0030670~phagocytic vesicle membrane,7,1.3539651837524178,0.025903938730693424,"P30511, P04439, P13747, P01889, P01920, P17693, P10321",517,89,20299,3.088105535392172,0.9999211787305828,0.09515732594948605,0.0724252980837755,cluster_20,5.153516168220272,20 natural killer cell lectin-like receptor binding
REACTOME_PATHWAY,R-HSA-909733~Interferon alpha/beta signaling,7,1.3539651837524178,0.07263325894592557,"P30511, P04439, P13747, P01889, Q10589, P17693, P10321",443,77,11610,2.3825159039605994,1.0,0.33700932533394573,0.28621605381232235,cluster_20,5.153516168220272,20 natural killer cell lectin-like receptor binding
REACTOME_PATHWAY,R-HSA-1236974~ER-Phagosome pathway,7,1.3539651837524178,0.10041049992884327,"P30511, P08571, P04439, P13747, P01889, P17693, P10321",443,84,11610,2.183972911963883,1.0,0.44180619968691043,0.37521818394462486,cluster_20,5.153516168220272,20 natural killer cell lectin-like receptor binding
REACTOME_PATHWAY,R-HSA-9705671~SARS-CoV-2 activates/modulates innate and adaptive immune responses,6,1.160541586073501,0.5338336763518424,"P30511, P04439, P13747, P01889, P17693, P10321",443,127,11610,1.2381578713496026,1.0,1.0,0.8502994011976048,cluster_20,5.153516168220272,20 natural killer cell lectin-like receptor binding
REACTOME_PATHWAY,R-HSA-9705683~SARS-CoV-2-host interactions,7,1.3539651837524178,0.7979702206484238,"P17302, P30511, P04439, P13747, P01889, P17693, P10321",443,205,11610,0.8948962175852007,1.0,1.0,0.8502994011976048,cluster_20,5.153516168220272,20 natural killer cell lectin-like receptor binding
REACTOME_PATHWAY,R-HSA-9694516~SARS-CoV-2 Infection,10,1.9342359767891684,0.8293674901306349,"P17302, P30511, P04439, P13747, P18827, P01889, P34741, O14786, P17693, P10321",443,306,11610,0.8564599654760324,1.0,1.0,0.8502994011976048,cluster_20,5.153516168220272,20 natural killer cell lectin-like receptor binding
REACTOME_PATHWAY,R-HSA-9679506~SARS-CoV Infections,16,3.0947775628626695,0.8423176236152683,"P30511, P05556, Q15116, P04439, P13747, Q10589, P34741, P17693, P13612, P10321, P17302, P18827, P01889, P15260, O14786, P08887",443,490,11610,0.8557608144838069,1.0,1.0,0.8502994011976048,cluster_20,5.153516168220272,20 natural killer cell lectin-like receptor binding
REACTOME_PATHWAY,R-HSA-983169~Class I MHC mediated antigen processing & presentation,11,2.127659574468085,0.9141144180474499,"P30511, Q92637, P06756, P08571, P04439, P13747, P01889, P12314, P17693, P22897, P10321",443,377,11610,0.764680170767195,1.0,1.0,0.9141144180474499,cluster_20,5.153516168220272,20 natural killer cell lectin-like receptor binding
REACTOME_PATHWAY,R-HSA-5663205~Infectious disease,38,7.35009671179884,0.9915330754210876,"P08637, Q15116, P12318, P49961, P04439, P13747, P29275, Q10589, O95832, P12314, P12830, P34741, P17693, Q99075, P16422, P20138, P21926, P49238, O14786, P01730, P22897, P08887, P30511, P05556, P10966, Q9NNX6, P10747, P13612, P10321, P17302, Q9H2X3, P08571, P18827, P15260, P01889, P00533, P05067",443,1359,11610,0.7328121029106184,1.0,1.0,0.9915330754210876,cluster_20,5.153516168220272,20 natural killer cell lectin-like receptor binding
REACTOME_PATHWAY,R-HSA-9824446~Viral Infection Pathways,28,5.415860735009671,0.9979616298226988,"Q15116, P04439, P13747, Q10589, O95832, P34741, P17693, P20138, P49238, O14786, P01730, P22897, P08887, P30511, P05556, P10966, Q9NNX6, P10747, P13612, P10321, P17302, Q9H2X3, P08571, P18827, P15260, P01889, P00533",443,1132,11610,0.6482463766959935,1.0,1.0,0.9979616298226988,cluster_20,5.153516168220272,20 natural killer cell lectin-like receptor binding
REACTOME_PATHWAY,R-HSA-2219530~Constitutive Signaling by Aberrant PI3K in Cancer,27,5.222437137330754,9.10398215776062e-17,"P56975, Q9Y6W8, Q8WWG1, Q99075, P36888, P21802, P33681, P21860, P15391, P21583, P01135, O14944, P22455, Q15303, P04626, P49771, P10747, Q02297, P10721, P42081, P16234, P11362, P22607, Q16288, O14511, P00533, P35070",443,88,11610,8.040991175867022,9.281464485866309e-14,6.342440903239899e-15,5.3865227766750334e-15,cluster_21,4.983180504057592,21 Constitutive Signaling by Aberrant PI3K in Cancer
REACTOME_PATHWAY,"R-HSA-6811558~PI5P, PP2A and IER3 Regulate PI3K/AKT Signaling",28,5.415860735009671,1.7858598163842405e-14,"P56975, Q9Y6W8, Q8WWG1, Q99075, P36888, P21802, P33681, P21860, P15391, P21583, P01135, O14944, P22455, Q15303, P04626, P49771, P10747, Q02297, P10721, P42081, P16234, P11362, Q9NPH3, P22607, Q16288, O14511, P00533, P35070",443,116,11610,6.325990503619522,1.4943157822244757e-11,8.868725210204118e-13,7.532051314886273e-13,cluster_21,4.983180504057592,21 Constitutive Signaling by Aberrant PI3K in Cancer
REACTOME_PATHWAY,R-HSA-199418~Negative regulation of the PI3K/AKT network,28,5.415860735009671,8.320233597971645e-14,"P56975, Q9Y6W8, Q8WWG1, Q99075, P36888, P21802, P33681, P21860, P15391, P21583, P01135, O14944, P22455, Q15303, P04626, P49771, P10747, Q02297, P10721, P42081, P16234, P11362, Q9NPH3, P22607, Q16288, O14511, P00533, P35070",443,123,11610,5.965974783901339,6.951816899913865e-11,3.660902783107524e-12,3.1091399234525625e-12,cluster_21,4.983180504057592,21 Constitutive Signaling by Aberrant PI3K in Cancer
REACTOME_PATHWAY,R-HSA-2219528~PI3K/AKT Signaling in Cancer,27,5.222437137330754,1.1550380311412724e-13,"P56975, Q9Y6W8, Q8WWG1, Q99075, P36888, P21802, P33681, P21860, P15391, P21583, P01135, O14944, P22455, Q15303, P04626, P49771, P10747, Q02297, P10721, P42081, P16234, P11362, P22607, Q16288, O14511, P00533, P35070",443,115,11610,6.1531062910982435,9.652723065300961e-11,4.828058970170518e-12,4.100385010551517e-12,cluster_21,4.983180504057592,21 Constitutive Signaling by Aberrant PI3K in Cancer
REACTOME_PATHWAY,R-HSA-8847993~ERBB2 Activates PTK6 Signaling,11,2.127659574468085,1.494634770643823e-12,"P56975, Q15303, P04626, Q8WWG1, P21860, Q02297, O14511, P00533, Q99075, P35070, O14944",443,13,11610,22.175724952248654,1.2494707490873225e-09,5.679612128446527e-11,4.823594032532338e-11,cluster_21,4.983180504057592,21 Constitutive Signaling by Aberrant PI3K in Cancer
REACTOME_PATHWAY,R-HSA-1963642~PI3K events in ERBB2 signaling,11,2.127659574468085,3.774618232157085e-11,"P56975, Q15303, P04626, Q8WWG1, P21860, Q02297, O14511, P00533, Q99075, P35070, O14944",443,16,11610,18.017776523702032,3.155577221747308e-08,1.262232336833329e-09,1.0719915779326121e-09,cluster_21,4.983180504057592,21 Constitutive Signaling by Aberrant PI3K in Cancer
REACTOME_PATHWAY,R-HSA-6785631~ERBB2 Regulates Cell Motility,11,2.127659574468085,3.774618232157085e-11,"P56975, Q15303, P04626, Q8WWG1, P21860, Q02297, O14511, P00533, Q99075, P35070, O14944",443,16,11610,18.017776523702032,3.155577221747308e-08,1.262232336833329e-09,1.0719915779326121e-09,cluster_21,4.983180504057592,21 Constitutive Signaling by Aberrant PI3K in Cancer
GOTERM_BP_DIRECT,GO:0008284~positive regulation of cell population proliferation,43,8.317214700193423,4.948324495283191e-10,"P78423, P05106, O00548, P06756, O14672, Q08722, Q99075, P52799, P36888, O00501, Q9Y6Q6, P21802, P16422, P40189, P21583, P08887, P01135, O14944, P22455, P54764, P35968, Q15303, Q9HC73, P49771, P48023, Q02297, Q9P1W8, Q8NFZ4, P10721, P42081, P16234, P20702, P40199, P11362, P16871, Q04721, P28907, P22607, P46531, Q16288, P00533, P35070, P23510",517,532,19172,2.997324064513314,1.373653791714169e-06,2.14555604212382e-08,1.90277961069071e-08,cluster_21,4.983180504057592,21 Constitutive Signaling by Aberrant PI3K in Cancer
REACTOME_PATHWAY,R-HSA-1963640~GRB2 events in ERBB2 signaling,10,1.9342359767891684,1.3986000221647068e-09,"P56975, Q15303, P04626, Q8WWG1, Q02297, O14511, P00533, Q99075, P35070, O14944",443,16,11610,16.37979683972912,1.1692289286768798e-06,3.771708446869984e-08,3.203245212054651e-08,cluster_21,4.983180504057592,21 Constitutive Signaling by Aberrant PI3K in Cancer
REACTOME_PATHWAY,R-HSA-9665686~Signaling by ERBB2 TMD/JMD mutants,11,2.127659574468085,2.4799216120339856e-09,"P56975, Q15303, P04626, Q8WWG1, P21860, Q02297, O14511, P00533, Q99075, P35070, O14944",443,22,11610,13.103837471783295,2.0732123122702006e-06,6.28246808381943e-08,5.3355889228609996e-08,cluster_21,4.983180504057592,21 Constitutive Signaling by Aberrant PI3K in Cancer
REACTOME_PATHWAY,R-HSA-1250196~SHC1 events in ERBB2 signaling,11,2.127659574468085,2.4799216120339856e-09,"P56975, Q15303, P04626, Q8WWG1, P21860, Q02297, O14511, P00533, Q99075, P35070, O14944",443,22,11610,13.103837471783295,2.0732123122702006e-06,6.28246808381943e-08,5.3355889228609996e-08,cluster_21,4.983180504057592,21 Constitutive Signaling by Aberrant PI3K in Cancer
REACTOME_PATHWAY,R-HSA-9664565~Signaling by ERBB2 KD Mutants,11,2.127659574468085,1.1308692986509125e-08,"P56975, Q15303, P04626, Q8WWG1, P21860, Q02297, O14511, P00533, Q99075, P35070, O14944",443,25,11610,11.531376975169298,9.45402269691975e-06,2.5551533342490885e-07,2.170046492005805e-07,cluster_21,4.983180504057592,21 Constitutive Signaling by Aberrant PI3K in Cancer
REACTOME_PATHWAY,R-HSA-1250342~PI3K events in ERBB4 signaling,8,1.5473887814313347,1.2020579801976345e-08,"P56975, Q15303, Q8WWG1, Q02297, O14511, Q99075, P35070, O14944",443,10,11610,20.966139954853272,1.004915424152042e-05,2.644527556434796e-07,2.245950436685054e-07,cluster_21,4.983180504057592,21 Constitutive Signaling by Aberrant PI3K in Cancer
REACTOME_PATHWAY,R-HSA-1227990~Signaling by ERBB2 in Cancer,11,2.127659574468085,1.7756563643910365e-08,"P56975, Q15303, P04626, Q8WWG1, P21860, Q02297, O14511, P00533, Q99075, P35070, O14944",443,26,11610,11.087862476124327,1.4844377175915469e-05,3.806278770848478e-07,3.2326051761990664e-07,cluster_21,4.983180504057592,21 Constitutive Signaling by Aberrant PI3K in Cancer
REACTOME_PATHWAY,R-HSA-8863795~Downregulation of ERBB2 signaling,11,2.127659574468085,6.040944869848556e-08,"P56975, Q15303, P04626, Q8WWG1, P21860, Q02297, O14511, P00533, Q99075, P35070, O14944",443,29,11610,9.940842219973533,5.050102539017054e-05,1.1744720723705562e-06,9.97458338974994e-07,cluster_21,4.983180504057592,21 Constitutive Signaling by Aberrant PI3K in Cancer
GOTERM_BP_DIRECT,GO:0038138~ERBB4-ERBB4 signaling pathway,6,1.160541586073501,8.130000036132534e-08,"P56975, Q15303, Q8WWG1, Q02297, P35070, O14944",517,6,19172,37.08317214700194,0.000225663344476823,2.6233430349148587e-06,2.3265034987118794e-06,cluster_21,4.983180504057592,21 Constitutive Signaling by Aberrant PI3K in Cancer
REACTOME_PATHWAY,R-HSA-1250347~SHC1 events in ERBB4 signaling,8,1.5473887814313347,3.0093561038144154e-07,"P56975, Q15303, Q8WWG1, Q02297, O14511, Q99075, P35070, O14944",443,14,11610,14.975814253466623,0.00025155056402548226,5.241295214143441e-06,4.451339236892156e-06,cluster_21,4.983180504057592,21 Constitutive Signaling by Aberrant PI3K in Cancer
GOTERM_BP_DIRECT,GO:0038134~ERBB2-EGFR signaling pathway,6,1.160541586073501,1.596148173356591e-06,"P04626, P00533, Q99075, P35070, P01135, O14944",517,9,19172,24.722114764667957,0.004421108862645684,3.630582935298803e-05,3.219771028385713e-05,cluster_21,4.983180504057592,21 Constitutive Signaling by Aberrant PI3K in Cancer
GOTERM_BP_DIRECT,GO:0038135~ERBB2-ERBB4 signaling pathway,5,0.9671179883945842,2.538590514991906e-06,"Q15303, P04626, Q02297, Q99075, O14944",517,5,19172,37.08317214700193,0.0070223633768670135,5.418914368540414e-05,4.805747121073138e-05,cluster_21,4.983180504057592,21 Constitutive Signaling by Aberrant PI3K in Cancer
REACTOME_PATHWAY,R-HSA-1257604~PIP3 activates AKT signaling,28,5.415860735009671,3.551491378454097e-06,"P56975, Q9Y6W8, Q8WWG1, Q99075, P36888, P21802, P33681, P21860, P15391, P21583, P01135, O14944, P22455, Q15303, P04626, P49771, P10747, Q02297, P10721, P42081, P16234, P11362, Q9NPH3, P22607, Q16288, O14511, P00533, P35070",443,267,11610,2.7483704060669085,0.0029646487884994466,5.301869272120759e-05,4.5027837119685875e-05,cluster_21,4.983180504057592,21 Constitutive Signaling by Aberrant PI3K in Cancer
GOTERM_MF_DIRECT,GO:0030297~transmembrane receptor protein tyrosine kinase activator activity,7,1.3539651837524178,4.709635911278946e-06,"P56975, P52803, Q02297, Q99075, P35070, P01135, O14944",512,18,19319,14.673719618055555,0.002126496241155129,4.257510863796167e-05,3.334422225185494e-05,cluster_21,4.983180504057592,21 Constitutive Signaling by Aberrant PI3K in Cancer
REACTOME_PATHWAY,R-HSA-9006934~Signaling by Receptor Tyrosine Kinases,42,8.123791102514506,1.7549350645721264e-05,"O43155, P56975, P23471, P05106, P06756, P29274, O14672, Q8WWG1, Q99075, P36888, Q9NZU0, P21802, Q9NZU1, P21860, O60462, Q9NZQ7, P21583, O14786, P01135, O14944, P22455, P05556, P35968, Q15303, P04626, P49771, P10586, Q02297, Q03167, P10721, P17301, P16234, P11362, P22607, P33151, Q16288, O14511, P00533, P35070, Q13332, P26006",443,539,11610,2.042156489109085,0.01456428550507971,0.00023663317967456416,0.00020096837029777575,cluster_21,4.983180504057592,21 Constitutive Signaling by Aberrant PI3K in Cancer
REACTOME_PATHWAY,R-HSA-1227986~Signaling by ERBB2,11,2.127659574468085,1.8161255129282817e-05,"P56975, Q15303, P04626, Q8WWG1, P21860, Q02297, O14511, P00533, Q99075, P35070, O14944",443,51,11610,5.652635772141813,0.015068267343124275,0.0002409969728266736,0.00020467446256810796,cluster_21,4.983180504057592,21 Constitutive Signaling by Aberrant PI3K in Cancer
REACTOME_PATHWAY,R-HSA-5684996~MAPK1/MAPK3 signaling,27,5.222437137330754,2.0458834198593903e-05,"P56975, P08514, P05106, Q8WWG1, Q99075, P36888, P21802, P40189, P13591, P21860, P21583, P08887, P01135, O14944, P22455, Q15303, P04626, P49771, Q02297, P10721, P16234, P11362, P22607, O14511, P01589, P00533, P35070",443,277,11610,2.554538712910823,0.01695832140776876,0.00026724352171913286,0.0002269651918906511,cluster_21,4.983180504057592,21 Constitutive Signaling by Aberrant PI3K in Cancer
GOTERM_BP_DIRECT,GO:0007173~epidermal growth factor receptor signaling pathway,11,2.127659574468085,2.194293646049431e-05,"Q15303, P04626, O14672, P21860, P01833, P00533, Q99075, P35070, P01135, O14944, P30542",517,72,19172,5.66548463356974,0.05909609052066089,0.00037129054071872997,0.00032927784530046645,cluster_21,4.983180504057592,21 Constitutive Signaling by Aberrant PI3K in Cancer
REACTOME_PATHWAY,R-HSA-8848021~Signaling by PTK6,11,2.127659574468085,3.0707783017180015e-05,"P56975, Q15303, P04626, Q8WWG1, P21860, Q02297, O14511, P00533, Q99075, P35070, O14944",443,54,11610,5.3386004514672685,0.025345374281642075,0.00038315980003526107,0.00032541083495817626,cluster_21,4.983180504057592,21 Constitutive Signaling by Aberrant PI3K in Cancer
REACTOME_PATHWAY,R-HSA-9006927~Signaling by Non-Receptor Tyrosine Kinases,11,2.127659574468085,3.0707783017180015e-05,"P56975, Q15303, P04626, Q8WWG1, P21860, Q02297, O14511, P00533, Q99075, P35070, O14944",443,54,11610,5.3386004514672685,0.025345374281642075,0.00038315980003526107,0.00032541083495817626,cluster_21,4.983180504057592,21 Constitutive Signaling by Aberrant PI3K in Cancer
GOTERM_MF_DIRECT,GO:0005154~epidermal growth factor receptor binding,8,1.5473887814313347,3.729316594361329e-05,"P08648, Q15303, P11836, Q99075, P35070, P01135, Q96FE5, O14944",512,36,19319,8.38498263888889,0.0167155440159108,0.00027633624600841326,0.00021642263514818204,cluster_21,4.983180504057592,21 Constitutive Signaling by Aberrant PI3K in Cancer
REACTOME_PATHWAY,R-HSA-9006925~Intracellular signaling by second messengers,28,5.415860735009671,5.023752841238469e-05,"P56975, Q9Y6W8, Q8WWG1, Q99075, P36888, P21802, P33681, P21860, P15391, P21583, P01135, O14944, P22455, Q15303, P04626, P49771, P10747, Q02297, P10721, P42081, P16234, P11362, Q9NPH3, P22607, Q16288, O14511, P00533, P35070",443,309,11610,2.3748054965044165,0.04112986343779268,0.000595931105321466,0.0005061137377730154,cluster_21,4.983180504057592,21 Constitutive Signaling by Aberrant PI3K in Cancer
REACTOME_PATHWAY,R-HSA-5663202~Diseases of signal transduction by growth factor receptors and second messengers,36,6.963249516441006,6.715793829473723e-05,"P56975, P08514, P05106, Q9Y6W8, O00548, O14672, Q9NR61, Q8WWG1, Q99075, P78504, P36888, P21802, P33681, P21860, P15391, P21583, P01135, O14944, P22455, P35968, Q15303, P04626, P49771, P10747, Q02297, P10721, P42081, Q9Y219, P16234, P11362, P22607, P46531, Q16288, O14511, P00533, P35070",443,458,11610,2.0599919169615664,0.054598828775971775,0.0007797782835333378,0.0006622518915175477,cluster_21,4.983180504057592,21 Constitutive Signaling by Aberrant PI3K in Cancer
REACTOME_PATHWAY,R-HSA-5673001~RAF/MAP kinase cascade,25,4.835589941972921,0.00010637568638999824,"P56975, P08514, P05106, Q8WWG1, Q99075, P36888, P21802, P13591, P21860, P21583, P01135, O14944, P22455, Q15303, P04626, P49771, Q02297, P10721, P16234, P11362, P22607, O14511, P01589, P00533, P35070",443,271,11610,2.417682190365922,0.08509478035226747,0.0011857343176271803,0.0010070231644919833,cluster_21,4.983180504057592,21 Constitutive Signaling by Aberrant PI3K in Cancer
REACTOME_PATHWAY,R-HSA-5638302~Signaling by Overexpressed Wild-Type EGFR in Cancer,5,0.9671179883945842,0.00012841505657986788,"P00533, Q99075, P35070, P01135, O14944",443,8,11610,16.37979683972912,0.10179942745197135,0.0013942206142957085,0.0011840868853468336,cluster_21,4.983180504057592,21 Constitutive Signaling by Aberrant PI3K in Cancer
REACTOME_PATHWAY,R-HSA-5638303~Inhibition of Signaling by Overexpressed EGFR,5,0.9671179883945842,0.00012841505657986788,"P00533, Q99075, P35070, P01135, O14944",443,8,11610,16.37979683972912,0.10179942745197135,0.0013942206142957085,0.0011840868853468336,cluster_21,4.983180504057592,21 Constitutive Signaling by Aberrant PI3K in Cancer
REACTOME_PATHWAY,R-HSA-1251985~Nuclear signaling by ERBB4,8,1.5473887814313347,0.00016266584649922262,"P56975, Q15303, Q8WWG1, Q02297, O14511, Q99075, P35070, O14944",443,32,11610,6.551918735891648,0.1271571137123516,0.0017213752870044318,0.0014619335571449121,cluster_21,4.983180504057592,21 Constitutive Signaling by Aberrant PI3K in Cancer
GOTERM_BP_DIRECT,GO:0038130~ERBB4 signaling pathway,4,0.7736943907156674,0.0001861599834696794,"P56975, Q15303, Q02297, O14511",517,5,19172,29.666537717601546,0.40359077116326103,0.002557395812516635,0.002268018412469708,cluster_21,4.983180504057592,21 Constitutive Signaling by Aberrant PI3K in Cancer
REACTOME_PATHWAY,R-HSA-5683057~MAPK family signaling cascades,27,5.222437137330754,0.00019460070562501365,"P56975, P08514, P05106, Q8WWG1, Q99075, P36888, P21802, P40189, P13591, P21860, P21583, P08887, P01135, O14944, P22455, Q15303, P04626, P49771, Q02297, P10721, P16234, P11362, P22607, O14511, P01589, P00533, P35070",443,317,11610,2.2321994431428958,0.1501556138537471,0.0019367403559822788,0.0016448392975447583,cluster_21,4.983180504057592,21 Constitutive Signaling by Aberrant PI3K in Cancer
GOTERM_BP_DIRECT,GO:0038127~ERBB signaling pathway,5,0.9671179883945842,0.00021616891055319158,"Q15303, P04626, P21860, Q02297, P00533",517,12,19172,15.451321727917474,0.4512705504676685,0.0029119841106073135,0.002582483926560216,cluster_21,4.983180504057592,21 Constitutive Signaling by Aberrant PI3K in Cancer
REACTOME_PATHWAY,R-HSA-212718~EGFR interacts with phospholipase C-gamma,5,0.9671179883945842,0.0002242030737493348,"P00533, Q99075, P35070, P01135, O14944",443,9,11610,14.559819413092551,0.17093339593078383,0.0021544111454533782,0.0018297032455405486,cluster_21,4.983180504057592,21 Constitutive Signaling by Aberrant PI3K in Cancer
REACTOME_PATHWAY,R-HSA-1236394~Signaling by ERBB4,10,1.9342359767891684,0.0003138007367844654,"P56975, Q15303, Q8WWG1, P21860, Q02297, O14511, P00533, Q99075, P35070, O14944",443,58,11610,4.518564645442516,0.23078024679373743,0.0029148601772423675,0.002475539145744116,cluster_21,4.983180504057592,21 Constitutive Signaling by Aberrant PI3K in Cancer
REACTOME_PATHWAY,R-HSA-1306955~GRB7 events in ERBB2 signaling,4,0.7736943907156674,0.0005175566266995606,"P04626, P21860, Q02297, O14511",443,5,11610,20.966139954853272,0.35130287199484067,0.00446059113320446,0.0037883010820277114,cluster_21,4.983180504057592,21 Constitutive Signaling by Aberrant PI3K in Cancer
REACTOME_PATHWAY,R-HSA-179812~GRB2 events in EGFR signaling,5,0.9671179883945842,0.0011265782347994894,"P00533, Q99075, P35070, P01135, O14944",443,13,11610,10.079874978294843,0.6102891868668723,0.008885088719739368,0.007545948553845636,cluster_21,4.983180504057592,21 Constitutive Signaling by Aberrant PI3K in Cancer
REACTOME_PATHWAY,R-HSA-180336~SHC1 events in EGFR signaling,5,0.9671179883945842,0.0015301325417472426,"P00533, Q99075, P35070, P01135, O14944",443,14,11610,9.359883908416641,0.7220100925569424,0.011844359304636062,0.010059204672597613,cluster_21,4.983180504057592,21 Constitutive Signaling by Aberrant PI3K in Cancer
REACTOME_PATHWAY,R-HSA-180292~GAB1 signalosome,5,0.9671179883945842,0.00332274883408979,"P00533, Q99075, P35070, P01135, O14944",443,17,11610,7.708139689284291,0.9381128844026395,0.023148483544158868,0.019659597268364592,cluster_21,4.983180504057592,21 Constitutive Signaling by Aberrant PI3K in Cancer
GOTERM_MF_DIRECT,GO:0008083~growth factor activity,12,2.321083172147002,0.004965760482098163,"P56975, Q9NPF0, Q8WWG1, Q02297, O14511, P21583, Q99075, P35070, Q9Y219, P78504, P01135, O14944",512,167,19319,2.711311751497006,0.894612910364323,0.023626565662193365,0.018503991691186838,cluster_21,4.983180504057592,21 Constitutive Signaling by Aberrant PI3K in Cancer
UP_KW_MOLECULAR_FUNCTION,KW-0339~Growth factor,10,1.9342359767891684,0.005544949634148822,"P56975, Q9NPF0, Q8WWG1, Q02297, O14511, P21583, Q99075, P35070, P01135, O14944",300,132,12067,3.047222222222222,0.18141142978548908,0.019961818682935763,0.015525858975616702,cluster_21,4.983180504057592,21 Constitutive Signaling by Aberrant PI3K in Cancer
GOTERM_MF_DIRECT,GO:0043125~ErbB-3 class receptor binding,3,0.5802707930367506,0.0066222399114766305,"P04626, P21860, Q02297",512,5,19319,22.639453125000003,0.9503723644356705,0.02993252439987437,0.023442729286627273,cluster_21,4.983180504057592,21 Constitutive Signaling by Aberrant PI3K in Cancer
GOTERM_BP_DIRECT,GO:0045840~positive regulation of mitotic nuclear division,5,0.9671179883945842,0.007223094018921863,"P10747, P35070, P01135, O14944, P01375",517,29,19172,6.393650370172748,0.9999999981793566,0.054027185721046284,0.04791383930071888,cluster_21,4.983180504057592,21 Constitutive Signaling by Aberrant PI3K in Cancer
REACTOME_PATHWAY,R-HSA-1358803~Downregulation of ERBB2:ERBB3 signaling,4,0.7736943907156674,0.011787214448494713,"P04626, P21860, Q02297, O14511",443,13,11610,8.063899982635874,0.9999504559301694,0.07089288689886028,0.06020807380166364,cluster_21,4.983180504057592,21 Constitutive Signaling by Aberrant PI3K in Cancer
REACTOME_PATHWAY,R-HSA-9634638~Estrogen-dependent nuclear events downstream of ESR-membrane signaling,5,0.9671179883945842,0.012024162851047687,"P00533, Q99075, P35070, P01135, O14944",443,24,11610,5.459932279909707,0.9999594560363836,0.07180142959625618,0.060979683030313266,cluster_21,4.983180504057592,21 Constitutive Signaling by Aberrant PI3K in Cancer
REACTOME_PATHWAY,R-HSA-1643713~Signaling by EGFR in Cancer,5,0.9671179883945842,0.013893661723607963,"P00533, Q99075, P35070, P01135, O14944",443,25,11610,5.241534988713318,0.9999916774727142,0.08179648733053703,0.06946830861803982,cluster_21,4.983180504057592,21 Constitutive Signaling by Aberrant PI3K in Cancer
GOTERM_BP_DIRECT,GO:0038133~ERBB2-ERBB3 signaling pathway,3,0.5802707930367506,0.022960833514093913,"P04626, P21860, Q02297",517,9,19172,12.361057382333978,1.0,0.1388034193137932,0.12309737474999821,cluster_21,4.983180504057592,21 Constitutive Signaling by Aberrant PI3K in Cancer
REACTOME_PATHWAY,R-HSA-182971~EGFR downregulation,5,0.9671179883945842,0.028920530690452428,"P00533, Q99075, P35070, P01135, O14944",443,31,11610,4.227044345736547,0.9999999999778696,0.15598428165947245,0.1324746889691692,cluster_21,4.983180504057592,21 Constitutive Signaling by Aberrant PI3K in Cancer
REACTOME_PATHWAY,R-HSA-177929~Signaling by EGFR,6,1.160541586073501,0.05032748509707696,"O14672, P00533, Q99075, P35070, P01135, O14944",443,53,11610,2.966906597384897,1.0,0.2565474240314411,0.21788118548124782,cluster_21,4.983180504057592,21 Constitutive Signaling by Aberrant PI3K in Cancer
REACTOME_PATHWAY,R-HSA-8856825~Cargo recognition for clathrin-mediated endocytosis,8,1.5473887814313347,0.1093683495096752,"P16871, P00533, Q99075, P01730, P35070, P02786, P01135, O14944",443,106,11610,1.9779377315899314,1.0,0.4688817445645562,0.39821296488138147,cluster_21,4.983180504057592,21 Constitutive Signaling by Aberrant PI3K in Cancer
GOTERM_BP_DIRECT,GO:0051781~positive regulation of cell division,4,0.7736943907156674,0.14483151096299285,"P21802, P35070, P01135, O14944",517,49,19172,3.027197726285872,1.0,0.5344513868647675,0.47397652723394335,cluster_21,4.983180504057592,21 Constitutive Signaling by Aberrant PI3K in Cancer
UP_KW_MOLECULAR_FUNCTION,KW-0497~Mitogen,3,0.5802707930367506,0.27014319273912235,"P35070, P01135, O14944",300,41,12067,2.9431707317073172,0.9999880723230791,0.6432454625293269,0.5003020264116986,cluster_21,4.983180504057592,21 Constitutive Signaling by Aberrant PI3K in Cancer
REACTOME_PATHWAY,R-HSA-8856828~Clathrin-mediated endocytosis,8,1.5473887814313347,0.3274384546382887,"P16871, P00533, Q99075, P01730, P35070, P02786, P01135, O14944",443,147,11610,1.4262680241396783,1.0,1.0,0.8502994011976048,cluster_21,4.983180504057592,21 Constitutive Signaling by Aberrant PI3K in Cancer
REACTOME_PATHWAY,R-HSA-9009391~Extra-nuclear estrogen signaling,5,0.9671179883945842,0.33700007004852794,"P00533, Q99075, P35070, P01135, O14944",443,77,11610,1.7017970742575708,1.0,1.0,0.8502994011976048,cluster_21,4.983180504057592,21 Constitutive Signaling by Aberrant PI3K in Cancer
REACTOME_PATHWAY,R-HSA-8939211~ESR-mediated signaling,6,1.160541586073501,0.9308704869855464,"Q15303, P00533, Q99075, P35070, P01135, O14944",443,223,11610,0.7051392361497737,1.0,1.0,0.9308704869855464,cluster_21,4.983180504057592,21 Constitutive Signaling by Aberrant PI3K in Cancer
REACTOME_PATHWAY,R-HSA-9006931~Signaling by Nuclear Receptors,6,1.160541586073501,0.9895991527201665,"Q15303, P00533, Q99075, P35070, P01135, O14944",443,297,11610,0.5294479786579109,1.0,1.0,0.9895991527201665,cluster_21,4.983180504057592,21 Constitutive Signaling by Aberrant PI3K in Cancer
REACTOME_PATHWAY,R-HSA-447041~CHL1 interactions,7,1.3539651837524178,2.2436592005725142e-07,"P05556, P17301, Q9UQ52, O75578, P56199, O14786, O00533",443,9,11610,20.38374717832957,0.00018755234007705734,3.99084913123111e-06,3.389357515758479e-06,cluster_22,4.952140773733573,22 CHL1 interactions
GOTERM_MF_DIRECT,GO:0098639~collagen binding involved in cell-matrix adhesion,5,0.9671179883945842,2.3687647451420385e-06,"P05556, P17301, O75578, P56199, Q9UKX5",512,5,19319,37.732421875,0.0010701099564365268,2.3275688365308724e-05,1.8229189560440906e-05,cluster_22,4.952140773733573,22 CHL1 interactions
REACTOME_PATHWAY,R-HSA-75892~Platelet Adhesion to exposed collagen,5,0.9671179883945842,0.0026187790467603164,"P05556, P17301, P07359, O75578, P56199",443,16,11610,8.18989841986456,0.8883259527493822,0.018844887693443356,0.01600462950041242,cluster_22,4.952140773733573,22 CHL1 interactions
GOTERM_CC_DIRECT,GO:0070160~tight junction,12,2.321083172147002,4.082474031332428e-09,"P17302, P78369, Q9Y624, O15551, Q9BX67, P57087, O95832, Q9Y5I7, Q8N6F1, P29317, O00501, P56856",517,41,20299,11.49162617351512,1.469689572153321e-06,4.8989688375989134e-08,3.7286596152836175e-08,cluster_23,4.843798425569544,23 tight junction
GOTERM_BP_DIRECT,GO:0035633~maintenance of blood-brain barrier,11,2.127659574468085,9.702571020754016e-09,"P17302, P05556, Q9Y624, O15551, Q9BX67, P57087, P16284, O95832, P33151, O00501, Q96AP7",517,33,19172,12.361057382333977,2.693397441433376e-05,3.451876228537487e-07,3.0612855489840555e-07,cluster_23,4.843798425569544,23 tight junction
GOTERM_BP_DIRECT,GO:0016338~calcium-independent cell-cell adhesion,8,1.5473887814313347,8.231170314844498e-07,"P78369, O15551, O95832, Q9Y5I7, O95471, Q8N6F1, O00501, P56856",517,21,19172,14.126922722667402,0.0022823652544736728,2.0213714711233167e-05,1.7926469154718856e-05,cluster_23,4.843798425569544,23 tight junction
GOTERM_BP_DIRECT,GO:0070830~bicellular tight junction assembly,11,2.127659574468085,8.669380642996596e-07,"P78369, O15551, P16284, O95832, P33151, Q9Y5I7, O95471, Q8N6F1, O00501, P56856, Q96AP7",517,51,19172,7.998331247392573,0.0024037275189359164,2.091959242114396e-05,1.8552474576012716e-05,cluster_23,4.843798425569544,23 tight junction
GOTERM_CC_DIRECT,GO:0005923~bicellular tight junction,16,3.0947775628626695,2.4136311962254456e-06,"P78369, Q9Y624, O15551, Q9BX67, P78310, O95832, Q86YT9, O95471, Q8N6F1, O00501, P56856, Q96AP7, P16422, P57087, P33151, Q9Y5I7",517,138,20299,4.552238387576038,0.000868530887774388,2.020714489863164e-05,1.5379882506180746e-05,cluster_23,4.843798425569544,23 tight junction
REACTOME_PATHWAY,R-HSA-420029~Tight junction interactions,9,1.7408123791102514,1.1578465157000445e-05,"P78369, Q9Y624, O15551, O95832, Q9Y5I7, O95471, Q8N6F1, O00501, P56856",443,30,11610,7.862302483069977,0.009632955860750081,0.00016132661452087287,0.00013701183769117194,cluster_23,4.843798425569544,23 tight junction
UP_KW_CELLULAR_COMPONENT,KW-0796~Tight junction,14,2.7079303675048356,1.544073607158901e-05,"P78369, Q9Y624, O15551, Q9BX67, P78310, O95832, O95471, Q8N6F1, O00501, P56856, Q96AP7, P16422, P57087, Q9Y5I7",517,111,18225,4.446128914214021,0.0004476845624972192,4.4778134607608125e-05,4.4778134607608125e-05,cluster_23,4.843798425569544,23 tight junction
GOTERM_MF_DIRECT,GO:0160187~paracellular tight junction channel activity,3,0.5802707930367506,0.013426117453417593,"P78369, Q9Y5I7, Q8N6F1",512,7,19319,16.171037946428573,0.9977788103461467,0.05779623894233097,0.04526519598580789,cluster_23,4.843798425569544,23 tight junction
GOTERM_BP_DIRECT,GO:0160184~paracellular transport,3,0.5802707930367506,0.01817897677433268,"P78369, Q9Y5I7, Q8N6F1",517,8,19172,13.906189555125726,1.0,0.11517502408395705,0.10214260694436696,cluster_23,4.843798425569544,23 tight junction
GOTERM_MF_DIRECT,GO:0005198~structural molecule activity,10,1.9342359767891684,0.12253101844239633,"P78369, O15551, O95832, Q9Y5I7, O95471, Q8N6F1, P78504, O00501, P56856, O95297",512,217,19319,1.738821284562212,1.0,0.3831365216263169,0.3000670987958323,cluster_23,4.843798425569544,23 tight junction
GOTERM_BP_DIRECT,GO:0007158~neuron cell-cell adhesion,12,2.321083172147002,3.0059296261536805e-13,"Q8N2Q7, Q8IWV2, P05107, P58400, Q9P2S2, Q9UMF0, P58401, Q9HDB5, Q8NFZ3, Q8NFZ4, Q9ULB1, Q9NZ94, P20701, Q9Y4C0, Q8N0W4",517,19,19172,23.42095082968543,8.345999447101349e-10,1.7378030651200964e-11,1.541165168742543e-11,cluster_24,4.562132115461443,24 neuron cell-cell adhesion
GOTERM_BP_DIRECT,GO:0099054~presynapse assembly,9,1.7408123791102514,1.4220892308904331e-09,"Q8N2Q7, O94779, Q8N0W4, P23468, Q8NFZ3, Q8NFZ4, Q9BY67, P52799, Q9NZ94",517,15,19172,22.24990328820116,3.947711896823414e-06,5.71927190684196e-08,5.072118256842545e-08,cluster_24,4.562132115461443,24 neuron cell-cell adhesion
GOTERM_BP_DIRECT,GO:0097105~presynaptic membrane assembly,7,1.3539651837524178,2.89598071878013e-08,"Q8N2Q7, Q9NZN1, Q8N0W4, P58400, P23468, Q8NFZ4, Q9ULB1, Q9NZ94",517,9,19172,28.842467225445947,8.03891946193902e-05,9.800422554408368e-07,8.691473840143781e-07,cluster_24,4.562132115461443,24 neuron cell-cell adhesion
GOTERM_BP_DIRECT,GO:0097104~postsynaptic membrane assembly,6,1.160541586073501,2.782319752527383e-07,"Q8N2Q7, P29323, P58400, Q9P2S2, P58401, Q8NFZ4, Q9ULB1, Q9NZ94",517,7,19172,31.78557612600166,0.0007720738681789019,7.959729188931431e-06,7.059060732958649e-06,cluster_24,4.562132115461443,24 neuron cell-cell adhesion
GOTERM_MF_DIRECT,GO:0042043~neurexin family protein binding,7,1.3539651837524178,2.1253780540861426e-06,"Q8N2Q7, O43300, Q9BQT9, Q8N0W4, Q8NFZ3, Q8NFZ4, Q9NZ94",512,16,19319,16.5079345703125,0.0009602106038317793,2.2873116201117538e-05,1.79139007415832e-05,cluster_24,4.562132115461443,24 neuron cell-cell adhesion
GOTERM_CC_DIRECT,GO:0099634~postsynaptic specialization membrane,9,1.7408123791102514,2.669657998206385e-06,"Q8N2Q7, Q86UE6, O94933, O43300, Q8N0W4, Q9Y6N8, Q8NFZ3, Q8NFZ4, Q15375",517,36,20299,9.815764023210832,0.0009606164745363799,2.0448444241580823e-05,1.556353811720318e-05,cluster_24,4.562132115461443,24 neuron cell-cell adhesion
GOTERM_BP_DIRECT,GO:0097119~postsynaptic density protein 95 clustering,5,0.9671179883945842,7.453171544269012e-06,"Q8N2Q7, Q9HBW1, P58400, Q9P2S2, P58401, Q8NFZ4, Q9ULB1",517,6,19172,30.902643455834948,0.020477510140510247,0.0001426382830023897,0.00012649831152031752,cluster_24,4.562132115461443,24 neuron cell-cell adhesion
REACTOME_PATHWAY,R-HSA-6794361~Neurexins and neuroligins,12,2.321083172147002,1.1530204273126837e-05,"Q8N2Q7, O43300, P58400, Q9P2S2, P58401, Q9HDB5, Q8NFZ3, Q8NFZ4, Q9ULB1, Q9NZ94, Q86UE6, Q86VH5, Q86VH4, Q9Y4C0, Q8N0W4",443,59,11610,5.330374564793205,0.009592997146265603,0.00016132661452087287,0.00013701183769117194,cluster_24,4.562132115461443,24 neuron cell-cell adhesion
GOTERM_CC_DIRECT,GO:0060076~excitatory synapse,8,1.5473887814313347,2.387349314052043e-05,"P21802, Q8N2Q7, Q9HBW1, O43300, Q8N0W4, Q8NFZ4, P26006, Q9NZ94",517,35,20299,8.974412821221332,0.008557732471561441,0.00015347245590334563,0.0001168095914375464,cluster_24,4.562132115461443,24 neuron cell-cell adhesion
GOTERM_CC_DIRECT,GO:0098984~neuron to neuron synapse,5,0.9671179883945842,4.698266124883148e-05,"Q8N2Q7, Q8N0W4, Q8NFZ3, Q8NFZ4, Q9NZ94",517,9,20299,21.812808940468518,0.016771914154986467,0.00029065783911191357,0.00022122291087962312,cluster_24,4.562132115461443,24 neuron cell-cell adhesion
GOTERM_CC_DIRECT,"GO:0098983~symmetric, GABA-ergic, inhibitory synapse",4,0.7736943907156674,6.4092670678712e-05,"Q8N0W4, Q8NFZ3, Q8NFZ4, Q9NZ94",517,4,20299,39.26305609284333,0.022809929566118825,0.00037825182695633313,0.0002878916682945424,cluster_24,4.562132115461443,24 neuron cell-cell adhesion
GOTERM_CC_DIRECT,"GO:0098985~asymmetric, glutamatergic, excitatory synapse",4,0.7736943907156674,0.00015719796884485488,"Q8N2Q7, Q8N0W4, Q8NFZ3, Q9NZ94",517,5,20299,31.41044487427466,0.0550239703563854,0.0008842385747523087,0.0006730038041170349,cluster_24,4.562132115461443,24 neuron cell-cell adhesion
GOTERM_BP_DIRECT,GO:0035418~protein localization to synapse,6,1.160541586073501,0.0003118686084467335,"Q8N2Q7, Q86UE6, O60500, Q14118, P58400, Q8NFZ4, Q9ULB1",517,23,19172,9.673870994870072,0.5793197709349693,0.004025280876463653,0.003569807652964703,cluster_24,4.562132115461443,24 neuron cell-cell adhesion
GOTERM_MF_DIRECT,GO:0097110~scaffold protein binding,9,1.7408123791102514,0.0009639157742934635,"Q8N2Q7, P17302, P40189, Q9NZC2, O00548, Q8N0W4, Q8NFZ3, O43424, Q9NZ94",512,77,19319,4.410283076298701,0.35331764088486994,0.005585768333085199,0.0043746946679472576,cluster_24,4.562132115461443,24 neuron cell-cell adhesion
GOTERM_BP_DIRECT,GO:0002087~regulation of respiratory gaseous exchange by nervous system process,4,0.7736943907156674,0.005654350505778067,"Q8N2Q7, Q8NFZ4, P30542, Q9NZ94",517,14,19172,10.595192042000553,0.9999998541987857,0.0450885708434889,0.0399866568813788,cluster_24,4.562132115461443,24 neuron cell-cell adhesion
GOTERM_BP_DIRECT,"GO:0051968~positive regulation of synaptic transmission, glutamatergic",5,0.9671179883945842,0.00635970970417113,"Q8N2Q7, P29274, P58400, Q8NFZ4, Q9ULB1, Q9NZ94",517,28,19172,6.621995026250346,0.9999999796652017,0.05013691599169002,0.04446376585785554,cluster_24,4.562132115461443,24 neuron cell-cell adhesion
GOTERM_BP_DIRECT,"GO:0032230~positive regulation of synaptic transmission, GABAergic",4,0.7736943907156674,0.009949672535669873,"Q8N2Q7, P29274, P58400, Q8NFZ4, Q9ULB1",517,17,19172,8.725452269882808,0.9999999999991198,0.0710846592714258,0.06304120593404645,cluster_24,4.562132115461443,24 neuron cell-cell adhesion
GOTERM_BP_DIRECT,GO:2000463~positive regulation of excitatory postsynaptic potential,5,0.9671179883945842,0.012694460687189432,"Q8N2Q7, P58400, Q8NFZ4, P05067, Q9ULB1, Q9NZ94",517,34,19172,5.453407668676755,0.9999999999999996,0.08741222929764435,0.07752125992846945,cluster_24,4.562132115461443,24 neuron cell-cell adhesion
UP_KW_DISEASE,KW-1268~Autism spectrum disorder,7,1.3539651837524178,0.030609132103710107,"Q8N2Q7, Q96CW9, O00548, O94910, Q8N0W4, Q9UHC6, Q9NZ94",151,78,4928,2.928850399049075,0.8498814456782366,0.31119284305438605,0.3009897990198161,cluster_24,4.562132115461443,24 neuron cell-cell adhesion
UP_KW_DISEASE,KW-1269~Autism,4,0.7736943907156674,0.07210505001806775,"Q8N2Q7, Q8N0W4, Q9UHC6, Q9NZ94",151,32,4928,4.079470198675496,0.9895905573359027,0.5403446380023611,0.5226284203629395,cluster_24,4.562132115461443,24 neuron cell-cell adhesion
REACTOME_PATHWAY,R-HSA-9734779~Developmental Cell Lineages of the Integumentary System,15,2.9013539651837523,5.169116911401146e-07,"P05556, O00548, O75712, P04626, P25063, P12830, P10721, P16422, P16144, P23229, Q6UVK1, P16070, P00533, P02786, P01135",443,73,11610,5.385138687034232,0.0004320449271623117,8.642763475862717e-06,7.3401460141896275e-06,cluster_25,4.184221353224593,25 Developmental Cell Lineages of the Integumentary System
REACTOME_PATHWAY,R-HSA-9927418~Developmental Lineage of Mammary Gland Luminal Epithelial Cells,9,1.7408123791102514,1.7796650915742864e-06,"P16422, P05556, P23229, P04626, P25063, P12830, P16070, P10721, P01135",443,24,11610,9.827878103837472,0.0014866951127647798,2.705090939192915e-05,2.297385845486806e-05,cluster_25,4.184221353224593,25 Developmental Cell Lineages of the Integumentary System
REACTOME_PATHWAY,R-HSA-9927432~Developmental Lineage of Mammary Gland Myoepithelial Cells,8,1.5473887814313347,5.569644106671371e-06,"P16422, P05556, P23229, P04626, P12830, P16070, P00533, P01135",443,20,11610,10.483069977426636,0.004645411981134107,8.027969781340113e-05,6.818012613339091e-05,cluster_25,4.184221353224593,25 Developmental Cell Lineages of the Integumentary System
REACTOME_PATHWAY,R-HSA-9924644~Developmental Lineages of the Mammary Gland,10,1.9342359767891684,1.4789294603597258e-05,"P16422, P05556, P23229, P04626, P25063, P12830, P16070, P00533, P10721, P01135",443,40,11610,6.551918735891648,0.012287822223756684,0.00020268607030503782,0.00017213769128777135,cluster_25,4.184221353224593,25 Developmental Cell Lineages of the Integumentary System
REACTOME_PATHWAY,R-HSA-9938206~Developmental Lineage of Mammary Stem Cells,6,1.160541586073501,0.00017104265302956152,"P16422, P05556, P23229, P04626, P12830, P16070",443,15,11610,10.483069977426636,0.13324930117959233,0.0017438007064965052,0.001480979068914496,cluster_25,4.184221353224593,25 Developmental Cell Lineages of the Integumentary System
REACTOME_PATHWAY,R-HSA-9734767~Developmental Cell Lineages,17,3.2882011605415857,0.00023570484061353027,"P05556, P78369, O00548, O75712, P04626, P25063, P12830, P10721, P16422, P16144, P23229, Q6UVK1, P16070, P00533, P02786, P01135, P04233",443,153,11610,2.91196388261851,0.17886887878906976,0.0022391959858285375,0.0019017095094955284,cluster_25,4.184221353224593,25 Developmental Cell Lineages of the Integumentary System
REACTOME_PATHWAY,R-HSA-9725554~Differentiation of Keratinocytes in Interfollicular Epidermis in Mammalian Skin,7,1.3539651837524178,0.003762661765590016,"P05556, O00548, P16144, P23229, O75712, Q6UVK1, P02786",443,40,11610,4.586343115124154,0.9572128737148803,0.025783485541256174,0.021897457816138617,cluster_25,4.184221353224593,25 Developmental Cell Lineages of the Integumentary System
REACTOME_PATHWAY,R-HSA-9927426~Developmental Lineage of Mammary Gland Alveolar Cells,4,0.7736943907156674,0.029223452718202685,"P16422, P23229, P25063, P10721",443,18,11610,5.82392776523702,0.9999999999829504,0.15660773379754772,0.13300417583284554,cluster_25,4.184221353224593,25 Developmental Cell Lineages of the Integumentary System
GOTERM_CC_DIRECT,GO:0030669~clathrin-coated endocytic vesicle membrane,17,3.2882011605415857,1.6899641535731383e-11,"Q92637, P12314, Q99075, P01906, P16871, P01903, P21926, P01920, P00533, P35070, P01730, P02786, P01135, P04233, O14944, P20036",517,70,20299,9.535313622547665,6.083853421046115e-09,2.5349462303597073e-10,1.9293757419959994e-10,cluster_26,3.7585692758424916,26 clathrin-coated endocytic vesicle membrane
GOTERM_CC_DIRECT,GO:0098553~lumenal side of endoplasmic reticulum membrane,12,2.321083172147002,8.709514086300906e-10,"P30511, P01906, P01903, P04439, P13747, P01889, P01920, P17693, P04233, P10321, P20036",517,36,20299,13.08768536428111,3.13542462881955e-07,1.081181058989078e-08,8.22898917119465e-09,cluster_26,3.7585692758424916,26 clathrin-coated endocytic vesicle membrane
GOTERM_MF_DIRECT,GO:0042605~peptide antigen binding,13,2.5145067698259185,1.7714567473564807e-09,"Q9H2X3, P30511, P01906, P01903, P04439, Q9NNX6, P13747, P01889, P01920, P17693, P10321, P20036",512,46,19319,10.663510529891305,8.006981352393083e-07,2.7610291372590663e-08,2.1623989260834282e-08,cluster_26,3.7585692758424916,26 clathrin-coated endocytic vesicle membrane
GOTERM_BP_DIRECT,GO:0019882~antigen processing and presentation,13,2.5145067698259185,2.153069395288379e-09,"Q9H2X3, P01906, P01903, P04439, Q9NNX6, P13747, P01889, P01920, P01732, P04233, P10321, P20036",517,46,19172,10.480026911109242,5.97690276982199e-06,8.415165594260917e-08,7.462963072964367e-08,cluster_26,3.7585692758424916,26 clathrin-coated endocytic vesicle membrane
GOTERM_BP_DIRECT,GO:0050870~positive regulation of T cell activation,12,2.321083172147002,4.091392014677477e-09,"P78324, P01906, P04216, P01903, P10747, Q08722, O00241, P01920, Q9P1W8, O14788, P20036",517,39,19172,11.410206814462134,1.1357639725040336e-05,1.534272005504054e-07,1.3606642902866583e-07,cluster_26,3.7585692758424916,26 clathrin-coated endocytic vesicle membrane
GOTERM_CC_DIRECT,GO:0012507~ER to Golgi transport vesicle membrane,14,2.7079303675048356,4.241758143659269e-09,"P30511, P04439, P13747, P13987, P17693, P10321, P01906, P01903, P01889, P01920, P01135, P04233, P20036",517,62,20299,8.865851375803333,1.527031777470711e-06,4.925912682959152e-08,3.749166875363354e-08,cluster_26,3.7585692758424916,26 clathrin-coated endocytic vesicle membrane
GOTERM_CC_DIRECT,GO:0042612~MHC class I protein complex,7,1.3539651837524178,1.086663793194853e-07,"P30511, P04439, P13747, P01889, P01920, P17693, P10321",517,11,20299,24.98558114999121,3.911913351439811e-05,1.2224967673442096e-06,9.30455872923093e-07,cluster_26,3.7585692758424916,26 clathrin-coated endocytic vesicle membrane
REACTOME_PATHWAY,R-HSA-877300~Interferon gamma signaling,18,3.481624758220503,1.4535090970522569e-07,"P30511, Q92637, P04439, P13747, P12314, P19320, P17693, P10321, P01906, P01903, P13591, P01889, P15260, P01920, P05362, P16070, P20036",443,98,11610,4.813654581471414,0.00012150598693383419,2.7002969003015263e-06,2.2933143531268944e-06,cluster_26,3.7585692758424916,26 clathrin-coated endocytic vesicle membrane
GOTERM_CC_DIRECT,GO:0042613~MHC class II protein complex,9,1.7408123791102514,1.723919679139517e-07,"P01906, P01903, P04439, P01889, P01920, P04233, P10321, P20036",517,26,20299,13.59105787829192,6.205918805068933e-05,1.8253267190889005e-06,1.389276447306552e-06,cluster_26,3.7585692758424916,26 clathrin-coated endocytic vesicle membrane
UP_KW_CELLULAR_COMPONENT,KW-0490~MHC I,7,1.3539651837524178,2.048968347797406e-07,"P30511, P04439, P13747, P01889, P01920, P17693, P10321",517,11,18225,22.432741339898012,5.941991165214766e-06,8.488583155160683e-07,8.488583155160683e-07,cluster_26,3.7585692758424916,26 clathrin-coated endocytic vesicle membrane
GOTERM_BP_DIRECT,GO:0002504~antigen processing and presentation of peptide or polysaccharide antigen via MHC class II,8,1.5473887814313347,8.231170314844498e-07,"P01906, P01903, P04439, P01889, P01920, P10321, P20036",517,21,19172,14.126922722667402,0.0022823652544736728,2.0213714711233167e-05,1.7926469154718856e-05,cluster_26,3.7585692758424916,26 clathrin-coated endocytic vesicle membrane
UP_KW_CELLULAR_COMPONENT,KW-0491~MHC II,8,1.5473887814313347,1.6505695915033329e-06,"P01906, P01903, P04439, P01889, P01920, P10321, P20036",517,22,18225,12.818709337084577,4.786541207013606e-05,5.983314769199582e-06,5.983314769199582e-06,cluster_26,3.7585692758424916,26 clathrin-coated endocytic vesicle membrane
GOTERM_BP_DIRECT,GO:0002474~antigen processing and presentation of peptide antigen via MHC class I,7,1.3539651837524178,2.3501161839215283e-06,"P30511, P04439, P13747, P01889, P01920, P17693, P10321",517,16,19172,16.223887814313347,0.0065026955627147665,5.094978445611126e-05,4.518465569242876e-05,cluster_26,3.7585692758424916,26 clathrin-coated endocytic vesicle membrane
GOTERM_MF_DIRECT,GO:0023026~MHC class II protein complex binding,8,1.5473887814313347,4.8756018257665815e-06,"P01906, P01903, P11836, P01920, P01730, P04233, P20036",512,27,19319,11.179976851851851,0.0022013508630306378,4.3211216181303826e-05,3.3842412672968035e-05,cluster_26,3.7585692758424916,26 clathrin-coated endocytic vesicle membrane
GOTERM_MF_DIRECT,GO:0032395~MHC class II receptor activity,6,1.160541586073501,6.0364136858661455e-05,"P07766, P01906, P01920, P10321, P20036",512,17,19319,13.317325367647058,0.02691652917404097,0.00041976292092484583,0.00032875237612255625,cluster_26,3.7585692758424916,26 clathrin-coated endocytic vesicle membrane
REACTOME_PATHWAY,R-HSA-202427~Phosphorylation of CD3 and TCR zeta chains,8,1.5473887814313347,8.327038355643167e-05,"P07766, P01906, P01903, P08575, P01920, P01730, P20036",443,29,11610,7.229703432708024,0.06724894816251425,0.0009536169952489982,0.0008098900318502259,cluster_26,3.7585692758424916,26 clathrin-coated endocytic vesicle membrane
GOTERM_BP_DIRECT,GO:0019886~antigen processing and presentation of exogenous peptide antigen via MHC class II,7,1.3539651837524178,0.0001844038742371319,"P01906, P01903, P01920, P04233, P31994, P20036",517,32,19172,8.111943907156673,0.40067566062292315,0.002557395812516635,0.002268018412469708,cluster_26,3.7585692758424916,26 clathrin-coated endocytic vesicle membrane
REACTOME_PATHWAY,R-HSA-202430~Translocation of ZAP-70 to Immunological synapse,7,1.3539651837524178,0.0003539149795716001,"P07766, P01906, P01903, P01920, P01730, P20036",443,26,11610,7.05591248480639,0.25615700318777646,0.0032160100317593227,0.002731300385824305,cluster_26,3.7585692758424916,26 clathrin-coated endocytic vesicle membrane
GOTERM_BP_DIRECT,GO:0002503~peptide antigen assembly with MHC class II protein complex,5,0.9671179883945842,0.0007295491689018384,"P01906, P01903, P01920, P20036",517,16,19172,11.588491295938105,0.8681338128461381,0.008130517846195187,0.007210524115130218,cluster_26,3.7585692758424916,26 clathrin-coated endocytic vesicle membrane
GOTERM_CC_DIRECT,GO:0030666~endocytic vesicle membrane,8,1.5473887814313347,0.003173322019214901,"P01906, P01903, P21926, P01920, Q99075, P04233, P20036",517,76,20299,4.132953272930877,0.6815253394264602,0.014460707935662842,0.011006205484365606,cluster_26,3.7585692758424916,26 clathrin-coated endocytic vesicle membrane
GOTERM_CC_DIRECT,GO:0010008~endosome membrane,19,3.67504835589942,0.003536348232435989,"P29016, P05556, P04439, P04626, Q9NNX6, O95832, P15813, P36888, P01906, P01903, P08571, P01889, P46531, P01920, P00533, P02786, P22897, P20036",517,347,20299,2.1498503336139,0.7206645029920502,0.015913567045961953,0.012111992696093263,cluster_26,3.7585692758424916,26 clathrin-coated endocytic vesicle membrane
GOTERM_CC_DIRECT,GO:0030658~transport vesicle membrane,7,1.3539651837524178,0.004108578416993511,"P01906, P01903, P01920, P13688, P04233, P20036",517,60,20299,4.580689877498388,0.7728478117631667,0.017608193215686473,0.013401791503050261,cluster_26,3.7585692758424916,26 clathrin-coated endocytic vesicle membrane
REACTOME_PATHWAY,R-HSA-202433~Generation of second messenger molecules,7,1.3539651837524178,0.00426910468117579,"P07766, P01906, P01903, P01920, P01730, P20036",443,41,11610,4.474481087926004,0.9720296825290952,0.02832517074176953,0.024056066060593743,cluster_26,3.7585692758424916,26 clathrin-coated endocytic vesicle membrane
REACTOME_PATHWAY,R-HSA-1236975~Antigen processing-Cross presentation,11,2.127659574468085,0.004690933140454669,"P30511, Q92637, P06756, P08571, P04439, P13747, P01889, P12314, P17693, P22897, P10321",443,100,11610,2.8828442437923245,0.9803729586080749,0.03087889846787483,0.026224901808841062,cluster_26,3.7585692758424916,26 clathrin-coated endocytic vesicle membrane
GOTERM_BP_DIRECT,GO:0050778~positive regulation of immune response,6,1.160541586073501,0.008378916705233741,"P01906, P01903, P01920, P42081, P20036",517,47,19172,4.734021976213013,0.9999999999282524,0.06167505001863033,0.05469632363814387,cluster_26,3.7585692758424916,26 clathrin-coated endocytic vesicle membrane
GOTERM_CC_DIRECT,GO:0055038~recycling endosome membrane,9,1.7408123791102514,0.010074177665704238,"P30511, P04439, P13747, P01889, P01920, Q9NZQ7, P17693, P02786, P10321",517,117,20299,3.020235084064871,0.9738810876111531,0.039853889666522264,0.03033323824618639,cluster_26,3.7585692758424916,26 clathrin-coated endocytic vesicle membrane
REACTOME_PATHWAY,R-HSA-388841~Regulation of T cell activation by CD28 family,19,3.67504835589942,0.01744104121924165,"P07766, Q15116, Q9Y6W8, Q92956, P10747, Q9BQ51, O75144, P42081, P01906, P16410, Q7Z6A9, P01903, P33681, P01920, Q9NZQ7, P01730, P20036",443,274,11610,1.8173205252838147,0.9999995909219604,0.09986787985812341,0.08481602236754501,cluster_26,3.7585692758424916,26 clathrin-coated endocytic vesicle membrane
GOTERM_CC_DIRECT,GO:0030670~phagocytic vesicle membrane,7,1.3539651837524178,0.025903938730693424,"P30511, P04439, P13747, P01889, P01920, P17693, P10321",517,89,20299,3.088105535392172,0.9999211787305828,0.09515732594948605,0.0724252980837755,cluster_26,3.7585692758424916,26 clathrin-coated endocytic vesicle membrane
REACTOME_PATHWAY,R-HSA-913531~Interferon Signaling,19,3.67504835589942,0.032960334875527506,"P30511, Q92637, P04439, P13747, Q10589, P12314, P19320, P17693, P10321, P01906, P01903, P13591, P01889, P15260, P01920, P05362, P16070, P20036",443,295,11610,1.6879519455178482,0.9999999999993217,0.17330088022604398,0.1471813695699656,cluster_26,3.7585692758424916,26 clathrin-coated endocytic vesicle membrane
UP_KW_CELLULAR_COMPONENT,KW-0967~Endosome,30,5.802707930367505,0.03545213442334261,"P29016, P04439, Q10589, P12830, P17693, Q9NZQ7, Q99706, P22897, P22455, P20036, Q92633, P30511, P05556, P54764, P35968, P29322, P54762, P04626, P15813, P01906, P01903, P01889, P46531, P01920, P00533, P05067, P04233",517,719,18225,1.4708532966752124,0.6489332122361412,0.08567599152307796,0.08567599152307796,cluster_26,3.7585692758424916,26 clathrin-coated endocytic vesicle membrane
REACTOME_PATHWAY,R-HSA-909733~Interferon alpha/beta signaling,7,1.3539651837524178,0.07263325894592557,"P30511, P04439, P13747, P01889, Q10589, P17693, P10321",443,77,11610,2.3825159039605994,1.0,0.33700932533394573,0.28621605381232235,cluster_26,3.7585692758424916,26 clathrin-coated endocytic vesicle membrane
GOTERM_CC_DIRECT,GO:0032588~trans-Golgi network membrane,7,1.3539651837524178,0.08068280965241942,"P01906, P01903, P01920, P05067, P04233, P20036",517,118,20299,2.3291643444907058,0.9999999999999296,0.21675978712590294,0.16497828242360388,cluster_26,3.7585692758424916,26 clathrin-coated endocytic vesicle membrane
REACTOME_PATHWAY,R-HSA-202424~Downstream TCR signaling,7,1.3539651837524178,0.1380211131707209,"P07766, P01906, P01903, P01920, P01730, P20036",443,92,11610,1.9940622239670234,1.0,0.5798273900036316,0.4924371374432756,cluster_26,3.7585692758424916,26 clathrin-coated endocytic vesicle membrane
REACTOME_PATHWAY,R-HSA-202403~TCR signaling,8,1.5473887814313347,0.14406648452357612,"P07766, P01906, P01903, P08575, P01920, P01730, P20036",443,114,11610,1.839135083759059,1.0,0.593298428875417,0.5038778522745766,cluster_26,3.7585692758424916,26 clathrin-coated endocytic vesicle membrane
GOTERM_CC_DIRECT,GO:0031902~late endosome membrane,6,1.160541586073501,0.4595462794870748,"P01906, P01903, P46531, P01920, P20036",517,175,20299,1.3461619231831996,1.0,0.9399810262235622,0.7154300032923779,cluster_26,3.7585692758424916,26 clathrin-coated endocytic vesicle membrane
REACTOME_PATHWAY,R-HSA-389948~Co-inhibition by PD-1,10,1.9342359767891684,0.47599193198778855,"P07766, P01906, Q15116, P01903, Q9BQ51, P01920, Q9NZQ7, P01730, P20036",443,222,11610,1.1805258983588554,1.0,1.0,0.8502994011976048,cluster_26,3.7585692758424916,26 clathrin-coated endocytic vesicle membrane
GOTERM_CC_DIRECT,GO:0005765~lysosomal membrane,12,2.321083172147002,0.5591705586099426,"P30511, P29016, P01906, P01903, P04439, P01889, P15813, P12830, P01920, P04233, P20036",517,438,20299,1.0757001669272144,1.0,1.0,0.7632311977715878,cluster_26,3.7585692758424916,26 clathrin-coated endocytic vesicle membrane
REACTOME_PATHWAY,R-HSA-2132295~MHC class II antigen presentation,6,1.160541586073501,0.5616106525062634,"P01906, P01903, P01920, P04233, P20036",443,131,11610,1.2003515241328209,1.0,1.0,0.8502994011976048,cluster_26,3.7585692758424916,26 clathrin-coated endocytic vesicle membrane
UP_KW_CELLULAR_COMPONENT,KW-0458~Lysosome,12,2.321083172147002,0.7449379159789271,"P30511, P29016, P01906, P01903, P04439, P01889, P48023, P15813, P01920, P04233, P20036",517,455,18225,0.9297085892830573,1.0,1.0,1.0,cluster_26,3.7585692758424916,26 clathrin-coated endocytic vesicle membrane
REACTOME_PATHWAY,R-HSA-983169~Class I MHC mediated antigen processing & presentation,11,2.127659574468085,0.9141144180474499,"P30511, Q92637, P06756, P08571, P04439, P13747, P01889, P12314, P17693, P22897, P10321",443,377,11610,0.764680170767195,1.0,1.0,0.9141144180474499,cluster_26,3.7585692758424916,26 clathrin-coated endocytic vesicle membrane
GOTERM_MF_DIRECT,GO:0017154~semaphorin receptor activity,13,2.5145067698259185,1.6934787639462248e-16,"O15031, O75051, Q9NZC2, Q9Y4D7, P51805, Q9UIW2, Q9ULL4, Q9HCM2, O43157, O60486, O60462, O14786",512,16,19319,30.6575927734375,1.0036416142611415e-13,4.502661184139374e-15,3.5264204849233154e-15,cluster_27,3.454962873086394,27 semaphorin receptor activity
GOTERM_MF_DIRECT,GO:0005021~vascular endothelial growth factor receptor activity,6,1.160541586073501,6.657751320386398e-07,"P16234, P35968, O60462, O14786, P36888",512,8,19319,28.29931640625,0.00030088518482207505,7.919219991617505e-06,6.202220966886276e-06,cluster_27,3.454962873086394,27 semaphorin receptor activity
GOTERM_BP_DIRECT,GO:0021828~gonadotrophin-releasing hormone neuronal migration to the hypothalamus,5,0.9671179883945842,1.7019757635697537e-05,"Q9UIW2, P51805, O60462, O14786",517,7,19172,26.487980105001384,0.04614847065821159,0.00029518642149412917,0.0002617851471340727,cluster_27,3.454962873086394,27 semaphorin receptor activity
GOTERM_BP_DIRECT,GO:0021637~trigeminal nerve structural organization,5,0.9671179883945842,1.7019757635697537e-05,"P51805, Q9HCM2, O60462, O14786",517,7,19172,26.487980105001384,0.04614847065821159,0.00029518642149412917,0.0002617851471340727,cluster_27,3.454962873086394,27 semaphorin receptor activity
GOTERM_BP_DIRECT,GO:0021785~branchiomotor neuron axon guidance,5,0.9671179883945842,3.331402730178347e-05,"P51805, Q9HCM2, O60462, O14786",517,8,19172,23.17698259187621,0.08833372303981979,0.0005313012974853398,0.00047118288040051215,cluster_27,3.454962873086394,27 semaphorin receptor activity
GOTERM_BP_DIRECT,GO:0003148~outflow tract septum morphogenesis,7,1.3539651837524178,6.751716234319094e-05,"P21802, P17813, O60462, O14786, P36894, Q9Y6N7",517,27,19172,9.614155741815317,0.17091613941931094,0.0010351388149301374,0.0009180095940695741,cluster_27,3.454962873086394,27 semaphorin receptor activity
GOTERM_BP_DIRECT,GO:0021612~facial nerve structural organization,5,0.9671179883945842,9.573285371344565e-05,"P51805, Q9HCM2, O60462, O14786",517,10,19172,18.541586073500966,0.23338236600280748,0.001428272414273181,0.0012666588870365039,cluster_27,3.454962873086394,27 semaphorin receptor activity
GOTERM_BP_DIRECT,GO:0048846~axon extension involved in axon guidance,5,0.9671179883945842,0.00021616891055319158,"Q13740, P51805, O60462, O14786",517,12,19172,15.451321727917474,0.4512705504676685,0.0029119841106073135,0.002582483926560216,cluster_27,3.454962873086394,27 semaphorin receptor activity
GOTERM_BP_DIRECT,GO:0008045~motor neuron axon guidance,6,1.160541586073501,0.0003118686084467335,"P54764, Q13740, P51805, Q9HCM2, P04626, O14786",517,23,19172,9.673870994870072,0.5793197709349693,0.004025280876463653,0.003569807652964703,cluster_27,3.454962873086394,27 semaphorin receptor activity
REACTOME_PATHWAY,R-HSA-194306~Neuropilin interactions with VEGF and VEGFR,4,0.7736943907156674,0.0005175566266995606,"P35968, O60462, O14786",443,5,11610,20.966139954853272,0.35130287199484067,0.00446059113320446,0.0037883010820277114,cluster_27,3.454962873086394,27 semaphorin receptor activity
GOTERM_BP_DIRECT,GO:0097490~sympathetic neuron projection extension,4,0.7736943907156674,0.0006257520737140893,"Q9BQT9, O60462, O14786",517,7,19172,21.190384084001106,0.8240633824914068,0.007216376813562151,0.006399821022766289,cluster_27,3.454962873086394,27 semaphorin receptor activity
GOTERM_BP_DIRECT,GO:0001938~positive regulation of endothelial cell proliferation,9,1.7408123791102514,0.0006267195719165688,"P05106, P35968, Q9ULL4, O60462, Q13591, O14786, O43508, P55290",517,71,19172,4.700683793281935,0.8245355699841277,0.007216376813562151,0.006399821022766289,cluster_27,3.454962873086394,27 semaphorin receptor activity
REACTOME_PATHWAY,R-HSA-399955~SEMA3A-Plexin repulsion signaling by inhibiting Integrin adhesion,5,0.9671179883945842,0.0015301325417472426,"O75051, Q9UIW2, P51805, Q9HCM2, O14786",443,14,11610,9.359883908416641,0.7220100925569424,0.011844359304636062,0.010059204672597613,cluster_27,3.454962873086394,27 semaphorin receptor activity
GOTERM_BP_DIRECT,GO:1903375~facioacoustic ganglion development,3,0.5802707930367506,0.002130260412404369,"O60462, O14786",517,3,19172,37.08317214700194,0.99731455981332,0.019814952003718484,0.017572827704919348,cluster_27,3.454962873086394,27 semaphorin receptor activity
GOTERM_BP_DIRECT,GO:0021649~vestibulocochlear nerve structural organization,3,0.5802707930367506,0.002130260412404369,"O60462, O14786",517,3,19172,37.08317214700194,0.99731455981332,0.019814952003718484,0.017572827704919348,cluster_27,3.454962873086394,27 semaphorin receptor activity
GOTERM_BP_DIRECT,GO:1904835~dorsal root ganglion morphogenesis,3,0.5802707930367506,0.002130260412404369,"O60462, O14786",517,3,19172,37.08317214700194,0.99731455981332,0.019814952003718484,0.017572827704919348,cluster_27,3.454962873086394,27 semaphorin receptor activity
REACTOME_PATHWAY,R-HSA-399956~CRMPs in Sema3A signaling,5,0.9671179883945842,0.0026187790467603164,"O75051, Q9UIW2, P51805, Q9HCM2, O14786",443,16,11610,8.18989841986456,0.8883259527493822,0.018844887693443356,0.01600462950041242,cluster_27,3.454962873086394,27 semaphorin receptor activity
REACTOME_PATHWAY,R-HSA-399954~Sema3A PAK dependent Axon repulsion,5,0.9671179883945842,0.0026187790467603164,"O75051, Q9UIW2, P51805, Q9HCM2, O14786",443,16,11610,8.18989841986456,0.8883259527493822,0.018844887693443356,0.01600462950041242,cluster_27,3.454962873086394,27 semaphorin receptor activity
GOTERM_BP_DIRECT,GO:0097374~sensory neuron axon guidance,3,0.5802707930367506,0.004184533676910623,"O60462, O14786",517,4,19172,27.812379110251452,0.9999911989350714,0.034457213511652755,0.030558271153937812,cluster_27,3.454962873086394,27 semaphorin receptor activity
GOTERM_BP_DIRECT,GO:0036486~ventral trunk neural crest cell migration,3,0.5802707930367506,0.004184533676910623,"O60462, O14786",517,4,19172,27.812379110251452,0.9999911989350714,0.034457213511652755,0.030558271153937812,cluster_27,3.454962873086394,27 semaphorin receptor activity
GOTERM_BP_DIRECT,GO:0061551~trigeminal ganglion development,3,0.5802707930367506,0.006850116139515569,"O60462, O14786",517,5,19172,22.24990328820116,0.9999999948349549,0.05193735597583526,0.04606048038073173,cluster_27,3.454962873086394,27 semaphorin receptor activity
GOTERM_BP_DIRECT,GO:0097491~sympathetic neuron projection guidance,3,0.5802707930367506,0.006850116139515569,"O60462, O14786",517,5,19172,22.24990328820116,0.9999999948349549,0.05193735597583526,0.04606048038073173,cluster_27,3.454962873086394,27 semaphorin receptor activity
GOTERM_BP_DIRECT,GO:0038084~vascular endothelial growth factor signaling pathway,4,0.7736943907156674,0.015715779126314805,"P35968, O60462, O14786, P36888",517,20,19172,7.4166344294003865,1.0,0.1040842173640181,0.09230675997580128,cluster_27,3.454962873086394,27 semaphorin receptor activity
GOTERM_BP_DIRECT,GO:1901166~neural crest cell migration involved in autonomic nervous system development,3,0.5802707930367506,0.01817897677433268,"O60462, O14786",517,8,19172,13.906189555125726,1.0,0.11517502408395705,0.10214260694436696,cluster_27,3.454962873086394,27 semaphorin receptor activity
GOTERM_BP_DIRECT,GO:0061549~sympathetic ganglion development,3,0.5802707930367506,0.02819612820316411,"O60462, O14786",517,10,19172,11.12495164410058,1.0,0.1643786885793706,0.14577872165543462,cluster_27,3.454962873086394,27 semaphorin receptor activity
GOTERM_BP_DIRECT,GO:0010595~positive regulation of endothelial cell migration,6,1.160541586073501,0.03420557846588877,"P05106, P35968, O60462, O14786, Q96PE1",517,67,19172,3.3208810877912183,1.0,0.18946203641285697,0.1680238095899247,cluster_27,3.454962873086394,27 semaphorin receptor activity
REACTOME_PATHWAY,R-HSA-194138~Signaling by VEGF,7,1.3539651837524178,0.23527787172481152,"P05106, P35968, P06756, P33151, O60462, O14786",443,109,11610,1.6830616936235425,1.0,0.8514818214802703,0.7231484369031004,cluster_27,3.454962873086394,27 semaphorin receptor activity
GOTERM_BP_DIRECT,GO:0071625~vocalization behavior,8,1.5473887814313347,3.737825129566309e-07,"Q9Y4C0, Q8N0W4, Q96PX8, P58400, Q9P2S2, P58401, Q9HDB5, Q8NFZ3, Q9ULB1, Q9UHC6, Q9NZ94",517,19,19172,15.613967219790288,0.0010370823078933444,9.973523783217797e-06,8.844988119098738e-06,cluster_28,3.307221583166346,28 vocalization behavior
GOTERM_BP_DIRECT,GO:0030534~adult behavior,9,1.7408123791102514,4.062373927914346e-06,"O14917, Q9Y4C0, Q8N0W4, Q96PX8, P58400, Q9P2S2, P58401, Q9HDB5, Q9ULB1, O94991, Q9UHC6, Q9NZ94",517,36,19172,9.270793036750483,0.011213823971316761,8.289035036736994e-05,7.351104585733238e-05,cluster_28,3.307221583166346,28 vocalization behavior
GOTERM_BP_DIRECT,GO:0097116~gephyrin clustering involved in postsynaptic density assembly,5,0.9671179883945842,7.453171544269012e-06,"O94933, Q9Y4C0, P58400, Q9P2S2, P58401, Q9HDB5, Q8NFZ4, Q9ULB1",517,6,19172,30.902643455834948,0.020477510140510247,0.0001426382830023897,0.00012649831152031752,cluster_28,3.307221583166346,28 vocalization behavior
UP_KW_PTM,KW-0357~Heparan sulfate,6,1.160541586073501,0.0006758204261415237,"Q9Y4C0, P18827, P58400, Q9P2S2, P34741, P58401, Q9HDB5, O14786, Q9ULB1",510,21,14457,8.099159663865546,0.01476301782376832,0.0019429837251568806,0.0016050735120861188,cluster_28,3.307221583166346,28 vocalization behavior
GOTERM_CC_DIRECT,GO:0098820~trans-synaptic protein complex,4,0.7736943907156674,0.0008313693033936431,"Q9Y4C0, P58400, Q9P2S2, P58401, Q9HDB5, O43424, Q9ULB1",517,8,20299,19.631528046421664,0.258750074891811,0.0042153936510100215,0.0032083829454909608,cluster_28,3.307221583166346,28 vocalization behavior
GOTERM_MF_DIRECT,GO:0097109~neuroligin family protein binding,3,0.5802707930367506,0.0066222399114766305,"Q9Y4C0, P58400, Q9P2S2, P58401, Q9HDB5, Q9ULB1",512,5,19319,22.639453125000003,0.9503723644356705,0.02993252439987437,0.023442729286627273,cluster_28,3.307221583166346,28 vocalization behavior
GOTERM_BP_DIRECT,GO:0007269~neurotransmitter secretion,3,0.5802707930367506,0.19283715725137315,"Q9Y4C0, P58400, Q9P2S2, P58401, Q9HDB5, Q9ULB1",517,30,19172,3.7083172147001937,1.0,0.6335649937577643,0.5618751169866155,cluster_28,3.307221583166346,28 vocalization behavior
GOTERM_MF_DIRECT,GO:0005246~calcium channel regulator activity,3,0.5802707930367506,0.42920662003570026,"Q9Y4C0, P58400, Q9P2S2, P58401, Q9HDB5, Q9ULB1",512,55,19319,2.0581321022727272,1.0,1.0,0.7849223946784922,cluster_28,3.307221583166346,28 vocalization behavior
GOTERM_BP_DIRECT,GO:0038134~ERBB2-EGFR signaling pathway,6,1.160541586073501,1.596148173356591e-06,"P04626, P00533, Q99075, P35070, P01135, O14944",517,9,19172,24.722114764667957,0.004421108862645684,3.630582935298803e-05,3.219771028385713e-05,cluster_29,3.2838771780197207,29 ERBB2-EGFR signaling pathway
REACTOME_PATHWAY,R-HSA-9924644~Developmental Lineages of the Mammary Gland,10,1.9342359767891684,1.4789294603597258e-05,"P16422, P05556, P23229, P04626, P25063, P12830, P16070, P00533, P10721, P01135",443,40,11610,6.551918735891648,0.012287822223756684,0.00020268607030503782,0.00017213769128777135,cluster_29,3.2838771780197207,29 ERBB2-EGFR signaling pathway
REACTOME_PATHWAY,R-HSA-8866910~TFAP2 (AP-2) family regulates transcription of growth factors and their receptors,4,0.7736943907156674,0.01772466376709931,"P04626, P00533, P10721, P01135",443,15,11610,6.988713318284423,0.9999996786426212,0.10080148917887771,0.08560892023564971,cluster_29,3.2838771780197207,29 ERBB2-EGFR signaling pathway
REACTOME_PATHWAY,R-HSA-8864260~Transcriptional regulation by the AP-2 (TFAP2) family of transcription factors,4,0.7736943907156674,0.17494140777322398,"P04626, P00533, P10721, P01135",443,38,11610,2.758702625638588,1.0,0.6892267638711355,0.5853480889336198,cluster_29,3.2838771780197207,29 ERBB2-EGFR signaling pathway
GOTERM_MF_DIRECT,GO:0023024~MHC class I protein complex binding,5,0.9671179883945842,1.5893145530086644e-05,"O95971, P26717, P26715, P01732, Q13241",512,7,19319,26.951729910714285,0.00715801734745658,0.00012828038892141361,0.000100467384243762,cluster_30,3.2617429927639834,30 MHC class I protein complex binding
GOTERM_BP_DIRECT,GO:0002223~stimulatory C-type lectin receptor signaling pathway,6,1.160541586073501,0.0003118686084467335,"P26717, P26718, P26715, O43914, Q13241",517,23,19172,9.673870994870072,0.5793197709349693,0.004025280876463653,0.003569807652964703,cluster_30,3.2617429927639834,30 MHC class I protein complex binding
GOTERM_BP_DIRECT,GO:0002228~natural killer cell mediated immunity,4,0.7736943907156674,0.0003648667954108953,"P26717, P26715, O43914, Q13241",517,6,19172,24.722114764667957,0.6368920298002235,0.004540382768005535,0.004026624141283468,cluster_30,3.2617429927639834,30 MHC class I protein complex binding
REACTOME_PATHWAY,R-HSA-2424491~DAP12 signaling,7,1.3539651837524178,0.0008022681899353724,"Q9NZC2, P26717, P13747, P26718, O43914, Q13241",443,30,11610,6.115124153498871,0.4887851821236555,0.0064626606348284705,0.005488623266421308,cluster_30,3.2617429927639834,30 MHC class I protein complex binding
GOTERM_BP_DIRECT,GO:0032814~regulation of natural killer cell activation,3,0.5802707930367506,0.03385708770473672,"P26717, P26715, Q13241",517,11,19172,10.1135924037278,1.0,0.18828340356842566,0.16697854276825064,cluster_30,3.2617429927639834,30 MHC class I protein complex binding
GOTERM_MF_DIRECT,GO:0038132~neuregulin binding,5,0.9671179883945842,2.3687647451420385e-06,"P05106, P06756, P16144, P23229, P21860",512,5,19319,37.732421875,0.0010701099564365268,2.3275688365308724e-05,1.8229189560440906e-05,cluster_31,3.2048350890085344,31 neuregulin binding
REACTOME_PATHWAY,R-HSA-3000170~Syndecan interactions,8,1.5473887814313347,5.0611373777301543e-05,"P05556, P17301, P05106, P06756, P16144, P23229, P18827, P34741",443,27,11610,7.765237020316026,0.041429511934169105,0.000595931105321466,0.0005061137377730154,cluster_31,3.2048350890085344,31 neuregulin binding
REACTOME_PATHWAY,R-HSA-3000157~Laminin interactions,7,1.3539651837524178,0.0008022681899353724,"P05556, P17301, P06756, P16144, P23229, P56199, P26006",443,30,11610,6.115124153498871,0.4887851821236555,0.0064626606348284705,0.005488623266421308,cluster_31,3.2048350890085344,31 neuregulin binding
REACTOME_PATHWAY,R-HSA-3000171~Non-integrin membrane-ECM interactions,10,1.9342359767891684,0.003560848725709616,"P05556, P17301, P05106, P06756, P16144, P23229, P18827, Q14118, P58400, P34741, Q9ULB1",443,81,11610,3.2355154251316782,0.9493178875014647,0.024602227559448256,0.020894236324411796,cluster_31,3.2048350890085344,31 neuregulin binding
GOTERM_MF_DIRECT,GO:0031994~insulin-like growth factor I binding,4,0.7736943907156674,0.004317052462584082,"P05106, P06756, P16144, P23229",512,13,19319,11.609975961538462,0.85851079060414,0.02098180336653769,0.016432651309191023,cluster_31,3.2048350890085344,31 neuregulin binding
GOTERM_BP_DIRECT,GO:0043589~skin morphogenesis,3,0.5802707930367506,0.03991710038616786,"P17301, P16144, P23229",517,12,19172,9.270793036750485,1.0,0.21261027556932016,0.1885527524958908,cluster_31,3.2048350890085344,31 neuregulin binding
UP_KW_BIOLOGICAL_PROCESS,KW-0914~Notch signaling pathway,16,3.0947775628626695,3.8332543639781035e-11,"Q9UM47, Q9NYJ7, Q9UQ52, Q12860, O00548, O14672, Q9NR61, Q9Y219, P78504, Q04721, Q99466, P46531, P05067",362,53,11630,9.69873866360888,1.571634933306143e-09,2.619390482051704e-10,2.2360650456538936e-10,cluster_32,3.144509275942873,32 Notch signaling pathway
GOTERM_BP_DIRECT,GO:0007219~Notch signaling pathway,18,3.481624758220503,2.9700474725597483e-08,"Q9UM47, Q9NYJ7, Q9UQ52, Q12860, O00548, O14672, Q9NR61, Q9Y219, P78504, Q04721, Q99466, P55285, P46531, P01589, P05067",517,122,19172,5.471287693819958,8.244512033428464e-05,9.929977995606386e-07,8.806369674662097e-07,cluster_32,3.144509275942873,32 Notch signaling pathway
REACTOME_PATHWAY,R-HSA-5083630~Defective LFNG causes SCDO3,7,1.3539651837524178,7.727421727005644e-08,"Q9UM47, Q04721, Q99466, P46531",443,8,11610,22.93171557562077,6.459916149903489e-05,1.4682101281310725e-06,1.2469248695850018e-06,cluster_32,3.144509275942873,32 Notch signaling pathway
REACTOME_PATHWAY,R-HSA-1912399~Pre-NOTCH Processing in the Endoplasmic Reticulum,7,1.3539651837524178,2.2436592005725142e-07,"Q9UM47, Q04721, Q99466, P46531",443,9,11610,20.38374717832957,0.00018755234007705734,3.99084913123111e-06,3.389357515758479e-06,cluster_32,3.144509275942873,32 Notch signaling pathway
GOTERM_BP_DIRECT,GO:0072015~podocyte development,7,1.3539651837524178,2.972910082816207e-07,"O60500, Q04721, O00592, P78504",517,12,19172,21.631850419084465,0.0008249395117457814,8.333157050318156e-06,7.3902340543542275e-06,cluster_32,3.144509275942873,32 Notch signaling pathway
REACTOME_PATHWAY,R-HSA-2979096~NOTCH2 Activation and Transmission of Signal to the Nucleus,10,1.9342359767891684,3.9398505812099714e-07,"Q12860, O00548, Q04721, O14672, Q9NR61, Q9Y219, P78504",443,27,11610,9.706546275395034,0.0003293173366215596,6.7218675222276245e-06,5.7087630870593464e-06,cluster_32,3.144509275942873,32 Notch signaling pathway
GOTERM_BP_DIRECT,GO:0006959~humoral immune response,12,2.321083172147002,5.019145101853015e-07,"Q15116, Q9NZC2, Q04721, P11836, P10747, P46531, P01920, P01375, O75509",517,60,19172,7.416634429400387,0.0013923448171808683,1.313974307324728e-05,1.1652939712887047e-05,cluster_32,3.144509275942873,32 Notch signaling pathway
REACTOME_PATHWAY,R-HSA-1980145~Signaling by NOTCH2,11,2.127659574468085,1.047480099086737e-06,"Q12860, P06734, O00548, Q04721, O14672, Q9NR61, Q9Y219, P78504",443,38,11610,7.586432220506118,0.0008753105135469452,1.717045809483357e-05,1.4582566085325163e-05,cluster_32,3.144509275942873,32 Notch signaling pathway
GOTERM_BP_DIRECT,GO:0045747~positive regulation of Notch signaling pathway,11,2.127659574468085,1.0477679771676464e-06,"P40189, Q9UQ52, O00548, Q04721, Q9NR61, P46531, P10721, Q9Y6N7, Q9Y219, P78504",517,52,19172,7.844517184942717,0.002904379533740231,2.4640306242713718e-05,2.1852177896691336e-05,cluster_32,3.144509275942873,32 Notch signaling pathway
REACTOME_PATHWAY,R-HSA-2660825~Signaling by NOTCH1 t(7;9)(NOTCH1:M1580_K2555) Translocation Mutant,6,1.160541586073501,1.5417118053980495e-06,"O00548, O14672, Q9NR61, P46531, Q9Y219, P78504",443,7,11610,22.463721380199935,0.001288041824015762,2.3901439970064955e-05,2.0299069831036027e-05,cluster_32,3.144509275942873,32 Notch signaling pathway
REACTOME_PATHWAY,R-HSA-2660826~Constitutive Signaling by NOTCH1 t(7;9)(NOTCH1:M1580_K2555) Translocation Mutant,6,1.160541586073501,1.5417118053980495e-06,"O00548, O14672, Q9NR61, P46531, Q9Y219, P78504",443,7,11610,22.463721380199935,0.001288041824015762,2.3901439970064955e-05,2.0299069831036027e-05,cluster_32,3.144509275942873,32 Notch signaling pathway
GOTERM_BP_DIRECT,GO:0045672~positive regulation of osteoclast differentiation,9,1.7408123791102514,2.001111069713872e-06,"Q9NZC2, Q04721, P80370, O14788, P01375, Q9Y6Q6",517,33,19172,10.1135924037278,0.0055396889070812305,4.4072089035365046e-05,3.908519319496698e-05,cluster_32,3.144509275942873,32 Notch signaling pathway
GOTERM_BP_DIRECT,GO:2001204~regulation of osteoclast development,5,0.9671179883945842,2.538590514991906e-06,"Q04721, Q6ZMC9",517,5,19172,37.08317214700193,0.0070223633768670135,5.418914368540414e-05,4.805747121073138e-05,cluster_32,3.144509275942873,32 Notch signaling pathway
GOTERM_BP_DIRECT,GO:0030097~hemopoiesis,12,2.321083172147002,3.3082546572923935e-06,"P16871, O00548, Q04721, Q99466, P28906, P10721, Q8IZU9, P78504, P36888",517,72,19172,6.180528691166989,0.009141688468521147,6.954853540898782e-05,6.167889933027712e-05,cluster_32,3.144509275942873,32 Notch signaling pathway
GOTERM_MF_DIRECT,GO:0005112~Notch binding,8,1.5473887814313347,3.695398949173097e-06,"Q9NYJ7, O00548, Q04721, Q99466, Q9NR61, P46531, Q9Y219, P78504",512,26,19319,11.609975961538462,0.001668929197507274,3.408816989849469e-05,2.6697372000148495e-05,cluster_32,3.144509275942873,32 Notch signaling pathway
GOTERM_BP_DIRECT,GO:0072104~glomerular capillary formation,5,0.9671179883945842,7.453171544269012e-06,"Q9UM47, Q04721",517,6,19172,30.902643455834948,0.020477510140510247,0.0001426382830023897,0.00012649831152031752,cluster_32,3.144509275942873,32 Notch signaling pathway
GOTERM_BP_DIRECT,GO:0002315~marginal zone B cell differentiation,6,1.160541586073501,9.38092641014911e-06,"O00548, Q04721, Q12864",517,12,19172,18.54158607350097,0.02570541642153712,0.0001770889169262842,0.00015705074758759835,cluster_32,3.144509275942873,32 Notch signaling pathway
GOTERM_BP_DIRECT,GO:0046849~bone remodeling,7,1.3539651837524178,1.0377177963036627e-05,"P17302, Q04721, O43921, P29317",517,20,19172,12.979110251450676,0.02839622400551245,0.00019288830155817324,0.00017106238203050967,cluster_32,3.144509275942873,32 Notch signaling pathway
GOTERM_BP_DIRECT,GO:0001709~cell fate determination,7,1.3539651837524178,1.4198802335299756e-05,"O00548, Q04721, Q99466, P78504",517,21,19172,12.361057382333977,0.03864944506136436,0.00025752729725788775,0.00022838727155014837,cluster_32,3.144509275942873,32 Notch signaling pathway
GOTERM_BP_DIRECT,GO:0003184~pulmonary valve morphogenesis,7,1.3539651837524178,1.4198802335299756e-05,"Q04721, P46531, Q9Y6N7, P78504",517,21,19172,12.361057382333977,0.03864944506136436,0.00025752729725788775,0.00022838727155014837,cluster_32,3.144509275942873,32 Notch signaling pathway
GOTERM_BP_DIRECT,GO:0048513~animal organ development,14,2.7079303675048356,1.4697987039100005e-05,"O75051, P56975, Q04721, Q9NR61, Q16288, O14511, Q03167, P21583, P29317, P78504, O14944",517,116,19172,4.475555259120923,0.03998072046632206,0.0002648500911266397,0.0002348814682027605,cluster_32,3.144509275942873,32 Notch signaling pathway
GOTERM_BP_DIRECT,GO:0002011~morphogenesis of an epithelial sheet,6,1.160541586073501,1.4906784858711448e-05,"Q04721, Q14118, P78504",517,13,19172,17.115310221693203,0.04053701647649477,0.0002651687691213094,0.0002351640867774928,cluster_32,3.144509275942873,32 Notch signaling pathway
GOTERM_BP_DIRECT,GO:0061073~ciliary body morphogenesis,5,0.9671179883945842,1.7019757635697537e-05,"Q04721, P78504",517,7,19172,26.487980105001384,0.04614847065821159,0.00029518642149412917,0.0002617851471340727,cluster_32,3.144509275942873,32 Notch signaling pathway
GOTERM_BP_DIRECT,GO:0071228~cellular response to tumor cell,5,0.9671179883945842,1.7019757635697537e-05,"Q04721, P46531",517,7,19172,26.487980105001384,0.04614847065821159,0.00029518642149412917,0.0002617851471340727,cluster_32,3.144509275942873,32 Notch signaling pathway
GOTERM_BP_DIRECT,GO:0051152~positive regulation of smooth muscle cell differentiation,6,1.160541586073501,2.2675693632041123e-05,"Q04721, Q99466, P46531",517,14,19172,15.89278806300083,0.06100811240949411,0.0003813639383570552,0.00033821140623304974,cluster_32,3.144509275942873,32 Notch signaling pathway
GOTERM_BP_DIRECT,GO:0048731~system development,12,2.321083172147002,2.6490645805871215e-05,"P54762, Q04721, Q9BX67, P54760, Q9NR61, Q16288, P16070, P78504, P26006",517,89,19172,4.999978267011497,0.07090009613800685,0.0004324208359487801,0.0003834910548720533,cluster_32,3.144509275942873,32 Notch signaling pathway
GOTERM_BP_DIRECT,GO:0072014~proximal tubule development,5,0.9671179883945842,3.331402730178347e-05,"O00548, Q04721",517,8,19172,23.17698259187621,0.08833372303981979,0.0005313012974853398,0.00047118288040051215,cluster_32,3.144509275942873,32 Notch signaling pathway
GOTERM_BP_DIRECT,GO:0003162~atrioventricular node development,5,0.9671179883945842,5.868833060620369e-05,"Q04721, P46531",517,9,19172,20.601762303889963,0.1503438890098806,0.0009149444799562655,0.000811415627089142,cluster_32,3.144509275942873,32 Notch signaling pathway
GOTERM_BP_DIRECT,GO:0070986~left/right axis specification,6,1.160541586073501,6.554769545301606e-05,"O00548, Q04721, P46531",517,17,19172,13.088178404824212,0.1663706220825406,0.0010105269715673308,0.0008961826583881807,cluster_32,3.144509275942873,32 Notch signaling pathway
GOTERM_BP_DIRECT,GO:0072574~hepatocyte proliferation,5,0.9671179883945842,9.573285371344565e-05,"Q04721, P01135",517,10,19172,18.541586073500966,0.23338236600280748,0.001428272414273181,0.0012666588870365039,cluster_32,3.144509275942873,32 Notch signaling pathway
REACTOME_PATHWAY,R-HSA-1912420~Pre-NOTCH Processing in Golgi,7,1.3539651837524178,9.80681382812883e-05,"Q9UM47, Q04721, Q99466, P46531",443,21,11610,8.735891647855532,0.07871789244433691,0.0011079049135561759,0.000940924029455604,cluster_32,3.144509275942873,32 Notch signaling pathway
REACTOME_PATHWAY,R-HSA-2122948~Activated NOTCH1 Transmits Signal to the Nucleus,8,1.5473887814313347,0.00013133921727668065,"Q12860, O00548, O14672, Q9NR61, P46531, P80370, Q9Y219, P78504",443,31,11610,6.763270953178474,0.10399276993478734,0.0014076869954269874,0.0011955236444415802,cluster_32,3.144509275942873,32 Notch signaling pathway
GOTERM_BP_DIRECT,GO:0030513~positive regulation of BMP signaling pathway,8,1.5473887814313347,0.0001365980258807801,"P35968, Q04721, P17813, P33151, P46531",517,43,19172,6.899194818046872,0.3156063539128806,0.0020056059355511363,0.0017786652999608457,cluster_32,3.144509275942873,32 Notch signaling pathway
GOTERM_BP_DIRECT,GO:0009967~positive regulation of signal transduction,8,1.5473887814313347,0.0001365980258807801,"Q04721, P33681, Q9Y653, P46531, P42081",517,43,19172,6.899194818046872,0.3156063539128806,0.0020056059355511363,0.0017786652999608457,cluster_32,3.144509275942873,32 Notch signaling pathway
REACTOME_PATHWAY,R-HSA-2691230~Signaling by NOTCH1 HD Domain Mutants in Cancer,6,1.160541586073501,0.00017104265302956152,"O00548, O14672, Q9NR61, P46531, Q9Y219, P78504",443,15,11610,10.483069977426636,0.13324930117959233,0.0017438007064965052,0.001480979068914496,cluster_32,3.144509275942873,32 Notch signaling pathway
REACTOME_PATHWAY,R-HSA-2691232~Constitutive Signaling by NOTCH1 HD Domain Mutants,6,1.160541586073501,0.00017104265302956152,"O00548, O14672, Q9NR61, P46531, Q9Y219, P78504",443,15,11610,10.483069977426636,0.13324930117959233,0.0017438007064965052,0.001480979068914496,cluster_32,3.144509275942873,32 Notch signaling pathway
GOTERM_BP_DIRECT,GO:1990705~cholangiocyte proliferation,4,0.7736943907156674,0.0001861599834696794,Q04721,517,5,19172,29.666537717601546,0.40359077116326103,0.002557395812516635,0.002268018412469708,cluster_32,3.144509275942873,32 Notch signaling pathway
GOTERM_BP_DIRECT,GO:0035622~intrahepatic bile duct development,4,0.7736943907156674,0.0001861599834696794,Q04721,517,5,19172,29.666537717601546,0.40359077116326103,0.002557395812516635,0.002268018412469708,cluster_32,3.144509275942873,32 Notch signaling pathway
GOTERM_BP_DIRECT,GO:0002437~inflammatory response to antigenic stimulus,6,1.160541586073501,0.00019717542885676833,"Q04721, P46531, P01589",517,21,19172,10.595192042000551,0.42155566529160327,0.00269537839939671,0.0023903878345640736,cluster_32,3.144509275942873,32 Notch signaling pathway
GOTERM_BP_DIRECT,GO:1902895~positive regulation of miRNA transcription,9,1.7408123791102514,0.0002459368236395179,"Q9UM47, Q04721, P36894, P00533, P08138, P01375",517,62,19172,5.383041118113184,0.49480186961816464,0.003265429117701733,0.002895935516635663,cluster_32,3.144509275942873,32 Notch signaling pathway
REACTOME_PATHWAY,R-HSA-9013507~NOTCH3 Activation and Transmission of Signal to the Nucleus,7,1.3539651837524178,0.00028118439728112577,"Q9UM47, O00548, O14672, Q9NR61, P00533, Q9Y219, P78504",443,25,11610,7.338148984198646,0.20951074204812714,0.0026412377092923725,0.002243156427748307,cluster_32,3.144509275942873,32 Notch signaling pathway
REACTOME_PATHWAY,R-HSA-3906995~Diseases associated with O-glycosylation of proteins,11,2.127659574468085,0.0004674255023653398,"Q9UM47, Q8WXI7, Q04721, Q9P283, Q99466, Q14118, P46531, Q13591",443,74,11610,3.895735464584223,0.32352451894244727,0.00415710340401515,0.0035305543263765026,cluster_32,3.144509275942873,32 Notch signaling pathway
REACTOME_PATHWAY,R-HSA-9012852~Signaling by NOTCH3,9,1.7408123791102514,0.0004730016939489534,"Q9UM47, O00548, Q9Y4D7, O14672, Q9NR61, P46531, P00533, Q9Y219, P78504",443,49,11610,4.813654581471414,0.32667217974828344,0.0041624149067507905,0.0035350652916184937,cluster_32,3.144509275942873,32 Notch signaling pathway
GOTERM_BP_DIRECT,GO:0009887~animal organ morphogenesis,11,2.127659574468085,0.0004965354497769002,"P21802, P20702, P17301, Q04721, O14786, P52799, Q9H2E6, O14944",517,104,19172,3.9222585924713584,0.7481004116402366,0.00588840116722606,0.005222110008123723,cluster_32,3.144509275942873,32 Notch signaling pathway
GOTERM_BP_DIRECT,GO:0060413~atrial septum morphogenesis,5,0.9671179883945842,0.0007295491689018384,"P36382, Q04721",517,16,19172,11.588491295938105,0.8681338128461381,0.008130517846195187,0.007210524115130218,cluster_32,3.144509275942873,32 Notch signaling pathway
GOTERM_BP_DIRECT,GO:0046579~positive regulation of Ras protein signal transduction,6,1.160541586073501,0.0008152736122241282,"Q04721, P46531, P21583",517,28,19172,7.946394031500415,0.8960788263296255,0.008977715372706174,0.007961858570172934,cluster_32,3.144509275942873,32 Notch signaling pathway
REACTOME_PATHWAY,R-HSA-350054~Notch-HLH transcription pathway,7,1.3539651837524178,0.0009632911433871636,"Q9UM47, Q04721, Q99466, P46531",443,31,11610,5.917862084031166,0.553224710941363,0.007669632341634941,0.006513682969570344,cluster_32,3.144509275942873,32 Notch signaling pathway
REACTOME_PATHWAY,R-HSA-9013695~NOTCH4 Intracellular Domain Regulates Transcription,6,1.160541586073501,0.0018236718954913011,"Q04721, Q99466, P46531",443,24,11610,6.551918735891649,0.7825924492404646,0.01398706151037365,0.011878963722924988,cluster_32,3.144509275942873,32 Notch signaling pathway
REACTOME_PATHWAY,R-HSA-2197563~NOTCH2 intracellular domain regulates transcription,5,0.9671179883945842,0.0020243470467514848,"P06734, Q04721",443,15,11610,8.73589164785553,0.8162298344440347,0.015385037555311284,0.01306624002903231,cluster_32,3.144509275942873,32 Notch signaling pathway
GOTERM_BP_DIRECT,GO:0043011~myeloid dendritic cell differentiation,5,0.9671179883945842,0.002156438019864138,"Q04721, P36941",517,21,19172,8.829326701667128,0.9975031759870266,0.019814952003718484,0.017572827704919348,cluster_32,3.144509275942873,32 Notch signaling pathway
GOTERM_BP_DIRECT,GO:0010838~positive regulation of keratinocyte proliferation,5,0.9671179883945842,0.002156438019864138,"Q04721, P22223",517,21,19172,8.829326701667128,0.9975031759870266,0.019814952003718484,0.017572827704919348,cluster_32,3.144509275942873,32 Notch signaling pathway
GOTERM_BP_DIRECT,GO:0030509~BMP signaling pathway,9,1.7408123791102514,0.0027340955328130846,"O00238, Q04721, P17813, Q30201, Q03167, P36894",517,89,19172,3.749983700258623,0.9994996705799732,0.024239984356409935,0.021497153694099047,cluster_32,3.144509275942873,32 Notch signaling pathway
GOTERM_BP_DIRECT,GO:0002085~inhibition of neuroepithelial cell differentiation,3,0.5802707930367506,0.004184533676910623,"O00548, P46531, P78504",517,4,19172,27.812379110251452,0.9999911989350714,0.034457213511652755,0.030558271153937812,cluster_32,3.144509275942873,32 Notch signaling pathway
REACTOME_PATHWAY,R-HSA-3781865~Diseases of glycosylation,14,2.7079303675048356,0.005029092962872452,"Q8WXI7, Q9UM47, Q04721, Q9P283, Q99466, Q6UVK1, P18827, Q14118, P46531, Q13591, P34741",443,151,11610,2.4298506570194194,0.9852266331796694,0.0328462634137607,0.02789575002843313,cluster_32,3.144509275942873,32 Notch signaling pathway
GOTERM_BP_DIRECT,GO:0060674~placenta blood vessel development,4,0.7736943907156674,0.006928190604375869,Q04721,517,15,19172,9.888845905867182,0.9999999958476451,0.05238618236278756,0.04645852064678205,cluster_32,3.144509275942873,32 Notch signaling pathway
GOTERM_BP_DIRECT,GO:0030326~embryonic limb morphogenesis,6,1.160541586073501,0.006971819368808252,"P36382, P11362, Q04721",517,45,19172,4.944422952933591,0.9999999963244067,0.05257282268598614,0.04662404202890519,cluster_32,3.144509275942873,32 Notch signaling pathway
REACTOME_PATHWAY,R-HSA-9013700~NOTCH4 Activation and Transmission of Signal to the Nucleus,4,0.7736943907156674,0.007196292560353825,"Q99466, O14672, Q9NR61, P78504",443,11,11610,9.530063615842396,0.9976133195351181,0.045576519548907554,0.03870733119584254,cluster_32,3.144509275942873,32 Notch signaling pathway
REACTOME_PATHWAY,R-HSA-9013694~Signaling by NOTCH4,9,1.7408123791102514,0.008108985387418059,"Q04721, Q99466, O14672, Q9NR61, P46531, P78504",443,76,11610,3.103540453843412,0.998893714355278,0.05097076529234208,0.04328856860952497,cluster_32,3.144509275942873,32 Notch signaling pathway
GOTERM_BP_DIRECT,GO:0001947~heart looping,7,1.3539651837524178,0.009882977971649227,"O00548, Q04721, P17813, P46531",517,68,19172,3.8173853680737286,0.9999999999989388,0.0710846592714258,0.06304120593404645,cluster_32,3.144509275942873,32 Notch signaling pathway
REACTOME_PATHWAY,R-HSA-157118~Signaling by NOTCH,17,3.2882011605415857,0.0166468731394019,"Q9UM47, Q12860, P06734, O00548, O14672, Q9NR61, P80370, Q9Y219, P78504, Q9Y4D7, Q04721, Q99466, P46531, P00533",443,233,11610,1.9121479572559317,0.999999196206329,0.09597783410027577,0.08151227537224377,cluster_32,3.144509275942873,32 Notch signaling pathway
GOTERM_BP_DIRECT,GO:0003180~aortic valve morphogenesis,5,0.9671179883945842,0.01697625966702488,"P20827, Q9NR61, P46531, Q9Y6N7, P78504",517,37,19172,5.011239479324586,1.0,0.1121645727999858,0.09947279771559102,cluster_32,3.144509275942873,32 Notch signaling pathway
GOTERM_BP_DIRECT,GO:0042742~defense response to bacterium,11,2.127659574468085,0.02105662280745693,"P19438, P06734, Q9NZC2, Q04721, P12314, P16150, P25090, Q29983",517,176,19172,2.3176982591876207,1.0,0.13160389254660582,0.11671249713772862,cluster_32,3.144509275942873,32 Notch signaling pathway
UP_KW_DISEASE,KW-1285~Osteoporosis,4,0.7736943907156674,0.021550157546848754,Q04721,151,20,4928,6.5271523178807955,0.7352398450303653,0.2629119220715548,0.2542918590528153,cluster_32,3.144509275942873,32 Notch signaling pathway
REACTOME_PATHWAY,R-HSA-1980143~Signaling by NOTCH1,8,1.5473887814313347,0.02220558587245299,"Q12860, O00548, O14672, Q9NR61, P46531, P80370, Q9Y219, P78504",443,74,11610,2.833262156061253,0.999999992970031,0.12458973013000471,0.10581185214390351,cluster_32,3.144509275942873,32 Notch signaling pathway
GOTERM_BP_DIRECT,GO:0097150~neuronal stem cell population maintenance,4,0.7736943907156674,0.02578266015832543,"O00548, P46531, P19022, P78504",517,24,19172,6.180528691166989,1.0,0.15320531464529566,0.1358696502133595,cluster_32,3.144509275942873,32 Notch signaling pathway
GOTERM_BP_DIRECT,GO:0001701~in utero embryonic development,13,2.5145067698259185,0.02970950212362519,"P21802, P16234, P05556, P11362, Q04721, O14672, P46531, P36894, Q14574, Q9Y219",517,240,19172,2.008671824629271,1.0,0.1721166354761167,0.15264109546188223,cluster_32,3.144509275942873,32 Notch signaling pathway
GOTERM_BP_DIRECT,GO:0060411~cardiac septum morphogenesis,3,0.5802707930367506,0.060241887392132834,"Q04721, P46531, P78504",517,15,19172,7.416634429400387,1.0,0.29022784290480663,0.25738764734728975,cluster_32,3.144509275942873,32 Notch signaling pathway
GOTERM_MF_DIRECT,GO:0051059~NF-kappaB binding,4,0.7736943907156674,0.06907199931002461,Q04721,512,36,19319,4.192491319444445,0.9999999999999911,0.2517785781300897,0.19718941738507026,cluster_32,3.144509275942873,32 Notch signaling pathway
REACTOME_PATHWAY,R-HSA-2644602~Signaling by NOTCH1 PEST Domain Mutants in Cancer,6,1.160541586073501,0.06908571142092008,"O00548, O14672, Q9NR61, P46531, Q9Y219, P78504",443,58,11610,2.7111387872655093,1.0,0.32446997049375953,0.2755666017351307,cluster_32,3.144509275942873,32 Notch signaling pathway
REACTOME_PATHWAY,R-HSA-2644603~Signaling by NOTCH1 in Cancer,6,1.160541586073501,0.06908571142092008,"O00548, O14672, Q9NR61, P46531, Q9Y219, P78504",443,58,11610,2.7111387872655093,1.0,0.32446997049375953,0.2755666017351307,cluster_32,3.144509275942873,32 Notch signaling pathway
REACTOME_PATHWAY,R-HSA-2644606~Constitutive Signaling by NOTCH1 PEST Domain Mutants,6,1.160541586073501,0.06908571142092008,"O00548, O14672, Q9NR61, P46531, Q9Y219, P78504",443,58,11610,2.7111387872655093,1.0,0.32446997049375953,0.2755666017351307,cluster_32,3.144509275942873,32 Notch signaling pathway
REACTOME_PATHWAY,R-HSA-2894858~Signaling by NOTCH1 HD+PEST Domain Mutants in Cancer,6,1.160541586073501,0.06908571142092008,"O00548, O14672, Q9NR61, P46531, Q9Y219, P78504",443,58,11610,2.7111387872655093,1.0,0.32446997049375953,0.2755666017351307,cluster_32,3.144509275942873,32 Notch signaling pathway
REACTOME_PATHWAY,R-HSA-2894862~Constitutive Signaling by NOTCH1 HD+PEST Domain Mutants,6,1.160541586073501,0.06908571142092008,"O00548, O14672, Q9NR61, P46531, Q9Y219, P78504",443,58,11610,2.7111387872655093,1.0,0.32446997049375953,0.2755666017351307,cluster_32,3.144509275942873,32 Notch signaling pathway
REACTOME_PATHWAY,R-HSA-1912408~Pre-NOTCH Transcription and Translation,7,1.3539651837524178,0.16994356799538865,"Q9UM47, Q04721, Q99466, P46531",443,98,11610,1.871976781683328,1.0,0.6863421393436953,0.5828982283899804,cluster_32,3.144509275942873,32 Notch signaling pathway
REACTOME_PATHWAY,R-HSA-5668914~Diseases of metabolism,15,2.9013539651837523,0.17974525592077822,"Q8WXI7, Q9UM47, Q04721, Q9NPF0, Q9P283, Q99466, Q6UVK1, P18827, Q14118, P46531, Q13591, P34741",443,279,11610,1.4090147819121825,1.0,0.6989164369756772,0.5935773567616397,cluster_32,3.144509275942873,32 Notch signaling pathway
GOTERM_BP_DIRECT,GO:0035264~multicellular organism growth,6,1.160541586073501,0.24717208881368175,"Q04721, Q96PX8, Q9H5Y7",517,125,19172,1.779992263056093,1.0,0.7335856111849912,0.6505780861716266,cluster_32,3.144509275942873,32 Notch signaling pathway
REACTOME_PATHWAY,R-HSA-1912422~Pre-NOTCH Expression and Processing,7,1.3539651837524178,0.26724260806150313,"Q9UM47, Q04721, Q99466, P46531",443,114,11610,1.6092431982891768,1.0,0.9194025528371054,0.7808323116200296,cluster_32,3.144509275942873,32 Notch signaling pathway
REACTOME_PATHWAY,R-HSA-9945266~Differentiation of T cells,6,1.160541586073501,0.27274821225363566,"Q04721, P46531, P01375",443,92,11610,1.7091961919717342,1.0,0.9329996780646146,0.7923801093610962,cluster_32,3.144509275942873,32 Notch signaling pathway
REACTOME_PATHWAY,R-HSA-9976102~Differentiation of naive CD4+ T cells to T helper 2 cells (Th2 cells),5,0.9671179883945842,0.3631723375589329,"Q04721, P46531",443,80,11610,1.637979683972912,1.0,1.0,0.8502994011976048,cluster_32,3.144509275942873,32 Notch signaling pathway
GOTERM_MF_DIRECT,GO:0003713~transcription coactivator activity,7,1.3539651837524178,0.8253594288615926,"Q04721, Q99466, P46531, Q9NZQ7",512,307,19319,0.860348381514658,1.0,1.0,0.8253594288615926,cluster_32,3.144509275942873,32 Notch signaling pathway
GOTERM_CC_DIRECT,GO:0005929~cilium,10,1.9342359767891684,0.8935151025669723,"P16234, Q9UBY5, Q04721, P00533, Q9Y6N7, Q92823, P30542",517,501,20299,0.7836937343880904,1.0,1.0,0.8935151025669723,cluster_32,3.144509275942873,32 Notch signaling pathway
UP_KW_DOMAIN,KW-0040~ANK repeat,7,1.3539651837524178,0.9119113386823456,"Q9UM47, Q04721, Q99466, P46531",517,267,14674,0.7441230376922464,0.9999999999999983,1.0,0.9119113386823456,cluster_32,3.144509275942873,32 Notch signaling pathway
GOTERM_BP_DIRECT,GO:0000122~negative regulation of transcription by RNA polymerase II,21,4.061895551257253,0.9738862590576196,"Q9UM47, P48023, Q9NR61, Q9NT68, P21802, P11362, P17813, Q04721, P20827, Q99466, P46531, P08575, O14788, P05067, Q92854, P43489, P01375, P23510",517,1082,19172,0.719728849433494,1.0,1.0,0.9738862590576196,cluster_32,3.144509275942873,32 Notch signaling pathway
UP_KW_MOLECULAR_FUNCTION,KW-0010~Activator,10,1.9342359767891684,0.9951201738832749,"Q9UM47, Q15303, Q04721, Q99466, P04626, P46531, P00533",300,733,12067,0.5487494315597999,1.0,1.0,0.9951201738832749,cluster_32,3.144509275942873,32 Notch signaling pathway
GOTERM_BP_DIRECT,GO:0006355~regulation of DNA-templated transcription,6,1.160541586073501,0.999999999999971,"Q9UM47, Q04721, P17813, Q99466, P29274, P46531",517,1525,19172,0.1459010051685322,1.0,1.0,0.999999999999971,cluster_32,3.144509275942873,32 Notch signaling pathway
GOTERM_CC_DIRECT,GO:0005634~nucleus,29,5.609284332688588,1.0,"Q06481, P05106, O94985, P21802, Q9NT68, Q99466, Q02413, Q9UM47, P35968, Q15303, P04626, P48023, Q02297, Q8N6F1, P17302, P16234, P11362, Q6N022, Q04721, P16150, P46531, Q9UKZ4, P00533, P98172, P05067, P04233",517,6773,20299,0.1681128933548585,1.0,1.0,1.0,cluster_32,3.144509275942873,32 Notch signaling pathway
UP_KW_BIOLOGICAL_PROCESS,KW-0804~Transcription,14,2.7079303675048356,1.0,"Q9NT68, Q9UM47, Q15303, P11362, Q04721, Q99466, P04626, P48023, P46531, Q9UKZ4, P00533",362,2512,11630,0.17905215188091633,1.0,1.0,1.0,cluster_32,3.144509275942873,32 Notch signaling pathway
UP_KW_BIOLOGICAL_PROCESS,KW-0805~Transcription regulation,14,2.7079303675048356,1.0,"Q9NT68, Q9UM47, Q15303, P11362, Q04721, Q99466, P04626, P48023, P46531, Q9UKZ4, P00533",362,2441,11630,0.18426014155053744,1.0,1.0,1.0,cluster_32,3.144509275942873,32 Notch signaling pathway
UP_KW_CELLULAR_COMPONENT,KW-0539~Nucleus,26,5.029013539651837,1.0,"Q06481, Q9UM47, Q9UHP7, P35968, Q15303, P04626, O94985, Q14118, P48023, Q02297, Q9NT68, P11362, Q6N022, Q04721, Q99466, Q02413, P16150, P46531, Q9NZQ7, Q9UKZ4, P00533, P98172, P05067",517,5987,18225,0.15308797688350548,1.0,1.0,1.0,cluster_32,3.144509275942873,32 Notch signaling pathway
GOTERM_MF_DIRECT,GO:0019770~IgG receptor activity,8,1.5473887814313347,6.802356258040433e-11,"P08637, Q92637, P12318, P12314, O75015, P31995, P31994",512,8,19319,37.732421875,3.0746660772962287e-08,1.2298660114537102e-09,9.632136461385254e-10,cluster_33,3.0762025066342376,33 IgG receptor activity
UP_KW_MOLECULAR_FUNCTION,KW-0390~IgG-binding protein,8,1.5473887814313347,6.023141853174321e-10,"P08637, Q92637, P12318, P12314, O75015, P31995, P31994",300,10,12067,32.17866666666667,2.168331092455844e-08,3.097615810203937e-09,2.4092567412697284e-09,cluster_33,3.0762025066342376,33 IgG receptor activity
GOTERM_BP_DIRECT,GO:0001788~antibody-dependent cellular cytotoxicity,8,1.5473887814313347,1.099407657175116e-09,"P08637, Q92637, P12318, P12314, O75015, P31995, P31994",517,10,19172,29.666537717601546,3.0519510531012983e-06,4.4865533068543335e-08,3.9788856533940586e-08,cluster_33,3.0762025066342376,33 IgG receptor activity
GOTERM_BP_DIRECT,GO:0038094~Fc-gamma receptor signaling pathway,8,1.5473887814313347,5.2426904378722995e-08,"P08637, P20138, Q92637, P12318, P12314, O75015, P31995, P31994",517,15,19172,19.777691811734364,0.00014552650034682646,1.731960233939956e-06,1.5359834723337773e-06,cluster_33,3.0762025066342376,33 IgG receptor activity
GOTERM_MF_DIRECT,GO:0019864~IgG binding,8,1.5473887814313347,8.088298245692377e-08,"P08637, Q92637, P12318, P12314, O75015, P31995, P31994",512,16,19319,18.8662109375,3.6558441257494856e-05,1.0445459448722728e-06,8.180735939928861e-07,cluster_33,3.0762025066342376,33 IgG receptor activity
REACTOME_PATHWAY,R-HSA-2029481~FCGR activation,3,0.5802707930367506,0.803038166209679,"P08637, P12318, P12314",443,78,11610,1.0079874978294843,1.0,1.0,0.8502994011976048,cluster_33,3.0762025066342376,33 IgG receptor activity
REACTOME_PATHWAY,R-HSA-2029485~Role of phospholipids in phagocytosis,3,0.5802707930367506,0.8664662480015557,"P08637, P12318, P12314",443,91,11610,0.8639892838538435,1.0,1.0,0.8664662480015557,cluster_33,3.0762025066342376,33 IgG receptor activity
REACTOME_PATHWAY,R-HSA-9664323~FCGR3A-mediated IL10 synthesis,3,0.5802707930367506,0.9160915385824988,"P08637, P12318, P12314",443,106,11610,0.7417266493462242,1.0,1.0,0.9160915385824988,cluster_33,3.0762025066342376,33 IgG receptor activity
REACTOME_PATHWAY,R-HSA-9662851~Anti-inflammatory response favouring Leishmania parasite infection,4,0.7736943907156674,0.9182862481264064,"P08637, P12318, P29275, P12314",443,145,11610,0.7229703432708025,1.0,1.0,0.9182862481264064,cluster_33,3.0762025066342376,33 IgG receptor activity
REACTOME_PATHWAY,R-HSA-9664433~Leishmania parasite growth and survival,4,0.7736943907156674,0.9182862481264064,"P08637, P12318, P29275, P12314",443,145,11610,0.7229703432708025,1.0,1.0,0.9182862481264064,cluster_33,3.0762025066342376,33 IgG receptor activity
REACTOME_PATHWAY,R-HSA-9658195~Leishmania infection,6,1.160541586073501,0.9428903966722159,"P08637, P12318, P49961, P29275, P12314, P05067",443,231,11610,0.6807188297030283,1.0,1.0,0.9428903966722159,cluster_33,3.0762025066342376,33 IgG receptor activity
REACTOME_PATHWAY,R-HSA-9824443~Parasitic Infection Pathways,6,1.160541586073501,0.9428903966722159,"P08637, P12318, P49961, P29275, P12314, P05067",443,231,11610,0.6807188297030283,1.0,1.0,0.9428903966722159,cluster_33,3.0762025066342376,33 IgG receptor activity
REACTOME_PATHWAY,R-HSA-2029482~Regulation of actin dynamics for phagocytic cup formation,3,0.5802707930367506,0.957202612798711,"P08637, P12318, P12314",443,127,11610,0.6190789356748013,1.0,1.0,0.957202612798711,cluster_33,3.0762025066342376,33 IgG receptor activity
REACTOME_PATHWAY,R-HSA-2029480~Fcgamma receptor (FCGR) dependent phagocytosis,3,0.5802707930367506,0.9813030371798135,"P08637, P12318, P12314",443,152,11610,0.5172567423072353,1.0,1.0,0.9813030371798135,cluster_33,3.0762025066342376,33 IgG receptor activity
GOTERM_BP_DIRECT,GO:0001973~G protein-coupled adenosine receptor signaling pathway,5,0.9671179883945842,5.868833060620369e-05,"Q02246, P29274, P0DMS8, P29275, P30542",517,9,19172,20.601762303889963,0.1503438890098806,0.0009149444799562655,0.000811415627089142,cluster_34,3.0249496945136953,34 G protein-coupled adenosine receptor signaling pathway
GOTERM_MF_DIRECT,GO:0001609~G protein-coupled adenosine receptor activity,4,0.7736943907156674,0.00017681942038684512,"P29274, P0DMS8, P29275, P30542",512,5,19319,30.1859375,0.07681852062228445,0.001125667295983859,0.0008816066875625798,cluster_34,3.0249496945136953,34 G protein-coupled adenosine receptor signaling pathway
REACTOME_PATHWAY,R-HSA-417973~Adenosine P1 receptors,4,0.7736943907156674,0.0002130549235725308,"P29274, P0DMS8, P29275, P30542",443,4,11610,26.20767494356659,0.16316879276452445,0.002095457836548656,0.0017796352439587869,cluster_34,3.0249496945136953,34 G protein-coupled adenosine receptor signaling pathway
GOTERM_BP_DIRECT,GO:0042311~vasodilation,7,1.3539651837524178,0.0026324464891738556,"P36382, P16284, P29274, P29275, P56199, P30542, P01375",517,52,19172,4.991965481327184,0.9993360521126984,0.02371765911512159,0.021033931200833956,cluster_34,3.0249496945136953,34 G protein-coupled adenosine receptor signaling pathway
GOTERM_BP_DIRECT,GO:0099171~presynaptic modulation of chemical synaptic transmission,6,1.160541586073501,0.005738723132332173,"Q9Y4C0, P29274, P0DMS8, P29275, Q9P2S2, P58401, Q9HDB5, P08138",517,43,19172,5.1743961135351535,0.9999998847983744,0.045630248401781606,0.040467041915958395,cluster_34,3.0249496945136953,34 G protein-coupled adenosine receptor signaling pathway
REACTOME_PATHWAY,R-HSA-418038~Nucleotide-like (purinergic) receptors,4,0.7736943907156674,0.021210637164263073,"P29274, P0DMS8, P29275, P30542",443,16,11610,6.551918735891648,0.9999999835485031,0.11981143695489141,0.10175373234207286,cluster_34,3.0249496945136953,34 G protein-coupled adenosine receptor signaling pathway
GOTERM_BP_DIRECT,"GO:0099557~trans-synaptic signaling by trans-synaptic complex, modulating synaptic transmission",4,0.7736943907156674,0.0006257520737140893,"Q9Y4C0, Q15768, P58400, Q9HDB5, O43424, Q9ULB1",517,7,19172,21.190384084001106,0.8240633824914068,0.007216376813562151,0.006399821022766289,cluster_35,2.5239803225239994,"35 trans-synaptic signaling by trans-synaptic complex, modulating synaptic transmission"
GOTERM_CC_DIRECT,GO:0098820~trans-synaptic protein complex,4,0.7736943907156674,0.0008313693033936431,"Q9Y4C0, P58400, Q9P2S2, P58401, Q9HDB5, O43424, Q9ULB1",517,8,20299,19.631528046421664,0.258750074891811,0.0042153936510100215,0.0032083829454909608,cluster_35,2.5239803225239994,"35 trans-synaptic signaling by trans-synaptic complex, modulating synaptic transmission"
GOTERM_MF_DIRECT,GO:0030545~signaling receptor regulator activity,3,0.5802707930367506,0.051506584255814926,"Q9Y4C0, P58400, Q9HDB5, O43424, Q9ULB1",512,14,19319,8.085518973214286,0.9999999999583598,0.19183536061778228,0.15024273818295336,cluster_35,2.5239803225239994,"35 trans-synaptic signaling by trans-synaptic complex, modulating synaptic transmission"
GOTERM_CC_DIRECT,GO:0005921~gap junction,8,1.5473887814313347,8.06822708632688e-06,"P36383, P17302, Q9Y6H8, P36382, O75712, P29033, P08034, Q08554",517,30,20299,10.470148291424888,0.0029003592760851182,5.585695675149379e-05,4.2513350416414714e-05,cluster_36,2.4702530464655976,36 gap junction
GOTERM_CC_DIRECT,GO:0005922~connexin complex,7,1.3539651837524178,1.0274836089718813e-05,"P36383, P17302, Q9Y6H8, P36382, O75712, P29033, P08034",517,21,20299,13.087685364281109,0.003692127270170542,6.979133947733533e-05,5.311896393552745e-05,cluster_36,2.4702530464655976,36 gap junction
GOTERM_MF_DIRECT,GO:0005243~gap junction channel activity,7,1.3539651837524178,2.2882223459967224e-05,"P36383, P17302, Q9Y6H8, P36382, O75712, P29033, P08034",512,23,19319,11.483780570652174,0.010289579650103575,0.0001783235345500894,0.00013966046732462754,cluster_36,2.4702530464655976,36 gap junction
GOTERM_BP_DIRECT,GO:0016264~gap junction assembly,5,0.9671179883945842,3.331402730178347e-05,"P36383, P17302, P36382, P29033, P08034",517,8,19172,23.17698259187621,0.08833372303981979,0.0005313012974853398,0.00047118288040051215,cluster_36,2.4702530464655976,36 gap junction
UP_KW_CELLULAR_COMPONENT,KW-0303~Gap junction,7,1.3539651837524178,4.360529852056699e-05,"P36383, P17302, Q9Y6H8, P36382, O75712, P29033, P08034",517,24,18225,10.281673114119922,0.0012637819826146757,0.00011495942337240388,0.00011495942337240388,cluster_36,2.4702530464655976,36 gap junction
GOTERM_MF_DIRECT,GO:0055077~gap junction hemi-channel activity,3,0.5802707930367506,0.004044071715158348,"P17302, Q9Y6H8, P36382",512,4,19319,28.29931640625,0.8398471378039216,0.02008703753023707,0.015731883375451155,cluster_36,2.4702530464655976,36 gap junction
REACTOME_PATHWAY,R-HSA-190704~Oligomerization of connexins into connexons,3,0.5802707930367506,0.004229017158274107,"P17302, P29033, P08034",443,3,11610,26.207674943566595,0.9710722878425467,0.02832517074176953,0.024056066060593743,cluster_36,2.4702530464655976,36 gap junction
REACTOME_PATHWAY,R-HSA-190827~Transport of connexins along the secretory pathway,3,0.5802707930367506,0.004229017158274107,"P17302, P29033, P08034",443,3,11610,26.207674943566595,0.9710722878425467,0.02832517074176953,0.024056066060593743,cluster_36,2.4702530464655976,36 gap junction
REACTOME_PATHWAY,R-HSA-190861~Gap junction assembly,7,1.3539651837524178,0.00426910468117579,"P36383, P17302, Q9Y6H8, P36382, O75712, P29033, P08034",443,41,11610,4.474481087926004,0.9720296825290952,0.02832517074176953,0.024056066060593743,cluster_36,2.4702530464655976,36 gap junction
REACTOME_PATHWAY,R-HSA-190828~Gap junction trafficking,7,1.3539651837524178,0.013626095634485288,"P36383, P17302, Q9Y6H8, P36382, O75712, P29033, P08034",443,52,11610,3.527956242403195,0.9999895586692064,0.08079018404560072,0.06861367305308196,cluster_36,2.4702530464655976,36 gap junction
GOTERM_BP_DIRECT,GO:0010644~cell communication by electrical coupling,3,0.5802707930367506,0.013879536306638048,"P17302, P36382, P29033",517,7,19172,15.89278806300083,1.0,0.09325838559544936,0.08270590520735166,cluster_36,2.4702530464655976,36 gap junction
REACTOME_PATHWAY,R-HSA-157858~Gap junction trafficking and regulation,7,1.3539651837524178,0.01622742124633417,"P36383, P17302, Q9Y6H8, P36382, O75712, P29033, P08034",443,54,11610,3.397291196388262,0.9999988518989444,0.0942091955689956,0.0800102019784532,cluster_36,2.4702530464655976,36 gap junction
UP_KW_DISEASE,KW-1007~Palmoplantar keratoderma,4,0.7736943907156674,0.12091337932665801,"P17302, O75712, P29033, Q02413",151,40,4928,3.2635761589403978,0.9996145820918895,0.6224539614593114,0.6020456348540881,cluster_36,2.4702530464655976,36 gap junction
REACTOME_PATHWAY,R-HSA-199991~Membrane Trafficking,18,3.481624758220503,0.9625028700086845,"O75712, P29033, P13987, Q99075, P36383, P17302, Q9Y6H8, P36382, P16871, P08174, P00533, P08034, P35070, P01730, P02786, P05067, P01135, O14944",443,646,11610,0.7302448126690382,1.0,1.0,0.9625028700086845,cluster_36,2.4702530464655976,36 gap junction
GOTERM_BP_DIRECT,GO:0055085~transmembrane transport,9,1.7408123791102514,0.9896820512230134,"P36383, P17302, Q9Y6H8, P36382, O75712, Q12864, P29033, P22001, P08034",517,583,19172,0.5724674945506302,1.0,1.0,0.9896820512230134,cluster_36,2.4702530464655976,36 gap junction
REACTOME_PATHWAY,R-HSA-5653656~Vesicle-mediated transport,18,3.481624758220503,0.994789250191361,"O75712, P29033, P13987, Q99075, P36383, P17302, Q9Y6H8, P36382, P16871, P08174, P00533, P08034, P35070, P01730, P02786, P05067, P01135, O14944",443,754,11610,0.6256474124458868,1.0,1.0,0.994789250191361,cluster_36,2.4702530464655976,36 gap junction
GOTERM_BP_DIRECT,GO:0035025~positive regulation of Rho protein signal transduction,9,1.7408123791102514,1.5523339108875312e-06,"Q9Y624, P04626, Q9HBW0, O43157, Q9Y653, Q9Y6N7, Q92854, Q9BZR6, Q92633",517,32,19172,10.429642166344294,0.004300010647189323,3.5601046303412385e-05,3.157267565862987e-05,cluster_37,2.3911410261305552,37 positive regulation of Rho protein signal transduction
REACTOME_PATHWAY,R-HSA-416572~Sema4D induced cell migration and growth-cone collapse,3,0.5802707930367506,0.17560138620797433,"P04626, O43157, Q92854",443,20,11610,3.9311512415349887,1.0,0.6892267638711355,0.5853480889336198,cluster_37,2.3911410261305552,37 positive regulation of Rho protein signal transduction
REACTOME_PATHWAY,R-HSA-400685~Sema4D in semaphorin signaling,3,0.5802707930367506,0.24607292798065844,"P04626, O43157, Q92854",443,25,11610,3.1449209932279905,1.0,0.8643570075286994,0.7340831044801155,cluster_37,2.3911410261305552,37 positive regulation of Rho protein signal transduction
GOTERM_BP_DIRECT,GO:0023056~positive regulation of signaling,6,1.160541586073501,2.782319752527383e-07,"P21802, Q15303, P11362, P22607, P00533, P22455",517,7,19172,31.78557612600166,0.0007720738681789019,7.959729188931431e-06,7.059060732958649e-06,cluster_38,2.374217509307765,38 positive regulation of signaling
GOTERM_BP_DIRECT,GO:0010647~positive regulation of cell communication,6,1.160541586073501,7.254879699492245e-07,"P21802, Q15303, P11362, P22607, P00533, P22455",517,8,19172,27.812379110251452,0.002011928687760456,1.8137199248730612e-05,1.6084917964369744e-05,cluster_38,2.374217509307765,38 positive regulation of signaling
GOTERM_MF_DIRECT,GO:0017134~fibroblast growth factor binding,8,1.5473887814313347,2.03572255539837e-06,"P21802, P11362, P05106, P06756, P22607, Q92896, Q03167, P22455",512,24,19319,12.577473958333334,0.0009197243257047516,2.2442599879025932e-05,1.7576726453927394e-05,cluster_38,2.374217509307765,38 positive regulation of signaling
GOTERM_MF_DIRECT,GO:0005007~fibroblast growth factor receptor activity,4,0.7736943907156674,0.00017681942038684512,"P21802, P11362, P22607, P22455",512,5,19319,30.1859375,0.07681852062228445,0.001125667295983859,0.0008816066875625798,cluster_38,2.374217509307765,38 positive regulation of signaling
GOTERM_BP_DIRECT,GO:0008543~fibroblast growth factor receptor signaling pathway,8,1.5473887814313347,0.000998784535204366,"P21802, O43155, Q9NZU1, P11362, P22607, P08138, Q9NZU0, P22455",517,59,19172,5.028226731796872,0.937588855406708,0.010869125824282807,0.009639249965246842,cluster_38,2.374217509307765,38 positive regulation of signaling
GOTERM_BP_DIRECT,GO:0010518~positive regulation of phospholipase activity,3,0.5802707930367506,0.004184533676910623,"P21802, P11362, P22607",517,4,19172,27.812379110251452,0.9999911989350714,0.034457213511652755,0.030558271153937812,cluster_38,2.374217509307765,38 positive regulation of signaling
GOTERM_BP_DIRECT,GO:0046777~protein autophosphorylation,9,1.7408123791102514,0.009755052521710397,"P21802, P16234, Q15303, P11362, P35968, P54762, P10721, P36888, P22455",517,110,19172,3.03407772111834,0.999999999998481,0.0710846592714258,0.06304120593404645,cluster_38,2.374217509307765,38 positive regulation of signaling
UP_KW_DISEASE,KW-0989~Craniosynostosis,5,0.9671179883945842,0.015281960004208856,"P21802, P40200, P11362, P22607, P98172",151,32,4928,5.099337748344371,0.6091361106156066,0.23304989006418506,0.22540891006208064,cluster_38,2.374217509307765,38 positive regulation of signaling
REACTOME_PATHWAY,R-HSA-109704~PI3K Cascade,6,1.160541586073501,0.025061701228391426,"P21802, P11362, P22607, P49771, P36888, P22455",443,44,11610,3.5737738559408987,0.9999999993906291,0.13875220017837903,0.11783978723283385,cluster_38,2.374217509307765,38 positive regulation of signaling
REACTOME_PATHWAY,R-HSA-112399~IRS-mediated signalling,6,1.160541586073501,0.03496362275989761,"P21802, P11362, P22607, P49771, P36888, P22455",443,48,11610,3.2759593679458243,0.9999999999998802,0.182684928920465,0.15515107599704564,cluster_38,2.374217509307765,38 positive regulation of signaling
REACTOME_PATHWAY,R-HSA-2428928~IRS-related events triggered by IGF1R,6,1.160541586073501,0.04698407497485374,"P21802, P11362, P22607, P49771, P36888, P22455",443,52,11610,3.023962493488453,1.0,0.24396699800607283,0.2071968523735786,cluster_38,2.374217509307765,38 positive regulation of signaling
REACTOME_PATHWAY,R-HSA-2428924~IGF1R signaling cascade,6,1.160541586073501,0.05032748509707696,"P21802, P11362, P22607, P49771, P36888, P22455",443,53,11610,2.966906597384897,1.0,0.2565474240314411,0.21788118548124782,cluster_38,2.374217509307765,38 positive regulation of signaling
REACTOME_PATHWAY,R-HSA-190236~Signaling by FGFR,8,1.5473887814313347,0.05273631981441306,"P21802, O43155, Q9NZU1, P11362, P22607, Q03167, Q9NZU0, P22455",443,89,11610,2.3557460623430644,1.0,0.26608667007775766,0.22598269827177986,cluster_38,2.374217509307765,38 positive regulation of signaling
REACTOME_PATHWAY,R-HSA-2404192~Signaling by Type 1 Insulin-like Growth Factor 1 Receptor (IGF1R),6,1.160541586073501,0.053807083448630645,"P21802, P11362, P22607, P49771, P36888, P22455",443,54,11610,2.9119638826185104,1.0,0.26616995126068177,0.2260534275060814,cluster_38,2.374217509307765,38 positive regulation of signaling
REACTOME_PATHWAY,R-HSA-74751~Insulin receptor signalling cascade,6,1.160541586073501,0.053807083448630645,"P21802, P11362, P22607, P49771, P36888, P22455",443,54,11610,2.9119638826185104,1.0,0.26616995126068177,0.2260534275060814,cluster_38,2.374217509307765,38 positive regulation of signaling
REACTOME_PATHWAY,R-HSA-74752~Signaling by Insulin receptor,7,1.3539651837524178,0.09196885375210044,"P21802, P11362, P22607, P49771, P10586, P36888, P22455",443,82,11610,2.237240543963002,1.0,0.4089678815784892,0.347329181723358,cluster_38,2.374217509307765,38 positive regulation of signaling
GOTERM_BP_DIRECT,GO:0048705~skeletal system morphogenesis,3,0.5802707930367506,0.3227126302747554,"P21802, P11362, P22607",517,43,19172,2.5871980567675767,1.0,0.8779681853063198,0.7786233167707578,cluster_38,2.374217509307765,38 positive regulation of signaling
REACTOME_PATHWAY,R-HSA-1226099~Signaling by FGFR in disease,4,0.7736943907156674,0.4321585752494889,"P21802, P11362, P22607, P22455",443,63,11610,1.6639793614962914,1.0,1.0,0.8502994011976048,cluster_38,2.374217509307765,38 positive regulation of signaling
GOTERM_BP_DIRECT,GO:0003222~ventricular trabecula myocardium morphogenesis,5,0.9671179883945842,0.0005589901120428777,"P17813, Q9NR61, P46531, Q02297, P36894",517,15,19172,12.361057382333978,0.7882164297887777,0.00657287102084316,0.005829129939565771,cluster_39,2.3519700966450205,39 ventricular trabecula myocardium morphogenesis
GOTERM_BP_DIRECT,GO:0003209~cardiac atrium morphogenesis,3,0.5802707930367506,0.006850116139515569,"P17813, Q9NR61, P46531",517,5,19172,22.24990328820116,0.9999999948349549,0.05193735597583526,0.04606048038073173,cluster_39,2.3519700966450205,39 ventricular trabecula myocardium morphogenesis
GOTERM_BP_DIRECT,GO:0003208~cardiac ventricle morphogenesis,3,0.5802707930367506,0.022960833514093913,"P17813, Q9NR61, P46531",517,9,19172,12.361057382333978,1.0,0.1388034193137932,0.12309737474999821,cluster_39,2.3519700966450205,39 ventricular trabecula myocardium morphogenesis
GOTERM_BP_DIRECT,GO:0060045~positive regulation of cardiac muscle cell proliferation,7,1.3539651837524178,0.0001844038742371319,"P21802, Q15303, P11362, P46531, Q02297, Q03167, P36894",517,32,19172,8.111943907156673,0.40067566062292315,0.002557395812516635,0.002268018412469708,cluster_40,2.3364760005628855,40 positive regulation of cardiac muscle cell proliferation
GOTERM_BP_DIRECT,GO:0001837~epithelial to mesenchymal transition,6,1.160541586073501,0.013754603121323173,"P21802, P11362, Q99466, P13591, P46531, Q03167",517,53,19172,4.198094960037955,1.0,0.09325838559544936,0.08270590520735166,cluster_40,2.3364760005628855,40 positive regulation of cardiac muscle cell proliferation
GOTERM_BP_DIRECT,GO:0060038~cardiac muscle cell proliferation,4,0.7736943907156674,0.03857926004016651,"P11362, Q6N022, P46531, Q03167",517,28,19172,5.297596021000277,1.0,0.20991656198325898,0.18616384109578388,cluster_40,2.3364760005628855,40 positive regulation of cardiac muscle cell proliferation
GOTERM_MF_DIRECT,GO:0045569~TRAIL binding,5,0.9671179883945842,2.3687647451420385e-06,"P50591, O00220, O14763, O14798, Q9UBN6",512,5,19319,37.732421875,0.0010701099564365268,2.3275688365308724e-05,1.8229189560440906e-05,cluster_41,2.3257582627577786,41 TRAIL binding
REACTOME_PATHWAY,R-HSA-5357769~Caspase activation via extrinsic apoptotic signalling pathway,8,1.5473887814313347,5.0611373777301543e-05,"Q6ZN44, P08571, P48023, P50591, O00220, O14763, P43146, P25445",443,27,11610,7.765237020316026,0.041429511934169105,0.000595931105321466,0.0005061137377730154,cluster_41,2.3257582627577786,41 TRAIL binding
REACTOME_PATHWAY,R-HSA-140534~Caspase activation via Death Receptors in the presence of ligand,6,1.160541586073501,0.00033087723817002893,"P08571, P48023, P50591, O00220, O14763, P25445",443,17,11610,9.24976762714115,0.2416870712282101,0.003039707374836749,0.0025815696604474785,cluster_41,2.3257582627577786,41 TRAIL binding
REACTOME_PATHWAY,R-HSA-5218900~CASP8 activity is inhibited,5,0.9671179883945842,0.0005525129819349676,"P48023, P50591, O00220, O14763, P25445",443,11,11610,11.912579519802996,0.3699956173462261,0.004619008528976329,0.00392284217173827,cluster_41,2.3257582627577786,41 TRAIL binding
REACTOME_PATHWAY,R-HSA-69416~Dimerization of procaspase-8,5,0.9671179883945842,0.0005525129819349676,"P48023, P50591, O00220, O14763, P25445",443,11,11610,11.912579519802996,0.3699956173462261,0.004619008528976329,0.00392284217173827,cluster_41,2.3257582627577786,41 TRAIL binding
REACTOME_PATHWAY,R-HSA-3371378~Regulation by c-FLIP,5,0.9671179883945842,0.0005525129819349676,"P48023, P50591, O00220, O14763, P25445",443,11,11610,11.912579519802996,0.3699956173462261,0.004619008528976329,0.00392284217173827,cluster_41,2.3257582627577786,41 TRAIL binding
REACTOME_PATHWAY,R-HSA-6803211~TP53 Regulates Transcription of Death Receptors and Ligands,5,0.9671179883945842,0.0008039673517011495,"O00220, O14763, O14798, Q9UBN6, P25445",443,12,11610,10.919864559819414,0.48951142970506023,0.0064626606348284705,0.005488623266421308,cluster_41,2.3257582627577786,41 TRAIL binding
GOTERM_BP_DIRECT,GO:0036462~TRAIL-activated apoptotic signaling pathway,4,0.7736943907156674,0.0014424781870243004,"P50591, O00220, O14763, O14798",517,9,19172,16.48140984311197,0.9818159473900497,0.015162412761334976,0.013446737947980316,cluster_41,2.3257582627577786,41 TRAIL binding
REACTOME_PATHWAY,R-HSA-75158~TRAIL  signaling,4,0.7736943907156674,0.002659924339505163,"P50591, O00220, O14763, Q9UBN6",443,8,11610,13.103837471783295,0.8921117635348206,0.018844887693443356,0.01600462950041242,cluster_41,2.3257582627577786,41 TRAIL binding
GOTERM_BP_DIRECT,GO:0008625~extrinsic apoptotic signaling pathway via death domain receptors,6,1.160541586073501,0.008378916705233741,"P19438, P48023, O00220, O14763, P25445, P01375",517,47,19172,4.734021976213013,0.9999999999282524,0.06167505001863033,0.05469632363814387,cluster_41,2.3257582627577786,41 TRAIL binding
REACTOME_PATHWAY,R-HSA-73887~Death Receptor Signaling,13,2.5145067698259185,0.016036699402765107,"P48023, P50591, O00220, P20916, P19438, P23515, O14763, P08138, Q96FE5, Q9UBN6, P25445, P01375, Q9BZR6",443,156,11610,2.1839729119638824,0.9999986499155997,0.09375301189308831,0.0796227732584841,cluster_41,2.3257582627577786,41 TRAIL binding
REACTOME_PATHWAY,R-HSA-5213460~RIPK1-mediated regulated necrosis,5,0.9671179883945842,0.03209044258546801,"P48023, P50591, O00220, O14763, P25445",443,32,11610,4.09494920993228,0.9999999999985616,0.16979500000918515,0.1442038875676094,cluster_41,2.3257582627577786,41 TRAIL binding
REACTOME_PATHWAY,R-HSA-5675482~Regulation of necroptotic cell death,5,0.9671179883945842,0.03209044258546801,"P48023, P50591, O00220, O14763, P25445",443,32,11610,4.09494920993228,0.9999999999985616,0.16979500000918515,0.1442038875676094,cluster_41,2.3257582627577786,41 TRAIL binding
REACTOME_PATHWAY,R-HSA-5633008~TP53 Regulates Transcription of Cell Death Genes,5,0.9671179883945842,0.0909710696805461,"O00220, O14763, O14798, Q9UBN6, P25445",443,45,11610,2.9119638826185104,1.0,0.4066941938659708,0.3453981790010039,cluster_41,2.3257582627577786,41 TRAIL binding
REACTOME_PATHWAY,R-HSA-109581~Apoptosis,11,2.127659574468085,0.10810956400122437,"Q14126, Q6ZN44, P08571, P48023, Q02413, P50591, O00220, P12830, O14763, P43146, P25445",443,168,11610,1.7159787165430507,1.0,0.4658742036341421,0.39565871361272836,cluster_41,2.3257582627577786,41 TRAIL binding
REACTOME_PATHWAY,R-HSA-5218859~Regulated Necrosis,5,0.9671179883945842,0.20206441667206956,"P48023, P50591, O00220, O14763, P25445",443,61,11610,2.1481700773415238,1.0,0.7678447833538643,0.6521169810780426,cluster_41,2.3257582627577786,41 TRAIL binding
REACTOME_PATHWAY,R-HSA-5357801~Programmed Cell Death,11,2.127659574468085,0.24128313833708853,"Q14126, Q6ZN44, P08571, P48023, Q02413, P50591, O00220, P12830, O14763, P43146, P25445",443,202,11610,1.4271506157387748,1.0,0.8620201010675471,0.7320984111937301,cluster_41,2.3257582627577786,41 TRAIL binding
REACTOME_PATHWAY,R-HSA-3700989~Transcriptional Regulation by TP53,5,0.9671179883945842,0.9996118674866834,"O00220, O14763, O14798, Q9UBN6, P25445",443,364,11610,0.3599955349391015,1.0,1.0,0.9996118674866834,cluster_41,2.3257582627577786,41 TRAIL binding
REACTOME_PATHWAY,R-HSA-193634~Axonal growth inhibition (RHOA activation),5,0.9671179883945842,0.0002242030737493348,"P23515, P20916, P08138, Q96FE5, Q9BZR6",443,9,11610,14.559819413092551,0.17093339593078383,0.0021544111454533782,0.0018297032455405486,cluster_42,2.2914369081520864,42 Axonal growth inhibition (RHOA activation)
REACTOME_PATHWAY,R-HSA-193697~p75NTR regulates axonogenesis,5,0.9671179883945842,0.00036246033204404774,"P23515, P20916, P08138, Q96FE5, Q9BZR6",443,10,11610,13.103837471783295,0.2614539085133343,0.0032582455654712244,0.0027671702768954183,cluster_42,2.2914369081520864,42 Axonal growth inhibition (RHOA activation)
REACTOME_PATHWAY,R-HSA-73887~Death Receptor Signaling,13,2.5145067698259185,0.016036699402765107,"P48023, P50591, O00220, P20916, P19438, P23515, O14763, P08138, Q96FE5, Q9UBN6, P25445, P01375, Q9BZR6",443,156,11610,2.1839729119638824,0.9999986499155997,0.09375301189308831,0.0796227732584841,cluster_42,2.2914369081520864,42 Axonal growth inhibition (RHOA activation)
REACTOME_PATHWAY,R-HSA-193704~p75 NTR receptor-mediated signalling,5,0.9671179883945842,0.5238842383171769,"P23515, P20916, P08138, Q96FE5, Q9BZR6",443,99,11610,1.3236199466447773,1.0,1.0,0.8502994011976048,cluster_42,2.2914369081520864,42 Axonal growth inhibition (RHOA activation)
GOTERM_BP_DIRECT,GO:1902339~positive regulation of apoptotic process involved in morphogenesis,3,0.5802707930367506,0.002130260412404369,"P19438, P46531, P20333",517,3,19172,37.08317214700194,0.99731455981332,0.019814952003718484,0.017572827704919348,cluster_43,2.0167546760880244,43 positive regulation of apoptotic process involved in morphogenesis
GOTERM_BP_DIRECT,GO:0003332~negative regulation of extracellular matrix constituent secretion,3,0.5802707930367506,0.004184533676910623,"P19438, P46531, P20333",517,4,19172,27.812379110251452,0.9999911989350714,0.034457213511652755,0.030558271153937812,cluster_43,2.0167546760880244,43 positive regulation of apoptotic process involved in morphogenesis
GOTERM_BP_DIRECT,GO:0010614~negative regulation of cardiac muscle hypertrophy,3,0.5802707930367506,0.09992087019763919,"P19438, P46531, P20333",517,20,19172,5.56247582205029,1.0,0.4140314421946275,0.36718247900575796,cluster_43,2.0167546760880244,43 positive regulation of apoptotic process involved in morphogenesis
REACTOME_PATHWAY,R-HSA-445144~Signal transduction by L1,10,1.9342359767891684,3.030436073627021e-08,"P08648, P05556, P11362, P08514, P05106, P06756, P13591, O14786, P00533, P32004",443,21,11610,12.479845211222187,2.533412500427268e-05,6.179133067200462e-07,5.247828322622402e-07,cluster_44,1.9547150914501923,44 Signal transduction by L1
GOTERM_BP_DIRECT,GO:0031589~cell-substrate adhesion,9,1.7408123791102514,2.6581927525086855e-07,"P08648, P54753, P05556, P17301, P05106, P06756, P54762, P23229, P55287",517,26,19172,12.8364826662699,0.000737642214312384,7.959729188931431e-06,7.059060732958649e-06,cluster_44,1.9547150914501923,44 Signal transduction by L1
GOTERM_MF_DIRECT,GO:0019960~C-X3-C chemokine binding,5,0.9671179883945842,2.3687647451420385e-06,"P05556, P05106, P06756, P49238, P13612",512,5,19319,37.732421875,0.0010701099564365268,2.3275688365308724e-05,1.8229189560440906e-05,cluster_44,1.9547150914501923,44 Signal transduction by L1
GOTERM_MF_DIRECT,GO:0001968~fibronectin binding,7,1.3539651837524178,0.00011501316451091158,"P05556, P05106, P06756, P21709, P13612, P26006, Q8NHJ6",512,30,19319,8.804231770833333,0.05066063363807605,0.0007759097068497319,0.0006076814960725775,cluster_44,1.9547150914501923,44 Signal transduction by L1
GOTERM_BP_DIRECT,GO:1900748~positive regulation of vascular endothelial growth factor signaling pathway,5,0.9671179883945842,0.0005589901120428777,"P08648, P05556, P05106, Q9Y653, Q9Y6N7",517,15,19172,12.361057382333978,0.7882164297887777,0.00657287102084316,0.005829129939565771,cluster_44,1.9547150914501923,44 Signal transduction by L1
GOTERM_BP_DIRECT,"GO:0035313~wound healing, spreading of epidermal cells",5,0.9671179883945842,0.0007295491689018384,"P08648, P05556, P05106, P06756, Q99075",517,16,19172,11.588491295938105,0.8681338128461381,0.008130517846195187,0.007210524115130218,cluster_44,1.9547150914501923,44 Signal transduction by L1
REACTOME_PATHWAY,R-HSA-9856532~Mechanical load activates signaling by PIEZO1 and integrins in osteocytes,5,0.9671179883945842,0.00332274883408979,"P17302, P08648, P05556, P05106, P06756",443,17,11610,7.708139689284291,0.9381128844026395,0.023148483544158868,0.019659597268364592,cluster_44,1.9547150914501923,44 Signal transduction by L1
GOTERM_CC_DIRECT,GO:0032587~ruffle membrane,9,1.7408123791102514,0.0044933461369939965,"P08648, P05556, Q86YL7, P05106, P06756, Q9UHX3, P04626, P00533, P29317",517,102,20299,3.464387302309705,0.8023484725894621,0.019030642462562808,0.014484433429839471,cluster_44,1.9547150914501923,44 Signal transduction by L1
GOTERM_CC_DIRECT,GO:0001726~ruffle,7,1.3539651837524178,0.06179537238231228,"P08648, P05556, Q86YL7, P05106, Q6UVK1, Q9NP84, O00592",517,110,20299,2.498558114999121,0.9999999998935549,0.1823470004723969,0.1387863281373243,cluster_44,1.9547150914501923,44 Signal transduction by L1
REACTOME_PATHWAY,R-HSA-210990~PECAM1 interactions,3,0.5802707930367506,0.07417430126967227,"P05106, P06756, P16284",443,12,11610,6.551918735891649,1.0,0.33700932533394573,0.28621605381232235,cluster_44,1.9547150914501923,44 Signal transduction by L1
REACTOME_PATHWAY,R-HSA-9855142~Cellular responses to mechanical stimuli,8,1.5473887814313347,0.10147126451691015,"P17302, P08648, P05556, P05106, P35968, P06756, P16284, P33151",443,104,11610,2.0159749956589685,1.0,0.4441360059483606,0.37719684715710056,cluster_44,1.9547150914501923,44 Signal transduction by L1
REACTOME_PATHWAY,"R-HSA-9860927~Turbulent (oscillatory, disturbed) flow shear stress activates signaling by PIEZO1 and integrins in endothelial cells",4,0.7736943907156674,0.1044384581937523,"P08648, P05556, P05106, P06756",443,30,11610,3.4943566591422117,1.0,0.45238627487034677,0.384203654495151,cluster_44,1.9547150914501923,44 Signal transduction by L1
REACTOME_PATHWAY,R-HSA-9860931~Response of endothelial cells to shear stress,7,1.3539651837524178,0.14833029822759888,"P08648, P05556, P05106, P35968, P06756, P16284, P33151",443,94,11610,1.951635368137938,1.0,0.6078633790111405,0.5162476065764471,cluster_44,1.9547150914501923,44 Signal transduction by L1
REACTOME_PATHWAY,R-HSA-1566948~Elastic fibre formation,4,0.7736943907156674,0.23432397780056846,"P08648, P05556, P05106, P06756",443,44,11610,2.382515903960599,1.0,0.8514818214802703,0.7231484369031004,cluster_44,1.9547150914501923,44 Signal transduction by L1
REACTOME_PATHWAY,R-HSA-194138~Signaling by VEGF,7,1.3539651837524178,0.23527787172481152,"P05106, P35968, P06756, P33151, O60462, O14786",443,109,11610,1.6830616936235425,1.0,0.8514818214802703,0.7231484369031004,cluster_44,1.9547150914501923,44 Signal transduction by L1
REACTOME_PATHWAY,R-HSA-2173789~TGF-beta receptor signaling activates SMADs,4,0.7736943907156674,0.27565899579181796,"P05556, P05106, P06756, Q03167",443,48,11610,2.1839729119638824,1.0,0.9329996780646146,0.7923801093610962,cluster_44,1.9547150914501923,44 Signal transduction by L1
REACTOME_PATHWAY,R-HSA-2129379~Molecules associated with elastic fibres,3,0.5802707930367506,0.41406680152646114,"P05556, P05106, P06756",443,37,11610,2.1249466170459397,1.0,1.0,0.8502994011976048,cluster_44,1.9547150914501923,44 Signal transduction by L1
REACTOME_PATHWAY,R-HSA-170834~Signaling by TGF-beta Receptor Complex,5,0.9671179883945842,0.5077507962724177,"P05556, Q9Y624, P05106, P06756, Q03167",443,97,11610,1.3509110795652883,1.0,1.0,0.8502994011976048,cluster_44,1.9547150914501923,44 Signal transduction by L1
REACTOME_PATHWAY,R-HSA-9006936~Signaling by TGFB family members,7,1.3539651837524178,0.5795404287623299,"O00238, P05556, Q9Y624, P05106, P06756, Q03167, P36894",443,161,11610,1.1394641279811561,1.0,1.0,0.8502994011976048,cluster_44,1.9547150914501923,44 Signal transduction by L1
REACTOME_PATHWAY,R-HSA-4420097~VEGFA-VEGFR2 Pathway,4,0.7736943907156674,0.7329036713132449,"P05106, P35968, P06756, P33151",443,99,11610,1.0588959573158219,1.0,1.0,0.8502994011976048,cluster_44,1.9547150914501923,44 Signal transduction by L1
REACTOME_PATHWAY,R-HSA-9856530~High laminar flow shear stress activates signaling by PIEZO1 and PECAM1:CDH5:KDR in endothelial cells,3,0.5802707930367506,0.7587808739490656,"P35968, P16284, P33151",443,71,11610,1.1073665469112643,1.0,1.0,0.8502994011976048,cluster_44,1.9547150914501923,44 Signal transduction by L1
REACTOME_PATHWAY,R-HSA-8953897~Cellular responses to stimuli,10,1.9342359767891684,0.9999999883151125,"P17302, P08648, P05556, P05106, P35968, P06756, P16284, P33151, P46531, Q9P126",443,920,11610,0.28486603199528904,1.0,1.0,0.9999999883151125,cluster_44,1.9547150914501923,44 Signal transduction by L1
GOTERM_MF_DIRECT,GO:0032396~inhibitory MHC class I receptor activity,4,0.7736943907156674,0.0053874945539150974,"Q8NHL6, Q8N423, P59901, Q8NHJ6",512,14,19319,10.780691964285714,0.9129898818192159,0.025366120191350247,0.019866386167561922,cluster_45,1.9439187449584323,45 inhibitory MHC class I receptor activity
GOTERM_BP_DIRECT,GO:0002774~Fc receptor mediated inhibitory signaling pathway,3,0.5802707930367506,0.006850116139515569,"Q8NHL6, Q8N423, Q8NHJ6",517,5,19172,22.24990328820116,0.9999999948349549,0.05193735597583526,0.04606048038073173,cluster_45,1.9439187449584323,45 inhibitory MHC class I receptor activity
GOTERM_BP_DIRECT,GO:0140105~interleukin-10-mediated signaling pathway,3,0.5802707930367506,0.03991710038616786,"Q8NHL6, Q8N423, Q8NHJ6",517,12,19172,9.270793036750485,1.0,0.21261027556932016,0.1885527524958908,cluster_45,1.9439187449584323,45 inhibitory MHC class I receptor activity
GOTERM_BP_DIRECT,GO:0038127~ERBB signaling pathway,5,0.9671179883945842,0.00021616891055319158,"Q15303, P04626, P21860, Q02297, P00533",517,12,19172,15.451321727917474,0.4512705504676685,0.0029119841106073135,0.002582483926560216,cluster_46,1.9400293377645452,46 ERBB signaling pathway
GOTERM_BP_DIRECT,GO:0050679~positive regulation of epithelial cell proliferation,8,1.5473887814313347,0.002117960166706164,"P21802, Q15303, P04626, P21860, P46531, P36894, P00533, P01135",517,67,19172,4.427841450388291,0.9972210787227406,0.019814952003718484,0.017572827704919348,cluster_46,1.9400293377645452,46 ERBB signaling pathway
GOTERM_CC_DIRECT,GO:0009925~basal plasma membrane,8,1.5473887814313347,0.002727678915788488,"Q15303, P16144, P23229, P04626, P28906, P21860, P13688, P00533",517,74,20299,4.244654712739819,0.625927665245021,0.012589287303639174,0.009581846447769816,cluster_46,1.9400293377645452,46 ERBB signaling pathway
GOTERM_BP_DIRECT,GO:0071364~cellular response to epidermal growth factor stimulus,3,0.5802707930367506,0.38148230844740216,"Q15303, P04626, P00533",517,49,19172,2.270398294714404,1.0,0.9996349442318613,0.8865230982899497,cluster_46,1.9400293377645452,46 ERBB signaling pathway
GOTERM_BP_DIRECT,GO:0030182~neuron differentiation,7,1.3539651837524178,0.4186726976395757,"Q15303, P04626, Q9NZN1, Q8N0W4, P21860, P23468, P00533",517,193,19172,1.3449855182850443,1.0,1.0,0.8871665465032444,cluster_46,1.9400293377645452,46 ERBB signaling pathway
GOTERM_BP_DIRECT,GO:0048333~mesodermal cell differentiation,6,1.160541586073501,1.4906784858711448e-05,"P21802, P05556, P17301, P05106, P16144, P26006",517,13,19172,17.115310221693203,0.04053701647649477,0.0002651687691213094,0.0002351640867774928,cluster_47,1.8921019287324812,47 mesodermal cell differentiation
REACTOME_PATHWAY,R-HSA-3000157~Laminin interactions,7,1.3539651837524178,0.0008022681899353724,"P05556, P17301, P06756, P16144, P23229, P56199, P26006",443,30,11610,6.115124153498871,0.4887851821236555,0.0064626606348284705,0.005488623266421308,cluster_47,1.8921019287324812,47 mesodermal cell differentiation
GOTERM_MF_DIRECT,GO:0043236~laminin binding,5,0.9671179883945842,0.0028722966088385116,"Q86SQ4, P05556, P17301, Q14118, P26006",512,23,19319,8.202700407608695,0.7275080386784744,0.014587394013427048,0.011424640444144192,cluster_47,1.8921019287324812,47 mesodermal cell differentiation
REACTOME_PATHWAY,R-HSA-8874081~MET activates PTK2 signaling,3,0.5802707930367506,0.3315122085265837,"P05556, P17301, P26006",443,31,11610,2.536226607441928,1.0,1.0,0.8502994011976048,cluster_47,1.8921019287324812,47 mesodermal cell differentiation
REACTOME_PATHWAY,R-HSA-8875878~MET promotes cell motility,3,0.5802707930367506,0.47882600126285624,"P05556, P17301, P26006",443,42,11610,1.871976781683328,1.0,1.0,0.8502994011976048,cluster_47,1.8921019287324812,47 mesodermal cell differentiation
REACTOME_PATHWAY,R-HSA-6806834~Signaling by MET,3,0.5802707930367506,0.8142885604994785,"P05556, P17301, P26006",443,80,11610,0.9827878103837472,1.0,1.0,0.8502994011976048,cluster_47,1.8921019287324812,47 mesodermal cell differentiation
GOTERM_CC_DIRECT,GO:0031092~platelet alpha granule membrane,7,1.3539651837524178,2.5554631092737956e-06,"Q06481, P08514, P05106, O60245, P21926, P16284, P16109",517,17,20299,16.167140744111958,0.0009195448540705309,2.0443704874190365e-05,1.5559930932022666e-05,cluster_48,1.7711399670324093,48 platelet alpha granule membrane
REACTOME_PATHWAY,R-HSA-114608~Platelet degranulation ,8,1.5473887814313347,0.2265264148629359,"Q06481, P08514, P05106, O60245, P21926, P16284, P16109, P05067",443,130,11610,1.6127799965271747,1.0,0.8305968544974316,0.7054112041784407,cluster_48,1.7711399670324093,48 platelet alpha granule membrane
REACTOME_PATHWAY,R-HSA-76005~Response to elevated platelet cytosolic Ca2+,8,1.5473887814313347,0.25513897660188284,"Q06481, P08514, P05106, O60245, P21926, P16284, P16109, P05067",443,135,11610,1.5530474040632054,1.0,0.8924526545572136,0.75794424011438,cluster_48,1.7711399670324093,48 platelet alpha granule membrane
REACTOME_PATHWAY,"R-HSA-76002~Platelet activation, signaling and aggregation",11,2.127659574468085,0.5572817939954169,"Q06481, P07359, Q86YL7, P08514, P05106, O60245, P21926, P16284, P16109, P05067, Q9P126",443,265,11610,1.0878657523744621,1.0,1.0,0.8502994011976048,cluster_48,1.7711399670324093,48 platelet alpha granule membrane
GOTERM_CC_DIRECT,GO:0030057~desmosome,8,1.5473887814313347,8.06822708632688e-06,"Q14126, Q02487, Q9BX67, Q02413, P19022, P12830, Q08554, Q14574",517,30,20299,10.470148291424888,0.0029003592760851182,5.585695675149379e-05,4.2513350416414714e-05,cluster_49,1.7216516343075423,49 desmosome
REACTOME_PATHWAY,R-HSA-351906~Apoptotic cleavage of cell adhesion  proteins,3,0.5802707930367506,0.0633664289962037,"Q14126, Q02413, P12830",443,11,11610,7.147547711881797,1.0,0.3062100268255855,0.26005875483991114,cluster_49,1.7216516343075423,49 desmosome
REACTOME_PATHWAY,R-HSA-111465~Apoptotic cleavage of cellular proteins,3,0.5802707930367506,0.4273515456203226,"Q14126, Q02413, P12830",443,38,11610,2.069026969228941,1.0,1.0,0.8502994011976048,cluster_49,1.7216516343075423,49 desmosome
REACTOME_PATHWAY,R-HSA-75153~Apoptotic execution phase,3,0.5802707930367506,0.5942522534153198,"Q14126, Q02413, P12830",443,52,11610,1.5119812467442264,1.0,1.0,0.8502994011976048,cluster_49,1.7216516343075423,49 desmosome
GOTERM_CC_DIRECT,GO:0030057~desmosome,8,1.5473887814313347,8.06822708632688e-06,"Q14126, Q02487, Q9BX67, Q02413, P19022, P12830, Q08554, Q14574",517,30,20299,10.470148291424888,0.0029003592760851182,5.585695675149379e-05,4.2513350416414714e-05,cluster_50,1.6051329565191785,50 desmosome
GOTERM_CC_DIRECT,GO:0001533~cornified envelope,5,0.9671179883945842,0.06610936982787263,"Q14126, Q02487, Q02413, Q08554, Q14574",517,60,20299,3.2719213410702777,0.9999999999797434,0.19039498510427316,0.14491173866269683,cluster_50,1.6051329565191785,50 desmosome
REACTOME_PATHWAY,R-HSA-6809371~Formation of the cornified envelope,5,0.9671179883945842,0.734739689469682,"Q14126, Q02487, Q02413, Q08554, Q14574",443,130,11610,1.0079874978294843,1.0,1.0,0.8502994011976048,cluster_50,1.6051329565191785,50 desmosome
REACTOME_PATHWAY,R-HSA-6805567~Keratinization,5,0.9671179883945842,0.9689325438056283,"Q14126, Q02487, Q02413, Q08554, Q14574",443,218,11610,0.6010934620084081,1.0,1.0,0.9689325438056283,cluster_50,1.6051329565191785,50 desmosome
GOTERM_BP_DIRECT,GO:0050862~positive regulation of T cell receptor signaling pathway,5,0.9671179883945842,0.0017832451454024433,"P33681, Q92692, P10747, P42081, Q15762",517,20,19172,9.270793036750483,0.9929498583270022,0.01826016707930546,0.016193971597178645,cluster_51,1.5334036243664741,51 positive regulation of T cell receptor signaling pathway
GOTERM_BP_DIRECT,GO:0032743~positive regulation of interleukin-2 production,7,1.3539651837524178,0.002149578090635506,"P07766, P33681, P10747, P08575, Q7Z7D3, P01730, P42081",517,50,19172,5.191644100580271,0.9974550683793821,0.019814952003718484,0.017572827704919348,cluster_51,1.5334036243664741,51 positive regulation of T cell receptor signaling pathway
REACTOME_PATHWAY,R-HSA-389359~CD28 dependent Vav1 pathway,3,0.5802707930367506,0.07417430126967227,"P33681, P10747, P42081",443,12,11610,6.551918735891649,1.0,0.33700932533394573,0.28621605381232235,cluster_51,1.5334036243664741,51 positive regulation of T cell receptor signaling pathway
REACTOME_PATHWAY,R-HSA-389357~CD28 dependent PI3K/Akt signaling,3,0.5802707930367506,0.2746578190731157,"P33681, P10747, P42081",443,27,11610,2.9119638826185104,1.0,0.9329996780646146,0.7923801093610962,cluster_51,1.5334036243664741,51 positive regulation of T cell receptor signaling pathway
REACTOME_PATHWAY,R-HSA-389356~Co-stimulation by CD28,4,0.7736943907156674,0.27565899579181796,"P16410, P33681, P10747, P42081",443,48,11610,2.1839729119638824,1.0,0.9329996780646146,0.7923801093610962,cluster_51,1.5334036243664741,51 positive regulation of T cell receptor signaling pathway
GOTERM_CC_DIRECT,GO:0014704~intercalated disc,8,1.5473887814313347,0.0001965453031382251,"P36383, P17302, P05556, P36382, Q14126, Q02487, P78310, P19022",517,48,20299,6.543842682140554,0.06831757069505584,0.0010885586019963236,0.0008285140470749796,cluster_52,1.4586706782176249,52 intercalated disc
GOTERM_BP_DIRECT,GO:0086091~regulation of heart rate by cardiac conduction,3,0.5802707930367506,0.3227126302747554,"P36382, Q14126, Q02487",517,43,19172,2.5871980567675767,1.0,0.8779681853063198,0.7786233167707578,cluster_52,1.4586706782176249,52 intercalated disc
UP_KW_DISEASE,KW-0122~Cardiomyopathy,4,0.7736943907156674,0.6632989844368633,"P36382, Q14126, Q02487, P19022",151,111,4928,1.1760634806992423,1.0,1.0,0.9833333333333333,cluster_52,1.4586706782176249,52 intercalated disc
UP_KW_PTM,KW-0357~Heparan sulfate,6,1.160541586073501,0.0006758204261415237,"Q9Y4C0, P18827, P58400, Q9P2S2, P34741, P58401, Q9HDB5, O14786, Q9ULB1",510,21,14457,8.099159663865546,0.01476301782376832,0.0019429837251568806,0.0016050735120861188,cluster_53,1.443376632045094,53 Heparan sulfate
REACTOME_PATHWAY,R-HSA-9694614~Attachment and Entry,3,0.5802707930367506,0.16190248362396398,"P18827, P34741, O14786",443,19,11610,4.138053938457882,1.0,0.6570411471341451,0.5580134144321088,cluster_53,1.443376632045094,53 Heparan sulfate
REACTOME_PATHWAY,R-HSA-9772572~Early SARS-CoV-2 Infection Events,3,0.5802707930367506,0.4273515456203226,"P18827, P34741, O14786",443,38,11610,2.069026969228941,1.0,1.0,0.8502994011976048,cluster_53,1.443376632045094,53 Heparan sulfate
GOTERM_BP_DIRECT,GO:0032930~positive regulation of superoxide anion generation,6,1.160541586073501,0.00015360956540528168,"Q8N6Q3, P05107, P25090, P11215, P05067, O43914",517,20,19172,11.12495164410058,0.3471793925377148,0.002208634943003402,0.0019587209350383325,cluster_54,1.288433867654511,54 positive regulation of superoxide anion generation
REACTOME_PATHWAY,R-HSA-166016~Toll Like Receptor 4 (TLR4) Cascade,4,0.7736943907156674,0.9226885209792185,"P05107, P08571, P11215, P05067",443,147,11610,0.7131340120698392,1.0,1.0,0.9226885209792185,cluster_54,1.288433867654511,54 positive regulation of superoxide anion generation
REACTOME_PATHWAY,R-HSA-168898~Toll-like Receptor Cascades,4,0.7736943907156674,0.962110643080023,"P05107, P08571, P11215, P05067",443,172,11610,0.6094808126410834,1.0,1.0,0.962110643080023,cluster_54,1.288433867654511,54 positive regulation of superoxide anion generation
GOTERM_BP_DIRECT,GO:0008543~fibroblast growth factor receptor signaling pathway,8,1.5473887814313347,0.000998784535204366,"P21802, O43155, Q9NZU1, P11362, P22607, P08138, Q9NZU0, P22455",517,59,19172,5.028226731796872,0.937588855406708,0.010869125824282807,0.009639249965246842,cluster_55,1.1812402878013817,55 fibroblast growth factor receptor signaling pathway
REACTOME_PATHWAY,R-HSA-190236~Signaling by FGFR,8,1.5473887814313347,0.05273631981441306,"P21802, O43155, Q9NZU1, P11362, P22607, Q03167, Q9NZU0, P22455",443,89,11610,2.3557460623430644,1.0,0.26608667007775766,0.22598269827177986,cluster_55,1.1812402878013817,55 fibroblast growth factor receptor signaling pathway
GOTERM_MF_DIRECT,GO:0005104~fibroblast growth factor receptor binding,3,0.5802707930367506,0.10543854370500383,"O43155, Q9NZU1, Q9NZU0",512,21,19319,5.390345982142857,1.0,0.3404158696761552,0.2666088890826525,cluster_55,1.1812402878013817,55 fibroblast growth factor receptor signaling pathway
REACTOME_PATHWAY,R-HSA-5654687~Downstream signaling of activated FGFR1,4,0.7736943907156674,0.1125296647130212,"O43155, Q9NZU1, P11362, Q9NZU0",443,31,11610,3.381635476589237,1.0,0.4799734678575802,0.40763296911349517,cluster_55,1.1812402878013817,55 fibroblast growth factor receptor signaling pathway
REACTOME_PATHWAY,R-HSA-5654736~Signaling by FGFR1,5,0.9671179883945842,0.13521040874624563,"O43155, Q9NZU1, P11362, Q03167, Q9NZU0",443,52,11610,2.5199687445737107,1.0,0.5708883924841482,0.4848454051001737,cluster_55,1.1812402878013817,55 fibroblast growth factor receptor signaling pathway
GOTERM_MF_DIRECT,GO:0030674~protein-macromolecule adaptor activity,5,0.9671179883945842,0.967609436283406,"O43155, Q9NZU1, P07766, O43914, Q9NZU0",512,313,19319,0.6027543430511183,1.0,1.0,0.967609436283406,cluster_55,1.1812402878013817,55 fibroblast growth factor receptor signaling pathway
UP_KW_DISEASE,KW-0263~Epidermolysis bullosa,4,0.7736943907156674,0.01156755017220529,"P16144, P23229, Q9UMD9, P26006",151,16,4928,8.158940397350992,0.5082247418992398,0.23304989006418506,0.22540891006208064,cluster_56,1.148578926560627,56 Epidermolysis bullosa
GOTERM_CC_DIRECT,GO:0005604~basement membrane,8,1.5473887814313347,0.018570249437904307,"P16144, P23229, P49961, Q9UMD9, Q14118, P16150, P52803, Q5TAT6",517,106,20299,2.9632495164410058,0.9988269439127607,0.07112010423027182,0.05413030155304021,cluster_56,1.148578926560627,56 Epidermolysis bullosa
GOTERM_CC_DIRECT,GO:0030056~hemidesmosome,3,0.5802707930367506,0.020625359677631978,"P16144, P23229, Q9UMD9",517,9,20299,13.08768536428111,0.9994484466152029,0.07815925772576328,0.05948787949127539,cluster_56,1.148578926560627,56 Epidermolysis bullosa
REACTOME_PATHWAY,R-HSA-446107~Type I hemidesmosome assembly,3,0.5802707930367506,0.0633664289962037,"P16144, P23229, Q9UMD9",443,11,11610,7.147547711881797,1.0,0.3062100268255855,0.26005875483991114,cluster_56,1.148578926560627,56 Epidermolysis bullosa
REACTOME_PATHWAY,R-HSA-1474290~Collagen formation,4,0.7736943907156674,0.6716451927170928,"P16144, P23229, Q9UMD9, Q5TAT6",443,90,11610,1.164785553047404,1.0,1.0,0.8502994011976048,cluster_56,1.148578926560627,56 Epidermolysis bullosa
REACTOME_PATHWAY,R-HSA-2022090~Assembly of collagen fibrils and other multimeric structures,3,0.5802707930367506,0.6808738219357311,"P16144, P23229, Q9UMD9",443,61,11610,1.2889020464049143,1.0,1.0,0.8502994011976048,cluster_56,1.148578926560627,56 Epidermolysis bullosa
GOTERM_MF_DIRECT,GO:0046790~virion binding,4,0.7736943907156674,0.0013720244628034602,"Q9H2X3, Q9BZZ2, Q9NNX6, Q15223",512,9,19319,16.76996527777778,0.4623679531962791,0.0076562352739156046,0.005996255059659566,cluster_57,1.1179751490390566,57 virion binding
GOTERM_MF_DIRECT,GO:0005537~D-mannose binding,3,0.5802707930367506,0.13172144714092993,"Q9H2X3, Q9NNX6, P22897",512,24,19319,4.716552734375,1.0,0.39429201395828034,0.3088039224363523,cluster_57,1.1179751490390566,57 virion binding
UP_KW_BIOLOGICAL_PROCESS,KW-0254~Endocytosis,6,1.160541586073501,0.3781462609460795,"Q9H2X3, Q9BZZ2, Q9NNX6, P02786, P05067, P22897",362,130,11630,1.4827879303017424,0.9999999965228914,0.8958821153990252,0.7647774155845336,cluster_57,1.1179751490390566,57 virion binding
GOTERM_BP_DIRECT,GO:0006897~endocytosis,7,1.3539651837524178,0.49365239134165206,"Q9H2X3, Q9BZZ2, Q9NNX6, Q96PX8, P16070, P05067, P22897",517,209,19172,1.2420201197560456,1.0,1.0,0.8871665465032444,cluster_57,1.1179751490390566,57 virion binding
REACTOME_PATHWAY,R-HSA-9918485~Dengue Virus Attachment and Entry,7,1.3539651837524178,0.006090674700906504,"P20138, P08571, Q9NNX6, P18827, O95832, P34741, P22897",443,44,11610,4.169402831931049,0.9939480428442083,0.03916772346121413,0.033264454135720135,cluster_58,1.0447821361521425,58 Dengue Virus Attachment and Entry
REACTOME_PATHWAY,R-HSA-9820960~Respiratory syncytial virus (RSV) attachment and entry,5,0.9671179883945842,0.010324081025095683,"P08571, P18827, P49238, P34741, P00533",443,23,11610,5.697320639905781,0.9998293326124714,0.06299950172978096,0.05350436151691924,cluster_58,1.0447821361521425,58 Dengue Virus Attachment and Entry
REACTOME_PATHWAY,R-HSA-9820952~Respiratory Syncytial Virus Infection Pathway,7,1.3539651837524178,0.30690164440469836,"Q9H2X3, P08571, Q9NNX6, P18827, P49238, P34741, P00533",443,120,11610,1.5287810383747178,1.0,1.0,0.8502994011976048,cluster_58,1.0447821361521425,58 Dengue Virus Attachment and Entry
REACTOME_PATHWAY,R-HSA-9833110~RSV-host interactions,6,1.160541586073501,0.3099270839693302,"Q9H2X3, P08571, Q9NNX6, P18827, P49238, P34741",443,97,11610,1.621093295478346,1.0,1.0,0.8502994011976048,cluster_58,1.0447821361521425,58 Dengue Virus Attachment and Entry
REACTOME_PATHWAY,R-HSA-9839923~Dengue Virus Infection,7,1.3539651837524178,0.998421132503475,"P20138, P08571, Q9NNX6, P18827, O95832, P34741, P22897",443,405,11610,0.45297215951843495,1.0,1.0,0.998421132503475,cluster_58,1.0447821361521425,58 Dengue Virus Attachment and Entry
GOTERM_BP_DIRECT,GO:0007189~adenylate cyclase-activating G protein-coupled receptor signaling pathway,12,2.321083172147002,0.00515680877196615,"Q86SQ4, Q8IZP9, Q9UBY5, Q8IZF2, Q9HBW0, Q8IZF4, P29274, P29275, Q9HAR2, P05067, Q5T601, Q92633",517,165,19172,2.6969579743274137,0.999999415400695,0.04159925680873857,0.036892169732002024,cluster_59,1.02413638385958,59 adenylate cyclase-activating G protein-coupled receptor signaling pathway
UP_KW_MOLECULAR_FUNCTION,KW-0807~Transducer,31,5.996131528046422,0.07944450446769137,"Q86SQ4, Q86SQ3, Q14246, P29274, Q9HBW0, P29275, P25090, O95490, P30542, Q6IF99, Q8IZP9, Q9UBY5, Q8IZF2, Q8IZF4, Q9NYQ7, P49238, Q96PE1, Q9HAR2, P02786, Q92633, O94910, P48960, Q9Y653, P0DMS8, O00574, Q5T601, Q8IWK6, Q9UHX3, Q6UVK1, Q9HBW9, O14514",300,927,12067,1.3451168644372526,0.9492075572280201,0.23331149064128592,0.18146449272100015,cluster_59,1.02413638385958,59 adenylate cyclase-activating G protein-coupled receptor signaling pathway
UP_KW_MOLECULAR_FUNCTION,KW-0297~G-protein coupled receptor,29,5.609284332688588,0.08425137162046437,"Q86SQ4, Q86SQ3, Q14246, P29274, Q9HBW0, P29275, P25090, O95490, P30542, Q6IF99, Q8IZP9, Q9UBY5, Q8IZF2, Q8IZF4, Q9NYQ7, P49238, Q96PE1, Q9HAR2, Q92633, O94910, P48960, Q9Y653, P0DMS8, O00574, Q5T601, Q8IWK6, Q9UHX3, Q9HBW9, O14514",300,861,12067,1.3547928765001935,0.9579325713868044,0.23331149064128592,0.18146449272100015,cluster_59,1.02413638385958,59 adenylate cyclase-activating G protein-coupled receptor signaling pathway
GOTERM_MF_DIRECT,GO:0004930~G protein-coupled receptor activity,29,5.609284332688588,0.15614875403823897,"Q86SQ4, Q86SQ3, Q14246, P29274, Q9HBW0, P29275, P25090, O95490, P30542, Q6IF99, Q8IZP9, Q9UBY5, Q8IZF2, Q8IZF4, Q9NYQ7, P49238, Q96PE1, Q9HAR2, Q92633, O94910, P48960, Q9Y653, P0DMS8, O00574, Q5T601, Q8IWK6, Q9UHX3, Q9HBW9, O14514",512,864,19319,1.2664817527488426,1.0,0.4553499150018323,0.35662360599701026,cluster_59,1.02413638385958,59 adenylate cyclase-activating G protein-coupled receptor signaling pathway
GOTERM_BP_DIRECT,GO:0007186~G protein-coupled receptor signaling pathway,34,6.5764023210831715,0.18146865722679062,"Q06481, P78423, Q86SQ4, Q86SQ3, P07766, Q14246, P49961, P29274, Q9HBW0, P29275, P25090, O95490, P30542, Q6IF99, Q8IZP9, Q9UBY5, Q8IZF2, Q8IZF4, Q9NYQ7, P49238, Q96PE1, Q9HAR2, Q92633, O94910, P48960, Q9Y653, P0DMS8, O00574, Q5T601, Q8IWK6, Q9UHX3, Q9HBW9, P05067, O14514",517,1035,19172,1.2181911623169717,1.0,0.6052590430340673,0.5367720738403026,cluster_59,1.02413638385958,59 adenylate cyclase-activating G protein-coupled receptor signaling pathway
REACTOME_PATHWAY,R-HSA-500792~GPCR ligand binding,17,3.2882011605415857,0.7325203269662802,"P78423, Q14246, P48960, P29274, P0DMS8, Q9HBW0, P29275, P25090, O00574, P30542, Q9UBY5, P08174, Q9UHX3, Q9H2A7, P49238, P05067, Q92633",443,476,11610,0.935988390841664,1.0,1.0,0.8502994011976048,cluster_59,1.02413638385958,59 adenylate cyclase-activating G protein-coupled receptor signaling pathway
GOTERM_BP_DIRECT,GO:0030509~BMP signaling pathway,9,1.7408123791102514,0.0027340955328130846,"O00238, Q04721, P17813, Q30201, Q03167, P36894",517,89,19172,3.749983700258623,0.9994996705799732,0.024239984356409935,0.021497153694099047,cluster_60,1.0235041523983888,60 BMP signaling pathway
GOTERM_MF_DIRECT,GO:0036122~BMP binding,4,0.7736943907156674,0.017168113047675813,"O00238, P17813, Q03167, P36894",512,21,19319,7.187127976190476,0.999601328035154,0.07320742544857989,0.057335019046011675,cluster_60,1.0235041523983888,60 BMP signaling pathway
GOTERM_BP_DIRECT,GO:0060391~positive regulation of SMAD protein signal transduction,4,0.7736943907156674,0.1087326388700901,"P17813, Q30201, Q03167, P36894",517,43,19172,3.449597409023436,1.0,0.4316639096773963,0.38281977719498106,cluster_60,1.0235041523983888,60 BMP signaling pathway
GOTERM_BP_DIRECT,GO:0007179~transforming growth factor beta receptor signaling pathway,6,1.160541586073501,0.17078566693018793,"P17813, P33151, Q92896, Q03167, P36894, O00501",517,109,19172,2.0412755310276296,1.0,0.5827404842935138,0.5168015610257072,cluster_60,1.0235041523983888,60 BMP signaling pathway
REACTOME_PATHWAY,R-HSA-201451~Signaling by BMP,3,0.5802707930367506,0.3455562915237189,"O00238, Q03167, P36894",443,32,11610,2.456969525959368,1.0,1.0,0.8502994011976048,cluster_60,1.0235041523983888,60 BMP signaling pathway
GOTERM_MF_DIRECT,GO:0046332~SMAD binding,3,0.5802707930367506,0.3922119240955553,"O00238, Q03167, P36894",512,51,19319,2.2195542279411766,1.0,0.9531171488773709,0.746467855536702,cluster_60,1.0235041523983888,60 BMP signaling pathway
REACTOME_PATHWAY,R-HSA-9006936~Signaling by TGFB family members,7,1.3539651837524178,0.5795404287623299,"O00238, P05556, Q9Y624, P05106, P06756, Q03167, P36894",443,161,11610,1.1394641279811561,1.0,1.0,0.8502994011976048,cluster_60,1.0235041523983888,60 BMP signaling pathway
GOTERM_BP_DIRECT,GO:0007386~compartment pattern specification,3,0.5802707930367506,0.004184533676910623,"Q9NYJ7, O00548, P46531",517,4,19172,27.812379110251452,0.9999911989350714,0.034457213511652755,0.030558271153937812,cluster_61,1.0174533571898232,61 compartment pattern specification
REACTOME_PATHWAY,R-HSA-9793380~Formation of paraxial mesoderm,5,0.9671179883945842,0.1864116619434999,"Q9NYJ7, P54764, P11362, O00548, P46531",443,59,11610,2.2209894019971688,1.0,0.72148217307762,0.6127420369439117,cluster_61,1.0174533571898232,61 compartment pattern specification
REACTOME_PATHWAY,R-HSA-9824272~Somitogenesis,4,0.7736943907156674,0.24456347124122968,"Q9NYJ7, P54764, O00548, P46531",443,45,11610,2.329571106094808,1.0,0.8643570075286994,0.7340831044801155,cluster_61,1.0174533571898232,61 compartment pattern specification
REACTOME_PATHWAY,R-HSA-9758941~Gastrulation,6,1.160541586073501,0.4463492768378089,"Q9NYJ7, P54764, P11362, O00548, P46531, P12830",443,115,11610,1.3673569535773873,1.0,1.0,0.8502994011976048,cluster_61,1.0174533571898232,61 compartment pattern specification
GOTERM_MF_DIRECT,GO:0005001~transmembrane receptor protein tyrosine phosphatase activity,5,0.9671179883945842,0.000875295996438647,"P23470, P23471, P10586, P08575, P23468",512,17,19319,11.097771139705882,0.32686342804637836,0.005205707768293006,0.00407703661499054,cluster_62,1.0099749443430297,62 transmembrane receptor protein tyrosine phosphatase activity
REACTOME_PATHWAY,R-HSA-8849932~Synaptic adhesion-like molecules,4,0.7736943907156674,0.049343290923068606,"Q6PJG9, P10586, P23468, Q13332",443,22,11610,4.765031807921198,1.0,0.25463574822027996,0.21625763305789328,cluster_62,1.0099749443430297,62 transmembrane receptor protein tyrosine phosphatase activity
GOTERM_BP_DIRECT,GO:0035335~peptidyl-tyrosine dephosphorylation,3,0.5802707930367506,0.09150036109107473,"P23471, P10586, Q13332",517,19,19172,5.855237707421358,1.0,0.3888415038709531,0.34484286163114075,cluster_62,1.0099749443430297,62 transmembrane receptor protein tyrosine phosphatase activity
GOTERM_MF_DIRECT,GO:0004725~protein tyrosine phosphatase activity,6,1.160541586073501,0.12972665306449732,"P23470, P23471, P10586, P08575, P23468, Q13332",512,101,19319,2.2415300123762374,1.0,0.3935332025849181,0.30820963211296676,cluster_62,1.0099749443430297,62 transmembrane receptor protein tyrosine phosphatase activity
UP_KW_MOLECULAR_FUNCTION,KW-0904~Protein phosphatase,6,1.160541586073501,0.2858868722352564,"P23470, P23471, P10586, P08575, P23468, Q13332",300,144,12067,1.6759722222222224,0.9999945598282726,0.6432454625293269,0.5003020264116986,cluster_62,1.0099749443430297,62 transmembrane receptor protein tyrosine phosphatase activity
GOTERM_BP_DIRECT,GO:0006470~protein dephosphorylation,3,0.5802707930367506,0.5809598263523162,"P23471, P08575, Q13332",517,72,19172,1.5451321727917473,1.0,1.0,0.8871665465032444,cluster_62,1.0099749443430297,62 transmembrane receptor protein tyrosine phosphatase activity
UP_KW_MOLECULAR_FUNCTION,KW-0378~Hydrolase,14,2.7079303675048356,0.9999999999761933,"P23470, P23471, Q9NP60, P49961, O14672, P10586, P28907, Q9NPH3, Q9NZN1, P08575, P23468, P05067, Q13332, P20333",300,1951,12067,0.28863488809157695,1.0,1.0,0.9999999999761933,cluster_62,1.0099749443430297,62 transmembrane receptor protein tyrosine phosphatase activity
REACTOME_PATHWAY,R-HSA-164938~Nef-mediates down modulation of cell surface receptors by recruiting them to clathrin adapters,5,0.9671179883945842,0.010324081025095683,"P04439, P10966, P10747, P01730",443,23,11610,5.697320639905781,0.9998293326124714,0.06299950172978096,0.05350436151691924,cluster_63,0.9375940908821236,63 Nef-mediates down modulation of cell surface receptors by recruiting them to clathrin adapters
REACTOME_PATHWAY,R-HSA-164952~The role of Nef in HIV-1 replication and disease pathogenesis,5,0.9671179883945842,0.025944822031021726,"P04439, P10966, P10747, P01730",443,30,11610,4.367945823927765,0.999999999714336,0.14269652117061948,0.1211896292238515,cluster_63,0.9375940908821236,63 Nef-mediates down modulation of cell surface receptors by recruiting them to clathrin adapters
REACTOME_PATHWAY,R-HSA-162909~Host Interactions of HIV factors,5,0.9671179883945842,0.6817925372475959,"P04439, P10966, P10747, P01730",443,121,11610,1.0829617745275453,1.0,1.0,0.8502994011976048,cluster_63,0.9375940908821236,63 Nef-mediates down modulation of cell surface receptors by recruiting them to clathrin adapters
REACTOME_PATHWAY,R-HSA-162906~HIV Infection,5,0.9671179883945842,0.9729024408240924,"P04439, P10966, P10747, P01730",443,223,11610,0.5876160301248115,1.0,1.0,0.9729024408240924,cluster_63,0.9375940908821236,63 Nef-mediates down modulation of cell surface receptors by recruiting them to clathrin adapters
GOTERM_MF_DIRECT,GO:0070915~lysophosphatidic acid receptor activity,3,0.5802707930367506,0.0066222399114766305,"Q9UBY5, Q9HBW0, Q92633",512,5,19319,22.639453125000003,0.9503723644356705,0.02993252439987437,0.023442729286627273,cluster_64,0.8909776583485441,64 lysophosphatidic acid receptor activity
REACTOME_PATHWAY,R-HSA-419408~Lysosphingolipid and LPA receptors,3,0.5802707930367506,0.09733954255405386,"Q9UBY5, Q9HBW0, Q92633",443,14,11610,5.615930345049984,1.0,0.43056009299041814,0.3656670646210489,cluster_64,0.8909776583485441,64 lysophosphatidic acid receptor activity
GOTERM_MF_DIRECT,GO:0008289~lipid binding,8,1.5473887814313347,0.49906640619410225,"Q9UBY5, Q9NZC2, P08174, Q9HBW0, P29274, P20916, P01730, Q92633",512,253,19319,1.1931200592885376,1.0,1.0,0.7849223946784922,cluster_64,0.8909776583485441,64 lysophosphatidic acid receptor activity
REACTOME_PATHWAY,R-HSA-416476~G alpha (q) signalling events,7,1.3539651837524178,0.848470638792162,"Q9UBY5, Q9HBW0, P25090, P00533, Q99075, P05067, Q92633",443,220,11610,0.8338805663862098,1.0,1.0,0.8502994011976048,cluster_64,0.8909776583485441,64 lysophosphatidic acid receptor activity
GOTERM_BP_DIRECT,GO:0035036~sperm-egg recognition,3,0.5802707930367506,0.060241887392132834,"A6ND01, P21926, Q8IYV9",517,15,19172,7.416634429400387,1.0,0.29022784290480663,0.25738764734728975,cluster_65,0.8749953827587331,65 sperm-egg recognition
UP_KW_BIOLOGICAL_PROCESS,KW-0278~Fertilization,4,0.7736943907156674,0.19421188972302708,"A6ND01, P21926, P15529, Q8IYV9",362,49,11630,2.6226181080166873,0.9998570924902624,0.5687633913317222,0.4855297243075677,cluster_65,0.8749953827587331,65 sperm-egg recognition
GOTERM_BP_DIRECT,GO:0007342~fusion of sperm to egg plasma membrane involved in single fertilization,3,0.5802707930367506,0.2026933346936102,"A6ND01, P21926, Q8IYV9",517,31,19172,3.588694078742123,1.0,0.6495080874997324,0.5760141994006637,cluster_65,0.8749953827587331,65 sperm-egg recognition
GOTERM_BP_DIRECT,GO:0017015~regulation of transforming growth factor beta receptor signaling pathway,4,0.7736943907156674,0.02578266015832543,"P17813, Q92896, Q03167, P26006",517,24,19172,6.180528691166989,1.0,0.15320531464529566,0.1358696502133595,cluster_66,0.8394078950614154,66 regulation of transforming growth factor beta receptor signaling pathway
GOTERM_BP_DIRECT,GO:0007179~transforming growth factor beta receptor signaling pathway,6,1.160541586073501,0.17078566693018793,"P17813, P33151, Q92896, Q03167, P36894, O00501",517,109,19172,2.0412755310276296,1.0,0.5827404842935138,0.5168015610257072,cluster_66,0.8394078950614154,66 regulation of transforming growth factor beta receptor signaling pathway
GOTERM_BP_DIRECT,GO:0030512~negative regulation of transforming growth factor beta receptor signaling pathway,4,0.7736943907156674,0.6886478098219275,"P17813, P22223, Q92896, Q03167",517,131,19172,1.132310599908456,1.0,1.0,0.8871665465032444,cluster_66,0.8394078950614154,66 regulation of transforming growth factor beta receptor signaling pathway
REACTOME_PATHWAY,R-HSA-9833576~CDH11 homotypic and heterotypic interactions,3,0.5802707930367506,0.026744502287223675,"Q86UP0, P55287, P55286",443,7,11610,11.231860690099968,0.9999999998562329,0.14518444098778568,0.1233025754800572,cluster_67,0.7587149146634331,67 CDH11 homotypic and heterotypic interactions
REACTOME_PATHWAY,R-HSA-9762292~Regulation of CDH11 function,3,0.5802707930367506,0.0633664289962037,"Q86UP0, P55287, P55286",443,11,11610,7.147547711881797,1.0,0.3062100268255855,0.26005875483991114,cluster_67,0.7587149146634331,67 CDH11 homotypic and heterotypic interactions
REACTOME_PATHWAY,R-HSA-9759475~Regulation of CDH11 Expression and Function,3,0.5802707930367506,0.2889397184906578,"Q86UP0, P55287, P55286",443,28,11610,2.807965172524992,1.0,0.9700947978240559,0.8238843378649279,cluster_67,0.7587149146634331,67 CDH11 homotypic and heterotypic interactions
REACTOME_PATHWAY,R-HSA-9764260~Regulation of Expression and Function of Type II Classical Cadherins,3,0.5802707930367506,0.3315122085265837,"Q86UP0, P55287, P55286",443,31,11610,2.536226607441928,1.0,1.0,0.8502994011976048,cluster_67,0.7587149146634331,67 CDH11 homotypic and heterotypic interactions
REACTOME_PATHWAY,R-HSA-9759476~Regulation of Homotypic Cell-Cell Adhesion,4,0.7736943907156674,0.9908887582202079,"Q86UP0, P55287, P55286, P12830",443,219,11610,0.47867899440304273,1.0,1.0,0.9908887582202079,cluster_67,0.7587149146634331,67 CDH11 homotypic and heterotypic interactions
UP_KW_DOMAIN,KW-0768~Sushi,7,1.3539651837524178,0.014622467444441612,"P14151, P08174, P16581, P15529, P20023, P16109, P01589",517,57,14674,3.4856289660321016,0.1863508393485792,0.022746060469131395,0.014622467444441612,cluster_68,0.6403810192866313,68 Sushi
UP_KW_BIOLOGICAL_PROCESS,KW-0180~Complement pathway,3,0.5802707930367506,0.29649955189542065,"P08174, P15529, P20023",362,35,11630,2.7537490134175218,0.9999994531861395,0.7597801017320154,0.6485927697712327,cluster_68,0.6403810192866313,68 Sushi
GOTERM_BP_DIRECT,"GO:0006958~complement activation, classical pathway",3,0.5802707930367506,0.3227126302747554,"P08174, P15529, P20023",517,43,19172,2.5871980567675767,1.0,0.8779681853063198,0.7786233167707578,cluster_68,0.6403810192866313,68 Sushi
REACTOME_PATHWAY,R-HSA-977606~Regulation of Complement cascade,5,0.9671179883945842,0.6357902307922799,"P08174, P15529, P15391, P13987, P20023",443,114,11610,1.149459427349412,1.0,1.0,0.8502994011976048,cluster_68,0.6403810192866313,68 Sushi
REACTOME_PATHWAY,R-HSA-166658~Complement cascade,5,0.9671179883945842,0.7061880846242505,"P08174, P15529, P15391, P13987, P20023",443,125,11610,1.0483069977426636,1.0,1.0,0.8502994011976048,cluster_68,0.6403810192866313,68 Sushi
GOTERM_BP_DIRECT,GO:0006935~chemotaxis,10,1.9342359767891684,0.015407971463907417,"P78423, Q03405, Q9H2A7, P16150, P49238, P25090, O00574, P10721, Q9Y6N7, P32004",517,143,19172,2.5932288214686667,1.0,0.10278154041428625,0.09115148503047153,cluster_69,0.5844126169958177,69 chemotaxis
REACTOME_PATHWAY,R-HSA-380108~Chemokine receptors bind chemokines,4,0.7736943907156674,0.39103909771793766,"P78423, Q9H2A7, P49238, O00574",443,59,11610,1.7767915215977348,1.0,1.0,0.8502994011976048,cluster_69,0.5844126169958177,69 chemotaxis
UP_KW_BIOLOGICAL_PROCESS,KW-0145~Chemotaxis,5,0.9671179883945842,0.39769499016399656,"P78423, P16234, Q9H2A7, P25090, Q9Y6N7",362,103,11630,1.5595665933594378,0.9999999990614109,0.8958821153990252,0.7647774155845336,cluster_69,0.5844126169958177,69 chemotaxis
GOTERM_BP_DIRECT,GO:0070098~chemokine-mediated signaling pathway,3,0.5802707930367506,0.5577621842626803,"P78423, P49238, O00574",517,69,19172,1.612311832478345,1.0,1.0,0.8871665465032444,cluster_69,0.5844126169958177,69 chemotaxis
REACTOME_PATHWAY,R-HSA-375276~Peptide ligand-binding receptors,6,1.160541586073501,0.8953072083288968,"P78423, Q9H2A7, P49238, P25090, O00574, P05067",443,205,11610,0.7670539007873148,1.0,1.0,0.8953072083288968,cluster_69,0.5844126169958177,69 chemotaxis
GOTERM_CC_DIRECT,GO:0005796~Golgi lumen,8,1.5473887814313347,0.024295403999686854,"Q8WXI7, Q9NZ53, Q6UVK1, P18827, Q14118, P12830, P34741, P05067",517,112,20299,2.804504006631666,0.999857240092788,0.0911077649988257,0.06934313224910622,cluster_70,0.5366766086960388,70 Golgi lumen
REACTOME_PATHWAY,"R-HSA-3560783~Defective B4GALT7 causes EDS, progeroid type",3,0.5802707930367506,0.17560138620797433,"Q6UVK1, P18827, P34741",443,20,11610,3.9311512415349887,1.0,0.6892267638711355,0.5853480889336198,cluster_70,0.5366766086960388,70 Golgi lumen
REACTOME_PATHWAY,R-HSA-3560801~Defective B3GAT3 causes JDSSDHD,3,0.5802707930367506,0.17560138620797433,"Q6UVK1, P18827, P34741",443,20,11610,3.9311512415349887,1.0,0.6892267638711355,0.5853480889336198,cluster_70,0.5366766086960388,70 Golgi lumen
REACTOME_PATHWAY,R-HSA-4420332~Defective B3GALT6 causes EDSP2 and SEMDJL1,3,0.5802707930367506,0.17560138620797433,"Q6UVK1, P18827, P34741",443,20,11610,3.9311512415349887,1.0,0.6892267638711355,0.5853480889336198,cluster_70,0.5366766086960388,70 Golgi lumen
GOTERM_CC_DIRECT,GO:0043202~lysosomal lumen,5,0.9671179883945842,0.24988475308329902,"Q6UVK1, P18827, P48023, P34741, P04233",517,100,20299,1.9631528046421665,1.0,0.5518927061962433,0.4200516708271407,cluster_70,0.5366766086960388,70 Golgi lumen
REACTOME_PATHWAY,R-HSA-1971475~Glycosaminoglycan-protein linkage region biosynthesis,3,0.5802707930367506,0.3031879128548328,"Q6UVK1, P18827, P34741",443,29,11610,2.7111387872655093,1.0,1.0,0.8502994011976048,cluster_70,0.5366766086960388,70 Golgi lumen
REACTOME_PATHWAY,R-HSA-3560782~Diseases associated with glycosaminoglycan metabolism,3,0.5802707930367506,0.47882600126285624,"Q6UVK1, P18827, P34741",443,42,11610,1.871976781683328,1.0,1.0,0.8502994011976048,cluster_70,0.5366766086960388,70 Golgi lumen
REACTOME_PATHWAY,R-HSA-1630316~Glycosaminoglycan metabolism,4,0.7736943907156674,0.9010251434331632,"Q6UVK1, P18827, P34741, P16070",443,138,11610,0.7596427519874374,1.0,1.0,0.9010251434331632,cluster_70,0.5366766086960388,70 Golgi lumen
REACTOME_PATHWAY,R-HSA-71387~Metabolism of carbohydrates and carbohydrate derivatives,4,0.7736943907156674,0.9994468207186076,"Q6UVK1, P18827, P34741, P16070",443,305,11610,0.3437072123746438,1.0,1.0,0.9994468207186076,cluster_70,0.5366766086960388,70 Golgi lumen
REACTOME_PATHWAY,R-HSA-1430728~Metabolism,9,1.7408123791102514,1.0,"Q9NZ53, P28907, P49961, Q9NPF0, Q6UVK1, P18827, P34741, P16070, O75509",443,2210,11610,0.1067280880054748,1.0,1.0,1.0,cluster_70,0.5366766086960388,70 Golgi lumen
GOTERM_BP_DIRECT,GO:0002062~chondrocyte differentiation,5,0.9671179883945842,0.0816989746937816,"O00238, P11362, P22607, Q14118, P36894",517,61,19172,3.039604274344421,1.0,0.3564695829799433,0.31613392566257315,cluster_71,0.5248173466453054,71 chondrocyte differentiation
GOTERM_BP_DIRECT,GO:0000165~MAPK cascade,6,1.160541586073501,0.3571125672498696,"O00238, P11362, P22607, P08575, P36894, P00533",517,146,19172,1.5239659786439153,1.0,0.9474066674171971,0.8402046156806205,cluster_71,0.5248173466453054,71 chondrocyte differentiation
UP_KW_DISEASE,KW-0242~Dwarfism,5,0.9671179883945842,0.913116561857755,"Q9NYJ7, O00238, P11362, P22607, Q9Y6N7",151,222,4928,0.7350396754370265,1.0,1.0,0.9833333333333333,cluster_71,0.5248173466453054,71 chondrocyte differentiation
REACTOME_PATHWAY,"R-HSA-9926550~Regulation of MITF-M-dependent genes involved in extracellular matrix, focal adhesion and epithelial-to-mesenchymal transition",3,0.5802707930367506,0.07417430126967227,"P17301, P19022, P12830",443,12,11610,6.551918735891649,1.0,0.33700932533394573,0.28621605381232235,cluster_72,0.5044073501944009,"72 Regulation of MITF-M-dependent genes involved in extracellular matrix, focal adhesion and epithelial-to-mesenchymal transition"
REACTOME_PATHWAY,R-HSA-9730414~MITF-M-regulated melanocyte development,7,1.3539651837524178,0.5421061081474898,"P17301, P19022, P12830, P13688, P21583, P10721, O14788",443,155,11610,1.1835724168062332,1.0,1.0,0.8502994011976048,cluster_72,0.5044073501944009,"72 Regulation of MITF-M-dependent genes involved in extracellular matrix, focal adhesion and epithelial-to-mesenchymal transition"
REACTOME_PATHWAY,R-HSA-9856651~MITF-M-dependent gene expression,4,0.7736943907156674,0.7628518166896298,"P17301, P19022, P12830, P13688",443,104,11610,1.0079874978294843,1.0,1.0,0.8502994011976048,cluster_72,0.5044073501944009,"72 Regulation of MITF-M-dependent genes involved in extracellular matrix, focal adhesion and epithelial-to-mesenchymal transition"
GOTERM_CC_DIRECT,GO:0005788~endoplasmic reticulum lumen,13,2.5145067698259185,0.15865188672668754,"Q06481, Q13421, O14672, Q14118, P19022, P12830, P34741, P36888, Q03405, Q9UMD9, Q5TAT6, P01730, P05067",517,340,20299,1.501234497667539,1.0,0.3859099947405913,0.29372038488589447,cluster_73,0.48694053710202573,73 endoplasmic reticulum lumen
REACTOME_PATHWAY,R-HSA-8957275~Post-translational protein phosphorylation,6,1.160541586073501,0.4086271137836258,"Q06481, Q13421, O14672, P19022, P34741, P05067",443,110,11610,1.4295095423763595,1.0,1.0,0.8502994011976048,cluster_73,0.48694053710202573,73 endoplasmic reticulum lumen
REACTOME_PATHWAY,R-HSA-381426~Regulation of Insulin-like Growth Factor (IGF) transport and uptake by Insulin-like Growth Factor Binding Proteins (IGFBPs),6,1.160541586073501,0.5338336763518424,"Q06481, Q13421, O14672, P19022, P34741, P05067",443,127,11610,1.2381578713496026,1.0,1.0,0.8502994011976048,cluster_73,0.48694053710202573,73 endoplasmic reticulum lumen
UP_KW_BIOLOGICAL_PROCESS,KW-1009~Hearing,4,0.7736943907156674,0.21842971811584133,"Q9H251, P29033, Q96QU1, Q9H5Y7",362,52,11630,2.4713132171695706,0.9999591031799105,0.597041229516633,0.5096693422702965,cluster_74,0.4578378410040125,74 Hearing
UP_KW_DISEASE,KW-1010~Non-syndromic deafness,6,1.160541586073501,0.4174221485773466,"Q9H251, O75712, P29033, Q5JZY3, Q96QU1, P21583",151,139,4928,1.4087379103339845,0.9999999999999951,1.0,0.9833333333333333,cluster_74,0.4578378410040125,74 Hearing
UP_KW_DISEASE,KW-0209~Deafness,11,2.127659574468085,0.46408684971953096,"Q9H251, O75712, P55287, P22607, P29033, Q5JZY3, Q96QU1, P21583, P78504, Q9H5Y7, Q9Y6Q6",151,308,4928,1.1655629139072847,1.0,1.0,0.9833333333333333,cluster_74,0.4578378410040125,74 Hearing
GOTERM_BP_DIRECT,GO:0007193~adenylate cyclase-inhibiting G protein-coupled receptor signaling pathway,6,1.160541586073501,0.09890024054843424,"Q86SQ4, P0DMS8, P25090, P05067, P30542, Q92633",517,91,19172,2.4450443173847427,1.0,0.4140314421946275,0.36718247900575796,cluster_75,0.31716474513242354,75 adenylate cyclase-inhibiting G protein-coupled receptor signaling pathway
GOTERM_BP_DIRECT,GO:0007186~G protein-coupled receptor signaling pathway,34,6.5764023210831715,0.18146865722679062,"Q06481, P78423, Q86SQ4, Q86SQ3, P07766, Q14246, P49961, P29274, Q9HBW0, P29275, P25090, O95490, P30542, Q6IF99, Q8IZP9, Q9UBY5, Q8IZF2, Q8IZF4, Q9NYQ7, P49238, Q96PE1, Q9HAR2, Q92633, O94910, P48960, Q9Y653, P0DMS8, O00574, Q5T601, Q8IWK6, Q9UHX3, Q9HBW9, P05067, O14514",517,1035,19172,1.2181911623169717,1.0,0.6052590430340673,0.5367720738403026,cluster_75,0.31716474513242354,75 adenylate cyclase-inhibiting G protein-coupled receptor signaling pathway
REACTOME_PATHWAY,R-HSA-373076~Class A/1 (Rhodopsin-like receptors),13,2.5145067698259185,0.6559127147170889,"P78423, P29274, P0DMS8, Q9HBW0, P29275, P25090, O00574, P30542, Q9UBY5, Q9H2A7, P49238, P05067, Q92633",443,342,11610,0.9961981703694903,1.0,1.0,0.8502994011976048,cluster_75,0.31716474513242354,75 adenylate cyclase-inhibiting G protein-coupled receptor signaling pathway
REACTOME_PATHWAY,R-HSA-500792~GPCR ligand binding,17,3.2882011605415857,0.7325203269662802,"P78423, Q14246, P48960, P29274, P0DMS8, Q9HBW0, P29275, P25090, O00574, P30542, Q9UBY5, P08174, Q9UHX3, Q9H2A7, P49238, P05067, Q92633",443,476,11610,0.935988390841664,1.0,1.0,0.8502994011976048,cluster_75,0.31716474513242354,75 adenylate cyclase-inhibiting G protein-coupled receptor signaling pathway
REACTOME_PATHWAY,R-HSA-418594~G alpha (i) signalling events,11,2.127659574468085,0.7914898571942861,"P78423, Q9UBY5, Q9H2A7, Q9HBW0, P0DMS8, P49238, P25090, O00574, P05067, P30542, Q92633",443,323,11610,0.8925214377066022,1.0,1.0,0.8502994011976048,cluster_75,0.31716474513242354,75 adenylate cyclase-inhibiting G protein-coupled receptor signaling pathway
REACTOME_PATHWAY,R-HSA-372790~Signaling by GPCR,22,4.25531914893617,0.9199998823702101,"P78423, P08648, P05556, Q14246, P48960, P29274, P0DMS8, Q9HBW0, O43157, P29275, P25090, O00574, Q99075, P30542, Q9UBY5, P08174, Q9UHX3, Q9H2A7, P49238, P00533, P05067, Q92633",443,718,11610,0.8030206807220961,1.0,1.0,0.9199998823702101,cluster_75,0.31716474513242354,75 adenylate cyclase-inhibiting G protein-coupled receptor signaling pathway
REACTOME_PATHWAY,R-HSA-388396~GPCR downstream signalling,18,3.481624758220503,0.9592878736077146,"P78423, P08648, P05556, P29274, P0DMS8, Q9HBW0, O43157, P29275, P25090, O00574, Q99075, P30542, Q9UBY5, Q9H2A7, P49238, P00533, P05067, Q92633",443,641,11610,0.735940950053352,1.0,1.0,0.9592878736077146,cluster_75,0.31716474513242354,75 adenylate cyclase-inhibiting G protein-coupled receptor signaling pathway
REACTOME_PATHWAY,R-HSA-9931295~PD-L1(CD274) glycosylation and translocation to plasma membrane,3,0.5802707930367506,0.1894738501076697,"Q15116, Q9BQ51, Q9NZQ7",443,21,11610,3.743953563366656,1.0,0.7232883045206022,0.6142759524038607,cluster_76,0.2658759030283388,76 PD-L1(CD274) glycosylation and translocation to plasma membrane
REACTOME_PATHWAY,R-HSA-9909615~Regulation of PD-L1(CD274) Post-translational modification,3,0.5802707930367506,0.8446699319441777,"Q15116, Q9BQ51, Q9NZQ7",443,86,11610,0.9142212189616252,1.0,1.0,0.8502994011976048,cluster_76,0.2658759030283388,76 PD-L1(CD274) glycosylation and translocation to plasma membrane
REACTOME_PATHWAY,R-HSA-9909648~Regulation of PD-L1(CD274) expression,3,0.5802707930367506,0.9957171242400505,"Q15116, Q9BQ51, Q9NZQ7",443,195,11610,0.4031949991317937,1.0,1.0,0.9957171242400505,cluster_76,0.2658759030283388,76 PD-L1(CD274) glycosylation and translocation to plasma membrane
GOTERM_BP_DIRECT,GO:0007601~visual perception,8,1.5473887814313347,0.3674927818346474,"P36383, Q9Y6H8, Q9H251, Q9NR61, P22223, Q96QU1, Q8N6F1, Q9H5Y7",517,217,19172,1.367121553806523,1.0,0.973084417548804,0.8629768474189573,cluster_77,0.22908952263553947,77 visual perception
UP_KW_BIOLOGICAL_PROCESS,KW-0844~Vision,5,0.9671179883945842,0.5590980842506874,"Q9H251, Q9NR61, P22223, Q8N6F1, Q9H5Y7",362,127,11630,1.2648453473702528,0.9999999999999973,1.0,0.875,cluster_77,0.22908952263553947,77 visual perception
UP_KW_BIOLOGICAL_PROCESS,KW-0716~Sensory transduction,6,1.160541586073501,0.9999875999633169,"Q6IF99, Q9H251, Q9NR61, P22223, Q8N6F1, Q9H5Y7",362,634,11630,0.3040416891785907,1.0,1.0,0.9999875999633169,cluster_77,0.22908952263553947,77 visual perception
REACTOME_PATHWAY,R-HSA-9013423~RAC3 GTPase cycle,7,1.3539651837524178,0.15361201534319335,"P05556, Q14126, O94933, P29317, P02786, O94991, P78504",443,95,11610,1.9310918379470121,1.0,0.6264372918385837,0.5320221019203282,cluster_78,0.21324023860185484,78 RAC3 GTPase cycle
REACTOME_PATHWAY,R-HSA-9013404~RAC2 GTPase cycle,5,0.9671179883945842,0.4495268822578713,"P05556, Q14126, P29317, P02786, O94991",443,90,11610,1.4559819413092552,1.0,1.0,0.8502994011976048,cluster_78,0.21324023860185484,78 RAC3 GTPase cycle
REACTOME_PATHWAY,R-HSA-9013408~RHOG GTPase cycle,4,0.7736943907156674,0.5390109796528588,"P05556, Q14126, P29317, P02786",443,74,11610,1.4166310780306266,1.0,1.0,0.8502994011976048,cluster_78,0.21324023860185484,78 RAC3 GTPase cycle
REACTOME_PATHWAY,R-HSA-9012999~RHO GTPase cycle,14,2.7079303675048356,0.8881623015250293,"O95754, P05556, Q14126, O94933, O43157, O94991, P78504, P17302, Q9Y4D7, O60245, Q9UIW2, Q02413, P29317, P02786",443,454,11610,0.8081661876870755,1.0,1.0,0.8881623015250293,cluster_78,0.21324023860185484,78 RAC3 GTPase cycle
REACTOME_PATHWAY,R-HSA-9013149~RAC1 GTPase cycle,4,0.7736943907156674,0.9749617220700934,"P05556, P29317, P02786, P78504",443,186,11610,0.5636059127648728,1.0,1.0,0.9749617220700934,cluster_78,0.21324023860185484,78 RAC3 GTPase cycle
REACTOME_PATHWAY,R-HSA-194315~Signaling by Rho GTPases,15,2.9013539651837523,0.9987207290704021,"O95754, P05556, Q14126, O94933, O43157, P12830, O94991, P78504, P17302, Q9Y4D7, O60245, Q9UIW2, Q02413, P29317, P02786",443,716,11610,0.549043469488127,1.0,1.0,0.9987207290704021,cluster_78,0.21324023860185484,78 RAC3 GTPase cycle
REACTOME_PATHWAY,"R-HSA-9716542~Signaling by Rho GTPases, Miro GTPases and RHOBTB3",15,2.9013539651837523,0.9991159637038126,"O95754, P05556, Q14126, O94933, O43157, P12830, O94991, P78504, P17302, Q9Y4D7, O60245, Q9UIW2, Q02413, P29317, P02786",443,732,11610,0.537042519335381,1.0,1.0,0.9991159637038126,cluster_78,0.21324023860185484,78 RAC3 GTPase cycle
GOTERM_CC_DIRECT,GO:0033116~endoplasmic reticulum-Golgi intermediate compartment membrane,4,0.7736943907156674,0.36735325024778737,"P08174, P13987, Q9Y6N7, P01135",517,85,20299,1.8476732278985095,1.0,0.7688788958674619,0.5852022707435682,cluster_79,0.11076031946562603,79 endoplasmic reticulum-Golgi intermediate compartment membrane
REACTOME_PATHWAY,R-HSA-199977~ER to Golgi Anterograde Transport,3,0.5802707930367506,0.9862022528950958,"P08174, P13987, P01135",443,161,11610,0.48834176913478117,1.0,1.0,0.9862022528950958,cluster_79,0.11076031946562603,79 endoplasmic reticulum-Golgi intermediate compartment membrane
REACTOME_PATHWAY,R-HSA-948021~Transport to the Golgi and subsequent modification,3,0.5802707930367506,0.9952454968899873,"P08174, P13987, P01135",443,192,11610,0.40949492099322804,1.0,1.0,0.9952454968899873,cluster_79,0.11076031946562603,79 endoplasmic reticulum-Golgi intermediate compartment membrane
REACTOME_PATHWAY,R-HSA-446203~Asparagine N-linked glycosylation,3,0.5802707930367506,0.9999507808444827,"P08174, P13987, P01135",443,319,11610,0.24646716247868267,1.0,1.0,0.9999507808444827,cluster_79,0.11076031946562603,79 endoplasmic reticulum-Golgi intermediate compartment membrane
GOTERM_BP_DIRECT,GO:0006811~monoatomic ion transport,3,0.5802707930367506,0.9980764268208646,"P78369, P22001, O43424",517,310,19172,0.3588694078742123,1.0,1.0,0.9980764268208646,cluster_80,0.0002789548038969515,80 monoatomic ion transport
UP_KW_BIOLOGICAL_PROCESS,KW-0406~Ion transport,5,0.9671179883945842,0.9999984741038915,"P78369, Q9Y5I7, Q30201, P22001, O43424",362,647,11630,0.24827721656263074,1.0,1.0,0.9999984741038915,cluster_80,0.0002789548038969515,80 monoatomic ion transport
UP_KW_BIOLOGICAL_PROCESS,KW-0813~Transport,6,1.160541586073501,1.0,"P78369, Q12864, Q9Y5I7, Q30201, P22001, O43424",362,2137,11630,0.09020235420647006,1.0,1.0,1.0,cluster_80,0.0002789548038969515,80 monoatomic ion transport
REACTOME_PATHWAY,R-HSA-212436~Generic Transcription Pathway,29,5.609284332688588,0.9997230752970795,"Q9Y5U5, P08514, O00548, O00220, P78504, O00501, Q99466, O14763, P01135, P25445, P08648, Q9UM47, P07359, P04626, P48023, P13612, P10721, P20701, P16410, Q04721, Q9HCM2, P46531, P01589, P00533, O14798, Q9UBN6",443,1268,11610,0.5993868875105923,1.0,1.0,0.9997230752970795,cluster_81,4.699461028541738e-05,81 Generic Transcription Pathway
REACTOME_PATHWAY,R-HSA-73857~RNA Polymerase II Transcription,29,5.609284332688588,0.9999528229582972,"Q9Y5U5, P08514, O00548, O00220, P78504, O00501, Q99466, O14763, P01135, P25445, P08648, Q9UM47, P07359, P04626, P48023, P13612, P10721, P20701, P16410, Q04721, Q9HCM2, P46531, P01589, P00533, O14798, Q9UBN6",443,1352,11610,0.5621468737895201,1.0,1.0,0.9999528229582972,cluster_81,4.699461028541738e-05,81 Generic Transcription Pathway
REACTOME_PATHWAY,R-HSA-74160~Gene expression (Transcription),29,5.609284332688588,0.999999513941056,"Q9Y5U5, P08514, O00548, O00220, P78504, O00501, Q99466, O14763, P01135, P25445, P08648, Q9UM47, P07359, P04626, P48023, P13612, P10721, P20701, P16410, Q04721, Q9HCM2, P46531, P01589, P00533, O14798, Q9UBN6",443,1547,11610,0.4912880241521856,1.0,1.0,0.999999513941056,cluster_81,4.699461028541738e-05,81 Generic Transcription Pathway
