Q9NY15	158.76614379882812	157.9555435180664	123.02666473388672
Q8WWQ8	204.15290069580078	142.07878875732422	121.91709518432617
Q9P273	169.24729919433594	124.06142807006836	118.4539680480957
Q6UVK1	175.26815795898438	137.24340057373047	115.05813217163086
O75443	149.70833587646484	120.30401229858398	118.6721305847168
P17927	183.97550201416016	151.46202087402344	118.37298965454102
Q9UMZ3	234.3266372680664	131.25103378295898	97.62849426269531
Q58EX2	158.05490112304688	137.55388641357422	99.9312973022461
P09848	145.36242294311523	115.41765975952148	106.72709274291992
P08922	209.14302825927734	96.16783905029297	86.09494018554688
P46531	183.03661346435547	150.6611671447754	103.54574584960938
O75096	162.9372329711914	115.00837707519531	81.71329116821289
Q04721	178.84636688232422	141.07855224609375	129.03817749023438
O60449	176.60372161865234	94.60322570800781	90.23220825195312
E2RYF6	295.6481170654297	46.28632354736328	40.842308044433594
Q92824	181.16541290283203	121.30344009399414	91.26823043823242
Q9BZZ2	214.65354919433594	108.09376525878906	85.30810928344727
P23471	87.76750564575195	55.16023254394531	47.26755905151367
Q9P2S2	165.81421661376953	111.50130081176758	82.34760284423828
Q9UM47	174.0039825439453	130.7392234802246	103.555419921875
P23467	262.6679229736328	131.5759162902832	80.52141189575195
O60469	176.19544982910156	110.57296371459961	83.89852142333984
Q8TD84	166.81239318847656	93.29010772705078	92.22788619995117
Q9UPZ6	224.3345947265625	112.77809524536133	104.2691421508789
A6NMS7	158.44287109375	132.34964752197266	114.73881149291992
A6NM11	183.62737274169922	137.17737579345703	95.75947570800781
O60309	73.63434600830078	41.549489974975586	37.8276309967041
Q9Y4C0	171.8529281616211	102.56344985961914	71.61464309692383
Q9C0I4	202.40170288085938	111.85506439208984	91.99068832397461
O43157	160.93292236328125	149.16426849365234	121.18161392211914
Q99466	187.15306091308594	154.71024703979492	111.09891128540039
Q6YHK3	125.00774383544922	97.46987533569336	78.21183776855469
Q6P1J6	157.62516021728516	92.99776077270508	68.56017303466797
Q9UBG0	114.89372634887695	89.58167266845703	81.44599533081055
Q13018	112.40693664550781	111.26480484008789	88.767333984375
Q9ULB1	141.86106872558594	100.0792465209961	75.65243721008301
P22897	143.16597747802734	80.6568374633789	74.69252395629883
O75197	150.75192260742188	101.64370727539062	61.37856101989746
O75581	159.68431854248047	102.66549301147461	60.09120750427246
Q96QU1	202.1234359741211	108.6218376159668	102.35821914672852
Q7Z442	161.92009735107422	106.44802474975586	82.67697525024414
P82279	182.9525604248047	150.68122100830078	91.1970100402832
Q9NR16	145.65779876708984	115.74698257446289	86.97213745117188
Q9UHN6	121.2155876159668	96.1137809753418	73.42400360107422
O75976	111.4627571105957	110.17337417602539	84.26009368896484
P78357	144.6592903137207	104.78838348388672	71.47151374816895
Q13332	177.87387084960938	125.65146255493164	53.05927276611328
Q5DID0	156.1906509399414	143.3924102783203	90.20630645751953
P23468	172.10318756103516	123.47391510009766	72.72320556640625
Q9UHC6	153.72846221923828	98.8712158203125	79.85776710510254
P10586	181.94585418701172	99.26387023925781	78.2868537902832
P12821	152.1964340209961	82.16149520874023	61.04791831970215
Q9Y4D7	150.85982513427734	118.05800247192383	74.07561111450195
Q9BZ76	131.58355712890625	92.47330093383789	76.96679306030273
Q96NU0	129.80964279174805	92.66106414794922	76.70941543579102
Q9ULI3	90.59585571289062	57.89775085449219	39.728546142578125
Q9UIW2	146.01666259765625	107.56914520263672	84.34487915039062
Q9C0A0	135.3754005432129	88.8792495727539	80.65371322631836
Q9HCM2	147.57468032836914	106.97889709472656	87.33863067626953
Q8WYK1	136.4302864074707	89.01020050048828	81.81726455688477
Q9ULL4	136.38168716430664	109.71901321411133	78.04415130615234
O75051	145.3620147705078	105.12519073486328	85.9658432006836
P51805	146.58907318115234	104.94319534301758	85.68903732299805
O75882	139.80817031860352	115.15422058105469	71.24394226074219
O94856	145.60487365722656	128.55646133422852	97.64584732055664
O15031	137.83901977539062	106.0579719543457	90.98848724365234
Q5VV63	139.1883430480957	116.22582626342773	66.78911209106445
Q9NTG1	156.88405990600586	95.65944290161133	67.99476623535156
Q92823	183.44137573242188	115.29499435424805	76.40476608276367
P15941	42.09353828430176	28.94293975830078	28.723557472229004
Q9BYE9	218.5804672241211	103.02859878540039	74.97087478637695
Q6UXC1	131.49827575683594	79.42801666259766	69.21409606933594
P69849	154.14876556396484	125.52086639404297	122.0405158996582
Q15155	158.6285629272461	139.25579833984375	118.24440383911133
Q9UKX5	210.13150787353516	103.53303527832031	52.3481330871582
Q92896	184.30915069580078	63.34652137756348	55.96461296081543
P56199	195.7221221923828	106.69706344604492	61.8787784576416
Q7RTW8	108.35380554199219	96.22903823852539	71.44571304321289
P38570	153.10325622558594	109.42905044555664	72.44572257995605
O75054	393.8786315917969	91.32008743286133	50.97711181640625
Q9Y2D5	190.56292724609375	159.81714630126953	127.47525787353516
P17301	146.79210662841797	114.29523468017578	58.66719436645508
P32004	140.09148788452148	103.59326171875	92.44526290893555
O75578	225.9597930908203	91.25905227661133	54.49842071533203
Q7Z3S7	110.91072082519531	96.74643325805664	72.9703369140625
Q9NY47	114.75104522705078	105.74129486083984	85.29262924194336
Q6MZM0	112.22293472290039	86.77545928955078	85.05149459838867
P11215	160.3674774169922	125.6167221069336	54.06906318664551
P20702	163.0788116455078	111.46054077148438	56.1163444519043
Q9BQS7	120.54826736450195	91.39490127563477	82.7260513305664
Q13349	145.580078125	125.43254852294922	55.845109939575195
Q9BZV3	153.8770980834961	151.95409393310547	116.80199813842773
P43146	152.7351303100586	103.67766952514648	70.69725799560547
Q92859	139.74717712402344	108.8494644165039	75.63910293579102
P20701	145.99749755859375	115.6804084777832	56.08372116088867
Q5VU97	104.82226943969727	79.51902389526367	64.34646034240723
P41180	182.2086181640625	84.64997482299805	61.76855659484863
O00533	138.99801635742188	109.88008117675781	83.00634002685547
A0A1W2PQ11	179.51473999023438	113.64575576782227	79.1106071472168
Q9Y219	177.4685287475586	121.86161041259766	97.31479263305664
O94779	170.78655242919922	108.98524856567383	83.12490844726562
Q9H7T0	135.94832611083984	96.80701446533203	77.81165313720703
P54289	104.87479782104492	83.73263168334961	73.9505386352539
Q13683	191.10045623779297	106.41043090820312	61.80099868774414
Q8IZS8	114.33736801147461	93.67807388305664	76.2597427368164
Q9P283	146.10369110107422	133.83647918701172	68.78279113769531
P78504	200.4561767578125	99.02185440063477	84.0750732421875
O60500	192.58843231201172	95.08600234985352	74.28999519348145
Q6ZRH7	107.52947616577148	95.8954963684082	91.50395965576172
Q96PQ0	143.5501365661621	83.59022903442383	69.96972274780273
P23229	163.16387557983398	116.57138442993164	59.97232437133789
Q9UM73	118.19792175292969	111.53322982788086	73.2029037475586
P01133	111.77192687988281	108.74882507324219	92.87833404541016
Q7Z410	135.67327499389648	102.7795181274414	91.85919189453125
Q86VB7	171.22431182861328	88.35366821289062	62.329668045043945
Q9UMD9	160.42035675048828	143.49817657470703	123.01079940795898
Q86Z14	122.73310852050781	85.5446662902832	62.956939697265625
Q8IZF2	181.91392517089844	89.07343673706055	64.25679397583008
Q9P232	167.5726776123047	93.22324752807617	77.16654205322266
Q02246	176.20916748046875	92.99141311645508	88.51164627075195
Q8IWV2	191.3895034790039	118.16646194458008	96.9145736694336
A0A1X7SBX3	162.43939208984375	79.32873153686523	53.33438682556152
Q9UQ52	162.30075073242188	94.00257110595703	72.74746322631836
Q9Y5Q5	119.2182731628418	96.02309799194336	82.3968276977539
P53708	142.0173568725586	112.94573593139648	58.45213317871094
Q12860	143.13931274414062	96.69288635253906	79.24339294433594
P98073	129.56653594970703	87.94413757324219	59.77008056640625
Q9UKU6	96.71537399291992	75.16695022583008	63.75893592834473
P08514	144.69278717041016	102.15777587890625	64.25882339477539
P06756	137.42669677734375	115.97425079345703	55.17897033691406
P26006	153.28252029418945	111.88291549682617	57.05520057678223
A0A3B3IU48	147.22793579101562	113.00520706176758	54.03013229370117
P08648	131.97047424316406	107.8058853149414	55.75648880004883
Q13797	155.0781021118164	100.3398666381836	54.181196212768555
P20023	176.21257781982422	107.53067779541016	75.46585464477539
Q9UEF7	122.91860580444336	81.56736373901367	73.68230438232422
Q13591	153.9974822998047	108.96233367919922	85.2083625793457
P13612	144.82928085327148	107.43996047973633	54.50847244262695
Q12913	288.4629669189453	86.63545608520508	54.301109313964844
Q4KMG0	140.7702865600586	95.17464447021484	80.28452682495117
P15144	92.73925399780273	82.45160484313965	74.45508575439453
Q5VV43	297.17921447753906	105.98446655273438	88.60828018188477
Q93033	170.8541259765625	104.2179946899414	40.56364440917969
Q8TDY8	189.66781616210938	69.13776779174805	67.86269569396973
Q04912	160.55665588378906	91.07810592651367	65.16811752319336
Q9BYH1	187.34282684326172	90.28480529785156	56.7093505859375
O95980	138.4493179321289	93.45693969726562	63.449920654296875
Q07075	95.696044921875	73.74882125854492	61.246145248413086
O14514	143.3283805847168	120.13567733764648	82.70080184936523
Q8NFP4	148.95889282226562	112.04575729370117	56.08835983276367
Q2VWP7	172.09593963623047	87.85894775390625	68.8807144165039
O60486	136.30712890625	88.3424072265625	72.50417709350586
P08581	149.17085647583008	86.14806365966797	66.21502494812012
Q53EL9	180.97654724121094	89.84457015991211	55.12821006774902
Q7Z553	159.61003875732422	109.93223190307617	49.95853233337402
Q9NZV1	126.61555480957031	107.47764587402344	97.96342468261719
O60241	146.9473648071289	117.7507553100586	97.65998840332031
Q14DG7	149.46714782714844	116.41871643066406	100.3794174194336
O14525	155.27759552001953	112.15085983276367	82.5049819946289
Q8N3T6	152.6736602783203	116.91082382202148	111.80333709716797
Q9UIQ6	93.32391357421875	74.39281463623047	61.778818130493164
Q96GW7	134.96954727172852	128.43552780151367	120.5753402709961
Q4G0T1	117.3619384765625	95.6419906616211	68.7083568572998
Q14C87	157.80154418945312	108.47665786743164	105.96063995361328
Q5SY80	111.4762954711914	85.46559143066406	73.8983383178711
A8MWY0	156.6751480102539	90.38508605957031	67.04387664794922
Q8IZA0	211.63802337646484	151.76758575439453	109.68390274047852
Q96QE4	75.21735763549805	42.95773696899414	36.28230285644531
Q9Y6N7	207.24356842041016	84.77626037597656	63.170833587646484
Q96MS0	216.61021423339844	108.09924697875977	57.29029083251953
Q9UQC9	91.06192398071289	70.0693359375	61.27097129821777
Q6UXG2	158.92820739746094	87.08706665039062	57.1214656829834
Q6IEE7	150.4950408935547	120.32518768310547	83.79570770263672
O60242	158.22167205810547	152.1125030517578	85.0948486328125
O60245	353.97119140625	64.67733573913574	59.24524116516113
Q8IWU6	127.02053833007812	96.6700553894043	95.82498931884766
Q8IWU5	127.96238327026367	105.88063049316406	100.14508056640625
O14638	129.34957122802734	70.21404266357422	64.41465187072754
O60462	126.70515823364258	118.58422470092773	81.27070999145508
Q9HAR2	111.98851776123047	99.9243392944336	84.72126388549805
P13591	224.21315002441406	90.96996307373047	65.18233489990234
Q9HCK4	210.92394256591797	111.91688919067383	60.78078842163086
Q96RD9	192.31378936767578	87.28586959838867	58.67130661010742
O14786	115.30079650878906	104.82674789428711	91.16879272460938
O94910	133.47224044799805	119.15875625610352	68.43688011169434
Q96KG7	265.4831314086914	101.18453216552734	78.25655364990234
O94985	193.59075927734375	84.49856948852539	58.866817474365234
Q8N6Y1	200.13111877441406	80.17162322998047	56.42526626586914
A6BM72	268.73128509521484	120.16856002807617	51.36351776123047
A2VDJ0	133.5784568786621	93.35473251342773	71.47029876708984
P07202	84.29507446289062	80.46771240234375	67.74477005004883
P22413	125.90812683105469	71.21288871765137	51.54165267944336
Q9BQT9	193.89239501953125	113.08675384521484	70.48672103881836
O95490	107.08867645263672	106.56428146362305	86.08252334594727
Q86SQ4	135.79063415527344	100.68478393554688	73.04058456420898
Q9BWV1	126.16833114624023	84.17848587036133	75.08475875854492
P48357	204.61988067626953	77.05448150634766	63.16671371459961
Q6UXD5	181.48702239990234	82.45676612854004	55.751956939697266
Q24JP5	170.51163482666016	91.76407241821289	68.87749290466309
Q9BZA8	258.75669860839844	63.28078079223633	44.44772529602051
Q9NYK1	91.95288848876953	91.07350540161133	50.54661560058594
Q9H4D0	186.7373046875	85.67814254760742	70.424560546875
Q9P2B2	204.35186767578125	109.69185638427734	50.35154724121094
Q9UMF0	323.8388366699219	108.9782600402832	42.055259704589844
Q9NR97	92.46587753295898	88.49699020385742	50.297536849975586
Q08174	345.6572265625	46.29910469055176	44.06727409362793
Q9NR96	89.6164321899414	87.8665885925293	46.86956977844238
Q16827	177.45391082763672	134.66651916503906	85.28794479370117
Q9HC56	339.71998596191406	55.143747329711914	48.24806213378906
P42702	219.95034790039062	88.60332107543945	60.18717956542969
Q9BZA7	338.04307556152344	47.20518493652344	40.2929573059082
Q14114	142.67379760742188	80.47025299072266	55.5413703918457
Q9Y5Y6	127.40711975097656	75.41212844848633	53.77134895324707
P98155	138.77826690673828	83.43375778198242	76.06880950927734
O75309	296.8630676269531	80.4574089050293	50.119911193847656
O94898	176.08067321777344	91.74845504760742	45.88002586364746
P01130	156.70890045166016	81.41343688964844	66.77978515625
Q03167	121.100341796875	107.7204818725586	84.44743347167969
Q12864	234.2067108154297	122.53919982910156	65.61497497558594
Q96JA1	161.47159576416016	105.01222610473633	47.9091682434082
Q9UGT4	94.1299819946289	90.92628860473633	55.557477951049805
Q8N6C5	136.7177505493164	103.72311401367188	55.984615325927734
P35916	220.7566375732422	75.67447662353516	69.1127700805664
Q8IZF5	113.33876037597656	89.83576965332031	53.137685775756836
P42658	80.62833404541016	72.51401901245117	70.32742691040039
Q86VR7	203.2803955078125	72.09591102600098	55.57716751098633
Q7RTY8	103.76347351074219	84.14362716674805	55.37112236022949
P35968	209.38980102539062	81.11600494384766	57.62527275085449
Q8N608	79.49645233154297	66.00738525390625	62.02966117858887
P35590	148.8672866821289	85.11973190307617	55.04597854614258
Q96PE1	172.66360473632812	78.80083084106445	65.13244819641113
P27487	83.68460845947266	67.03528785705566	65.7689094543457
Q16853	94.31110763549805	73.94225692749023	62.513057708740234
Q8IU80	113.51033401489258	69.55059814453125	51.05880546569824
Q5VY43	251.72533416748047	152.47561645507812	53.38151741027832
Q12884	84.41698837280273	68.50358581542969	66.79409408569336
A0A1W2PQ86	144.21553802490234	143.5847625732422	48.24803924560547
P17948	228.45326232910156	73.27025604248047	60.09249496459961
P06213	125.8522720336914	98.66220092773438	54.63520431518555
O75106	94.90900039672852	72.32037734985352	64.72219657897949
Q92729	248.56409454345703	54.66748809814453	46.25089645385742
P16109	304.01934814453125	65.53904914855957	47.94546127319336
Q8IWK6	144.8682403564453	85.54573440551758	76.21200561523438
Q9HD43	290.3154602050781	46.795841217041016	44.39967346191406
Q15262	243.58850860595703	50.87000846862793	44.99404716491699
Q02763	196.99365997314453	65.24692916870117	53.76719284057617
Q9BYF1	114.07612609863281	73.20860290527344	57.69079780578613
O14522	238.11933135986328	50.220083236694336	48.86667251586914
P28827	239.3303451538086	54.28173637390137	45.55244064331055
O95206	299.6212921142578	52.35705757141113	48.38482475280762
P23470	77.65938949584961	61.39506530761719	50.35879325866699
A0A1B0GTW7	127.26579666137695	92.29474639892578	52.96475028991699
Q9P2J2	172.48999404907227	81.46066284179688	71.21438598632812
Q99650	169.0679931640625	89.74723434448242	50.60883331298828
Q92854	155.3249168395996	77.55407333374023	72.59520721435547
Q9UQQ1	90.44212341308594	73.18085861206055	57.50474548339844
Q9Y3Q0	91.43498992919922	72.05303192138672	58.079856872558594
P05556	150.33377075195312	91.60505676269531	63.04402542114258
Q04609	90.72532272338867	74.18576049804688	59.545576095581055
P26010	119.8071174621582	83.23390197753906	57.88934898376465
Q86XM0	116.53475189208984	74.51882934570312	61.12985038757324
Q9UPX0	169.57705688476562	83.74733352661133	72.69902038574219
P08473	94.36024856567383	64.08248519897461	60.81731986999512
Q9P2E7	284.5423278808594	65.61479759216309	46.54020309448242
Q9UP52	91.5020866394043	70.32235145568848	64.19640731811523
P18084	116.619384765625	83.25500869750977	58.298561096191406
Q6ZTQ4	295.09214782714844	57.81647872924805	55.62912178039551
Q9NPG4	295.6123962402344	51.161903381347656	48.65077018737793
P05106	117.98086929321289	89.10377883911133	55.679243087768555
Q6UWL2	198.44447326660156	63.799583435058594	55.428165435791016
O14917	294.2924041748047	50.274850845336914	50.00004577636719
P08582	105.50838470458984	64.61086463928223	59.168752670288086
P18564	117.86465835571289	91.34729385375977	60.88006782531738
Q86TY3	29.277230262756348	14.092454433441162	11.63079023361206
P05067	104.2050666809082	102.00666046142578	81.72066497802734
Q5KU26	271.4820556640625	82.50990676879883	69.22433090209961
P16144	108.0180435180664	84.64348602294922	64.57656288146973
P42892	96.1008529663086	62.912086486816406	61.665781021118164
Q96JP9	282.6367645263672	77.6066780090332	53.99698448181152
O94769	142.10628509521484	111.78838348388672	85.83900833129883
P07949	129.07741165161133	112.45438385009766	55.16836929321289
P05107	119.24362564086914	81.16709327697754	55.38233947753906
O15394	249.50934600830078	107.31331253051758	48.14752388000488
Q05996	202.21190643310547	61.8869743347168	53.95859909057617
Q99523	90.61233139038086	74.94106674194336	51.76569938659668
Q9Y5H9	290.053466796875	58.171688079833984	32.570149421691895
P19320	295.15171813964844	52.38290977478027	39.522600173950195
Q9NPR2	117.27595138549805	66.98244857788086	59.62812042236328
Q7Z443	120.92280197143555	117.33804702758789	78.17164993286133
Q13308	225.49718475341797	79.79134750366211	36.53498649597168
Q9BZ11	94.93102645874023	65.372802734375	62.261728286743164
Q9HCL0	290.07386779785156	42.67633247375488	34.02181625366211
P02786	90.57970809936523	72.57559585571289	59.80451011657715
Q9NZ94	126.07220077514648	89.69149398803711	81.49646759033203
Q8N2Q7	133.10192489624023	74.05647659301758	51.38694190979004
Q7L0X0	129.08174896240234	96.30335998535156	84.91572189331055
Q9HCU0	173.78041076660156	120.4705810546875	120.32263946533203
A6H8M9	238.14595794677734	96.2153091430664	49.91142272949219
Q13443	87.82418060302734	78.8723030090332	72.62065887451172
P20273	276.67250061035156	74.09288024902344	42.19345283508301
Q9UN72	288.67466735839844	56.373647689819336	35.09203910827637
Q9Y5I0	286.8629150390625	57.6051139831543	32.589439392089844
Q9Y5H5	291.2136535644531	58.73034858703613	32.52642345428467
Q9UN74	289.1783142089844	59.37516784667969	32.28155708312988
Q9UN73	288.6765594482422	57.769073486328125	33.450944900512695
Q9Y5H8	289.19110107421875	60.1739444732666	33.437992095947266
Q9Y5H7	288.34027099609375	58.46708106994629	36.49432945251465
Q9Y5H6	287.3899688720703	60.10380554199219	34.58014488220215
Q9UN75	289.8452453613281	54.35661697387695	34.68470573425293
Q9Y5I3	289.8700408935547	59.26470756530762	34.620872497558594
Q9Y5I2	289.2582244873047	60.29731369018555	34.696685791015625
Q9Y5I1	291.6987762451172	57.784658432006836	36.17111015319824
Q9UN67	289.4372100830078	49.85011863708496	35.25892448425293
Q9Y5I4	288.6338653564453	54.86515998840332	37.62595176696777
P23276	97.80010604858398	64.85990905761719	57.49360275268555
Q9H158	283.6884002685547	61.161155700683594	43.11249923706055
Q9Y5E6	287.65098571777344	49.21467208862305	37.31118202209473
Q9Y5H3	285.2047119140625	47.7994441986084	46.91082954406738
Q9Y5E1	287.2617492675781	48.14446258544922	38.804765701293945
Q9Y5G9	289.1953582763672	53.993425369262695	49.68397521972656
Q9Y5H2	289.02403259277344	50.66424751281738	47.46212387084961
Q9Y5F2	286.55320739746094	61.39425277709961	40.37811279296875
Q9Y5H1	286.8099822998047	50.31994819641113	46.75221824645996
Q9Y5H4	291.8636932373047	53.3264045715332	38.64691352844238
Q9Y5G6	284.612548828125	59.277137756347656	52.890106201171875
Q9Y5F6	293.0448913574219	52.42047309875488	44.324729919433594
Q9Y5E8	287.4871826171875	50.37055969238281	34.12412643432617
Q9Y5G4	286.0563201904297	56.00082015991211	38.12424850463867
Q9Y5F1	288.59657287597656	49.355384826660156	38.57185173034668
Q9Y5G7	285.7978057861328	56.71528434753418	38.682857513427734
Q8NFZ4	92.9083251953125	89.83895492553711	72.70851516723633
Q9Y5H0	285.31993103027344	54.88635444641113	40.25390815734863
Q9Y5F3	283.6589660644531	62.125776290893555	48.85918426513672
Q9Y5F7	284.3226318359375	54.31524085998535	36.5723934173584
O60330	286.93299865722656	51.113468170166016	48.76529884338379
Q9Y5G8	285.6670837402344	55.68792533874512	50.29690742492676
Q9Y5G5	285.2648620605469	54.45546340942383	54.38698959350586
Q9Y5E5	284.7937774658203	52.44474220275879	32.06525421142578
Q9Y5E7	286.9898986816406	49.600502014160156	39.90330696105957
Q9UN70	291.77259826660156	49.95101737976074	43.11278533935547
Q9Y5E2	283.7825622558594	57.06271171569824	34.32959175109863
Q9UN66	295.2970886230469	47.19328308105469	45.09136199951172
Q9Y5F0	294.79588317871094	55.800519943237305	35.6272029876709
Q7Z7M1	101.01216506958008	79.10765838623047	66.04548263549805
Q9NRJ7	283.60069274902344	55.33683776855469	39.09385108947754
Q06481	130.8740692138672	112.49523162841797	110.09568405151367
Q9Y5E3	289.8734893798828	50.45227813720703	36.58893394470215
Q8WUT4	131.38941192626953	99.98109817504883	90.54936218261719
Q9Y5G1	286.828125	54.04646682739258	48.9974365234375
Q9Y5F9	289.31654357910156	50.32065773010254	49.352630615234375
Q9Y5F8	285.4088592529297	52.90900993347168	51.22965621948242
Q9Y5G2	290.62933349609375	50.10955238342285	43.41629981994629
Q9Y5E9	283.8011779785156	54.2437686920166	33.07394313812256
Q9UN71	288.8338928222656	49.18877410888672	44.06900596618652
Q9Y5G3	297.13902282714844	51.29512023925781	41.15769386291504
Q9Y5E4	286.0379943847656	48.9565544128418	40.7275505065918
Q9NTN9	119.36306381225586	70.93984985351562	69.88542556762695
Q8TAB3	294.93145751953125	45.55522537231445	33.60995101928711
Q9Y5G0	293.2609405517578	49.115291595458984	38.25798225402832
Q5TAT6	181.01590728759766	129.61841583251953	98.35234069824219
O14672	107.26164627075195	81.53886413574219	61.28191375732422
Q58DX5	94.4095230102539	64.93741989135742	64.18080520629883
P06731	250.18907165527344	91.50265121459961	37.07191467285156
Q9H3S1	108.1916389465332	71.7084732055664	64.16763496398926
A0A8Q3WLY9	106.22214126586914	78.84446144104004	64.45126724243164
Q8TCU5	134.4696273803711	109.72486877441406	72.57138252258301
Q9H2U9	96.9959716796875	76.09546661376953	62.34599494934082
Q16819	105.82394790649414	84.29478073120117	80.65904808044434
Q9HBB8	165.59729766845703	105.16047286987305	85.16487121582031
Q96GX1	96.02730941772461	94.62925720214844	75.99422073364258
Q9C0C4	104.64754867553711	60.63205337524414	58.33555030822754
P26012	135.7900619506836	91.73416900634766	59.4542179107666
Q8NFY4	115.85819244384766	100.06814193725586	71.82149124145508
P78325	86.9863166809082	71.13277435302734	59.96072578430176
Q5TEA6	115.4069709777832	76.44502258300781	60.45336723327637
Q9H5V8	127.6568374633789	69.3552131652832	56.96066856384277
Q92542	89.49120330810547	69.26923370361328	63.83884620666504
Q8N0W4	114.49446105957031	78.66505432128906	73.29140853881836
Q8NFZ3	107.15571594238281	91.23381805419922	78.04571914672852
Q86YC3	95.97379302978516	79.28710556030273	50.46341514587402
Q9H2E6	114.54403305053711	82.91948699951172	68.07905769348145
P04626	116.41412353515625	79.20904541015625	52.894107818603516
Q16820	82.07323837280273	76.18556213378906	60.04434585571289
P16070	196.81216430664062	134.9113540649414	125.0206413269043
O43895	76.62918472290039	71.88689613342285	52.85976600646973
Q15303	117.13125991821289	88.54496383666992	45.1749210357666
O94933	157.57695770263672	79.44626998901367	55.82514762878418
O95754	100.63423919677734	66.3867073059082	65.62738990783691
O94991	141.5064926147461	78.64904022216797	75.26607322692871
P21860	117.73222732543945	89.68122863769531	41.53412437438965
P00533	107.48505020141602	85.75996017456055	47.0366268157959
P01833	118.53384399414062	67.2793025970459	44.0128231048584
O60602	108.05252075195312	74.2839126586914	44.19533157348633
O75325	89.66891098022461	79.32686996459961	43.816768646240234
Q14392	91.70067596435547	74.97291946411133	41.11096954345703
O00206	90.83341979980469	74.0473747253418	43.1414737701416
Q9Y6M7	152.0610008239746	104.86926651000977	87.09648132324219
Q9H3W5	125.35833358764648	61.52363395690918	49.575714111328125
Q8NFT8	251.88282775878906	92.91424179077148	68.27582740783691
Q6UXK5	114.21934127807617	85.50745010375977	49.90449142456055
Q96PX8	128.81618118286133	108.96619415283203	59.21065711975098
O75326	100.28059768676758	61.25738716125488	58.275596618652344
P78363	130.99018478393555	68.88631820678711	54.732357025146484
Q99467	87.30561447143555	80.1342544555664	39.1069393157959
Q96KJ4	85.19325256347656	69.7409439086914	49.13576316833496
Q99062	186.02491760253906	84.39654922485352	41.584611892700195
Q8IW52	129.19267654418945	84.04715728759766	70.46341514587402
P78562	109.2720947265625	65.46628189086914	59.54951286315918
Q9H156	138.80254364013672	83.44852828979492	81.02572059631348
Q9BXS0	174.4706268310547	136.098388671875	88.57281875610352
Q99665	151.3155288696289	89.49911117553711	45.5878963470459
Q86UP0	228.20053100585938	84.26464080810547	65.01116752624512
O95477	118.18584442138672	76.07792282104492	59.81977653503418
P40189	161.0449447631836	95.51042556762695	44.23981857299805
Q92932	150.76184844970703	137.1666374206543	102.31689071655273
Q8IZP9	100.71249771118164	96.36580276489258	79.77860641479492
P07911	131.30678176879883	127.40540313720703	46.198001861572266
Q9UJ99	219.4647216796875	73.7618293762207	57.873409271240234
Q8IXH8	195.92959594726562	80.49799728393555	40.47312355041504
Q96PP8	258.6642074584961	59.23759651184082	44.3115119934082
P22303	112.69480895996094	69.1426773071289	52.1991081237793
Q86SJ6	197.53384399414062	84.86349487304688	58.459672927856445
Q9H5Y7	130.07732009887695	92.96239471435547	76.03977584838867
Q9ULB5	222.78235626220703	65.48796081542969	38.10896110534668
Q9H3T2	92.24667358398438	64.23214721679688	59.90152549743652
Q14246	167.53186798095703	88.30989837646484	52.486934661865234
Q9H3T3	88.28783416748047	65.95717430114746	61.88781547546387
Q07837	83.77814483642578	59.1809196472168	58.68854522705078
Q9NRD8	73.5205307006836	73.07143974304199	66.42341613769531
Q5T6X5	126.82930755615234	61.33702850341797	58.38226509094238
P60852	140.28825759887695	95.10794830322266	66.70582580566406
Q13255	147.00208282470703	64.04603385925293	47.43655967712402
P16284	212.50355529785156	95.4560317993164	40.44848442077637
Q9UBS5	129.5357208251953	77.58670806884766	52.47749900817871
Q6UXK2	132.9357566833496	82.68966865539551	63.96240425109863
Q9NRD9	73.5666389465332	63.7695198059082	62.17183303833008
O60603	90.99989318847656	78.90898513793945	43.412588119506836
P32926	204.65650177001953	79.42147445678711	45.984580993652344
P55283	214.13058471679688	73.26569366455078	54.58768081665039
P19022	213.07024383544922	72.62761497497559	57.39613723754883
P55287	217.79293060302734	78.20293807983398	50.60238838195801
Q5T601	101.68279647827148	67.87894821166992	60.139644622802734
O15197	164.11534881591797	75.8584098815918	63.09012794494629
P55285	224.6155548095703	67.54121208190918	54.61867332458496
Q13421	94.3054428100586	65.87270927429199	65.69476890563965
Q9ULB4	247.32231903076172	64.17413139343262	55.53448486328125
O15303	147.20158004760742	65.84918022155762	49.99835395812988
P17813	85.85309219360352	76.01586532592773	59.92857551574707
Q14126	192.7421646118164	82.7585678100586	46.532684326171875
Q9HBT6	218.1422576904297	75.09151840209961	61.41866683959961
P55286	217.9717559814453	71.88462448120117	44.79413032531738
Q6NUS6	97.9644660949707	70.56541442871094	57.971914291381836
P41594	140.6284637451172	62.367408752441406	48.048423767089844
Q9Y6N8	215.69564056396484	71.28802108764648	47.371498107910156
Q02487	200.38594818115234	80.26880645751953	56.867074966430664
Q9BXR5	96.52888107299805	70.80843734741211	41.9495964050293
Q08554	208.48969268798828	68.54895973205566	60.36503028869629
Q9NPY3	153.88457489013672	132.17519760131836	88.13662719726562
P36269	69.527099609375	65.9788646697998	52.64748573303223
Q15399	100.45317077636719	73.8288345336914	38.85972595214844
Q14831	142.58155822753906	63.534040451049805	50.17919731140137
Q96P31	214.95777893066406	56.099557876586914	44.79458808898926
P55289	229.31670379638672	63.93582725524902	45.518388748168945
Q14574	206.98445892333984	74.0960865020752	59.23616027832031
Q14833	142.05191040039062	68.64470672607422	50.57786560058594
O15399	128.17053604125977	61.900020599365234	59.77138137817383
P55290	211.2969512939453	80.34715270996094	38.164602279663086
Q9Y2C9	103.98381805419922	72.3424072265625	42.6973876953125
P12830	209.68435668945312	74.86806106567383	32.088521003723145
Q13634	224.21363067626953	69.99694633483887	47.65438461303711
Q14832	143.92572021484375	62.25216102600098	49.80002975463867
Q9H159	227.15391540527344	64.3349723815918	50.32189178466797
P33151	224.10518646240234	69.92011451721191	41.1538200378418
O60391	135.3066062927246	89.37869262695312	48.86014366149902
Q6EMK4	115.11039352416992	95.33004760742188	55.2631950378418
P08575	155.0305938720703	49.41688346862793	35.43633556365967
Q969P0	160.34394073486328	70.95418548583984	38.7355899810791
Q7RTX0	135.1985740661621	58.658687591552734	52.59197425842285
O00222	142.72251510620117	68.96878623962402	49.07490158081055
Q9Y5R2	101.66491317749023	77.20522499084473	60.60503959655762
P54756	185.44185638427734	54.41317939758301	51.96176719665527
Q8IYS2	102.54698181152344	78.08341598510742	46.48860549926758
Q14416	140.86531448364258	60.95766258239746	56.337440490722656
Q7RTX1	129.88454055786133	54.72906303405762	49.755210876464844
Q8TE23	132.44395446777344	56.87665939331055	53.90429496765137
P22223	205.7395248413086	70.03460311889648	35.78413009643555
P39086	141.1620216369629	55.62153244018555	51.93997764587402
P55291	213.4299087524414	72.13855934143066	54.42508316040039
Q902F8	144.57095336914062	57.8884162902832	46.0826530456543
Q9HBX8	111.82086181640625	86.35709762573242	43.931243896484375
O71037	142.38267517089844	57.60325813293457	46.77460479736328
P19440	65.59223175048828	61.316741943359375	53.02530288696289
Q902F9	140.01705932617188	58.14690971374512	46.931095123291016
Q69384	144.6499900817871	58.214365005493164	46.70457458496094
P61565	142.7911834716797	57.52750205993652	46.5973014831543
O43424	142.2920684814453	59.52747917175293	56.321022033691406
P51693	106.51609802246094	99.72383880615234	38.647605895996094
Q6QNK2	94.67704772949219	91.122802734375	54.37212562561035
A6NGU5	66.5241584777832	60.79682922363281	52.70839500427246
Q9ULK0	145.5743865966797	61.05036544799805	47.80567932128906
Q9UKH3	144.32317733764648	54.445125579833984	46.764102935791016
Q05586	133.6360855102539	80.22284889221191	44.02077674865723
Q9NT99	103.26011276245117	100.10432052612305	84.42119979858398
Q658N2	69.39289855957031	67.3475456237793	55.64256286621094
P58401	154.20216369628906	133.00673294067383	112.05717468261719
O75473	110.60897445678711	76.43127632141113	47.57594108581543
O60279	184.9990234375	136.66431045532227	85.20514297485352
P61550	95.25385284423828	66.0082950592041	42.888681411743164
P43121	187.27429962158203	77.10233688354492	46.26434135437012
Q14957	133.85311889648438	61.20199203491211	58.50614547729492
Q9UJ14	81.68479919433594	67.75796508789062	52.430288314819336
P16581	280.43834686279297	42.50483512878418	38.06385612487793
Q12879	138.4572525024414	63.89343452453613	54.49705696105957
Q96RL6	192.6056137084961	57.2215576171875	40.59889221191406
Q96LC7	201.39816284179688	49.931745529174805	38.9910774230957
O43280	79.35275268554688	61.441715240478516	56.53732109069824
Q13003	140.30739974975586	58.163766860961914	46.52042007446289
P48960	198.39722442626953	56.60532188415527	50.61628532409668
Q5JZY3	171.5237274169922	62.95191192626953	51.064247131347656
Q8N158	127.73575973510742	45.867393493652344	42.167938232421875
Q16478	138.84439849853516	59.9265022277832	49.3178596496582
Q13224	130.68390274047852	62.5323486328125	57.591501235961914
Q6AZY7	272.0711669921875	45.69851303100586	39.867013931274414
Q8N1N0	317.5614318847656	66.61196708679199	37.56372261047363
Q9UF33	162.66539001464844	64.29295349121094	52.04540824890137
P54764	191.0573501586914	48.02740478515625	43.82631492614746
O00548	201.17110443115234	109.82528305053711	39.51525688171387
Q15375	189.62529754638672	49.52669143676758	40.86160659790039
Q9HDB5	157.60822296142578	140.6886444091797	96.3339958190918
Q16549	70.26345825195312	69.51654052734375	60.61631774902344
P54753	184.5072021484375	51.71202278137207	42.3133602142334
P29323	187.0654525756836	49.939340591430664	44.39065742492676
Q16099	146.2409439086914	52.936859130859375	47.94306945800781
P54760	181.8769302368164	60.002275466918945	48.96724891662598
P42263	137.39628982543945	64.1817569732666	52.05899429321289
Q2TBF2	73.06381225585938	63.895822525024414	46.897878646850586
P21589	90.12829971313477	53.75223350524902	52.80088996887207
P54762	193.39734649658203	49.68649101257324	38.06191825866699
Q9BTN0	112.94343185424805	82.54462814331055	58.126773834228516
P48058	143.45631408691406	53.15317726135254	50.45541191101074
P42701	156.2582015991211	53.929758071899414	41.58183288574219
P21709	169.6522674560547	68.4002742767334	37.84823036193848
Q16610	83.77567672729492	48.593706130981445	46.56442070007324
P29320	193.81101989746094	48.426151275634766	45.9466495513916
Q9BXB1	113.0849838256836	84.18576431274414	58.01606750488281
Q96FE5	145.0792694091797	74.78240966796875	46.80618095397949
Q13002	121.79766845703125	51.00179100036621	47.2733154296875
P42262	142.09259414672852	53.53167915344238	48.096046447753906
Q6UWM7	83.76689910888672	62.78347969055176	56.7617130279541
P42261	143.61640548706055	51.08759880065918	49.90561485290527
Q8NAC3	154.94688415527344	67.18489074707031	39.816694259643555
Q7L985	127.29380798339844	78.7138442993164	45.90358924865723
Q9UHX3	176.1396484375	78.6906967163086	52.77030944824219
Q8TF66	94.04287719726562	57.82175254821777	39.35487747192383
P36888	126.42474746704102	90.97555160522461	47.162357330322266
P50895	188.35244750976562	73.47556686401367	36.35977363586426
P07359	130.6331787109375	110.40999603271484	89.2462043762207
P29322	189.91322326660156	44.46384239196777	42.03473663330078
Q9P0K1	81.20845413208008	72.2247200012207	49.98275375366211
Q9ULH4	117.47274780273438	81.63927268981934	68.0750503540039
P29317	159.12059020996094	70.83729934692383	48.276201248168945
Q8IZU9	202.86537170410156	39.39738464355469	38.632591247558594
Q8TCP9	83.17115020751953	81.66817474365234	54.88710975646973
Q99965	92.53288269042969	77.38830184936523	49.41671371459961
Q96NI6	133.48120498657227	73.70641899108887	67.47920799255371
Q6ZMI3	125.57284927368164	91.09793090820312	87.35120391845703
Q9Y3Q7	90.13330841064453	73.9671630859375	54.6230525970459
O75487	119.9951171875	45.063255310058594	42.33174514770508
Q9HCN3	99.99285125732422	85.65362167358398	55.350515365600586
O75078	97.48891067504883	73.10562133789062	51.49460029602051
Q8TC27	88.6851692199707	75.13811874389648	58.36802673339844
P0C6S8	117.04507446289062	79.7438735961914	46.49353218078613
Q8IZY2	111.45394134521484	75.95780563354492	55.343379974365234
P40197	96.7835578918457	53.45256805419922	43.03742790222168
P35052	121.92891311645508	44.69624137878418	40.47300338745117
Q9Y625	123.67506408691406	45.01166343688965	43.186540603637695
O75077	101.63092422485352	73.77922058105469	50.20952224731445
O43155	115.43136978149414	83.2529296875	67.74006080627441
Q9P244	130.0122833251953	71.20142364501953	57.44649314880371
Q6UY18	141.45682525634766	90.7137680053711	44.270673751831055
P16234	160.9482421875	62.179054260253906	39.17103958129883
Q9NZU1	96.65811157226562	76.13418579101562	59.43157386779785
Q9NR61	217.26471710205078	110.1906509399414	37.924652099609375
Q6PJG9	112.14311599731445	75.48404312133789	74.29584884643555
O43184	82.92183303833008	69.8057746887207	49.1964054107666
Q9NZU0	93.88016891479492	80.32968139648438	54.23291778564453
Q13740	203.86629486083984	58.07658576965332	47.02834701538086
P09619	164.40959930419922	65.57196235656738	48.96085166931152
Q8NI17	137.1835479736328	84.35139083862305	43.36048698425293
P10721	168.9087371826172	58.09006118774414	50.40254592895508
P01854	85.99921798706055	82.75221633911133	66.08475875854492
Q02413	183.0081787109375	86.24016380310059	62.86464500427246
P07333	110.55768966674805	70.84120178222656	54.94114112854004
P40200	103.89787673950195	77.06816482543945	37.37700080871582
P20916	192.3625259399414	47.921539306640625	41.81767463684082
P07204	155.94341278076172	80.42133712768555	51.403350830078125
Q9H013	83.30481719970703	68.22831916809082	51.38175582885742
P60507	105.69812774658203	78.55345916748047	47.83778762817383
P51511	102.9791145324707	85.05822372436523	43.334529876708984
Q5VXM1	101.76628494262695	74.10304260253906	61.543853759765625
Q8IXL6	73.5174789428711	62.49393081665039	48.24770545959473
Q6ZXV5	108.92667770385742	52.84390830993652	45.90265083312988
Q6UWL6	201.31788635253906	47.67246055603027	46.643667221069336
Q96CW9	133.76760482788086	70.41469955444336	45.419090270996094
Q13444	84.66300201416016	69.26492309570312	53.81130027770996
Q9BY79	121.72807312011719	65.79875373840332	64.8995304107666
Q9UKF2	95.66964340209961	79.46737670898438	46.39694595336914
Q9HBW1	94.56835556030273	83.72748947143555	69.63694381713867
Q9N2K0	85.37299346923828	66.70061492919922	37.466487884521484
Q12836	115.92620468139648	80.06484985351562	49.800912857055664
O43506	96.81364059448242	77.32996368408203	53.311614990234375
Q12866	157.68380737304688	67.34412384033203	29.517844200134277
Q9UKJ8	92.26929473876953	75.8452377319336	42.32841682434082
Q6UWB1	136.551025390625	68.40444946289062	42.40145683288574
Q9H1U4	172.6292724609375	77.90597724914551	41.17459297180176
P09923	70.01654815673828	63.95985984802246	51.136762619018555
P10696	70.12427711486816	64.42814826965332	51.21967697143555
Q86Y22	144.86261749267578	124.76960754394531	73.24116134643555
P05186	74.1010627746582	65.03827095031738	49.56914710998535
P05187	70.15017127990723	65.9581069946289	50.888206481933594
P55259	127.30470657348633	54.0765266418457	42.68424034118652
Q5HYA8	88.57548522949219	60.97696113586426	47.64680862426758
Q96J84	195.72345733642578	46.43421173095703	37.31845474243164
Q9H0X4	72.56626510620117	62.37652587890625	52.988040924072266
Q9Y2I2	161.68468475341797	54.12809944152832	48.00826072692871
Q9UKF5	93.36590957641602	80.29906845092773	43.71723556518555
Q9N2J8	69.38689422607422	56.72877883911133	38.06258964538574
Q2Y0W8	101.66610717773438	73.07770919799805	57.63869285583496
O95502	135.2215576171875	98.89263343811035	89.29297256469727
Q14956	123.60386276245117	122.27877807617188	43.30831336975098
Q07065	362.3362579345703	129.74679565429688	56.660247802734375
O15146	163.4826889038086	59.6976432800293	40.02309608459473
O95498	75.7518081665039	53.43695259094238	43.03739929199219
O95497	76.84500885009766	51.5828914642334	43.80514335632324
Q9NZ53	165.34270477294922	89.55017471313477	84.74174499511719
Q6UWM9	68.10150909423828	61.004507064819336	49.25640296936035
Q9UKQ2	80.00932312011719	62.713022232055664	53.57946586608887
A6NFA1	68.35882186889648	46.61917686462402	45.444169998168945
Q9NYJ7	108.14257049560547	82.14238357543945	63.291215896606445
Q8J025	76.53473663330078	51.901268005371094	46.17885208129883
P40238	131.99317169189453	64.06945419311523	51.75905799865723
P51170	106.41207122802734	69.19477081298828	50.239973068237305
Q6UWH4	58.464006423950195	53.08041954040527	50.78027153015137
P60508	130.71974182128906	68.92602920532227	53.4756965637207
Q96PQ1	169.6707763671875	45.717708587646484	35.547576904296875
Q96PD2	88.6641960144043	51.93984603881836	44.946189880371094
Q9H9K5	101.0128173828125	52.33142852783203	47.03317070007324
Q3SY77	68.1921615600586	58.86472511291504	51.20120811462402
Q504Y2	89.75906753540039	61.05970001220703	54.684865951538086
P51168	107.49460220336914	72.12725448608398	47.23244857788086
Q6NUS8	69.42132568359375	57.37351417541504	49.4199161529541
Q9Y561	132.17535400390625	58.655696868896484	47.84139633178711
O75074	90.44129180908203	67.99077987670898	48.802574157714844
Q9UIR0	101.32064819335938	80.17256927490234	44.00143051147461
Q86V40	80.40408706665039	49.320098876953125	47.595407485961914
Q6UXY8	77.01663589477539	45.20664978027344	25.74022388458252
P78536	101.22283172607422	90.24818801879883	53.570404052734375
Q9UEW3	126.22518539428711	124.19437789916992	81.56448745727539
P32942	191.43136596679688	59.00005340576172	38.50896453857422
P37088	116.24246215820312	75.63915252685547	61.668447494506836
P38567	88.24157333374023	55.18878173828125	50.13399696350098
Q5SSG8	153.20610809326172	45.08209037780762	31.107746124267578
P17342	72.91228866577148	46.14199447631836	45.39527702331543
P05362	193.1860580444336	57.40590476989746	39.92945861816406
Q9Y5Z0	65.80788612365723	59.64800453186035	53.1546630859375
O60721	156.41259002685547	125.50729370117188	125.32422256469727
Q8IZF7	90.2249984741211	74.31583404541016	40.85150337219238
P01871	102.55864715576172	97.10406875610352	51.476444244384766
Q5FWE3	17.355026721954346	13.92251205444336	9.745062828063965
P51512	91.78728866577148	72.83477973937988	49.622182846069336
O75019	138.36708068847656	75.26852035522461	34.90423774719238
Q96ID5	157.20648193359375	90.6136245727539	56.307844161987305
O75899	112.58834457397461	52.74329376220703	49.73952865600586
Q5MY95	101.25297546386719	55.773427963256836	47.25146675109863
O75355	96.23345565795898	57.38335609436035	52.83036994934082
P16066	73.95877456665039	48.25786018371582	46.413177490234375
P49961	95.45564270019531	57.80339431762695	50.1020393371582
Q9ULZ9	87.77548217773438	66.82936668395996	47.73897933959961
Q8N423	125.99724960327148	95.89547348022461	45.39660453796387
O00592	79.35756301879883	35.5907564163208	25.642210006713867
Q8NHL6	131.54229736328125	95.04585647583008	34.69050407409668
Q5ZPR3	132.95267868041992	87.00730895996094	30.77194118499756
Q92485	67.42926216125488	55.911781311035156	52.828697204589844
P56817	66.85660934448242	62.63279724121094	58.432722091674805
P20594	69.81654357910156	52.539907455444336	49.12840270996094
O75023	112.18148803710938	56.812334060668945	35.75152587890625
Q9Y5L3	88.35704803466797	56.09879684448242	48.456398010253906
Q8WWV6	43.46749305725098	38.23236274719238	31.930171012878418
Q9NPA2	93.15899276733398	51.471961975097656	47.22934341430664
Q8NFR9	96.8790283203125	41.141855239868164	31.83905601501465
Q9H4A9	74.41654205322266	53.28595733642578	49.98329734802246
P50281	86.08192825317383	71.24001693725586	44.3737735748291
P18627	110.4162368774414	70.06476211547852	50.87409591674805
Q12891	82.19805145263672	59.26815986633301	57.69356727600098
Q9H4B8	71.95452117919922	54.50165557861328	50.401851654052734
P32927	152.60729217529297	85.2017707824707	51.99873161315918
P30530	170.32648468017578	66.77795600891113	56.80184364318848
Q8N149	144.10092544555664	71.58310317993164	35.75559043884277
Q8N8Z6	89.04862594604492	81.85060501098633	63.69087600708008
O15389	160.35255432128906	46.56149101257324	35.07159996032715
P08195	116.43172836303711	56.22960662841797	53.31523132324219
Q6UX71	118.25941848754883	76.03216171264648	69.53474807739258
Q6PI73	124.50723648071289	67.27871894836426	36.052467346191406
Q7Z4F1	84.90135955810547	82.0268325805664	52.94056701660156
Q2M3T9	86.24132919311523	56.58681297302246	54.98445129394531
P51172	92.95391082763672	68.51723289489746	51.74796676635742
Q9UQF0	88.62302780151367	70.95248794555664	42.86792755126953
P59901	121.14508819580078	75.67928314208984	41.294328689575195
Q8IUR5	121.78989028930664	56.66789627075195	47.29937744140625
O00451	80.38497543334961	50.43133735656738	48.38660430908203
Q9BZR6	77.85977554321289	40.27482795715332	35.58205223083496
A0A804HL20	84.19672393798828	55.37014389038086	50.33126640319824
Q6UY09	185.05276489257812	51.98952674865723	37.249481201171875
A0A1B0GV85	177.9831771850586	121.19479751586914	98.91243362426758
O75022	128.94035720825195	67.84209251403809	37.43600845336914
Q3MIW9	13.376237869262695	8.813953161239624	7.911836624145508
A6NMB1	166.90149688720703	43.85898399353027	36.30428886413574
Q6P531	82.71625709533691	64.93317413330078	43.687150955200195
P51841	67.6748046875	57.42427444458008	49.57105827331543
Q8WXD0	78.43522262573242	54.43717002868652	38.93395805358887
Q6ZMJ2	193.71377563476562	82.71780395507812	49.6493034362793
Q9HBW9	120.09153747558594	73.83613967895508	36.546403884887695
Q9Y2B1	71.48731231689453	44.81749153137207	41.32907676696777
Q86VZ4	89.82411575317383	76.97340774536133	51.81935691833496
Q96K78	76.61535263061523	65.97768783569336	54.79496765136719
Q6UWV6	71.24538803100586	48.8624324798584	41.859811782836914
Q02846	66.9487361907959	53.69524002075195	47.495121002197266
Q8WTV0	81.85446166992188	49.05002212524414	46.347978591918945
B1AP13	137.91083526611328	44.95837211608887	29.76798725128174
P16671	80.1967544555664	47.827497482299805	43.52872657775879
Q9HBX9	76.95039367675781	53.994516372680664	43.94817352294922
P17181	125.14221954345703	72.7261848449707	44.262075424194336
P29376	92.56013488769531	44.479726791381836	44.373207092285156
Q8IUK5	98.47024917602539	83.43435287475586	55.99639701843262
Q8N539	117.6497917175293	68.00860404968262	45.410112380981445
Q9HBG7	145.33173370361328	63.21923065185547	49.43460655212402
P25092	76.9100341796875	46.22939682006836	45.30868721008301
P14384	74.9227180480957	55.42109489440918	47.299692153930664
P01880	147.9985580444336	71.39691162109375	62.65957832336426
Q6ZNI0	70.95391845703125	68.66801452636719	52.75973892211914
P56159	86.98586654663086	55.03814506530762	50.02572250366211
Q9H3R2	66.11289024353027	49.07669258117676	48.56427764892578
Q14162	179.77324676513672	95.59599304199219	34.16582012176514
Q9BYE2	68.55616760253906	57.73140907287598	49.149112701416016
Q16620	96.40227127075195	56.98643112182617	43.58169937133789
Q16288	104.09423446655273	75.20425033569336	43.89920997619629
Q96GP6	161.86471557617188	103.56605529785156	35.5444393157959
O75185	115.01122283935547	52.57975387573242	41.524436950683594
Q08345	73.81696701049805	53.54116630554199	39.62444496154785
P01860	143.21351623535156	68.65287017822266	51.32630920410156
Q6UWR7	68.64043045043945	47.59831428527832	42.7086296081543
Q86UN2	85.52611923217773	37.73178672790527	34.65144729614258
A0AAQ5BI95	86.02561950683594	52.45994758605957	52.33247756958008
P08910	66.81115341186523	60.31573677062988	47.43133354187012
P13688	153.206787109375	81.05562973022461	35.28811073303223
Q86VH4	119.4608154296875	87.56496238708496	65.39605522155762
Q5T848	106.9461898803711	66.76309013366699	37.04031944274902
Q9BX97	297.67396545410156	40.967050552368164	39.0451602935791
P16473	108.78289031982422	74.22052001953125	45.47745704650879
Q86UE6	125.28060531616211	115.6136703491211	43.14787292480469
O95196	54.97479438781738	26.11101722717285	20.04234218597412
P23515	75.22714233398438	37.15921592712402	36.50592231750488
Q9Y6X5	68.49207305908203	53.57531547546387	52.78688430786133
P0C7U0	103.98856353759766	85.71206665039062	66.33773803710938
P04629	130.5814094543457	64.70236587524414	53.610389709472656
I3L273	5.5532612800598145	3.58807909488678	1.5359947681427002
Q9NS62	166.89300537109375	52.37067794799805	46.49814224243164
O43300	97.10069274902344	87.80221557617188	68.29274940490723
Q86VH5	136.669677734375	81.15928268432617	45.76748085021973
Q06418	132.64126586914062	81.6063461303711	31.99422550201416
O75056	169.3831024169922	129.6964874267578	106.96758651733398
Q8N6Q3	87.52952194213867	58.734954833984375	37.034114837646484
Q9H3S3	86.72706604003906	62.207162857055664	51.31691551208496
O15393	70.84676361083984	53.538740158081055	53.108686447143555
P57727	69.6363754272461	61.80100059509277	54.01473808288574
Q6ZWK6	72.03095626831055	47.82646369934082	45.961753845214844
P30203	106.72919082641602	77.16299438476562	50.79449462890625
Q8IZF3	98.3610725402832	75.02591705322266	43.24850845336914
Q9NRS4	77.9869499206543	60.7845401763916	47.083526611328125
Q9UL52	69.04834175109863	56.65189552307129	47.00986099243164
Q8N0Z9	164.7750701904297	46.10819053649902	43.105812072753906
Q96LA5	166.13542938232422	40.62967300415039	38.44842720031738
Q9UHC3	97.79364013671875	57.62248611450195	44.48524284362793
Q96F05	10.59702444076538	8.905357837677002	7.608476638793945
Q6ZMR5	69.24555778503418	57.672035217285156	51.10268211364746
Q16832	95.58435249328613	74.5333480834961	38.142181396484375
Q86T26	68.5062026977539	48.79824447631836	46.907297134399414
Q16790	62.071489334106445	48.75046157836914	47.110069274902344
Q9NY37	94.40495681762695	62.96630096435547	41.00204658508301
Q01973	113.39872741699219	64.51668357849121	50.32235145568848
O60235	66.75670433044434	48.02905464172363	46.39224815368652
Q86T13	111.89862823486328	99.92421340942383	53.779863357543945
Q9Y653	91.69517135620117	60.91682243347168	49.17646408081055
P21757	159.17950439453125	71.70894050598145	59.01151466369629
Q5R3F8	103.98681259155273	69.23320388793945	58.633535385131836
H0Y8V6	58.341474533081055	53.96296310424805	39.92805290222168
P05981	72.53832817077637	48.20021629333496	47.490665435791016
Q96MU8	71.10457611083984	53.92242431640625	49.60253715515137
P01730	120.07305526733398	52.907684326171875	35.856672286987305
F5H209	79.74006652832031	73.78239822387695	53.590219497680664
Q9HCE9	93.80646514892578	16.413362503051758	15.874495029449463
Q01974	72.4647331237793	63.218854904174805	50.418710708618164
P16444	73.60608673095703	53.95412254333496	48.1694393157959
Q96PJ5	132.2084503173828	56.722917556762695	33.052778244018555
Q6NW40	97.5846176147461	50.06951332092285	49.39535331726074
P28908	114.53433227539062	82.26480484008789	53.4188289642334
Q9BZG2	67.87282180786133	56.426353454589844	42.71746253967285
Q8N394	98.45450973510742	49.50177764892578	47.09495735168457
P21754	146.87870025634766	59.38912391662598	43.06450080871582
Q6ZVN8	106.03008270263672	53.68466377258301	43.26031494140625
P01876	109.86433029174805	64.40961265563965	51.26438331604004
Q86WK7	95.84713745117188	57.855960845947266	53.43973350524902
P78348	87.0897445678711	60.61144828796387	39.474571228027344
Q16515	88.7025032043457	60.253334045410156	39.98372268676758
P56975	126.3037223815918	110.89888763427734	95.91349792480469
Q9H8J5	165.249267578125	114.50136947631836	88.96094131469727
A6NFU0	80.45361328125	63.18791389465332	54.089670181274414
Q86SJ2	84.78853225708008	66.88590621948242	51.15864372253418
P01877	96.56926345825195	80.15498352050781	48.99237823486328
A0A8Q3WKT6	138.2959327697754	44.95448112487793	30.031453132629395
P21802	102.40218353271484	59.79093933105469	51.43431854248047
Q6PRD1	107.59772491455078	55.77119827270508	42.01692199707031
P11362	94.25606536865234	67.3004207611084	49.87597465515137
Q9HDC9	60.26346969604492	58.732744216918945	51.39018630981445
Q8N441	104.24592971801758	59.76236915588379	37.206050872802734
P22607	106.4406623840332	76.8674430847168	41.33415603637695
Q8TCW7	73.88664245605469	69.41382026672363	52.11595344543457
O96005	79.29940032958984	55.848541259765625	48.655738830566406
Q32M45	83.07857894897461	50.768558502197266	40.844417572021484
Q8IZJ1	181.78897094726562	56.56558036804199	35.756399154663086
P01857	119.51509475708008	67.17613220214844	46.591379165649414
Q96FT7	87.54571533203125	61.00729942321777	40.50067901611328
P23945	106.95380020141602	80.99208068847656	39.418975830078125
P06127	74.12660598754883	56.376996994018555	53.805023193359375
P22455	104.52714920043945	63.588083267211914	50.44382286071777
P08571	77.26617813110352	58.18466758728027	38.302255630493164
Q9NPH3	126.52705383300781	64.16265869140625	38.80301475524902
Q14626	150.81542205810547	68.72006797790527	46.26763153076172
Q9NYZ4	125.10039901733398	40.222238540649414	33.68831443786621
P01861	112.84366226196289	72.35355758666992	46.951101303100586
Q6UXZ4	171.94257354736328	49.53986167907715	36.27071189880371
Q9NQS3	127.07481002807617	42.23509979248047	31.339841842651367
P01859	102.5551528930664	87.14411163330078	47.50774574279785
P08887	107.57650375366211	59.18666648864746	36.86531448364258
Q9NNX6	85.13394165039062	56.37230110168457	33.27403450012207
P58400	142.8529281616211	100.21094512939453	62.38744354248047
Q86WK6	82.75137710571289	60.53983497619629	36.904239654541016
Q86UN3	79.52825546264648	35.66336441040039	31.627511978149414
Q8N3J6	155.35675048828125	65.59836769104004	56.75078201293945
P78324	147.44029235839844	57.2178955078125	38.743093490600586
O60609	74.03165435791016	52.04907035827637	50.44964408874512
Q08ET2	165.95331192016602	44.45872688293457	34.15664482116699
O00241	130.6135482788086	38.44991493225098	36.905330657958984
Q5TFQ8	130.8896827697754	38.97776222229004	36.90391540527344
O95185	180.92471313476562	53.93976593017578	33.95944023132324
Q9NZN1	94.97496795654297	61.339508056640625	43.136640548706055
Q8NCW0	69.92729187011719	55.14675521850586	48.53986740112305
Q9BXJ7	80.90911865234375	52.702476501464844	41.6650447845459
Q9NP60	103.55964279174805	61.352224349975586	43.73254203796387
P22888	90.69403839111328	60.60955619812012	44.64995002746582
O95256	100.90192794799805	67.19353485107422	49.23027801513672
Q9BY15	71.33180618286133	63.68022346496582	48.18043518066406
Q13508	58.32089042663574	52.45577812194824	39.88153076171875
Q9Y286	127.20166015625	38.49359321594238	33.28530311584473
P51654	115.65379333496094	42.55388832092285	34.566545486450195
Q6UWB4	49.78315353393555	48.61001205444336	44.51149559020996
A0AAG2TGX3	50.74643135070801	48.64570426940918	45.07588577270508
Q6UXV0	69.19318389892578	58.28858757019043	51.30093193054199
Q96HD1	126.08541488647461	73.93713760375977	41.69840049743652
Q8IVL8	60.15600395202637	49.25792121887207	41.88265609741211
Q5VWK5	119.96741485595703	101.10429000854492	41.367027282714844
Q9P1W8	133.71688842773438	41.96920394897461	35.70560073852539
Q9Y336	126.51948928833008	36.44620132446289	35.590585708618164
A0A8V8TPP7	58.39152717590332	53.65759086608887	40.0450439453125
P27930	99.78132247924805	62.20014572143555	37.76863479614258
Q9BY67	157.9635772705078	60.53404998779297	44.947675704956055
Q92838	123.13010787963867	76.01373672485352	66.25323104858398
Q92692	125.64972305297852	53.79187202453613	35.96450328826904
P98153	106.49242782592773	64.76964569091797	56.93039512634277
Q9H2X3	91.00224685668945	61.032718658447266	39.65214920043945
A0A8Q3SI94	138.3028678894043	44.9144287109375	29.69839859008789
A6NF34	71.38675689697266	42.851327896118164	39.31058120727539
Q8NC67	93.9050407409668	56.16816520690918	37.14266395568848
Q15223	130.19820404052734	37.30537414550781	33.719393730163574
A0A2R8YGB5	82.2462158203125	53.45028877258301	36.4301700592041
Q13641	86.56256866455078	43.86343574523926	40.782005310058594
P15151	128.01652145385742	57.71392250061035	32.985477447509766
P78552	94.66365814208984	59.79971504211426	40.397748947143555
Q01344	106.93185424804688	68.3618278503418	50.9272403717041
Q8TDF5	83.7911491394043	53.53811073303223	34.980098724365234
Q9BRK3	118.27912902832031	61.75105285644531	42.638498306274414
Q6P995	98.50571823120117	67.15158653259277	44.6656551361084
O43699	126.87654495239258	39.19045448303223	34.80098915100098
Q15109	131.57149124145508	45.742942810058594	36.76110649108887
Q13635	72.69718551635742	61.09953308105469	45.893598556518555
P26992	101.01136779785156	61.84476852416992	31.250926971435547
P43630	90.03419494628906	59.615867614746094	36.68964385986328
P14778	110.39757537841797	59.07796859741211	39.60231971740723
Q14943	88.06732177734375	57.101966857910156	35.45012855529785
P43629	87.86129379272461	56.95415496826172	34.31899452209473
P08174	139.832275390625	44.092525482177734	30.322528839111328
Q17R55	111.24282836914062	58.98550605773926	51.06586456298828
Q96NY8	142.95777130126953	40.35993576049805	39.285749435424805
P78423	40.29365348815918	30.119441032409668	25.59019184112549
O43556	72.65082931518555	72.15614700317383	52.39655113220215
Q14627	111.65473556518555	66.82486343383789	39.98587226867676
Q9HB29	81.68777465820312	61.10961151123047	47.43851280212402
A0A2R8Y6R9	82.31922149658203	49.708885192871094	39.986549377441406
Q8N3G9	114.38389587402344	62.22586441040039	30.078088760375977
Q9Y6C5	64.75333213806152	59.247785568237305	44.692115783691406
Q9Y639	107.78483963012695	55.41048240661621	38.00026893615723
Q01638	112.02154541015625	51.52703094482422	37.75710105895996
P15529	121.28703689575195	81.40883445739746	46.87991142272949
Q13478	117.70704650878906	55.87274169921875	47.46171188354492
O75509	140.09202575683594	124.64088821411133	61.69122314453125
Q8N126	128.03682708740234	56.32312202453613	37.77054977416992
Q6P5W5	110.25504684448242	50.787336349487305	41.76183319091797
Q86WS5	57.523704528808594	45.76601028442383	43.918588638305664
Q8NFZ8	151.60374450683594	43.97251892089844	36.18837928771973
Q8N2K0	66.11941719055176	50.17856216430664	45.52145576477051
Q14242	12.667352676391602	11.169887065887451	6.877655506134033
F5GWR3	55.86330604553223	49.41619110107422	41.0004997253418
Q13477	82.55767440795898	43.42875862121582	26.488173484802246
H3BR90	94.80328369140625	46.47666549682617	38.19812774658203
P34810	57.2994384765625	37.278358459472656	35.3740177154541
P15509	97.62794494628906	57.11645698547363	40.40643882751465
Q13433	120.66389846801758	96.1917495727539	85.38629531860352
Q8N743	87.08403015136719	56.746267318725586	36.39733123779297
O95274	68.41976737976074	65.87217712402344	31.845558166503906
Q14982	124.61557388305664	36.0485897064209	35.553218841552734
P14151	140.56014251708984	35.592830657958984	35.5682315826416
O14511	126.73369598388672	57.027366638183594	41.79057312011719
Q8IYR6	83.4885368347168	70.71512222290039	59.72699546813965
Q96LA6	127.29471588134766	38.587677001953125	28.783135414123535
Q96H15	50.10199737548828	35.10270309448242	26.114840507507324
Q9NXL6	75.19490432739258	56.202714920043945	32.651140213012695
Q96J42	43.94103240966797	38.622535705566406	34.965606689453125
Q9H6X2	81.33016777038574	44.060604095458984	40.34757995605469
Q96PL2	84.93709182739258	47.91463661193848	40.10135269165039
Q96F46	104.33330917358398	69.52571105957031	40.58732986450195
Q9P121	125.85913848876953	37.99723434448242	35.43394660949707
P51575	90.62316513061523	50.53970146179199	40.79286193847656
Q6DN72	128.06808853149414	40.590131759643555	31.340596199035645
P26951	111.46911239624023	54.419429779052734	37.44515609741211
Q29980	78.45319747924805	48.46677017211914	41.773672103881836
Q13449	123.67406845092773	41.191768646240234	32.39750099182129
Q7Z3B1	124.80612182617188	41.42937660217285	32.310625076293945
A0A8V8TQ78	58.432430267333984	53.899343490600586	39.779937744140625
P40199	122.30780410766602	41.22988700866699	30.639500617980957
P29016	72.79565811157227	50.04668426513672	40.361637115478516
P31997	125.22420501708984	38.29715919494629	34.43501281738281
A8MVW0	67.79716873168945	60.35581398010254	41.16152381896973
O75787	91.06943321228027	57.233463287353516	46.94767761230469
Q8N271	190.37173461914062	43.5224723815918	26.33381938934326
P58335	77.7186508178711	41.584089279174805	38.737449645996094
O43490	163.9442596435547	61.80487632751465	28.644407272338867
P29017	75.53458786010742	49.62700653076172	42.48052215576172
P01889	80.14032173156738	49.10839653015137	44.95916938781738
Q6W3E5	70.21109390258789	55.08423042297363	39.66567039489746
P04439	68.71636390686035	50.28141975402832	44.567922592163086
Q30201	78.30705261230469	50.54136085510254	43.12943458557129
Q29983	78.35181427001953	51.00779151916504	41.66278076171875
P13747	68.39183616638184	51.228816986083984	45.34432792663574
P10321	69.69200897216797	50.55645561218262	44.06400680541992
P30511	70.73636436462402	50.576107025146484	44.98011589050293
P01893	79.60061264038086	49.32233810424805	44.981597900390625
P06126	76.67133331298828	48.88141632080078	39.8109245300293
Q99571	89.51094818115234	48.972063064575195	47.21013069152832
P17693	80.3164234161377	49.823280334472656	44.639644622802734
B1AP15	118.1212387084961	25.992608070373535	25.27566432952881
Q8NFM7	97.33514022827148	48.158687591552734	39.865989685058594
Q8WTR4	70.22292518615723	55.06879425048828	39.173404693603516
Q03405	64.20487785339355	52.43752670288086	39.55286979675293
Q99572	90.65140914916992	46.809125900268555	45.58950614929199
Q8NBR0	147.74811553955078	92.68141555786133	80.01932144165039
Q5VUB5	68.34394264221191	67.7703857421875	41.933570861816406
P15813	73.36817359924316	51.36509895324707	37.622703552246094
Q9HCC8	71.29965782165527	52.43992805480957	38.01469802856445
P0DKB5	80.8899917602539	54.21086120605469	37.464181900024414
Q6ZN44	134.30177688598633	44.74906539916992	31.55014419555664
Q8WWA0	53.43557357788086	41.846046447753906	38.95955276489258
Q6UY11	167.526123046875	60.87443733215332	43.5291690826416
Q5T4D3	91.68214416503906	46.86846351623535	37.17689514160156
Q9UIK5	79.6064338684082	67.08912658691406	59.55256271362305
P80370	163.1402130126953	40.04604530334473	28.839491844177246
Q95460	72.35705757141113	50.519662857055664	45.46551322937012
P56373	87.30140686035156	50.6341495513916	40.75221633911133
P54826	62.21440887451172	52.87105751037598	36.29325485229492
Q8NBJ9	75.43497848510742	59.44431114196777	30.930606842041016
Q5VX71	153.98573303222656	50.71456336975098	35.77829360961914
O43570	64.63552665710449	45.934553146362305	44.76405334472656
P12314	100.85715103149414	57.59375190734863	26.10416603088379
P10646	70.95016860961914	56.09787368774414	41.778472900390625
Q9NRM6	93.10176467895508	68.27622032165527	41.655439376831055
Q96D42	54.3961181640625	33.65987777709961	25.431716918945312
Q8N967	87.28942108154297	75.85339164733887	64.35439491271973
Q9ULX7	55.689048767089844	46.06369972229004	45.65089225769043
P55899	75.15182495117188	53.924354553222656	43.06826210021973
P58658	75.39237213134766	58.24233436584473	52.86531639099121
Q86UK5	78.35378074645996	36.22692584991455	28.053736686706543
P06734	162.17340850830078	43.64806938171387	39.29287528991699
Q9UBL9	85.60270690917969	44.99713325500488	41.69741630554199
O15547	88.93052291870117	43.60600280761719	42.8174934387207
P52961	54.48057174682617	54.27205467224121	45.030059814453125
Q9UHC9	77.70322036743164	72.20671081542969	40.5075740814209
P15391	82.73977279663086	59.387168884277344	45.98519706726074
Q8IYV9	120.97340774536133	69.69258117675781	38.470462799072266
O95727	102.18217086791992	68.5460205078125	55.50838088989258
W5XKT8	137.88887786865234	65.22045707702637	33.93936061859131
Q6UWU4	73.55904006958008	46.66525840759277	35.90211868286133
Q93086	85.41033554077148	46.63332748413086	43.9514274597168
Q53RT3	72.00491714477539	49.042884826660156	31.956344604492188
Q7Z5A4	52.65372276306152	48.671905517578125	46.691572189331055
Q16586	83.34389877319336	63.45259094238281	48.322853088378906
Q9H2S6	97.40298080444336	78.86824035644531	42.63321876525879
P22748	54.55178451538086	47.27005195617676	40.23049545288086
Q9NSI5	90.53433990478516	36.87726306915283	29.99483299255371
Q9UJ71	225.22772216796875	38.98406410217285	30.353428840637207
M0R1I2	54.50704002380371	53.44296836853027	42.96641159057617
Q9Y279	95.961181640625	92.40351295471191	46.130075454711914
Q9HBL6	76.80972671508789	72.74563980102539	48.66623115539551
Q10588	62.55310821533203	47.975786209106445	45.3504524230957
A6NHS7	52.65254211425781	31.68875026702881	31.428539276123047
Q8N9M5	95.02009963989258	89.40684509277344	69.32807159423828
P28906	56.39974594116211	34.11338996887207	32.02028179168701
P24046	67.83442306518555	48.01747131347656	35.063615798950195
Q86X29	91.84487915039062	50.02079963684082	37.34668731689453
Q92544	62.26983642578125	57.058536529541016	52.952219009399414
P78334	71.32550048828125	44.62462043762207	33.97725200653076
P28907	60.46068000793457	45.637136459350586	44.37632179260254
Q9GZZ7	71.36182594299316	63.80112648010254	60.84854316711426
Q96B86	79.46193313598633	43.237552642822266	37.94556427001953
Q8IUN9	105.07638931274414	66.76093292236328	32.59992504119873
Q86YT9	111.79175567626953	53.868587493896484	39.48272705078125
Q5JXA9	53.60945510864258	52.75625228881836	32.91315174102783
Q96KA5	83.20767211914062	45.69277381896973	35.06956100463867
Q9BXP2	70.0113754272461	60.74066925048828	55.78981399536133
Q9UP38	83.97691917419434	61.15618133544922	42.67851448059082
Q5T2D2	185.21475982666016	69.46576881408691	65.70195579528809
Q9H8M5	70.46252822875977	61.203609466552734	47.418277740478516
Q86Y34	67.68042945861816	49.94729804992676	38.14959907531738
O14788	75.60357666015625	59.14533805847168	49.32395362854004
Q9H461	103.32254028320312	82.71036911010742	48.96902656555176
P09758	59.71782302856445	54.031911849975586	48.00650405883789
Q9UN88	71.5523910522461	44.30452537536621	32.18668460845947
Q9Y6M0	57.10744667053223	45.391841888427734	44.36118698120117
Q9HCN6	61.57956314086914	41.83324432373047	34.62175941467285
P10912	74.96659469604492	49.666873931884766	31.190702438354492
Q9H756	87.37916374206543	57.9418830871582	48.55988121032715
P34903	72.55632781982422	45.28813934326172	37.14228057861328
P48167	73.72222518920898	49.76603889465332	32.79229927062988
Q9NU53	81.44046783447266	64.97939872741699	52.842451095581055
P21964	57.04229545593262	55.07699775695801	34.2975959777832
Q7RTY9	56.804256439208984	45.7154655456543	43.89778137207031
Q6ZMC9	105.87536239624023	34.15674591064453	29.785499572753906
P21854	195.81046295166016	44.6099910736084	37.70554161071777
P50591	79.49596786499023	63.63243865966797	39.836280822753906
A8MPY1	67.57426071166992	44.97249412536621	37.42605400085449
P20138	90.60921096801758	36.78514099121094	31.827167510986328
P16422	64.42387390136719	54.20489501953125	46.88499069213867
P0DPA2	98.77425765991211	48.89741897583008	35.78226089477539
Q96LD1	126.61003112792969	40.658403396606445	34.61604881286621
Q6UXB4	159.75186920166016	55.17580604553223	34.22878646850586
P05026	61.97905349731445	49.56495666503906	41.33151435852051
P28476	67.73817825317383	46.99690055847168	36.20389366149902
P31785	90.19694900512695	47.09794807434082	29.20661735534668
Q99928	72.81465148925781	43.56485366821289	35.27215003967285
O15354	16.44727611541748	10.221968650817871	7.3027260303497314
Q93070	54.76796340942383	45.40029335021973	42.411964416503906
Q9UKB5	107.57120132446289	66.37301826477051	53.77396202087402
Q8N1C3	70.90059661865234	45.59866905212402	33.86628532409668
Q68D85	85.3168716430664	42.26185417175293	30.727109909057617
O75144	87.23292922973633	36.26725196838379	27.540472984313965
Q6UWI2	8.385994911193848	6.309931039810181	3.4383010864257812
Q15822	69.6089859008789	47.86918258666992	34.18374061584473
Q8NHJ6	90.80340576171875	70.65842056274414	33.430912017822266
O76036	77.9543228149414	61.624921798706055	53.59362983703613
Q8TD46	84.68387985229492	32.91452121734619	28.199049949645996
Q15762	70.17533493041992	60.832515716552734	41.7358283996582
Q5T197	158.66461944580078	66.95870780944824	35.75286293029785
P18507	70.21675491333008	46.984453201293945	36.68306350708008
Q7Z7D3	91.04187393188477	42.446144104003906	35.80948066711426
Q2I0M4	78.46852493286133	37.319358825683594	35.10919380187988
P20333	106.04891586303711	40.52146530151367	25.882884979248047
O60667	45.14909553527832	40.36526298522949	35.172882080078125
A6NLU5	55.762107849121094	39.17604446411133	22.601298332214355
Q5T8H6	100.32661437988281	56.12698173522949	32.43446731567383
Q92508	63.055402755737305	39.60141181945801	35.82621955871582
P51164	66.79086303710938	46.51234245300293	41.003238677978516
Q13326	127.23526000976562	47.2219181060791	38.32940483093262
Q92629	133.08568572998047	41.793134689331055	35.924936294555664
A6NDV4	67.39339828491211	43.611454010009766	36.148027420043945
Q8WVV5	86.90393829345703	33.34968662261963	31.420854568481445
Q16585	132.16156005859375	43.929731369018555	37.02911376953125
P07307	129.42230987548828	59.74508857727051	33.48419761657715
Q9P0L9	79.07915496826172	52.70930290222168	36.48113441467285
P30532	71.36858367919922	50.66415977478027	35.044105529785156
P18827	143.7113037109375	110.34321594238281	86.7439079284668
Q01113	78.07377624511719	49.25802230834961	33.154470443725586
P07306	125.80500030517578	57.700443267822266	32.52680587768555
P31644	74.08504104614258	43.95577812194824	36.62564277648926
P56937	62.47403335571289	43.167863845825195	36.02214813232422
Q6UXG3	183.9489974975586	67.04033851623535	54.8245964050293
P23416	68.81225967407227	44.71190643310547	33.24932289123535
A8MVZ5	101.51156997680664	35.328752517700195	28.088130950927734
H3BV60	103.35579299926758	44.6098690032959	36.51171112060547
P15260	83.89584350585938	45.26744079589844	33.554436683654785
Q6PCB8	80.41224670410156	45.5926570892334	33.07611083984375
A2A2V1	73.73880004882812	35.3160514831543	30.445324897766113
Q13563	76.17167663574219	42.743120193481445	42.190067291259766
A6NI73	80.64208984375	61.5505485534668	31.197999954223633
O14764	70.21084594726562	48.44775199890137	33.619476318359375
P19235	80.083984375	42.676523208618164	28.396580696105957
P14867	74.14873123168945	43.36600112915039	36.81088066101074
Q9Y2G8	129.55763626098633	58.336021423339844	41.465518951416016
O00481	100.39434432983398	37.36609649658203	31.9379301071167
P43632	67.07798194885254	49.81489562988281	29.80255699157715
Q8IZF4	63.11348342895508	51.104583740234375	48.41572380065918
P42081	92.29539108276367	35.11164474487305	27.656211853027344
P04233	107.86530303955078	67.78466606140137	43.56700325012207
Q5VW38	84.9120922088623	54.230581283569336	46.99058723449707
P43627	68.55970573425293	44.54999351501465	28.064048767089844
Q07001	69.67287826538086	47.260929107666016	43.081464767456055
O75084	66.8823356628418	53.973947525024414	45.079803466796875
Q9NZM6	68.72625350952148	45.81450080871582	43.59256935119629
Q14954	68.33583641052246	43.37272262573242	28.670141220092773
P48169	73.71049880981445	45.86062049865723	36.37887954711914
Q16445	73.85962677001953	53.92879867553711	36.96873474121094
P43626	68.20262718200684	43.27606010437012	30.36970615386963
Q14953	65.33134841918945	45.28579521179199	31.062920570373535
P43628	68.57455635070801	44.42306900024414	28.06373691558838
Q14952	65.00137710571289	49.302833557128906	30.786983489990234
A0A087X1S7	87.11614608764648	34.457509994506836	29.654410362243652
Q14332	72.49025344848633	67.677734375	39.009408950805664
P43631	67.91814613342285	45.239707946777344	28.848288536071777
P43681	72.32815170288086	51.09268569946289	31.460915565490723
P54709	68.37545394897461	51.26361083984375	38.838008880615234
P14415	66.50686645507812	48.380470275878906	36.24909019470215
Q02297	73.8307113647461	65.88816452026367	52.62268257141113
A5X5Y0	71.41776657104492	49.39781379699707	36.63556480407715
O75311	70.5415153503418	44.67926788330078	35.07236671447754
P08138	104.79783248901367	39.007606506347656	32.10110950469971
P23415	70.41927337646484	44.78716278076172	35.56749153137207
P08294	79.84531211853027	50.975881576538086	36.295169830322266
Q6UXG8	81.54556274414062	37.05145835876465	29.988590240478516
Q6UX41	106.32287979125977	35.930606842041016	30.822080612182617
Q99706	71.32473564147949	67.16537475585938	28.722993850708008
Q9UHF4	94.7451400756836	44.561410903930664	37.76089572906494
P28472	71.3710708618164	44.356719970703125	36.28676795959473
P11230	68.66919326782227	55.86477088928223	39.45522499084473
Q8WXA8	73.78315353393555	51.19435119628906	33.685651779174805
Q8N7C0	78.19293212890625	36.397438049316406	36.1380729675293
P47869	77.69027328491211	49.471940994262695	36.442474365234375
P38484	88.29857635498047	43.41385269165039	34.01416015625
B6A8C7	63.33955192565918	61.3386116027832	31.28560733795166
Q9NZQ7	85.6895980834961	36.144039154052734	34.93614196777344
Q7KYR7	86.1322021484375	34.22357940673828	30.703938484191895
Q6UXE8	103.55514526367188	37.6254825592041	30.599056243896484
P18505	70.21006393432617	44.3915901184082	35.34465408325195
Q96IQ7	96.7578239440918	35.51157569885254	35.450490951538086
P78410	89.5099105834961	36.67947006225586	31.473687171936035
Q04844	68.6853141784668	52.7963924407959	39.30253791809082
Q5DX21	92.88260650634766	35.582664489746094	34.9693546295166
P01589	109.76623153686523	72.88620376586914	51.59846305847168
P16871	75.53067779541016	42.4918327331543	28.645936012268066
P32297	77.79765319824219	50.852853775024414	32.212002754211426
P13726	85.01726150512695	38.51723289489746	32.654067039489746
Q96AP7	104.69847869873047	35.05932426452637	31.704986572265625
Q9Y5Y7	104.64859390258789	71.36308479309082	48.357364654541016
O00478	81.71841430664062	36.84017753601074	31.97696876525879
Q96KV6	85.24484252929688	33.374006271362305	27.99064540863037
Q5SQ64	81.0716781616211	45.3667106628418	43.142181396484375
P46098	74.89178085327148	51.3826904296875	36.62121391296387
P07510	68.74911117553711	47.56342697143555	37.56300926208496
Q96A28	92.01277923583984	46.36904048919678	31.487704277038574
O00591	69.06145477294922	43.39390182495117	34.36652374267578
Q9Y275	91.6727123260498	64.03998565673828	51.71634292602539
P30926	75.58227157592773	46.61970329284668	33.214327812194824
P78310	97.56161499023438	36.141122817993164	29.566715240478516
Q9H6B4	108.02726745605469	40.38004684448242	33.31950664520264
Q5XG99	104.58316040039062	75.18783569335938	66.47280883789062
O95264	71.08913040161133	44.61302947998047	37.61478233337402
Q13291	87.77739334106445	34.86349105834961	34.27626609802246
Q8NHK3	72.3704662322998	70.97117614746094	30.78636932373047
Q7Z3D4	85.67119598388672	61.22321128845215	41.61325263977051
P48551	74.56983947753906	40.451255798339844	35.13827705383301
Q8N109	74.90157890319824	74.89940643310547	27.810303688049316
Q13410	80.64420318603516	34.192962646484375	28.42897129058838
P78380	147.0799560546875	54.58181381225586	34.64754867553711
Q9UGM1	70.15464782714844	46.0743522644043	37.46586990356445
Q05901	70.70874786376953	50.08859634399414	35.713666915893555
P47870	70.04875564575195	44.26399040222168	34.64653778076172
Q6Q8B3	101.9580307006836	33.035491943359375	27.998802185058594
Q9H813	86.154296875	51.688232421875	39.53936195373535
O00220	74.33729553222656	30.32119846343994	25.05294132232666
P29965	81.41358184814453	54.85256004333496	42.879281997680664
Q9NPH5	134.1143798828125	54.766305923461914	36.573171615600586
Q13651	87.99052429199219	44.46921920776367	30.833184242248535
P14784	81.73042297363281	46.41538429260254	31.035024642944336
Q99795	96.5989990234375	33.881707191467285	32.55471420288086
P14207	50.30647087097168	40.970462799072266	38.61601448059082
Q15825	70.9982795715332	51.00316619873047	31.942992210388184
Q6UX15	77.37599754333496	62.10929298400879	50.40836524963379
Q8N6P7	85.39427947998047	41.58114242553711	32.61752891540527
Q9HBE5	71.91560363769531	44.64548110961914	27.51255226135254
P17787	71.5167465209961	44.157155990600586	34.5371150970459
Q9GZZ6	69.57214736938477	47.01239585876465	33.370673179626465
Q2HXU8	125.11236190795898	56.89314079284668	37.1472053527832
Q13467	67.07304191589355	56.66196250915527	48.398488998413086
Q9GZU1	79.85676956176758	54.76939582824707	35.165374755859375
P02708	69.6389045715332	46.540109634399414	32.264427185058594
O14798	68.45130920410156	31.62888813018799	22.57177448272705
Q9P0V8	104.64089965820312	37.69938087463379	30.067301750183105
Q86XK7	86.86428833007812	42.46675109863281	34.01132106781006
P36544	69.9811782836914	49.822500228881836	36.07490348815918
Q9Y624	87.76653289794922	38.97257614135742	33.09866142272949
P16471	79.63471221923828	42.5216178894043	30.136672973632812
Q9BX67	94.68923568725586	37.3098201751709	33.63820457458496
Q14773	82.56689071655273	38.25996971130371	29.108325004577637
P98172	44.69405555725098	38.9526424407959	36.007808685302734
Q16348	56.810970306396484	56.38197326660156	34.89051628112793
P15328	56.49563980102539	40.02958679199219	39.765525817871094
P57087	100.88665390014648	36.82040023803711	31.13533306121826
Q9HC73	74.3668327331543	53.738765716552734	32.06070518493652
A6ND01	54.6484260559082	42.246421813964844	36.340362548828125
Q8IU57	77.88101196289062	45.446266174316406	30.173702239990234
P04156	47.703115463256836	33.75955581665039	24.573580741882324
Q9BZW8	94.10034561157227	43.13988494873047	34.02845478057861
Q5SZI1	63.41659927368164	40.75490188598633	31.61862277984619
P33681	90.7238998413086	34.496042251586914	29.91744899749756
Q7Z6M3	89.68949508666992	34.88412666320801	28.04220199584961
Q401N2	68.06692504882812	41.38780212402344	30.310546875
Q70Z44	69.20116424560547	51.60607147216797	32.224517822265625
Q8NC01	109.6268539428711	49.01446533203125	34.73370933532715
P24394	73.24178314208984	43.93863487243652	26.327630043029785
O43508	113.72978210449219	67.2979679107666	37.71707534790039
Q14002	92.12422561645508	32.99932670593262	32.65780067443848
Q14CZ8	95.0255126953125	35.038997650146484	34.637882232666016
Q9Y6U7	47.86082458496094	40.16393852233887	39.70523643493652
O00144	63.24989318847656	51.80921936035156	41.53213310241699
P24071	80.22591018676758	45.54176902770996	32.26536178588867
Q9UJQ1	67.45367240905762	40.798879623413086	39.865182876586914
Q3KPI0	97.2763786315918	35.449706077575684	31.236957550048828
Q15256	59.409345626831055	41.222883224487305	32.0933837890625
Q86YD3	89.80124282836914	37.14341926574707	27.997337341308594
Q9ULW2	76.84976577758789	49.82724952697754	42.10442924499512
Q96DU3	93.64265441894531	36.11702537536621	30.264249801635742
P41273	57.021257400512695	39.505985260009766	31.340113639831543
Q9UIB8	93.45140075683594	39.621280670166016	35.468666076660156
Q6UXL0	91.90840530395508	46.01181602478027	28.1826753616333
Q9P246	56.20930480957031	50.00823211669922	38.69205856323242
Q9NQ25	99.91454315185547	39.07461929321289	30.448896408081055
Q9BXS4	120.00665283203125	32.72637462615967	31.986159324645996
Q9Y2Y6	58.76037788391113	42.31630897521973	33.06564235687256
P46059	54.555538177490234	50.6773738861084	29.465250968933105
Q8IZK6	83.50982666015625	42.79290008544922	34.06899929046631
Q99835	73.06105613708496	35.086814880371094	33.42858409881592
P52799	45.984413146972656	40.540645599365234	38.05047798156738
P34925	78.17985153198242	38.37763786315918	38.08138847351074
Q504Y0	47.37955284118652	44.71577072143555	38.05011749267578
P41217	89.11692428588867	33.50372123718262	30.358369827270508
Q5QGZ9	107.06878280639648	50.57074737548828	32.53516101837158
Q08334	89.85063934326172	41.069332122802734	31.271392822265625
Q9BQ51	83.35799026489258	33.0488920211792	26.53360366821289
Q6UWN5	59.16977310180664	38.81707000732422	37.374982833862305
Q8TDD5	82.21923065185547	42.72517395019531	38.157249450683594
P13598	99.81309509277344	35.80698013305664	31.58250331878662
Q6UWM5	53.43979454040527	39.627092361450195	37.72459411621094
Q15768	46.544918060302734	39.12158012390137	37.55782508850098
Q6UWN0	60.29115867614746	38.1922607421875	34.98352813720703
P79483	90.2131576538086	52.33950424194336	30.981172561645508
P13762	82.43423461914062	48.53121376037598	31.704304695129395
P13765	90.92928695678711	46.62747383117676	32.825347900390625
Q6H3X3	54.65278244018555	46.79607009887695	31.247645378112793
P01911	88.29442977905273	52.16018104553223	30.837809562683105
Q30154	87.50198364257812	52.853071212768555	31.345616340637207
P01920	83.32901763916016	48.82438087463379	26.70877456665039
Q9BY14	65.0684585571289	38.61867332458496	34.340928077697754
P36941	114.75029754638672	39.8663387298584	34.351675033569336
P05538	84.43269729614258	49.37208938598633	29.842628479003906
P04440	87.12959289550781	40.88247871398926	30.082215309143066
Q6UX82	56.925872802734375	38.45269203186035	36.55203819274902
Q06643	67.06710052490234	34.45503044128418	29.38102626800537
Q6P7N7	97.5334358215332	60.581743240356445	35.0955867767334
Q9H9P2	46.47129249572754	40.85955810546875	34.07209587097168
Q8TD07	56.143545150756836	47.34860801696777	30.830034255981445
P08069	88.25699996948242	33.75727653503418	25.882431983947754
X6RKS3	45.93838310241699	32.96216297149658	27.38213062286377
O95150	81.26921463012695	59.576171875	40.732351303100586
P20036	70.45653915405273	52.02608108520508	39.18448066711426
P09326	87.04093551635742	34.16019248962402	29.935769081115723
Q9NPF0	61.72071647644043	41.711838722229004	31.640111923217773
D6RFL4	52.95863723754883	42.87612724304199	41.10765838623047
P01906	76.91129112243652	49.39913368225098	40.75505256652832
A0A087X1C5	68.85919570922852	42.830190658569336	42.812110900878906
Q5VY80	56.048133850097656	46.49913024902344	30.534832000732422
P01909	75.90902709960938	48.18533134460449	41.29976463317871
Q9UNN8	68.95172119140625	42.33185577392578	39.23003387451172
Q6ZMH5	81.42682647705078	57.98179244995117	44.47210502624512
Q9HBV2	62.75042724609375	55.865108489990234	29.273491859436035
P08637	71.17953681945801	67.86529350280762	28.31247043609619
Q9BZM5	55.83219337463379	45.999040603637695	31.287067413330078
P06340	77.92548561096191	46.94467544555664	43.55011749267578
P52797	49.17921829223633	38.64592361450195	32.23000431060791
Q9BZM6	64.43007278442383	42.979658126831055	30.2651424407959
Q6UXZ0	93.13705062866211	41.03486251831055	30.2089262008667
Q13586	45.96958351135254	43.41501998901367	41.13945198059082
P01903	76.32795715332031	48.84774971008301	40.3956413269043
P0DPE3	77.9588623046875	57.16196823120117	54.6549186706543
P21583	49.98305320739746	33.34196853637695	28.516725540161133
P35613	84.64420318603516	37.376150131225586	33.120025634765625
Q9BZM4	62.947824478149414	46.45609092712402	30.617162704467773
P19256	80.21853256225586	33.12136745452881	32.08846950531006
P43489	90.34929275512695	36.21165657043457	26.49362277984619
Q6UXN8	94.32592391967773	55.88434982299805	34.17577362060547
Q9NP99	49.067039489746094	32.68501281738281	26.066261291503906
Q6ZS10	100.90281677246094	54.93863868713379	32.989431381225586
P06729	85.0798568725586	32.01933288574219	31.587663650512695
P12318	63.80767631530762	52.143394470214844	28.072794914245605
O75015	63.552900314331055	46.17118835449219	27.42791748046875
Q9NPG1	71.69502830505371	50.63644599914551	40.09095573425293
Q92637	57.96859931945801	56.137027740478516	28.37635326385498
O60353	84.27325057983398	50.57269477844238	32.99740791320801
Q8NCS7	62.350114822387695	49.76617431640625	35.72992706298828
Q6PL45	46.01698303222656	39.06174850463867	34.25762939453125
Q9Y6Q6	132.08272552490234	33.59018325805664	28.549235343933105
P52803	52.273386001586914	41.49414825439453	38.88676834106445
P19438	89.45483016967773	35.34646797180176	28.36394691467285
Q9BXN2	90.12247467041016	54.02345085144043	38.09471321105957
O43557	68.68050003051758	50.72665977478027	33.99779796600342
P31995	63.98032569885254	53.85525703430176	27.708038330078125
Q8TDQ0	109.85440063476562	47.80171775817871	29.206217765808105
Q96EX2	41.15513801574707	16.840261459350586	12.877711772918701
D6RDV5	81.37515258789062	52.39159965515137	39.65766525268555
P34910	12.87559700012207	10.10030221939087	7.321047067642212
P12319	60.442440032958984	45.241952896118164	28.18959331512451
Q9ULY5	62.44089698791504	61.417741775512695	33.644500732421875
Q9HD20	86.26108169555664	40.771968841552734	33.95536422729492
P48023	72.14999961853027	51.77520751953125	38.38997268676758
Q9UKJ1	57.590436935424805	33.27793884277344	28.116079330444336
Q8IWA5	62.28044128417969	55.67011260986328	46.63010215759277
Q6P4Q7	47.17751693725586	36.025054931640625	31.776461601257324
P01375	61.144596099853516	37.87626647949219	27.336840629577637
Q8WXI8	64.7368335723877	45.64200782775879	40.18387794494629
Q86SQ3	59.48269081115723	55.743621826171875	52.478206634521484
Q9ULV1	72.48330307006836	46.54234313964844	32.010979652404785
Q9H2A7	41.348928451538086	31.572675704956055	25.680387496948242
Q7L5L3	62.616743087768555	41.3388557434082	34.72172927856445
Q9P126	68.24367713928223	45.6695613861084	35.812522888183594
E7ESB3	48.91134834289551	44.997446060180664	39.792497634887695
P14616	90.00981140136719	34.02488327026367	27.342087745666504
P31994	64.98917770385742	44.18356513977051	27.287961959838867
Q93038	104.39599227905273	30.092966079711914	27.112738609313965
Q13261	53.70597839355469	24.28117084503174	20.695594787597656
Q53GD3	63.22511100769043	46.71592903137207	40.70944404602051
Q68DV7	53.868263244628906	36.767351150512695	36.3472785949707
Q9ULK6	73.63145065307617	39.19021415710449	35.092620849609375
Q9HBY0	101.2203369140625	37.91775894165039	34.16354179382324
P25942	109.58432006835938	40.081871032714844	25.700716018676758
O95838	56.54656410217285	38.628013610839844	32.42066287994385
Q8ND94	70.13485717773438	40.31801414489746	28.831878662109375
P26842	104.67802810668945	48.18031120300293	39.722670555114746
P32971	56.88200759887695	37.830047607421875	34.88880729675293
Q9UKJ0	97.97039031982422	48.12222099304199	31.893820762634277
Q9NZS2	80.32519340515137	62.331111907958984	38.849525451660156
Q16581	122.69729232788086	78.45927047729492	61.41409873962402
Q96AD5	92.25476837158203	53.47297286987305	48.41919708251953
E5RIL1	77.71057510375977	43.27479934692383	35.050498962402344
B0FP48	82.00132369995117	43.43561935424805	34.69613456726074
Q13445	76.6410903930664	49.745378494262695	25.693190574645996
O95944	50.40492057800293	33.185669898986816	27.097949028015137
O43291	64.10548973083496	45.310977935791016	38.536827087402344
Q8WTT0	62.57990837097168	38.56898307800293	34.37656593322754
Q6UW56	60.151620864868164	39.7158317565918	38.38484764099121
Q9Y5S8	104.28593063354492	52.58913230895996	39.19066047668457
Q7Z402	66.05620384216309	38.312259674072266	22.078832626342773
Q9UMR7	62.04459762573242	51.87299156188965	34.43002891540527
Q7Z404	56.9556884765625	41.58560752868652	17.79238986968994
Q6EIG7	56.60451889038086	37.272565841674805	36.631404876708984
P54851	69.34422492980957	30.56690502166748	27.903318405151367
A6NL88	102.20947265625	50.80596923828125	48.767202377319336
Q86XS8	59.42436599731445	42.32252502441406	39.82855415344238
Q86XT9	63.63396072387695	49.17663383483887	36.086090087890625
Q6UXV1	62.915184020996094	60.636932373046875	29.789766311645508
O14836	97.75473022460938	59.11456298828125	32.67877197265625
Q9ULT6	64.00577545166016	42.69445610046387	36.9602165222168
P20827	50.339073181152344	35.55019187927246	34.564863204956055
Q92956	101.27603149414062	30.60942268371582	21.659385681152344
O43921	54.10513877868652	37.27077865600586	34.385104179382324
Q08708	83.60067367553711	54.888261795043945	32.715518951416016
Q9UGN4	95.40466690063477	75.10179328918457	29.684497833251953
Q07011	115.55336380004883	47.73554611206055	26.29899787902832
Q9H7M9	60.67824745178223	49.69804573059082	36.045894622802734
Q96JW4	12.440937519073486	9.820359706878662	8.679978132247925
Q06495	93.00735473632812	44.585296630859375	42.88096809387207
F2Z333	55.87921142578125	44.35394477844238	34.30436134338379
Q6UQ28	50.13183784484863	36.52693271636963	34.49402046203613
A6NDD5	12.982329845428467	10.044063091278076	9.652942180633545
Q10589	192.9039764404297	44.00154495239258	22.11460304260254
P01732	79.89035987854004	47.99261474609375	36.72575378417969
Q96PH1	63.945051193237305	49.310028076171875	35.34881782531738
Q9NY25	48.66537666320801	32.248230934143066	30.13340473175049
Q9UNE0	89.35438537597656	70.38004493713379	33.96991539001465
Q03431	86.67383193969727	55.07868576049805	40.961103439331055
Q8TCZ2	56.42352485656738	30.492389678955078	19.05830669403076
Q96HH4	15.3052339553833	7.055079221725464	4.552413702011108
Q12918	80.36362648010254	37.34556007385254	32.46289253234863
P49771	45.45004653930664	42.35572814941406	27.68744468688965
Q8IW00	92.86135482788086	40.130985260009766	32.81176280975342
Q9NZC2	79.44035720825195	54.02334785461426	25.341689109802246
Q9UBN6	88.45172500610352	56.05872344970703	27.95954990386963
Q86YD5	80.45658111572266	43.38841533660889	30.78145408630371
D3W0D1	48.65888977050781	45.32857322692871	34.561527252197266
Q496F6	81.37135696411133	49.19549751281738	27.910057067871094
A0A2R8Y7Y5	8.116260528564453	5.959103584289551	4.428048372268677
O14763	75.61400985717773	31.848426818847656	22.99977397918701
Q9H0U3	56.801679611206055	43.3858585357666	37.33837699890137
P09564	98.41963386535645	49.402414321899414	30.83236789703369
P32970	71.0630054473877	33.70714855194092	32.39334774017334
Q9H3N1	64.91911125183105	38.135942459106445	28.235015869140625
Q5VZ72	65.53465270996094	40.11033058166504	28.043694496154785
A6NMD0	137.83937454223633	93.9375991821289	35.640018463134766
Q8NBL3	76.69878005981445	47.798505783081055	36.09774398803711
A6NJW9	77.52754783630371	63.318058013916016	39.19333076477051
Q9BRN9	65.23537063598633	43.85768699645996	27.62935161590576
Q6ZSJ9	74.01531982421875	28.08772563934326	25.742782592773438
P10966	79.01752281188965	62.26107406616211	39.91231155395508
E7ER42	47.58564758300781	47.40736198425293	40.37984085083008
P25445	79.45358657836914	28.656047821044922	20.766502380371094
Q13241	66.11535453796387	42.27840042114258	40.79717254638672
Q9Y5X5	32.326666831970215	17.46727466583252	11.832056522369385
Q8IYJ0	74.46084213256836	49.73093032836914	32.592613220214844
Q86YW5	82.60246276855469	68.64569282531738	32.10843372344971
Q8NC54	18.222500801086426	11.569605350494385	7.4879844188690186
Q6UXZ3	44.65838813781738	36.53540229797363	28.015910148620605
Q07444	61.634145736694336	40.61602783203125	32.9273042678833
Q96FE7	102.87406539916992	62.07293128967285	38.599700927734375
E9PNQ8	43.31087875366211	30.39099884033203	29.231243133544922
A0A087WWR8	59.34920120239258	34.503774642944336	16.683103561401367
Q8IX05	47.43709373474121	38.075910568237305	34.50135803222656
Q15116	89.30229949951172	35.46407508850098	34.48005294799805
Q9P0X4	67.0248966217041	34.88496971130371	34.637935638427734
P52798	49.06962966918945	33.51533317565918	32.86698055267334
Q8N386	47.74760627746582	32.59745788574219	31.29738140106201
Q86SU0	53.151987075805664	40.02910041809082	32.18363857269287
P37173	61.422698974609375	41.512081146240234	31.431867599487305
A0A0K2S4Q6	48.60885429382324	35.41409492492676	27.23935604095459
Q86WA9	42.4759521484375	34.46425533294678	32.57475471496582
Q6GTX8	75.56962966918945	45.68636131286621	25.85938835144043
P26718	70.15867805480957	39.47374725341797	30.257680892944336
J3QLL2	49.857778549194336	38.19890213012695	29.37684917449951
P0C7V7	75.7232551574707	37.44508361816406	33.27236080169678
O95180	70.91227340698242	41.14169502258301	34.10972595214844
Q9H665	76.15916442871094	55.831424713134766	41.751708984375
Q9NS68	94.71612167358398	42.709665298461914	35.21156120300293
Q99445	90.67658615112305	35.46369171142578	32.71787071228027
Q99075	85.49298477172852	44.25838279724121	41.717979431152344
P26715	65.98307991027832	36.28997802734375	33.24522399902344
Q8N131	20.575413703918457	9.883169651031494	6.296093940734863
Q04900	65.90728378295898	49.26527786254883	42.130714416503906
Q07699	58.67227363586426	46.449289321899414	33.57812976837158
Q9HAV5	107.8376693725586	38.274508476257324	24.609299659729004
P26717	65.74004364013672	40.28644561767578	35.2821159362793
Q07108	61.0778923034668	39.75400924682617	33.95960807800293
Q8TDQ1	51.115196228027344	38.13401412963867	27.593368530273438
Q9Y5U5	63.750457763671875	34.243791580200195	28.846458435058594
Q969Z4	92.19529724121094	41.92458915710449	29.018123626708984
O43497	58.71987724304199	35.93941116333008	34.98406791687012
A0A8I5KYY0	66.1049861907959	27.492850303649902	26.231721878051758
Q96E93	56.048418045043945	36.20499038696289	31.4327392578125
O95971	57.50223159790039	33.61440467834473	30.222707748413086
P10747	73.76809692382812	34.555227279663086	30.52015781402588
A8K4G0	49.77616500854492	36.95584297180176	29.285797119140625
Q9NY72	60.84037780761719	45.199127197265625	29.622939109802246
P23510	50.01543617248535	37.610660552978516	31.582968711853027
Q04671	60.122684478759766	47.46479797363281	32.72513008117676
P0CG37	46.52935218811035	28.123743057250977	19.96363639831543
E9PIM6	45.50734901428223	35.431861877441406	29.538345336914062
P41586	64.0810604095459	51.51617622375488	32.31550407409668
Q9UHP7	47.71145439147949	32.50137710571289	31.85879611968994
Q13145	63.669294357299805	51.15665626525879	36.64833450317383
Q16671	77.34862327575684	37.43195724487305	35.27596855163574
Q8IWT1	56.33108711242676	37.912353515625	30.13680648803711
Q8IV16	45.38422393798828	30.929722785949707	28.193445205688477
P40259	63.38092231750488	36.82124328613281	35.47118949890137
Q8IXA5	49.22329902648926	30.47499370574951	28.627668380737305
P14770	47.02426338195801	29.48377799987793	25.314290046691895
P11049	57.286441802978516	41.70392608642578	35.81124496459961
Q9H2Y9	55.787803649902344	44.1768741607666	37.59969520568848
Q7L0J3	51.55992317199707	37.675537109375	32.00104999542236
Q9UNG2	62.246009826660156	32.52270984649658	29.53400707244873
Q9H313	85.44021224975586	34.11326503753662	30.372780799865723
Q9C0H2	86.58785629272461	34.28773498535156	30.347665786743164
P36894	59.88726234436035	33.54708480834961	26.327714920043945
O95436	74.28491592407227	46.47983932495117	34.7011661529541
P55082	51.44745445251465	34.403775215148926	22.579612731933594
Q3KNT9	66.95702743530273	31.975764274597168	31.9444522857666
O60487	47.86333465576172	42.7166805267334	31.70340347290039
O60939	53.17539596557617	46.67388343811035	33.986473083496094
Q96BF3	55.96516418457031	28.633231163024902	26.685392379760742
P31431	116.41094207763672	85.14897918701172	31.13857650756836
Q9BSA4	82.15125274658203	30.626696586608887	30.26486873626709
Q9HBJ8	56.294227600097656	38.79312324523926	32.26118469238281
Q15043	63.61652183532715	45.55099296569824	36.9963436126709
Q6UWV2	56.98542594909668	39.74320983886719	30.0360689163208
Q9Y691	49.435638427734375	40.70743751525879	30.722844123840332
Q9UKY0	47.5402889251709	31.926952362060547	28.427969932556152
O95297	47.02751350402832	35.73963737487793	33.728705406188965
Q86W47	49.164329528808594	35.37138748168945	27.042672157287598
Q7Z6A9	48.91691970825195	38.61170768737793	31.542794227600098
Q9H2X9	69.51640892028809	42.73588180541992	37.81224822998047
O95976	66.09497261047363	29.852933883666992	29.355602264404297
Q9NPA1	54.68588066101074	34.78530502319336	25.596036911010742
P16410	63.14882278442383	35.4156379699707	28.358510971069336
J3QRJ3	65.45889282226562	43.46544075012207	27.962395668029785
B4DS77	41.47016906738281	22.862523078918457	22.31855010986328
Q96PL5	42.55735206604004	34.94295883178711	31.31657314300537
Q6UVW9	59.97305870056152	33.2353401184082	32.34407043457031
P34741	11.685080528259277	7.379540681838989	5.855793237686157
Q7Z692	51.63406181335449	36.450684547424316	28.7907075881958
Q8NI32	50.692304611206055	36.140846252441406	25.381179809570312
O95866	62.66734504699707	36.905113220214844	31.877260208129883
Q01151	66.07372283935547	41.63896369934082	32.87464904785156
Q16653	61.528255462646484	37.181209564208984	32.57925224304199
Q86Y78	49.386356353759766	43.64756965637207	28.23078727722168
Q7L1I2	50.441091537475586	35.96659469604492	31.261446952819824
Q96DB9	25.722535133361816	15.752196311950684	12.8657865524292
P25189	51.86540985107422	38.14671516418457	37.498390197753906
Q92478	55.76849937438965	32.248863220214844	29.10794734954834
Q7L5Y9	82.04178237915039	28.180376052856445	23.160701751708984
Q13873	67.77440071105957	46.216217041015625	28.893590927124023
Q5PT55	46.80226135253906	32.83131790161133	26.56480121612549
Q08722	61.21479606628418	34.670061111450195	28.91014862060547
Q9H6D8	73.33075332641602	43.46420860290527	26.43783664703369
Q5VTT2	109.25818634033203	36.103285789489746	23.725712776184082
Q6ISU1	42.30185890197754	30.084007263183594	24.06233501434326
O75841	52.28407669067383	41.159690856933594	32.027302742004395
Q9UP95	49.69686698913574	41.63734817504883	27.617900848388672
P30988	58.109052658081055	38.355268478393555	30.256549835205078
O95858	46.689918518066406	40.79814147949219	37.11556053161621
P55808	74.05908966064453	58.08436584472656	32.407904624938965
Q17RY6	54.9207820892334	41.77802848815918	25.85296630859375
P40198	70.7636661529541	34.127421379089355	29.39024829864502
O75121	61.09807586669922	43.133676528930664	23.88332462310791
Q8NET5	74.30071640014648	26.33052349090576	24.019535064697266
P13224	50.74784469604492	32.67823028564453	26.320069313049316
P13385	59.095279693603516	26.04058837890625	19.708234786987305
Q9Y6W8	44.87327766418457	29.627731323242188	27.50671672821045
Q495A1	50.9552001953125	32.72743606567383	26.46846866607666
O75871	69.8826789855957	30.029242515563965	28.981157302856445
Q496J9	48.59049415588379	35.44935607910156	32.872596740722656
Q96GC9	75.92448425292969	35.778016090393066	28.270902633666992
Q9GZZ8	55.304243087768555	31.754788398742676	16.11873435974121
A8MXK1	64.18508529663086	33.91800308227539	28.558770179748535
P35499	68.80508804321289	65.48764419555664	35.52888488769531
Q6UX27	76.00341796875	40.17180061340332	24.585688591003418
A6NLE4	62.46386909484863	17.170423984527588	16.01262855529785
P47872	71.50281143188477	31.545374870300293	24.25601577758789
P49190	67.06264877319336	34.865827560424805	33.1502161026001
Q8NG11	51.620792388916016	39.480350494384766	35.25955009460449
Q9Y666	51.14705467224121	42.35928153991699	27.60970687866211
Q13705	75.07882690429688	47.987083435058594	32.844722747802734
Q96SJ8	50.465389251708984	41.587459564208984	31.25939178466797
Q96FV3	49.94258689880371	39.62025260925293	35.423336029052734
P62079	49.1660099029541	37.703290939331055	33.534406661987305
Q86UF1	49.36704635620117	40.106849670410156	34.974552154541016
Q6IA17	64.51681137084961	34.471107482910156	26.431050300598145
Q16558	46.22714424133301	38.31290054321289	32.054442405700684
P27701	51.941205978393555	41.4017333984375	34.12216281890869
O00322	51.421823501586914	30.840421676635742	29.067315101623535
P48546	61.82797431945801	39.84991264343262	24.751577377319336
O14931	50.875728607177734	31.622380256652832	27.083215713500977
Q9UHW9	78.63716125488281	47.816118240356445	35.46916580200195
Q8WVN6	48.54353332519531	29.94276237487793	26.782052993774414
Q16602	59.24206352233887	37.89828109741211	29.524113655090332
P21554	94.60359191894531	72.5502815246582	49.32807922363281
P27037	48.72529602050781	41.556419372558594	27.024484634399414
P43220	58.81404495239258	37.13153266906738	31.08914566040039
Q6T423	64.77573585510254	42.21978950500488	26.42472553253174
Q9H1Z9	41.190683364868164	34.576080322265625	32.56789302825928
Q7L1W4	84.55775833129883	71.5270767211914	51.88142395019531
A0A0J9YXG7	72.2018871307373	29.958770751953125	21.437867164611816
O95859	57.07319641113281	40.500099182128906	28.432540893554688
Q9BY07	91.11983871459961	57.78016662597656	33.15302562713623
O00238	68.10359573364258	32.739830017089844	29.989492416381836
Q13324	67.12174034118652	32.16966533660889	31.966784477233887
Q8N130	83.78324508666992	43.597904205322266	37.29088592529297
Q9Y6L6	48.15922164916992	40.3663330078125	33.352986335754395
Q9NPD5	47.69507598876953	38.8657112121582	35.20203971862793
Q6UWJ8	59.39974594116211	47.72935104370117	27.832698822021484
Q13621	83.29801177978516	35.63092803955078	21.366125106811523
Q9NYB5	48.32780647277832	41.11917304992676	32.86496543884277
P04216	43.3101749420166	33.40091037750244	29.02457046508789
Q9NSA0	61.72366523742676	34.197726249694824	26.74189853668213
P32241	62.965585708618164	32.850311279296875	27.824907302856445
P47871	56.45010948181152	33.02198791503906	32.11369037628174
P11912	72.74011039733887	37.25266170501709	29.177410125732422
Q9C0K1	65.6588249206543	27.586206436157227	23.859177589416504
F5H094	52.57326126098633	45.11860656738281	33.16826820373535
Q9BX73	47.25708770751953	33.043678283691406	26.789260864257812
Q6ZQN7	46.84301948547363	43.80137825012207	35.327449798583984
Q86UG4	48.87091064453125	41.465139389038086	29.679290771484375
O60883	16.334429264068604	11.20724868774414	7.519479990005493
Q96BD0	44.735029220581055	41.81241416931152	32.61578369140625
Q86YL7	9.068151473999023	8.525456428527832	6.928896188735962
G3V0H7	52.602142333984375	45.46918296813965	32.93895244598389
P48509	46.88434028625488	32.45238208770752	26.30207920074463
Q63ZE4	53.830955505371094	39.304351806640625	28.66518783569336
P46721	49.54877853393555	38.04278373718262	30.5281343460083
P0DTL4	71.23694229125977	44.90238952636719	25.799920082092285
Q02643	62.40728759765625	33.09389019012451	24.363048553466797
A1A5B4	91.05054473876953	38.17836570739746	28.594104766845703
O15244	47.20071983337402	34.92434883117676	26.759602546691895
Q8IVM8	55.61564254760742	40.30065155029297	25.58538055419922
Q14573	77.22242736816406	47.53204917907715	27.856876373291016
O15245	45.19990921020508	34.82554054260254	26.910941123962402
Q1HG44	50.67179870605469	30.70116424560547	27.565690994262695
O60637	48.43522644042969	32.34786415100098	27.740193367004395
Q9H1V8	57.08851623535156	34.27541542053223	28.022984504699707
I3L348	56.34821891784668	28.97686004638672	23.328611373901367
Q4U2R8	63.188798904418945	34.5549373626709	26.224421501159668
Q6IWH7	88.77598571777344	34.98854637145996	24.823339462280273
Q9NQ90	92.75332641601562	35.70533752441406	25.662620544433594
Q969I6	49.70779800415039	17.376424312591553	15.969912052154541
O94956	46.74305534362793	46.67941474914551	34.46798133850098
Q9UN76	71.36721420288086	41.01175308227539	24.44393539428711
Q496H8	42.799415588378906	32.2533073425293	19.526206970214844
P07766	45.649436950683594	36.24616622924805	29.75051498413086
Q96EP9	10.896014213562012	8.530152797698975	6.855607748031616
P22794	12.238216400146484	6.465649843215942	4.086954236030579
Q96L08	57.22772026062012	23.298026084899902	22.975886344909668
Q92959	49.824235916137695	48.22613525390625	29.028621673583984
Q6UXU4	69.25714874267578	35.12224578857422	31.265453338623047
P36896	36.87213325500488	34.103641510009766	27.107306480407715
Q04771	36.667015075683594	34.51474189758301	25.196767807006836
Q9Y345	60.2652473449707	39.35222053527832	22.912641525268555
Q1HG43	46.611812591552734	31.744885444641113	25.492302894592285
O00341	78.18749618530273	52.74876403808594	34.13845634460449
O60635	49.684139251708984	36.27263069152832	30.629361152648926
Q9UIG8	47.47721481323242	38.03757286071777	32.49611949920654
O60895	57.20619583129883	42.9568977355957	28.324600219726562
P41587	59.7066650390625	31.175086975097656	22.717626571655273
H3BQJ8	53.47295379638672	29.61483097076416	23.90514373779297
O76082	50.96762657165527	33.97181034088135	28.00515365600586
C9K016	52.45643615722656	50.64803504943848	28.256468772888184
Q75V66	84.8764533996582	34.48149108886719	27.762478828430176
P08962	47.44657325744629	33.543800354003906	30.86168384552002
P41732	46.14248085021973	28.757783889770508	25.77431869506836
A1KXE4	8.622417449951172	4.713781833648682	2.5364944338798523
Q8TD20	72.49965286254883	62.645423889160156	49.142120361328125
Q9NY46	64.73354530334473	37.96733093261719	30.6136474609375
P14209	92.0892333984375	52.33321762084961	24.01883888244629
B8ZZ34	38.65328598022461	24.55431079864502	22.28511333465576
Q9BYT9	82.9327278137207	37.64938163757324	29.445837020874023
Q19T08	11.778680801391602	9.58326768875122	8.115426778793335
Q9H015	50.541425704956055	33.645630836486816	27.858055114746094
P35498	65.85676383972168	40.178205490112305	31.279366493225098
Q99250	64.52773094177246	36.2026252746582	30.82276153564453
Q8N9F7	46.82171058654785	39.73805046081543	26.763582229614258
P19634	22.88735294342041	12.819669246673584	8.26600980758667
A8MVS5	62.17328071594238	30.333478927612305	27.180673599243164
P53794	68.16507339477539	38.77033042907715	33.91030216217041
C9JBF5	52.18063926696777	51.048295974731445	29.46630859375
O75954	45.68375778198242	33.969571113586426	28.563864707946777
Q9Y226	51.74528694152832	31.339009284973145	31.01796245574951
O60706	87.35882186889648	28.072434425354004	25.409868240356445
P37023	40.36558723449707	31.914517402648926	27.787747383117676
Q8N2G4	42.73485565185547	34.08314323425293	19.234336853027344
P19075	41.082828521728516	39.47015190124512	23.16150188446045
Q14118	41.69576835632324	26.333304405212402	24.220114707946777
Q13530	69.78042984008789	30.094441413879395	23.550851821899414
Q9H2J7	53.03506851196289	31.682072639465332	26.337416648864746
H3BP43	57.172569274902344	37.9610538482666	28.25422191619873
O14817	48.986995697021484	33.41654300689697	26.10048007965088
A0A2U3TZL5	34.765878677368164	32.18805694580078	26.697524070739746
O95528	83.17533493041992	55.621517181396484	48.32982063293457
P25100	13.30872392654419	6.194666385650635	5.684551954269409
O43657	45.312917709350586	32.18652629852295	28.155242919921875
Q8TBP5	12.550848007202148	8.354567050933838	5.900725603103638
P09693	48.841413497924805	34.18617248535156	30.55204677581787
Q96QE2	44.842159271240234	33.87059020996094	26.699989318847656
Q8N0W7	37.36166763305664	35.82857322692871	24.20108985900879
Q8TCC7	62.650657653808594	30.37272548675537	23.931682586669922
Q4KMQ2	54.3701286315918	32.099886894226074	31.239842414855957
P43004	70.65268135070801	55.34928894042969	24.290998458862305
A6NK97	46.19195747375488	32.191508293151855	29.865407943725586
P36897	37.600090980529785	35.469472885131836	26.951424598693848
Q9Y267	49.7922248840332	29.25691318511963	26.97925090789795
Q9GZN6	47.25716972351074	31.46411895751953	28.653461456298828
Q8NER5	37.49191093444824	33.531670570373535	21.274643898010254
O60894	55.0933780670166	35.46601104736328	28.127161979675293
Q9NP91	51.29703712463379	33.371490478515625	23.491536140441895
Q5H943	86.6778564453125	28.79098415374756	24.08423137664795
Q9H295	78.30564880371094	25.873196601867676	17.077731132507324
H3BQS5	57.18954658508301	37.46614646911621	23.098233222961426
P43003	67.16351509094238	55.34672164916992	27.31680679321289
A8MUP6	72.91862678527832	33.84097099304199	33.25687885284424
P43005	71.60263061523438	50.82991981506348	28.123631477355957
O94772	40.905221939086914	33.05755424499512	24.693488121032715
P34998	42.92757797241211	25.161717414855957	22.8050594329834
O60840	48.36786079406738	34.813255310058594	30.308921813964844
Q01668	49.510353088378906	34.1718635559082	30.142218589782715
O60896	43.86598587036133	42.15450954437256	25.122490882873535
Q9BX74	60.903573989868164	27.493947982788086	25.391560554504395
Q9NPD7	48.44419860839844	32.87959289550781	20.111292839050293
P60033	42.68450355529785	32.8504581451416	23.680782318115234
Q9NY91	69.59539222717285	36.81106758117676	20.887646675109863
Q96N87	52.15509223937988	29.07701015472412	22.33103656768799
Q6UW88	50.38447952270508	25.4390869140625	16.87160587310791
Q6ZP80	45.65958786010742	37.013450622558594	24.723127365112305
Q695T7	52.66606330871582	34.39068031311035	23.519975662231445
Q00975	43.32362747192383	31.166998863220215	27.2518310546875
P35070	47.002464294433594	27.913912773132324	21.8374605178833
O00555	43.07847785949707	32.69739055633545	29.774338722229004
Q9NYX4	58.20467758178711	36.29472351074219	22.03537654876709
Q5XXA6	46.50832176208496	31.62740135192871	30.899277687072754
Q15878	44.877872467041016	35.81229782104492	31.491646766662598
Q12791	14.547955513000488	5.664391994476318	2.5807782411575317
Q8WWG9	6.311950922012329	6.089561462402344	5.948393106460571
O95868	46.883338928222656	31.777215003967285	23.591862678527832
Q8TDN2	68.0054817199707	37.115264892578125	20.55098819732666
Q14524	41.26985168457031	33.24659442901611	28.85035800933838
P29371	11.765765190124512	7.4368720054626465	6.877153396606445
A6NKX4	14.161150455474854	8.74115514755249	5.610100507736206
P21926	44.336700439453125	36.31098175048828	22.68815040588379
P04234	61.78663635253906	28.297505378723145	27.903392791748047
Q9HB14	52.07227325439453	34.85116195678711	29.532001495361328
E5RGJ8	62.06357955932617	26.98796558380127	17.974903106689453
P34969	24.475482940673828	16.169869899749756	10.058963298797607
Q9Y6R1	59.19368934631348	36.30778503417969	27.08662223815918
E9PNW4	34.65093421936035	32.19273853302002	26.54288959503174
Q9UQD0	50.94955635070801	34.50649929046631	29.519672393798828
Q9BZJ6	11.333558559417725	11.111328125	7.872672080993652
Q9NSD7	19.898792266845703	11.248257637023926	9.10312795639038
O95867	40.52866554260254	32.160091400146484	28.616642951965332
Q8IX19	115.06927108764648	21.741297721862793	15.082665920257568
Q6UXB3	47.657758712768555	30.995707511901855	21.71169948577881
Q92537	63.33199501037598	25.971468925476074	23.657198905944824
Q16553	46.82770347595215	32.98567199707031	20.482110023498535
Q12999	44.50254821777344	28.38091278076172	27.457736015319824
P28223	16.737855911254883	11.855636596679688	10.458107948303223
Q9BX84	67.13979530334473	37.55201721191406	32.32877063751221
Q9NW15	79.64775085449219	29.939664840698242	19.711583137512207
Q15858	40.24339294433594	34.59236240386963	32.13289546966553
Q6GPH6	64.06460380554199	16.790352821350098	13.893843173980713
Q06432	47.29508018493652	29.78419303894043	26.65793514251709
Q8NGC0	35.87429428100586	18.42628240585327	14.63944149017334
Q8IZS7	31.285926818847656	26.130748748779297	23.171157836914062
Q01118	47.143924713134766	34.19590187072754	32.65737819671631
Q14210	43.76749038696289	26.206568717956543	25.084054946899414
Q9H0C3	48.613826751708984	30.290998458862305	24.145326614379883
Q9BR26	88.57905578613281	21.60364055633545	18.286917686462402
Q8TDM5	40.163156509399414	29.41709327697754	19.375680923461914
Q96RJ3	26.577241897583008	22.458093643188477	13.719505786895752
Q92982	37.53316879272461	13.904558181762695	10.446730136871338
Q9HAS3	34.44514179229736	26.222399711608887	22.599135398864746
Q99884	51.058488845825195	35.69162368774414	20.880712509155273
P13987	34.910316467285156	33.28713035583496	25.522838592529297
Q9UBN1	45.26136016845703	28.781771659851074	18.92543363571167
P43007	53.46162223815918	48.176841735839844	33.94697189331055
Q8N114	24.75106143951416	23.254618644714355	14.124850273132324
P48067	52.06926727294922	40.15319061279297	18.8007230758667
P35410	9.946578025817871	7.8775365352630615	6.4844889640808105
Q8TDW0	61.75040054321289	47.10293388366699	39.86496353149414
Q9BSN7	51.083534240722656	30.233805656433105	21.440312385559082
Q6UWI4	31.67455005645752	28.1143798828125	23.22353744506836
O60636	38.506571769714355	32.85882568359375	22.91354274749756
Q8IWT6	61.80525016784668	37.8447208404541	25.535755157470703
O43869	36.448336601257324	15.884756088256836	15.429402351379395
Q8N1N2	44.04521369934082	13.676122188568115	12.298919677734375
P19397	35.04781723022461	34.54085922241211	25.10004234313965
O76095	39.12578773498535	29.797837257385254	22.506306648254395
Q9UI33	41.37902069091797	34.10739231109619	31.466373443603516
P24530	35.65200710296631	15.129460334777832	11.356605529785156
Q8NH94	30.229961395263672	17.33759117126465	13.248944282531738
P01135	51.19223213195801	30.389034271240234	20.478514671325684
O95857	48.30283546447754	27.04970359802246	24.833401679992676
P48066	45.91498565673828	41.64142036437988	22.42774486541748
Q9H222	49.73212242126465	30.478571891784668	21.157052040100098
P46095	11.631768226623535	6.873700380325317	4.911712646484375
Q9UNQ0	52.50201416015625	33.82389259338379	19.720006942749023
Q7Z5M5	58.68710708618164	40.35482406616211	32.98190879821777
P48065	46.093156814575195	38.13075065612793	20.78682231903076
Q6NSJ5	51.06630897521973	35.88557815551758	33.72330188751221
Q6U841	50.881675720214844	31.52829647064209	26.02896785736084
Q6P9F7	58.85464668273926	34.23795700073242	26.21689510345459
Q9UI40	29.01101303100586	17.692413330078125	14.102842330932617
Q3SXP7	47.27267837524414	32.0200138092041	24.01183319091797
P02724	7.387642860412598	6.329293966293335	2.364991068840027
Q9UHM6	21.815159797668457	12.213319301605225	11.152849197387695
O43653	46.2065315246582	29.37158489227295	21.208209991455078
P48029	46.70522689819336	38.301048278808594	22.072702407836914
Q4V9L6	76.70394134521484	52.233388900756836	30.31183910369873
Q8NEA5	16.901983737945557	11.437163352966309	7.340750455856323
P0DTF9	27.698396682739258	18.609373092651367	12.110332012176514
Q9ULD8	62.381343841552734	29.667110443115234	26.438899993896484
P0DP58	42.40867233276367	30.93288516998291	20.473544120788574
Q15758	56.32228660583496	41.13299751281738	24.45081901550293
Q8IZF0	39.629554748535156	33.97347545623779	23.5156307220459
Q9NX61	56.89867401123047	35.35824394226074	29.499300003051758
Q15760	19.018211364746094	9.329314231872559	6.34919810295105
P17658	70.86722373962402	47.081193923950195	25.412620544433594
Q9P0T7	49.03441047668457	27.008767127990723	23.168972969055176
Q9Y5Y9	38.85535430908203	35.09189224243164	27.023847579956055
P35372	9.626830577850342	7.052023887634277	5.7864532470703125
Q9UL62	33.57454490661621	33.089637756347656	24.91809368133545
Q6UX34	12.4702787399292	9.33659839630127	3.609540820121765
H0YB07	40.592390060424805	24.93374252319336	16.90798330307007
O43193	47.98538780212402	37.56460189819336	29.542652130126953
Q7RTT9	19.56839084625244	12.319519519805908	7.595796585083008
Q8IWB1	55.10341835021973	16.158987522125244	14.56404447555542
Q5T1A1	109.43865203857422	17.447291374206543	15.233359813690186
Q6NVV3	51.28034210205078	40.97303009033203	20.951992988586426
P30531	43.22776985168457	37.92695236206055	21.18463706970215
P23975	45.11832237243652	41.652841567993164	22.806405067443848
P20309	17.6311993598938	11.801950931549072	8.767926454544067
P11168	43.849416732788086	37.82656478881836	24.676377296447754
P30989	33.10799598693848	16.36695098876953	10.578677654266357
Q86WR0	41.632957458496094	33.06956672668457	23.039238929748535
P31645	46.86893653869629	38.24421501159668	19.07504653930664
Q9UBN4	33.44322204589844	31.41339874267578	26.122578620910645
Q9NSD5	46.29800605773926	38.41886329650879	20.645408630371094
P51674	34.77107810974121	34.32530403137207	26.21541976928711
P48995	37.0640983581543	35.75245666503906	27.528837203979492
Q9HB89	44.87577438354492	18.379119873046875	13.85548448562622
P31641	45.43337631225586	37.647945404052734	19.162699699401855
Q01959	47.620914459228516	39.7520866394043	18.10655117034912
Q9BZD6	48.4063663482666	29.498784065246582	17.753292083740234
Q4KMZ8	38.044833183288574	36.01740646362305	25.95524024963379
O95342	55.249664306640625	24.3146390914917	21.77830982208252
Q9H172	49.21893882751465	29.78580951690674	24.34602165222168
P53801	28.158571243286133	25.911166191101074	23.17471694946289
Q13304	26.90400218963623	11.778118133544922	9.385996341705322
Q8TEB9	45.52882957458496	36.60140609741211	24.27195453643799
Q8NGG2	36.30070114135742	14.851616382598877	12.389814853668213
Q96P67	71.35089492797852	23.662543296813965	16.873178482055664
Q3ZCQ3	25.92874240875244	15.94792652130127	11.057884216308594
Q9Y5S1	56.56508827209473	33.72634029388428	25.287266731262207
A0A087WYG6	40.451560974121094	28.81651020050049	15.521567344665527
Q9H221	45.956674575805664	30.104902267456055	21.36951446533203
Q9HC58	33.762322425842285	23.694040298461914	12.538753986358643
O14668	47.11854934692383	36.60871410369873	19.84921932220459
Q16570	30.387771606445312	13.842021465301514	7.7206947803497314
O43908	29.002851486206055	18.5198335647583	11.149707794189453
P45844	50.99891662597656	28.873826026916504	24.192516326904297
Q9NYG8	49.28697204589844	41.13775634765625	25.607417106628418
O00180	44.45250701904297	44.19244194030762	25.86454486846924
Q9NQ40	74.51755905151367	32.3199577331543	26.471110343933105
Q8TCW9	17.938552379608154	10.752204895019531	9.015956401824951
A2A3D9	45.714778900146484	28.681689262390137	27.22466278076172
Q8NGC1	34.576992988586426	17.49107551574707	10.718716144561768
P49683	18.500598907470703	13.580594062805176	10.224878787994385
A0A087WZS0	40.49824333190918	28.44881534576416	15.551697254180908
Q6UX98	39.42940902709961	28.821378707885742	25.399877548217773
Q8NGR2	47.71982765197754	33.77481651306152	18.160932540893555
Q99527	27.306331634521484	13.265491008758545	11.64780569076538
E7EVL5	43.11722183227539	38.15247440338135	19.926816940307617
Q8WWG1	51.79355812072754	26.557052612304688	20.616435050964355
Q9NP59	59.83003234863281	40.97139930725098	28.169076919555664
Q96DZ7	40.09887504577637	28.128028869628906	22.301087379455566
Q9UPC5	21.823827743530273	13.695518970489502	9.788798809051514
Q13698	43.7447509765625	30.416004180908203	24.505043029785156
P25116	20.76457405090332	11.919617176055908	11.757229804992676
O15431	12.270415782928467	10.633236408233643	7.90059232711792
P0C7N1	46.40991401672363	31.164840698242188	24.096352577209473
Q9P1P4	62.20186805725098	24.620944023132324	20.326705932617188
C9JSD1	57.014122009277344	38.73703098297119	22.395843505859375
P55017	40.873138427734375	25.937355041503906	24.351801872253418
P30411	18.13753032684326	13.915706157684326	8.10201382637024
Q9NZG7	37.60079574584961	14.767027854919434	12.092168807983398
Q92911	59.90668296813965	31.213047981262207	26.57503032684326
O14944	46.84123229980469	27.118741989135742	20.416650772094727
Q8WZ59	42.59895706176758	28.54450225830078	20.418627738952637
O75508	41.05565071105957	27.842227935791016	22.462685585021973
Q8NG78	34.07570743560791	16.35678243637085	14.091009616851807
O43306	40.3845272064209	27.242993354797363	24.121943473815918
Q96DD7	43.4987735748291	25.974754333496094	22.31563091278076
P25101	10.669262409210205	9.819210529327393	9.686111450195312
O14669	41.31889724731445	30.74773406982422	17.226977348327637
Q13936	45.33015060424805	30.575854301452637	20.984609603881836
Q9NPC2	49.387922286987305	36.86334419250488	24.261866569519043
Q8NBS3	52.55360794067383	29.226032257080078	18.203149795532227
A0A1B0GTQ4	46.63367462158203	25.831968307495117	16.24795913696289
Q9BZD7	36.36593055725098	30.413098335266113	21.515440940856934
P78369	37.00437927246094	29.765305519104004	24.59146785736084
Q8NFF2	54.28516960144043	43.694101333618164	23.862736701965332
Q8TDS5	32.18289089202881	12.2274169921875	9.613924503326416
P31639	43.91705513000488	40.30621147155762	19.088109016418457
A0ZSE6	51.14083290100098	21.483012199401855	20.961658477783203
Q8N695	53.26236152648926	37.08648109436035	24.347932815551758
P08588	14.680729866027832	10.322696685791016	6.364962100982666
P04921	10.263269901275635	7.706839084625244	7.673428773880005
Q5SR56	9.539165496826172	5.086870193481445	2.6112836599349976
O15218	47.959529876708984	22.994173049926758	12.100640296936035
P46695	73.81666946411133	37.13345241546631	26.961277961730957
Q9NUN5	56.233591079711914	26.721710205078125	17.663018226623535
O00337	44.353065490722656	29.555603981018066	22.48500156402588
P55011	39.13923645019531	28.7018404006958	26.09191131591797
Q8NGV5	34.51384162902832	18.26459789276123	10.028865814208984
P41145	7.4735190868377686	5.506003141403198	3.4964303970336914
Q8NH00	36.167476654052734	15.217122077941895	12.609815120697021
Q86XR5	59.02422523498535	39.27163505554199	12.796183109283447
Q96B33	39.463510513305664	29.199134826660156	19.76175880432129
Q8TDI7	61.51078796386719	23.35196590423584	21.179697036743164
O00254	24.91897487640381	14.82329797744751	10.357271194458008
Q9GZP7	27.875646591186523	13.770500183105469	11.971054077148438
P60201	38.58195114135742	30.179969787597656	22.88348388671875
C9JSI7	60.37260055541992	19.651095390319824	17.891847610473633
Q8NFZ6	54.582143783569336	28.106563568115234	22.601423263549805
Q8NBM4	46.12800216674805	35.702157974243164	19.86598491668701
P41595	20.53062152862549	14.022825241088867	11.711840629577637
P30872	9.846370697021484	5.70906400680542	3.3051624298095703
P56749	44.35404586791992	25.57303237915039	19.360560417175293
P32302	21.86213493347168	11.658219814300537	10.477979183197021
Q8IU99	27.841395378112793	23.53641128540039	23.078996658325195
Q0D2K0	11.514725685119629	2.9661818742752075	1.4895784258842468
Q8NGG3	62.98155212402344	31.647225379943848	17.641507148742676
Q9Y5I7	37.84332275390625	25.87858772277832	21.67520809173584
Q8NGS6	35.753604888916016	16.81981372833252	9.50123929977417
Q8NH67	32.03392505645752	16.4744610786438	10.635213851928711
Q9HCF6	42.814443588256836	32.68008899688721	26.94666862487793
Q9H0R3	21.56715965270996	13.268466472625732	12.41875171661377
P32239	16.49688148498535	11.669655323028564	10.224843502044678
Q8NFJ6	19.656495094299316	17.015260696411133	12.01535701751709
Q5JW98	34.30670738220215	25.454917907714844	20.888070106506348
Q8NHS3	53.205196380615234	34.426612854003906	25.700578689575195
Q9UKP6	17.603997707366943	11.289118766784668	11.103253364562988
P22460	58.17024803161621	29.94293975830078	14.007660865783691
Q02223	45.76562309265137	26.75128173828125	20.06286334991455
Q8NGF4	38.463199615478516	28.314111709594727	21.463120460510254
Q96QD8	55.54072189331055	35.01895713806152	25.684911727905273
Q8TAF8	38.87813377380371	27.051278114318848	24.89616870880127
Q9Y320	48.12320327758789	24.550878524780273	18.92423725128174
Q9NYM4	10.061178207397461	9.166458129882812	6.7938408851623535
Q8NGU9	54.73077964782715	29.420291900634766	21.751832962036133
O43614	33.63370132446289	17.113781929016113	15.052335262298584
P13866	44.18223571777344	38.30801963806152	17.492064476013184
Q96QZ0	40.39621162414551	40.22990036010742	20.096233367919922
Q6P9G4	13.668634414672852	11.047430515289307	9.160220623016357
Q9NP84	44.21642875671387	24.637374877929688	16.98661994934082
P56880	41.11549758911133	22.98305320739746	21.512252807617188
Q96RD6	38.538997650146484	37.85269355773926	20.26596164703369
Q8N6F1	37.462411880493164	25.88176441192627	22.71877098083496
O14493	35.20392036437988	25.29837417602539	23.53290843963623
Q8NGW6	42.50834274291992	19.166872024536133	13.695057392120361
P49682	65.62278938293457	37.449235916137695	15.107073783874512
P56747	36.659358978271484	24.36931324005127	23.591219902038574
P56748	37.186954498291016	31.17087173461914	24.3198881149292
P43115	12.317919731140137	6.454800844192505	3.5321096181869507
O00501	38.25475311279297	29.20029640197754	22.099854469299316
E5RGI6	36.26693534851074	23.02790355682373	17.748457431793213
P56750	39.91634750366211	32.46994113922119	24.74385929107666
P56856	36.95062255859375	29.665088653564453	22.305591583251953
Q86VE9	15.693854808807373	12.282592296600342	10.786447525024414
P04920	49.86336898803711	38.402116775512695	24.446979522705078
O95471	35.70309066772461	26.47560691833496	24.18083381652832
Q8NGL6	35.571001052856445	15.553840637207031	11.762447834014893
O95622	35.31377410888672	24.890567779541016	22.1106538772583
P57739	38.430233001708984	22.849184036254883	21.235923767089844
O95832	37.50943565368652	25.932714462280273	23.1575984954834
O95484	36.57483673095703	24.4418363571167	23.34958267211914
O95500	36.911603927612305	25.924514770507812	22.221013069152832
Q68DH5	56.40986251831055	26.650312423706055	19.330812454223633
Q9HBL7	74.737060546875	18.768081665039062	14.5271577835083
Q86TG1	32.19693374633789	29.953266143798828	20.42679786682129
P0DN78	25.896820068359375	14.968379020690918	12.461388111114502
Q6W5P4	26.29819393157959	13.656142234802246	12.341031074523926
Q86XJ0	31.28269863128662	26.009117126464844	21.855745315551758
P0DN77	25.869257926940918	14.791005611419678	12.547185897827148
P04000	25.825725555419922	15.091179847717285	12.355186939239502
P04001	25.901169776916504	14.958235740661621	12.49377965927124
P37288	12.102439880371094	11.428859233856201	7.9964611530303955
Q8NCM2	34.06346893310547	27.57343578338623	23.66239643096924
P50993	34.52544975280762	24.08912467956543	22.73735523223877
P46092	39.64565467834473	13.661242961883545	12.180505752563477
Q8TDV2	12.683368682861328	7.102872848510742	4.003959655761719
Q8TDI8	42.688852310180664	30.245335578918457	23.504352569580078
Q8NH06	41.220829010009766	29.117175102233887	20.776857376098633
Q8NGG7	38.14143753051758	27.036038398742676	22.042598724365234
O94886	11.456069946289062	7.646084785461426	6.82384991645813
P47900	32.55135536193848	11.159620761871338	9.138510704040527
P51811	45.4914493560791	38.293466567993164	21.93817138671875
Q9HCX4	37.529972076416016	28.125564575195312	22.386470794677734
Q9BX79	38.302330017089844	22.26525592803955	21.481194496154785
Q8N7P3	36.230613708496094	24.489530563354492	19.488306045532227
O15551	37.52849006652832	27.233983993530273	18.99563217163086
O14495	37.963844299316406	25.89781093597412	20.417664527893066
C9JDP6	37.999704360961914	24.953234672546387	20.70801067352295
A6NM45	37.76402473449707	23.513131141662598	19.369221687316895
Q8NGE7	36.60457229614258	18.744945526123047	13.609920978546143
O00590	30.848249435424805	13.017867088317871	10.037137508392334
P56746	34.506263732910156	25.951303482055664	23.027263641357422
Q9BXS9	59.97012519836426	19.351258277893066	18.35653066635132
Q14714	33.30408954620361	30.78370475769043	18.45646333694458
O95977	43.82921028137207	20.162242889404297	15.013168811798096
Q92633	41.47989082336426	19.040822982788086	17.295294761657715
Q9Y210	36.84436321258545	29.331643104553223	20.487810134887695
Q9BPV8	27.827909469604492	18.014092445373535	10.357778072357178
O14494	38.04709243774414	26.581741333007812	20.84895896911621
P08183	45.437477111816406	24.627534866333008	14.306241989135742
Q13733	33.083123207092285	24.70774745941162	22.71504020690918
O95259	27.794140815734863	27.537846565246582	22.680020332336426
Q9UPR5	31.98753261566162	16.329017162322998	14.261597633361816
Q9P1P5	40.258358001708984	15.760961055755615	14.947357654571533
P51686	21.871273040771484	13.44806718826294	12.756608009338379
P18825	15.37653923034668	6.842689514160156	4.760396957397461
Q8TE54	54.938079833984375	28.129311561584473	15.167420387268066
Q7Z3Q1	33.657928466796875	28.99024772644043	24.686098098754883
P41146	11.83050012588501	7.028496980667114	4.20043420791626
Q99678	25.955291748046875	13.277225494384766	12.37743330001831
P25025	25.12837791442871	13.184774398803711	9.228938102722168
Q86UW1	35.84858703613281	24.884650230407715	14.836624145507812
Q8NE79	17.52618169784546	12.52783727645874	8.333770275115967
Q9H2W1	42.07630157470703	27.24842071533203	22.03584575653076
Q16625	35.731048583984375	27.396459579467773	22.963165283203125
H7C241	42.63677215576172	26.812438011169434	24.138657569885254
P47775	20.56050968170166	10.113710880279541	6.186204433441162
Q99788	34.97725868225098	25.88557243347168	20.19080638885498
Q9HA72	32.25812816619873	23.09995937347412	22.833763122558594
P51684	26.989876747131348	14.856443405151367	11.34883975982666
A6NGZ8	37.14962196350098	17.6591215133667	15.821978092193604
P41143	10.488530158996582	7.99897837638855	7.680172443389893
Q96DS6	18.14327049255371	17.01085376739502	8.681397438049316
Q7RTS5	39.557491302490234	29.545366287231445	21.384824752807617
P11836	36.595428466796875	30.43184471130371	23.75450038909912
Q9BY21	19.006763458251953	11.5065016746521	8.927083969116211
P32245	17.775059700012207	10.000926494598389	8.598557710647583
Q8NFN8	9.711256980895996	5.354182004928589	3.696520209312439
P30408	28.120834350585938	26.3068208694458	20.96762180328369
P08913	16.060292720794678	11.1380033493042	6.352856874465942
P05023	32.364439964294434	23.513378143310547	23.45266056060791
O43613	29.857837677001953	16.51896905899048	13.72505235671997
Q8NGB2	41.29321098327637	14.555310726165771	11.222553730010986
Q9NXK6	56.639625549316406	24.015121459960938	20.093710899353027
Q7Z4N2	57.55136299133301	21.784608840942383	20.693954467773438
Q96P65	49.14237976074219	23.83049774169922	18.860493659973145
Q1EHB4	47.2650089263916	29.37805461883545	17.778143882751465
P21453	39.46670913696289	24.564985275268555	14.458503246307373
O95800	32.08348846435547	12.3839430809021	10.574361324310303
Q8NH81	35.04793071746826	13.780995845794678	13.004319667816162
E5RI33	37.10611343383789	21.266274452209473	16.769911289215088
Q969F8	14.979255676269531	13.187384128570557	7.895729064941406
Q8NGA4	20.962305068969727	16.57278060913086	9.755258083343506
P28222	17.723215579986572	10.787042140960693	8.821766376495361
O14894	28.434605598449707	28.347980499267578	20.928540229797363
Q8WWX8	38.813405990600586	22.79871368408203	20.60646915435791
P31391	13.583048343658447	12.654346466064453	6.889686346054077
E5RIQ1	35.48527717590332	24.78463649749756	17.55384588241577
P35368	14.27977991104126	11.770925998687744	8.949416875839233
P49146	11.752545356750488	7.435689926147461	7.058012962341309
Q99680	15.226892471313477	14.983344078063965	9.383414268493652
Q2M3M2	38.67818069458008	20.649352073669434	19.0924015045166
P48146	16.10915756225586	8.987008571624756	6.828722238540649
A6NMS3	37.72690963745117	26.83652973175049	20.26080894470215
A0A087WXQ6	38.30628776550293	24.660594940185547	18.01991844177246
P50052	12.911231994628906	9.224281787872314	7.636835098266602
Q9UQ05	35.86090278625488	29.548389434814453	22.546239852905273
Q96RD7	35.797258377075195	25.606587409973145	20.732897758483887
Q9NV12	36.151607513427734	29.29043674468994	16.55611515045166
P21439	44.068206787109375	25.315634727478027	13.466057300567627
Q8NGX6	35.034857749938965	13.806684494018555	12.971401691436768
Q8N5C1	27.329193115234375	23.315407752990723	22.839365005493164
Q6UXT6	34.388898849487305	26.422199249267578	21.23885726928711
Q8NGP9	36.57807731628418	26.374547958374023	19.233593940734863
Q5NUL3	33.274776458740234	24.090627670288086	13.697916030883789
Q9UNW8	16.049065589904785	12.072416305541992	9.727782726287842
Q8NGF0	38.238481521606445	14.457122325897217	12.07643175125122
P04839	39.03906726837158	19.96362590789795	19.64370822906494
O43194	40.35905456542969	29.99626064300537	19.585472106933594
Q8N350	13.298475742340088	7.0224950313568115	5.82803750038147
A6NM03	34.25489521026611	29.36273956298828	23.367250442504883
Q9Y2T5	24.033101081848145	20.258968353271484	15.799468040466309
P22459	37.3427734375	25.615310668945312	21.413296699523926
P0C617	18.504719734191895	14.281418323516846	9.669022560119629
Q9H252	34.72152900695801	27.295865058898926	22.77466583251953
Q99705	10.972833156585693	9.613556385040283	9.21579360961914
Q13507	36.78039360046387	26.76441192626953	19.72232151031494
P48230	28.843469619750977	26.857135772705078	21.760376930236816
Q8WUX1	50.62217330932617	40.12400817871094	21.487241744995117
O75388	12.494366645812988	9.810362339019775	6.4010350704193115
A0A2R8Y4L6	42.13718223571777	29.084218978881836	20.072799682617188
Q9BZJ8	17.837499141693115	11.624749660491943	7.345343112945557
Q8NH07	36.39373207092285	19.551188468933105	16.534984588623047
P0C645	29.82570743560791	25.56489658355713	22.184578895568848
Q96AM1	22.976655960083008	9.946194648742676	7.691250562667847
Q49SQ1	37.02979278564453	29.112000465393066	19.618762016296387
Q86VY9	36.608070373535156	33.14526081085205	23.573573112487793
Q8NG94	31.368083000183105	19.66044330596924	17.1959867477417
B2RN74	19.56764316558838	13.807143211364746	10.008522033691406
Q8NGR1	34.707255363464355	16.251832008361816	12.936261177062988
P30874	9.468688011169434	8.512622833251953	8.048449277877808
Q8NHC6	31.870051383972168	13.897748947143555	13.85834550857544
Q96CE8	26.772438049316406	24.013848304748535	20.570683479309082
Q8NGC7	43.96493148803711	19.442251205444336	14.263773441314697
Q8NGH7	31.71752643585205	14.878990650177002	13.09195327758789
A0PJK1	43.59090042114258	32.18397045135498	14.848569869995117
Q8TDU9	20.553736686706543	14.067670822143555	10.7509126663208
Q6IFN5	33.62341117858887	15.705557346343994	15.148210048675537
Q8NGQ1	36.52104473114014	17.54126739501953	14.863558292388916
Q8NEB5	40.02671432495117	22.842299461364746	17.66891384124756
Q8NGH6	31.881115913391113	14.989678859710693	12.590400218963623
Q6GV28	44.8834114074707	26.39221477508545	20.236165046691895
Q99808	44.35923767089844	23.187179565429688	15.026363849639893
P32745	13.96987771987915	9.477514743804932	5.897545099258423
P21918	20.94006061553955	10.630541801452637	7.363070726394653
Q12809	33.61341381072998	24.42233943939209	22.773849487304688
P21462	35.115949630737305	28.39586353302002	18.641206741333008
P25089	36.895368576049805	30.670662879943848	21.12289333343506
P57103	32.07645225524902	16.503339290618896	12.89089059829712
Q99677	29.064600944519043	10.32027006149292	9.664376735687256
Q9GZQ4	26.777710914611816	15.329965114593506	14.159498691558838
Q9GZQ6	36.18166160583496	15.437078952789307	12.040789604187012
O00421	11.783991813659668	8.262001752853394	7.862156629562378
Q8NH90	26.88149929046631	24.9431791305542	17.681777954101562
Q8NHC5	27.484959602355957	27.368151664733887	16.4783353805542
Q5R3K3	27.039981842041016	24.295656204223633	18.423057556152344
Q8NGZ2	29.611961364746094	26.16269016265869	17.376346588134766
Q9Y5Y4	32.585296630859375	29.595311164855957	20.392393112182617
Q14439	27.65485954284668	13.910139560699463	13.672536849975586
Q8NGI9	30.862196922302246	25.604065895080566	19.790821075439453
Q96G91	37.44332695007324	23.434168815612793	15.449273109436035
P13637	29.64492702484131	23.916141510009766	20.0670223236084
Q9NS75	24.289555549621582	12.178770542144775	11.894555568695068
P46089	23.663373947143555	11.1171293258667	6.629015922546387
P49286	19.409587860107422	11.825821876525879	9.114356517791748
Q9NPB9	27.018057823181152	13.07219409942627	10.325572490692139
P35212	42.739675521850586	27.20064353942871	17.46747589111328
Q8NGA0	29.52362823486328	25.65225887298584	19.75573444366455
Q8NH89	30.61537742614746	25.071657180786133	17.28987407684326
Q8N127	27.446794509887695	25.14781951904297	18.91164779663086
Q8NH48	31.014431953430176	25.50654888153076	18.321237564086914
Q96MC6	10.22998571395874	4.793978929519653	2.382602334022522
Q7Z2W7	35.19518184661865	32.591033935546875	18.476414680480957
Q9NZP5	29.90784740447998	27.062539100646973	17.17451763153076
Q15761	20.672338485717773	13.310839176177979	10.933382987976074
P49279	32.769493103027344	27.351987838745117	20.485630989074707
P41597	22.29212188720703	13.16923713684082	11.756621360778809
Q8NGI8	31.85436248779297	24.958325386047363	20.479947090148926
P55344	32.51473617553711	21.862202644348145	20.730836868286133
Q8TDV0	27.625289916992188	20.46912670135498	13.19832181930542
Q8NGY0	35.106645584106445	16.999404907226562	14.212713241577148
Q96L42	30.723137855529785	22.730236053466797	20.88160991668701
Q6IF36	41.6200008392334	19.215808868408203	14.42646837234497
A6NGY5	34.99859428405762	25.874690055847168	22.53051471710205
P28336	12.645012855529785	11.06950855255127	10.164061546325684
Q8NGY3	30.71205711364746	14.591376781463623	14.24406623840332
Q8IY34	44.479373931884766	22.434972763061523	13.78476619720459
P32238	9.06418752670288	4.604345798492432	3.3109664916992188
Q8NFK1	41.64256286621094	28.60125732421875	16.801321029663086
Q8NGV6	38.84224605560303	18.356433868408203	15.276995182037354
P0DN82	37.34374809265137	27.78378677368164	20.165820121765137
P46091	12.610906600952148	12.03974962234497	7.487550497055054
A6NL26	31.693387031555176	23.18656349182129	20.67044162750244
Q92887	36.43400192260742	23.293055534362793	12.58798885345459
Q8NGH3	40.75596046447754	16.08958148956299	13.624379634857178
O95665	54.040903091430664	21.815695762634277	14.561514377593994
P22001	45.673147201538086	26.71279525756836	16.420603275299072
P0C7N8	30.955739974975586	25.435651779174805	23.823100090026855
P0DN80	30.337646484375	25.424626350402832	18.702363967895508
A6NMZ5	28.131491661071777	25.72977066040039	21.358399391174316
Q7RTM1	39.884416580200195	23.469078063964844	17.752400398254395
Q8NGG1	33.474342346191406	27.213162422180176	15.436349868774414
Q01726	20.95334815979004	10.171928405761719	6.538100957870483
Q14CX5	28.234280586242676	14.7783842086792	12.243034839630127
Q92847	13.164687633514404	6.706994533538818	6.2216949462890625
Q13607	30.31648349761963	28.466221809387207	18.733495235443115
P0C7N5	31.493515968322754	26.00550079345703	22.532286643981934
P25106	16.249959468841553	11.630816459655762	10.337004661560059
Q8NG84	40.50337028503418	14.381701469421387	12.897419452667236
P48050	37.58408451080322	23.66077995300293	21.811470985412598
Q9H341	37.5494327545166	18.3262996673584	13.82672119140625
Q6PJW8	51.48383140563965	23.800114631652832	14.254631042480469
Q9H1Y3	17.25203514099121	11.53548812866211	5.236601829528809
P02730	65.15951156616211	25.578721046447754	17.04780101776123
P46663	25.650710105895996	15.275396823883057	9.207658290863037
Q5T3F8	10.237054824829102	8.066726684570312	5.171637296676636
Q96D31	44.460378646850586	28.624549865722656	16.192357063293457
Q9H228	32.436195373535156	25.407320976257324	17.39254379272461
A6NHA9	29.587620735168457	25.720735549926758	19.775789260864258
Q99500	31.404848098754883	21.24299430847168	14.59622859954834
Q12908	53.40596961975098	21.459330558776855	16.426280975341797
P30825	29.782011032104492	23.249754905700684	14.77980375289917
Q7RTR8	38.70306205749512	25.410181045532227	14.64827299118042
P25024	10.750006198883057	5.490389704704285	4.332064151763916
Q969V1	30.163031578063965	14.671843528747559	11.912545680999756
Q8NH61	34.17708110809326	16.30435085296631	11.759838104248047
Q04656	18.136606216430664	9.80133581161499	8.342171669006348
O00155	23.44356918334961	11.681384563446045	11.288942337036133
P0DQD5	12.475925922393799	7.139652490615845	5.232498645782471
Q9Y5N1	16.61835289001465	11.488433361053467	8.303485870361328
Q9Y6M5	38.150146484375	26.202009201049805	21.77745819091797
P13945	11.15411376953125	10.655559539794922	7.202584266662598
P32418	31.330978393554688	17.459474086761475	15.624911785125732
P16389	30.649062156677246	25.672123908996582	20.80208396911621
P40879	30.96782875061035	23.56965160369873	17.499874114990234
Q8NGY2	33.74637794494629	23.229954719543457	20.8242130279541
Q13183	31.91822338104248	14.395827293395996	11.822957992553711
P50391	7.078284025192261	6.769228458404541	5.515097141265869
Q969M2	42.62187194824219	23.482643127441406	15.249170303344727
P51679	14.343310832977295	11.40299654006958	6.914222478866577
Q96A59	40.71379470825195	23.147852897644043	13.090956687927246
Q8NH40	35.73698425292969	29.41341781616211	15.118933200836182
O00398	36.212584495544434	14.290499687194824	12.035463333129883
P13569	39.86080551147461	25.980424880981445	23.096647262573242
Q99463	13.720189094543457	11.987843990325928	9.988837242126465
P47893	27.86273765563965	23.48682975769043	18.662954330444336
Q8TDB8	36.53723907470703	23.279589653015137	17.538015365600586
A4D2G3	30.545289993286133	22.393253326416016	20.91438388824463
P34982	29.183430671691895	21.986679077148438	20.70665168762207
P47890	28.5654935836792	23.34190559387207	20.545604705810547
P30518	12.03811264038086	8.84245777130127	7.693566560745239
Q8NGN2	39.62298774719238	20.055893898010254	12.567763805389404
Q8NGR5	28.6602840423584	22.962153434753418	18.163851737976074
Q8NGU4	30.693306922912598	22.53644371032715	22.33978843688965
Q96R84	29.93041706085205	24.244383811950684	19.410080909729004
P08908	22.0388822555542	11.992278099060059	10.02437448501587
Q8NGF3	36.89377212524414	17.7420072555542	10.264889240264893
Q8NGR8	29.10723304748535	22.836063385009766	20.566838264465332
Q8NH93	28.474685668945312	25.209782600402832	20.397518157958984
P08034	37.60319900512695	29.907557487487793	18.90333080291748
Q6NUJ2	11.175889015197754	8.675960540771484	7.230399131774902
Q8NGT9	29.3809757232666	23.38832664489746	20.215601921081543
O95452	36.01121997833252	29.693635940551758	16.055198669433594
O95377	36.394304275512695	26.871288299560547	18.62122631072998
Q8NGS3	28.76891040802002	23.333107948303223	18.815467834472656
Q8NGS0	28.92561912536621	23.85311508178711	19.332609176635742
Q8NGQ3	34.836100578308105	13.724993705749512	13.194280624389648
P47884	32.12065124511719	21.66036605834961	21.448508262634277
P47881	28.43871021270752	23.063029289245605	18.55319881439209
O75712	36.68566703796387	28.22108745574951	18.175567626953125
Q7Z5H5	21.75442600250244	13.169430255889893	12.167394638061523
P30968	19.3893461227417	16.283010959625244	9.29912519454956
Q8NH92	38.538238525390625	15.834927082061768	15.279473781585693
Q96R48	28.04625701904297	22.371437072753906	21.784076690673828
O14520	44.053340911865234	23.718826293945312	13.920226573944092
Q9NYW3	19.214932441711426	13.097538471221924	10.87864351272583
P61073	27.602975845336914	13.029962539672852	11.296953678131104
A0A075B734	42.99313735961914	23.486205101013184	14.13345718383789
P35346	5.589731216430664	3.597728729248047	1.439101219177246
P58170	31.094425201416016	21.21815586090088	20.169925689697266
P28221	17.550737380981445	16.311984062194824	10.590882778167725
Q8NHA8	28.902464866638184	22.705839157104492	18.79358196258545
P52569	33.266822814941406	30.279643058776855	18.60952854156494
Q8NGA1	28.7475528717041	23.307830810546875	18.588024139404297
Q8NGR3	30.2863712310791	21.895421028137207	20.99351215362549
Q8NGC8	27.572296142578125	25.977892875671387	21.048587799072266
Q8NGQ4	28.39643096923828	26.723862648010254	22.34037208557129
P47883	29.30456256866455	23.02649974822998	19.458473205566406
Q8NGS2	29.98906898498535	22.33608627319336	19.23013973236084
Q92482	42.641807556152344	23.56033420562744	14.196882724761963
P49281	28.692853927612305	27.922466278076172	17.507808685302734
Q9P296	15.683343887329102	10.183244228363037	10.057718753814697
Q96NT5	31.796539306640625	24.911675453186035	20.27342987060547
O43749	28.58154296875	23.745591163635254	19.60997772216797
Q9H237	29.016481399536133	23.137187004089355	20.572840690612793
P47887	28.865516662597656	23.607664108276367	19.829792022705078
P47888	27.87550640106201	23.15361785888672	18.76630210876465
O95371	29.30026626586914	24.06717014312744	19.23695659637451
Q96AW1	47.30193901062012	23.109004974365234	19.528794288635254
Q9H2H9	39.412845611572266	33.62208366394043	21.691030502319336
Q9Y5Y3	14.980021476745605	12.035751342773438	9.761633396148682
Q96R47	30.661762237548828	21.972474098205566	21.80721092224121
Q96RD0	29.689605712890625	22.3154354095459	19.398300170898438
Q9GZK3	30.674288749694824	25.18588161468506	19.14982509613037
Q96RC9	28.040696144104004	22.294543266296387	19.210580348968506
Q9UGF7	29.651226043701172	21.865525245666504	19.735569953918457
Q9Y3N9	28.00522518157959	25.098265647888184	17.45368194580078
Q96R30	28.972408294677734	25.21366310119629	20.15397071838379
A6NF89	29.432833671569824	25.682888984680176	18.487770080566406
Q9GZK7	28.34791088104248	22.353824615478516	21.370837211608887
P33527	37.463958740234375	22.746196746826172	12.796817779541016
Q96R45	31.743146896362305	25.941956520080566	21.844624519348145
Q9P1Q5	28.99617862701416	23.47361183166504	20.39952564239502
O14581	29.621264457702637	24.173006057739258	19.836772918701172
Q8NGL9	27.237194061279297	23.372940063476562	21.891852378845215
O60404	30.47417640686035	20.952906608581543	18.532527923583984
Q96R28	29.84762477874756	22.84494400024414	16.620468139648438
Q8NGT2	27.75609302520752	23.64827823638916	21.08851432800293
Q8NGS7	31.36612319946289	21.571308135986328	19.991402626037598
Q8NGS4	29.760818481445312	22.51632308959961	20.534614086151123
Q01814	37.14126205444336	24.825764656066895	16.728153228759766
Q8NGL7	29.116924285888672	22.1832275390625	21.96183490753174
Q15620	29.52275848388672	23.66977310180664	19.69647741317749
Q8NGI7	27.668001174926758	25.205513954162598	24.887898445129395
Q8NGI4	26.839778900146484	22.93708896636963	22.56054973602295
Q96PS8	42.88671875	19.52210235595703	15.292287826538086
Q8NGG4	28.875483512878418	21.59422492980957	21.07567310333252
Q8NGE0	30.512784004211426	24.027782440185547	19.568366050720215
Q8NGD1	28.934834480285645	22.827706336975098	21.893027305603027
Q8NGC2	28.977120399475098	24.608179092407227	22.831055641174316
Q8NGB6	28.445310592651367	22.862563133239746	20.145482063293457
Q8NG77	28.51734733581543	24.081880569458008	18.202322006225586
Q8N0Y3	28.832648277282715	22.546040534973145	22.1679048538208
Q8IXE1	28.235005378723145	23.361159324645996	21.981273651123047
Q5T4T1	47.880380630493164	19.303910732269287	13.058137893676758
Q6IF99	30.950438499450684	23.654033660888672	20.056411743164062
Q6IF42	31.1587495803833	22.688448905944824	22.68772029876709
Q6IEV9	28.894532203674316	23.048965454101562	22.691243171691895
P0DMU2	29.010711669921875	22.807122230529785	19.75889778137207
Q8NH03	29.185967445373535	22.848538398742676	17.487756729125977
Q96R09	28.326096534729004	24.623148918151855	17.73355007171631
Q8NE00	29.24740219116211	27.2477445602417	24.323159217834473
Q8NGX3	29.42694854736328	22.3060359954834	21.24653720855713
Q6IEZ7	29.306589126586914	23.066608428955078	16.857656478881836
Q6IEY1	30.095479011535645	24.077369689941406	23.28994369506836
Q15622	29.42615509033203	24.66434097290039	20.683005332946777
Q9NQA5	45.8802490234375	26.14390277862549	16.433685302734375
Q9GZK4	29.974040031433105	24.674160957336426	18.666203498840332
A3KFT3	30.13518714904785	23.2431640625	17.42026996612549
Q9NZP2	29.10559368133545	22.805731773376465	20.007007598876953
Q8NH79	28.610360145568848	22.58769989013672	20.777737617492676
Q8NH50	28.480619430541992	22.78689956665039	22.566438674926758
Q8NGZ3	29.885327339172363	22.662490844726562	21.346858978271484
Q8NGZ0	32.001824378967285	22.92056655883789	18.532939910888672
Q8NGY9	28.207486152648926	23.99449062347412	23.26867389678955
Q8NGX2	29.08045768737793	23.490406036376953	17.614760398864746
Q8NGX0	29.29489517211914	23.02918243408203	20.888516426086426
O15438	35.717254638671875	20.65035343170166	12.160892486572266
Q8NGQ6	29.55473804473877	21.428030967712402	18.751248359680176
Q8NGN1	31.39694309234619	22.71686840057373	20.752195358276367
Q8NG97	26.569902420043945	24.280390739440918	20.718341827392578
Q8NGS8	31.510318756103516	20.873656272888184	19.906188011169434
Q8NGP2	29.343263626098633	21.477584838867188	18.06124973297119
Q8NH41	27.509358406066895	23.603015899658203	23.198640823364258
Q8NH09	32.87180709838867	21.37318992614746	18.779930114746094
Q8NGX9	30.709046363830566	21.282902717590332	19.320526123046875
Q8NGY1	28.046563148498535	20.944329261779785	18.94262981414795
Q8NGX1	29.201616287231445	22.815750122070312	17.450292587280273
Q8NGU2	30.711297035217285	22.5388822555542	22.268774032592773
Q8NGT0	32.85523986816406	21.005154609680176	18.784449577331543
Q8NGS9	31.60797882080078	27.897290229797363	19.584002017974854
Q8NGS5	31.630228996276855	22.72471332550049	18.360039234161377
Q8NGQ2	29.1904354095459	23.594968795776367	18.392714500427246
Q8NGP0	27.21653461456299	22.359230041503906	21.657212257385254
Q8NGA8	32.347960472106934	23.24391269683838	22.983010292053223
Q8NGN5	26.29849147796631	22.380741119384766	18.555036544799805
Q8NGN0	28.993938446044922	23.000417709350586	22.9823579788208
Q8NGI6	29.34670925140381	23.91795253753662	23.5362491607666
Q8NGG8	29.6135835647583	22.153082847595215	19.70640468597412
Q8NGE9	30.213973999023438	22.152518272399902	19.910473823547363
Q8NGE5	30.39501667022705	22.722644805908203	20.00434970855713
Q8NGE2	29.239811897277832	21.511099815368652	16.160595893859863
Q8NGC6	30.4343318939209	22.87998867034912	21.936089515686035
Q8NGC5	26.8535737991333	22.88443374633789	20.348299980163574
Q8NH01	27.674095153808594	22.837807655334473	17.448227882385254
Q8NGY5	28.600167274475098	22.306978225708008	17.93445587158203
Q8NG83	30.321236610412598	22.62336254119873	16.893587112426758
Q8N162	29.221050262451172	23.287386894226074	20.388251304626465
Q8NGT7	30.056795120239258	23.724339485168457	23.22641658782959
Q6IF00	28.969666481018066	23.425067901611328	17.66035556793213
Q9P1W3	9.536478042602539	5.155793190002441	3.902624249458313
Q5JRS4	28.324199676513672	24.330395698547363	20.25410747528076
Q15619	28.97861957550049	22.73433494567871	16.932997703552246
Q15615	29.223536491394043	23.494481086730957	18.80906391143799
P0C7T2	28.734342575073242	22.185171127319336	19.868359565734863
O95013	30.02246379852295	24.1350679397583	23.18124771118164
O76000	29.61885643005371	24.678919792175293	21.482046127319336
Q9NYW0	41.855342864990234	25.246392250061035	11.593538284301758
A6NN92	38.125221252441406	27.25583839416504	17.98563575744629
Q8NGX5	31.03671169281006	22.180895805358887	18.559368133544922
Q8NGZ6	28.410529136657715	22.456377029418945	18.27451229095459
Q8NH02	29.374631881713867	23.208443641662598	16.74800682067871
P48145	9.8016676902771	8.548049449920654	8.392639398574829
O95255	34.821428298950195	19.54727268218994	13.900113105773926
Q9H2C5	29.539177894592285	23.931326866149902	20.801579475402832
Q96RD1	28.67732524871826	23.928382873535156	22.235896110534668
Q96R72	29.0479154586792	23.347402572631836	22.624202728271484
Q8NG81	30.00181770324707	22.729583740234375	17.151198387145996
Q8NG92	32.125603675842285	21.380499839782715	20.50753879547119
Q8NGZ4	28.2636661529541	22.32425022125244	17.85227394104004
Q8NG95	30.09354591369629	25.907221794128418	20.30392837524414
Q09428	40.110130310058594	23.253975868225098	21.296390533447266
Q8NGN8	27.868478775024414	26.22238826751709	22.603086471557617
Q8NGN7	29.015810012817383	22.671456336975098	18.56084966659546
Q8NGN4	31.061530113220215	22.15418243408203	19.76645565032959
Q8NGM1	28.035825729370117	24.66482925415039	22.809083938598633
O95047	31.490276336669922	26.138026237487793	21.906208992004395
Q8NGS1	29.182494163513184	22.90283966064453	17.224860191345215
Q8NGG5	28.654623985290527	22.46629047393799	21.18408489227295
Q8NGF9	28.579023361206055	24.740450859069824	22.422096252441406
Q8NGE8	28.051363945007324	22.754719734191895	22.60884189605713
Q96KK4	29.850096702575684	22.434670448303223	19.44985580444336
Q8NGE1	29.14707851409912	21.977840423583984	18.821144104003906
Q8NGD5	28.152334213256836	23.968234062194824	23.137181282043457
Q8NGD3	27.987768173217773	23.67102813720703	23.313560485839844
Q8NGB9	27.188780784606934	24.41539192199707	23.70481300354004
Q8NGA5	30.337803840637207	21.910240173339844	18.19077968597412
Q8NGA2	29.713254928588867	24.394643783569336	20.397778511047363
Q8NG99	30.2652006149292	23.46120548248291	20.270678520202637
Q96R67	26.62119197845459	25.977771759033203	21.463915824890137
Q8NH49	29.765706062316895	24.292434692382812	22.097811698913574
Q15617	29.4442138671875	23.405978202819824	20.881553649902344
P21730	13.447978019714355	10.529521942138672	8.993856430053711
O95006	28.500226974487305	25.554340362548828	18.201409339904785
O76100	29.463993072509766	24.371904373168945	21.08172035217285
O60431	27.53618335723877	23.8819580078125	19.084604263305664
P23634	36.37163257598877	27.252593994140625	21.041608810424805
Q8NH73	28.979548454284668	23.657265663146973	21.46278190612793
Q9Y4A9	29.493837356567383	23.345467567443848	19.309224128723145
Q9NZP0	29.355156898498535	22.022354125976562	21.623751640319824
P14416	13.427635669708252	8.286415338516235	6.25687050819397
Q96R69	32.25808811187744	23.385581016540527	23.1583309173584
Q96R27	27.532381057739258	22.32241439819336	18.346351623535156
Q8NH72	27.760071754455566	24.274389266967773	21.11483860015869
Q8NH70	29.43320083618164	26.804161071777344	22.248427391052246
Q8NH42	28.548906326293945	24.018494606018066	23.699665069580078
Q8NH37	26.742477416992188	25.11924934387207	23.029013633728027
Q8NH10	28.825014114379883	23.55149745941162	21.79806423187256
O76099	29.085562705993652	24.528613090515137	19.479348182678223
Q8NH04	27.011406898498535	22.003830909729004	20.242026329040527
Q8NGZ5	28.190696716308594	24.048129081726074	18.616090774536133
P58180	28.784754753112793	22.94092559814453	18.983272552490234
P59922	27.844531059265137	26.13206672668457	18.753260612487793
Q6IF82	26.725747108459473	26.386507987976074	22.127010345458984
Q8NGT5	29.76805019378662	29.71260929107666	21.921890258789062
Q8NH51	30.213431358337402	24.556824684143066	22.400282859802246
Q8NHA4	27.98484706878662	22.632201194763184	18.38069438934326
Q8NH80	28.785568237304688	22.264787673950195	18.809656143188477
Q8NH74	29.302639961242676	21.74205780029297	21.361183166503906
Q8NH16	29.203742027282715	23.696125030517578	20.2828311920166
Q8NH05	28.548684120178223	23.337815284729004	22.933368682861328
Q8NGZ9	29.26453685760498	23.271267890930176	16.944352626800537
Q8NGY6	28.1584415435791	23.776192665100098	18.820178985595703
Q8NGX8	30.018041610717773	22.933719635009766	18.543086051940918
Q9H1D0	43.477853775024414	25.659600257873535	17.289937019348145
Q8NGQ5	25.75126361846924	23.582905769348145	13.4815034866333
Q8NGN6	26.90243148803711	23.443750381469727	19.777215003967285
Q8NGK5	29.63659381866455	21.927148818969727	21.150075912475586
Q8NGJ0	28.45684814453125	24.974432945251465	19.540148735046387
Q8NGG6	29.71766948699951	22.164687156677246	20.107767581939697
Q8NGG0	29.910714149475098	21.564594268798828	18.468379020690918
Q8NGF8	28.190844535827637	22.499438285827637	22.342968940734863
Q8NG76	28.371304512023926	23.51496982574463	18.396305084228516
Q8NG75	39.819862365722656	17.713265419006348	14.375304222106934
Q8N148	29.570195198059082	24.459680557250977	23.281394958496094
Q8NGJ1	27.062975883483887	22.831138610839844	21.849660873413086
Q8N146	29.047097206115723	21.700597763061523	19.806403160095215
O76002	26.14227867126465	24.24087429046631	23.931302070617676
O95918	30.40730094909668	22.373845100402832	18.93416690826416
Q9H205	31.01541233062744	28.173614501953125	19.716787338256836
O60403	30.389409065246582	20.866250038146973	17.076858520507812
Q5I7T1	39.41570281982422	23.871858596801758	14.22339677810669
Q8N349	30.057734489440918	23.04749584197998	18.84355926513672
O76001	26.439162254333496	23.751944541931152	23.485957145690918
A0A3B3IT45	30.35562038421631	25.911075592041016	21.349218368530273
Q8NG98	29.391586303710938	24.5096378326416	23.04430866241455
P30953	29.53425407409668	24.268948554992676	18.17453098297119
Q9UKL2	30.03921127319336	22.67132568359375	22.41134548187256
Q8NG80	29.355417251586914	22.699170112609863	19.06951904296875
P58182	31.51180076599121	22.76655673980713	20.042933464050293
Q9NQN1	31.46047019958496	23.822936058044434	18.114887237548828
P58173	29.151546478271484	24.323360443115234	18.706839561462402
Q8NG85	28.10718536376953	23.610642433166504	23.38236141204834
P57773	36.35619354248047	23.785988807678223	16.277952194213867
O60412	29.30809211730957	24.17470359802246	19.984033584594727
Q8NGD0	28.792512893676758	23.259587287902832	19.91783618927002
Q8NH21	32.285213470458984	23.275890350341797	22.202903747558594
Q9Y585	28.87277889251709	22.84639835357666	20.471835136413574
A6NH00	33.3990535736084	27.026763916015625	13.274622440338135
P58181	32.04082775115967	21.793145179748535	20.95262336730957
Q5JQS5	30.54825782775879	25.386184692382812	17.145397663116455
Q8NH43	28.3090877532959	25.457871437072754	24.60841941833496
Q5TZ20	29.367098808288574	24.642626762390137	18.338929176330566
Q71RS6	27.861927032470703	18.345637321472168	12.429757595062256
Q9H210	28.336813926696777	23.802658081054688	19.306735038757324
Q9NYW6	35.21302795410156	23.998703002929688	20.034844398498535
Q8NGC4	27.486021041870117	22.581366539001465	20.29304599761963
Q8NGB4	29.579285621643066	22.39471435546875	22.188030242919922
Q8NGC3	27.227706909179688	23.09323024749756	19.59664535522461
Q8N628	29.143722534179688	23.667201042175293	16.472729682922363
Q8NGC9	29.139166831970215	22.046351432800293	18.50022315979004
Q8NGD2	27.728962898254395	22.524998664855957	22.062111854553223
Q8NGD4	30.12836742401123	23.24869155883789	22.24232292175293
Q6ZVX9	52.95625877380371	18.635374069213867	14.218419075012207
O94759	35.5518102645874	20.362603187561035	18.297184944152832
Q8NGN3	27.336585998535156	23.038896560668945	19.5018367767334
Q8NGM9	29.2269926071167	22.253323554992676	21.06100845336914
Q8NGF6	33.24244499206543	26.817676544189453	21.935956954956055
Q9GZK6	27.456597328186035	27.10678005218506	22.04421615600586
Q8NHC8	33.586299896240234	24.871370315551758	13.705117225646973
O43315	41.59761047363281	20.893327713012695	16.62010669708252
Q8NH87	29.94458293914795	21.856443405151367	21.75148868560791
P41968	10.806171894073486	10.085740566253662	3.4557656049728394
Q8NGB8	28.735700607299805	24.59809684753418	23.47954559326172
Q8NGA6	30.15796947479248	23.35827922821045	19.395368576049805
Q15612	30.290578842163086	22.900957107543945	18.704649925231934
Q9H209	29.039042472839355	21.779521942138672	19.399508953094482
Q9H208	29.839810371398926	21.28750705718994	21.26099681854248
Q9GZM6	28.203805923461914	22.24740219116211	18.632830142974854
Q16720	10.005965232849121	9.651803493499756	8.326451301574707
Q8NGE3	31.415085792541504	24.019766807556152	19.454910278320312
Q96RA2	29.238320350646973	22.44070339202881	21.066579818725586
Q9H207	29.877290725708008	21.63922691345215	20.490005493164062
P25929	17.105204582214355	9.714211463928223	6.508584499359131
Q7Z3T1	12.707292079925537	8.009021043777466	7.433969736099243
Q8NH19	29.271300315856934	21.604557991027832	20.900214195251465
Q8WZ84	28.08870792388916	22.104084968566895	19.654911994934082
Q5BKT4	39.244194984436035	24.04416847229004	16.123087882995605
Q9H340	28.439099311828613	23.955644607543945	21.519843101501465
Q6IF63	29.203680992126465	24.054564476013184	20.58623218536377
P47211	12.735386848449707	11.28301477432251	9.646963119506836
Q9UGH3	40.41180229187012	25.9788179397583	12.921202659606934
Q8NH63	30.127534866333008	24.155714988708496	20.95810031890869
P08100	30.47492504119873	24.558757781982422	17.314888954162598
P04201	15.683861255645752	11.186264038085938	7.110144853591919
Q8NGJ7	31.753692626953125	23.77291202545166	23.20914936065674
Q8NGK0	30.249235153198242	25.164843559265137	19.885979652404785
Q8NGK4	30.42475414276123	23.22001838684082	21.14350986480713
Q8NHB8	28.780609130859375	21.453088760375977	21.20168113708496
Q13606	28.10116481781006	22.236831665039062	18.59814453125
Q8NH18	28.78652572631836	21.85019302368164	21.480958938598633
Q8NH54	29.22644805908203	23.16219711303711	18.691033363342285
Q8NGH8	29.426345825195312	23.770699501037598	19.587621688842773
Q96RD3	29.99446201324463	23.166020393371582	21.496033668518066
Q8NH83	30.360614776611328	25.478113174438477	22.07686424255371
Q9H344	29.348498344421387	21.604991912841797	21.214330673217773
Q6PXP3	34.73123073577881	26.274248123168945	19.014643669128418
Q9GZW8	35.029438972473145	24.218265533447266	14.5922532081604
Q96KN9	34.82194137573242	23.231647491455078	16.3447208404541
P36382	35.82683753967285	20.33873176574707	15.609608173370361
Q6IFH4	28.478044509887695	20.380638122558594	18.098214149475098
Q8N0Y5	28.474838256835938	21.110657691955566	19.678048133850098
Q9BXE9	27.86201286315918	20.490656852722168	16.763221740722656
Q9H255	28.80841636657715	22.03646469116211	21.932628631591797
Q8NH85	29.01819610595703	22.29966449737549	20.87888240814209
P0C7T3	28.655667304992676	28.253604888916016	20.955235481262207
Q8NGI1	30.597594261169434	21.726964950561523	21.429866790771484
Q8NGJ9	30.151692390441895	24.23599147796631	21.275710105895996
Q8NGK1	28.883645057678223	23.83620548248291	21.096513748168945
Q8NGL4	28.041874885559082	26.842238426208496	19.661788940429688
Q8NGR6	31.670050621032715	25.626530647277832	16.256725311279297
Q8NGP3	31.577290534973145	23.515376091003418	22.98798370361328
Q8NGP6	28.575312614440918	22.78849506378174	20.988134384155273
Q8NGP8	30.88438129425049	21.030471801757812	20.425899505615234
Q8NGI2	29.317726135253906	24.245482444763184	20.656983375549316
Q96J66	37.924978256225586	21.483906745910645	19.89250087738037
O95221	29.06402587890625	20.69589138031006	18.349456787109375
P14672	39.82419967651367	19.743718147277832	18.979735374450684
Q8NGI3	29.08300018310547	22.04796600341797	21.57589054107666
Q9NYV7	36.977712631225586	23.34032440185547	15.543668746948242
Q8NGK3	29.167765617370605	23.17038345336914	20.48217010498047
Q8NGK9	28.98306369781494	24.430794715881348	19.978638648986816
Q8NGL1	29.52960968017578	24.20217990875244	20.00645351409912
Q8NGM8	28.49405002593994	25.27429962158203	22.480594635009766
Q8NH56	29.068751335144043	23.199548721313477	21.38417339324951
Q8NH69	27.687108993530273	22.704028129577637	19.673218727111816
Q8NGY7	29.408100128173828	22.426254272460938	20.186012268066406
Q8NGK2	30.234158515930176	21.888559341430664	20.947299003601074
Q8NHC4	28.949454307556152	22.258113861083984	20.54505729675293
Q8NGH9	30.341310501098633	23.97803783416748	22.350494384765625
Q8NH57	30.700851440429688	22.29838275909424	21.399709701538086
Q8NH76	28.726134300231934	21.724544525146484	18.722466468811035
Q8NGW1	28.47579574584961	20.342095375061035	17.818293571472168
Q8NGV0	27.724820137023926	22.725698471069336	20.837788581848145
Q8NGJ4	30.843586921691895	22.502357482910156	20.206700325012207
Q8NH60	30.49503231048584	27.15737819671631	22.74260902404785
Q8NH59	30.5565185546875	22.685988426208496	21.021390914916992
Q9UGF5	32.2575798034668	23.793078422546387	17.185294151306152
Q8NHA6	31.758819580078125	22.161624908447266	20.108572006225586
Q8NHB7	29.195637702941895	21.138141632080078	20.53843402862549
Q8WZ94	28.72543716430664	21.686111450195312	20.65018653869629
P30954	39.44893836975098	14.880598068237305	14.2669038772583
Q9H339	29.351425170898438	21.13206958770752	20.491912841796875
Q8WZ92	27.9311580657959	20.156699180603027	19.905811309814453
Q9H2C8	30.062131881713867	22.37584114074707	21.96299457550049
Q9UGF6	29.77255916595459	22.31919574737549	18.880704879760742
Q8NHC7	28.69338035583496	20.29474925994873	18.548490524291992
Q0VAQ4	8.847052574157715	8.274349212646484	5.664254188537598
Q96R08	29.188220977783203	20.210506439208984	17.390891075134277
Q96R54	25.655893325805664	21.152596473693848	13.789424896240234
Q96RB7	28.88942241668701	22.041725158691406	21.269234657287598
Q8NGR4	28.17391872406006	21.554118156433105	19.946081161499023
Q8NGJ5	27.830321311950684	27.203317642211914	20.619821548461914
Q96RD2	27.490753173828125	22.436506271362305	21.070270538330078
Q9H346	31.224186897277832	22.570466995239258	22.40852928161621
O14842	29.780689239501953	24.41817283630371	16.06137228012085
Q8NH64	29.707634925842285	25.583993911743164	24.476496696472168
Q8NH53	28.501185417175293	25.225534439086914	20.960121154785156
Q8NGJ6	32.00096893310547	23.377180099487305	23.08960723876953
Q8NGF7	29.753910064697266	19.942625045776367	18.44154167175293
Q8NGL0	28.964969635009766	20.626553535461426	19.187150955200195
Q8NGJ3	29.46500587463379	22.5979061126709	21.204914093017578
Q8NGL2	28.674132347106934	20.400632858276367	19.112492561340332
Q8NGL3	28.702754974365234	21.93135643005371	20.92336654663086
Q8NGP4	27.696426391601562	22.654330253601074	22.339237213134766
Q9Y5P1	29.40571403503418	23.840384483337402	21.135701179504395
Q8NGK6	29.33189582824707	20.83191967010498	20.161062240600586
Q8NGH5	28.45668601989746	21.16660976409912	21.162909507751465
Q9H343	28.94745635986328	22.747986793518066	20.72689151763916
Q8NGF1	28.947649002075195	26.39156150817871	21.849337577819824
Q9Y5P0	28.8092679977417	22.527173042297363	21.267922401428223
O95007	30.01438045501709	20.23843765258789	16.54959487915039
O95222	28.60319995880127	20.409295082092285	17.74625873565674
Q6IEU7	29.970510482788086	20.578977584838867	20.561470985412598
Q9NP94	38.25647735595703	27.32767677307129	17.78499937057495
A6NMU1	30.829848289489746	24.108067512512207	22.905590057373047
Q8NGI0	29.106504440307617	24.585243225097656	21.27904987335205
Q8NGU1	30.43209171295166	21.691654205322266	20.503052711486816
Q8TD43	16.483519077301025	13.075911521911621	6.037834405899048
Q8NB49	32.68332481384277	28.76415252685547	15.554422378540039
Q9GZN0	15.798702239990234	11.110559463500977	9.75082540512085
P47901	11.01018476486206	10.180125713348389	9.096529006958008
P51685	12.160077095031738	7.248603820800781	3.899775743484497
Q96P66	19.514583587646484	12.942184925079346	10.239037036895752
Q8NGJ8	28.630489349365234	23.814855575561523	20.149752616882324
P55085	22.82517910003662	14.512823104858398	10.849222183227539
Q6PEY0	36.16858100891113	24.166192054748535	16.35668134689331
Q9UHI7	35.941205978393555	26.92107105255127	13.847864151000977
O43511	45.01066589355469	19.85397243499756	13.055806159973145
Q8NGT1	30.052138328552246	22.83940601348877	18.915586948394775
Q9NRM0	36.76644039154053	23.803839683532715	18.178139686584473
P32248	23.82708740234375	16.160616874694824	9.663304805755615
Q9NYV9	36.60355758666992	25.662126541137695	13.8750901222229
Q9ULQ1	37.589962005615234	21.412031173706055	14.987948894500732
Q9UGQ3	41.69571304321289	28.613232612609863	17.27967882156372
Q96RI0	39.739524841308594	21.498918533325195	13.892161846160889
Q96RN1	29.76298236846924	15.240392208099365	11.045528411865234
Q86SP6	12.574042320251465	8.229082822799683	4.420930624008179
Q6IFG1	31.775131225585938	23.093955039978027	20.3940110206604
P59538	35.98371982574463	24.177297592163086	16.054381370544434
A6NND4	30.49909782409668	23.083083152770996	18.241658210754395
Q96RI8	32.34296798706055	27.450907707214355	17.895485877990723
Q8WY07	31.797924995422363	22.424128532409668	16.85296058654785
P59544	33.99886226654053	24.475285530090332	16.329830169677734
Q9BY10	34.46826934814453	20.151811599731445	18.684101104736328
P59551	36.82999038696289	16.687654495239258	12.292228698730469
Q8IUW5	7.085178375244141	5.982720136642456	2.3294352293014526
Q96P68	12.61862564086914	9.781932830810547	9.712362289428711
O95136	42.628841400146484	24.004557609558105	15.543630123138428
O14804	33.18075752258301	14.85664415359497	13.182719230651855
Q8NFU0	42.980302810668945	22.659629821777344	18.856464385986328
Q8N2U0	48.64250183105469	19.408825874328613	15.549224376678467
Q8NBV8	84.01034164428711	20.89716148376465	12.705079078674316
P32246	21.20312213897705	12.14246940612793	11.948622703552246
P29275	38.13617134094238	21.152071952819824	16.532811164855957
B9EJG8	31.910134315490723	20.61531925201416	19.88632869720459
Q8NHX9	35.602993965148926	23.352256774902344	17.884971618652344
P0DTE0	37.48393630981445	25.37352466583252	15.112806797027588
Q09470	41.529136657714844	25.347105979919434	13.194039821624756
P51582	23.018434524536133	11.74698543548584	11.235043048858643
P35414	31.026826858520508	27.885123252868652	15.058014869689941
Q9NYV8	37.15287971496582	22.674047470092773	15.774419784545898
Q6PIS1	40.60238838195801	23.554828643798828	13.547158241271973
P51677	21.9661922454834	11.936342239379883	10.125119686126709
Q86UW2	27.954771041870117	17.397469520568848	13.102710247039795
P29033	34.71698570251465	21.280362129211426	16.9791316986084
A6NL08	29.267415046691895	21.162933349609375	20.09064769744873
Q8N6U8	31.225614547729492	20.49805450439453	17.037063598632812
Q9NTQ9	33.94027328491211	24.496641159057617	15.15358018875122
Q9UKL4	33.888511657714844	24.414613723754883	16.120666027069092
Q9BZW2	36.67626762390137	26.137344360351562	14.425090312957764
Q8TDS4	40.90469932556152	18.66371726989746	13.714006900787354
P0DSN6	36.57382011413574	24.285770416259766	17.067293167114258
P0C604	30.863454818725586	22.919904708862305	22.782479286193848
A6NCV1	28.82926654815674	22.217832565307617	19.88309955596924
Q01453	39.15390968322754	18.990309238433838	15.216207027435303
Q8NFJ5	25.953983306884766	22.58701801300049	18.99944305419922
A6NDL8	28.345497131347656	24.02755355834961	14.991679668426514
Q8NGR9	28.711861610412598	22.979032516479492	18.7722225189209
P11166	30.767415046691895	21.411239624023438	17.724742889404297
Q5JX71	13.752557277679443	9.542076110839844	6.73614501953125
Q6U736	31.76699733734131	14.973151683807373	14.430585861206055
P0C623	27.276531219482422	20.4766206741333	20.172409057617188
Q8TDT2	10.901297092437744	6.922346353530884	6.305830955505371
P34972	26.687119483947754	13.673444271087646	10.333732604980469
P59542	37.56459617614746	24.782456398010254	17.209732055664062
P59536	35.177236557006836	22.243781089782715	16.64003086090088
P49685	7.997548580169678	4.086048007011414	2.711891770362854
Q96RI9	33.093217849731445	16.138545036315918	16.059802055358887
Q9BUF7	15.874401569366455	9.425856828689575	7.407571315765381
Q5JX69	13.8850679397583	9.395013809204102	6.649992227554321
P15421	16.566022872924805	8.613763809204102	7.870736598968506
Q8IXF9	20.58754253387451	18.423678398132324	15.661558628082275
O60337	27.677781105041504	23.844042778015137	12.566472053527832
O00574	29.00313663482666	12.621504783630371	11.859395980834961
Q92536	38.49466133117676	20.02210521697998	14.595516204833984
Q8NGJ2	38.058382987976074	18.324334144592285	11.574620246887207
P59543	32.331390380859375	23.693029403686523	15.45369291305542
Q15035	38.63037109375	25.739229202270508	16.22541904449463
P35462	11.38994836807251	7.67524528503418	5.836306810379028
Q9NYW2	35.088125228881836	25.67538356781006	17.356739044189453
Q7Z2H8	31.764490127563477	23.134303092956543	17.313892364501953
Q8TCB6	31.341195106506348	21.90401554107666	20.352238655090332
A6NIJ9	29.36236572265625	21.42111301422119	17.678070545196533
Q15842	28.41443920135498	19.255011558532715	17.27401876449585
A6NM76	28.101848602294922	22.784696578979492	14.290342330932617
Q5T442	36.29648780822754	22.07279396057129	15.392162322998047
Q9NQ84	41.14566421508789	18.390446662902832	17.643540382385254
Q9P2U7	41.90142059326172	23.770236015319824	14.014130115509033
Q495M3	31.80237865447998	22.727524757385254	16.876012802124023
P21452	10.381736755371094	10.17675495147705	7.979476451873779
P20020	25.1859712600708	24.51978302001953	14.918704986572266
Q495N2	32.20492458343506	23.240583419799805	17.97162961959839
Q8N4L1	34.452463150024414	18.49959373474121	12.863912582397461
Q8N697	32.61419677734375	25.824057579040527	18.47634220123291
Q14330	37.94546127319336	21.698974609375	17.88097906112671
P0C629	29.57319164276123	23.124876022338867	14.752444744110107
A6NET4	29.182997703552246	20.903596878051758	14.982370853424072
A6NJZ3	29.39120101928711	25.163795471191406	18.353044986724854
P11169	29.564668655395508	22.791129112243652	17.134835243225098
P17302	34.852561950683594	21.9009370803833	15.770185470581055
Q8NER1	41.164480209350586	30.911951065063477	13.788273811340332
A0A2R8YED5	28.190282821655273	19.67784595489502	16.488730907440186
P51681	36.11697006225586	25.9913969039917	17.934536933898926
Q99679	21.053746223449707	16.60834312438965	15.829247951507568
P41231	27.401516914367676	13.146353721618652	10.277185440063477
Q8N144	34.256258964538574	23.452139854431152	17.735671997070312
A6NKK0	28.71401309967041	20.716219902038574	15.040348529815674
Q9BXC0	40.404130935668945	22.797744750976562	17.093129634857178
Q9UPY5	30.365824699401855	22.4533052444458	15.891013622283936
Q9Y271	36.437368392944336	23.086583137512207	16.243574142456055
A6NDH6	28.479294776916504	20.73624324798584	15.344098567962646
Q9BZD2	31.03313446044922	23.926069259643555	15.180675983428955
P43088	13.281043529510498	9.017167568206787	8.728811264038086
Q7Z602	35.83805274963379	19.492932319641113	15.404057502746582
P49238	24.38080883026123	11.001384735107422	9.973869800567627
P49019	41.262420654296875	28.08430767059326	17.86859893798828
Q9UBY5	41.683021545410156	21.383299827575684	13.882426261901855
P35523	31.91873836517334	23.93861198425293	23.00623321533203
P59541	34.50096130371094	25.61382007598877	17.192925930023193
Q6TCH4	24.143522262573242	13.655495643615723	10.387946128845215
P46094	15.311081409454346	13.606653690338135	8.533174991607666
Q8NHB1	36.80556583404541	17.76447343826294	12.539846420288086
P59540	31.44480609893799	23.421154022216797	15.429211139678955
P59539	31.575063705444336	23.286766052246094	15.734082698822021
P98196	34.20732498168945	26.83841896057129	16.08744716644287
P32249	24.34365463256836	11.963328838348389	11.294878005981445
A6NHG9	27.935375213623047	22.341084480285645	14.781278610229492
P0C628	27.982367515563965	20.669471740722656	15.182953357696533
P25103	10.793248653411865	9.634977340698242	7.564468145370483
Q8IVQ6	33.3639554977417	29.189409255981445	18.079057693481445
P59537	32.02937316894531	23.66538429260254	16.67284870147705
Q6AI14	33.346604347229004	24.942740440368652	14.768682479858398
Q969N4	32.68603515625	19.85194206237793	15.5876145362854
Q8WWT9	15.53697681427002	11.677295684814453	11.617074489593506
Q96KK3	30.32762908935547	18.438268661499023	16.795615196228027
Q13639	37.287376403808594	20.501906394958496	15.665376663208008
Q9H342	18.460660934448242	11.917233943939209	9.061344385147095
Q9Y6H8	35.31908416748047	23.061201095581055	15.990021705627441
Q6UXU6	30.962871551513672	25.621837615966797	13.56443452835083
P08173	16.13670253753662	12.847840309143066	9.462803363800049
Q96LB0	18.716557502746582	14.510402202606201	11.040380001068115
