accession,start,end,residue,axis_1,axis_2,axis_3,box_1,box_2,box_3
P00533,28,636,28,2.782,3.975,3.447,10.751,8.574,4.701
P00533,28,636,29,2.955,3.643,3.539,10.751,8.574,4.701
P00533,28,636,30,3.26,3.577,3.313,10.751,8.574,4.701
P00533,28,636,31,3.408,3.236,3.218,10.751,8.574,4.701
P00533,28,636,32,3.729,3.129,3.035,10.751,8.574,4.701
P00533,28,636,33,3.581,2.94,2.734,10.751,8.574,4.701
P00533,28,636,34,3.763,2.656,2.547,10.751,8.574,4.701
P00533,28,636,35,3.987,2.596,2.237,10.751,8.574,4.701
P00533,28,636,36,3.965,2.213,2.201,10.751,8.574,4.701
P00533,28,636,37,3.78,2.23,1.86,10.751,8.574,4.701
P00533,28,636,38,3.695,1.86,1.791,10.751,8.574,4.701
P00533,28,636,39,3.916,1.701,2.064,10.751,8.574,4.701
P00533,28,636,40,3.718,1.478,2.305,10.751,8.574,4.701
P00533,28,636,41,3.827,1.506,2.674,10.751,8.574,4.701
P00533,28,636,42,3.815,1.158,2.839,10.751,8.574,4.701
P00533,28,636,43,3.479,0.972,2.83,10.751,8.574,4.701
P00533,28,636,44,3.151,1.138,2.719,10.751,8.574,4.701
P00533,28,636,45,3.074,1.185,3.094,10.751,8.574,4.701
P00533,28,636,46,3.418,1.346,3.171,10.751,8.574,4.701
P00533,28,636,47,3.372,1.575,2.866,10.751,8.574,4.701
P00533,28,636,48,3.017,1.673,2.978,10.751,8.574,4.701
P00533,28,636,49,3.13,1.73,3.343,10.751,8.574,4.701
P00533,28,636,50,3.416,1.95,3.206,10.751,8.574,4.701
P00533,28,636,51,3.166,2.143,2.984,10.751,8.574,4.701
P00533,28,636,52,2.932,2.183,3.287,10.751,8.574,4.701
P00533,28,636,53,3.218,2.306,3.518,10.751,8.574,4.701
P00533,28,636,54,3.34,2.562,3.257,10.751,8.574,4.701
P00533,28,636,55,2.995,2.712,3.169,10.751,8.574,4.701
P00533,28,636,56,2.785,2.673,3.493,10.751,8.574,4.701
P00533,28,636,57,2.634,3.02,3.568,10.751,8.574,4.701
P00533,28,636,58,2.85,3.181,3.29,10.751,8.574,4.701
P00533,28,636,59,2.695,3.495,3.128,10.751,8.574,4.701
P00533,28,636,60,3.003,3.613,2.924,10.751,8.574,4.701
P00533,28,636,61,3.244,3.367,2.755,10.751,8.574,4.701
P00533,28,636,62,3.586,3.54,2.72,10.751,8.574,4.701
P00533,28,636,63,3.71,3.269,2.476,10.751,8.574,4.701
P00533,28,636,64,3.512,3.027,2.254,10.751,8.574,4.701
P00533,28,636,65,3.194,2.83,2.339,10.751,8.574,4.701
P00533,28,636,66,3.254,2.469,2.224,10.751,8.574,4.701
P00533,28,636,67,2.966,2.221,2.278,10.751,8.574,4.701
P00533,28,636,68,3.087,1.883,2.149,10.751,8.574,4.701
P00533,28,636,69,3.021,1.508,2.196,10.751,8.574,4.701
P00533,28,636,70,2.718,1.569,2.432,10.751,8.574,4.701
P00533,28,636,71,2.501,1.256,2.427,10.751,8.574,4.701
P00533,28,636,72,2.12,1.202,2.438,10.751,8.574,4.701
P00533,28,636,73,1.951,1.269,2.779,10.751,8.574,4.701
P00533,28,636,74,2.232,1.496,2.919,10.751,8.574,4.701
P00533,28,636,75,2.103,1.822,3.078,10.751,8.574,4.701
P00533,28,636,76,2.241,2.141,2.914,10.751,8.574,4.701
P00533,28,636,77,2.008,2.374,3.121,10.751,8.574,4.701
P00533,28,636,78,2.317,2.56,3.258,10.751,8.574,4.701
P00533,28,636,79,2.384,2.705,2.906,10.751,8.574,4.701
P00533,28,636,80,2.069,2.926,2.955,10.751,8.574,4.701
P00533,28,636,81,2.282,3.183,3.151,10.751,8.574,4.701
P00533,28,636,82,2.513,3.264,2.852,10.751,8.574,4.701
P00533,28,636,83,2.449,3.608,2.692,10.751,8.574,4.701
P00533,28,636,84,2.782,3.697,2.519,10.751,8.574,4.701
P00533,28,636,85,3.063,3.498,2.347,10.751,8.574,4.701
P00533,28,636,86,3.385,3.684,2.254,10.751,8.574,4.701
P00533,28,636,87,3.54,3.407,2.033,10.751,8.574,4.701
P00533,28,636,88,3.343,3.159,1.817,10.751,8.574,4.701
P00533,28,636,89,3.049,2.924,1.895,10.751,8.574,4.701
P00533,28,636,90,3.107,2.559,1.789,10.751,8.574,4.701
P00533,28,636,91,2.826,2.299,1.819,10.751,8.574,4.701
P00533,28,636,92,2.95,1.967,1.676,10.751,8.574,4.701
P00533,28,636,93,2.908,1.585,1.703,10.751,8.574,4.701
P00533,28,636,94,2.629,1.611,1.969,10.751,8.574,4.701
P00533,28,636,95,2.336,1.361,1.992,10.751,8.574,4.701
P00533,28,636,96,2.132,1.565,2.252,10.751,8.574,4.701
P00533,28,636,97,1.786,1.681,2.122,10.751,8.574,4.701
P00533,28,636,98,1.798,2.044,2.26,10.751,8.574,4.701
P00533,28,636,99,2.084,2.295,2.32,10.751,8.574,4.701
P00533,28,636,100,1.921,2.578,2.521,10.751,8.574,4.701
P00533,28,636,101,2.131,2.889,2.426,10.751,8.574,4.701
P00533,28,636,102,1.807,3.087,2.488,10.751,8.574,4.701
P00533,28,636,103,1.972,3.41,2.621,10.751,8.574,4.701
P00533,28,636,104,2.274,3.436,2.382,10.751,8.574,4.701
P00533,28,636,105,2.259,3.797,2.243,10.751,8.574,4.701
P00533,28,636,106,2.596,3.835,2.063,10.751,8.574,4.701
P00533,28,636,107,2.891,3.647,1.916,10.751,8.574,4.701
P00533,28,636,108,3.183,3.896,1.878,10.751,8.574,4.701
P00533,28,636,109,3.404,3.672,1.658,10.751,8.574,4.701
P00533,28,636,110,3.743,3.785,1.803,10.751,8.574,4.701
P00533,28,636,111,3.842,3.425,1.701,10.751,8.574,4.701
P00533,28,636,112,3.715,3.207,1.41,10.751,8.574,4.701
P00533,28,636,113,3.65,2.834,1.367,10.751,8.574,4.701
P00533,28,636,114,3.819,2.713,1.039,10.751,8.574,4.701
P00533,28,636,115,3.96,3.072,1.007,10.751,8.574,4.701
P00533,28,636,116,3.617,3.192,0.871,10.751,8.574,4.701
P00533,28,636,117,3.322,3.114,1.106,10.751,8.574,4.701
P00533,28,636,118,3.2,3.274,1.431,10.751,8.574,4.701
P00533,28,636,119,2.909,3.02,1.445,10.751,8.574,4.701
P00533,28,636,120,2.961,2.656,1.332,10.751,8.574,4.701
P00533,28,636,121,2.688,2.387,1.378,10.751,8.574,4.701
P00533,28,636,122,2.827,2.059,1.239,10.751,8.574,4.701
P00533,28,636,123,2.725,1.688,1.221,10.751,8.574,4.701
P00533,28,636,124,2.495,1.683,1.531,10.751,8.574,4.701
P00533,28,636,125,2.351,1.332,1.467,10.751,8.574,4.701
P00533,28,636,126,2.392,0.961,1.554,10.751,8.574,4.701
P00533,28,636,127,2.382,0.649,1.326,10.751,8.574,4.701
P00533,28,636,128,1.994,0.666,1.314,10.751,8.574,4.701
P00533,28,636,129,2.004,1.034,1.185,10.751,8.574,4.701
P00533,28,636,130,1.856,1.146,1.524,10.751,8.574,4.701
P00533,28,636,131,2.035,1.424,1.719,10.751,8.574,4.701
P00533,28,636,132,2.013,1.804,1.759,10.751,8.574,4.701
P00533,28,636,133,1.656,1.918,1.682,10.751,8.574,4.701
P00533,28,636,134,1.601,2.234,1.892,10.751,8.574,4.701
P00533,28,636,135,1.857,2.522,1.891,10.751,8.574,4.701
P00533,28,636,136,1.642,2.807,2.041,10.751,8.574,4.701
P00533,28,636,137,1.89,3.105,1.999,10.751,8.574,4.701
P00533,28,636,138,1.582,3.343,2.03,10.751,8.574,4.701
P00533,28,636,139,1.794,3.64,2.153,10.751,8.574,4.701
P00533,28,636,140,2.088,3.612,1.902,10.751,8.574,4.701
P00533,28,636,141,2.072,3.947,1.717,10.751,8.574,4.701
P00533,28,636,142,2.443,4.03,1.644,10.751,8.574,4.701
P00533,28,636,143,2.746,3.853,1.492,10.751,8.574,4.701
P00533,28,636,144,3.002,4.138,1.468,10.751,8.574,4.701
P00533,28,636,145,3.277,3.94,1.289,10.751,8.574,4.701
P00533,28,636,146,3.3,3.604,1.104,10.751,8.574,4.701
P00533,28,636,147,3.059,3.394,0.896,10.751,8.574,4.701
P00533,28,636,148,2.798,3.123,0.982,10.751,8.574,4.701
P00533,28,636,149,2.826,2.746,0.9,10.751,8.574,4.701
P00533,28,636,150,2.546,2.485,0.922,10.751,8.574,4.701
P00533,28,636,151,2.631,2.132,0.794,10.751,8.574,4.701
P00533,28,636,152,2.484,1.78,0.838,10.751,8.574,4.701
P00533,28,636,153,2.214,1.844,1.111,10.751,8.574,4.701
P00533,28,636,154,1.94,1.603,0.979,10.751,8.574,4.701
P00533,28,636,155,1.698,1.652,1.276,10.751,8.574,4.701
P00533,28,636,156,1.737,2.035,1.315,10.751,8.574,4.701
P00533,28,636,157,1.41,2.234,1.297,10.751,8.574,4.701
P00533,28,636,158,1.314,2.603,1.236,10.751,8.574,4.701
P00533,28,636,159,1.676,2.747,1.208,10.751,8.574,4.701
P00533,28,636,160,1.636,2.724,0.824,10.751,8.574,4.701
P00533,28,636,161,1.376,3.01,0.857,10.751,8.574,4.701
P00533,28,636,162,1.621,3.263,1.015,10.751,8.574,4.701
P00533,28,636,163,1.688,3.598,0.839,10.751,8.574,4.701
P00533,28,636,164,2.07,3.588,0.895,10.751,8.574,4.701
P00533,28,636,165,2.104,3.932,0.717,10.751,8.574,4.701
P00533,28,636,166,1.97,4.092,1.041,10.751,8.574,4.701
P00533,28,636,167,2.228,3.904,1.256,10.751,8.574,4.701
P00533,28,636,168,2.56,3.9,1.059,10.751,8.574,4.701
P00533,28,636,169,2.768,4.192,0.916,10.751,8.574,4.701
P00533,28,636,170,2.737,4.245,0.535,10.751,8.574,4.701
P00533,28,636,171,3.105,4.162,0.49,10.751,8.574,4.701
P00533,28,636,172,3.076,3.792,0.595,10.751,8.574,4.701
P00533,28,636,173,2.743,3.714,0.412,10.751,8.574,4.701
P00533,28,636,174,2.947,3.587,0.108,10.751,8.574,4.701
P00533,28,636,175,3.13,3.335,0.333,10.751,8.574,4.701
P00533,28,636,176,2.822,3.169,0.493,10.751,8.574,4.701
P00533,28,636,177,2.774,2.794,0.427,10.751,8.574,4.701
P00533,28,636,178,2.426,2.651,0.504,10.751,8.574,4.701
P00533,28,636,179,2.315,2.291,0.435,10.751,8.574,4.701
P00533,28,636,180,1.974,2.214,0.595,10.751,8.574,4.701
P00533,28,636,181,1.876,1.849,0.522,10.751,8.574,4.701
P00533,28,636,182,1.534,1.812,0.693,10.751,8.574,4.701
P00533,28,636,183,1.475,1.431,0.709,10.751,8.574,4.701
P00533,28,636,184,1.237,1.438,1.013,10.751,8.574,4.701
P00533,28,636,185,0.873,1.531,0.926,10.751,8.574,4.701
P00533,28,636,186,0.805,1.617,1.298,10.751,8.574,4.701
P00533,28,636,187,0.922,1.985,1.3,10.751,8.574,4.701
P00533,28,636,188,0.659,2.227,1.436,10.751,8.574,4.701
P00533,28,636,189,0.573,2.542,1.235,10.751,8.574,4.701
P00533,28,636,190,0.668,2.892,1.351,10.751,8.574,4.701
P00533,28,636,191,0.389,3.096,1.515,10.751,8.574,4.701
P00533,28,636,192,0.176,3.316,1.275,10.751,8.574,4.701
P00533,28,636,193,0.303,3.625,1.471,10.751,8.574,4.701
P00533,28,636,194,0.666,3.56,1.362,10.751,8.574,4.701
P00533,28,636,195,0.803,3.822,1.113,10.751,8.574,4.701
P00533,28,636,196,0.822,3.66,0.764,10.751,8.574,4.701
P00533,28,636,197,0.761,3.321,0.941,10.751,8.574,4.701
P00533,28,636,198,1.117,3.332,1.094,10.751,8.574,4.701
P00533,28,636,199,1.164,3.149,1.431,10.751,8.574,4.701
P00533,28,636,200,1.422,2.952,1.638,10.751,8.574,4.701
P00533,28,636,201,1.158,2.694,1.753,10.751,8.574,4.701
P00533,28,636,202,0.786,2.656,1.837,10.751,8.574,4.701
P00533,28,636,203,0.59,2.939,2.014,10.751,8.574,4.701
P00533,28,636,204,0.569,3.323,1.986,10.751,8.574,4.701
P00533,28,636,205,0.859,3.35,2.239,10.751,8.574,4.701
P00533,28,636,206,1.096,3.193,1.976,10.751,8.574,4.701
P00533,28,636,207,1.007,3.431,1.683,10.751,8.574,4.701
P00533,28,636,208,1.312,3.611,1.534,10.751,8.574,4.701
P00533,28,636,209,1.361,3.963,1.677,10.751,8.574,4.701
P00533,28,636,210,1.468,4.192,1.388,10.751,8.574,4.701
P00533,28,636,211,1.684,4.497,1.486,10.751,8.574,4.701
P00533,28,636,212,1.874,4.587,1.158,10.751,8.574,4.701
P00533,28,636,213,1.677,4.503,0.835,10.751,8.574,4.701
P00533,28,636,214,1.357,4.681,0.961,10.751,8.574,4.701
P00533,28,636,215,1.527,5.014,1.051,10.751,8.574,4.701
P00533,28,636,216,1.474,5.36,0.903,10.751,8.574,4.701
P00533,28,636,217,1.75,5.465,0.653,10.751,8.574,4.701
P00533,28,636,218,1.86,5.734,0.91,10.751,8.574,4.701
P00533,28,636,219,1.972,5.475,1.175,10.751,8.574,4.701
P00533,28,636,220,2.356,5.427,1.182,10.751,8.574,4.701
P00533,28,636,221,2.311,5.057,1.281,10.751,8.574,4.701
P00533,28,636,222,2.044,4.904,1.511,10.751,8.574,4.701
P00533,28,636,223,1.682,4.998,1.599,10.751,8.574,4.701
P00533,28,636,224,1.377,4.899,1.816,10.751,8.574,4.701
P00533,28,636,225,1.125,4.954,1.534,10.751,8.574,4.701
P00533,28,636,226,1.061,5.112,1.19,10.751,8.574,4.701
P00533,28,636,227,1.052,5.484,1.292,10.751,8.574,4.701
P00533,28,636,228,1.358,5.72,1.303,10.751,8.574,4.701
P00533,28,636,229,1.252,5.758,1.675,10.751,8.574,4.701
P00533,28,636,230,1.345,5.389,1.721,10.751,8.574,4.701
P00533,28,636,231,1.714,5.411,1.615,10.751,8.574,4.701
P00533,28,636,232,1.969,5.289,1.874,10.751,8.574,4.701
P00533,28,636,233,2.294,5.46,1.976,10.751,8.574,4.701
P00533,28,636,234,2.591,5.386,1.741,10.751,8.574,4.701
P00533,28,636,235,2.755,5.177,2.023,10.751,8.574,4.701
P00533,28,636,236,2.459,4.934,2.061,10.751,8.574,4.701
P00533,28,636,237,2.528,4.578,1.929,10.751,8.574,4.701
P00533,28,636,238,2.218,4.35,1.954,10.751,8.574,4.701
P00533,28,636,239,1.966,4.64,1.99,10.751,8.574,4.701
P00533,28,636,240,1.849,4.886,2.261,10.751,8.574,4.701
P00533,28,636,241,1.573,4.995,2.505,10.751,8.574,4.701
P00533,28,636,242,1.613,5.369,2.412,10.751,8.574,4.701
P00533,28,636,243,1.831,5.603,2.193,10.751,8.574,4.701
P00533,28,636,244,2.124,5.663,2.442,10.751,8.574,4.701
P00533,28,636,245,2.458,5.483,2.499,10.751,8.574,4.701
P00533,28,636,246,2.31,5.38,2.841,10.751,8.574,4.701
P00533,28,636,247,2.011,5.209,2.677,10.751,8.574,4.701
P00533,28,636,248,2.188,4.94,2.463,10.751,8.574,4.701
P00533,28,636,249,2.115,4.566,2.517,10.751,8.574,4.701
P00533,28,636,250,2.489,4.492,2.458,10.751,8.574,4.701
P00533,28,636,251,2.785,4.725,2.386,10.751,8.574,4.701
P00533,28,636,252,2.942,4.713,2.033,10.751,8.574,4.701
P00533,28,636,253,3.296,4.783,2.161,10.751,8.574,4.701
P00533,28,636,254,3.327,4.85,2.54,10.751,8.574,4.701
P00533,28,636,255,3.093,4.865,2.842,10.751,8.574,4.701
P00533,28,636,256,3.21,5.146,3.071,10.751,8.574,4.701
P00533,28,636,257,2.995,5.074,3.381,10.751,8.574,4.701
P00533,28,636,258,2.639,5.163,3.255,10.751,8.574,4.701
P00533,28,636,259,2.747,5.316,2.915,10.751,8.574,4.701
P00533,28,636,260,2.861,5.179,2.575,10.751,8.574,4.701
P00533,28,636,261,3.185,5.351,2.452,10.751,8.574,4.701
P00533,28,636,262,3.415,5.306,2.147,10.751,8.574,4.701
P00533,28,636,263,3.725,5.293,2.379,10.751,8.574,4.701
P00533,28,636,264,3.787,5.276,2.755,10.751,8.574,4.701
P00533,28,636,265,3.9,5.597,2.94,10.751,8.574,4.701
P00533,28,636,266,4.274,5.61,2.844,10.751,8.574,4.701
P00533,28,636,267,4.541,5.544,3.113,10.751,8.574,4.701
P00533,28,636,268,4.726,5.868,3.015,10.751,8.574,4.701
P00533,28,636,269,4.6,6.224,2.933,10.751,8.574,4.701
P00533,28,636,270,4.776,6.487,2.723,10.751,8.574,4.701
P00533,28,636,271,4.842,6.79,2.951,10.751,8.574,4.701
P00533,28,636,272,4.816,7.114,2.739,10.751,8.574,4.701
P00533,28,636,273,5.04,7.307,2.988,10.751,8.574,4.701
P00533,28,636,274,5.336,7.062,3.018,10.751,8.574,4.701
P00533,28,636,275,5.289,6.915,2.663,10.751,8.574,4.701
P00533,28,636,276,5.352,6.572,2.832,10.751,8.574,4.701
P00533,28,636,277,5.14,6.259,2.891,10.751,8.574,4.701
P00533,28,636,278,5.016,6.263,3.255,10.751,8.574,4.701
P00533,28,636,279,4.853,5.963,3.438,10.751,8.574,4.701
P00533,28,636,280,4.469,5.966,3.408,10.751,8.574,4.701
P00533,28,636,281,4.291,5.943,3.754,10.751,8.574,4.701
P00533,28,636,282,3.978,5.822,3.563,10.751,8.574,4.701
P00533,28,636,283,4.181,5.575,3.346,10.751,8.574,4.701
P00533,28,636,284,4.041,5.221,3.293,10.751,8.574,4.701
P00533,28,636,285,4.198,4.903,3.159,10.751,8.574,4.701
P00533,28,636,286,4.013,4.694,2.897,10.751,8.574,4.701
P00533,28,636,287,3.9,4.351,3.027,10.751,8.574,4.701
P00533,28,636,288,3.728,4.19,2.73,10.751,8.574,4.701
P00533,28,636,289,3.438,4.414,2.615,10.751,8.574,4.701
P00533,28,636,290,3.444,4.599,2.961,10.751,8.574,4.701
P00533,28,636,291,3.632,4.893,3.123,10.751,8.574,4.701
P00533,28,636,292,3.783,4.816,3.47,10.751,8.574,4.701
P00533,28,636,293,3.974,5.041,3.721,10.751,8.574,4.701
P00533,28,636,294,4.222,4.75,3.784,10.751,8.574,4.701
P00533,28,636,295,4.274,4.416,3.605,10.751,8.574,4.701
P00533,28,636,296,4.152,4.097,3.785,10.751,8.574,4.701
P00533,28,636,297,4.398,3.887,3.995,10.751,8.574,4.701
P00533,28,636,298,4.615,3.656,3.775,10.751,8.574,4.701
P00533,28,636,299,4.585,3.893,3.469,10.751,8.574,4.701
P00533,28,636,300,4.875,4.104,3.324,10.751,8.574,4.701
P00533,28,636,301,4.877,4.455,3.165,10.751,8.574,4.701
P00533,28,636,302,4.974,4.519,2.798,10.751,8.574,4.701
P00533,28,636,303,5.142,4.843,2.671,10.751,8.574,4.701
P00533,28,636,304,4.791,4.933,2.531,10.751,8.574,4.701
P00533,28,636,305,4.615,4.909,2.875,10.751,8.574,4.701
P00533,28,636,306,4.435,4.573,2.809,10.751,8.574,4.701
P00533,28,636,307,4.412,4.301,3.078,10.751,8.574,4.701
P00533,28,636,308,4.542,3.969,2.928,10.751,8.574,4.701
P00533,28,636,309,4.611,3.621,3.086,10.751,8.574,4.701
P00533,28,636,310,4.967,3.584,2.949,10.751,8.574,4.701
P00533,28,636,311,5.201,3.798,2.735,10.751,8.574,4.701
P00533,28,636,312,5.246,3.747,2.357,10.751,8.574,4.701
P00533,28,636,313,5.541,3.53,2.235,10.751,8.574,4.701
P00533,28,636,314,5.741,3.853,2.15,10.751,8.574,4.701
P00533,28,636,315,5.703,3.976,2.513,10.751,8.574,4.701
P00533,28,636,316,5.784,3.874,2.874,10.751,8.574,4.701
P00533,28,636,317,5.6,3.927,3.206,10.751,8.574,4.701
P00533,28,636,318,5.762,4.186,3.438,10.751,8.574,4.701
P00533,28,636,319,5.633,4.324,3.772,10.751,8.574,4.701
P00533,28,636,320,5.668,4.705,3.788,10.751,8.574,4.701
P00533,28,636,321,5.499,4.921,4.062,10.751,8.574,4.701
P00533,28,636,322,5.31,4.607,4.186,10.751,8.574,4.701
P00533,28,636,323,5.15,4.567,3.838,10.751,8.574,4.701
P00533,28,636,324,5.249,4.265,3.626,10.751,8.574,4.701
P00533,28,636,325,5.31,4.422,3.279,10.751,8.574,4.701
P00533,28,636,326,5.396,4.269,2.938,10.751,8.574,4.701
P00533,28,636,327,5.725,4.416,2.805,10.751,8.574,4.701
P00533,28,636,328,5.868,4.336,2.458,10.751,8.574,4.701
P00533,28,636,329,6.182,4.118,2.45,10.751,8.574,4.701
P00533,28,636,330,6.523,4.273,2.36,10.751,8.574,4.701
P00533,28,636,331,6.56,4.033,2.065,10.751,8.574,4.701
P00533,28,636,332,6.445,3.666,2.095,10.751,8.574,4.701
P00533,28,636,333,6.249,3.605,2.418,10.751,8.574,4.701
P00533,28,636,334,6.439,3.401,2.679,10.751,8.574,4.701
P00533,28,636,335,6.41,3.022,2.62,10.751,8.574,4.701
P00533,28,636,336,6.614,2.778,2.835,10.751,8.574,4.701
P00533,28,636,337,6.702,2.444,2.668,10.751,8.574,4.701
P00533,28,636,338,6.893,2.125,2.765,10.751,8.574,4.701
P00533,28,636,339,7.26,2.077,2.671,10.751,8.574,4.701
P00533,28,636,340,7.413,1.762,2.518,10.751,8.574,4.701
P00533,28,636,341,7.444,1.489,2.788,10.751,8.574,4.701
P00533,28,636,342,7.137,1.63,2.98,10.751,8.574,4.701
P00533,28,636,343,6.763,1.537,2.974,10.751,8.574,4.701
P00533,28,636,344,6.635,1.453,2.621,10.751,8.574,4.701
P00533,28,636,345,7.005,1.464,2.502,10.751,8.574,4.701
P00533,28,636,346,7.151,1.236,2.781,10.751,8.574,4.701
P00533,28,636,347,7.258,0.964,2.532,10.751,8.574,4.701
P00533,28,636,348,7.333,1.21,2.242,10.751,8.574,4.701
P00533,28,636,349,7.709,1.233,2.167,10.751,8.574,4.701
P00533,28,636,350,7.673,1.556,1.957,10.751,8.574,4.701
P00533,28,636,351,7.439,1.815,1.81,10.751,8.574,4.701
P00533,28,636,352,7.308,1.639,1.492,10.751,8.574,4.701
P00533,28,636,353,7.03,1.647,1.222,10.751,8.574,4.701
P00533,28,636,354,6.777,1.475,1.459,10.751,8.574,4.701
P00533,28,636,355,6.827,1.69,1.774,10.751,8.574,4.701
P00533,28,636,356,6.919,2.04,1.624,10.751,8.574,4.701
P00533,28,636,357,6.545,2.136,1.58,10.751,8.574,4.701
P00533,28,636,358,6.481,2.138,1.96,10.751,8.574,4.701
P00533,28,636,359,6.746,2.418,1.986,10.751,8.574,4.701
P00533,28,636,360,6.505,2.65,1.792,10.751,8.574,4.701
P00533,28,636,361,6.482,2.996,1.957,10.751,8.574,4.701
P00533,28,636,362,6.699,2.875,2.254,10.751,8.574,4.701
P00533,28,636,363,6.878,3.169,2.426,10.751,8.574,4.701
P00533,28,636,364,7.039,2.983,2.721,10.751,8.574,4.701
P00533,28,636,365,7.175,2.625,2.718,10.751,8.574,4.701
P00533,28,636,366,7.143,2.438,3.05,10.751,8.574,4.701
P00533,28,636,367,7.439,2.203,2.99,10.751,8.574,4.701
P00533,28,636,368,7.72,2.141,2.737,10.751,8.574,4.701
P00533,28,636,369,7.737,2.181,2.354,10.751,8.574,4.701
P00533,28,636,370,7.924,1.914,2.154,10.751,8.574,4.701
P00533,28,636,371,7.989,1.95,1.776,10.751,8.574,4.701
P00533,28,636,372,8.177,1.634,1.671,10.751,8.574,4.701
P00533,28,636,373,8.296,1.479,1.335,10.751,8.574,4.701
P00533,28,636,374,7.995,1.236,1.352,10.751,8.574,4.701
P00533,28,636,375,7.736,1.52,1.31,10.751,8.574,4.701
P00533,28,636,376,7.847,1.609,0.952,10.751,8.574,4.701
P00533,28,636,377,7.903,1.239,0.851,10.751,8.574,4.701
P00533,28,636,378,7.582,1.096,1.003,10.751,8.574,4.701
P00533,28,636,379,7.57,0.786,1.224,10.751,8.574,4.701
P00533,28,636,380,7.434,0.457,1.084,10.751,8.574,4.701
P00533,28,636,381,7.402,0.312,1.441,10.751,8.574,4.701
P00533,28,636,382,7.159,0.579,1.576,10.751,8.574,4.701
P00533,28,636,383,7.009,0.61,1.219,10.751,8.574,4.701
P00533,28,636,384,7.108,0.983,1.236,10.751,8.574,4.701
P00533,28,636,385,7.149,1.155,0.892,10.751,8.574,4.701
P00533,28,636,386,7.429,1.411,0.817,10.751,8.574,4.701
P00533,28,636,387,7.366,1.76,0.966,10.751,8.574,4.701
P00533,28,636,388,7.304,2.039,0.709,10.751,8.574,4.701
P00533,28,636,389,7.56,2.329,0.749,10.751,8.574,4.701
P00533,28,636,390,7.251,2.564,0.729,10.751,8.574,4.701
P00533,28,636,391,7.074,2.409,1.036,10.751,8.574,4.701
P00533,28,636,392,7.37,2.548,1.244,10.751,8.574,4.701
P00533,28,636,393,7.218,2.9,1.189,10.751,8.574,4.701
P00533,28,636,394,6.952,2.782,1.448,10.751,8.574,4.701
P00533,28,636,395,7.214,2.831,1.728,10.751,8.574,4.701
P00533,28,636,396,7.24,3.211,1.653,10.751,8.574,4.701
P00533,28,636,397,6.978,3.278,1.927,10.751,8.574,4.701
P00533,28,636,398,7.215,3.132,2.196,10.751,8.574,4.701
P00533,28,636,399,7.357,3.401,2.431,10.751,8.574,4.701
P00533,28,636,400,7.449,3.174,2.728,10.751,8.574,4.701
P00533,28,636,401,7.599,2.824,2.78,10.751,8.574,4.701
P00533,28,636,402,7.604,2.707,3.147,10.751,8.574,4.701
P00533,28,636,403,7.849,2.42,3.076,10.751,8.574,4.701
P00533,28,636,404,8.125,2.396,2.81,10.751,8.574,4.701
P00533,28,636,405,8.149,2.446,2.43,10.751,8.574,4.701
P00533,28,636,406,8.332,2.165,2.24,10.751,8.574,4.701
P00533,28,636,407,8.392,2.2,1.862,10.751,8.574,4.701
P00533,28,636,408,8.592,1.914,1.699,10.751,8.574,4.701
P00533,28,636,409,8.431,1.954,1.352,10.751,8.574,4.701
P00533,28,636,410,8.295,2.245,1.144,10.751,8.574,4.701
P00533,28,636,411,8.172,2.284,0.779,10.751,8.574,4.701
P00533,28,636,412,8.489,2.348,0.569,10.751,8.574,4.701
P00533,28,636,413,8.299,2.615,0.364,10.751,8.574,4.701
P00533,28,636,414,8.241,2.835,0.679,10.751,8.574,4.701
P00533,28,636,415,8.539,3.065,0.764,10.751,8.574,4.701
P00533,28,636,416,8.426,3.133,1.126,10.751,8.574,4.701
P00533,28,636,417,8.199,3.007,1.411,10.751,8.574,4.701
P00533,28,636,418,7.903,3.226,1.279,10.751,8.574,4.701
P00533,28,636,419,7.643,3.01,1.468,10.751,8.574,4.701
P00533,28,636,420,7.785,3.149,1.8,10.751,8.574,4.701
P00533,28,636,421,7.817,3.518,1.686,10.751,8.574,4.701
P00533,28,636,422,7.567,3.618,1.965,10.751,8.574,4.701
P00533,28,636,423,7.722,3.397,2.243,10.751,8.574,4.701
P00533,28,636,424,7.783,3.637,2.539,10.751,8.574,4.701
P00533,28,636,425,7.873,3.398,2.83,10.751,8.574,4.701
P00533,28,636,426,8.022,3.046,2.881,10.751,8.574,4.701
P00533,28,636,427,7.989,2.955,3.255,10.751,8.574,4.701
P00533,28,636,428,8.203,2.636,3.252,10.751,8.574,4.701
P00533,28,636,429,8.004,2.471,3.542,10.751,8.574,4.701
P00533,28,636,430,8.066,2.142,3.361,10.751,8.574,4.701
P00533,28,636,431,8.406,2.115,3.179,10.751,8.574,4.701
P00533,28,636,432,8.552,1.886,2.907,10.751,8.574,4.701
P00533,28,636,433,8.766,1.626,3.091,10.751,8.574,4.701
P00533,28,636,434,8.702,1.844,3.405,10.751,8.574,4.701
P00533,28,636,435,8.941,2.114,3.263,10.751,8.574,4.701
P00533,28,636,436,8.82,2.298,2.947,10.751,8.574,4.701
P00533,28,636,437,8.514,2.531,2.917,10.751,8.574,4.701
P00533,28,636,438,8.599,2.626,2.553,10.751,8.574,4.701
P00533,28,636,439,8.757,2.376,2.309,10.751,8.574,4.701
P00533,28,636,440,8.815,2.46,1.936,10.751,8.574,4.701
P00533,28,636,441,9.014,2.176,1.774,10.751,8.574,4.701
P00533,28,636,442,9.133,2.075,1.422,10.751,8.574,4.701
P00533,28,636,443,8.903,2.314,1.223,10.751,8.574,4.701
P00533,28,636,444,8.939,2.474,0.873,10.751,8.574,4.701
P00533,28,636,445,8.84,2.826,1.009,10.751,8.574,4.701
P00533,28,636,446,9.039,3.152,0.954,10.751,8.574,4.701
P00533,28,636,447,8.869,3.347,1.24,10.751,8.574,4.701
P00533,28,636,448,8.676,3.267,1.561,10.751,8.574,4.701
P00533,28,636,449,8.379,3.506,1.497,10.751,8.574,4.701
P00533,28,636,450,8.279,3.489,1.872,10.751,8.574,4.701
P00533,28,636,451,8.224,3.871,1.861,10.751,8.574,4.701
P00533,28,636,452,7.968,3.89,2.147,10.751,8.574,4.701
P00533,28,636,453,8.177,3.679,2.396,10.751,8.574,4.701
P00533,28,636,454,8.234,3.883,2.717,10.751,8.574,4.701
P00533,28,636,455,8.278,3.612,2.985,10.751,8.574,4.701
P00533,28,636,456,8.42,3.26,3.036,10.751,8.574,4.701
P00533,28,636,457,8.323,3.236,3.407,10.751,8.574,4.701
P00533,28,636,458,8.539,2.926,3.482,10.751,8.574,4.701
P00533,28,636,459,8.758,2.654,3.312,10.751,8.574,4.701
P00533,28,636,460,9.051,2.653,3.064,10.751,8.574,4.701
P00533,28,636,461,9.054,2.748,2.691,10.751,8.574,4.701
P00533,28,636,462,9.206,2.514,2.425,10.751,8.574,4.701
P00533,28,636,463,9.247,2.627,2.061,10.751,8.574,4.701
P00533,28,636,464,9.459,2.369,1.875,10.751,8.574,4.701
P00533,28,636,465,9.537,2.236,1.524,10.751,8.574,4.701
P00533,28,636,466,9.334,2.505,1.339,10.751,8.574,4.701
P00533,28,636,467,9.568,2.524,1.032,10.751,8.574,4.701
P00533,28,636,468,9.419,2.853,0.892,10.751,8.574,4.701
P00533,28,636,469,9.329,3.034,1.221,10.751,8.574,4.701
P00533,28,636,470,9.507,3.369,1.285,10.751,8.574,4.701
P00533,28,636,471,9.322,3.596,1.533,10.751,8.574,4.701
P00533,28,636,472,9.315,3.376,1.852,10.751,8.574,4.701
P00533,28,636,473,9.654,3.514,1.979,10.751,8.574,4.701
P00533,28,636,474,9.524,3.879,1.966,10.751,8.574,4.701
P00533,28,636,475,9.249,3.835,2.232,10.751,8.574,4.701
P00533,28,636,476,9.329,3.949,2.589,10.751,8.574,4.701
P00533,28,636,477,9.181,3.62,2.73,10.751,8.574,4.701
P00533,28,636,478,9.254,3.733,3.093,10.751,8.574,4.701
P00533,28,636,479,8.966,3.99,3.06,10.751,8.574,4.701
P00533,28,636,480,8.718,3.708,2.977,10.751,8.574,4.701
P00533,28,636,481,8.825,3.488,3.276,10.751,8.574,4.701
P00533,28,636,482,8.603,3.492,3.59,10.751,8.574,4.701
P00533,28,636,483,8.823,3.26,3.811,10.751,8.574,4.701
P00533,28,636,484,9.181,3.318,3.934,10.751,8.574,4.701
P00533,28,636,485,9.355,3.018,3.77,10.751,8.574,4.701
P00533,28,636,486,9.216,2.978,3.411,10.751,8.574,4.701
P00533,28,636,487,9.47,2.912,3.13,10.751,8.574,4.701
P00533,28,636,488,9.495,2.936,2.75,10.751,8.574,4.701
P00533,28,636,489,9.637,2.645,2.542,10.751,8.574,4.701
P00533,28,636,490,9.668,2.808,2.197,10.751,8.574,4.701
P00533,28,636,491,9.908,2.594,1.985,10.751,8.574,4.701
P00533,28,636,492,9.951,2.438,1.634,10.751,8.574,4.701
P00533,28,636,493,9.732,2.706,1.463,10.751,8.574,4.701
P00533,28,636,494,9.855,2.936,1.179,10.751,8.574,4.701
P00533,28,636,495,10.188,3.098,1.278,10.751,8.574,4.701
P00533,28,636,496,10.147,3.466,1.386,10.751,8.574,4.701
P00533,28,636,497,10.422,3.593,1.148,10.751,8.574,4.701
P00533,28,636,498,10.239,3.423,0.851,10.751,8.574,4.701
P00533,28,636,499,9.912,3.594,0.961,10.751,8.574,4.701
P00533,28,636,500,10.09,3.936,0.979,10.751,8.574,4.701
P00533,28,636,501,10.264,3.867,0.641,10.751,8.574,4.701
P00533,28,636,502,9.917,3.8,0.478,10.751,8.574,4.701
P00533,28,636,503,9.739,4.106,0.632,10.751,8.574,4.701
P00533,28,636,504,9.539,3.874,0.867,10.751,8.574,4.701
P00533,28,636,505,9.549,4.122,1.16,10.751,8.574,4.701
P00533,28,636,506,9.291,4.324,1.359,10.751,8.574,4.701
P00533,28,636,507,9.115,4.62,1.194,10.751,8.574,4.701
P00533,28,636,508,9.279,4.966,1.245,10.751,8.574,4.701
P00533,28,636,509,8.967,5.071,1.451,10.751,8.574,4.701
P00533,28,636,510,9.012,4.79,1.71,10.751,8.574,4.701
P00533,28,636,511,9.159,4.861,2.056,10.751,8.574,4.701
P00533,28,636,512,9.477,4.683,2.19,10.751,8.574,4.701
P00533,28,636,513,9.243,4.413,2.346,10.751,8.574,4.701
P00533,28,636,514,9.234,4.22,2.012,10.751,8.574,4.701
P00533,28,636,515,8.978,4.09,1.761,10.751,8.574,4.701
P00533,28,636,516,8.776,3.775,1.674,10.751,8.574,4.701
P00533,28,636,517,8.835,3.832,1.296,10.751,8.574,4.701
P00533,28,636,518,8.947,4.101,1.039,10.751,8.574,4.701
P00533,28,636,519,8.624,4.31,1.036,10.751,8.574,4.701
P00533,28,636,520,8.548,4.635,1.234,10.751,8.574,4.701
P00533,28,636,521,8.252,4.426,1.374,10.751,8.574,4.701
P00533,28,636,522,8.497,4.167,1.523,10.751,8.574,4.701
P00533,28,636,523,8.698,4.402,1.756,10.751,8.574,4.701
P00533,28,636,524,8.692,4.316,2.134,10.751,8.574,4.701
P00533,28,636,525,8.647,4.694,2.184,10.751,8.574,4.701
P00533,28,636,526,8.666,5.004,1.961,10.751,8.574,4.701
P00533,28,636,527,8.957,5.255,1.956,10.751,8.574,4.701
P00533,28,636,528,8.722,5.556,1.904,10.751,8.574,4.701
P00533,28,636,529,8.344,5.486,1.871,10.751,8.574,4.701
P00533,28,636,530,8.091,5.211,1.775,10.751,8.574,4.701
P00533,28,636,531,7.783,5.213,1.547,10.751,8.574,4.701
P00533,28,636,532,7.596,4.94,1.737,10.751,8.574,4.701
P00533,28,636,533,7.819,4.63,1.679,10.751,8.574,4.701
P00533,28,636,534,8.071,4.785,1.434,10.751,8.574,4.701
P00533,28,636,535,8.374,5.002,1.524,10.751,8.574,4.701
P00533,28,636,536,8.372,5.326,1.317,10.751,8.574,4.701
P00533,28,636,537,8.608,5.623,1.265,10.751,8.574,4.701
P00533,28,636,538,8.333,5.884,1.346,10.751,8.574,4.701
P00533,28,636,539,7.963,5.927,1.428,10.751,8.574,4.701
P00533,28,636,540,7.724,6.116,1.19,10.751,8.574,4.701
P00533,28,636,541,7.735,6.441,1.397,10.751,8.574,4.701
P00533,28,636,542,7.785,6.721,1.135,10.751,8.574,4.701
P00533,28,636,543,7.743,6.505,0.818,10.751,8.574,4.701
P00533,28,636,544,7.613,6.156,0.72,10.751,8.574,4.701
P00533,28,636,545,7.269,5.986,0.741,10.751,8.574,4.701
P00533,28,636,546,7.101,5.894,0.971,10.751,8.574,4.701
P00533,28,636,547,7.22,6.179,1.201,10.751,8.574,4.701
P00533,28,636,548,7.37,6.08,1.537,10.751,8.574,4.701
P00533,28,636,549,7.502,6.197,1.876,10.751,8.574,4.701
P00533,28,636,550,7.769,6.033,2.104,10.751,8.574,4.701
P00533,28,636,551,7.682,5.864,2.438,10.751,8.574,4.701
P00533,28,636,552,7.931,5.624,2.611,10.751,8.574,4.701
P00533,28,636,553,8.135,5.622,2.28,10.751,8.574,4.701
P00533,28,636,554,7.832,5.474,2.094,10.751,8.574,4.701
P00533,28,636,555,7.697,5.649,1.781,10.751,8.574,4.701
P00533,28,636,556,7.323,5.674,1.863,10.751,8.574,4.701
P00533,28,636,557,7.064,5.799,1.611,10.751,8.574,4.701
P00533,28,636,558,6.88,6.13,1.649,10.751,8.574,4.701
P00533,28,636,559,6.498,6.115,1.661,10.751,8.574,4.701
P00533,28,636,560,6.339,6.103,1.305,10.751,8.574,4.701
P00533,28,636,561,6.172,6.443,1.376,10.751,8.574,4.701
P00533,28,636,562,6.516,6.619,1.413,10.751,8.574,4.701
P00533,28,636,563,6.601,6.824,1.098,10.751,8.574,4.701
P00533,28,636,564,6.962,6.745,0.975,10.751,8.574,4.701
P00533,28,636,565,7.178,7.052,1.055,10.751,8.574,4.701
P00533,28,636,566,7.434,7.158,0.789,10.751,8.574,4.701
P00533,28,636,567,7.787,7.178,0.948,10.751,8.574,4.701
P00533,28,636,568,7.633,7.159,1.303,10.751,8.574,4.701
P00533,28,636,569,7.502,6.889,1.545,10.751,8.574,4.701
P00533,28,636,570,7.142,6.769,1.476,10.751,8.574,4.701
P00533,28,636,571,7.052,6.651,1.831,10.751,8.574,4.701
P00533,28,636,572,7.187,6.648,2.193,10.751,8.574,4.701
P00533,28,636,573,7.032,6.311,2.293,10.751,8.574,4.701
P00533,28,636,574,6.754,6.051,2.235,10.751,8.574,4.701
P00533,28,636,575,6.388,6.152,2.162,10.751,8.574,4.701
P00533,28,636,576,6.21,6.451,1.99,10.751,8.574,4.701
P00533,28,636,577,6.293,6.693,2.281,10.751,8.574,4.701
P00533,28,636,578,6.67,6.683,2.204,10.751,8.574,4.701
P00533,28,636,579,6.65,6.811,1.841,10.751,8.574,4.701
P00533,28,636,580,6.832,7.138,1.747,10.751,8.574,4.701
P00533,28,636,581,6.54,7.199,1.502,10.751,8.574,4.701
P00533,28,636,582,6.217,7.008,1.419,10.751,8.574,4.701
P00533,28,636,583,6.158,6.848,1.074,10.751,8.574,4.701
P00533,28,636,584,5.775,6.899,1.064,10.751,8.574,4.701
P00533,28,636,585,5.608,7.076,1.366,10.751,8.574,4.701
P00533,28,636,586,5.683,7.201,1.722,10.751,8.574,4.701
P00533,28,636,587,5.453,7.096,2.011,10.751,8.574,4.701
P00533,28,636,588,5.6,7.281,2.311,10.751,8.574,4.701
P00533,28,636,589,5.943,7.113,2.37,10.751,8.574,4.701
P00533,28,636,590,5.857,6.817,2.138,10.751,8.574,4.701
P00533,28,636,591,5.936,6.785,1.764,10.751,8.574,4.701
P00533,28,636,592,5.621,6.619,1.617,10.751,8.574,4.701
P00533,28,636,593,5.516,6.489,1.272,10.751,8.574,4.701
P00533,28,636,594,5.166,6.643,1.319,10.751,8.574,4.701
P00533,28,636,595,5.008,6.855,1.598,10.751,8.574,4.701
P00533,28,636,596,4.791,6.669,1.861,10.751,8.574,4.701
P00533,28,636,597,4.443,6.61,1.71,10.751,8.574,4.701
P00533,28,636,598,4.169,6.435,1.915,10.751,8.574,4.701
P00533,28,636,599,4.4,6.323,2.202,10.751,8.574,4.701
P00533,28,636,600,4.222,6.299,2.542,10.751,8.574,4.701
P00533,28,636,601,4.334,6.575,2.783,10.751,8.574,4.701
P00533,28,636,602,4.23,6.701,3.127,10.751,8.574,4.701
P00533,28,636,603,3.862,6.717,3.242,10.751,8.574,4.701
P00533,28,636,604,3.753,6.459,2.971,10.751,8.574,4.701
P00533,28,636,605,3.817,6.722,2.694,10.751,8.574,4.701
P00533,28,636,606,3.958,6.638,2.348,10.751,8.574,4.701
P00533,28,636,607,4.282,6.827,2.278,10.751,8.574,4.701
P00533,28,636,608,4.294,6.969,1.927,10.751,8.574,4.701
P00533,28,636,609,4.592,7.174,1.803,10.751,8.574,4.701
P00533,28,636,610,4.658,7.356,1.474,10.751,8.574,4.701
P00533,28,636,611,4.995,7.455,1.322,10.751,8.574,4.701
P00533,28,636,612,5.078,7.826,1.271,10.751,8.574,4.701
P00533,28,636,613,5.297,7.967,0.988,10.751,8.574,4.701
P00533,28,636,614,5.605,7.894,1.213,10.751,8.574,4.701
P00533,28,636,615,5.494,7.525,1.237,10.751,8.574,4.701
P00533,28,636,616,5.414,7.571,1.614,10.751,8.574,4.701
P00533,28,636,617,5.121,7.366,1.754,10.751,8.574,4.701
P00533,28,636,618,4.864,7.599,1.922,10.751,8.574,4.701
P00533,28,636,619,4.538,7.5,2.097,10.751,8.574,4.701
P00533,28,636,620,4.209,7.517,1.906,10.751,8.574,4.701
P00533,28,636,621,3.934,7.732,2.062,10.751,8.574,4.701
P00533,28,636,622,3.752,7.522,2.336,10.751,8.574,4.701
P00533,28,636,623,3.417,7.506,2.145,10.751,8.574,4.701
P00533,28,636,624,3.591,7.333,1.845,10.751,8.574,4.701
P00533,28,636,625,3.516,6.974,1.963,10.751,8.574,4.701
P00533,28,636,626,3.594,6.826,1.614,10.751,8.574,4.701
P00533,28,636,627,3.923,7.018,1.556,10.751,8.574,4.701
P00533,28,636,628,4.024,7.345,1.387,10.751,8.574,4.701
P00533,28,636,629,4.254,7.479,1.108,10.751,8.574,4.701
P00533,28,636,630,4.341,7.811,1.282,10.751,8.574,4.701
P00533,28,636,631,4.279,8.034,1.59,10.751,8.574,4.701
P00533,28,636,632,3.943,8.126,1.748,10.751,8.574,4.701
P00533,28,636,633,3.6,8.013,1.62,10.751,8.574,4.701
P00533,28,636,634,3.707,8.127,1.267,10.751,8.574,4.701
P00533,28,636,635,3.945,7.828,1.22,10.751,8.574,4.701
P00533,28,636,636,3.655,7.588,1.306,10.751,8.574,4.701
P04626,24,627,24,7.881,3.939,4.378,11.645,7.922,5.286
P04626,24,627,25,7.811,3.891,4.004,11.645,7.922,5.286
P04626,24,627,26,7.758,3.554,3.831,11.645,7.922,5.286
P04626,24,627,27,7.689,3.455,3.468,11.645,7.922,5.286
P04626,24,627,28,7.971,3.292,3.268,11.645,7.922,5.286
P04626,24,627,29,7.961,2.973,3.054,11.645,7.922,5.286
P04626,24,627,30,7.969,2.899,2.678,11.645,7.922,5.286
P04626,24,627,31,8.05,2.525,2.636,11.645,7.922,5.286
P04626,24,627,32,8.405,2.589,2.495,11.645,7.922,5.286
P04626,24,627,33,8.572,2.244,2.445,11.645,7.922,5.286
P04626,24,627,34,8.235,2.051,2.433,11.645,7.922,5.286
P04626,24,627,35,8.21,1.758,2.677,11.645,7.922,5.286
P04626,24,627,36,7.979,1.824,2.979,11.645,7.922,5.286
P04626,24,627,37,7.62,1.703,2.911,11.645,7.922,5.286
P04626,24,627,38,7.64,1.52,3.249,11.645,7.922,5.286
P04626,24,627,39,8.005,1.473,3.368,11.645,7.922,5.286
P04626,24,627,40,7.866,1.354,3.708,11.645,7.922,5.286
P04626,24,627,41,7.696,1.694,3.775,11.645,7.922,5.286
P04626,24,627,42,7.95,1.918,3.59,11.645,7.922,5.286
P04626,24,627,43,8.162,2.006,3.899,11.645,7.922,5.286
P04626,24,627,44,7.841,2.089,4.092,11.645,7.922,5.286
P04626,24,627,45,7.724,2.318,3.803,11.645,7.922,5.286
P04626,24,627,46,8.061,2.505,3.817,11.645,7.922,5.286
P04626,24,627,47,8.031,2.524,4.2,11.645,7.922,5.286
P04626,24,627,48,7.673,2.667,4.209,11.645,7.922,5.286
P04626,24,627,49,7.763,2.914,3.93,11.645,7.922,5.286
P04626,24,627,50,8.094,3.048,4.073,11.645,7.922,5.286
P04626,24,627,51,8.049,3.005,4.457,11.645,7.922,5.286
P04626,24,627,52,8.103,3.357,4.604,11.645,7.922,5.286
P04626,24,627,53,8.133,3.511,4.253,11.645,7.922,5.286
P04626,24,627,54,8.375,3.808,4.223,11.645,7.922,5.286
P04626,24,627,55,8.277,3.93,3.871,11.645,7.922,5.286
P04626,24,627,56,8.208,3.676,3.594,11.645,7.922,5.286
P04626,24,627,57,7.973,3.839,3.345,11.645,7.922,5.286
P04626,24,627,58,8.065,3.616,3.048,11.645,7.922,5.286
P04626,24,627,59,8.338,3.354,3.0,11.645,7.922,5.286
P04626,24,627,60,8.513,3.156,3.278,11.645,7.922,5.286
P04626,24,627,61,8.535,2.801,3.138,11.645,7.922,5.286
P04626,24,627,62,8.698,2.528,3.35,11.645,7.922,5.286
P04626,24,627,63,8.697,2.204,3.147,11.645,7.922,5.286
P04626,24,627,64,8.724,1.824,3.204,11.645,7.922,5.286
P04626,24,627,65,8.788,1.859,3.585,11.645,7.922,5.286
P04626,24,627,66,8.914,1.542,3.769,11.645,7.922,5.286
P04626,24,627,67,9.246,1.526,3.967,11.645,7.922,5.286
P04626,24,627,68,9.08,1.541,4.314,11.645,7.922,5.286
P04626,24,627,69,8.828,1.823,4.231,11.645,7.922,5.286
P04626,24,627,70,8.802,2.086,4.509,11.645,7.922,5.286
P04626,24,627,71,8.823,2.425,4.331,11.645,7.922,5.286
P04626,24,627,72,8.825,2.65,4.646,11.645,7.922,5.286
P04626,24,627,73,8.504,2.826,4.523,11.645,7.922,5.286
P04626,24,627,74,8.709,3.006,4.247,11.645,7.922,5.286
P04626,24,627,75,8.923,3.198,4.507,11.645,7.922,5.286
P04626,24,627,76,8.693,3.507,4.517,11.645,7.922,5.286
P04626,24,627,77,8.695,3.573,4.134,11.645,7.922,5.286
P04626,24,627,78,8.855,3.914,4.054,11.645,7.922,5.286
P04626,24,627,79,8.714,4.01,3.708,11.645,7.922,5.286
P04626,24,627,80,8.611,3.818,3.391,11.645,7.922,5.286
P04626,24,627,81,8.416,4.009,3.12,11.645,7.922,5.286
P04626,24,627,82,8.476,3.76,2.831,11.645,7.922,5.286
P04626,24,627,83,8.76,3.502,2.808,11.645,7.922,5.286
P04626,24,627,84,8.918,3.248,3.051,11.645,7.922,5.286
P04626,24,627,85,8.939,2.884,2.926,11.645,7.922,5.286
P04626,24,627,86,9.124,2.613,3.127,11.645,7.922,5.286
P04626,24,627,87,9.112,2.294,2.914,11.645,7.922,5.286
P04626,24,627,88,9.136,1.909,2.942,11.645,7.922,5.286
P04626,24,627,89,9.178,1.923,3.326,11.645,7.922,5.286
P04626,24,627,90,9.35,1.655,3.538,11.645,7.922,5.286
P04626,24,627,91,9.348,1.887,3.85,11.645,7.922,5.286
P04626,24,627,92,9.694,1.995,3.981,11.645,7.922,5.286
P04626,24,627,93,9.609,2.363,4.057,11.645,7.922,5.286
P04626,24,627,94,9.333,2.614,3.962,11.645,7.922,5.286
P04626,24,627,95,9.308,2.874,4.246,11.645,7.922,5.286
P04626,24,627,96,9.248,3.2,4.05,11.645,7.922,5.286
P04626,24,627,97,9.503,3.395,4.266,11.645,7.922,5.286
P04626,24,627,98,9.266,3.701,4.297,11.645,7.922,5.286
P04626,24,627,99,9.184,3.736,3.921,11.645,7.922,5.286
P04626,24,627,100,9.299,4.095,3.833,11.645,7.922,5.286
P04626,24,627,101,9.153,4.158,3.488,11.645,7.922,5.286
P04626,24,627,102,9.021,3.976,3.18,11.645,7.922,5.286
P04626,24,627,103,8.826,4.226,2.965,11.645,7.922,5.286
P04626,24,627,104,8.804,4.012,2.645,11.645,7.922,5.286
P04626,24,627,105,8.455,4.132,2.531,11.645,7.922,5.286
P04626,24,627,106,8.431,3.775,2.394,11.645,7.922,5.286
P04626,24,627,107,8.736,3.575,2.275,11.645,7.922,5.286
P04626,24,627,108,8.816,3.203,2.251,11.645,7.922,5.286
P04626,24,627,109,8.888,3.114,1.882,11.645,7.922,5.286
P04626,24,627,110,8.808,3.489,1.817,11.645,7.922,5.286
P04626,24,627,111,9.167,3.579,1.924,11.645,7.922,5.286
P04626,24,627,112,9.239,3.462,2.284,11.645,7.922,5.286
P04626,24,627,113,9.128,3.613,2.618,11.645,7.922,5.286
P04626,24,627,114,9.324,3.339,2.807,11.645,7.922,5.286
P04626,24,627,115,9.337,2.979,2.674,11.645,7.922,5.286
P04626,24,627,116,9.513,2.695,2.87,11.645,7.922,5.286
P04626,24,627,117,9.492,2.366,2.674,11.645,7.922,5.286
P04626,24,627,118,9.555,1.989,2.719,11.645,7.922,5.286
P04626,24,627,119,9.578,1.995,3.106,11.645,7.922,5.286
P04626,24,627,120,9.729,1.65,3.177,11.645,7.922,5.286
P04626,24,627,121,9.692,1.296,3.032,11.645,7.922,5.286
P04626,24,627,122,9.978,1.15,2.816,11.645,7.922,5.286
P04626,24,627,123,9.999,0.876,3.085,11.645,7.922,5.286
P04626,24,627,124,9.908,0.543,2.911,11.645,7.922,5.286
P04626,24,627,125,10.016,0.353,3.233,11.645,7.922,5.286
P04626,24,627,126,9.655,0.404,3.37,11.645,7.922,5.286
P04626,24,627,127,9.807,0.476,3.714,11.645,7.922,5.286
P04626,24,627,128,10.028,0.206,3.879,11.645,7.922,5.286
P04626,24,627,129,10.408,0.25,3.817,11.645,7.922,5.286
P04626,24,627,130,10.434,0.386,4.18,11.645,7.922,5.286
P04626,24,627,131,10.131,0.619,4.126,11.645,7.922,5.286
P04626,24,627,132,10.085,0.918,4.361,11.645,7.922,5.286
P04626,24,627,133,10.23,1.189,4.125,11.645,7.922,5.286
P04626,24,627,134,10.098,1.267,3.771,11.645,7.922,5.286
P04626,24,627,135,9.769,1.451,3.711,11.645,7.922,5.286
P04626,24,627,136,9.75,1.776,3.51,11.645,7.922,5.286
P04626,24,627,137,9.802,2.146,3.586,11.645,7.922,5.286
P04626,24,627,138,10.134,2.234,3.762,11.645,7.922,5.286
P04626,24,627,139,10.114,2.613,3.808,11.645,7.922,5.286
P04626,24,627,140,9.875,2.888,3.687,11.645,7.922,5.286
P04626,24,627,141,9.919,3.103,4.006,11.645,7.922,5.286
P04626,24,627,142,9.752,3.412,3.838,11.645,7.922,5.286
P04626,24,627,143,9.952,3.639,4.08,11.645,7.922,5.286
P04626,24,627,144,9.695,3.925,4.068,11.645,7.922,5.286
P04626,24,627,145,9.649,3.916,3.683,11.645,7.922,5.286
P04626,24,627,146,9.791,4.251,3.568,11.645,7.922,5.286
P04626,24,627,147,9.539,4.345,3.292,11.645,7.922,5.286
P04626,24,627,148,9.407,4.196,2.963,11.645,7.922,5.286
P04626,24,627,149,9.212,4.471,2.778,11.645,7.922,5.286
P04626,24,627,150,9.149,4.28,2.448,11.645,7.922,5.286
P04626,24,627,151,9.273,3.942,2.312,11.645,7.922,5.286
P04626,24,627,152,9.585,3.722,2.328,11.645,7.922,5.286
P04626,24,627,153,9.716,3.422,2.527,11.645,7.922,5.286
P04626,24,627,154,9.715,3.056,2.413,11.645,7.922,5.286
P04626,24,627,155,9.895,2.786,2.622,11.645,7.922,5.286
P04626,24,627,156,9.935,2.437,2.464,11.645,7.922,5.286
P04626,24,627,157,9.999,2.07,2.567,11.645,7.922,5.286
P04626,24,627,158,10.03,2.12,2.948,11.645,7.922,5.286
P04626,24,627,159,10.304,1.859,3.032,11.645,7.922,5.286
P04626,24,627,160,10.313,1.938,3.411,11.645,7.922,5.286
P04626,24,627,161,10.292,2.322,3.376,11.645,7.922,5.286
P04626,24,627,162,10.572,2.548,3.502,11.645,7.922,5.286
P04626,24,627,163,10.651,2.924,3.479,11.645,7.922,5.286
P04626,24,627,164,10.423,3.014,3.177,11.645,7.922,5.286
P04626,24,627,165,10.738,3.128,2.984,11.645,7.922,5.286
P04626,24,627,166,10.877,3.345,3.272,11.645,7.922,5.286
P04626,24,627,167,10.576,3.585,3.256,11.645,7.922,5.286
P04626,24,627,168,10.613,3.928,3.091,11.645,7.922,5.286
P04626,24,627,169,10.28,3.916,2.896,11.645,7.922,5.286
P04626,24,627,170,10.351,4.265,2.745,11.645,7.922,5.286
P04626,24,627,171,10.305,4.41,3.1,11.645,7.922,5.286
P04626,24,627,172,9.967,4.231,3.133,11.645,7.922,5.286
P04626,24,627,173,9.823,4.335,2.792,11.645,7.922,5.286
P04626,24,627,174,9.661,4.682,2.786,11.645,7.922,5.286
P04626,24,627,175,9.823,4.969,2.586,11.645,7.922,5.286
P04626,24,627,176,9.549,4.945,2.318,11.645,7.922,5.286
P04626,24,627,177,9.514,4.56,2.3,11.645,7.922,5.286
P04626,24,627,178,9.522,4.507,1.918,11.645,7.922,5.286
P04626,24,627,179,9.515,4.12,1.955,11.645,7.922,5.286
P04626,24,627,180,9.818,4.088,2.196,11.645,7.922,5.286
P04626,24,627,181,9.927,3.746,2.048,11.645,7.922,5.286
P04626,24,627,182,10.116,3.483,2.258,11.645,7.922,5.286
P04626,24,627,183,10.132,3.113,2.155,11.645,7.922,5.286
P04626,24,627,184,10.301,2.934,2.451,11.645,7.922,5.286
P04626,24,627,185,10.413,2.57,2.459,11.645,7.922,5.286
P04626,24,627,186,10.704,2.485,2.694,11.645,7.922,5.286
P04626,24,627,187,10.724,2.106,2.632,11.645,7.922,5.286
P04626,24,627,188,10.724,1.955,2.985,11.645,7.922,5.286
P04626,24,627,189,10.75,1.61,3.144,11.645,7.922,5.286
P04626,24,627,190,10.851,1.791,3.472,11.645,7.922,5.286
P04626,24,627,191,11.168,1.99,3.548,11.645,7.922,5.286
P04626,24,627,192,11.066,2.33,3.697,11.645,7.922,5.286
P04626,24,627,193,11.236,2.491,3.999,11.645,7.922,5.286
P04626,24,627,194,11.369,2.85,3.946,11.645,7.922,5.286
P04626,24,627,195,11.148,3.144,4.056,11.645,7.922,5.286
P04626,24,627,196,11.206,3.266,4.415,11.645,7.922,5.286
P04626,24,627,197,11.521,3.495,4.445,11.645,7.922,5.286
P04626,24,627,198,11.277,3.767,4.567,11.645,7.922,5.286
P04626,24,627,199,11.125,3.788,4.213,11.645,7.922,5.286
P04626,24,627,200,11.327,4.067,4.042,11.645,7.922,5.286
P04626,24,627,201,11.399,3.959,3.682,11.645,7.922,5.286
P04626,24,627,202,11.306,3.588,3.747,11.645,7.922,5.286
P04626,24,627,203,10.931,3.626,3.662,11.645,7.922,5.286
P04626,24,627,204,10.675,3.427,3.864,11.645,7.922,5.286
P04626,24,627,205,10.345,3.232,3.844,11.645,7.922,5.286
P04626,24,627,206,10.469,2.956,4.084,11.645,7.922,5.286
P04626,24,627,207,10.751,2.844,4.323,11.645,7.922,5.286
P04626,24,627,208,10.645,3.095,4.6,11.645,7.922,5.286
P04626,24,627,209,10.78,3.442,4.687,11.645,7.922,5.286
P04626,24,627,210,10.407,3.545,4.673,11.645,7.922,5.286
P04626,24,627,211,10.386,3.438,4.303,11.645,7.922,5.286
P04626,24,627,212,10.638,3.699,4.175,11.645,7.922,5.286
P04626,24,627,213,10.492,3.888,3.874,11.645,7.922,5.286
P04626,24,627,214,10.383,4.241,3.981,11.645,7.922,5.286
P04626,24,627,215,10.474,4.489,3.702,11.645,7.922,5.286
P04626,24,627,216,10.229,4.783,3.654,11.645,7.922,5.286
P04626,24,627,217,10.285,4.897,3.286,11.645,7.922,5.286
P04626,24,627,218,10.645,4.834,3.163,11.645,7.922,5.286
P04626,24,627,219,10.809,4.978,3.481,11.645,7.922,5.286
P04626,24,627,220,10.622,5.314,3.461,11.645,7.922,5.286
P04626,24,627,221,10.737,5.669,3.393,11.645,7.922,5.286
P04626,24,627,222,10.67,5.806,3.04,11.645,7.922,5.286
P04626,24,627,223,10.309,5.926,2.981,11.645,7.922,5.286
P04626,24,627,224,10.144,5.686,3.233,11.645,7.922,5.286
P04626,24,627,225,9.915,5.398,3.122,11.645,7.922,5.286
P04626,24,627,226,9.952,5.215,3.46,11.645,7.922,5.286
P04626,24,627,227,10.157,5.267,3.78,11.645,7.922,5.286
P04626,24,627,228,10.233,5.133,4.132,11.645,7.922,5.286
P04626,24,627,229,10.61,5.2,4.083,11.645,7.922,5.286
P04626,24,627,230,10.882,5.364,3.866,11.645,7.922,5.286
P04626,24,627,231,10.834,5.731,3.975,11.645,7.922,5.286
P04626,24,627,232,10.594,5.98,3.8,11.645,7.922,5.286
P04626,24,627,233,10.429,6.009,4.149,11.645,7.922,5.286
P04626,24,627,234,10.344,5.634,4.136,11.645,7.922,5.286
P04626,24,627,235,10.127,5.677,3.821,11.645,7.922,5.286
P04626,24,627,236,9.765,5.561,3.842,11.645,7.922,5.286
P04626,24,627,237,9.452,5.75,3.738,11.645,7.922,5.286
P04626,24,627,238,9.373,5.714,3.363,11.645,7.922,5.286
P04626,24,627,239,9.054,5.518,3.456,11.645,7.922,5.286
P04626,24,627,240,9.263,5.25,3.641,11.645,7.922,5.286
P04626,24,627,241,9.315,4.917,3.456,11.645,7.922,5.286
P04626,24,627,242,9.482,4.656,3.689,11.645,7.922,5.286
P04626,24,627,243,9.705,4.926,3.855,11.645,7.922,5.286
P04626,24,627,244,9.636,5.126,4.175,11.645,7.922,5.286
P04626,24,627,245,9.694,5.178,4.551,11.645,7.922,5.286
P04626,24,627,246,9.728,5.56,4.494,11.645,7.922,5.286
P04626,24,627,247,9.685,5.828,4.218,11.645,7.922,5.286
P04626,24,627,248,9.302,5.887,4.243,11.645,7.922,5.286
P04626,24,627,249,9.017,5.723,4.046,11.645,7.922,5.286
P04626,24,627,250,8.905,5.588,4.391,11.645,7.922,5.286
P04626,24,627,251,9.242,5.413,4.438,11.645,7.922,5.286
P04626,24,627,252,9.228,5.179,4.129,11.645,7.922,5.286
P04626,24,627,253,9.256,4.795,4.157,11.645,7.922,5.286
P04626,24,627,254,9.005,4.756,3.868,11.645,7.922,5.286
P04626,24,627,255,8.82,5.019,3.655,11.645,7.922,5.286
P04626,24,627,256,8.898,5.056,3.281,11.645,7.922,5.286
P04626,24,627,257,8.531,5.135,3.196,11.645,7.922,5.286
P04626,24,627,258,8.281,5.167,3.487,11.645,7.922,5.286
P04626,24,627,259,8.289,5.123,3.866,11.645,7.922,5.286
P04626,24,627,260,8.061,5.387,4.024,11.645,7.922,5.286
P04626,24,627,261,8.045,5.271,4.391,11.645,7.922,5.286
P04626,24,627,262,8.43,5.245,4.427,11.645,7.922,5.286
P04626,24,627,263,8.508,5.54,4.189,11.645,7.922,5.286
P04626,24,627,264,8.635,5.451,3.838,11.645,7.922,5.286
P04626,24,627,265,8.45,5.66,3.573,11.645,7.922,5.286
P04626,24,627,266,8.442,5.666,3.191,11.645,7.922,5.286
P04626,24,627,267,8.055,5.676,3.189,11.645,7.922,5.286
P04626,24,627,268,7.788,5.618,3.455,11.645,7.922,5.286
P04626,24,627,269,7.579,5.924,3.57,11.645,7.922,5.286
P04626,24,627,270,7.312,5.989,3.302,11.645,7.922,5.286
P04626,24,627,271,6.942,5.917,3.387,11.645,7.922,5.286
P04626,24,627,272,6.847,6.271,3.27,11.645,7.922,5.286
P04626,24,627,273,7.005,6.607,3.359,11.645,7.922,5.286
P04626,24,627,274,6.958,6.935,3.171,11.645,7.922,5.286
P04626,24,627,275,6.801,7.215,3.379,11.645,7.922,5.286
P04626,24,627,276,6.974,7.544,3.282,11.645,7.922,5.286
P04626,24,627,277,6.687,7.747,3.438,11.645,7.922,5.286
P04626,24,627,278,6.388,7.571,3.264,11.645,7.922,5.286
P04626,24,627,279,6.567,7.449,2.943,11.645,7.922,5.286
P04626,24,627,280,6.408,7.101,3.005,11.645,7.922,5.286
P04626,24,627,281,6.55,6.749,3.056,11.645,7.922,5.286
P04626,24,627,282,6.471,6.646,3.417,11.645,7.922,5.286
P04626,24,627,283,6.511,6.295,3.572,11.645,7.922,5.286
P04626,24,627,284,6.851,6.284,3.75,11.645,7.922,5.286
P04626,24,627,285,6.823,6.146,4.112,11.645,7.922,5.286
P04626,24,627,286,7.195,6.053,4.086,11.645,7.922,5.286
P04626,24,627,287,7.136,5.873,3.75,11.645,7.922,5.286
P04626,24,627,288,7.264,5.51,3.724,11.645,7.922,5.286
P04626,24,627,289,7.229,5.228,3.471,11.645,7.922,5.286
P04626,24,627,290,7.536,5.06,3.315,11.645,7.922,5.286
P04626,24,627,291,7.562,4.688,3.406,11.645,7.922,5.286
P04626,24,627,292,7.881,4.519,3.28,11.645,7.922,5.286
P04626,24,627,293,8.177,4.727,3.411,11.645,7.922,5.286
P04626,24,627,294,7.959,4.881,3.696,11.645,7.922,5.286
P04626,24,627,295,7.705,5.162,3.764,11.645,7.922,5.286
P04626,24,627,296,7.38,5.04,3.933,11.645,7.922,5.286
P04626,24,627,297,7.068,5.225,4.067,11.645,7.922,5.286
P04626,24,627,298,6.835,4.972,3.897,11.645,7.922,5.286
P04626,24,627,299,6.895,4.689,3.649,11.645,7.922,5.286
P04626,24,627,300,6.926,4.343,3.812,11.645,7.922,5.286
P04626,24,627,301,6.63,4.105,3.794,11.645,7.922,5.286
P04626,24,627,302,6.571,3.946,3.446,11.645,7.922,5.286
P04626,24,627,303,6.763,4.233,3.269,11.645,7.922,5.286
P04626,24,627,304,6.584,4.498,3.059,11.645,7.922,5.286
P04626,24,627,305,6.628,4.87,3.138,11.645,7.922,5.286
P04626,24,627,306,6.676,5.101,2.833,11.645,7.922,5.286
P04626,24,627,307,6.605,5.477,2.792,11.645,7.922,5.286
P04626,24,627,308,6.986,5.521,2.73,11.645,7.922,5.286
P04626,24,627,309,7.067,5.404,3.088,11.645,7.922,5.286
P04626,24,627,310,7.178,5.044,3.011,11.645,7.922,5.286
P04626,24,627,311,7.093,4.695,3.14,11.645,7.922,5.286
P04626,24,627,312,7.06,4.458,2.838,11.645,7.922,5.286
P04626,24,627,313,6.905,4.113,2.769,11.645,7.922,5.286
P04626,24,627,314,6.737,4.209,2.434,11.645,7.922,5.286
P04626,24,627,315,6.568,4.54,2.349,11.645,7.922,5.286
P04626,24,627,316,6.74,4.773,2.095,11.645,7.922,5.286
P04626,24,627,317,6.611,4.767,1.735,11.645,7.922,5.286
P04626,24,627,318,6.271,4.952,1.711,11.645,7.922,5.286
P04626,24,627,319,6.195,4.905,2.087,11.645,7.922,5.286
P04626,24,627,320,5.942,4.67,2.256,11.645,7.922,5.286
P04626,24,627,321,5.967,4.48,2.588,11.645,7.922,5.286
P04626,24,627,322,5.716,4.631,2.836,11.645,7.922,5.286
P04626,24,627,323,5.655,4.512,3.196,11.645,7.922,5.286
P04626,24,627,324,5.575,4.777,3.46,11.645,7.922,5.286
P04626,24,627,325,5.326,4.725,3.751,11.645,7.922,5.286
P04626,24,627,326,5.633,4.671,3.982,11.645,7.922,5.286
P04626,24,627,327,5.747,4.374,3.76,11.645,7.922,5.286
P04626,24,627,328,6.045,4.568,3.607,11.645,7.922,5.286
P04626,24,627,329,6.103,4.496,3.236,11.645,7.922,5.286
P04626,24,627,330,6.188,4.798,3.012,11.645,7.922,5.286
P04626,24,627,331,6.263,4.875,2.646,11.645,7.922,5.286
P04626,24,627,332,6.026,5.147,2.515,11.645,7.922,5.286
P04626,24,627,333,6.049,5.289,2.158,11.645,7.922,5.286
P04626,24,627,334,5.762,5.155,1.944,11.645,7.922,5.286
P04626,24,627,335,5.515,5.452,1.897,11.645,7.922,5.286
P04626,24,627,336,5.403,5.263,1.577,11.645,7.922,5.286
P04626,24,627,337,5.58,4.997,1.363,11.645,7.922,5.286
P04626,24,627,338,5.668,4.732,1.627,11.645,7.922,5.286
P04626,24,627,339,5.427,4.437,1.65,11.645,7.922,5.286
P04626,24,627,340,5.571,4.125,1.48,11.645,7.922,5.286
P04626,24,627,341,5.724,3.901,1.75,11.645,7.922,5.286
P04626,24,627,342,5.792,3.527,1.735,11.645,7.922,5.286
P04626,24,627,343,6.169,3.467,1.725,11.645,7.922,5.286
P04626,24,627,344,6.322,3.148,1.871,11.645,7.922,5.286
P04626,24,627,345,6.639,2.957,1.78,11.645,7.922,5.286
P04626,24,627,346,6.954,3.175,1.782,11.645,7.922,5.286
P04626,24,627,347,6.76,3.495,1.681,11.645,7.922,5.286
P04626,24,627,348,6.713,3.682,1.346,11.645,7.922,5.286
P04626,24,627,349,6.622,3.436,1.061,11.645,7.922,5.286
P04626,24,627,350,6.663,3.138,1.306,11.645,7.922,5.286
P04626,24,627,351,7.019,3.251,1.413,11.645,7.922,5.286
P04626,24,627,352,7.202,2.948,1.26,11.645,7.922,5.286
P04626,24,627,353,6.91,2.702,1.321,11.645,7.922,5.286
P04626,24,627,354,6.99,2.445,1.597,11.645,7.922,5.286
P04626,24,627,355,6.648,2.269,1.626,11.645,7.922,5.286
P04626,24,627,356,6.269,2.296,1.591,11.645,7.922,5.286
P04626,24,627,357,6.186,2.084,1.279,11.645,7.922,5.286
P04626,24,627,358,5.902,2.026,1.025,11.645,7.922,5.286
P04626,24,627,359,6.049,2.318,0.819,11.645,7.922,5.286
P04626,24,627,360,6.022,2.591,1.093,11.645,7.922,5.286
P04626,24,627,361,5.744,2.461,1.332,11.645,7.922,5.286
P04626,24,627,362,5.474,2.676,1.157,11.645,7.922,5.286
P04626,24,627,363,5.659,3.002,1.251,11.645,7.922,5.286
P04626,24,627,364,5.554,2.938,1.616,11.645,7.922,5.286
P04626,24,627,365,5.176,2.927,1.535,11.645,7.922,5.286
P04626,24,627,366,4.97,3.134,1.787,11.645,7.922,5.286
P04626,24,627,367,5.285,3.262,1.966,11.645,7.922,5.286
P04626,24,627,368,5.228,3.366,2.333,11.645,7.922,5.286
P04626,24,627,369,5.597,3.47,2.378,11.645,7.922,5.286
P04626,24,627,370,5.917,3.342,2.208,11.645,7.922,5.286
P04626,24,627,371,6.209,3.587,2.172,11.645,7.922,5.286
P04626,24,627,372,6.495,3.33,2.173,11.645,7.922,5.286
P04626,24,627,373,6.526,2.958,2.264,11.645,7.922,5.286
P04626,24,627,374,6.353,2.627,2.178,11.645,7.922,5.286
P04626,24,627,375,6.554,2.307,2.114,11.645,7.922,5.286
P04626,24,627,376,6.426,1.954,2.028,11.645,7.922,5.286
P04626,24,627,377,6.692,1.716,1.89,11.645,7.922,5.286
P04626,24,627,378,6.677,1.355,1.748,11.645,7.922,5.286
P04626,24,627,379,6.686,1.509,1.392,11.645,7.922,5.286
P04626,24,627,380,6.358,1.692,1.479,11.645,7.922,5.286
P04626,24,627,381,6.175,1.354,1.491,11.645,7.922,5.286
P04626,24,627,382,6.404,1.132,1.274,11.645,7.922,5.286
P04626,24,627,383,6.403,1.405,1.004,11.645,7.922,5.286
P04626,24,627,384,6.709,1.507,0.798,11.645,7.922,5.286
P04626,24,627,385,6.73,1.359,0.443,11.645,7.922,5.286
P04626,24,627,386,7.028,1.591,0.36,11.645,7.922,5.286
P04626,24,627,387,6.83,1.917,0.416,11.645,7.922,5.286
P04626,24,627,388,6.514,1.741,0.277,11.645,7.922,5.286
P04626,24,627,389,6.351,1.807,0.621,11.645,7.922,5.286
P04626,24,627,390,6.07,1.564,0.707,11.645,7.922,5.286
P04626,24,627,391,6.01,1.395,1.049,11.645,7.922,5.286
P04626,24,627,392,5.826,1.64,1.282,11.645,7.922,5.286
P04626,24,627,393,5.488,1.476,1.357,11.645,7.922,5.286
P04626,24,627,394,5.379,1.469,1.73,11.645,7.922,5.286
P04626,24,627,395,5.049,1.65,1.645,11.645,7.922,5.286
P04626,24,627,396,5.245,1.953,1.51,11.645,7.922,5.286
P04626,24,627,397,5.388,2.011,1.863,11.645,7.922,5.286
P04626,24,627,398,5.039,2.142,1.97,11.645,7.922,5.286
P04626,24,627,399,5.147,2.47,1.799,11.645,7.922,5.286
P04626,24,627,400,5.309,2.548,2.14,11.645,7.922,5.286
P04626,24,627,401,4.978,2.511,2.341,11.645,7.922,5.286
P04626,24,627,402,4.943,2.897,2.328,11.645,7.922,5.286
P04626,24,627,403,5.3,2.955,2.461,11.645,7.922,5.286
P04626,24,627,404,5.326,3.145,2.795,11.645,7.922,5.286
P04626,24,627,405,5.687,3.29,2.796,11.645,7.922,5.286
P04626,24,627,406,6.033,3.191,2.654,11.645,7.922,5.286
P04626,24,627,407,6.311,3.461,2.679,11.645,7.922,5.286
P04626,24,627,408,6.598,3.213,2.61,11.645,7.922,5.286
P04626,24,627,409,6.614,2.844,2.715,11.645,7.922,5.286
P04626,24,627,410,6.417,2.519,2.663,11.645,7.922,5.286
P04626,24,627,411,6.632,2.218,2.553,11.645,7.922,5.286
P04626,24,627,412,6.478,1.87,2.495,11.645,7.922,5.286
P04626,24,627,413,6.707,1.579,2.395,11.645,7.922,5.286
P04626,24,627,414,6.442,1.385,2.2,11.645,7.922,5.286
P04626,24,627,415,6.061,1.362,2.244,11.645,7.922,5.286
P04626,24,627,416,5.793,1.131,2.089,11.645,7.922,5.286
P04626,24,627,417,5.751,0.813,2.305,11.645,7.922,5.286
P04626,24,627,418,5.374,0.836,2.228,11.645,7.922,5.286
P04626,24,627,419,5.361,1.145,2.459,11.645,7.922,5.286
P04626,24,627,420,5.396,1.052,2.834,11.645,7.922,5.286
P04626,24,627,421,5.484,1.416,2.928,11.645,7.922,5.286
P04626,24,627,422,5.555,1.775,2.808,11.645,7.922,5.286
P04626,24,627,423,5.181,1.882,2.821,11.645,7.922,5.286
P04626,24,627,424,5.253,2.057,2.485,11.645,7.922,5.286
P04626,24,627,425,5.406,2.328,2.715,11.645,7.922,5.286
P04626,24,627,426,5.125,2.302,2.982,11.645,7.922,5.286
P04626,24,627,427,5.06,2.683,2.953,11.645,7.922,5.286
P04626,24,627,428,5.432,2.785,2.974,11.645,7.922,5.286
P04626,24,627,429,5.449,3.021,3.276,11.645,7.922,5.286
P04626,24,627,430,5.805,3.164,3.252,11.645,7.922,5.286
P04626,24,627,431,6.142,3.066,3.105,11.645,7.922,5.286
P04626,24,627,432,6.356,3.383,3.146,11.645,7.922,5.286
P04626,24,627,433,6.694,3.215,3.07,11.645,7.922,5.286
P04626,24,627,434,6.85,3.535,2.922,11.645,7.922,5.286
P04626,24,627,435,7.007,3.303,2.662,11.645,7.922,5.286
P04626,24,627,436,7.134,2.979,2.826,11.645,7.922,5.286
P04626,24,627,437,7.213,2.636,2.678,11.645,7.922,5.286
P04626,24,627,438,7.595,2.593,2.7,11.645,7.922,5.286
P04626,24,627,439,7.581,2.934,2.885,11.645,7.922,5.286
P04626,24,627,440,7.455,2.753,3.204,11.645,7.922,5.286
P04626,24,627,441,7.109,2.591,3.156,11.645,7.922,5.286
P04626,24,627,442,6.762,2.752,3.11,11.645,7.922,5.286
P04626,24,627,443,6.586,2.412,3.12,11.645,7.922,5.286
P04626,24,627,444,6.744,2.084,3.0,11.645,7.922,5.286
P04626,24,627,445,6.563,1.748,2.968,11.645,7.922,5.286
P04626,24,627,446,6.779,1.451,2.862,11.645,7.922,5.286
P04626,24,627,447,6.732,1.094,2.731,11.645,7.922,5.286
P04626,24,627,448,6.347,1.119,2.727,11.645,7.922,5.286
P04626,24,627,449,6.094,0.83,2.758,11.645,7.922,5.286
P04626,24,627,450,5.851,1.061,2.954,11.645,7.922,5.286
P04626,24,627,451,5.685,0.949,3.283,11.645,7.922,5.286
P04626,24,627,452,5.62,1.301,3.43,11.645,7.922,5.286
P04626,24,627,453,5.695,1.667,3.336,11.645,7.922,5.286
P04626,24,627,454,5.338,1.81,3.287,11.645,7.922,5.286
P04626,24,627,455,5.465,2.178,3.306,11.645,7.922,5.286
P04626,24,627,456,5.167,2.275,3.533,11.645,7.922,5.286
P04626,24,627,457,5.172,2.655,3.463,11.645,7.922,5.286
P04626,24,627,458,5.551,2.696,3.515,11.645,7.922,5.286
P04626,24,627,459,5.608,2.947,3.801,11.645,7.922,5.286
P04626,24,627,460,5.949,3.1,3.713,11.645,7.922,5.286
P04626,24,627,461,6.299,3.012,3.59,11.645,7.922,5.286
P04626,24,627,462,6.435,3.37,3.566,11.645,7.922,5.286
P04626,24,627,463,6.803,3.263,3.532,11.645,7.922,5.286
P04626,24,627,464,7.017,2.95,3.459,11.645,7.922,5.286
P04626,24,627,465,7.027,2.601,3.613,11.645,7.922,5.286
P04626,24,627,466,6.778,2.318,3.543,11.645,7.922,5.286
P04626,24,627,467,6.934,1.989,3.414,11.645,7.922,5.286
P04626,24,627,468,6.709,1.676,3.421,11.645,7.922,5.286
P04626,24,627,469,6.907,1.355,3.352,11.645,7.922,5.286
P04626,24,627,470,6.892,1.003,3.193,11.645,7.922,5.286
P04626,24,627,471,6.506,1.002,3.173,11.645,7.922,5.286
P04626,24,627,472,6.446,0.629,3.247,11.645,7.922,5.286
P04626,24,627,473,6.07,0.647,3.327,11.645,7.922,5.286
P04626,24,627,474,6.057,1.003,3.471,11.645,7.922,5.286
P04626,24,627,475,5.89,1.034,3.812,11.645,7.922,5.286
P04626,24,627,476,5.772,1.358,3.989,11.645,7.922,5.286
P04626,24,627,477,6.116,1.537,3.975,11.645,7.922,5.286
P04626,24,627,478,6.143,1.58,4.358,11.645,7.922,5.286
P04626,24,627,479,5.769,1.674,4.392,11.645,7.922,5.286
P04626,24,627,480,5.835,2.002,4.203,11.645,7.922,5.286
P04626,24,627,481,5.928,2.29,4.444,11.645,7.922,5.286
P04626,24,627,482,6.227,2.409,4.232,11.645,7.922,5.286
P04626,24,627,483,6.34,2.669,4.496,11.645,7.922,5.286
P04626,24,627,484,6.008,2.857,4.432,11.645,7.922,5.286
P04626,24,627,485,6.076,2.865,4.052,11.645,7.922,5.286
P04626,24,627,486,6.432,3.001,4.09,11.645,7.922,5.286
P04626,24,627,487,6.506,3.377,4.136,11.645,7.922,5.286
P04626,24,627,488,6.888,3.409,4.164,11.645,7.922,5.286
P04626,24,627,489,7.109,3.227,4.427,11.645,7.922,5.286
P04626,24,627,490,7.332,3.054,4.161,11.645,7.922,5.286
P04626,24,627,491,7.04,2.842,4.024,11.645,7.922,5.286
P04626,24,627,492,6.999,2.474,4.114,11.645,7.922,5.286
P04626,24,627,493,6.831,2.158,3.991,11.645,7.922,5.286
P04626,24,627,494,7.096,1.914,3.866,11.645,7.922,5.286
P04626,24,627,495,6.944,1.564,3.834,11.645,7.922,5.286
P04626,24,627,496,7.089,1.213,3.78,11.645,7.922,5.286
P04626,24,627,497,6.989,0.878,3.616,11.645,7.922,5.286
P04626,24,627,498,6.61,0.945,3.629,11.645,7.922,5.286
P04626,24,627,499,6.372,0.686,3.786,11.645,7.922,5.286
P04626,24,627,500,6.427,0.636,4.167,11.645,7.922,5.286
P04626,24,627,501,6.16,0.815,4.38,11.645,7.922,5.286
P04626,24,627,502,6.101,0.501,4.597,11.645,7.922,5.286
P04626,24,627,503,6.006,0.301,4.279,11.645,7.922,5.286
P04626,24,627,504,5.768,0.579,4.162,11.645,7.922,5.286
P04626,24,627,505,5.59,0.581,4.503,11.645,7.922,5.286
P04626,24,627,506,5.601,0.194,4.499,11.645,7.922,5.286
P04626,24,627,507,5.391,0.196,4.174,11.645,7.922,5.286
P04626,24,627,508,5.152,0.464,4.318,11.645,7.922,5.286
P04626,24,627,509,5.306,0.746,4.104,11.645,7.922,5.286
P04626,24,627,510,5.262,1.011,4.378,11.645,7.922,5.286
P04626,24,627,511,5.097,1.357,4.395,11.645,7.922,5.286
P04626,24,627,512,4.717,1.379,4.421,11.645,7.922,5.286
P04626,24,627,513,4.582,1.418,4.781,11.645,7.922,5.286
P04626,24,627,514,4.446,1.767,4.686,11.645,7.922,5.286
P04626,24,627,515,4.801,1.891,4.597,11.645,7.922,5.286
P04626,24,627,516,4.919,2.128,4.874,11.645,7.922,5.286
P04626,24,627,517,5.234,1.997,5.055,11.645,7.922,5.286
P04626,24,627,518,5.257,1.708,4.801,11.645,7.922,5.286
P04626,24,627,519,5.378,1.949,4.526,11.645,7.922,5.286
P04626,24,627,520,5.291,1.847,4.165,11.645,7.922,5.286
P04626,24,627,521,5.418,1.811,3.802,11.645,7.922,5.286
P04626,24,627,522,5.259,1.465,3.746,11.645,7.922,5.286
P04626,24,627,523,4.958,1.245,3.842,11.645,7.922,5.286
P04626,24,627,524,4.605,1.378,3.917,11.645,7.922,5.286
P04626,24,627,525,4.434,1.699,4.047,11.645,7.922,5.286
P04626,24,627,526,4.53,1.905,3.732,11.645,7.922,5.286
P04626,24,627,527,4.91,1.877,3.796,11.645,7.922,5.286
P04626,24,627,528,4.918,2.029,4.151,11.645,7.922,5.286
P04626,24,627,529,5.14,2.341,4.199,11.645,7.922,5.286
P04626,24,627,530,4.879,2.465,4.453,11.645,7.922,5.286
P04626,24,627,531,4.548,2.318,4.577,11.645,7.922,5.286
P04626,24,627,532,4.502,2.222,4.945,11.645,7.922,5.286
P04626,24,627,533,4.132,2.332,4.919,11.645,7.922,5.286
P04626,24,627,534,3.989,2.493,4.598,11.645,7.922,5.286
P04626,24,627,535,4.07,2.522,4.223,11.645,7.922,5.286
P04626,24,627,536,3.794,2.479,3.956,11.645,7.922,5.286
P04626,24,627,537,3.948,2.615,3.633,11.645,7.922,5.286
P04626,24,627,538,4.274,2.41,3.631,11.645,7.922,5.286
P04626,24,627,539,4.163,2.116,3.857,11.645,7.922,5.286
P04626,24,627,540,4.203,2.09,4.238,11.645,7.922,5.286
P04626,24,627,541,3.867,2.006,4.404,11.645,7.922,5.286
P04626,24,627,542,3.738,1.938,4.759,11.645,7.922,5.286
P04626,24,627,543,3.44,2.181,4.731,11.645,7.922,5.286
P04626,24,627,544,3.3,2.461,4.511,11.645,7.922,5.286
P04626,24,627,545,2.932,2.439,4.384,11.645,7.922,5.286
P04626,24,627,546,2.814,2.707,4.635,11.645,7.922,5.286
P04626,24,627,547,2.518,2.521,4.798,11.645,7.922,5.286
P04626,24,627,548,2.477,2.228,4.551,11.645,7.922,5.286
P04626,24,627,549,2.576,2.148,4.187,11.645,7.922,5.286
P04626,24,627,550,2.543,2.308,3.84,11.645,7.922,5.286
P04626,24,627,551,2.668,2.559,3.732,11.645,7.922,5.286
P04626,24,627,552,2.645,2.74,4.069,11.645,7.922,5.286
P04626,24,627,553,2.975,2.885,4.192,11.645,7.922,5.286
P04626,24,627,554,3.117,3.146,4.432,11.645,7.922,5.286
P04626,24,627,555,3.463,3.142,4.599,11.645,7.922,5.286
P04626,24,627,556,3.729,3.407,4.524,11.645,7.922,5.286
P04626,24,627,557,4.095,3.361,4.638,11.645,7.922,5.286
P04626,24,627,558,4.034,2.975,4.659,11.645,7.922,5.286
P04626,24,627,559,3.904,2.964,4.296,11.645,7.922,5.286
P04626,24,627,560,3.559,2.818,4.218,11.645,7.922,5.286
P04626,24,627,561,3.412,3.08,3.977,11.645,7.922,5.286
P04626,24,627,562,3.067,3.05,3.806,11.645,7.922,5.286
P04626,24,627,563,2.771,3.269,3.907,11.645,7.922,5.286
P04626,24,627,564,2.61,3.488,3.637,11.645,7.922,5.286
P04626,24,627,565,2.364,3.278,3.419,11.645,7.922,5.286
P04626,24,627,566,2.073,3.496,3.546,11.645,7.922,5.286
P04626,24,627,567,2.136,3.388,3.912,11.645,7.922,5.286
P04626,24,627,568,1.853,3.153,4.025,11.645,7.922,5.286
P04626,24,627,569,2.002,2.835,4.192,11.645,7.922,5.286
P04626,24,627,570,1.933,2.861,4.57,11.645,7.922,5.286
P04626,24,627,571,1.875,2.509,4.715,11.645,7.922,5.286
P04626,24,627,572,2.045,2.487,5.06,11.645,7.922,5.286
P04626,24,627,573,2.186,2.847,5.032,11.645,7.922,5.286
P04626,24,627,574,2.446,3.056,4.841,11.645,7.922,5.286
P04626,24,627,575,2.337,3.155,4.483,11.645,7.922,5.286
P04626,24,627,576,2.566,3.456,4.417,11.645,7.922,5.286
P04626,24,627,577,2.836,3.665,4.593,11.645,7.922,5.286
P04626,24,627,578,3.041,3.726,4.272,11.645,7.922,5.286
P04626,24,627,579,3.043,3.711,3.886,11.645,7.922,5.286
P04626,24,627,580,2.808,4.005,3.805,11.645,7.922,5.286
P04626,24,627,581,2.428,4.002,3.753,11.645,7.922,5.286
P04626,24,627,582,2.367,4.24,4.053,11.645,7.922,5.286
P04626,24,627,583,2.551,3.991,4.286,11.645,7.922,5.286
P04626,24,627,584,2.281,3.721,4.24,11.645,7.922,5.286
P04626,24,627,585,2.074,3.637,4.554,11.645,7.922,5.286
P04626,24,627,586,1.767,3.607,4.325,11.645,7.922,5.286
P04626,24,627,587,1.71,3.655,3.948,11.645,7.922,5.286
P04626,24,627,588,1.619,3.356,3.724,11.645,7.922,5.286
P04626,24,627,589,1.393,3.569,3.493,11.645,7.922,5.286
P04626,24,627,590,1.354,3.948,3.556,11.645,7.922,5.286
P04626,24,627,591,1.519,4.233,3.756,11.645,7.922,5.286
P04626,24,627,592,1.628,4.562,3.595,11.645,7.922,5.286
P04626,24,627,593,1.775,4.747,3.899,11.645,7.922,5.286
P04626,24,627,594,2.05,4.681,3.998,11.645,7.922,5.286
P04626,24,627,595,2.097,4.375,3.765,11.645,7.922,5.286
P04626,24,627,596,1.925,4.041,3.689,11.645,7.922,5.286
P04626,24,627,597,1.817,4.02,3.318,11.645,7.922,5.286
P04626,24,627,598,1.672,3.756,3.08,11.645,7.922,5.286
P04626,24,627,599,1.422,4.019,2.943,11.645,7.922,5.286
P04626,24,627,600,1.322,4.378,3.032,11.645,7.922,5.286
P04626,24,627,601,1.479,4.658,2.812,11.645,7.922,5.286
P04626,24,627,602,1.264,4.692,2.495,11.645,7.922,5.286
P04626,24,627,603,1.371,4.955,2.236,11.645,7.922,5.286
P04626,24,627,604,1.74,4.966,2.349,11.645,7.922,5.286
P04626,24,627,605,1.918,5.301,2.287,11.645,7.922,5.286
P04626,24,627,606,2.149,5.399,2.583,11.645,7.922,5.286
P04626,24,627,607,2.348,5.621,2.341,11.645,7.922,5.286
P04626,24,627,608,2.346,5.714,1.966,11.645,7.922,5.286
P04626,24,627,609,2.153,6.032,2.077,11.645,7.922,5.286
P04626,24,627,610,1.905,5.895,2.338,11.645,7.922,5.286
P04626,24,627,611,1.534,5.794,2.332,11.645,7.922,5.286
P04626,24,627,612,1.478,5.412,2.32,11.645,7.922,5.286
P04626,24,627,613,1.415,5.272,2.671,11.645,7.922,5.286
P04626,24,627,614,1.095,5.066,2.692,11.645,7.922,5.286
P04626,24,627,615,1.034,4.858,3.007,11.645,7.922,5.286
P04626,24,627,616,0.783,4.583,3.092,11.645,7.922,5.286
P04626,24,627,617,0.795,4.326,3.377,11.645,7.922,5.286
P04626,24,627,618,0.55,4.372,3.666,11.645,7.922,5.286
P04626,24,627,619,0.388,4.072,3.848,11.645,7.922,5.286
P04626,24,627,620,0.696,4.075,4.081,11.645,7.922,5.286
P04626,24,627,621,0.928,4.041,3.772,11.645,7.922,5.286
P04626,24,627,622,1.084,4.391,3.81,11.645,7.922,5.286
P04626,24,627,623,1.139,4.599,3.492,11.645,7.922,5.286
P04626,24,627,624,0.908,4.907,3.511,11.645,7.922,5.286
P04626,24,627,625,0.928,5.196,3.254,11.645,7.922,5.286
P04626,24,627,626,0.65,5.209,2.99,11.645,7.922,5.286
P04626,24,627,627,0.432,5.529,3.003,11.645,7.922,5.286
P07766,34,126,34,2.894,3.266,1.634,4.565,3.626,2.973
P07766,34,126,35,2.628,3.047,1.806,4.565,3.626,2.973
P07766,34,126,36,2.516,2.715,1.652,4.565,3.626,2.973
P07766,34,126,37,2.224,2.773,1.414,4.565,3.626,2.973
P07766,34,126,38,1.946,2.523,1.494,4.565,3.626,2.973
P07766,34,126,39,1.66,2.487,1.241,4.565,3.626,2.973
P07766,34,126,40,1.366,2.259,1.33,4.565,3.626,2.973
P07766,34,126,41,1.118,2.185,1.048,4.565,3.626,2.973
P07766,34,126,42,0.846,1.92,1.095,4.565,3.626,2.973
P07766,34,126,43,1.035,1.595,1.183,4.565,3.626,2.973
P07766,34,126,44,1.38,1.718,1.06,4.565,3.626,2.973
P07766,34,126,45,1.649,1.897,1.267,4.565,3.626,2.973
P07766,34,126,46,1.932,2.086,1.091,4.565,3.626,2.973
P07766,34,126,47,2.239,2.193,1.292,4.565,3.626,2.973
P07766,34,126,48,2.487,2.444,1.141,4.565,3.626,2.973
P07766,34,126,49,2.845,2.464,1.267,4.565,3.626,2.973
P07766,34,126,50,2.928,2.829,1.357,4.565,3.626,2.973
P07766,34,126,51,3.305,2.787,1.314,4.565,3.626,2.973
P07766,34,126,52,3.543,2.701,1.025,4.565,3.626,2.973
P07766,34,126,53,3.382,2.823,0.696,4.565,3.626,2.973
P07766,34,126,54,3.527,2.621,0.402,4.565,3.626,2.973
P07766,34,126,55,3.677,2.334,0.61,4.565,3.626,2.973
P07766,34,126,56,3.549,1.974,0.612,4.565,3.626,2.973
P07766,34,126,57,3.349,1.948,0.939,4.565,3.626,2.973
P07766,34,126,58,3.328,1.637,1.158,4.565,3.626,2.973
P07766,34,126,59,3.038,1.584,1.401,4.565,3.626,2.973
P07766,34,126,60,3.011,1.408,1.736,4.565,3.626,2.973
P07766,34,126,61,2.695,1.323,1.934,4.565,3.626,2.973
P07766,34,126,62,2.73,1.21,2.301,4.565,3.626,2.973
P07766,34,126,63,3.104,1.136,2.243,4.565,3.626,2.973
P07766,34,126,64,3.019,0.915,1.935,4.565,3.626,2.973
P07766,34,126,65,3.127,1.023,1.583,4.565,3.626,2.973
P07766,34,126,66,2.823,1.078,1.353,4.565,3.626,2.973
P07766,34,126,67,2.759,1.19,0.99,4.565,3.626,2.973
P07766,34,126,68,3.002,0.937,0.837,4.565,3.626,2.973
P07766,34,126,69,2.879,0.649,0.613,4.565,3.626,2.973
P07766,34,126,70,2.705,0.504,0.924,4.565,3.626,2.973
P07766,34,126,71,2.407,0.265,0.875,4.565,3.626,2.973
P07766,34,126,72,2.162,0.545,0.972,4.565,3.626,2.973
P07766,34,126,73,2.038,0.703,0.645,4.565,3.626,2.973
P07766,34,126,74,1.851,0.956,0.866,4.565,3.626,2.973
P07766,34,126,75,2.184,1.124,0.965,4.565,3.626,2.973
P07766,34,126,76,2.355,1.326,0.687,4.565,3.626,2.973
P07766,34,126,77,2.657,1.56,0.716,4.565,3.626,2.973
P07766,34,126,78,2.69,1.813,0.43,4.565,3.626,2.973
P07766,34,126,79,2.966,2.081,0.461,4.565,3.626,2.973
P07766,34,126,80,2.881,2.279,0.782,4.565,3.626,2.973
P07766,34,126,81,2.525,2.128,0.808,4.565,3.626,2.973
P07766,34,126,82,2.415,1.818,1.004,4.565,3.626,2.973
P07766,34,126,83,2.072,1.69,0.891,4.565,3.626,2.973
P07766,34,126,84,1.879,1.465,1.135,4.565,3.626,2.973
P07766,34,126,85,1.568,1.32,0.961,4.565,3.626,2.973
P07766,34,126,86,1.286,1.169,1.174,4.565,3.626,2.973
P07766,34,126,87,1.425,1.324,1.493,4.565,3.626,2.973
P07766,34,126,88,1.382,1.116,1.815,4.565,3.626,2.973
P07766,34,126,89,1.378,1.302,2.154,4.565,3.626,2.973
P07766,34,126,90,1.493,0.978,2.325,4.565,3.626,2.973
P07766,34,126,91,1.784,0.88,2.095,4.565,3.626,2.973
P07766,34,126,92,1.91,1.21,1.943,4.565,3.626,2.973
P07766,34,126,93,1.881,1.444,2.246,4.565,3.626,2.973
P07766,34,126,94,2.229,1.514,2.382,4.565,3.626,2.973
P07766,34,126,95,2.556,1.699,2.333,4.565,3.626,2.973
P07766,34,126,96,2.66,1.79,1.977,4.565,3.626,2.973
P07766,34,126,97,3.001,1.925,1.875,4.565,3.626,2.973
P07766,34,126,98,3.156,2.022,1.541,4.565,3.626,2.973
P07766,34,126,99,3.532,2.045,1.468,4.565,3.626,2.973
P07766,34,126,100,3.741,2.089,1.149,4.565,3.626,2.973
P07766,34,126,101,3.919,1.79,0.992,4.565,3.626,2.973
P07766,34,126,102,4.263,1.76,1.16,4.565,3.626,2.973
P07766,34,126,103,4.145,1.883,1.503,4.565,3.626,2.973
P07766,34,126,104,4.065,1.63,1.775,4.565,3.626,2.973
P07766,34,126,105,3.72,1.609,1.944,4.565,3.626,2.973
P07766,34,126,106,3.904,1.67,2.28,4.565,3.626,2.973
P07766,34,126,107,4.009,2.02,2.157,4.565,3.626,2.973
P07766,34,126,108,3.647,2.12,2.079,4.565,3.626,2.973
P07766,34,126,109,3.533,2.362,2.353,4.565,3.626,2.973
P07766,34,126,110,3.2,2.465,2.191,4.565,3.626,2.973
P07766,34,126,111,2.924,2.212,2.27,4.565,3.626,2.973
P07766,34,126,112,2.554,2.239,2.178,4.565,3.626,2.973
P07766,34,126,113,2.31,2.069,2.416,4.565,3.626,2.973
P07766,34,126,114,2.007,1.98,2.2,4.565,3.626,2.973
P07766,34,126,115,1.675,1.872,2.354,4.565,3.626,2.973
P07766,34,126,116,1.397,1.903,2.097,4.565,3.626,2.973
P07766,34,126,117,1.049,1.757,2.037,4.565,3.626,2.973
P07766,34,126,118,0.952,1.725,1.672,4.565,3.626,2.973
P07766,34,126,119,0.591,1.678,1.554,4.565,3.626,2.973
P07766,34,126,120,0.442,1.599,1.207,4.565,3.626,2.973
P07766,34,126,121,0.25,1.937,1.205,4.565,3.626,2.973
P07766,34,126,122,0.467,2.168,1.419,4.565,3.626,2.973
P07766,34,126,123,0.547,2.477,1.214,4.565,3.626,2.973
P07766,34,126,124,0.771,2.748,1.357,4.565,3.626,2.973
P07766,34,126,125,0.524,3.038,1.352,4.565,3.626,2.973
P07766,34,126,126,0.733,3.355,1.355,4.565,3.626,2.973
P11836,142,188,142,1.97,0.66,1.595,3.659,3.043,2.375
P11836,142,188,143,1.963,0.365,1.349,3.659,3.043,2.375
P11836,142,188,144,1.706,0.393,1.069,3.659,3.043,2.375
P11836,142,188,145,1.501,0.688,0.936,3.659,3.043,2.375
P11836,142,188,146,1.223,0.446,0.821,3.659,3.043,2.375
P11836,142,188,147,0.937,0.662,0.96,3.659,3.043,2.375
P11836,142,188,148,0.95,1.023,0.834,3.659,3.043,2.375
P11836,142,188,149,0.649,1.194,0.994,3.659,3.043,2.375
P11836,142,188,150,0.584,1.546,0.856,3.659,3.043,2.375
P11836,142,188,151,0.582,1.821,1.125,3.659,3.043,2.375
P11836,142,188,152,0.268,2.043,1.147,3.659,3.043,2.375
P11836,142,188,153,0.284,2.332,0.892,3.659,3.043,2.375
P11836,142,188,154,0.307,2.593,1.177,3.659,3.043,2.375
P11836,142,188,155,0.608,2.409,1.337,3.659,3.043,2.375
P11836,142,188,156,0.773,2.353,0.992,3.659,3.043,2.375
P11836,142,188,157,0.741,2.729,0.913,3.659,3.043,2.375
P11836,142,188,158,0.995,2.813,1.192,3.659,3.043,2.375
P11836,142,188,159,1.257,2.544,1.089,3.659,3.043,2.375
P11836,142,188,160,1.209,2.466,0.712,3.659,3.043,2.375
P11836,142,188,161,1.578,2.372,0.641,3.659,3.043,2.375
P11836,142,188,162,1.671,2.152,0.947,3.659,3.043,2.375
P11836,142,188,163,1.655,1.769,0.95,3.659,3.043,2.375
P11836,142,188,164,1.746,1.626,1.298,3.659,3.043,2.375
P11836,142,188,165,1.743,1.271,1.152,3.659,3.043,2.375
P11836,142,188,166,2.053,1.352,0.936,3.659,3.043,2.375
P11836,142,188,167,2.307,1.589,1.101,3.659,3.043,2.375
P11836,142,188,168,2.603,1.484,0.875,3.659,3.043,2.375
P11836,142,188,169,2.699,1.778,0.642,3.659,3.043,2.375
P11836,142,188,170,2.739,1.734,0.263,3.659,3.043,2.375
P11836,142,188,171,3.086,1.903,0.267,3.659,3.043,2.375
P11836,142,188,172,3.36,1.751,0.496,3.659,3.043,2.375
P11836,142,188,173,3.478,2.113,0.566,3.659,3.043,2.375
P11836,142,188,174,3.142,2.188,0.742,3.659,3.043,2.375
P11836,142,188,175,3.186,1.911,1.012,3.659,3.043,2.375
P11836,142,188,176,3.301,2.181,1.26,3.659,3.043,2.375
P11836,142,188,177,3.028,2.433,1.158,3.659,3.043,2.375
P11836,142,188,178,2.795,2.583,1.426,3.659,3.043,2.375
P11836,142,188,179,2.498,2.429,1.232,3.659,3.043,2.375
P11836,142,188,180,2.642,2.072,1.257,3.659,3.043,2.375
P11836,142,188,181,2.703,2.126,1.634,3.659,3.043,2.375
P11836,142,188,182,2.348,2.269,1.677,3.659,3.043,2.375
P11836,142,188,183,2.191,1.967,1.495,3.659,3.043,2.375
P11836,142,188,184,2.377,1.714,1.72,3.659,3.043,2.375
P11836,142,188,185,2.282,1.921,2.033,3.659,3.043,2.375
P11836,142,188,186,1.909,1.915,1.936,3.659,3.043,2.375
P11836,142,188,187,1.932,1.54,1.845,3.659,3.043,2.375
P11836,142,188,188,2.088,1.471,2.192,3.659,3.043,2.375
P15391,22,291,22,0.535,1.556,3.444,8.271,5.938,4.601
P15391,22,291,23,0.748,1.718,3.168,8.271,5.938,4.601
P15391,22,291,24,0.922,2.034,3.295,8.271,5.938,4.601
P15391,22,291,25,0.756,2.312,3.09,8.271,5.938,4.601
P15391,22,291,26,1.02,2.566,2.981,8.271,5.938,4.601
P15391,22,291,27,0.863,2.883,2.831,8.271,5.938,4.601
P15391,22,291,28,1.097,3.1,2.614,8.271,5.938,4.601
P15391,22,291,29,1.042,3.41,2.396,8.271,5.938,4.601
P15391,22,291,30,1.114,3.366,2.023,8.271,5.938,4.601
P15391,22,291,31,1.477,3.476,1.961,8.271,5.938,4.601
P15391,22,291,32,1.583,3.432,2.331,8.271,5.938,4.601
P15391,22,291,33,1.822,3.155,2.448,8.271,5.938,4.601
P15391,22,291,34,1.637,2.836,2.555,8.271,5.938,4.601
P15391,22,291,35,1.817,2.656,2.845,8.271,5.938,4.601
P15391,22,291,36,1.736,2.293,2.943,8.271,5.938,4.601
P15391,22,291,37,1.925,2.206,3.267,8.271,5.938,4.601
P15391,22,291,38,1.967,1.83,3.337,8.271,5.938,4.601
P15391,22,291,39,2.006,1.855,3.717,8.271,5.938,4.601
P15391,22,291,40,2.265,1.648,3.911,8.271,5.938,4.601
P15391,22,291,41,2.079,1.384,4.113,8.271,5.938,4.601
P15391,22,291,42,2.283,1.262,4.416,8.271,5.938,4.601
P15391,22,291,43,2.531,1.022,4.247,8.271,5.938,4.601
P15391,22,291,44,2.908,1.082,4.286,8.271,5.938,4.601
P15391,22,291,45,2.959,0.807,4.023,8.271,5.938,4.601
P15391,22,291,46,3.257,0.831,3.778,8.271,5.938,4.601
P15391,22,291,47,3.217,0.995,3.43,8.271,5.938,4.601
P15391,22,291,48,2.839,0.962,3.379,8.271,5.938,4.601
P15391,22,291,49,2.727,0.935,3.015,8.271,5.938,4.601
P15391,22,291,50,2.494,1.226,2.929,8.271,5.938,4.601
P15391,22,291,51,2.243,1.169,2.644,8.271,5.938,4.601
P15391,22,291,52,1.999,1.411,2.477,8.271,5.938,4.601
P15391,22,291,53,1.694,1.299,2.274,8.271,5.938,4.601
P15391,22,291,54,1.411,1.482,2.088,8.271,5.938,4.601
P15391,22,291,55,1.046,1.349,2.072,8.271,5.938,4.601
P15391,22,291,56,1.144,0.99,2.183,8.271,5.938,4.601
P15391,22,291,57,1.39,0.902,2.47,8.271,5.938,4.601
P15391,22,291,58,1.49,0.585,2.27,8.271,5.938,4.601
P15391,22,291,59,1.663,0.796,1.994,8.271,5.938,4.601
P15391,22,291,60,1.943,1.019,2.137,8.271,5.938,4.601
P15391,22,291,61,2.063,1.274,1.876,8.271,5.938,4.601
P15391,22,291,62,2.365,1.341,2.104,8.271,5.938,4.601
P15391,22,291,63,2.555,1.112,2.343,8.271,5.938,4.601
P15391,22,291,64,2.836,1.266,2.551,8.271,5.938,4.601
P15391,22,291,65,3.094,1.139,2.803,8.271,5.938,4.601
P15391,22,291,66,3.281,1.42,2.989,8.271,5.938,4.601
P15391,22,291,67,3.618,1.333,3.154,8.271,5.938,4.601
P15391,22,291,68,3.662,1.675,3.33,8.271,5.938,4.601
P15391,22,291,69,3.444,1.954,3.483,8.271,5.938,4.601
P15391,22,291,70,3.465,2.304,3.322,8.271,5.938,4.601
P15391,22,291,71,3.424,2.163,2.966,8.271,5.938,4.601
P15391,22,291,72,3.176,2.312,2.715,8.271,5.938,4.601
P15391,22,291,73,3.082,2.21,2.357,8.271,5.938,4.601
P15391,22,291,74,2.952,2.435,2.074,8.271,5.938,4.601
P15391,22,291,75,2.812,2.236,1.777,8.271,5.938,4.601
P15391,22,291,76,2.802,2.465,1.468,8.271,5.938,4.601
P15391,22,291,77,2.712,2.363,1.106,8.271,5.938,4.601
P15391,22,291,78,3.085,2.414,1.011,8.271,5.938,4.601
P15391,22,291,79,3.257,2.253,1.318,8.271,5.938,4.601
P15391,22,291,80,3.218,2.101,1.666,8.271,5.938,4.601
P15391,22,291,81,3.418,2.321,1.908,8.271,5.938,4.601
P15391,22,291,82,3.551,2.215,2.251,8.271,5.938,4.601
P15391,22,291,83,3.562,2.489,2.52,8.271,5.938,4.601
P15391,22,291,84,3.783,2.477,2.835,8.271,5.938,4.601
P15391,22,291,85,3.715,2.752,3.093,8.271,5.938,4.601
P15391,22,291,86,3.976,2.892,3.34,8.271,5.938,4.601
P15391,22,291,87,4.289,2.739,3.177,8.271,5.938,4.601
P15391,22,291,88,4.541,2.631,3.446,8.271,5.938,4.601
P15391,22,291,89,4.919,2.563,3.411,8.271,5.938,4.601
P15391,22,291,90,4.845,2.182,3.426,8.271,5.938,4.601
P15391,22,291,91,4.621,2.213,3.111,8.271,5.938,4.601
P15391,22,291,92,4.928,2.294,2.896,8.271,5.938,4.601
P15391,22,291,93,5.025,2.009,2.659,8.271,5.938,4.601
P15391,22,291,94,4.92,1.838,2.334,8.271,5.938,4.601
P15391,22,291,95,4.55,1.817,2.233,8.271,5.938,4.601
P15391,22,291,96,4.468,1.53,1.995,8.271,5.938,4.601
P15391,22,291,97,4.128,1.463,1.837,8.271,5.938,4.601
P15391,22,291,98,3.977,1.185,1.625,8.271,5.938,4.601
P15391,22,291,99,3.649,1.156,1.419,8.271,5.938,4.601
P15391,22,291,100,3.574,0.829,1.607,8.271,5.938,4.601
P15391,22,291,101,3.516,0.658,1.948,8.271,5.938,4.601
P15391,22,291,102,3.819,0.666,2.193,8.271,5.938,4.601
P15391,22,291,103,3.865,0.285,2.141,8.271,5.938,4.601
P15391,22,291,104,4.011,0.355,1.793,8.271,5.938,4.601
P15391,22,291,105,4.386,0.444,1.782,8.271,5.938,4.601
P15391,22,291,106,4.337,0.708,1.508,8.271,5.938,4.601
P15391,22,291,107,4.453,1.014,1.709,8.271,5.938,4.601
P15391,22,291,108,4.541,1.311,1.485,8.271,5.938,4.601
P15391,22,291,109,4.734,1.632,1.582,8.271,5.938,4.601
P15391,22,291,110,4.49,1.905,1.694,8.271,5.938,4.601
P15391,22,291,111,4.664,2.184,1.889,8.271,5.938,4.601
P15391,22,291,112,4.942,2.252,2.144,8.271,5.938,4.601
P15391,22,291,113,4.867,2.477,2.445,8.271,5.938,4.601
P15391,22,291,114,5.15,2.679,2.599,8.271,5.938,4.601
P15391,22,291,115,5.041,2.831,2.936,8.271,5.938,4.601
P15391,22,291,116,5.233,3.145,3.038,8.271,5.938,4.601
P15391,22,291,117,5.45,3.116,3.354,8.271,5.938,4.601
P15391,22,291,118,5.415,2.729,3.357,8.271,5.938,4.601
P15391,22,291,119,5.786,2.669,3.273,8.271,5.938,4.601
P15391,22,291,120,5.678,2.407,3.009,8.271,5.938,4.601
P15391,22,291,121,5.662,2.45,2.626,8.271,5.938,4.601
P15391,22,291,122,5.485,2.215,2.38,8.271,5.938,4.601
P15391,22,291,123,5.545,2.204,2.0,8.271,5.938,4.601
P15391,22,291,124,5.437,1.974,1.715,8.271,5.938,4.601
P15391,22,291,125,5.78,2.018,1.542,8.271,5.938,4.601
P15391,22,291,126,6.126,2.142,1.65,8.271,5.938,4.601
P15391,22,291,127,6.102,2.385,1.351,8.271,5.938,4.601
P15391,22,291,128,5.805,2.576,1.504,8.271,5.938,4.601
P15391,22,291,129,6.033,2.753,1.766,8.271,5.938,4.601
P15391,22,291,130,6.033,3.092,1.588,8.271,5.938,4.601
P15391,22,291,131,6.236,3.346,1.798,8.271,5.938,4.601
P15391,22,291,132,6.225,3.157,2.136,8.271,5.938,4.601
P15391,22,291,133,6.538,2.946,2.056,8.271,5.938,4.601
P15391,22,291,134,6.776,3.25,2.056,8.271,5.938,4.601
P15391,22,291,135,6.696,3.354,2.42,8.271,5.938,4.601
P15391,22,291,136,6.735,3.025,2.616,8.271,5.938,4.601
P15391,22,291,137,7.112,3.056,2.699,8.271,5.938,4.601
P15391,22,291,138,7.244,3.408,2.616,8.271,5.938,4.601
P15391,22,291,139,7.232,3.589,2.952,8.271,5.938,4.601
P15391,22,291,140,7.614,3.601,2.928,8.271,5.938,4.601
P15391,22,291,141,7.798,3.7,3.237,8.271,5.938,4.601
P15391,22,291,142,7.831,4.087,3.237,8.271,5.938,4.601
P15391,22,291,143,7.589,4.26,3.48,8.271,5.938,4.601
P15391,22,291,144,7.57,4.316,3.862,8.271,5.938,4.601
P15391,22,291,145,7.422,4.012,4.045,8.271,5.938,4.601
P15391,22,291,146,7.052,4.082,4.109,8.271,5.938,4.601
P15391,22,291,147,6.958,3.818,4.378,8.271,5.938,4.601
P15391,22,291,148,6.599,3.774,4.246,8.271,5.938,4.601
P15391,22,291,149,6.435,3.492,4.044,8.271,5.938,4.601
P15391,22,291,150,6.617,3.161,3.978,8.271,5.938,4.601
P15391,22,291,151,6.446,3.163,3.635,8.271,5.938,4.601
P15391,22,291,152,6.445,2.797,3.524,8.271,5.938,4.601
P15391,22,291,153,6.494,2.743,3.149,8.271,5.938,4.601
P15391,22,291,154,6.146,2.632,3.024,8.271,5.938,4.601
P15391,22,291,155,6.123,2.26,2.938,8.271,5.938,4.601
P15391,22,291,156,6.063,2.209,2.566,8.271,5.938,4.601
P15391,22,291,157,5.857,1.899,2.477,8.271,5.938,4.601
P15391,22,291,158,5.819,1.797,2.108,8.271,5.938,4.601
P15391,22,291,159,5.577,1.543,1.956,8.271,5.938,4.601
P15391,22,291,160,5.752,1.222,1.842,8.271,5.938,4.601
P15391,22,291,161,5.604,0.877,1.75,8.271,5.938,4.601
P15391,22,291,162,5.273,0.914,1.943,8.271,5.938,4.601
P15391,22,291,163,5.427,1.071,2.262,8.271,5.938,4.601
P15391,22,291,164,5.574,1.398,2.4,8.271,5.938,4.601
P15391,22,291,165,5.957,1.364,2.412,8.271,5.938,4.601
P15391,22,291,166,6.176,1.622,2.599,8.271,5.938,4.601
P15391,22,291,167,6.413,1.826,2.378,8.271,5.938,4.601
P15391,22,291,168,6.763,1.798,2.536,8.271,5.938,4.601
P15391,22,291,169,6.93,1.989,2.246,8.271,5.938,4.601
P15391,22,291,170,6.972,2.362,2.187,8.271,5.938,4.601
P15391,22,291,171,6.65,2.454,1.992,8.271,5.938,4.601
P15391,22,291,172,6.701,2.597,1.639,8.271,5.938,4.601
P15391,22,291,173,6.648,2.974,1.645,8.271,5.938,4.601
P15391,22,291,174,6.444,3.034,1.328,8.271,5.938,4.601
P15391,22,291,175,6.278,3.366,1.23,8.271,5.938,4.601
P15391,22,291,176,5.894,3.376,1.245,8.271,5.938,4.601
P15391,22,291,177,5.731,3.236,0.924,8.271,5.938,4.601
P15391,22,291,178,5.587,3.577,0.823,8.271,5.938,4.601
P15391,22,291,179,5.612,3.475,0.45,8.271,5.938,4.601
P15391,22,291,180,5.412,3.161,0.362,8.271,5.938,4.601
P15391,22,291,181,5.033,3.179,0.308,8.271,5.938,4.601
P15391,22,291,182,4.802,2.921,0.481,8.271,5.938,4.601
P15391,22,291,183,5.024,2.762,0.761,8.271,5.938,4.601
P15391,22,291,184,4.797,2.842,1.06,8.271,5.938,4.601
P15391,22,291,185,5.004,2.779,1.38,8.271,5.938,4.601
P15391,22,291,186,4.861,2.472,1.559,8.271,5.938,4.601
P15391,22,291,187,5.068,2.598,1.859,8.271,5.938,4.601
P15391,22,291,188,4.859,2.822,2.091,8.271,5.938,4.601
P15391,22,291,189,5.002,3.043,2.373,8.271,5.938,4.601
P15391,22,291,190,4.781,3.188,2.651,8.271,5.938,4.601
P15391,22,291,191,4.766,3.341,3.0,8.271,5.938,4.601
P15391,22,291,192,4.631,3.129,3.294,8.271,5.938,4.601
P15391,22,291,193,4.257,3.196,3.357,8.271,5.938,4.601
P15391,22,291,194,4.182,3.232,2.979,8.271,5.938,4.601
P15391,22,291,195,3.913,3.031,2.794,8.271,5.938,4.601
P15391,22,291,196,4.04,2.787,2.526,8.271,5.938,4.601
P15391,22,291,197,3.85,2.69,2.207,8.271,5.938,4.601
P15391,22,291,198,3.954,2.388,1.99,8.271,5.938,4.601
P15391,22,291,199,3.832,2.252,1.65,8.271,5.938,4.601
P15391,22,291,200,3.918,1.9,1.527,8.271,5.938,4.601
P15391,22,291,201,4.105,1.989,1.206,8.271,5.938,4.601
P15391,22,291,202,4.178,2.343,1.077,8.271,5.938,4.601
P15391,22,291,203,3.863,2.507,0.925,8.271,5.938,4.601
P15391,22,291,204,3.721,2.447,0.663,8.271,5.938,4.601
P15391,22,291,205,3.825,2.073,0.69,8.271,5.938,4.601
P15391,22,291,206,3.691,2.054,1.05,8.271,5.938,4.601
P15391,22,291,207,3.474,1.779,1.209,8.271,5.938,4.601
P15391,22,291,208,3.107,1.9,1.206,8.271,5.938,4.601
P15391,22,291,209,2.922,1.559,1.206,8.271,5.938,4.601
P15391,22,291,210,2.953,1.199,1.335,8.271,5.938,4.601
P15391,22,291,211,3.15,1.082,1.645,8.271,5.938,4.601
P15391,22,291,212,3.431,1.3,1.791,8.271,5.938,4.601
P15391,22,291,213,3.677,1.22,2.074,8.271,5.938,4.601
P15391,22,291,214,3.943,1.439,2.242,8.271,5.938,4.601
P15391,22,291,215,4.25,1.359,2.458,8.271,5.938,4.601
P15391,22,291,216,4.49,1.589,2.643,8.271,5.938,4.601
P15391,22,291,217,4.848,1.45,2.643,8.271,5.938,4.601
P15391,22,291,218,5.079,1.597,2.905,8.271,5.938,4.601
P15391,22,291,219,5.424,1.449,2.999,8.271,5.938,4.601
P15391,22,291,220,5.244,1.378,3.338,8.271,5.938,4.601
P15391,22,291,221,5.008,1.127,3.158,8.271,5.938,4.601
P15391,22,291,222,4.716,1.136,2.904,8.271,5.938,4.601
P15391,22,291,223,4.358,1.242,3.0,8.271,5.938,4.601
P15391,22,291,224,4.046,1.171,2.789,8.271,5.938,4.601
P15391,22,291,225,3.863,1.509,2.775,8.271,5.938,4.601
P15391,22,291,226,3.542,1.394,2.604,8.271,5.938,4.601
P15391,22,291,227,3.382,1.151,2.365,8.271,5.938,4.601
P15391,22,291,228,3.065,1.251,2.176,8.271,5.938,4.601
P15391,22,291,229,2.841,1.059,1.934,8.271,5.938,4.601
P15391,22,291,230,2.636,1.303,1.723,8.271,5.938,4.601
P15391,22,291,231,2.366,1.172,1.483,8.271,5.938,4.601
P15391,22,291,232,2.335,1.306,1.128,8.271,5.938,4.601
P15391,22,291,233,1.95,1.305,1.174,8.271,5.938,4.601
P15391,22,291,234,1.997,1.63,1.382,8.271,5.938,4.601
P15391,22,291,235,1.848,1.968,1.286,8.271,5.938,4.601
P15391,22,291,236,2.122,2.194,1.137,8.271,5.938,4.601
P15391,22,291,237,2.1,2.414,1.453,8.271,5.938,4.601
P15391,22,291,238,2.375,2.589,1.654,8.271,5.938,4.601
P15391,22,291,239,2.376,2.413,1.998,8.271,5.938,4.601
P15391,22,291,240,2.573,2.458,2.324,8.271,5.938,4.601
P15391,22,291,241,2.628,2.19,2.593,8.271,5.938,4.601
P15391,22,291,242,2.763,2.328,2.922,8.271,5.938,4.601
P15391,22,291,243,2.83,2.07,3.2,8.271,5.938,4.601
P15391,22,291,244,2.48,1.905,3.18,8.271,5.938,4.601
P15391,22,291,245,2.269,2.194,3.038,8.271,5.938,4.601
P15391,22,291,246,2.163,2.21,2.669,8.271,5.938,4.601
P15391,22,291,247,2.138,2.571,2.537,8.271,5.938,4.601
P15391,22,291,248,1.967,2.664,2.207,8.271,5.938,4.601
P15391,22,291,249,2.071,3.022,2.106,8.271,5.938,4.601
P15391,22,291,250,1.796,3.249,1.955,8.271,5.938,4.601
P15391,22,291,251,1.525,2.975,1.988,8.271,5.938,4.601
P15391,22,291,252,1.251,2.967,1.713,8.271,5.938,4.601
P15391,22,291,253,0.907,2.801,1.682,8.271,5.938,4.601
P15391,22,291,254,1.096,2.506,1.512,8.271,5.938,4.601
P15391,22,291,255,1.285,2.43,1.841,8.271,5.938,4.601
P15391,22,291,256,0.951,2.372,2.026,8.271,5.938,4.601
P15391,22,291,257,0.849,2.019,2.143,8.271,5.938,4.601
P15391,22,291,258,0.964,1.742,2.383,8.271,5.938,4.601
P15391,22,291,259,1.327,1.693,2.493,8.271,5.938,4.601
P15391,22,291,260,1.47,1.415,2.713,8.271,5.938,4.601
P15391,22,291,261,1.794,1.411,2.909,8.271,5.938,4.601
P15391,22,291,262,1.918,1.071,3.029,8.271,5.938,4.601
P15391,22,291,263,2.213,1.086,3.278,8.271,5.938,4.601
P15391,22,291,264,2.327,0.764,3.453,8.271,5.938,4.601
P15391,22,291,265,1.996,0.628,3.6,8.271,5.938,4.601
P15391,22,291,266,1.804,0.964,3.576,8.271,5.938,4.601
P15391,22,291,267,1.569,1.054,3.285,8.271,5.938,4.601
P15391,22,291,268,1.431,1.411,3.282,8.271,5.938,4.601
P15391,22,291,269,1.162,1.516,3.031,8.271,5.938,4.601
P15391,22,291,270,1.121,1.881,2.921,8.271,5.938,4.601
P15391,22,291,271,0.852,2.056,2.716,8.271,5.938,4.601
P15391,22,291,272,0.994,2.359,2.529,8.271,5.938,4.601
P15391,22,291,273,0.714,2.612,2.462,8.271,5.938,4.601
P15391,22,291,274,0.818,2.902,2.235,8.271,5.938,4.601
P15391,22,291,275,0.606,3.214,2.292,8.271,5.938,4.601
P15391,22,291,276,0.611,3.413,1.965,8.271,5.938,4.601
P15391,22,291,277,0.732,3.773,2.023,8.271,5.938,4.601
P15391,22,291,278,0.46,4.038,1.971,8.271,5.938,4.601
P15391,22,291,279,0.733,4.283,1.847,8.271,5.938,4.601
P15391,22,291,280,0.497,4.583,1.896,8.271,5.938,4.601
P15391,22,291,281,0.421,4.487,2.264,8.271,5.938,4.601
P15391,22,291,282,0.79,4.424,2.351,8.271,5.938,4.601
P15391,22,291,283,0.887,4.757,2.183,8.271,5.938,4.601
P15391,22,291,284,0.604,4.951,2.355,8.271,5.938,4.601
P15391,22,291,285,0.66,4.815,2.711,8.271,5.938,4.601
P15391,22,291,286,1.023,4.692,2.754,8.271,5.938,4.601
P15391,22,291,287,1.236,4.93,2.538,8.271,5.938,4.601
P15391,22,291,288,1.006,5.217,2.649,8.271,5.938,4.601
P15391,22,291,289,0.888,5.298,2.289,8.271,5.938,4.601
P15391,22,291,290,0.554,5.424,2.436,8.271,5.938,4.601
P15391,22,291,291,0.752,5.729,2.571,8.271,5.938,4.601
P16234,27,516,27,14.276,1.909,0.308,16.097,6.217,3.917
P16234,27,516,28,14.44,1.772,0.629,16.097,6.217,3.917
P16234,27,516,29,14.808,1.857,0.698,16.097,6.217,3.917
P16234,27,516,30,14.923,2.023,1.025,16.097,6.217,3.917
P16234,27,516,31,15.273,1.999,1.178,16.097,6.217,3.917
P16234,27,516,32,15.436,2.248,1.218,16.097,6.217,3.917
P16234,27,516,33,15.327,2.372,0.87,16.097,6.217,3.917
P16234,27,516,34,15.339,2.738,0.988,16.097,6.217,3.917
P16234,27,516,35,15.049,2.99,0.955,16.097,6.217,3.917
P16234,27,516,36,15.123,3.133,1.304,16.097,6.217,3.917
P16234,27,516,37,15.347,3.037,1.601,16.097,6.217,3.917
P16234,27,516,38,15.447,3.209,1.927,16.097,6.217,3.917
P16234,27,516,39,15.462,2.977,2.235,16.097,6.217,3.917
P16234,27,516,40,15.612,3.069,2.576,16.097,6.217,3.917
P16234,27,516,41,15.384,3.112,2.881,16.097,6.217,3.917
P16234,27,516,42,15.367,2.792,3.097,16.097,6.217,3.917
P16234,27,516,43,15.541,2.584,2.822,16.097,6.217,3.917
P16234,27,516,44,15.395,2.269,2.662,16.097,6.217,3.917
P16234,27,516,45,15.323,2.26,2.285,16.097,6.217,3.917
P16234,27,516,46,15.182,1.995,2.05,16.097,6.217,3.917
P16234,27,516,47,15.021,2.014,1.706,16.097,6.217,3.917
P16234,27,516,48,14.998,1.701,1.484,16.097,6.217,3.917
P16234,27,516,49,14.73,1.662,1.218,16.097,6.217,3.917
P16234,27,516,50,14.719,1.393,0.947,16.097,6.217,3.917
P16234,27,516,51,14.468,1.309,0.67,16.097,6.217,3.917
P16234,27,516,52,14.349,1.027,0.434,16.097,6.217,3.917
P16234,27,516,53,14.039,0.974,0.657,16.097,6.217,3.917
P16234,27,516,54,13.946,1.052,1.024,16.097,6.217,3.917
P16234,27,516,55,14.073,1.402,1.126,16.097,6.217,3.917
P16234,27,516,56,13.959,1.617,1.421,16.097,6.217,3.917
P16234,27,516,57,14.079,1.933,1.596,16.097,6.217,3.917
P16234,27,516,58,13.893,2.259,1.657,16.097,6.217,3.917
P16234,27,516,59,14.067,2.487,1.912,16.097,6.217,3.917
P16234,27,516,60,13.977,2.822,2.084,16.097,6.217,3.917
P16234,27,516,61,13.859,2.671,2.423,16.097,6.217,3.917
P16234,27,516,62,13.547,2.461,2.502,16.097,6.217,3.917
P16234,27,516,63,13.605,2.089,2.579,16.097,6.217,3.917
P16234,27,516,64,13.461,2.158,2.933,16.097,6.217,3.917
P16234,27,516,65,13.738,2.418,3.017,16.097,6.217,3.917
P16234,27,516,66,14.018,2.22,2.84,16.097,6.217,3.917
P16234,27,516,67,14.185,2.044,3.145,16.097,6.217,3.917
P16234,27,516,68,14.537,2.131,3.012,16.097,6.217,3.917
P16234,27,516,69,14.466,1.999,2.653,16.097,6.217,3.917
P16234,27,516,70,14.504,1.627,2.568,16.097,6.217,3.917
P16234,27,516,71,14.402,1.488,2.223,16.097,6.217,3.917
P16234,27,516,72,14.559,1.151,2.129,16.097,6.217,3.917
P16234,27,516,73,14.495,0.941,1.818,16.097,6.217,3.917
P16234,27,516,74,14.816,0.78,1.679,16.097,6.217,3.917
P16234,27,516,75,14.782,0.452,1.485,16.097,6.217,3.917
P16234,27,516,76,15.046,0.526,1.218,16.097,6.217,3.917
P16234,27,516,77,15.165,0.244,0.984,16.097,6.217,3.917
P16234,27,516,78,15.134,0.506,0.699,16.097,6.217,3.917
P16234,27,516,79,14.754,0.44,0.667,16.097,6.217,3.917
P16234,27,516,80,14.688,0.811,0.747,16.097,6.217,3.917
P16234,27,516,81,14.462,0.904,1.039,16.097,6.217,3.917
P16234,27,516,82,14.677,1.101,1.289,16.097,6.217,3.917
P16234,27,516,83,14.544,1.315,1.577,16.097,6.217,3.917
P16234,27,516,84,14.781,1.502,1.812,16.097,6.217,3.917
P16234,27,516,85,14.666,1.793,2.029,16.097,6.217,3.917
P16234,27,516,86,14.906,1.845,2.324,16.097,6.217,3.917
P16234,27,516,87,14.875,2.145,2.561,16.097,6.217,3.917
P16234,27,516,88,15.056,2.071,2.891,16.097,6.217,3.917
P16234,27,516,89,15.075,2.437,3.016,16.097,6.217,3.917
P16234,27,516,90,15.017,2.717,2.762,16.097,6.217,3.917
P16234,27,516,91,14.832,3.026,2.901,16.097,6.217,3.917
P16234,27,516,92,14.682,3.352,2.76,16.097,6.217,3.917
P16234,27,516,93,14.35,3.163,2.694,16.097,6.217,3.917
P16234,27,516,94,14.53,2.914,2.461,16.097,6.217,3.917
P16234,27,516,95,14.581,3.208,2.211,16.097,6.217,3.917
P16234,27,516,96,14.374,3.151,1.894,16.097,6.217,3.917
P16234,27,516,97,14.31,2.954,1.573,16.097,6.217,3.917
P16234,27,516,98,14.37,2.575,1.579,16.097,6.217,3.917
P16234,27,516,99,14.192,2.412,1.281,16.097,6.217,3.917
P16234,27,516,100,14.228,2.052,1.165,16.097,6.217,3.917
P16234,27,516,101,13.939,1.922,0.95,16.097,6.217,3.917
P16234,27,516,102,13.797,1.587,0.833,16.097,6.217,3.917
P16234,27,516,103,13.507,1.428,1.034,16.097,6.217,3.917
P16234,27,516,104,13.307,1.411,0.704,16.097,6.217,3.917
P16234,27,516,105,13.35,1.788,0.619,16.097,6.217,3.917
P16234,27,516,106,13.098,1.881,0.893,16.097,6.217,3.917
P16234,27,516,107,12.823,2.027,0.676,16.097,6.217,3.917
P16234,27,516,108,12.538,2.186,0.883,16.097,6.217,3.917
P16234,27,516,109,12.651,2.527,0.737,16.097,6.217,3.917
P16234,27,516,110,12.948,2.688,0.927,16.097,6.217,3.917
P16234,27,516,111,13.237,2.661,0.666,16.097,6.217,3.917
P16234,27,516,112,13.469,2.402,0.828,16.097,6.217,3.917
P16234,27,516,113,13.713,2.331,0.539,16.097,6.217,3.917
P16234,27,516,114,14.028,2.272,0.747,16.097,6.217,3.917
P16234,27,516,115,14.401,2.35,0.76,16.097,6.217,3.917
P16234,27,516,116,14.468,2.608,1.036,16.097,6.217,3.917
P16234,27,516,117,14.748,2.759,1.252,16.097,6.217,3.917
P16234,27,516,118,14.724,3.063,1.487,16.097,6.217,3.917
P16234,27,516,119,14.897,3.011,1.827,16.097,6.217,3.917
P16234,27,516,120,15.004,3.314,2.034,16.097,6.217,3.917
P16234,27,516,121,15.087,3.276,2.407,16.097,6.217,3.917
P16234,27,516,122,15.233,3.615,2.521,16.097,6.217,3.917
P16234,27,516,123,15.131,3.693,2.882,16.097,6.217,3.917
P16234,27,516,124,15.291,4.01,3.036,16.097,6.217,3.917
P16234,27,516,125,15.008,4.03,3.3,16.097,6.217,3.917
P16234,27,516,126,14.725,3.947,3.046,16.097,6.217,3.917
P16234,27,516,127,14.761,4.169,2.733,16.097,6.217,3.917
P16234,27,516,128,14.424,4.066,2.573,16.097,6.217,3.917
P16234,27,516,129,14.299,3.71,2.506,16.097,6.217,3.917
P16234,27,516,130,14.021,3.616,2.757,16.097,6.217,3.917
P16234,27,516,131,13.671,3.652,2.604,16.097,6.217,3.917
P16234,27,516,132,13.328,3.512,2.702,16.097,6.217,3.917
P16234,27,516,133,13.059,3.749,2.842,16.097,6.217,3.917
P16234,27,516,134,12.883,3.732,2.498,16.097,6.217,3.917
P16234,27,516,135,13.191,3.859,2.306,16.097,6.217,3.917
P16234,27,516,136,13.163,4.202,2.481,16.097,6.217,3.917
P16234,27,516,137,12.832,4.246,2.287,16.097,6.217,3.917
P16234,27,516,138,12.907,4.37,1.931,16.097,6.217,3.917
P16234,27,516,139,12.597,4.353,1.707,16.097,6.217,3.917
P16234,27,516,140,12.588,4.565,1.385,16.097,6.217,3.917
P16234,27,516,141,12.326,4.603,1.108,16.097,6.217,3.917
P16234,27,516,142,12.287,4.971,0.987,16.097,6.217,3.917
P16234,27,516,143,12.605,5.076,0.787,16.097,6.217,3.917
P16234,27,516,144,12.787,4.732,0.804,16.097,6.217,3.917
P16234,27,516,145,13.153,4.68,0.914,16.097,6.217,3.917
P16234,27,516,146,13.187,4.515,1.258,16.097,6.217,3.917
P16234,27,516,147,13.483,4.369,1.451,16.097,6.217,3.917
P16234,27,516,148,13.553,4.473,1.813,16.097,6.217,3.917
P16234,27,516,149,13.721,4.142,1.913,16.097,6.217,3.917
P16234,27,516,150,14.007,4.271,2.14,16.097,6.217,3.917
P16234,27,516,151,14.273,4.014,2.027,16.097,6.217,3.917
P16234,27,516,152,14.62,4.044,2.195,16.097,6.217,3.917
P16234,27,516,153,14.819,3.756,2.355,16.097,6.217,3.917
P16234,27,516,154,15.131,3.904,2.183,16.097,6.217,3.917
P16234,27,516,155,15.11,4.003,1.809,16.097,6.217,3.917
P16234,27,516,156,15.356,4.299,1.856,16.097,6.217,3.917
P16234,27,516,157,15.141,4.468,2.13,16.097,6.217,3.917
P16234,27,516,158,15.029,4.823,2.03,16.097,6.217,3.917
P16234,27,516,159,14.651,4.872,2.085,16.097,6.217,3.917
P16234,27,516,160,14.426,5.184,2.065,16.097,6.217,3.917
P16234,27,516,161,14.042,5.202,2.049,16.097,6.217,3.917
P16234,27,516,162,13.847,5.455,2.265,16.097,6.217,3.917
P16234,27,516,163,13.476,5.555,2.28,16.097,6.217,3.917
P16234,27,516,164,13.282,5.834,2.465,16.097,6.217,3.917
P16234,27,516,165,13.427,6.104,2.226,16.097,6.217,3.917
P16234,27,516,166,13.795,5.986,2.241,16.097,6.217,3.917
P16234,27,516,167,14.036,5.778,2.027,16.097,6.217,3.917
P16234,27,516,168,13.854,5.599,1.74,16.097,6.217,3.917
P16234,27,516,169,14.053,5.549,1.413,16.097,6.217,3.917
P16234,27,516,170,14.0,5.184,1.302,16.097,6.217,3.917
P16234,27,516,171,14.213,4.903,1.144,16.097,6.217,3.917
P16234,27,516,172,14.37,4.649,1.389,16.097,6.217,3.917
P16234,27,516,173,14.454,4.279,1.323,16.097,6.217,3.917
P16234,27,516,174,14.591,4.111,1.643,16.097,6.217,3.917
P16234,27,516,175,14.417,3.781,1.536,16.097,6.217,3.917
P16234,27,516,176,14.068,3.943,1.516,16.097,6.217,3.917
P16234,27,516,177,14.055,4.291,1.683,16.097,6.217,3.917
P16234,27,516,178,13.956,4.636,1.547,16.097,6.217,3.917
P16234,27,516,179,13.763,4.625,1.215,16.097,6.217,3.917
P16234,27,516,180,13.552,4.93,1.111,16.097,6.217,3.917
P16234,27,516,181,13.209,5.099,1.112,16.097,6.217,3.917
P16234,27,516,182,13.127,5.176,1.479,16.097,6.217,3.917
P16234,27,516,183,12.852,5.408,1.614,16.097,6.217,3.917
P16234,27,516,184,12.62,5.264,1.887,16.097,6.217,3.917
P16234,27,516,185,12.797,5.286,2.228,16.097,6.217,3.917
P16234,27,516,186,13.074,5.147,2.457,16.097,6.217,3.917
P16234,27,516,187,13.426,5.092,2.312,16.097,6.217,3.917
P16234,27,516,188,13.744,5.016,2.514,16.097,6.217,3.917
P16234,27,516,189,14.066,4.871,2.372,16.097,6.217,3.917
P16234,27,516,190,14.382,5.001,2.548,16.097,6.217,3.917
P16234,27,516,191,14.704,4.796,2.507,16.097,6.217,3.917
P16234,27,516,192,15.055,4.886,2.642,16.097,6.217,3.917
P16234,27,516,193,15.268,4.583,2.75,16.097,6.217,3.917
P16234,27,516,194,15.612,4.647,2.914,16.097,6.217,3.917
P16234,27,516,195,15.492,5.0,3.015,16.097,6.217,3.917
P16234,27,516,196,15.177,4.876,3.198,16.097,6.217,3.917
P16234,27,516,197,14.85,4.99,3.035,16.097,6.217,3.917
P16234,27,516,198,14.576,4.725,3.007,16.097,6.217,3.917
P16234,27,516,199,14.213,4.81,2.917,16.097,6.217,3.917
P16234,27,516,200,13.93,4.575,2.813,16.097,6.217,3.917
P16234,27,516,201,13.581,4.569,2.96,16.097,6.217,3.917
P16234,27,516,202,13.379,4.804,2.727,16.097,6.217,3.917
P16234,27,516,203,13.251,4.632,2.411,16.097,6.217,3.917
P16234,27,516,204,12.891,4.754,2.375,16.097,6.217,3.917
P16234,27,516,205,12.815,4.818,2.006,16.097,6.217,3.917
P16234,27,516,206,12.439,4.776,1.937,16.097,6.217,3.917
P16234,27,516,207,12.259,4.858,1.609,16.097,6.217,3.917
P16234,27,516,208,12.001,4.581,1.542,16.097,6.217,3.917
P16234,27,516,209,11.695,4.7,1.343,16.097,6.217,3.917
P16234,27,516,210,11.593,4.379,1.167,16.097,6.217,3.917
P16234,27,516,211,11.235,4.436,1.036,16.097,6.217,3.917
P16234,27,516,212,11.161,4.296,0.686,16.097,6.217,3.917
P16234,27,516,213,10.867,4.08,0.809,16.097,6.217,3.917
P16234,27,516,214,10.87,3.792,1.061,16.097,6.217,3.917
P16234,27,516,215,10.541,3.845,1.25,16.097,6.217,3.917
P16234,27,516,216,10.457,3.492,1.378,16.097,6.217,3.917
P16234,27,516,217,10.14,3.45,1.592,16.097,6.217,3.917
P16234,27,516,218,10.015,3.109,1.709,16.097,6.217,3.917
P16234,27,516,219,9.748,3.055,1.976,16.097,6.217,3.917
P16234,27,516,220,9.588,2.736,2.118,16.097,6.217,3.917
P16234,27,516,221,9.384,2.761,2.443,16.097,6.217,3.917
P16234,27,516,222,9.162,2.479,2.302,16.097,6.217,3.917
P16234,27,516,223,9.138,2.288,1.968,16.097,6.217,3.917
P16234,27,516,224,8.921,2.008,2.117,16.097,6.217,3.917
P16234,27,516,225,9.034,1.79,2.41,16.097,6.217,3.917
P16234,27,516,226,8.913,1.484,2.606,16.097,6.217,3.917
P16234,27,516,227,9.162,1.195,2.644,16.097,6.217,3.917
P16234,27,516,228,9.376,1.267,2.957,16.097,6.217,3.917
P16234,27,516,229,9.375,1.653,2.928,16.097,6.217,3.917
P16234,27,516,230,9.7,1.855,2.874,16.097,6.217,3.917
P16234,27,516,231,9.741,2.021,2.53,16.097,6.217,3.917
P16234,27,516,232,9.906,2.369,2.533,16.097,6.217,3.917
P16234,27,516,233,9.997,2.568,2.218,16.097,6.217,3.917
P16234,27,516,234,10.18,2.905,2.219,16.097,6.217,3.917
P16234,27,516,235,10.376,3.054,1.928,16.097,6.217,3.917
P16234,27,516,236,10.5,3.416,1.937,16.097,6.217,3.917
P16234,27,516,237,10.747,3.615,1.723,16.097,6.217,3.917
P16234,27,516,238,10.736,3.997,1.725,16.097,6.217,3.917
P16234,27,516,239,10.999,4.266,1.65,16.097,6.217,3.917
P16234,27,516,240,11.294,4.018,1.61,16.097,6.217,3.917
P16234,27,516,241,11.569,3.964,1.874,16.097,6.217,3.917
P16234,27,516,242,11.734,3.667,1.689,16.097,6.217,3.917
P16234,27,516,243,11.499,3.389,1.567,16.097,6.217,3.917
P16234,27,516,244,11.54,3.01,1.558,16.097,6.217,3.917
P16234,27,516,245,11.213,2.841,1.674,16.097,6.217,3.917
P16234,27,516,246,11.094,2.482,1.606,16.097,6.217,3.917
P16234,27,516,247,10.776,2.278,1.68,16.097,6.217,3.917
P16234,27,516,248,10.634,1.985,1.477,16.097,6.217,3.917
P16234,27,516,249,10.347,1.774,1.624,16.097,6.217,3.917
P16234,27,516,250,10.191,1.419,1.607,16.097,6.217,3.917
P16234,27,516,251,10.359,1.311,1.938,16.097,6.217,3.917
P16234,27,516,252,10.71,1.461,1.867,16.097,6.217,3.917
P16234,27,516,253,10.88,1.119,1.802,16.097,6.217,3.917
P16234,27,516,254,10.802,1.03,2.172,16.097,6.217,3.917
P16234,27,516,255,10.953,1.349,2.33,16.097,6.217,3.917
P16234,27,516,256,10.615,1.394,2.509,16.097,6.217,3.917
P16234,27,516,257,10.598,1.774,2.454,16.097,6.217,3.917
P16234,27,516,258,10.766,2.017,2.698,16.097,6.217,3.917
P16234,27,516,259,10.885,2.339,2.523,16.097,6.217,3.917
P16234,27,516,260,10.939,2.675,2.705,16.097,6.217,3.917
P16234,27,516,261,11.074,3.009,2.563,16.097,6.217,3.917
P16234,27,516,262,10.993,3.347,2.729,16.097,6.217,3.917
P16234,27,516,263,11.133,3.687,2.612,16.097,6.217,3.917
P16234,27,516,264,10.874,3.968,2.667,16.097,6.217,3.917
P16234,27,516,265,11.0,4.327,2.621,16.097,6.217,3.917
P16234,27,516,266,10.77,4.634,2.552,16.097,6.217,3.917
P16234,27,516,267,10.661,4.815,2.334,16.097,6.217,3.917
P16234,27,516,268,10.868,4.592,2.102,16.097,6.217,3.917
P16234,27,516,269,11.025,4.246,2.164,16.097,6.217,3.917
P16234,27,516,270,10.79,3.943,2.174,16.097,6.217,3.917
P16234,27,516,271,10.951,3.595,2.197,16.097,6.217,3.917
P16234,27,516,272,10.689,3.341,2.323,16.097,6.217,3.917
P16234,27,516,273,10.757,2.97,2.256,16.097,6.217,3.917
P16234,27,516,274,10.511,2.733,2.433,16.097,6.217,3.917
P16234,27,516,275,10.456,2.359,2.362,16.097,6.217,3.917
P16234,27,516,276,10.286,2.154,2.641,16.097,6.217,3.917
P16234,27,516,277,10.179,1.787,2.577,16.097,6.217,3.917
P16234,27,516,278,10.058,1.626,2.908,16.097,6.217,3.917
P16234,27,516,279,9.797,1.343,2.917,16.097,6.217,3.917
P16234,27,516,280,9.679,1.376,2.554,16.097,6.217,3.917
P16234,27,516,281,9.546,1.065,2.372,16.097,6.217,3.917
P16234,27,516,282,9.342,1.02,2.047,16.097,6.217,3.917
P16234,27,516,283,9.684,0.958,1.874,16.097,6.217,3.917
P16234,27,516,284,9.802,1.31,1.969,16.097,6.217,3.917
P16234,27,516,285,9.524,1.447,1.737,16.097,6.217,3.917
P16234,27,516,286,9.661,1.623,1.424,16.097,6.217,3.917
P16234,27,516,287,9.834,1.942,1.305,16.097,6.217,3.917
P16234,27,516,288,10.062,2.122,1.554,16.097,6.217,3.917
P16234,27,516,289,10.304,2.345,1.357,16.097,6.217,3.917
P16234,27,516,290,10.541,2.622,1.479,16.097,6.217,3.917
P16234,27,516,291,10.825,2.74,1.253,16.097,6.217,3.917
P16234,27,516,292,11.045,3.05,1.302,16.097,6.217,3.917
P16234,27,516,293,11.366,3.126,1.1,16.097,6.217,3.917
P16234,27,516,294,11.542,3.467,1.113,16.097,6.217,3.917
P16234,27,516,295,11.913,3.431,1.208,16.097,6.217,3.917
P16234,27,516,296,12.026,3.702,0.954,16.097,6.217,3.917
P16234,27,516,297,11.799,3.59,0.659,16.097,6.217,3.917
P16234,27,516,298,11.664,3.261,0.51,16.097,6.217,3.917
P16234,27,516,299,11.306,3.384,0.591,16.097,6.217,3.917
P16234,27,516,300,11.113,3.092,0.747,16.097,6.217,3.917
P16234,27,516,301,10.755,3.161,0.866,16.097,6.217,3.917
P16234,27,516,302,10.531,2.868,0.973,16.097,6.217,3.917
P16234,27,516,303,10.184,2.854,1.14,16.097,6.217,3.917
P16234,27,516,304,9.966,2.551,1.222,16.097,6.217,3.917
P16234,27,516,305,9.664,2.451,1.435,16.097,6.217,3.917
P16234,27,516,306,9.465,2.126,1.408,16.097,6.217,3.917
P16234,27,516,307,9.399,1.968,1.752,16.097,6.217,3.917
P16234,27,516,308,9.14,1.691,1.806,16.097,6.217,3.917
P16234,27,516,309,9.137,1.45,2.105,16.097,6.217,3.917
P16234,27,516,310,8.815,1.254,2.172,16.097,6.217,3.917
P16234,27,516,311,8.786,0.944,2.402,16.097,6.217,3.917
P16234,27,516,312,8.449,1.075,2.538,16.097,6.217,3.917
P16234,27,516,313,8.234,1.386,2.521,16.097,6.217,3.917
P16234,27,516,314,7.955,1.431,2.264,16.097,6.217,3.917
P16234,27,516,315,7.629,1.628,2.207,16.097,6.217,3.917
P16234,27,516,316,7.455,1.715,1.876,16.097,6.217,3.917
P16234,27,516,317,7.132,1.927,1.86,16.097,6.217,3.917
P16234,27,516,318,7.02,2.096,1.531,16.097,6.217,3.917
P16234,27,516,319,6.693,2.302,1.545,16.097,6.217,3.917
P16234,27,516,320,6.603,2.552,1.264,16.097,6.217,3.917
P16234,27,516,321,6.223,2.486,1.293,16.097,6.217,3.917
P16234,27,516,322,5.972,2.195,1.263,16.097,6.217,3.917
P16234,27,516,323,5.788,1.975,1.522,16.097,6.217,3.917
P16234,27,516,324,5.463,2.183,1.497,16.097,6.217,3.917
P16234,27,516,325,5.484,2.565,1.49,16.097,6.217,3.917
P16234,27,516,326,5.203,2.826,1.484,16.097,6.217,3.917
P16234,27,516,327,5.213,3.187,1.616,16.097,6.217,3.917
P16234,27,516,328,4.959,3.472,1.601,16.097,6.217,3.917
P16234,27,516,329,4.85,3.643,1.927,16.097,6.217,3.917
P16234,27,516,330,5.102,3.928,2.0,16.097,6.217,3.917
P16234,27,516,331,5.357,3.802,1.737,16.097,6.217,3.917
P16234,27,516,332,5.731,3.812,1.833,16.097,6.217,3.917
P16234,27,516,333,5.868,3.458,1.76,16.097,6.217,3.917
P16234,27,516,334,6.226,3.326,1.772,16.097,6.217,3.917
P16234,27,516,335,6.316,2.952,1.793,16.097,6.217,3.917
P16234,27,516,336,6.69,2.888,1.727,16.097,6.217,3.917
P16234,27,516,337,6.879,2.565,1.808,16.097,6.217,3.917
P16234,27,516,338,7.247,2.502,1.732,16.097,6.217,3.917
P16234,27,516,339,7.42,2.265,1.979,16.097,6.217,3.917
P16234,27,516,340,7.765,2.109,1.917,16.097,6.217,3.917
P16234,27,516,341,7.913,1.968,2.239,16.097,6.217,3.917
P16234,27,516,342,8.232,1.887,2.431,16.097,6.217,3.917
P16234,27,516,343,8.277,1.917,2.734,16.097,6.217,3.917
P16234,27,516,344,8.057,2.235,2.763,16.097,6.217,3.917
P16234,27,516,345,7.682,2.145,2.783,16.097,6.217,3.917
P16234,27,516,346,7.427,2.262,3.038,16.097,6.217,3.917
P16234,27,516,347,7.137,2.37,2.811,16.097,6.217,3.917
P16234,27,516,348,6.784,2.419,2.951,16.097,6.217,3.917
P16234,27,516,349,6.434,2.474,2.809,16.097,6.217,3.917
P16234,27,516,350,6.117,2.302,2.935,16.097,6.217,3.917
P16234,27,516,351,5.752,2.41,2.867,16.097,6.217,3.917
P16234,27,516,352,5.515,2.111,2.926,16.097,6.217,3.917
P16234,27,516,353,5.801,1.932,3.121,16.097,6.217,3.917
P16234,27,516,354,5.839,2.235,3.36,16.097,6.217,3.917
P16234,27,516,355,6.17,2.431,3.352,16.097,6.217,3.917
P16234,27,516,356,6.124,2.784,3.213,16.097,6.217,3.917
P16234,27,516,357,6.211,3.005,3.514,16.097,6.217,3.917
P16234,27,516,358,6.384,3.323,3.378,16.097,6.217,3.917
P16234,27,516,359,6.177,3.543,3.619,16.097,6.217,3.917
P16234,27,516,360,5.826,3.686,3.535,16.097,6.217,3.917
P16234,27,516,361,5.737,3.563,3.176,16.097,6.217,3.917
P16234,27,516,362,5.736,3.712,2.82,16.097,6.217,3.917
P16234,27,516,363,5.945,3.404,2.717,16.097,6.217,3.917
P16234,27,516,364,6.326,3.458,2.719,16.097,6.217,3.917
P16234,27,516,365,6.607,3.202,2.678,16.097,6.217,3.917
P16234,27,516,366,6.958,3.29,2.554,16.097,6.217,3.917
P16234,27,516,367,7.264,3.056,2.522,16.097,6.217,3.917
P16234,27,516,368,7.538,3.207,2.305,16.097,6.217,3.917
P16234,27,516,369,7.883,3.032,2.289,16.097,6.217,3.917
P16234,27,516,370,7.978,3.1,1.922,16.097,6.217,3.917
P16234,27,516,371,8.293,2.878,1.914,16.097,6.217,3.917
P16234,27,516,372,8.481,2.641,2.152,16.097,6.217,3.917
P16234,27,516,373,8.235,2.35,2.088,16.097,6.217,3.917
P16234,27,516,374,7.943,2.542,1.92,16.097,6.217,3.917
P16234,27,516,375,7.655,2.685,2.121,16.097,6.217,3.917
P16234,27,516,376,7.335,2.856,1.997,16.097,6.217,3.917
P16234,27,516,377,7.029,2.845,2.217,16.097,6.217,3.917
P16234,27,516,378,6.749,3.094,2.136,16.097,6.217,3.917
P16234,27,516,379,6.395,3.072,2.278,16.097,6.217,3.917
P16234,27,516,380,6.216,3.407,2.218,16.097,6.217,3.917
P16234,27,516,381,5.848,3.48,2.276,16.097,6.217,3.917
P16234,27,516,382,5.832,3.862,2.315,16.097,6.217,3.917
P16234,27,516,383,5.447,3.866,2.274,16.097,6.217,3.917
P16234,27,516,384,5.271,3.532,2.215,16.097,6.217,3.917
P16234,27,516,385,4.968,3.464,2.443,16.097,6.217,3.917
P16234,27,516,386,4.713,3.179,2.43,16.097,6.217,3.917
P16234,27,516,387,4.875,3.04,2.752,16.097,6.217,3.917
P16234,27,516,388,5.204,3.009,2.55,16.097,6.217,3.917
P16234,27,516,389,5.065,2.705,2.362,16.097,6.217,3.917
P16234,27,516,390,5.224,2.367,2.45,16.097,6.217,3.917
P16234,27,516,391,5.525,2.132,2.421,16.097,6.217,3.917
P16234,27,516,392,5.866,2.307,2.428,16.097,6.217,3.917
P16234,27,516,393,6.169,2.08,2.492,16.097,6.217,3.917
P16234,27,516,394,6.537,2.179,2.474,16.097,6.217,3.917
P16234,27,516,395,6.766,1.956,2.687,16.097,6.217,3.917
P16234,27,516,396,7.146,1.961,2.643,16.097,6.217,3.917
P16234,27,516,397,7.354,1.759,2.895,16.097,6.217,3.917
P16234,27,516,398,7.726,1.718,2.973,16.097,6.217,3.917
P16234,27,516,399,7.923,1.462,3.182,16.097,6.217,3.917
P16234,27,516,400,7.93,1.2,2.896,16.097,6.217,3.917
P16234,27,516,401,7.597,1.255,2.706,16.097,6.217,3.917
P16234,27,516,402,7.234,1.384,2.728,16.097,6.217,3.917
P16234,27,516,403,7.018,1.486,2.427,16.097,6.217,3.917
P16234,27,516,404,6.68,1.659,2.379,16.097,6.217,3.917
P16234,27,516,405,6.443,1.791,2.109,16.097,6.217,3.917
P16234,27,516,406,6.067,1.871,2.146,16.097,6.217,3.917
P16234,27,516,407,5.821,2.079,1.938,16.097,6.217,3.917
P16234,27,516,408,5.45,2.176,1.983,16.097,6.217,3.917
P16234,27,516,409,5.354,2.548,1.971,16.097,6.217,3.917
P16234,27,516,410,4.996,2.655,1.885,16.097,6.217,3.917
P16234,27,516,411,4.879,3.016,1.944,16.097,6.217,3.917
P16234,27,516,412,4.621,3.121,1.68,16.097,6.217,3.917
P16234,27,516,413,4.307,3.307,1.804,16.097,6.217,3.917
P16234,27,516,414,4.04,3.493,1.593,16.097,6.217,3.917
P16234,27,516,415,3.671,3.398,1.636,16.097,6.217,3.917
P16234,27,516,416,3.494,3.582,1.923,16.097,6.217,3.917
P16234,27,516,417,3.136,3.555,2.062,16.097,6.217,3.917
P16234,27,516,418,3.156,3.496,2.44,16.097,6.217,3.917
P16234,27,516,419,2.777,3.508,2.504,16.097,6.217,3.917
P16234,27,516,420,2.435,3.564,2.332,16.097,6.217,3.917
P16234,27,516,421,2.123,3.514,2.556,16.097,6.217,3.917
P16234,27,516,422,1.745,3.455,2.547,16.097,6.217,3.917
P16234,27,516,423,1.694,3.144,2.768,16.097,6.217,3.917
P16234,27,516,424,1.332,3.242,2.849,16.097,6.217,3.917
P16234,27,516,425,1.147,2.926,2.971,16.097,6.217,3.917
P16234,27,516,426,0.854,3.077,3.168,16.097,6.217,3.917
P16234,27,516,427,0.516,3.198,3.022,16.097,6.217,3.917
P16234,27,516,428,0.418,2.879,2.822,16.097,6.217,3.917
P16234,27,516,429,0.74,2.756,2.648,16.097,6.217,3.917
P16234,27,516,430,0.913,2.87,2.326,16.097,6.217,3.917
P16234,27,516,431,1.192,3.136,2.332,16.097,6.217,3.917
P16234,27,516,432,1.549,2.995,2.3,16.097,6.217,3.917
P16234,27,516,433,1.852,3.198,2.185,16.097,6.217,3.917
P16234,27,516,434,2.193,3.052,2.284,16.097,6.217,3.917
P16234,27,516,435,2.524,3.173,2.13,16.097,6.217,3.917
P16234,27,516,436,2.872,3.061,2.251,16.097,6.217,3.917
P16234,27,516,437,3.186,3.141,2.048,16.097,6.217,3.917
P16234,27,516,438,3.563,3.08,2.093,16.097,6.217,3.917
P16234,27,516,439,3.86,3.063,1.85,16.097,6.217,3.917
P16234,27,516,440,4.169,2.87,1.73,16.097,6.217,3.917
P16234,27,516,441,4.083,2.729,1.476,16.097,6.217,3.917
P16234,27,516,442,3.729,2.652,1.608,16.097,6.217,3.917
P16234,27,516,443,3.468,2.897,1.466,16.097,6.217,3.917
P16234,27,516,444,3.161,2.813,1.252,16.097,6.217,3.917
P16234,27,516,445,2.817,2.946,1.375,16.097,6.217,3.917
P16234,27,516,446,2.559,3.094,1.134,16.097,6.217,3.917
P16234,27,516,447,2.213,3.221,1.243,16.097,6.217,3.917
P16234,27,516,448,2.029,3.517,1.08,16.097,6.217,3.917
P16234,27,516,449,1.689,3.688,1.141,16.097,6.217,3.917
P16234,27,516,450,1.544,4.034,1.067,16.097,6.217,3.917
P16234,27,516,451,1.163,4.093,1.096,16.097,6.217,3.917
P16234,27,516,452,1.153,4.466,1.007,16.097,6.217,3.917
P16234,27,516,453,1.331,4.644,1.299,16.097,6.217,3.917
P16234,27,516,454,1.325,4.972,1.094,16.097,6.217,3.917
P16234,27,516,455,1.54,4.804,0.82,16.097,6.217,3.917
P16234,27,516,456,1.78,4.575,1.02,16.097,6.217,3.917
P16234,27,516,457,2.054,4.843,0.973,16.097,6.217,3.917
P16234,27,516,458,2.059,4.727,0.605,16.097,6.217,3.917
P16234,27,516,459,2.265,4.405,0.555,16.097,6.217,3.917
P16234,27,516,460,2.006,4.315,0.279,16.097,6.217,3.917
P16234,27,516,461,1.725,4.281,0.544,16.097,6.217,3.917
P16234,27,516,462,1.887,3.979,0.717,16.097,6.217,3.917
P16234,27,516,463,1.78,3.624,0.619,16.097,6.217,3.917
P16234,27,516,464,1.987,3.31,0.695,16.097,6.217,3.917
P16234,27,516,465,1.811,3.045,0.907,16.097,6.217,3.917
P16234,27,516,466,1.818,2.738,0.682,16.097,6.217,3.917
P16234,27,516,467,1.745,2.414,0.875,16.097,6.217,3.917
P16234,27,516,468,1.38,2.287,0.83,16.097,6.217,3.917
P16234,27,516,469,1.145,2.581,0.9,16.097,6.217,3.917
P16234,27,516,470,0.864,2.397,1.093,16.097,6.217,3.917
P16234,27,516,471,0.886,2.616,1.411,16.097,6.217,3.917
P16234,27,516,472,1.27,2.661,1.446,16.097,6.217,3.917
P16234,27,516,473,1.536,2.407,1.564,16.097,6.217,3.917
P16234,27,516,474,1.913,2.48,1.544,16.097,6.217,3.917
P16234,27,516,475,2.176,2.282,1.742,16.097,6.217,3.917
P16234,27,516,476,2.561,2.316,1.74,16.097,6.217,3.917
P16234,27,516,477,2.781,2.155,2.011,16.097,6.217,3.917
P16234,27,516,478,3.163,2.167,2.044,16.097,6.217,3.917
P16234,27,516,479,3.225,2.223,2.42,16.097,6.217,3.917
P16234,27,516,480,3.61,2.231,2.424,16.097,6.217,3.917
P16234,27,516,481,3.906,2.25,2.173,16.097,6.217,3.917
P16234,27,516,482,3.845,2.63,2.129,16.097,6.217,3.917
P16234,27,516,483,3.469,2.668,2.214,16.097,6.217,3.917
P16234,27,516,484,3.141,2.604,2.026,16.097,6.217,3.917
P16234,27,516,485,2.776,2.651,2.137,16.097,6.217,3.917
P16234,27,516,486,2.494,2.727,1.891,16.097,6.217,3.917
P16234,27,516,487,2.122,2.723,1.988,16.097,6.217,3.917
P16234,27,516,488,1.806,2.842,1.806,16.097,6.217,3.917
P16234,27,516,489,1.452,2.774,1.942,16.097,6.217,3.917
P16234,27,516,490,1.134,2.969,1.843,16.097,6.217,3.917
P16234,27,516,491,0.795,2.798,1.902,16.097,6.217,3.917
P16234,27,516,492,0.611,3.139,1.927,16.097,6.217,3.917
P16234,27,516,493,0.716,3.508,1.882,16.097,6.217,3.917
P16234,27,516,494,0.414,3.724,1.78,16.097,6.217,3.917
P16234,27,516,495,0.611,4.035,1.666,16.097,6.217,3.917
P16234,27,516,496,0.941,4.191,1.784,16.097,6.217,3.917
P16234,27,516,497,1.224,4.018,1.583,16.097,6.217,3.917
P16234,27,516,498,1.605,4.058,1.572,16.097,6.217,3.917
P16234,27,516,499,1.831,3.746,1.582,16.097,6.217,3.917
P16234,27,516,500,2.204,3.765,1.486,16.097,6.217,3.917
P16234,27,516,501,2.472,3.507,1.566,16.097,6.217,3.917
P16234,27,516,502,2.773,3.511,1.326,16.097,6.217,3.917
P16234,27,516,503,3.088,3.327,1.446,16.097,6.217,3.917
P16234,27,516,504,3.369,3.292,1.183,16.097,6.217,3.917
P16234,27,516,505,3.714,3.13,1.154,16.097,6.217,3.917
P16234,27,516,506,4.02,3.162,0.92,16.097,6.217,3.917
P16234,27,516,507,4.14,3.476,1.113,16.097,6.217,3.917
P16234,27,516,508,3.817,3.676,1.173,16.097,6.217,3.917
P16234,27,516,509,3.438,3.694,1.202,16.097,6.217,3.917
P16234,27,516,510,3.238,3.843,1.496,16.097,6.217,3.917
P16234,27,516,511,2.861,3.901,1.499,16.097,6.217,3.917
P16234,27,516,512,2.616,3.994,1.78,16.097,6.217,3.917
P16234,27,516,513,2.242,4.079,1.767,16.097,6.217,3.917
P16234,27,516,514,1.961,4.02,2.021,16.097,6.217,3.917
P16234,27,516,515,1.601,4.159,2.003,16.097,6.217,3.917
P16234,27,516,516,1.324,3.914,2.1,16.097,6.217,3.917
P16410,36,161,36,5.674,2.701,1.673,6.314,3.541,2.836
P16410,36,161,37,5.319,2.74,1.803,6.314,3.541,2.836
P16410,36,161,38,5.179,2.472,2.038,6.314,3.541,2.836
P16410,36,161,39,4.868,2.51,2.254,6.314,3.541,2.836
P16410,36,161,40,4.56,2.294,2.175,6.314,3.541,2.836
P16410,36,161,41,4.287,2.264,2.441,6.314,3.541,2.836
P16410,36,161,42,3.929,2.186,2.332,6.314,3.541,2.836
P16410,36,161,43,3.591,2.181,2.516,6.314,3.541,2.836
P16410,36,161,44,3.406,2.513,2.471,6.314,3.541,2.836
P16410,36,161,45,3.06,2.356,2.398,6.314,3.541,2.836
P16410,36,161,46,2.937,2.007,2.298,6.314,3.541,2.836
P16410,36,161,47,2.583,1.883,2.229,6.314,3.541,2.836
P16410,36,161,48,2.534,1.642,1.938,6.314,3.541,2.836
P16410,36,161,49,2.32,1.332,2.001,6.314,3.541,2.836
P16410,36,161,50,1.973,1.295,1.838,6.314,3.541,2.836
P16410,36,161,51,2.15,1.083,1.567,6.314,3.541,2.836
P16410,36,161,52,2.38,1.373,1.466,6.314,3.541,2.836
P16410,36,161,53,2.685,1.227,1.652,6.314,3.541,2.836
P16410,36,161,54,2.918,1.471,1.835,6.314,3.541,2.836
P16410,36,161,55,3.232,1.368,2.029,6.314,3.541,2.836
P16410,36,161,56,3.502,1.606,2.157,6.314,3.541,2.836
P16410,36,161,57,3.864,1.589,2.275,6.314,3.541,2.836
P16410,36,161,58,4.164,1.774,2.135,6.314,3.541,2.836
P16410,36,161,59,4.446,1.789,2.39,6.314,3.541,2.836
P16410,36,161,60,4.779,1.93,2.265,6.314,3.541,2.836
P16410,36,161,61,5.093,2.026,2.459,6.314,3.541,2.836
P16410,36,161,62,5.366,1.831,2.271,6.314,3.541,2.836
P16410,36,161,63,5.702,2.021,2.309,6.314,3.541,2.836
P16410,36,161,64,5.884,1.699,2.194,6.314,3.541,2.836
P16410,36,161,65,5.853,1.327,2.103,6.314,3.541,2.836
P16410,36,161,66,5.653,1.348,1.78,6.314,3.541,2.836
P16410,36,161,67,5.623,1.026,1.576,6.314,3.541,2.836
P16410,36,161,68,5.402,1.165,1.29,6.314,3.541,2.836
P16410,36,161,69,5.093,1.373,1.377,6.314,3.541,2.836
P16410,36,161,70,4.83,1.524,1.144,6.314,3.541,2.836
P16410,36,161,71,4.49,1.621,1.29,6.314,3.541,2.836
P16410,36,161,72,4.249,1.837,1.09,6.314,3.541,2.836
P16410,36,161,73,3.894,1.937,1.191,6.314,3.541,2.836
P16410,36,161,74,3.797,2.279,1.062,6.314,3.541,2.836
P16410,36,161,75,3.438,2.412,1.064,6.314,3.541,2.836
P16410,36,161,76,3.396,2.789,1.088,6.314,3.541,2.836
P16410,36,161,77,3.061,2.928,0.961,6.314,3.541,2.836
P16410,36,161,78,2.981,3.288,0.844,6.314,3.541,2.836
P16410,36,161,79,3.359,3.38,0.819,6.314,3.541,2.836
P16410,36,161,80,3.427,3.076,0.593,6.314,3.541,2.836
P16410,36,161,81,3.662,2.805,0.726,6.314,3.541,2.836
P16410,36,161,82,3.595,2.46,0.575,6.314,3.541,2.836
P16410,36,161,83,3.795,2.138,0.617,6.314,3.541,2.836
P16410,36,161,84,3.557,1.868,0.752,6.314,3.541,2.836
P16410,36,161,85,3.816,1.593,0.795,6.314,3.541,2.836
P16410,36,161,86,4.19,1.527,0.811,6.314,3.541,2.836
P16410,36,161,87,4.389,1.226,0.934,6.314,3.541,2.836
P16410,36,161,88,4.762,1.153,0.969,6.314,3.541,2.836
P16410,36,161,89,4.879,0.89,1.218,6.314,3.541,2.836
P16410,36,161,90,5.195,0.763,1.383,6.314,3.541,2.836
P16410,36,161,91,5.226,0.81,1.762,6.314,3.541,2.836
P16410,36,161,92,5.102,0.481,1.92,6.314,3.541,2.836
P16410,36,161,93,4.914,0.365,1.605,6.314,3.541,2.836
P16410,36,161,94,4.537,0.387,1.548,6.314,3.541,2.836
P16410,36,161,95,4.395,0.71,1.404,6.314,3.541,2.836
P16410,36,161,96,4.272,0.616,1.054,6.314,3.541,2.836
P16410,36,161,97,4.062,0.865,0.862,6.314,3.541,2.836
P16410,36,161,98,3.968,0.787,0.5,6.314,3.541,2.836
P16410,36,161,99,3.701,0.507,0.501,6.314,3.541,2.836
P16410,36,161,100,3.434,0.746,0.351,6.314,3.541,2.836
P16410,36,161,101,3.495,1.019,0.615,6.314,3.541,2.836
P16410,36,161,102,3.226,1.152,0.85,6.314,3.541,2.836
P16410,36,161,103,3.497,1.152,1.124,6.314,3.541,2.836
P16410,36,161,104,3.615,0.871,1.351,6.314,3.541,2.836
P16410,36,161,105,3.866,0.904,1.632,6.314,3.541,2.836
P16410,36,161,106,4.128,0.757,1.864,6.314,3.541,2.836
P16410,36,161,107,4.466,0.888,1.98,6.314,3.541,2.836
P16410,36,161,108,4.585,0.832,2.339,6.314,3.541,2.836
P16410,36,161,109,4.91,1.006,2.432,6.314,3.541,2.836
P16410,36,161,110,4.87,1.384,2.379,6.314,3.541,2.836
P16410,36,161,111,4.486,1.354,2.344,6.314,3.541,2.836
P16410,36,161,112,4.283,1.297,2.027,6.314,3.541,2.836
P16410,36,161,113,3.922,1.187,2.073,6.314,3.541,2.836
P16410,36,161,114,3.723,1.294,1.766,6.314,3.541,2.836
P16410,36,161,115,3.372,1.176,1.677,6.314,3.541,2.836
P16410,36,161,116,3.183,1.343,1.39,6.314,3.541,2.836
P16410,36,161,117,2.874,1.154,1.266,6.314,3.541,2.836
P16410,36,161,118,2.58,1.252,1.036,6.314,3.541,2.836
P16410,36,161,119,2.556,1.614,1.168,6.314,3.541,2.836
P16410,36,161,120,2.229,1.803,1.09,6.314,3.541,2.836
P16410,36,161,121,2.083,2.122,1.251,6.314,3.541,2.836
P16410,36,161,122,2.242,2.321,0.959,6.314,3.541,2.836
P16410,36,161,123,2.586,2.177,1.064,6.314,3.541,2.836
P16410,36,161,124,2.569,2.367,1.399,6.314,3.541,2.836
P16410,36,161,125,2.878,2.589,1.437,6.314,3.541,2.836
P16410,36,161,126,3.235,2.628,1.565,6.314,3.541,2.836
P16410,36,161,127,3.466,2.325,1.516,6.314,3.541,2.836
P16410,36,161,128,3.84,2.405,1.542,6.314,3.541,2.836
P16410,36,161,129,4.098,2.132,1.598,6.314,3.541,2.836
P16410,36,161,130,4.422,2.188,1.403,6.314,3.541,2.836
P16410,36,161,131,4.71,1.96,1.511,6.314,3.541,2.836
P16410,36,161,132,5.043,1.936,1.324,6.314,3.541,2.836
P16410,36,161,133,5.358,1.754,1.446,6.314,3.541,2.836
P16410,36,161,134,5.531,1.664,1.118,6.314,3.541,2.836
P16410,36,161,135,5.808,1.423,1.23,6.314,3.541,2.836
P16410,36,161,136,6.071,1.436,1.372,6.314,3.541,2.836
P16410,36,161,137,6.169,1.799,1.287,6.314,3.541,2.836
P16410,36,161,138,6.107,2.073,1.388,6.314,3.541,2.836
P16410,36,161,139,5.749,2.118,1.262,6.314,3.541,2.836
P16410,36,161,140,5.495,2.235,1.526,6.314,3.541,2.836
P16410,36,161,141,5.148,2.377,1.46,6.314,3.541,2.836
P16410,36,161,142,4.864,2.41,1.712,6.314,3.541,2.836
P16410,36,161,143,4.517,2.556,1.653,6.314,3.541,2.836
P16410,36,161,144,4.254,2.508,1.925,6.314,3.541,2.836
P16410,36,161,145,4.011,2.777,2.047,6.314,3.541,2.836
P16410,36,161,146,3.721,2.581,1.885,6.314,3.541,2.836
P16410,36,161,147,3.426,2.377,2.015,6.314,3.541,2.836
P16410,36,161,148,3.073,2.509,1.965,6.314,3.541,2.836
P16410,36,161,149,2.872,2.205,1.846,6.314,3.541,2.836
P16410,36,161,150,2.493,2.232,1.882,6.314,3.541,2.836
P16410,36,161,151,2.286,1.992,1.672,6.314,3.541,2.836
P16410,36,161,152,1.936,1.98,1.817,6.314,3.541,2.836
P16410,36,161,153,1.696,1.833,1.565,6.314,3.541,2.836
P16410,36,161,154,1.472,1.607,1.774,6.314,3.541,2.836
P16410,36,161,155,1.141,1.791,1.755,6.314,3.541,2.836
P16410,36,161,156,0.906,1.523,1.614,6.314,3.541,2.836
P16410,36,161,157,0.743,1.424,1.94,6.314,3.541,2.836
P16410,36,161,158,0.432,1.269,1.783,6.314,3.541,2.836
P16410,36,161,159,0.481,0.898,1.868,6.314,3.541,2.836
P16410,36,161,160,0.269,0.918,2.182,6.314,3.541,2.836
P16410,36,161,161,0.21,0.545,2.126,6.314,3.541,2.836
P16422,24,260,24,2.344,0.098,2.335,6.44,5.42,4.69
P16422,24,260,25,2.712,0.159,2.425,6.44,5.42,4.69
P16422,24,260,26,2.731,0.459,2.665,6.44,5.42,4.69
P16422,24,260,27,2.975,0.745,2.589,6.44,5.42,4.69
P16422,24,260,28,3.102,1.08,2.73,6.44,5.42,4.69
P16422,24,260,29,3.054,1.406,2.535,6.44,5.42,4.69
P16422,24,260,30,3.409,1.55,2.567,6.44,5.42,4.69
P16422,24,260,31,3.336,1.864,2.356,6.44,5.42,4.69
P16422,24,260,32,3.01,1.953,2.541,6.44,5.42,4.69
P16422,24,260,33,2.941,1.886,2.915,6.44,5.42,4.69
P16422,24,260,34,2.574,2.006,2.91,6.44,5.42,4.69
P16422,24,260,35,2.45,1.687,2.737,6.44,5.42,4.69
P16422,24,260,36,2.258,1.379,2.868,6.44,5.42,4.69
P16422,24,260,37,2.142,1.037,2.734,6.44,5.42,4.69
P16422,24,260,38,2.476,0.984,2.554,6.44,5.42,4.69
P16422,24,260,39,2.529,0.672,2.336,6.44,5.42,4.69
P16422,24,260,40,2.752,0.554,2.047,6.44,5.42,4.69
P16422,24,260,41,2.554,0.571,1.72,6.44,5.42,4.69
P16422,24,260,42,2.587,0.347,1.407,6.44,5.42,4.69
P16422,24,260,43,2.86,0.585,1.272,6.44,5.42,4.69
P16422,24,260,44,3.072,0.524,1.592,6.44,5.42,4.69
P16422,24,260,45,3.003,0.884,1.704,6.44,5.42,4.69
P16422,24,260,46,2.901,0.982,2.057,6.44,5.42,4.69
P16422,24,260,47,2.545,1.116,2.023,6.44,5.42,4.69
P16422,24,260,48,2.362,1.29,2.311,6.44,5.42,4.69
P16422,24,260,49,2.058,1.506,2.397,6.44,5.42,4.69
P16422,24,260,50,2.132,1.872,2.487,6.44,5.42,4.69
P16422,24,260,51,2.011,1.976,2.837,6.44,5.42,4.69
P16422,24,260,52,1.708,2.215,2.828,6.44,5.42,4.69
P16422,24,260,53,1.637,2.119,2.461,6.44,5.42,4.69
P16422,24,260,54,1.526,1.804,2.268,6.44,5.42,4.69
P16422,24,260,55,1.802,1.863,2.009,6.44,5.42,4.69
P16422,24,260,56,2.05,1.587,1.93,6.44,5.42,4.69
P16422,24,260,57,2.423,1.676,1.958,6.44,5.42,4.69
P16422,24,260,58,2.71,1.488,1.787,6.44,5.42,4.69
P16422,24,260,59,3.003,1.523,2.03,6.44,5.42,4.69
P16422,24,260,60,3.273,1.506,1.757,6.44,5.42,4.69
P16422,24,260,61,3.229,1.89,1.728,6.44,5.42,4.69
P16422,24,260,62,3.123,2.184,1.949,6.44,5.42,4.69
P16422,24,260,63,2.752,2.21,2.032,6.44,5.42,4.69
P16422,24,260,64,2.587,2.518,1.876,6.44,5.42,4.69
P16422,24,260,65,2.587,2.836,2.096,6.44,5.42,4.69
P16422,24,260,66,2.203,2.843,2.112,6.44,5.42,4.69
P16422,24,260,67,2.191,2.489,2.266,6.44,5.42,4.69
P16422,24,260,68,2.463,2.583,2.517,6.44,5.42,4.69
P16422,24,260,69,2.275,2.902,2.619,6.44,5.42,4.69
P16422,24,260,70,1.95,2.694,2.641,6.44,5.42,4.69
P16422,24,260,71,2.119,2.439,2.871,6.44,5.42,4.69
P16422,24,260,72,2.27,2.714,3.095,6.44,5.42,4.69
P16422,24,260,73,1.925,2.876,3.126,6.44,5.42,4.69
P16422,24,260,74,1.762,2.543,3.229,6.44,5.42,4.69
P16422,24,260,75,1.935,2.55,3.574,6.44,5.42,4.69
P16422,24,260,76,1.823,2.914,3.633,6.44,5.42,4.69
P16422,24,260,77,1.445,2.828,3.622,6.44,5.42,4.69
P16422,24,260,78,1.422,2.626,3.951,6.44,5.42,4.69
P16422,24,260,79,1.442,2.933,4.189,6.44,5.42,4.69
P16422,24,260,80,1.26,3.226,4.015,6.44,5.42,4.69
P16422,24,260,81,1.031,3.46,4.209,6.44,5.42,4.69
P16422,24,260,82,0.738,3.587,4.0,6.44,5.42,4.69
P16422,24,260,83,0.851,3.888,3.79,6.44,5.42,4.69
P16422,24,260,84,0.74,4.215,3.963,6.44,5.42,4.69
P16422,24,260,85,0.471,4.415,3.775,6.44,5.42,4.69
P16422,24,260,86,0.633,4.678,3.543,6.44,5.42,4.69
P16422,24,260,87,0.987,4.525,3.574,6.44,5.42,4.69
P16422,24,260,88,1.2,4.54,3.254,6.44,5.42,4.69
P16422,24,260,89,1.401,4.22,3.198,6.44,5.42,4.69
P16422,24,260,90,1.75,4.298,3.063,6.44,5.42,4.69
P16422,24,260,91,1.803,4.0,2.828,6.44,5.42,4.69
P16422,24,260,92,2.097,4.156,2.633,6.44,5.42,4.69
P16422,24,260,93,2.335,3.918,2.82,6.44,5.42,4.69
P16422,24,260,94,2.195,3.575,2.917,6.44,5.42,4.69
P16422,24,260,95,1.837,3.486,2.805,6.44,5.42,4.69
P16422,24,260,96,1.64,3.16,2.739,6.44,5.42,4.69
P16422,24,260,97,1.691,3.128,2.36,6.44,5.42,4.69
P16422,24,260,98,1.453,2.981,2.103,6.44,5.42,4.69
P16422,24,260,99,1.658,2.733,1.897,6.44,5.42,4.69
P16422,24,260,100,1.558,2.563,1.569,6.44,5.42,4.69
P16422,24,260,101,1.574,2.183,1.509,6.44,5.42,4.69
P16422,24,260,102,1.944,2.219,1.405,6.44,5.42,4.69
P16422,24,260,103,2.018,2.396,1.739,6.44,5.42,4.69
P16422,24,260,104,2.075,2.738,1.572,6.44,5.42,4.69
P16422,24,260,105,1.912,3.062,1.694,6.44,5.42,4.69
P16422,24,260,106,1.572,3.142,1.546,6.44,5.42,4.69
P16422,24,260,107,1.598,3.494,1.4,6.44,5.42,4.69
P16422,24,260,108,1.31,3.611,1.63,6.44,5.42,4.69
P16422,24,260,109,1.369,3.584,2.007,6.44,5.42,4.69
P16422,24,260,110,1.104,3.663,2.273,6.44,5.42,4.69
P16422,24,260,111,1.11,3.705,2.655,6.44,5.42,4.69
P16422,24,260,112,0.788,3.496,2.706,6.44,5.42,4.69
P16422,24,260,113,0.583,3.823,2.7,6.44,5.42,4.69
P16422,24,260,114,0.475,4.019,2.387,6.44,5.42,4.69
P16422,24,260,115,0.832,4.167,2.363,6.44,5.42,4.69
P16422,24,260,116,1.049,4.02,2.086,6.44,5.42,4.69
P16422,24,260,117,1.373,4.116,1.903,6.44,5.42,4.69
P16422,24,260,118,1.585,3.999,1.608,6.44,5.42,4.69
P16422,24,260,119,1.92,3.822,1.658,6.44,5.42,4.69
P16422,24,260,120,2.214,3.746,1.429,6.44,5.42,4.69
P16422,24,260,121,2.368,3.398,1.372,6.44,5.42,4.69
P16422,24,260,122,2.571,3.448,1.696,6.44,5.42,4.69
P16422,24,260,123,2.25,3.512,1.903,6.44,5.42,4.69
P16422,24,260,124,2.333,3.886,1.947,6.44,5.42,4.69
P16422,24,260,125,2.043,4.136,1.945,6.44,5.42,4.69
P16422,24,260,126,2.037,4.358,1.632,6.44,5.42,4.69
P16422,24,260,127,1.7,4.542,1.676,6.44,5.42,4.69
P16422,24,260,128,1.497,4.716,1.944,6.44,5.42,4.69
P16422,24,260,129,1.245,4.512,2.146,6.44,5.42,4.69
P16422,24,260,130,0.888,4.539,2.009,6.44,5.42,4.69
P16422,24,260,131,0.545,4.362,2.014,6.44,5.42,4.69
P16422,24,260,132,0.505,4.363,1.631,6.44,5.42,4.69
P16422,24,260,133,0.862,4.278,1.517,6.44,5.42,4.69
P16422,24,260,134,0.931,4.063,1.208,6.44,5.42,4.69
P16422,24,260,135,1.267,3.882,1.171,6.44,5.42,4.69
P16422,24,260,136,1.256,3.735,0.817,6.44,5.42,4.69
P16422,24,260,137,1.613,3.595,0.818,6.44,5.42,4.69
P16422,24,260,138,1.91,3.494,1.036,6.44,5.42,4.69
P16422,24,260,139,2.166,3.769,0.958,6.44,5.42,4.69
P16422,24,260,140,2.52,3.62,0.936,6.44,5.42,4.69
P16422,24,260,141,2.788,3.731,1.179,6.44,5.42,4.69
P16422,24,260,142,3.086,3.703,0.942,6.44,5.42,4.69
P16422,24,260,143,3.354,3.87,1.161,6.44,5.42,4.69
P16422,24,260,144,3.426,3.835,1.535,6.44,5.42,4.69
P16422,24,260,145,3.691,4.046,1.713,6.44,5.42,4.69
P16422,24,260,146,3.812,3.901,2.046,6.44,5.42,4.69
P16422,24,260,147,4.004,4.152,2.258,6.44,5.42,4.69
P16422,24,260,148,4.189,4.004,2.556,6.44,5.42,4.69
P16422,24,260,149,4.42,4.151,2.817,6.44,5.42,4.69
P16422,24,260,150,4.673,3.953,3.015,6.44,5.42,4.69
P16422,24,260,151,4.785,4.056,3.368,6.44,5.42,4.69
P16422,24,260,152,5.07,4.308,3.403,6.44,5.42,4.69
P16422,24,260,153,5.418,4.164,3.326,6.44,5.42,4.69
P16422,24,260,154,5.769,4.317,3.337,6.44,5.42,4.69
P16422,24,260,155,5.852,4.168,2.993,6.44,5.42,4.69
P16422,24,260,156,5.598,4.133,2.707,6.44,5.42,4.69
P16422,24,260,157,5.542,3.786,2.557,6.44,5.42,4.69
P16422,24,260,158,5.724,3.699,2.234,6.44,5.42,4.69
P16422,24,260,159,5.461,3.802,1.974,6.44,5.42,4.69
P16422,24,260,160,5.536,3.503,1.742,6.44,5.42,4.69
P16422,24,260,161,5.522,3.243,2.024,6.44,5.42,4.69
P16422,24,260,162,5.198,3.399,2.162,6.44,5.42,4.69
P16422,24,260,163,5.037,3.395,1.811,6.44,5.42,4.69
P16422,24,260,164,5.142,3.029,1.763,6.44,5.42,4.69
P16422,24,260,165,5.007,2.927,2.109,6.44,5.42,4.69
P16422,24,260,166,4.666,3.098,2.05,6.44,5.42,4.69
P16422,24,260,167,4.636,2.967,1.69,6.44,5.42,4.69
P16422,24,260,168,4.722,2.613,1.815,6.44,5.42,4.69
P16422,24,260,169,4.463,2.633,2.097,6.44,5.42,4.69
P16422,24,260,170,4.187,2.779,1.87,6.44,5.42,4.69
P16422,24,260,171,4.25,2.506,1.606,6.44,5.42,4.69
P16422,24,260,172,4.305,2.198,1.832,6.44,5.42,4.69
P16422,24,260,173,4.061,2.259,2.123,6.44,5.42,4.69
P16422,24,260,174,3.779,2.442,1.941,6.44,5.42,4.69
P16422,24,260,175,3.837,2.268,1.602,6.44,5.42,4.69
P16422,24,260,176,3.827,2.596,1.405,6.44,5.42,4.69
P16422,24,260,177,3.977,2.565,1.057,6.44,5.42,4.69
P16422,24,260,178,4.3,2.78,1.061,6.44,5.42,4.69
P16422,24,260,179,4.175,2.961,0.743,6.44,5.42,4.69
P16422,24,260,180,3.915,3.146,0.96,6.44,5.42,4.69
P16422,24,260,181,4.186,3.291,1.195,6.44,5.42,4.69
P16422,24,260,182,4.277,3.601,0.989,6.44,5.42,4.69
P16422,24,260,183,4.482,3.79,1.252,6.44,5.42,4.69
P16422,24,260,184,4.628,3.768,1.604,6.44,5.42,4.69
P16422,24,260,185,4.774,4.106,1.713,6.44,5.42,4.69
P16422,24,260,186,4.966,4.168,2.036,6.44,5.42,4.69
P16422,24,260,187,5.041,4.524,2.15,6.44,5.42,4.69
P16422,24,260,188,5.055,4.7,2.493,6.44,5.42,4.69
P16422,24,260,189,4.943,4.378,2.68,6.44,5.42,4.69
P16422,24,260,190,4.627,4.359,2.458,6.44,5.42,4.69
P16422,24,260,191,4.565,4.06,2.229,6.44,5.42,4.69
P16422,24,260,192,4.324,4.107,1.934,6.44,5.42,4.69
P16422,24,260,193,4.203,3.793,1.752,6.44,5.42,4.69
P16422,24,260,194,4.013,3.827,1.423,6.44,5.42,4.69
P16422,24,260,195,3.785,3.538,1.324,6.44,5.42,4.69
P16422,24,260,196,3.632,3.573,0.972,6.44,5.42,4.69
P16422,24,260,197,3.382,3.323,0.823,6.44,5.42,4.69
P16422,24,260,198,3.144,3.446,0.55,6.44,5.42,4.69
P16422,24,260,199,2.827,3.263,0.432,6.44,5.42,4.69
P16422,24,260,200,3.007,3.158,0.106,6.44,5.42,4.69
P16422,24,260,201,3.314,3.007,0.286,6.44,5.42,4.69
P16422,24,260,202,3.134,2.804,0.558,6.44,5.42,4.69
P16422,24,260,203,3.075,2.435,0.482,6.44,5.42,4.69
P16422,24,260,204,2.842,2.206,0.684,6.44,5.42,4.69
P16422,24,260,205,3.16,2.05,0.832,6.44,5.42,4.69
P16422,24,260,206,3.321,2.376,0.954,6.44,5.42,4.69
P16422,24,260,207,3.283,2.482,1.32,6.44,5.42,4.69
P16422,24,260,208,3.109,2.822,1.347,6.44,5.42,4.69
P16422,24,260,209,3.325,3.12,1.46,6.44,5.42,4.69
P16422,24,260,210,3.032,3.221,1.689,6.44,5.42,4.69
P16422,24,260,211,3.051,2.884,1.873,6.44,5.42,4.69
P16422,24,260,212,3.433,2.916,1.904,6.44,5.42,4.69
P16422,24,260,213,3.412,3.274,2.037,6.44,5.42,4.69
P16422,24,260,214,3.152,3.169,2.299,6.44,5.42,4.69
P16422,24,260,215,3.341,2.854,2.413,6.44,5.42,4.69
P16422,24,260,216,3.664,3.059,2.426,6.44,5.42,4.69
P16422,24,260,217,3.491,3.334,2.634,6.44,5.42,4.69
P16422,24,260,218,3.363,3.062,2.875,6.44,5.42,4.69
P16422,24,260,219,3.712,2.907,2.907,6.44,5.42,4.69
P16422,24,260,220,3.87,3.253,2.978,6.44,5.42,4.69
P16422,24,260,221,3.598,3.306,3.247,6.44,5.42,4.69
P16422,24,260,222,3.672,2.963,3.409,6.44,5.42,4.69
P16422,24,260,223,3.324,2.836,3.297,6.44,5.42,4.69
P16422,24,260,224,3.463,2.569,3.052,6.44,5.42,4.69
P16422,24,260,225,3.192,2.393,2.845,6.44,5.42,4.69
P16422,24,260,226,3.415,2.086,2.784,6.44,5.42,4.69
P16422,24,260,227,3.372,1.77,2.996,6.44,5.42,4.69
P16422,24,260,228,3.738,1.703,3.093,6.44,5.42,4.69
P16422,24,260,229,3.953,1.905,2.844,6.44,5.42,4.69
P16422,24,260,230,4.122,2.21,3.007,6.44,5.42,4.69
P16422,24,260,231,4.238,2.522,2.821,6.44,5.42,4.69
P16422,24,260,232,4.62,2.513,2.782,6.44,5.42,4.69
P16422,24,260,233,4.748,2.858,2.684,6.44,5.42,4.69
P16422,24,260,234,5.123,2.826,2.747,6.44,5.42,4.69
P16422,24,260,235,5.368,3.067,2.575,6.44,5.42,4.69
P16422,24,260,236,5.729,2.936,2.593,6.44,5.42,4.69
P16422,24,260,237,5.633,2.731,2.906,6.44,5.42,4.69
P16422,24,260,238,5.469,3.03,3.084,6.44,5.42,4.69
P16422,24,260,239,5.089,3.033,3.137,6.44,5.42,4.69
P16422,24,260,240,4.902,3.315,2.96,6.44,5.42,4.69
P16422,24,260,241,4.723,3.474,3.261,6.44,5.42,4.69
P16422,24,260,242,4.418,3.635,3.091,6.44,5.42,4.69
P16422,24,260,243,4.196,3.891,3.271,6.44,5.42,4.69
P16422,24,260,244,3.833,3.763,3.234,6.44,5.42,4.69
P16422,24,260,245,3.702,4.112,3.337,6.44,5.42,4.69
P16422,24,260,246,3.885,4.277,3.04,6.44,5.42,4.69
P16422,24,260,247,3.766,4.027,2.773,6.44,5.42,4.69
P16422,24,260,248,3.561,4.199,2.497,6.44,5.42,4.69
P16422,24,260,249,3.393,4.026,2.2,6.44,5.42,4.69
P16422,24,260,250,3.263,4.229,1.906,6.44,5.42,4.69
P16422,24,260,251,3.028,4.081,1.644,6.44,5.42,4.69
P16422,24,260,252,3.012,4.221,1.288,6.44,5.42,4.69
P16422,24,260,253,2.717,4.124,1.069,6.44,5.42,4.69
P16422,24,260,254,2.678,4.103,0.686,6.44,5.42,4.69
P16422,24,260,255,2.381,4.345,0.736,6.44,5.42,4.69
P16422,24,260,256,2.387,4.646,0.969,6.44,5.42,4.69
P16422,24,260,257,2.173,4.634,1.288,6.44,5.42,4.69
P16422,24,260,258,1.829,4.806,1.284,6.44,5.42,4.69
P16422,24,260,259,1.828,4.999,1.614,6.44,5.42,4.69
P16422,24,260,260,1.601,5.304,1.639,6.44,5.42,4.69
P28907,48,296,48,4.957,0.518,0.879,6.046,4.564,4.439
P28907,48,296,49,5.026,0.465,1.25,6.046,4.564,4.439
P28907,48,296,50,4.654,0.512,1.332,6.046,4.564,4.439
P28907,48,296,51,4.311,0.429,1.18,6.046,4.564,4.439
P28907,48,296,52,4.175,0.789,1.215,6.046,4.564,4.439
P28907,48,296,53,4.236,1.113,1.017,6.046,4.564,4.439
P28907,48,296,54,4.561,1.302,1.086,6.046,4.564,4.439
P28907,48,296,55,4.58,1.645,1.25,6.046,4.564,4.439
P28907,48,296,56,4.386,1.917,1.059,6.046,4.564,4.439
P28907,48,296,57,4.617,2.113,0.82,6.046,4.564,4.439
P28907,48,296,58,4.747,2.44,0.977,6.046,4.564,4.439
P28907,48,296,59,4.602,2.338,1.318,6.046,4.564,4.439
P28907,48,296,60,4.82,2.586,1.524,6.046,4.564,4.439
P28907,48,296,61,4.731,2.882,1.297,6.046,4.564,4.439
P28907,48,296,62,4.36,2.785,1.294,6.046,4.564,4.439
P28907,48,296,63,4.341,2.765,1.678,6.046,4.564,4.439
P28907,48,296,64,4.526,3.1,1.718,6.046,4.564,4.439
P28907,48,296,65,4.311,3.275,1.451,6.046,4.564,4.439
P28907,48,296,66,3.987,3.136,1.607,6.046,4.564,4.439
P28907,48,296,67,4.098,3.252,1.954,6.046,4.564,4.439
P28907,48,296,68,4.17,3.61,1.833,6.046,4.564,4.439
P28907,48,296,69,3.837,3.621,1.643,6.046,4.564,4.439
P28907,48,296,70,3.643,3.486,1.945,6.046,4.564,4.439
P28907,48,296,71,3.796,3.748,2.183,6.046,4.564,4.439
P28907,48,296,72,3.71,4.03,1.935,6.046,4.564,4.439
P28907,48,296,73,3.34,3.92,1.919,6.046,4.564,4.439
P28907,48,296,74,3.299,3.839,2.296,6.046,4.564,4.439
P28907,48,296,75,3.393,4.142,2.518,6.046,4.564,4.439
P28907,48,296,76,3.392,3.926,2.837,6.046,4.564,4.439
P28907,48,296,77,3.678,3.712,2.688,6.046,4.564,4.439
P28907,48,296,78,3.905,4.005,2.568,6.046,4.564,4.439
P28907,48,296,79,4.143,3.943,2.863,6.046,4.564,4.439
P28907,48,296,80,4.243,3.598,2.72,6.046,4.564,4.439
P28907,48,296,81,4.601,3.56,2.598,6.046,4.564,4.439
P28907,48,296,82,4.558,3.351,2.28,6.046,4.564,4.439
P28907,48,296,83,4.931,3.257,2.277,6.046,4.564,4.439
P28907,48,296,84,4.903,3.121,2.636,6.046,4.564,4.439
P28907,48,296,85,4.579,2.936,2.533,6.046,4.564,4.439
P28907,48,296,86,4.761,2.78,2.235,6.046,4.564,4.439
P28907,48,296,87,5.067,2.683,2.446,6.046,4.564,4.439
P28907,48,296,88,4.837,2.519,2.708,6.046,4.564,4.439
P28907,48,296,89,4.639,2.34,2.43,6.046,4.564,4.439
P28907,48,296,90,4.963,2.217,2.262,6.046,4.564,4.439
P28907,48,296,91,5.108,2.113,2.604,6.046,4.564,4.439
P28907,48,296,92,4.809,1.88,2.663,6.046,4.564,4.439
P28907,48,296,93,4.903,1.64,2.376,6.046,4.564,4.439
P28907,48,296,94,5.259,1.713,2.242,6.046,4.564,4.439
P28907,48,296,95,5.538,1.464,2.332,6.046,4.564,4.439
P28907,48,296,96,5.271,1.229,2.485,6.046,4.564,4.439
P28907,48,296,97,5.155,0.886,2.374,6.046,4.564,4.439
P28907,48,296,98,4.831,0.966,2.178,6.046,4.564,4.439
P28907,48,296,99,4.643,0.681,2.36,6.046,4.564,4.439
P28907,48,296,100,4.746,0.79,2.716,6.046,4.564,4.439
P28907,48,296,101,4.582,1.137,2.73,6.046,4.564,4.439
P28907,48,296,102,4.398,1.227,3.056,6.046,4.564,4.439
P28907,48,296,103,4.159,1.506,3.164,6.046,4.564,4.439
P28907,48,296,104,4.45,1.636,3.382,6.046,4.564,4.439
P28907,48,296,105,4.651,1.707,3.063,6.046,4.564,4.439
P28907,48,296,106,4.388,1.965,2.956,6.046,4.564,4.439
P28907,48,296,107,4.355,2.133,3.304,6.046,4.564,4.439
P28907,48,296,108,4.6,2.418,3.212,6.046,4.564,4.439
P28907,48,296,109,4.384,2.495,2.903,6.046,4.564,4.439
P28907,48,296,110,4.063,2.453,3.111,6.046,4.564,4.439
P28907,48,296,111,4.183,2.732,3.349,6.046,4.564,4.439
P28907,48,296,112,4.271,2.976,3.065,6.046,4.564,4.439
P28907,48,296,113,3.942,2.903,2.88,6.046,4.564,4.439
P28907,48,296,114,3.722,2.965,3.189,6.046,4.564,4.439
P28907,48,296,115,3.396,3.122,3.065,6.046,4.564,4.439
P28907,48,296,116,3.058,3.178,3.235,6.046,4.564,4.439
P28907,48,296,117,2.746,3.109,3.025,6.046,4.564,4.439
P28907,48,296,118,2.388,3.155,3.16,6.046,4.564,4.439
P28907,48,296,119,2.325,2.809,3.311,6.046,4.564,4.439
P28907,48,296,120,1.953,2.809,3.202,6.046,4.564,4.439
P28907,48,296,121,2.054,2.882,2.836,6.046,4.564,4.439
P28907,48,296,122,2.241,2.556,2.762,6.046,4.564,4.439
P28907,48,296,123,2.166,2.369,2.437,6.046,4.564,4.439
P28907,48,296,124,2.314,2.018,2.42,6.046,4.564,4.439
P28907,48,296,125,2.304,1.814,2.098,6.046,4.564,4.439
P28907,48,296,126,2.365,1.458,1.971,6.046,4.564,4.439
P28907,48,296,127,2.458,1.391,1.605,6.046,4.564,4.439
P28907,48,296,128,2.278,1.712,1.486,6.046,4.564,4.439
P28907,48,296,129,2.549,1.983,1.529,6.046,4.564,4.439
P28907,48,296,130,2.473,2.191,1.217,6.046,4.564,4.439
P28907,48,296,131,2.11,2.256,1.322,6.046,4.564,4.439
P28907,48,296,132,2.207,2.329,1.686,6.046,4.564,4.439
P28907,48,296,133,2.463,2.591,1.563,6.046,4.564,4.439
P28907,48,296,134,2.21,2.74,1.316,6.046,4.564,4.439
P28907,48,296,135,1.962,2.766,1.606,6.046,4.564,4.439
P28907,48,296,136,2.207,2.956,1.839,6.046,4.564,4.439
P28907,48,296,137,2.311,3.189,1.551,6.046,4.564,4.439
P28907,48,296,138,1.943,3.303,1.543,6.046,4.564,4.439
P28907,48,296,139,1.854,3.254,1.913,6.046,4.564,4.439
P28907,48,296,140,2.172,3.433,2.034,6.046,4.564,4.439
P28907,48,296,141,2.08,3.404,2.405,6.046,4.564,4.439
P28907,48,296,142,2.12,3.02,2.383,6.046,4.564,4.439
P28907,48,296,143,2.462,2.847,2.393,6.046,4.564,4.439
P28907,48,296,144,2.595,2.521,2.252,6.046,4.564,4.439
P28907,48,296,145,2.936,2.395,2.371,6.046,4.564,4.439
P28907,48,296,146,3.088,2.528,2.042,6.046,4.564,4.439
P28907,48,296,147,2.95,2.878,2.127,6.046,4.564,4.439
P28907,48,296,148,3.203,2.877,2.421,6.046,4.564,4.439
P28907,48,296,149,3.572,2.969,2.366,6.046,4.564,4.439
P28907,48,296,150,3.707,2.612,2.414,6.046,4.564,4.439
P28907,48,296,151,3.438,2.446,2.196,6.046,4.564,4.439
P28907,48,296,152,3.484,2.716,1.924,6.046,4.564,4.439
P28907,48,296,153,3.865,2.658,1.913,6.046,4.564,4.439
P28907,48,296,154,3.831,2.279,1.862,6.046,4.564,4.439
P28907,48,296,155,3.513,2.261,1.645,6.046,4.564,4.439
P28907,48,296,156,3.567,2.031,1.338,6.046,4.564,4.439
P28907,48,296,157,3.94,1.992,1.428,6.046,4.564,4.439
P28907,48,296,158,4.139,1.668,1.469,6.046,4.564,4.439
P28907,48,296,159,4.48,1.667,1.644,6.046,4.564,4.439
P28907,48,296,160,4.744,1.44,1.794,6.046,4.564,4.439
P28907,48,296,161,5.114,1.437,1.887,6.046,4.564,4.439
P28907,48,296,162,5.387,1.179,1.843,6.046,4.564,4.439
P28907,48,296,163,5.531,0.995,2.146,6.046,4.564,4.439
P28907,48,296,164,5.871,1.138,2.258,6.046,4.564,4.439
P28907,48,296,165,5.874,1.408,1.982,6.046,4.564,4.439
P28907,48,296,166,5.761,1.773,1.969,6.046,4.564,4.439
P28907,48,296,167,5.584,1.693,1.636,6.046,4.564,4.439
P28907,48,296,168,5.217,1.706,1.543,6.046,4.564,4.439
P28907,48,296,169,5.107,1.39,1.356,6.046,4.564,4.439
P28907,48,296,170,4.946,1.515,1.031,6.046,4.564,4.439
P28907,48,296,171,4.934,1.162,0.874,6.046,4.564,4.439
P28907,48,296,172,4.695,0.98,1.114,6.046,4.564,4.439
P28907,48,296,173,4.546,1.011,1.467,6.046,4.564,4.439
P28907,48,296,174,4.389,0.738,1.689,6.046,4.564,4.439
P28907,48,296,175,4.032,0.644,1.601,6.046,4.564,4.439
P28907,48,296,176,3.832,0.622,1.925,6.046,4.564,4.439
P28907,48,296,177,3.681,0.276,1.834,6.046,4.564,4.439
P28907,48,296,178,3.96,0.107,1.634,6.046,4.564,4.439
P28907,48,296,179,4.273,0.232,1.815,6.046,4.564,4.439
P28907,48,296,180,4.2,0.383,2.163,6.046,4.564,4.439
P28907,48,296,181,3.932,0.584,2.355,6.046,4.564,4.439
P28907,48,296,182,4.187,0.795,2.555,6.046,4.564,4.439
P28907,48,296,183,4.306,0.999,2.254,6.046,4.564,4.439
P28907,48,296,184,4.365,1.382,2.248,6.046,4.564,4.439
P28907,48,296,185,4.037,1.466,2.065,6.046,4.564,4.439
P28907,48,296,186,3.815,1.225,2.265,6.046,4.564,4.439
P28907,48,296,187,3.958,1.33,2.605,6.046,4.564,4.439
P28907,48,296,188,3.932,1.701,2.514,6.046,4.564,4.439
P28907,48,296,189,3.561,1.672,2.421,6.046,4.564,4.439
P28907,48,296,190,3.488,1.459,2.734,6.046,4.564,4.439
P28907,48,296,191,3.662,1.724,2.953,6.046,4.564,4.439
P28907,48,296,192,3.478,2.026,2.8,6.046,4.564,4.439
P28907,48,296,193,3.137,1.846,2.77,6.046,4.564,4.439
P28907,48,296,194,3.159,1.742,3.14,6.046,4.564,4.439
P28907,48,296,195,3.223,2.103,3.26,6.046,4.564,4.439
P28907,48,296,196,2.948,2.235,3.028,6.046,4.564,4.439
P28907,48,296,197,2.693,1.982,3.166,6.046,4.564,4.439
P28907,48,296,198,2.805,2.05,3.531,6.046,4.564,4.439
P28907,48,296,199,2.739,2.424,3.469,6.046,4.564,4.439
P28907,48,296,200,2.376,2.364,3.353,6.046,4.564,4.439
P28907,48,296,201,2.067,2.469,3.557,6.046,4.564,4.439
P28907,48,296,202,1.683,2.498,3.533,6.046,4.564,4.439
P28907,48,296,203,1.57,2.385,3.183,6.046,4.564,4.439
P28907,48,296,204,1.84,2.215,2.975,6.046,4.564,4.439
P28907,48,296,205,1.754,2.172,2.606,6.046,4.564,4.439
P28907,48,296,206,1.889,1.889,2.386,6.046,4.564,4.439
P28907,48,296,207,1.862,1.841,2.008,6.046,4.564,4.439
P28907,48,296,208,1.857,1.472,1.898,6.046,4.564,4.439
P28907,48,296,209,1.884,1.331,1.543,6.046,4.564,4.439
P28907,48,296,210,1.555,1.137,1.487,6.046,4.564,4.439
P28907,48,296,211,1.674,1.008,1.142,6.046,4.564,4.439
P28907,48,296,212,1.937,0.775,1.302,6.046,4.564,4.439
P28907,48,296,213,1.893,0.408,1.405,6.046,4.564,4.439
P28907,48,296,214,1.978,0.522,1.763,6.046,4.564,4.439
P28907,48,296,215,1.822,0.861,1.844,6.046,4.564,4.439
P28907,48,296,216,1.987,0.829,2.186,6.046,4.564,4.439
P28907,48,296,217,2.319,0.639,2.221,6.046,4.564,4.439
P28907,48,296,218,2.44,0.587,2.582,6.046,4.564,4.439
P28907,48,296,219,2.795,0.534,2.443,6.046,4.564,4.439
P28907,48,296,220,2.803,0.882,2.274,6.046,4.564,4.439
P28907,48,296,221,2.968,1.186,2.446,6.046,4.564,4.439
P28907,48,296,222,2.614,1.32,2.518,6.046,4.564,4.439
P28907,48,296,223,2.503,0.983,2.665,6.046,4.564,4.439
P28907,48,296,224,2.821,0.878,2.855,6.046,4.564,4.439
P28907,48,296,225,2.936,1.226,2.975,6.046,4.564,4.439
P28907,48,296,226,2.684,1.511,2.95,6.046,4.564,4.439
P28907,48,296,227,2.368,1.32,3.063,6.046,4.564,4.439
P28907,48,296,228,2.561,1.183,3.367,6.046,4.564,4.439
P28907,48,296,229,2.706,1.525,3.47,6.046,4.564,4.439
P28907,48,296,230,2.378,1.725,3.478,6.046,4.564,4.439
P28907,48,296,231,2.344,1.821,3.85,6.046,4.564,4.439
P28907,48,296,232,1.998,1.72,3.991,6.046,4.564,4.439
P28907,48,296,233,2.023,1.999,4.255,6.046,4.564,4.439
P28907,48,296,234,2.049,2.26,3.97,6.046,4.564,4.439
P28907,48,296,235,1.872,2.101,3.668,6.046,4.564,4.439
P28907,48,296,236,1.493,2.082,3.697,6.046,4.564,4.439
P28907,48,296,237,1.412,1.954,3.343,6.046,4.564,4.439
P28907,48,296,238,1.585,1.803,3.041,6.046,4.564,4.439
P28907,48,296,239,1.375,1.897,2.733,6.046,4.564,4.439
P28907,48,296,240,1.455,1.678,2.429,6.046,4.564,4.439
P28907,48,296,241,1.386,1.81,2.076,6.046,4.564,4.439
P28907,48,296,242,1.376,1.502,1.849,6.046,4.564,4.439
P28907,48,296,243,1.451,1.64,1.503,6.046,4.564,4.439
P28907,48,296,244,1.301,1.476,1.193,6.046,4.564,4.439
P28907,48,296,245,1.589,1.517,0.941,6.046,4.564,4.439
P28907,48,296,246,1.434,1.319,0.647,6.046,4.564,4.439
P28907,48,296,247,1.118,1.207,0.448,6.046,4.564,4.439
P28907,48,296,248,0.775,1.309,0.596,6.046,4.564,4.439
P28907,48,296,249,0.798,1.106,0.918,6.046,4.564,4.439
P28907,48,296,250,0.482,1.168,1.12,6.046,4.564,4.439
P28907,48,296,251,0.578,0.907,1.387,6.046,4.564,4.439
P28907,48,296,252,0.599,1.008,1.752,6.046,4.564,4.439
P28907,48,296,253,0.978,0.95,1.789,6.046,4.564,4.439
P28907,48,296,254,0.944,1.044,2.161,6.046,4.564,4.439
P28907,48,296,255,0.804,0.685,2.196,6.046,4.564,4.439
P28907,48,296,256,1.127,0.541,2.043,6.046,4.564,4.439
P28907,48,296,257,1.294,0.275,2.271,6.046,4.564,4.439
P28907,48,296,258,1.62,0.481,2.281,6.046,4.564,4.439
P28907,48,296,259,1.428,0.795,2.392,6.046,4.564,4.439
P28907,48,296,260,1.259,0.578,2.662,6.046,4.564,4.439
P28907,48,296,261,1.612,0.466,2.768,6.046,4.564,4.439
P28907,48,296,262,1.712,0.838,2.798,6.046,4.564,4.439
P28907,48,296,263,1.387,0.92,2.988,6.046,4.564,4.439
P28907,48,296,264,1.46,0.633,3.233,6.046,4.564,4.439
P28907,48,296,265,1.823,0.752,3.29,6.046,4.564,4.439
P28907,48,296,266,1.709,1.115,3.352,6.046,4.564,4.439
P28907,48,296,267,1.417,1.022,3.584,6.046,4.564,4.439
P28907,48,296,268,1.65,0.792,3.791,6.046,4.564,4.439
P28907,48,296,269,1.863,1.106,3.854,6.046,4.564,4.439
P28907,48,296,270,1.563,1.309,3.994,6.046,4.564,4.439
P28907,48,296,271,1.548,1.534,3.681,6.046,4.564,4.439
P28907,48,296,272,1.217,1.587,3.494,6.046,4.564,4.439
P28907,48,296,273,1.209,1.466,3.13,6.046,4.564,4.439
P28907,48,296,274,1.016,1.644,2.849,6.046,4.564,4.439
P28907,48,296,275,1.017,1.543,2.479,6.046,4.564,4.439
P28907,48,296,276,0.899,1.726,2.163,6.046,4.564,4.439
P28907,48,296,277,0.903,1.61,1.8,6.046,4.564,4.439
P28907,48,296,278,1.034,1.874,1.556,6.046,4.564,4.439
P28907,48,296,279,0.871,1.741,1.236,6.046,4.564,4.439
P28907,48,296,280,0.981,2.038,1.017,6.046,4.564,4.439
P28907,48,296,281,1.337,2.16,1.104,6.046,4.564,4.439
P28907,48,296,282,1.326,2.429,0.829,6.046,4.564,4.439
P28907,48,296,283,0.994,2.573,0.96,6.046,4.564,4.439
P28907,48,296,284,1.131,2.55,1.317,6.046,4.564,4.439
P28907,48,296,285,1.438,2.764,1.225,6.046,4.564,4.439
P28907,48,296,286,1.213,3.003,1.022,6.046,4.564,4.439
P28907,48,296,287,0.988,3.05,1.329,6.046,4.564,4.439
P28907,48,296,288,1.288,3.111,1.559,6.046,4.564,4.439
P28907,48,296,289,1.397,3.384,1.307,6.046,4.564,4.439
P28907,48,296,290,1.044,3.531,1.264,6.046,4.564,4.439
P28907,48,296,291,0.839,3.448,1.581,6.046,4.564,4.439
P28907,48,296,292,0.561,3.699,1.486,6.046,4.564,4.439
P28907,48,296,293,0.472,3.498,1.169,6.046,4.564,4.439
P28907,48,296,294,0.112,3.361,1.182,6.046,4.564,4.439
P28907,48,296,295,0.242,3.023,1.052,6.046,4.564,4.439
P28907,48,296,296,0.455,2.987,1.373,6.046,4.564,4.439
P35968,30,755,30,18.901,6.747,4.902,20.942,8.11,5.765
P35968,30,755,31,18.89,6.521,4.591,20.942,8.11,5.765
P35968,30,755,32,19.202,6.298,4.546,20.942,8.11,5.765
P35968,30,755,33,19.453,6.5,4.334,20.942,8.11,5.765
P35968,30,755,34,19.61,6.349,4.017,20.942,8.11,5.765
P35968,30,755,35,19.967,6.428,3.892,20.942,8.11,5.765
P35968,30,755,36,19.81,6.52,3.553,20.942,8.11,5.765
P35968,30,755,37,19.581,6.831,3.559,20.942,8.11,5.765
P35968,30,755,38,19.423,6.743,3.216,20.942,8.11,5.765
P35968,30,755,39,19.088,6.562,3.173,20.942,8.11,5.765
P35968,30,755,40,19.244,6.398,2.861,20.942,8.11,5.765
P35968,30,755,41,19.591,6.243,2.812,20.942,8.11,5.765
P35968,30,755,42,19.723,6.127,2.471,20.942,8.11,5.765
P35968,30,755,43,20.006,5.869,2.476,20.942,8.11,5.765
P35968,30,755,44,20.177,5.659,2.2,20.942,8.11,5.765
P35968,30,755,45,20.159,5.278,2.185,20.942,8.11,5.765
P35968,30,755,46,20.466,5.093,2.332,20.942,8.11,5.765
P35968,30,755,47,20.544,5.384,2.577,20.942,8.11,5.765
P35968,30,755,48,20.496,5.377,2.962,20.942,8.11,5.765
P35968,30,755,49,20.188,5.531,3.129,20.942,8.11,5.765
P35968,30,755,50,20.242,5.662,3.485,20.942,8.11,5.765
P35968,30,755,51,19.98,5.847,3.698,20.942,8.11,5.765
P35968,30,755,52,20.026,5.943,4.067,20.942,8.11,5.765
P35968,30,755,53,19.727,6.012,4.293,20.942,8.11,5.765
P35968,30,755,54,19.743,6.199,4.632,20.942,8.11,5.765
P35968,30,755,55,19.464,6.231,4.894,20.942,8.11,5.765
P35968,30,755,56,19.371,6.254,5.266,20.942,8.11,5.765
P35968,30,755,57,19.266,5.882,5.316,20.942,8.11,5.765
P35968,30,755,58,19.333,5.535,5.167,20.942,8.11,5.765
P35968,30,755,59,19.321,5.546,4.785,20.942,8.11,5.765
P35968,30,755,60,19.236,5.289,4.519,20.942,8.11,5.765
P35968,30,755,61,19.26,5.275,4.138,20.942,8.11,5.765
P35968,30,755,62,19.021,5.173,3.857,20.942,8.11,5.765
P35968,30,755,63,19.152,5.144,3.497,20.942,8.11,5.765
P35968,30,755,64,19.031,4.988,3.164,20.942,8.11,5.765
P35968,30,755,65,19.025,4.603,3.189,20.942,8.11,5.765
P35968,30,755,66,19.052,4.606,3.581,20.942,8.11,5.765
P35968,30,755,67,18.792,4.317,3.584,20.942,8.11,5.765
P35968,30,755,68,19.001,4.065,3.379,20.942,8.11,5.765
P35968,30,755,69,19.241,3.952,3.66,20.942,8.11,5.765
P35968,30,755,70,19.511,3.822,3.414,20.942,8.11,5.765
P35968,30,755,71,19.703,4.146,3.327,20.942,8.11,5.765
P35968,30,755,72,20.05,4.122,3.495,20.942,8.11,5.765
P35968,30,755,73,20.123,4.455,3.305,20.942,8.11,5.765
P35968,30,755,74,19.977,4.693,3.569,20.942,8.11,5.765
P35968,30,755,75,20.165,4.804,3.884,20.942,8.11,5.765
P35968,30,755,76,20.002,5.006,4.168,20.942,8.11,5.765
P35968,30,755,77,20.276,5.131,4.406,20.942,8.11,5.765
P35968,30,755,78,20.264,5.343,4.725,20.942,8.11,5.765
P35968,30,755,79,20.461,5.672,4.712,20.942,8.11,5.765
P35968,30,755,80,20.773,5.729,4.931,20.942,8.11,5.765
P35968,30,755,81,20.649,6.082,5.02,20.942,8.11,5.765
P35968,30,755,82,20.324,6.018,5.221,20.942,8.11,5.765
P35968,30,755,83,20.064,5.777,5.374,20.942,8.11,5.765
P35968,30,755,84,19.787,5.861,5.117,20.942,8.11,5.765
P35968,30,755,85,19.966,5.848,4.778,20.942,8.11,5.765
P35968,30,755,86,19.95,5.572,4.509,20.942,8.11,5.765
P35968,30,755,87,20.105,5.556,4.158,20.942,8.11,5.765
P35968,30,755,88,19.957,5.35,3.874,20.942,8.11,5.765
P35968,30,755,89,20.222,5.238,3.616,20.942,8.11,5.765
P35968,30,755,90,20.163,5.052,3.283,20.942,8.11,5.765
P35968,30,755,91,20.478,4.965,3.078,20.942,8.11,5.765
P35968,30,755,92,20.424,4.93,2.697,20.942,8.11,5.765
P35968,30,755,93,20.067,5.063,2.659,20.942,8.11,5.765
P35968,30,755,94,19.849,4.915,2.378,20.942,8.11,5.765
P35968,30,755,95,19.528,5.041,2.202,20.942,8.11,5.765
P35968,30,755,96,19.318,4.841,2.458,20.942,8.11,5.765
P35968,30,755,97,19.462,5.052,2.75,20.942,8.11,5.765
P35968,30,755,98,19.25,5.345,2.616,20.942,8.11,5.765
P35968,30,755,99,18.973,5.46,2.853,20.942,8.11,5.765
P35968,30,755,100,18.883,5.62,3.189,20.942,8.11,5.765
P35968,30,755,101,19.131,5.598,3.482,20.942,8.11,5.765
P35968,30,755,102,18.959,5.668,3.821,20.942,8.11,5.765
P35968,30,755,103,19.144,5.73,4.15,20.942,8.11,5.765
P35968,30,755,104,18.904,5.723,4.451,20.942,8.11,5.765
P35968,30,755,105,18.89,5.701,4.833,20.942,8.11,5.765
P35968,30,755,106,18.797,5.347,4.957,20.942,8.11,5.765
P35968,30,755,107,18.543,5.493,5.208,20.942,8.11,5.765
P35968,30,755,108,18.361,5.739,4.971,20.942,8.11,5.765
P35968,30,755,109,18.257,5.764,4.599,20.942,8.11,5.765
P35968,30,755,110,18.466,6.091,4.578,20.942,8.11,5.765
P35968,30,755,111,18.702,6.033,4.285,20.942,8.11,5.765
P35968,30,755,112,18.917,6.203,4.019,20.942,8.11,5.765
P35968,30,755,113,18.903,6.07,3.66,20.942,8.11,5.765
P35968,30,755,114,19.136,6.112,3.359,20.942,8.11,5.765
P35968,30,755,115,19.07,5.974,3.007,20.942,8.11,5.765
P35968,30,755,116,19.38,5.824,2.836,20.942,8.11,5.765
P35968,30,755,117,19.398,5.771,2.456,20.942,8.11,5.765
P35968,30,755,118,19.665,5.522,2.34,20.942,8.11,5.765
P35968,30,755,119,19.754,5.612,1.979,20.942,8.11,5.765
P35968,30,755,120,19.776,5.27,1.81,20.942,8.11,5.765
P35968,30,755,121,19.729,5.308,1.432,20.942,8.11,5.765
P35968,30,755,122,19.737,4.921,1.395,20.942,8.11,5.765
P35968,30,755,123,19.438,4.886,1.634,20.942,8.11,5.765
P35968,30,755,124,19.214,5.197,1.585,20.942,8.11,5.765
P35968,30,755,125,18.919,5.022,1.761,20.942,8.11,5.765
P35968,30,755,126,18.936,4.899,2.123,20.942,8.11,5.765
P35968,30,755,127,18.883,4.52,2.13,20.942,8.11,5.765
P35968,30,755,128,18.656,4.39,2.411,20.942,8.11,5.765
P35968,30,755,129,18.873,4.112,2.562,20.942,8.11,5.765
P35968,30,755,130,18.581,3.862,2.617,20.942,8.11,5.765
P35968,30,755,131,18.402,3.789,2.284,20.942,8.11,5.765
P35968,30,755,132,18.466,3.717,1.911,20.942,8.11,5.765
P35968,30,755,133,18.131,3.896,1.843,20.942,8.11,5.765
P35968,30,755,134,17.896,4.111,2.058,20.942,8.11,5.765
P35968,30,755,135,17.512,4.114,2.08,20.942,8.11,5.765
P35968,30,755,136,17.279,4.418,2.038,20.942,8.11,5.765
P35968,30,755,137,16.925,4.372,2.174,20.942,8.11,5.765
P35968,30,755,138,16.642,4.577,2.014,20.942,8.11,5.765
P35968,30,755,139,16.297,4.602,2.177,20.942,8.11,5.765
P35968,30,755,140,16.005,4.607,1.922,20.942,8.11,5.765
P35968,30,755,141,15.96,4.983,2.002,20.942,8.11,5.765
P35968,30,755,142,16.163,5.066,1.684,20.942,8.11,5.765
P35968,30,755,143,16.198,5.444,1.765,20.942,8.11,5.765
P35968,30,755,144,16.47,5.394,2.036,20.942,8.11,5.765
P35968,30,755,145,16.834,5.498,1.98,20.942,8.11,5.765
P35968,30,755,146,17.096,5.216,1.979,20.942,8.11,5.765
P35968,30,755,147,17.472,5.242,2.045,20.942,8.11,5.765
P35968,30,755,148,17.721,5.001,1.88,20.942,8.11,5.765
P35968,30,755,149,18.026,5.003,2.119,20.942,8.11,5.765
P35968,30,755,150,18.302,5.034,1.851,20.942,8.11,5.765
P35968,30,755,151,18.515,5.258,2.078,20.942,8.11,5.765
P35968,30,755,152,18.821,5.438,1.929,20.942,8.11,5.765
P35968,30,755,153,19.186,5.427,2.05,20.942,8.11,5.765
P35968,30,755,154,19.222,5.744,1.832,20.942,8.11,5.765
P35968,30,755,155,18.981,6.037,1.899,20.942,8.11,5.765
P35968,30,755,156,18.957,6.168,1.535,20.942,8.11,5.765
P35968,30,755,157,18.874,5.855,1.325,20.942,8.11,5.765
P35968,30,755,158,18.648,5.866,1.017,20.942,8.11,5.765
P35968,30,755,159,18.414,5.575,1.116,20.942,8.11,5.765
P35968,30,755,160,18.12,5.418,0.926,20.942,8.11,5.765
P35968,30,755,161,17.879,5.137,1.034,20.942,8.11,5.765
P35968,30,755,162,17.839,4.837,0.799,20.942,8.11,5.765
P35968,30,755,163,17.538,4.598,0.825,20.942,8.11,5.765
P35968,30,755,164,17.471,4.237,0.701,20.942,8.11,5.765
P35968,30,755,165,17.215,4.11,0.566,20.942,8.11,5.765
P35968,30,755,166,17.13,4.291,0.339,20.942,8.11,5.765
P35968,30,755,167,17.465,4.469,0.288,20.942,8.11,5.765
P35968,30,755,168,17.437,4.841,0.388,20.942,8.11,5.765
P35968,30,755,169,17.664,5.125,0.51,20.942,8.11,5.765
P35968,30,755,170,17.577,5.416,0.743,20.942,8.11,5.765
P35968,30,755,171,17.79,5.733,0.781,20.942,8.11,5.765
P35968,30,755,172,17.757,5.996,1.062,20.942,8.11,5.765
P35968,30,755,173,17.507,6.27,0.953,20.942,8.11,5.765
P35968,30,755,174,17.57,6.492,1.264,20.942,8.11,5.765
P35968,30,755,175,17.2,6.462,1.371,20.942,8.11,5.765
P35968,30,755,176,17.049,6.105,1.379,20.942,8.11,5.765
P35968,30,755,177,17.377,5.916,1.316,20.942,8.11,5.765
P35968,30,755,178,17.692,5.998,1.519,20.942,8.11,5.765
P35968,30,755,179,18.018,5.823,1.611,20.942,8.11,5.765
P35968,30,755,180,18.208,5.924,1.926,20.942,8.11,5.765
P35968,30,755,181,18.542,5.766,2.032,20.942,8.11,5.765
P35968,30,755,182,18.427,5.712,2.4,20.942,8.11,5.765
P35968,30,755,183,18.065,5.597,2.326,20.942,8.11,5.765
P35968,30,755,184,18.077,5.424,1.98,20.942,8.11,5.765
P35968,30,755,185,17.835,5.444,1.683,20.942,8.11,5.765
P35968,30,755,186,17.487,5.587,1.769,20.942,8.11,5.765
P35968,30,755,187,17.19,5.507,1.532,20.942,8.11,5.765
P35968,30,755,188,16.802,5.467,1.555,20.942,8.11,5.765
P35968,30,755,189,16.69,5.099,1.604,20.942,8.11,5.765
P35968,30,755,190,16.455,5.095,1.297,20.942,8.11,5.765
P35968,30,755,191,16.761,5.159,1.07,20.942,8.11,5.765
P35968,30,755,192,16.931,4.827,1.178,20.942,8.11,5.765
P35968,30,755,193,16.649,4.605,1.329,20.942,8.11,5.765
P35968,30,755,194,16.631,4.403,0.999,20.942,8.11,5.765
P35968,30,755,195,17.009,4.331,0.986,20.942,8.11,5.765
P35968,30,755,196,17.145,4.005,1.134,20.942,8.11,5.765
P35968,30,755,197,17.474,4.177,1.233,20.942,8.11,5.765
P35968,30,755,198,17.662,4.514,1.219,20.942,8.11,5.765
P35968,30,755,199,18.032,4.623,1.244,20.942,8.11,5.765
P35968,30,755,200,18.223,4.955,1.236,20.942,8.11,5.765
P35968,30,755,201,18.485,5.036,0.967,20.942,8.11,5.765
P35968,30,755,202,18.752,5.311,0.98,20.942,8.11,5.765
P35968,30,755,203,18.995,5.426,0.704,20.942,8.11,5.765
P35968,30,755,204,19.36,5.522,0.777,20.942,8.11,5.765
P35968,30,755,205,19.624,5.575,0.499,20.942,8.11,5.765
P35968,30,755,206,19.385,5.402,0.246,20.942,8.11,5.765
P35968,30,755,207,19.388,5.082,0.46,20.942,8.11,5.765
P35968,30,755,208,19.047,4.979,0.609,20.942,8.11,5.765
P35968,30,755,209,19.02,4.86,0.972,20.942,8.11,5.765
P35968,30,755,210,18.71,4.686,1.123,20.942,8.11,5.765
P35968,30,755,211,18.559,4.633,1.473,20.942,8.11,5.765
P35968,30,755,212,18.427,4.303,1.612,20.942,8.11,5.765
P35968,30,755,213,18.092,4.189,1.467,20.942,8.11,5.765
P35968,30,755,214,17.768,4.275,1.66,20.942,8.11,5.765
P35968,30,755,215,17.467,4.038,1.618,20.942,8.11,5.765
P35968,30,755,216,17.135,4.233,1.612,20.942,8.11,5.765
P35968,30,755,217,16.852,4.058,1.805,20.942,8.11,5.765
P35968,30,755,218,16.492,4.187,1.806,20.942,8.11,5.765
P35968,30,755,219,16.298,4.091,2.125,20.942,8.11,5.765
P35968,30,755,220,15.937,4.113,2.246,20.942,8.11,5.765
P35968,30,755,221,15.792,4.065,2.599,20.942,8.11,5.765
P35968,30,755,222,15.411,4.137,2.582,20.942,8.11,5.765
P35968,30,755,223,15.16,3.866,2.682,20.942,8.11,5.765
P35968,30,755,224,14.804,3.953,2.567,20.942,8.11,5.765
P35968,30,755,225,14.633,3.674,2.772,20.942,8.11,5.765
P35968,30,755,226,14.634,3.313,2.905,20.942,8.11,5.765
P35968,30,755,227,14.324,3.086,2.859,20.942,8.11,5.765
P35968,30,755,228,14.248,2.737,2.997,20.942,8.11,5.765
P35968,30,755,229,14.031,2.494,2.797,20.942,8.11,5.765
P35968,30,755,230,13.789,2.381,2.925,20.942,8.11,5.765
P35968,30,755,231,13.733,2.703,3.13,20.942,8.11,5.765
P35968,30,755,232,13.437,2.563,3.332,20.942,8.11,5.765
P35968,30,755,233,13.478,2.327,3.63,20.942,8.11,5.765
P35968,30,755,234,13.551,1.965,3.525,20.942,8.11,5.765
P35968,30,755,235,13.385,1.657,3.68,20.942,8.11,5.765
P35968,30,755,236,13.557,1.315,3.638,20.942,8.11,5.765
P35968,30,755,237,13.541,0.969,3.803,20.942,8.11,5.765
P35968,30,755,238,13.841,0.778,3.952,20.942,8.11,5.765
P35968,30,755,239,14.052,0.63,3.667,20.942,8.11,5.765
P35968,30,755,240,13.934,0.874,3.392,20.942,8.11,5.765
P35968,30,755,241,14.179,1.089,3.188,20.942,8.11,5.765
P35968,30,755,242,14.225,1.462,3.262,20.942,8.11,5.765
P35968,30,755,243,14.349,1.69,2.979,20.942,8.11,5.765
P35968,30,755,244,14.394,2.067,3.039,20.942,8.11,5.765
P35968,30,755,245,14.499,2.301,2.753,20.942,8.11,5.765
P35968,30,755,246,14.656,2.639,2.846,20.942,8.11,5.765
P35968,30,755,247,14.696,2.884,2.552,20.942,8.11,5.765
P35968,30,755,248,14.911,3.202,2.584,20.942,8.11,5.765
P35968,30,755,249,14.883,3.487,2.325,20.942,8.11,5.765
P35968,30,755,250,15.185,3.721,2.269,20.942,8.11,5.765
P35968,30,755,251,15.354,3.973,2.036,20.942,8.11,5.765
P35968,30,755,252,15.625,3.858,1.787,20.942,8.11,5.765
P35968,30,755,253,15.984,3.783,1.904,20.942,8.11,5.765
P35968,30,755,254,15.859,3.664,2.253,20.942,8.11,5.765
P35968,30,755,255,15.977,3.349,2.432,20.942,8.11,5.765
P35968,30,755,256,15.73,3.19,2.683,20.942,8.11,5.765
P35968,30,755,257,15.79,2.973,2.988,20.942,8.11,5.765
P35968,30,755,258,15.488,2.776,3.126,20.942,8.11,5.765
P35968,30,755,259,15.439,2.669,3.49,20.942,8.11,5.765
P35968,30,755,260,15.148,2.468,3.644,20.942,8.11,5.765
P35968,30,755,261,15.017,2.476,4.005,20.942,8.11,5.765
P35968,30,755,262,14.777,2.192,4.111,20.942,8.11,5.765
P35968,30,755,263,14.692,1.97,4.417,20.942,8.11,5.765
P35968,30,755,264,14.879,1.635,4.383,20.942,8.11,5.765
P35968,30,755,265,15.254,1.702,4.333,20.942,8.11,5.765
P35968,30,755,266,15.343,1.325,4.352,20.942,8.11,5.765
P35968,30,755,267,15.201,1.125,4.051,20.942,8.11,5.765
P35968,30,755,268,15.449,0.98,3.793,20.942,8.11,5.765
P35968,30,755,269,15.17,0.959,3.524,20.942,8.11,5.765
P35968,30,755,270,15.192,1.33,3.426,20.942,8.11,5.765
P35968,30,755,271,15.258,1.452,3.071,20.942,8.11,5.765
P35968,30,755,272,15.332,1.823,3.019,20.942,8.11,5.765
P35968,30,755,273,15.358,1.921,2.647,20.942,8.11,5.765
P35968,30,755,274,15.46,2.276,2.548,20.942,8.11,5.765
P35968,30,755,275,15.412,2.376,2.176,20.942,8.11,5.765
P35968,30,755,276,15.474,2.682,1.961,20.942,8.11,5.765
P35968,30,755,277,15.16,2.719,1.74,20.942,8.11,5.765
P35968,30,755,278,15.259,2.805,1.378,20.942,8.11,5.765
P35968,30,755,279,15.164,3.172,1.323,20.942,8.11,5.765
P35968,30,755,280,14.919,3.233,1.036,20.942,8.11,5.765
P35968,30,755,281,15.103,3.442,0.772,20.942,8.11,5.765
P35968,30,755,282,15.045,3.817,0.835,20.942,8.11,5.765
P35968,30,755,283,14.953,3.788,1.21,20.942,8.11,5.765
P35968,30,755,284,15.15,4.017,1.45,20.942,8.11,5.765
P35968,30,755,285,15.036,3.775,1.73,20.942,8.11,5.765
P35968,30,755,286,15.224,3.457,1.828,20.942,8.11,5.765
P35968,30,755,287,15.044,3.172,2.016,20.942,8.11,5.765
P35968,30,755,288,15.188,2.913,2.258,20.942,8.11,5.765
P35968,30,755,289,15.012,2.603,2.403,20.942,8.11,5.765
P35968,30,755,290,15.083,2.404,2.722,20.942,8.11,5.765
P35968,30,755,291,14.891,2.073,2.76,20.942,8.11,5.765
P35968,30,755,292,14.877,1.907,3.104,20.942,8.11,5.765
P35968,30,755,293,14.762,1.539,3.098,20.942,8.11,5.765
P35968,30,755,294,14.691,1.293,3.384,20.942,8.11,5.765
P35968,30,755,295,14.606,0.955,3.224,20.942,8.11,5.765
P35968,30,755,296,14.399,0.827,3.524,20.942,8.11,5.765
P35968,30,755,297,14.277,1.063,3.803,20.942,8.11,5.765
P35968,30,755,298,14.26,0.989,4.178,20.942,8.11,5.765
P35968,30,755,299,14.053,1.149,4.462,20.942,8.11,5.765
P35968,30,755,300,14.383,1.33,4.552,20.942,8.11,5.765
P35968,30,755,301,14.39,1.503,4.206,20.942,8.11,5.765
P35968,30,755,302,14.069,1.701,4.296,20.942,8.11,5.765
P35968,30,755,303,14.114,2.08,4.338,20.942,8.11,5.765
P35968,30,755,304,14.227,2.402,4.163,20.942,8.11,5.765
P35968,30,755,305,14.455,2.382,3.854,20.942,8.11,5.765
P35968,30,755,306,14.64,2.707,3.763,20.942,8.11,5.765
P35968,30,755,307,14.852,2.774,3.452,20.942,8.11,5.765
P35968,30,755,308,15.11,3.058,3.443,20.942,8.11,5.765
P35968,30,755,309,15.279,3.193,3.124,20.942,8.11,5.765
P35968,30,755,310,15.593,3.415,3.158,20.942,8.11,5.765
P35968,30,755,311,15.811,3.623,2.918,20.942,8.11,5.765
P35968,30,755,312,16.058,3.713,3.201,20.942,8.11,5.765
P35968,30,755,313,15.936,4.08,3.202,20.942,8.11,5.765
P35968,30,755,314,15.56,3.989,3.207,20.942,8.11,5.765
P35968,30,755,315,15.359,3.701,3.362,20.942,8.11,5.765
P35968,30,755,316,14.987,3.606,3.332,20.942,8.11,5.765
P35968,30,755,317,14.787,3.331,3.511,20.942,8.11,5.765
P35968,30,755,318,14.446,3.156,3.467,20.942,8.11,5.765
P35968,30,755,319,14.275,2.858,3.65,20.942,8.11,5.765
P35968,30,755,320,13.994,2.593,3.659,20.942,8.11,5.765
P35968,30,755,321,13.862,2.347,3.926,20.942,8.11,5.765
P35968,30,755,322,13.858,1.964,3.884,20.942,8.11,5.765
P35968,30,755,323,13.621,1.741,4.091,20.942,8.11,5.765
P35968,30,755,324,13.678,1.361,4.105,20.942,8.11,5.765
P35968,30,755,325,13.39,1.121,4.197,20.942,8.11,5.765
P35968,30,755,326,13.444,0.765,4.339,20.942,8.11,5.765
P35968,30,755,327,13.227,0.598,4.069,20.942,8.11,5.765
P35968,30,755,328,12.942,0.68,3.825,20.942,8.11,5.765
P35968,30,755,329,12.601,0.729,3.999,20.942,8.11,5.765
P35968,30,755,330,12.235,0.836,3.941,20.942,8.11,5.765
P35968,30,755,331,11.955,0.96,4.175,20.942,8.11,5.765
P35968,30,755,332,11.658,1.203,4.175,20.942,8.11,5.765
P35968,30,755,333,11.71,1.551,4.325,20.942,8.11,5.765
P35968,30,755,334,11.53,1.653,4.647,20.942,8.11,5.765
P35968,30,755,335,11.197,1.828,4.563,20.942,8.11,5.765
P35968,30,755,336,11.065,1.635,4.262,20.942,8.11,5.765
P35968,30,755,337,10.681,1.66,4.277,20.942,8.11,5.765
P35968,30,755,338,10.453,1.35,4.263,20.942,8.11,5.765
P35968,30,755,339,10.127,1.548,4.196,20.942,8.11,5.765
P35968,30,755,340,10.07,1.834,3.944,20.942,8.11,5.765
P35968,30,755,341,9.735,2.021,3.911,20.942,8.11,5.765
P35968,30,755,342,9.638,2.226,3.597,20.942,8.11,5.765
P35968,30,755,343,9.34,2.38,3.406,20.942,8.11,5.765
P35968,30,755,344,9.241,2.287,3.047,20.942,8.11,5.765
P35968,30,755,345,9.437,2.523,2.813,20.942,8.11,5.765
P35968,30,755,346,9.733,2.589,3.054,20.942,8.11,5.765
P35968,30,755,347,10.101,2.498,2.986,20.942,8.11,5.765
P35968,30,755,348,10.236,2.23,3.226,20.942,8.11,5.765
P35968,30,755,349,10.607,2.172,3.298,20.942,8.11,5.765
P35968,30,755,350,10.756,1.879,3.494,20.942,8.11,5.765
P35968,30,755,351,11.139,1.912,3.544,20.942,8.11,5.765
P35968,30,755,352,11.343,1.589,3.586,20.942,8.11,5.765
P35968,30,755,353,11.553,1.706,3.888,20.942,8.11,5.765
P35968,30,755,354,11.853,1.462,3.916,20.942,8.11,5.765
P35968,30,755,355,12.197,1.404,4.074,20.942,8.11,5.765
P35968,30,755,356,12.434,1.188,3.862,20.942,8.11,5.765
P35968,30,755,357,12.779,1.154,3.704,20.942,8.11,5.765
P35968,30,755,358,12.808,1.146,3.405,20.942,8.11,5.765
P35968,30,755,359,12.47,1.311,3.307,20.942,8.11,5.765
P35968,30,755,360,12.196,1.038,3.285,20.942,8.11,5.765
P35968,30,755,361,11.984,0.938,2.983,20.942,8.11,5.765
P35968,30,755,362,11.627,1.066,3.061,20.942,8.11,5.765
P35968,30,755,363,11.31,0.893,2.927,20.942,8.11,5.765
P35968,30,755,364,10.941,0.974,2.993,20.942,8.11,5.765
P35968,30,755,365,10.63,0.75,2.988,20.942,8.11,5.765
P35968,30,755,366,10.25,0.824,3.018,20.942,8.11,5.765
P35968,30,755,367,10.05,0.541,3.185,20.942,8.11,5.765
P35968,30,755,368,10.344,0.301,3.102,20.942,8.11,5.765
P35968,30,755,369,10.358,0.394,2.725,20.942,8.11,5.765
P35968,30,755,370,10.68,0.576,2.605,20.942,8.11,5.765
P35968,30,755,371,10.636,0.951,2.539,20.942,8.11,5.765
P35968,30,755,372,10.757,1.057,2.194,20.942,8.11,5.765
P35968,30,755,373,10.82,1.433,2.157,20.942,8.11,5.765
P35968,30,755,374,10.56,1.604,1.932,20.942,8.11,5.765
P35968,30,755,375,10.407,1.955,1.876,20.942,8.11,5.765
P35968,30,755,376,10.191,1.934,2.198,20.942,8.11,5.765
P35968,30,755,377,10.432,1.74,2.43,20.942,8.11,5.765
P35968,30,755,378,10.812,1.799,2.448,20.942,8.11,5.765
P35968,30,755,379,10.989,1.524,2.649,20.942,8.11,5.765
P35968,30,755,380,11.35,1.585,2.77,20.942,8.11,5.765
P35968,30,755,381,11.517,1.731,3.085,20.942,8.11,5.765
P35968,30,755,382,11.174,1.902,3.134,20.942,8.11,5.765
P35968,30,755,383,10.847,1.743,3.021,20.942,8.11,5.765
P35968,30,755,384,10.643,2.032,2.869,20.942,8.11,5.765
P35968,30,755,385,10.273,2.002,2.768,20.942,8.11,5.765
P35968,30,755,386,10.199,2.311,2.551,20.942,8.11,5.765
P35968,30,755,387,9.817,2.317,2.604,20.942,8.11,5.765
P35968,30,755,388,9.678,2.071,2.865,20.942,8.11,5.765
P35968,30,755,389,9.349,1.886,2.798,20.942,8.11,5.765
P35968,30,755,390,9.118,1.634,2.98,20.942,8.11,5.765
P35968,30,755,391,9.295,1.338,2.799,20.942,8.11,5.765
P35968,30,755,392,9.63,1.453,2.955,20.942,8.11,5.765
P35968,30,755,393,9.52,1.339,3.304,20.942,8.11,5.765
P35968,30,755,394,9.736,1.039,3.411,20.942,8.11,5.765
P35968,30,755,395,10.057,0.901,3.567,20.942,8.11,5.765
P35968,30,755,396,10.38,1.029,3.408,20.942,8.11,5.765
P35968,30,755,397,10.686,0.809,3.483,20.942,8.11,5.765
P35968,30,755,398,11.039,0.949,3.438,20.942,8.11,5.765
P35968,30,755,399,11.333,0.704,3.414,20.942,8.11,5.765
P35968,30,755,400,11.695,0.817,3.463,20.942,8.11,5.765
P35968,30,755,401,11.969,0.579,3.329,20.942,8.11,5.765
P35968,30,755,402,12.342,0.624,3.404,20.942,8.11,5.765
P35968,30,755,403,12.516,0.575,3.061,20.942,8.11,5.765
P35968,30,755,404,12.829,0.406,3.219,20.942,8.11,5.765
P35968,30,755,405,12.693,0.194,3.511,20.942,8.11,5.765
P35968,30,755,406,12.354,0.126,3.333,20.942,8.11,5.765
P35968,30,755,407,12.189,0.181,3.677,20.942,8.11,5.765
P35968,30,755,408,11.825,0.304,3.657,20.942,8.11,5.765
P35968,30,755,409,11.601,0.516,3.882,20.942,8.11,5.765
P35968,30,755,410,11.226,0.589,3.826,20.942,8.11,5.765
P35968,30,755,411,10.979,0.847,3.967,20.942,8.11,5.765
P35968,30,755,412,10.6,0.89,3.905,20.942,8.11,5.765
P35968,30,755,413,10.409,1.22,3.873,20.942,8.11,5.765
P35968,30,755,414,10.026,1.227,3.865,20.942,8.11,5.765
P35968,30,755,415,9.882,1.503,3.639,20.942,8.11,5.765
P35968,30,755,416,9.524,1.612,3.732,20.942,8.11,5.765
P35968,30,755,417,9.334,1.831,3.481,20.942,8.11,5.765
P35968,30,755,418,9.049,2.064,3.584,20.942,8.11,5.765
P35968,30,755,419,8.76,2.198,3.371,20.942,8.11,5.765
P35968,30,755,420,8.567,2.524,3.45,20.942,8.11,5.765
P35968,30,755,421,8.18,2.51,3.44,20.942,8.11,5.765
P35968,30,755,422,8.044,2.453,3.084,20.942,8.11,5.765
P35968,30,755,423,7.663,2.5,3.043,20.942,8.11,5.765
P35968,30,755,424,7.548,2.274,2.753,20.942,8.11,5.765
P35968,30,755,425,7.228,2.468,2.665,20.942,8.11,5.765
P35968,30,755,426,7.451,2.779,2.603,20.942,8.11,5.765
P35968,30,755,427,7.561,2.612,2.27,20.942,8.11,5.765
P35968,30,755,428,7.193,2.594,2.162,20.942,8.11,5.765
P35968,30,755,429,7.068,2.91,1.987,20.942,8.11,5.765
P35968,30,755,430,6.746,2.936,2.191,20.942,8.11,5.765
P35968,30,755,431,6.47,3.09,1.982,20.942,8.11,5.765
P35968,30,755,432,6.295,3.369,2.174,20.942,8.11,5.765
P35968,30,755,433,6.057,3.101,2.304,20.942,8.11,5.765
P35968,30,755,434,5.702,3.244,2.3,20.942,8.11,5.765
P35968,30,755,435,5.536,3.06,2.59,20.942,8.11,5.765
P35968,30,755,436,5.153,3.055,2.612,20.942,8.11,5.765
P35968,30,755,437,4.982,3.253,2.892,20.942,8.11,5.765
P35968,30,755,438,4.894,3.036,3.198,20.942,8.11,5.765
P35968,30,755,439,5.102,2.732,3.08,20.942,8.11,5.765
P35968,30,755,440,5.345,2.538,3.304,20.942,8.11,5.765
P35968,30,755,441,5.704,2.546,3.164,20.942,8.11,5.765
P35968,30,755,442,6.045,2.394,3.259,20.942,8.11,5.765
P35968,30,755,443,6.388,2.555,3.204,20.942,8.11,5.765
P35968,30,755,444,6.703,2.332,3.22,20.942,8.11,5.765
P35968,30,755,445,7.071,2.403,3.295,20.942,8.11,5.765
P35968,30,755,446,7.317,2.112,3.23,20.942,8.11,5.765
P35968,30,755,447,7.676,2.172,3.349,20.942,8.11,5.765
P35968,30,755,448,8.005,1.988,3.288,20.942,8.11,5.765
P35968,30,755,449,8.303,2.068,3.516,20.942,8.11,5.765
P35968,30,755,450,8.601,1.901,3.694,20.942,8.11,5.765
P35968,30,755,451,8.549,1.909,3.989,20.942,8.11,5.765
P35968,30,755,452,8.164,1.917,3.942,20.942,8.11,5.765
P35968,30,755,453,7.98,2.229,4.077,20.942,8.11,5.765
P35968,30,755,454,7.822,2.174,4.424,20.942,8.11,5.765
P35968,30,755,455,7.522,2.403,4.347,20.942,8.11,5.765
P35968,30,755,456,7.356,2.571,4.046,20.942,8.11,5.765
P35968,30,755,457,7.19,2.904,4.134,20.942,8.11,5.765
P35968,30,755,458,6.887,3.054,3.957,20.942,8.11,5.765
P35968,30,755,459,6.788,3.423,3.935,20.942,8.11,5.765
P35968,30,755,460,6.512,3.623,3.761,20.942,8.11,5.765
P35968,30,755,461,6.406,3.979,3.661,20.942,8.11,5.765
P35968,30,755,462,6.109,4.137,3.467,20.942,8.11,5.765
P35968,30,755,463,6.166,4.202,3.091,20.942,8.11,5.765
P35968,30,755,464,6.027,4.561,3.144,20.942,8.11,5.765
P35968,30,755,465,6.269,4.649,3.435,20.942,8.11,5.765
P35968,30,755,466,6.588,4.578,3.231,20.942,8.11,5.765
P35968,30,755,467,6.729,4.866,3.023,20.942,8.11,5.765
P35968,30,755,468,6.654,4.792,2.654,20.942,8.11,5.765
P35968,30,755,469,6.943,4.975,2.479,20.942,8.11,5.765
P35968,30,755,470,6.839,4.91,2.11,20.942,8.11,5.765
P35968,30,755,471,7.193,5.002,1.996,20.942,8.11,5.765
P35968,30,755,472,7.475,4.733,2.018,20.942,8.11,5.765
P35968,30,755,473,7.365,4.383,1.894,20.942,8.11,5.765
P35968,30,755,474,7.705,4.202,1.825,20.942,8.11,5.765
P35968,30,755,475,7.856,3.918,2.038,20.942,8.11,5.765
P35968,30,755,476,7.769,3.978,2.409,20.942,8.11,5.765
P35968,30,755,477,7.603,3.652,2.542,20.942,8.11,5.765
P35968,30,755,478,7.308,3.841,2.702,20.942,8.11,5.765
P35968,30,755,479,7.11,4.12,2.518,20.942,8.11,5.765
P35968,30,755,480,6.955,4.258,2.846,20.942,8.11,5.765
P35968,30,755,481,7.194,4.441,3.089,20.942,8.11,5.765
P35968,30,755,482,6.991,4.381,3.407,20.942,8.11,5.765
P35968,30,755,483,7.214,4.503,3.697,20.942,8.11,5.765
P35968,30,755,484,6.961,4.391,3.964,20.942,8.11,5.765
P35968,30,755,485,6.895,4.012,3.96,20.942,8.11,5.765
P35968,30,755,486,6.635,3.878,4.209,20.942,8.11,5.765
P35968,30,755,487,6.677,3.533,4.369,20.942,8.11,5.765
P35968,30,755,488,6.417,3.27,4.265,20.942,8.11,5.765
P35968,30,755,489,6.344,3.272,4.644,20.942,8.11,5.765
P35968,30,755,490,6.202,3.629,4.604,20.942,8.11,5.765
P35968,30,755,491,5.836,3.59,4.499,20.942,8.11,5.765
P35968,30,755,492,5.741,3.962,4.45,20.942,8.11,5.765
P35968,30,755,493,5.592,4.029,4.101,20.942,8.11,5.765
P35968,30,755,494,5.744,3.734,3.905,20.942,8.11,5.765
P35968,30,755,495,5.602,3.409,3.766,20.942,8.11,5.765
P35968,30,755,496,5.529,3.137,4.028,20.942,8.11,5.765
P35968,30,755,497,5.841,2.912,4.032,20.942,8.11,5.765
P35968,30,755,498,5.989,2.59,4.18,20.942,8.11,5.765
P35968,30,755,499,6.358,2.473,4.17,20.942,8.11,5.765
P35968,30,755,500,6.434,2.101,4.146,20.942,8.11,5.765
P35968,30,755,501,6.749,1.983,4.329,20.942,8.11,5.765
P35968,30,755,502,7.066,1.932,4.122,20.942,8.11,5.765
P35968,30,755,503,7.089,1.583,3.967,20.942,8.11,5.765
P35968,30,755,504,7.414,1.414,3.857,20.942,8.11,5.765
P35968,30,755,505,7.355,1.259,3.511,20.942,8.11,5.765
P35968,30,755,506,7.587,1.061,3.278,20.942,8.11,5.765
P35968,30,755,507,7.533,1.257,2.952,20.942,8.11,5.765
P35968,30,755,508,7.755,1.183,2.644,20.942,8.11,5.765
P35968,30,755,509,7.986,0.971,2.87,20.942,8.11,5.765
P35968,30,755,510,8.05,1.279,3.096,20.942,8.11,5.765
P35968,30,755,511,7.911,1.321,3.45,20.942,8.11,5.765
P35968,30,755,512,7.711,1.648,3.417,20.942,8.11,5.765
P35968,30,755,513,7.52,1.837,3.69,20.942,8.11,5.765
P35968,30,755,514,7.159,1.917,3.583,20.942,8.11,5.765
P35968,30,755,515,6.933,2.179,3.746,20.942,8.11,5.765
P35968,30,755,516,6.569,2.256,3.644,20.942,8.11,5.765
P35968,30,755,517,6.346,2.559,3.713,20.942,8.11,5.765
P35968,30,755,518,5.971,2.48,3.685,20.942,8.11,5.765
P35968,30,755,519,5.754,2.785,3.607,20.942,8.11,5.765
P35968,30,755,520,5.414,2.672,3.744,20.942,8.11,5.765
P35968,30,755,521,5.221,2.932,3.534,20.942,8.11,5.765
P35968,30,755,522,5.354,3.164,3.258,20.942,8.11,5.765
P35968,30,755,523,5.182,3.494,3.36,20.942,8.11,5.765
P35968,30,755,524,5.447,3.767,3.289,20.942,8.11,5.765
P35968,30,755,525,5.742,3.81,3.047,20.942,8.11,5.765
P35968,30,755,526,6.07,3.772,3.237,20.942,8.11,5.765
P35968,30,755,527,6.444,3.696,3.212,20.942,8.11,5.765
P35968,30,755,528,6.595,3.395,3.397,20.942,8.11,5.765
P35968,30,755,529,6.966,3.326,3.473,20.942,8.11,5.765
P35968,30,755,530,7.122,2.99,3.566,20.942,8.11,5.765
P35968,30,755,531,7.472,2.997,3.719,20.942,8.11,5.765
P35968,30,755,532,7.732,2.732,3.824,20.942,8.11,5.765
P35968,30,755,533,8.069,2.758,4.011,20.942,8.11,5.765
P35968,30,755,534,8.362,2.52,4.08,20.942,8.11,5.765
P35968,30,755,535,8.721,2.569,4.224,20.942,8.11,5.765
P35968,30,755,536,8.848,2.683,3.874,20.942,8.11,5.765
P35968,30,755,537,8.57,2.919,3.75,20.942,8.11,5.765
P35968,30,755,538,8.209,3.029,3.686,20.942,8.11,5.765
P35968,30,755,539,7.954,2.956,3.409,20.942,8.11,5.765
P35968,30,755,540,7.626,3.144,3.34,20.942,8.11,5.765
P35968,30,755,541,7.332,3.14,3.09,20.942,8.11,5.765
P35968,30,755,542,7.048,3.396,3.055,20.942,8.11,5.765
P35968,30,755,543,6.71,3.286,2.909,20.942,8.11,5.765
P35968,30,755,544,6.442,3.525,2.774,20.942,8.11,5.765
P35968,30,755,545,6.096,3.393,2.876,20.942,8.11,5.765
P35968,30,755,546,5.839,3.581,2.668,20.942,8.11,5.765
P35968,30,755,547,5.464,3.525,2.74,20.942,8.11,5.765
P35968,30,755,548,5.21,3.541,2.452,20.942,8.11,5.765
P35968,30,755,549,4.825,3.555,2.472,20.942,8.11,5.765
P35968,30,755,550,4.759,3.461,2.103,20.942,8.11,5.765
P35968,30,755,551,4.518,3.645,1.865,20.942,8.11,5.765
P35968,30,755,552,4.217,3.81,2.043,20.942,8.11,5.765
P35968,30,755,553,3.865,3.91,1.917,20.942,8.11,5.765
P35968,30,755,554,3.677,4.221,2.045,20.942,8.11,5.765
P35968,30,755,555,3.354,4.401,1.937,20.942,8.11,5.765
P35968,30,755,556,3.296,4.772,1.859,20.942,8.11,5.765
P35968,30,755,557,3.068,4.878,2.019,20.942,8.11,5.765
P35968,30,755,558,3.144,4.604,2.281,20.942,8.11,5.765
P35968,30,755,559,2.765,4.571,2.348,20.942,8.11,5.765
P35968,30,755,560,2.551,4.319,2.154,20.942,8.11,5.765
P35968,30,755,561,2.412,4.505,1.845,20.942,8.11,5.765
P35968,30,755,562,2.037,4.559,1.812,20.942,8.11,5.765
P35968,30,755,563,1.88,4.482,1.471,20.942,8.11,5.765
P35968,30,755,564,1.973,4.754,1.211,20.942,8.11,5.765
P35968,30,755,565,2.28,4.875,1.413,20.942,8.11,5.765
P35968,30,755,566,2.642,4.884,1.284,20.942,8.11,5.765
P35968,30,755,567,2.902,4.651,1.446,20.942,8.11,5.765
P35968,30,755,568,3.277,4.596,1.389,20.942,8.11,5.765
P35968,30,755,569,3.468,4.277,1.482,20.942,8.11,5.765
P35968,30,755,570,3.835,4.348,1.566,20.942,8.11,5.765
P35968,30,755,571,4.105,4.077,1.562,20.942,8.11,5.765
P35968,30,755,572,4.436,4.176,1.733,20.942,8.11,5.765
P35968,30,755,573,4.768,3.982,1.743,20.942,8.11,5.765
P35968,30,755,574,5.135,4.04,1.841,20.942,8.11,5.765
P35968,30,755,575,5.337,4.136,1.528,20.942,8.11,5.765
P35968,30,755,576,5.653,3.965,1.667,20.942,8.11,5.765
P35968,30,755,577,5.482,3.622,1.686,20.942,8.11,5.765
P35968,30,755,578,5.201,3.632,1.421,20.942,8.11,5.765
P35968,30,755,579,5.136,3.704,1.047,20.942,8.11,5.765
P35968,30,755,580,4.861,3.643,0.781,20.942,8.11,5.765
P35968,30,755,581,4.558,3.757,0.995,20.942,8.11,5.765
P35968,30,755,582,4.232,3.655,0.811,20.942,8.11,5.765
P35968,30,755,583,3.854,3.667,0.889,20.942,8.11,5.765
P35968,30,755,584,3.596,3.389,0.823,20.942,8.11,5.765
P35968,30,755,585,3.228,3.298,0.908,20.942,8.11,5.765
P35968,30,755,586,3.103,2.941,0.98,20.942,8.11,5.765
P35968,30,755,587,2.862,2.81,0.712,20.942,8.11,5.765
P35968,30,755,588,2.512,2.687,0.827,20.942,8.11,5.765
P35968,30,755,589,2.563,2.306,0.825,20.942,8.11,5.765
P35968,30,755,590,2.446,2.095,1.126,20.942,8.11,5.765
P35968,30,755,591,2.74,1.899,1.269,20.942,8.11,5.765
P35968,30,755,592,2.601,1.605,1.481,20.942,8.11,5.765
P35968,30,755,593,2.566,1.705,1.85,20.942,8.11,5.765
P35968,30,755,594,2.772,1.471,2.066,20.942,8.11,5.765
P35968,30,755,595,2.776,1.613,2.423,20.942,8.11,5.765
P35968,30,755,596,3.11,1.72,2.576,20.942,8.11,5.765
P35968,30,755,597,3.369,1.895,2.353,20.942,8.11,5.765
P35968,30,755,598,3.374,2.212,2.14,20.942,8.11,5.765
P35968,30,755,599,3.541,2.091,1.812,20.942,8.11,5.765
P35968,30,755,600,3.913,2.178,1.842,20.942,8.11,5.765
P35968,30,755,601,4.033,2.32,1.596,20.942,8.11,5.765
P35968,30,755,602,3.828,2.506,1.327,20.942,8.11,5.765
P35968,30,755,603,4.175,2.563,1.163,20.942,8.11,5.765
P35968,30,755,604,4.171,2.205,1.011,20.942,8.11,5.765
P35968,30,755,605,3.883,2.243,0.755,20.942,8.11,5.765
P35968,30,755,606,3.92,2.593,0.597,20.942,8.11,5.765
P35968,30,755,607,3.71,2.467,0.299,20.942,8.11,5.765
P35968,30,755,608,3.398,2.477,0.53,20.942,8.11,5.765
P35968,30,755,609,3.454,2.849,0.614,20.942,8.11,5.765
P35968,30,755,610,3.342,3.16,0.421,20.942,8.11,5.765
P35968,30,755,611,3.639,3.403,0.399,20.942,8.11,5.765
P35968,30,755,612,3.534,3.763,0.48,20.942,8.11,5.765
P35968,30,755,613,3.663,4.1,0.354,20.942,8.11,5.765
P35968,30,755,614,3.84,4.311,0.621,20.942,8.11,5.765
P35968,30,755,615,4.072,4.617,0.671,20.942,8.11,5.765
P35968,30,755,616,4.421,4.587,0.831,20.942,8.11,5.765
P35968,30,755,617,4.598,4.833,1.067,20.942,8.11,5.765
P35968,30,755,618,4.953,4.777,1.209,20.942,8.11,5.765
P35968,30,755,619,5.089,4.953,1.519,20.942,8.11,5.765
P35968,30,755,620,5.44,4.92,1.678,20.942,8.11,5.765
P35968,30,755,621,5.368,4.586,1.86,20.942,8.11,5.765
P35968,30,755,622,5.037,4.451,1.718,20.942,8.11,5.765
P35968,30,755,623,4.863,4.387,1.384,20.942,8.11,5.765
P35968,30,755,624,4.483,4.455,1.384,20.942,8.11,5.765
P35968,30,755,625,4.221,4.32,1.135,20.942,8.11,5.765
P35968,30,755,626,3.87,4.481,1.132,20.942,8.11,5.765
P35968,30,755,627,3.545,4.345,0.974,20.942,8.11,5.765
P35968,30,755,628,3.246,4.589,0.956,20.942,8.11,5.765
P35968,30,755,629,2.869,4.504,0.938,20.942,8.11,5.765
P35968,30,755,630,2.668,4.822,0.845,20.942,8.11,5.765
P35968,30,755,631,2.314,4.694,0.93,20.942,8.11,5.765
P35968,30,755,632,2.32,4.386,1.158,20.942,8.11,5.765
P35968,30,755,633,2.033,4.143,1.075,20.942,8.11,5.765
P35968,30,755,634,1.909,3.826,1.251,20.942,8.11,5.765
P35968,30,755,635,2.092,3.641,0.961,20.942,8.11,5.765
P35968,30,755,636,2.429,3.799,1.064,20.942,8.11,5.765
P35968,30,755,637,2.409,3.598,1.391,20.942,8.11,5.765
P35968,30,755,638,2.661,3.306,1.414,20.942,8.11,5.765
P35968,30,755,639,3.029,3.216,1.465,20.942,8.11,5.765
P35968,30,755,640,3.3,3.448,1.33,20.942,8.11,5.765
P35968,30,755,641,3.66,3.316,1.314,20.942,8.11,5.765
P35968,30,755,642,3.989,3.505,1.31,20.942,8.11,5.765
P35968,30,755,643,4.286,3.301,1.181,20.942,8.11,5.765
P35968,30,755,644,4.65,3.406,1.245,20.942,8.11,5.765
P35968,30,755,645,4.975,3.224,1.15,20.942,8.11,5.765
P35968,30,755,646,5.283,3.184,1.377,20.942,8.11,5.765
P35968,30,755,647,5.586,3.35,1.203,20.942,8.11,5.765
P35968,30,755,648,5.836,3.082,1.329,20.942,8.11,5.765
P35968,30,755,649,5.637,2.754,1.34,20.942,8.11,5.765
P35968,30,755,650,5.396,2.844,1.05,20.942,8.11,5.765
P35968,30,755,651,5.119,2.689,1.272,20.942,8.11,5.765
P35968,30,755,652,4.765,2.831,1.229,20.942,8.11,5.765
P35968,30,755,653,4.588,2.971,1.538,20.942,8.11,5.765
P35968,30,755,654,4.21,3.031,1.513,20.942,8.11,5.765
P35968,30,755,655,3.983,3.208,1.765,20.942,8.11,5.765
P35968,30,755,656,3.601,3.206,1.745,20.942,8.11,5.765
P35968,30,755,657,3.354,3.478,1.855,20.942,8.11,5.765
P35968,30,755,658,2.977,3.423,1.846,20.942,8.11,5.765
P35968,30,755,659,2.785,3.731,1.722,20.942,8.11,5.765
P35968,30,755,660,2.429,3.768,1.865,20.942,8.11,5.765
P35968,30,755,661,2.187,4.037,1.734,20.942,8.11,5.765
P35968,30,755,662,1.91,4.168,1.965,20.942,8.11,5.765
P35968,30,755,663,1.54,4.217,1.875,20.942,8.11,5.765
P35968,30,755,664,1.4,4.575,1.909,20.942,8.11,5.765
P35968,30,755,665,1.156,4.651,2.2,20.942,8.11,5.765
P35968,30,755,666,0.959,4.97,2.285,20.942,8.11,5.765
P35968,30,755,667,1.005,5.177,2.611,20.942,8.11,5.765
P35968,30,755,668,0.826,5.082,2.937,20.942,8.11,5.765
P35968,30,755,669,0.845,5.274,3.271,20.942,8.11,5.765
P35968,30,755,670,0.853,5.051,3.584,20.942,8.11,5.765
P35968,30,755,671,0.756,5.253,3.896,20.942,8.11,5.765
P35968,30,755,672,0.506,5.507,4.035,20.942,8.11,5.765
P35968,30,755,673,0.603,5.87,4.098,20.942,8.11,5.765
P35968,30,755,674,0.43,6.01,4.414,20.942,8.11,5.765
P35968,30,755,675,0.347,6.368,4.528,20.942,8.11,5.765
P35968,30,755,676,0.572,6.526,4.799,20.942,8.11,5.765
P35968,30,755,677,0.594,6.822,5.044,20.942,8.11,5.765
P35968,30,755,678,0.933,6.952,5.167,20.942,8.11,5.765
P35968,30,755,679,1.074,7.24,5.379,20.942,8.11,5.765
P35968,30,755,680,1.324,7.495,5.239,20.942,8.11,5.765
P35968,30,755,681,1.682,7.376,5.286,20.942,8.11,5.765
P35968,30,755,682,1.572,7.006,5.289,20.942,8.11,5.765
P35968,30,755,683,1.608,6.768,4.985,20.942,8.11,5.765
P35968,30,755,684,1.382,6.573,4.743,20.942,8.11,5.765
P35968,30,755,685,1.502,6.244,4.585,20.942,8.11,5.765
P35968,30,755,686,1.3,6.044,4.324,20.942,8.11,5.765
P35968,30,755,687,1.364,5.757,4.078,20.942,8.11,5.765
P35968,30,755,688,1.236,5.674,3.727,20.942,8.11,5.765
P35968,30,755,689,1.322,5.323,3.596,20.942,8.11,5.765
P35968,30,755,690,1.266,5.228,3.227,20.942,8.11,5.765
P35968,30,755,691,1.325,4.926,2.992,20.942,8.11,5.765
P35968,30,755,692,1.353,4.882,2.608,20.942,8.11,5.765
P35968,30,755,693,1.582,4.784,2.311,20.942,8.11,5.765
P35968,30,755,694,1.764,5.012,2.23,20.942,8.11,5.765
P35968,30,755,695,1.775,5.144,2.594,20.942,8.11,5.765
P35968,30,755,696,1.539,5.444,2.646,20.942,8.11,5.765
P35968,30,755,697,1.676,5.794,2.708,20.942,8.11,5.765
P35968,30,755,698,1.52,5.946,3.024,20.942,8.11,5.765
P35968,30,755,699,1.422,6.316,3.048,20.942,8.11,5.765
P35968,30,755,700,1.274,6.517,3.336,20.942,8.11,5.765
P35968,30,755,701,1.041,6.816,3.305,20.942,8.11,5.765
P35968,30,755,702,0.92,7.076,3.56,20.942,8.11,5.765
P35968,30,755,703,0.587,7.249,3.472,20.942,8.11,5.765
P35968,30,755,704,0.631,7.12,3.107,20.942,8.11,5.765
P35968,30,755,705,0.979,7.289,3.074,20.942,8.11,5.765
P35968,30,755,706,1.285,7.055,3.037,20.942,8.11,5.765
P35968,30,755,707,1.454,7.006,3.377,20.942,8.11,5.765
P35968,30,755,708,1.829,7.09,3.358,20.942,8.11,5.765
P35968,30,755,709,2.094,7.032,3.63,20.942,8.11,5.765
P35968,30,755,710,2.138,7.351,3.845,20.942,8.11,5.765
P35968,30,755,711,2.282,7.465,4.189,20.942,8.11,5.765
P35968,30,755,712,2.068,7.206,4.38,20.942,8.11,5.765
P35968,30,755,713,1.92,6.987,4.099,20.942,8.11,5.765
P35968,30,755,714,2.117,6.665,4.016,20.942,8.11,5.765
P35968,30,755,715,2.026,6.396,3.754,20.942,8.11,5.765
P35968,30,755,716,2.216,6.077,3.855,20.942,8.11,5.765
P35968,30,755,717,2.235,5.737,3.681,20.942,8.11,5.765
P35968,30,755,718,2.159,5.867,3.326,20.942,8.11,5.765
P35968,30,755,719,1.865,6.087,3.437,20.942,8.11,5.765
P35968,30,755,720,1.711,5.79,3.634,20.942,8.11,5.765
P35968,30,755,721,1.75,5.962,3.973,20.942,8.11,5.765
P35968,30,755,722,1.645,6.326,4.034,20.942,8.11,5.765
P35968,30,755,723,1.784,6.484,4.356,20.942,8.11,5.765
P35968,30,755,724,1.682,6.844,4.45,20.942,8.11,5.765
P35968,30,755,725,1.921,6.969,4.726,20.942,8.11,5.765
P35968,30,755,726,1.852,7.267,4.959,20.942,8.11,5.765
P35968,30,755,727,1.499,7.298,4.813,20.942,8.11,5.765
P35968,30,755,728,1.397,7.664,4.731,20.942,8.11,5.765
P35968,30,755,729,1.043,7.812,4.677,20.942,8.11,5.765
P35968,30,755,730,1.121,7.823,4.299,20.942,8.11,5.765
P35968,30,755,731,1.162,7.437,4.29,20.942,8.11,5.765
P35968,30,755,732,0.775,7.399,4.347,20.942,8.11,5.765
P35968,30,755,733,0.57,7.241,4.06,20.942,8.11,5.765
P35968,30,755,734,0.465,6.939,3.848,20.942,8.11,5.765
P35968,30,755,735,0.754,6.696,3.777,20.942,8.11,5.765
P35968,30,755,736,0.73,6.461,3.474,20.942,8.11,5.765
P35968,30,755,737,0.962,6.172,3.385,20.942,8.11,5.765
P35968,30,755,738,0.962,6.069,3.014,20.942,8.11,5.765
P35968,30,755,739,1.144,5.761,2.874,20.942,8.11,5.765
P35968,30,755,740,1.197,5.754,2.491,20.942,8.11,5.765
P35968,30,755,741,1.362,5.538,2.22,20.942,8.11,5.765
P35968,30,755,742,1.335,5.502,1.836,20.942,8.11,5.765
P35968,30,755,743,1.018,5.286,1.894,20.942,8.11,5.765
P35968,30,755,744,0.818,5.539,2.11,20.942,8.11,5.765
P35968,30,755,745,0.791,5.705,2.456,20.942,8.11,5.765
P35968,30,755,746,0.635,5.644,2.802,20.942,8.11,5.765
P35968,30,755,747,0.577,5.903,3.086,20.942,8.11,5.765
P35968,30,755,748,0.487,5.94,3.461,20.942,8.11,5.765
P35968,30,755,749,0.393,6.258,3.662,20.942,8.11,5.765
P35968,30,755,750,0.396,6.388,4.029,20.942,8.11,5.765
P35968,30,755,751,0.375,6.724,4.221,20.942,8.11,5.765
P35968,30,755,752,0.617,6.881,4.482,20.942,8.11,5.765
P35968,30,755,753,0.53,7.156,4.748,20.942,8.11,5.765
P35968,30,755,754,0.77,7.396,4.941,20.942,8.11,5.765
P35968,30,755,755,0.804,7.631,5.254,20.942,8.11,5.765
Q15116,30,170,30,8.727,2.137,2.608,8.93,3.544,3.446
Q15116,30,170,31,8.518,1.818,2.658,8.93,3.544,3.446
Q15116,30,170,32,8.146,1.907,2.66,8.93,3.544,3.446
Q15116,30,170,33,7.858,1.684,2.78,8.93,3.544,3.446
Q15116,30,170,34,7.6,1.537,2.536,8.93,3.544,3.446
Q15116,30,170,35,7.25,1.69,2.564,8.93,3.544,3.446
Q15116,30,170,36,6.994,1.505,2.783,8.93,3.544,3.446
Q15116,30,170,37,6.651,1.41,2.638,8.93,3.544,3.446
Q15116,30,170,38,6.345,1.36,2.861,8.93,3.544,3.446
Q15116,30,170,39,6.117,1.186,2.941,8.93,3.544,3.446
Q15116,30,170,40,6.263,0.852,2.816,8.93,3.544,3.446
Q15116,30,170,41,5.903,0.744,2.726,8.93,3.544,3.446
Q15116,30,170,42,5.623,0.988,2.635,8.93,3.544,3.446
Q15116,30,170,43,5.265,0.859,2.585,8.93,3.544,3.446
Q15116,30,170,44,5.0,1.093,2.434,8.93,3.544,3.446
Q15116,30,170,45,4.66,1.051,2.263,8.93,3.544,3.446
Q15116,30,170,46,4.609,1.12,1.891,8.93,3.544,3.446
Q15116,30,170,47,4.547,1.493,1.83,8.93,3.544,3.446
Q15116,30,170,48,4.729,1.6,2.153,8.93,3.544,3.446
Q15116,30,170,49,5.06,1.79,2.161,8.93,3.544,3.446
Q15116,30,170,50,5.368,1.585,2.257,8.93,3.544,3.446
Q15116,30,170,51,5.669,1.766,2.411,8.93,3.544,3.446
Q15116,30,170,52,6.016,1.642,2.501,8.93,3.544,3.446
Q15116,30,170,53,6.275,1.848,2.691,8.93,3.544,3.446
Q15116,30,170,54,6.632,1.856,2.56,8.93,3.544,3.446
Q15116,30,170,55,6.871,2.005,2.819,8.93,3.544,3.446
Q15116,30,170,56,7.197,2.142,2.68,8.93,3.544,3.446
Q15116,30,170,57,7.435,2.37,2.873,8.93,3.544,3.446
Q15116,30,170,58,7.667,2.495,2.602,8.93,3.544,3.446
Q15116,30,170,59,7.984,2.677,2.716,8.93,3.544,3.446
Q15116,30,170,60,8.015,2.817,2.357,8.93,3.544,3.446
Q15116,30,170,61,7.778,3.064,2.182,8.93,3.544,3.446
Q15116,30,170,62,7.812,2.891,1.838,8.93,3.544,3.446
Q15116,30,170,63,7.589,2.579,1.828,8.93,3.544,3.446
Q15116,30,170,64,7.29,2.428,1.646,8.93,3.544,3.446
Q15116,30,170,65,7.044,2.192,1.816,8.93,3.544,3.446
Q15116,30,170,66,6.877,1.936,1.586,8.93,3.544,3.446
Q15116,30,170,67,6.576,1.716,1.664,8.93,3.544,3.446
Q15116,30,170,68,6.591,1.372,1.5,8.93,3.544,3.446
Q15116,30,170,69,6.362,1.073,1.445,8.93,3.544,3.446
Q15116,30,170,70,6.51,0.724,1.408,8.93,3.544,3.446
Q15116,30,170,71,6.384,0.542,1.099,8.93,3.544,3.446
Q15116,30,170,72,6.32,0.163,1.119,8.93,3.544,3.446
Q15116,30,170,73,6.656,0.133,0.927,8.93,3.544,3.446
Q15116,30,170,74,6.847,0.314,1.213,8.93,3.544,3.446
Q15116,30,170,75,6.888,0.626,0.992,8.93,3.544,3.446
Q15116,30,170,76,6.828,0.973,1.145,8.93,3.544,3.446
Q15116,30,170,77,6.568,1.202,0.988,8.93,3.544,3.446
Q15116,30,170,78,6.61,1.573,1.083,8.93,3.544,3.446
Q15116,30,170,79,6.267,1.706,1.191,8.93,3.544,3.446
Q15116,30,170,80,6.349,2.055,1.327,8.93,3.544,3.446
Q15116,30,170,81,6.64,2.276,1.444,8.93,3.544,3.446
Q15116,30,170,82,6.731,2.564,1.677,8.93,3.544,3.446
Q15116,30,170,83,6.79,2.824,1.545,8.93,3.544,3.446
Q15116,30,170,84,6.519,2.744,1.284,8.93,3.544,3.446
Q15116,30,170,85,6.663,2.613,0.954,8.93,3.544,3.446
Q15116,30,170,86,6.482,2.832,0.697,8.93,3.544,3.446
Q15116,30,170,87,6.68,2.667,0.411,8.93,3.544,3.446
Q15116,30,170,88,6.483,2.335,0.413,8.93,3.544,3.446
Q15116,30,170,89,6.173,2.344,0.185,8.93,3.544,3.446
Q15116,30,170,90,5.901,2.096,0.296,8.93,3.544,3.446
Q15116,30,170,91,5.971,2.086,0.675,8.93,3.544,3.446
Q15116,30,170,92,5.663,1.956,0.866,8.93,3.544,3.446
Q15116,30,170,93,5.562,2.271,1.066,8.93,3.544,3.446
Q15116,30,170,94,5.407,2.044,1.338,8.93,3.544,3.446
Q15116,30,170,95,5.763,1.969,1.463,8.93,3.544,3.446
Q15116,30,170,96,5.913,2.264,1.658,8.93,3.544,3.446
Q15116,30,170,97,6.219,2.342,1.872,8.93,3.544,3.446
Q15116,30,170,98,6.17,2.628,2.122,8.93,3.544,3.446
Q15116,30,170,99,6.434,2.757,2.367,8.93,3.544,3.446
Q15116,30,170,100,6.306,2.796,2.725,8.93,3.544,3.446
Q15116,30,170,101,6.37,3.122,2.924,8.93,3.544,3.446
Q15116,30,170,102,6.638,2.941,3.133,8.93,3.544,3.446
Q15116,30,170,103,6.867,2.936,2.821,8.93,3.544,3.446
Q15116,30,170,104,6.966,2.566,2.875,8.93,3.544,3.446
Q15116,30,170,105,6.645,2.373,2.811,8.93,3.544,3.446
Q15116,30,170,106,6.469,2.33,2.475,8.93,3.544,3.446
Q15116,30,170,107,6.115,2.207,2.406,8.93,3.544,3.446
Q15116,30,170,108,6.092,1.958,2.117,8.93,3.544,3.446
Q15116,30,170,109,5.719,1.961,2.037,8.93,3.544,3.446
Q15116,30,170,110,5.494,1.787,1.783,8.93,3.544,3.446
Q15116,30,170,111,5.16,1.969,1.738,8.93,3.544,3.446
Q15116,30,170,112,4.851,1.743,1.685,8.93,3.544,3.446
Q15116,30,170,113,5.041,1.415,1.722,8.93,3.544,3.446
Q15116,30,170,114,4.935,1.146,1.47,8.93,3.544,3.446
Q15116,30,170,115,4.955,0.767,1.523,8.93,3.544,3.446
Q15116,30,170,116,5.234,0.758,1.257,8.93,3.544,3.446
Q15116,30,170,117,5.447,0.998,1.473,8.93,3.544,3.446
Q15116,30,170,118,5.508,0.701,1.711,8.93,3.544,3.446
Q15116,30,170,119,5.881,0.61,1.719,8.93,3.544,3.446
Q15116,30,170,120,6.227,0.68,1.864,8.93,3.544,3.446
Q15116,30,170,121,6.352,1.04,1.9,8.93,3.544,3.446
Q15116,30,170,122,6.673,1.217,2.01,8.93,3.544,3.446
Q15116,30,170,123,6.832,1.564,2.016,8.93,3.544,3.446
Q15116,30,170,124,7.181,1.637,1.876,8.93,3.544,3.446
Q15116,30,170,125,7.395,1.941,1.957,8.93,3.544,3.446
Q15116,30,170,126,7.643,2.053,1.684,8.93,3.544,3.446
Q15116,30,170,127,7.936,2.282,1.775,8.93,3.544,3.446
Q15116,30,170,128,8.018,2.524,1.487,8.93,3.544,3.446
Q15116,30,170,129,8.376,2.621,1.597,8.93,3.544,3.446
Q15116,30,170,130,8.64,2.528,1.394,8.93,3.544,3.446
Q15116,30,170,131,8.588,2.147,1.373,8.93,3.544,3.446
Q15116,30,170,132,8.22,2.052,1.368,8.93,3.544,3.446
Q15116,30,170,133,8.145,1.802,1.648,8.93,3.544,3.446
Q15116,30,170,134,7.806,1.64,1.716,8.93,3.544,3.446
Q15116,30,170,135,7.695,1.496,2.05,8.93,3.544,3.446
Q15116,30,170,136,7.366,1.308,2.058,8.93,3.544,3.446
Q15116,30,170,137,7.134,1.255,2.353,8.93,3.544,3.446
Q15116,30,170,138,7.002,0.927,2.482,8.93,3.544,3.446
Q15116,30,170,139,6.705,0.796,2.28,8.93,3.544,3.446
Q15116,30,170,140,6.344,0.848,2.393,8.93,3.544,3.446
Q15116,30,170,141,6.02,0.68,2.276,8.93,3.544,3.446
Q15116,30,170,142,5.701,0.86,2.164,8.93,3.544,3.446
Q15116,30,170,143,5.382,0.648,2.174,8.93,3.544,3.446
Q15116,30,170,144,5.071,0.803,2.018,8.93,3.544,3.446
Q15116,30,170,145,4.763,0.609,2.133,8.93,3.544,3.446
Q15116,30,170,146,4.425,0.607,1.958,8.93,3.544,3.446
Q15116,30,170,147,4.203,0.911,2.023,8.93,3.544,3.446
Q15116,30,170,148,3.945,0.8,2.282,8.93,3.544,3.446
Q15116,30,170,149,3.628,0.767,2.079,8.93,3.544,3.446
Q15116,30,170,150,3.397,1.0,2.267,8.93,3.544,3.446
Q15116,30,170,151,3.122,0.742,2.327,8.93,3.544,3.446
Q15116,30,170,152,2.84,0.889,2.114,8.93,3.544,3.446
Q15116,30,170,153,2.649,1.037,2.408,8.93,3.544,3.446
Q15116,30,170,154,2.349,0.806,2.4,8.93,3.544,3.446
Q15116,30,170,155,2.101,1.032,2.221,8.93,3.544,3.446
Q15116,30,170,156,2.076,1.407,2.252,8.93,3.544,3.446
Q15116,30,170,157,1.797,1.414,2.509,8.93,3.544,3.446
Q15116,30,170,158,1.564,1.598,2.268,8.93,3.544,3.446
Q15116,30,170,159,1.642,1.965,2.318,8.93,3.544,3.446
Q15116,30,170,160,1.293,2.074,2.437,8.93,3.544,3.446
Q15116,30,170,161,1.17,2.144,2.086,8.93,3.544,3.446
Q15116,30,170,162,1.055,2.504,2.074,8.93,3.544,3.446
Q15116,30,170,163,0.729,2.326,1.979,8.93,3.544,3.446
Q15116,30,170,164,0.587,2.651,2.109,8.93,3.544,3.446
Q15116,30,170,165,0.804,2.935,1.968,8.93,3.544,3.446
Q15116,30,170,166,0.658,2.913,1.613,8.93,3.544,3.446
Q15116,30,170,167,0.301,2.865,1.749,8.93,3.544,3.446
Q15116,30,170,168,0.343,3.168,1.985,8.93,3.544,3.446
Q15116,30,170,169,0.487,3.37,1.692,8.93,3.544,3.446
Q15116,30,170,170,0.193,3.272,1.46,8.93,3.544,3.446
Q9NQ25,25,226,25,7.171,3.289,2.237,9.986,3.907,3.044
Q9NQ25,25,226,26,7.097,2.915,2.226,9.986,3.907,3.044
Q9NQ25,25,226,27,6.975,2.822,1.876,9.986,3.907,3.044
Q9NQ25,25,226,28,6.655,2.622,1.841,9.986,3.907,3.044
Q9NQ25,25,226,29,6.656,2.355,1.567,9.986,3.907,3.044
Q9NQ25,25,226,30,6.356,2.148,1.456,9.986,3.907,3.044
Q9NQ25,25,226,31,6.373,1.802,1.295,9.986,3.907,3.044
Q9NQ25,25,226,32,6.126,1.527,1.198,9.986,3.907,3.044
Q9NQ25,25,226,33,6.163,1.157,1.29,9.986,3.907,3.044
Q9NQ25,25,226,34,6.341,0.982,0.996,9.986,3.907,3.044
Q9NQ25,25,226,35,6.446,1.328,0.861,9.986,3.907,3.044
Q9NQ25,25,226,36,6.774,1.523,0.879,9.986,3.907,3.044
Q9NQ25,25,226,37,6.898,1.851,1.037,9.986,3.907,3.044
Q9NQ25,25,226,38,7.21,2.064,0.975,9.986,3.907,3.044
Q9NQ25,25,226,39,7.383,2.243,1.266,9.986,3.907,3.044
Q9NQ25,25,226,40,7.526,2.556,1.094,9.986,3.907,3.044
Q9NQ25,25,226,41,7.885,2.628,1.205,9.986,3.907,3.044
Q9NQ25,25,226,42,7.952,3.006,1.18,9.986,3.907,3.044
Q9NQ25,25,226,43,8.314,3.069,1.291,9.986,3.907,3.044
Q9NQ25,25,226,44,8.56,3.357,1.222,9.986,3.907,3.044
Q9NQ25,25,226,45,8.854,3.142,1.347,9.986,3.907,3.044
Q9NQ25,25,226,46,9.115,3.123,1.066,9.986,3.907,3.044
Q9NQ25,25,226,47,9.331,2.837,1.202,9.986,3.907,3.044
Q9NQ25,25,226,48,9.13,2.552,1.359,9.986,3.907,3.044
Q9NQ25,25,226,49,9.327,2.278,1.537,9.986,3.907,3.044
Q9NQ25,25,226,50,9.018,2.072,1.63,9.986,3.907,3.044
Q9NQ25,25,226,51,8.636,2.079,1.638,9.986,3.907,3.044
Q9NQ25,25,226,52,8.443,1.874,1.896,9.986,3.907,3.044
Q9NQ25,25,226,53,8.068,1.813,1.868,9.986,3.907,3.044
Q9NQ25,25,226,54,7.905,1.694,2.194,9.986,3.907,3.044
Q9NQ25,25,226,55,7.547,1.571,2.249,9.986,3.907,3.044
Q9NQ25,25,226,56,7.447,1.668,2.605,9.986,3.907,3.044
Q9NQ25,25,226,57,7.764,1.544,2.788,9.986,3.907,3.044
Q9NQ25,25,226,58,7.876,1.275,2.536,9.986,3.907,3.044
Q9NQ25,25,226,59,8.127,1.336,2.251,9.986,3.907,3.044
Q9NQ25,25,226,60,7.956,1.286,1.913,9.986,3.907,3.044
Q9NQ25,25,226,61,8.225,1.379,1.654,9.986,3.907,3.044
Q9NQ25,25,226,62,8.584,1.507,1.665,9.986,3.907,3.044
Q9NQ25,25,226,63,8.731,1.676,1.354,9.986,3.907,3.044
Q9NQ25,25,226,64,9.104,1.743,1.299,9.986,3.907,3.044
Q9NQ25,25,226,65,9.141,1.975,0.993,9.986,3.907,3.044
Q9NQ25,25,226,66,9.522,1.928,0.95,9.986,3.907,3.044
Q9NQ25,25,226,67,9.476,1.55,0.881,9.986,3.907,3.044
Q9NQ25,25,226,68,9.12,1.562,0.734,9.986,3.907,3.044
Q9NQ25,25,226,69,9.042,1.313,1.017,9.986,3.907,3.044
Q9NQ25,25,226,70,8.677,1.278,1.126,9.986,3.907,3.044
Q9NQ25,25,226,71,8.619,1.054,1.431,9.986,3.907,3.044
Q9NQ25,25,226,72,8.258,0.957,1.513,9.986,3.907,3.044
Q9NQ25,25,226,73,8.266,0.849,1.881,9.986,3.907,3.044
Q9NQ25,25,226,74,7.964,0.611,1.871,9.986,3.907,3.044
Q9NQ25,25,226,75,7.928,0.344,1.598,9.986,3.907,3.044
Q9NQ25,25,226,76,7.544,0.398,1.583,9.986,3.907,3.044
Q9NQ25,25,226,77,7.606,0.758,1.457,9.986,3.907,3.044
Q9NQ25,25,226,78,7.866,0.676,1.181,9.986,3.907,3.044
Q9NQ25,25,226,79,7.6,0.635,0.907,9.986,3.907,3.044
Q9NQ25,25,226,80,7.393,0.929,1.044,9.986,3.907,3.044
Q9NQ25,25,226,81,7.658,1.205,1.062,9.986,3.907,3.044
Q9NQ25,25,226,82,7.773,1.392,0.751,9.986,3.907,3.044
Q9NQ25,25,226,83,7.962,1.719,0.675,9.986,3.907,3.044
Q9NQ25,25,226,84,7.813,1.883,0.362,9.986,3.907,3.044
Q9NQ25,25,226,85,8.013,2.115,0.13,9.986,3.907,3.044
Q9NQ25,25,226,86,8.352,2.025,0.292,9.986,3.907,3.044
Q9NQ25,25,226,87,8.257,2.26,0.579,9.986,3.907,3.044
Q9NQ25,25,226,88,8.237,2.18,0.952,9.986,3.907,3.044
Q9NQ25,25,226,89,7.857,2.217,0.974,9.986,3.907,3.044
Q9NQ25,25,226,90,7.729,1.891,1.123,9.986,3.907,3.044
Q9NQ25,25,226,91,7.442,1.717,0.936,9.986,3.907,3.044
Q9NQ25,25,226,92,7.254,1.454,1.142,9.986,3.907,3.044
Q9NQ25,25,226,93,7.029,1.217,0.939,9.986,3.907,3.044
Q9NQ25,25,226,94,6.777,0.939,1.024,9.986,3.907,3.044
Q9NQ25,25,226,95,6.66,1.142,1.328,9.986,3.907,3.044
Q9NQ25,25,226,96,6.487,0.97,1.625,9.986,3.907,3.044
Q9NQ25,25,226,97,6.284,1.119,1.913,9.986,3.907,3.044
Q9NQ25,25,226,98,6.578,1.059,2.156,9.986,3.907,3.044
Q9NQ25,25,226,99,6.819,1.272,1.944,9.986,3.907,3.044
Q9NQ25,25,226,100,6.63,1.572,2.092,9.986,3.907,3.044
Q9NQ25,25,226,101,6.848,1.766,2.339,9.986,3.907,3.044
Q9NQ25,25,226,102,7.146,1.999,2.36,9.986,3.907,3.044
Q9NQ25,25,226,103,7.429,1.998,2.102,9.986,3.907,3.044
Q9NQ25,25,226,104,7.753,2.177,2.182,9.986,3.907,3.044
Q9NQ25,25,226,105,8.036,2.257,1.942,9.986,3.907,3.044
Q9NQ25,25,226,106,8.381,2.359,2.066,9.986,3.907,3.044
Q9NQ25,25,226,107,8.632,2.508,1.817,9.986,3.907,3.044
Q9NQ25,25,226,108,8.99,2.483,1.945,9.986,3.907,3.044
Q9NQ25,25,226,109,9.271,2.7,1.807,9.986,3.907,3.044
Q9NQ25,25,226,110,9.622,2.785,1.928,9.986,3.907,3.044
Q9NQ25,25,226,111,9.523,3.149,1.844,9.986,3.907,3.044
Q9NQ25,25,226,112,9.238,3.147,2.105,9.986,3.907,3.044
Q9NQ25,25,226,113,9.273,3.154,2.487,9.986,3.907,3.044
Q9NQ25,25,226,114,8.926,2.991,2.517,9.986,3.907,3.044
Q9NQ25,25,226,115,8.757,2.764,2.254,9.986,3.907,3.044
Q9NQ25,25,226,116,8.488,2.932,2.045,9.986,3.907,3.044
Q9NQ25,25,226,117,8.163,2.759,2.15,9.986,3.907,3.044
Q9NQ25,25,226,118,7.81,2.735,2.007,9.986,3.907,3.044
Q9NQ25,25,226,119,7.5,2.573,2.158,9.986,3.907,3.044
Q9NQ25,25,226,120,7.198,2.425,1.977,9.986,3.907,3.044
Q9NQ25,25,226,121,6.874,2.276,2.115,9.986,3.907,3.044
Q9NQ25,25,226,122,6.727,2.013,1.883,9.986,3.907,3.044
Q9NQ25,25,226,123,6.356,1.929,1.903,9.986,3.907,3.044
Q9NQ25,25,226,124,6.265,1.612,1.708,9.986,3.907,3.044
Q9NQ25,25,226,125,5.891,1.578,1.628,9.986,3.907,3.044
Q9NQ25,25,226,126,5.683,1.295,1.483,9.986,3.907,3.044
Q9NQ25,25,226,127,5.45,1.359,1.189,9.986,3.907,3.044
Q9NQ25,25,226,128,5.096,1.409,1.321,9.986,3.907,3.044
Q9NQ25,25,226,129,4.846,1.137,1.238,9.986,3.907,3.044
Q9NQ25,25,226,130,4.483,1.226,1.153,9.986,3.907,3.044
Q9NQ25,25,226,131,4.329,1.396,1.464,9.986,3.907,3.044
Q9NQ25,25,226,132,4.017,1.237,1.615,9.986,3.907,3.044
Q9NQ25,25,226,133,3.711,1.437,1.715,9.986,3.907,3.044
Q9NQ25,25,226,134,3.488,1.336,2.004,9.986,3.907,3.044
Q9NQ25,25,226,135,3.155,1.493,2.099,9.986,3.907,3.044
Q9NQ25,25,226,136,3.064,1.59,2.457,9.986,3.907,3.044
Q9NQ25,25,226,137,2.72,1.559,2.619,9.986,3.907,3.044
Q9NQ25,25,226,138,2.455,1.719,2.397,9.986,3.907,3.044
Q9NQ25,25,226,139,2.172,1.94,2.528,9.986,3.907,3.044
Q9NQ25,25,226,140,1.872,2.013,2.303,9.986,3.907,3.044
Q9NQ25,25,226,141,1.662,2.303,2.439,9.986,3.907,3.044
Q9NQ25,25,226,142,1.404,2.498,2.231,9.986,3.907,3.044
Q9NQ25,25,226,143,1.537,2.339,1.907,9.986,3.907,3.044
Q9NQ25,25,226,144,1.896,2.458,1.977,9.986,3.907,3.044
Q9NQ25,25,226,145,2.158,2.182,1.985,9.986,3.907,3.044
Q9NQ25,25,226,146,2.442,2.265,2.229,9.986,3.907,3.044
Q9NQ25,25,226,147,2.755,2.045,2.26,9.986,3.907,3.044
Q9NQ25,25,226,148,3.137,2.061,2.272,9.986,3.907,3.044
Q9NQ25,25,226,149,3.362,1.905,2.006,9.986,3.907,3.044
Q9NQ25,25,226,150,3.7,1.79,2.143,9.986,3.907,3.044
Q9NQ25,25,226,151,3.994,1.736,1.91,9.986,3.907,3.044
Q9NQ25,25,226,152,4.276,1.502,2.016,9.986,3.907,3.044
Q9NQ25,25,226,153,4.566,1.291,1.888,9.986,3.907,3.044
Q9NQ25,25,226,154,4.539,0.91,1.933,9.986,3.907,3.044
Q9NQ25,25,226,155,4.871,0.879,2.12,9.986,3.907,3.044
Q9NQ25,25,226,156,4.833,1.199,2.332,9.986,3.907,3.044
Q9NQ25,25,226,157,5.123,1.368,2.144,9.986,3.907,3.044
Q9NQ25,25,226,158,5.284,1.663,2.331,9.986,3.907,3.044
Q9NQ25,25,226,159,5.35,2.014,2.179,9.986,3.907,3.044
Q9NQ25,25,226,160,5.041,1.99,1.951,9.986,3.907,3.044
Q9NQ25,25,226,161,4.86,2.316,1.871,9.986,3.907,3.044
Q9NQ25,25,226,162,4.488,2.268,1.798,9.986,3.907,3.044
Q9NQ25,25,226,163,4.279,2.51,1.588,9.986,3.907,3.044
Q9NQ25,25,226,164,3.922,2.476,1.457,9.986,3.907,3.044
Q9NQ25,25,226,165,3.784,2.597,1.123,9.986,3.907,3.044
Q9NQ25,25,226,166,3.41,2.665,1.095,9.986,3.907,3.044
Q9NQ25,25,226,167,3.287,2.677,0.731,9.986,3.907,3.044
Q9NQ25,25,226,168,2.929,2.784,0.636,9.986,3.907,3.044
Q9NQ25,25,226,169,2.903,3.151,0.746,9.986,3.907,3.044
Q9NQ25,25,226,170,2.992,3.452,0.522,9.986,3.907,3.044
Q9NQ25,25,226,171,3.332,3.459,0.701,9.986,3.907,3.044
Q9NQ25,25,226,172,3.537,3.148,0.782,9.986,3.907,3.044
Q9NQ25,25,226,173,3.576,3.155,1.16,9.986,3.907,3.044
Q9NQ25,25,226,174,3.871,3.009,1.35,9.986,3.907,3.044
Q9NQ25,25,226,175,3.886,2.908,1.714,9.986,3.907,3.044
Q9NQ25,25,226,176,4.21,2.834,1.905,9.986,3.907,3.044
Q9NQ25,25,226,177,4.224,2.529,2.136,9.986,3.907,3.044
Q9NQ25,25,226,178,4.13,2.158,2.137,9.986,3.907,3.044
Q9NQ25,25,226,179,3.765,2.219,2.241,9.986,3.907,3.044
Q9NQ25,25,226,180,3.507,2.393,2.017,9.986,3.907,3.044
Q9NQ25,25,226,181,3.173,2.491,2.178,9.986,3.907,3.044
Q9NQ25,25,226,182,2.888,2.433,1.929,9.986,3.907,3.044
Q9NQ25,25,226,183,2.546,2.597,1.938,9.986,3.907,3.044
Q9NQ25,25,226,184,2.336,2.518,1.628,9.986,3.907,3.044
Q9NQ25,25,226,185,1.963,2.592,1.576,9.986,3.907,3.044
Q9NQ25,25,226,186,1.713,2.399,1.363,9.986,3.907,3.044
Q9NQ25,25,226,187,1.646,2.583,1.033,9.986,3.907,3.044
Q9NQ25,25,226,188,1.99,2.757,1.029,9.986,3.907,3.044
Q9NQ25,25,226,189,2.233,2.696,0.738,9.986,3.907,3.044
Q9NQ25,25,226,190,2.45,2.386,0.787,9.986,3.907,3.044
Q9NQ25,25,226,191,2.802,2.442,0.93,9.986,3.907,3.044
Q9NQ25,25,226,192,3.114,2.23,0.868,9.986,3.907,3.044
Q9NQ25,25,226,193,3.373,2.2,1.146,9.986,3.907,3.044
Q9NQ25,25,226,194,3.733,2.09,1.079,9.986,3.907,3.044
Q9NQ25,25,226,195,3.989,2.041,1.355,9.986,3.907,3.044
Q9NQ25,25,226,196,4.352,2.116,1.266,9.986,3.907,3.044
Q9NQ25,25,226,197,4.635,1.963,1.469,9.986,3.907,3.044
Q9NQ25,25,226,198,4.981,2.122,1.415,9.986,3.907,3.044
Q9NQ25,25,226,199,5.335,2.074,1.54,9.986,3.907,3.044
Q9NQ25,25,226,200,5.656,2.245,1.407,9.986,3.907,3.044
Q9NQ25,25,226,201,5.713,1.971,1.139,9.986,3.907,3.044
Q9NQ25,25,226,202,5.359,1.875,1.032,9.986,3.907,3.044
Q9NQ25,25,226,203,4.991,1.976,1.005,9.986,3.907,3.044
Q9NQ25,25,226,204,4.694,1.739,0.981,9.986,3.907,3.044
Q9NQ25,25,226,205,4.312,1.77,0.967,9.986,3.907,3.044
Q9NQ25,25,226,206,4.004,1.586,1.098,9.986,3.907,3.044
Q9NQ25,25,226,207,3.726,1.46,0.872,9.986,3.907,3.044
Q9NQ25,25,226,208,3.473,1.742,0.806,9.986,3.907,3.044
Q9NQ25,25,226,209,3.185,1.737,1.056,9.986,3.907,3.044
Q9NQ25,25,226,210,2.839,1.874,0.964,9.986,3.907,3.044
Q9NQ25,25,226,211,2.638,2.052,1.238,9.986,3.907,3.044
Q9NQ25,25,226,212,2.313,1.898,1.103,9.986,3.907,3.044
Q9NQ25,25,226,213,2.457,1.54,1.116,9.986,3.907,3.044
Q9NQ25,25,226,214,2.586,1.601,1.473,9.986,3.907,3.044
Q9NQ25,25,226,215,2.24,1.717,1.593,9.986,3.907,3.044
Q9NQ25,25,226,216,2.008,1.477,1.392,9.986,3.907,3.044
Q9NQ25,25,226,217,1.998,1.2,1.662,9.986,3.907,3.044
Q9NQ25,25,226,218,1.828,1.43,1.917,9.986,3.907,3.044
Q9NQ25,25,226,219,1.485,1.509,1.781,9.986,3.907,3.044
Q9NQ25,25,226,220,1.242,1.274,1.942,9.986,3.907,3.044
Q9NQ25,25,226,221,1.087,1.335,1.599,9.986,3.907,3.044
Q9NQ25,25,226,222,0.739,1.465,1.69,9.986,3.907,3.044
Q9NQ25,25,226,223,0.672,1.444,1.313,9.986,3.907,3.044
Q9NQ25,25,226,224,0.723,1.062,1.345,9.986,3.907,3.044
Q9NQ25,25,226,225,0.456,1.056,1.623,9.986,3.907,3.044
Q9NQ25,25,226,226,0.228,1.299,1.429,9.986,3.907,3.044
Q9NZQ7,19,230,19,7.803,2.388,0.651,8.569,3.614,3.497
Q9NZQ7,19,230,20,7.434,2.486,0.622,8.569,3.614,3.497
Q9NZQ7,19,230,21,7.116,2.352,0.781,8.569,3.614,3.497
Q9NZQ7,19,230,22,6.812,2.35,0.548,8.569,3.614,3.497
Q9NZQ7,19,230,23,6.438,2.311,0.619,8.569,3.614,3.497
Q9NZQ7,19,230,24,6.209,2.136,0.363,8.569,3.614,3.497
Q9NZQ7,19,230,25,5.918,2.339,0.511,8.569,3.614,3.497
Q9NZQ7,19,230,26,5.93,2.657,0.723,8.569,3.614,3.497
Q9NZQ7,19,230,27,5.552,2.636,0.805,8.569,3.614,3.497
Q9NZQ7,19,230,28,5.358,2.337,0.945,8.569,3.614,3.497
Q9NZQ7,19,230,29,4.98,2.338,1.008,8.569,3.614,3.497
Q9NZQ7,19,230,30,4.908,2.039,1.236,8.569,3.614,3.497
Q9NZQ7,19,230,31,4.581,1.9,1.38,8.569,3.614,3.497
Q9NZQ7,19,230,32,4.522,1.897,1.76,8.569,3.614,3.497
Q9NZQ7,19,230,33,4.576,1.549,1.911,8.569,3.614,3.497
Q9NZQ7,19,230,34,4.76,1.428,1.596,8.569,3.614,3.497
Q9NZQ7,19,230,35,5.135,1.349,1.568,8.569,3.614,3.497
Q9NZQ7,19,230,36,5.376,1.591,1.394,8.569,3.614,3.497
Q9NZQ7,19,230,37,5.725,1.552,1.244,8.569,3.614,3.497
Q9NZQ7,19,230,38,5.936,1.863,1.165,8.569,3.614,3.497
Q9NZQ7,19,230,39,6.262,1.832,0.971,8.569,3.614,3.497
Q9NZQ7,19,230,40,6.605,1.995,0.959,8.569,3.614,3.497
Q9NZQ7,19,230,41,6.85,1.866,0.697,8.569,3.614,3.497
Q9NZQ7,19,230,42,7.23,1.883,0.725,8.569,3.614,3.497
Q9NZQ7,19,230,43,7.511,1.759,0.494,8.569,3.614,3.497
Q9NZQ7,19,230,44,7.642,1.402,0.555,8.569,3.614,3.497
Q9NZQ7,19,230,45,7.907,1.304,0.294,8.569,3.614,3.497
Q9NZQ7,19,230,46,7.964,0.935,0.39,8.569,3.614,3.497
Q9NZQ7,19,230,47,7.888,0.774,0.727,8.569,3.614,3.497
Q9NZQ7,19,230,48,7.745,0.982,1.011,8.569,3.614,3.497
Q9NZQ7,19,230,49,8.001,1.034,1.291,8.569,3.614,3.497
Q9NZQ7,19,230,50,7.778,1.039,1.602,8.569,3.614,3.497
Q9NZQ7,19,230,51,8.077,1.153,1.817,8.569,3.614,3.497
Q9NZQ7,19,230,52,8.093,1.48,1.612,8.569,3.614,3.497
Q9NZQ7,19,230,53,7.711,1.529,1.598,8.569,3.614,3.497
Q9NZQ7,19,230,54,7.522,1.778,1.817,8.569,3.614,3.497
Q9NZQ7,19,230,55,7.146,1.84,1.764,8.569,3.614,3.497
Q9NZQ7,19,230,56,6.935,2.085,1.964,8.569,3.614,3.497
Q9NZQ7,19,230,57,6.56,2.141,1.93,8.569,3.614,3.497
Q9NZQ7,19,230,58,6.408,2.439,2.116,8.569,3.614,3.497
Q9NZQ7,19,230,59,6.074,2.631,2.118,8.569,3.614,3.497
Q9NZQ7,19,230,60,6.041,2.974,2.298,8.569,3.614,3.497
Q9NZQ7,19,230,61,6.331,2.892,2.543,8.569,3.614,3.497
Q9NZQ7,19,230,62,6.194,2.536,2.612,8.569,3.614,3.497
Q9NZQ7,19,230,63,6.457,2.268,2.547,8.569,3.614,3.497
Q9NZQ7,19,230,64,6.289,1.98,2.354,8.569,3.614,3.497
Q9NZQ7,19,230,65,6.589,1.768,2.244,8.569,3.614,3.497
Q9NZQ7,19,230,66,6.955,1.773,2.339,8.569,3.614,3.497
Q9NZQ7,19,230,67,7.145,1.51,2.137,8.569,3.614,3.497
Q9NZQ7,19,230,68,7.522,1.509,2.203,8.569,3.614,3.497
Q9NZQ7,19,230,69,7.78,1.249,2.094,8.569,3.614,3.497
Q9NZQ7,19,230,70,7.517,0.98,2.006,8.569,3.614,3.497
Q9NZQ7,19,230,71,7.315,1.02,2.331,8.569,3.614,3.497
Q9NZQ7,19,230,72,6.991,1.209,2.412,8.569,3.614,3.497
Q9NZQ7,19,230,73,6.984,1.401,2.745,8.569,3.614,3.497
Q9NZQ7,19,230,74,6.625,1.356,2.869,8.569,3.614,3.497
Q9NZQ7,19,230,75,6.702,1.544,3.2,8.569,3.614,3.497
Q9NZQ7,19,230,76,6.71,1.889,3.031,8.569,3.614,3.497
Q9NZQ7,19,230,77,6.387,1.824,2.834,8.569,3.614,3.497
Q9NZQ7,19,230,78,6.116,2.074,2.931,8.569,3.614,3.497
Q9NZQ7,19,230,79,5.83,1.912,3.129,8.569,3.614,3.497
Q9NZQ7,19,230,80,5.567,1.982,2.855,8.569,3.614,3.497
Q9NZQ7,19,230,81,5.757,1.759,2.602,8.569,3.614,3.497
Q9NZQ7,19,230,82,5.825,1.462,2.836,8.569,3.614,3.497
Q9NZQ7,19,230,83,5.723,1.128,2.673,8.569,3.614,3.497
Q9NZQ7,19,230,84,5.58,1.324,2.37,8.569,3.614,3.497
Q9NZQ7,19,230,85,5.896,1.449,2.192,8.569,3.614,3.497
Q9NZQ7,19,230,86,6.172,1.233,2.034,8.569,3.614,3.497
Q9NZQ7,19,230,87,6.451,1.262,1.777,8.569,3.614,3.497
Q9NZQ7,19,230,88,6.417,1.01,1.487,8.569,3.614,3.497
Q9NZQ7,19,230,89,6.764,0.845,1.516,8.569,3.614,3.497
Q9NZQ7,19,230,90,6.714,0.647,1.189,8.569,3.614,3.497
Q9NZQ7,19,230,91,6.68,0.978,0.994,8.569,3.614,3.497
Q9NZQ7,19,230,92,7.011,1.122,1.133,8.569,3.614,3.497
Q9NZQ7,19,230,93,7.209,0.874,0.915,8.569,3.614,3.497
Q9NZQ7,19,230,94,7.045,1.041,0.609,8.569,3.614,3.497
Q9NZQ7,19,230,95,7.14,1.394,0.73,8.569,3.614,3.497
Q9NZQ7,19,230,96,6.784,1.456,0.867,8.569,3.614,3.497
Q9NZQ7,19,230,97,6.737,1.575,1.228,8.569,3.614,3.497
Q9NZQ7,19,230,98,6.362,1.497,1.237,8.569,3.614,3.497
Q9NZQ7,19,230,99,6.178,1.597,1.56,8.569,3.614,3.497
Q9NZQ7,19,230,100,5.86,1.397,1.627,8.569,3.614,3.497
Q9NZQ7,19,230,101,5.596,1.524,1.875,8.569,3.614,3.497
Q9NZQ7,19,230,102,5.296,1.301,1.964,8.569,3.614,3.497
Q9NZQ7,19,230,103,4.95,1.413,2.087,8.569,3.614,3.497
Q9NZQ7,19,230,104,4.996,1.776,1.968,8.569,3.614,3.497
Q9NZQ7,19,230,105,4.841,2.047,2.193,8.569,3.614,3.497
Q9NZQ7,19,230,106,4.753,2.416,2.129,8.569,3.614,3.497
Q9NZQ7,19,230,107,5.061,2.505,2.344,8.569,3.614,3.497
Q9NZQ7,19,230,108,5.288,2.329,2.087,8.569,3.614,3.497
Q9NZQ7,19,230,109,5.214,2.618,1.84,8.569,3.614,3.497
Q9NZQ7,19,230,110,5.517,2.852,1.807,8.569,3.614,3.497
Q9NZQ7,19,230,111,5.861,2.9,1.646,8.569,3.614,3.497
Q9NZQ7,19,230,112,6.084,2.592,1.67,8.569,3.614,3.497
Q9NZQ7,19,230,113,6.463,2.621,1.635,8.569,3.614,3.497
Q9NZQ7,19,230,114,6.689,2.341,1.517,8.569,3.614,3.497
Q9NZQ7,19,230,115,7.061,2.394,1.586,8.569,3.614,3.497
Q9NZQ7,19,230,116,7.296,2.135,1.434,8.569,3.614,3.497
Q9NZQ7,19,230,117,7.673,2.106,1.473,8.569,3.614,3.497
Q9NZQ7,19,230,118,7.861,1.858,1.249,8.569,3.614,3.497
Q9NZQ7,19,230,119,8.199,1.982,1.106,8.569,3.614,3.497
Q9NZQ7,19,230,120,8.034,2.331,1.121,8.569,3.614,3.497
Q9NZQ7,19,230,121,7.726,2.487,1.288,8.569,3.614,3.497
Q9NZQ7,19,230,122,7.402,2.641,1.156,8.569,3.614,3.497
Q9NZQ7,19,230,123,7.037,2.682,1.264,8.569,3.614,3.497
Q9NZQ7,19,230,124,6.689,2.72,1.113,8.569,3.614,3.497
Q9NZQ7,19,230,125,6.343,2.829,1.23,8.569,3.614,3.497
Q9NZQ7,19,230,126,6.016,2.64,1.17,8.569,3.614,3.497
Q9NZQ7,19,230,127,5.675,2.794,1.246,8.569,3.614,3.497
Q9NZQ7,19,230,128,5.414,2.548,1.378,8.569,3.614,3.497
Q9NZQ7,19,230,129,5.042,2.637,1.378,8.569,3.614,3.497
Q9NZQ7,19,230,130,4.804,2.403,1.565,8.569,3.614,3.497
Q9NZQ7,19,230,131,4.454,2.361,1.423,8.569,3.614,3.497
Q9NZQ7,19,230,132,4.175,2.237,1.658,8.569,3.614,3.497
Q9NZQ7,19,230,133,3.878,2.164,1.42,8.569,3.614,3.497
Q9NZQ7,19,230,134,3.523,2.069,1.534,8.569,3.614,3.497
Q9NZQ7,19,230,135,3.556,1.747,1.324,8.569,3.614,3.497
Q9NZQ7,19,230,136,3.476,1.496,1.61,8.569,3.614,3.497
Q9NZQ7,19,230,137,3.097,1.554,1.627,8.569,3.614,3.497
Q9NZQ7,19,230,138,2.905,1.351,1.888,8.569,3.614,3.497
Q9NZQ7,19,230,139,2.533,1.329,1.796,8.569,3.614,3.497
Q9NZQ7,19,230,140,2.219,1.211,1.98,8.569,3.614,3.497
Q9NZQ7,19,230,141,1.851,1.183,1.88,8.569,3.614,3.497
Q9NZQ7,19,230,142,1.586,1.167,2.156,8.569,3.614,3.497
Q9NZQ7,19,230,143,1.211,1.111,2.107,8.569,3.614,3.497
Q9NZQ7,19,230,144,1.062,1.369,2.35,8.569,3.614,3.497
Q9NZQ7,19,230,145,0.696,1.303,2.266,8.569,3.614,3.497
Q9NZQ7,19,230,146,0.597,1.024,2.02,8.569,3.614,3.497
Q9NZQ7,19,230,147,0.233,1.157,2.005,8.569,3.614,3.497
Q9NZQ7,19,230,148,0.338,1.497,1.862,8.569,3.614,3.497
Q9NZQ7,19,230,149,0.646,1.342,1.69,8.569,3.614,3.497
Q9NZQ7,19,230,150,0.863,1.588,1.894,8.569,3.614,3.497
Q9NZQ7,19,230,151,1.236,1.506,1.874,8.569,3.614,3.497
Q9NZQ7,19,230,152,1.536,1.66,2.051,8.569,3.614,3.497
Q9NZQ7,19,230,153,1.842,1.652,1.822,8.569,3.614,3.497
Q9NZQ7,19,230,154,2.18,1.735,1.98,8.569,3.614,3.497
Q9NZQ7,19,230,155,2.53,1.781,1.843,8.569,3.614,3.497
Q9NZQ7,19,230,156,2.842,1.828,2.057,8.569,3.614,3.497
Q9NZQ7,19,230,157,3.203,1.891,1.949,8.569,3.614,3.497
Q9NZQ7,19,230,158,3.524,2.039,2.096,8.569,3.614,3.497
Q9NZQ7,19,230,159,3.76,2.277,1.912,8.569,3.614,3.497
Q9NZQ7,19,230,160,3.926,2.622,1.893,8.569,3.614,3.497
Q9NZQ7,19,230,161,3.834,2.91,1.851,8.569,3.614,3.497
Q9NZQ7,19,230,162,3.458,2.935,1.944,8.569,3.614,3.497
Q9NZQ7,19,230,163,3.225,2.797,1.672,8.569,3.614,3.497
Q9NZQ7,19,230,164,2.861,2.869,1.588,8.569,3.614,3.497
Q9NZQ7,19,230,165,2.62,2.578,1.521,8.569,3.614,3.497
Q9NZQ7,19,230,166,2.385,2.607,1.222,8.569,3.614,3.497
Q9NZQ7,19,230,167,2.095,2.361,1.194,8.569,3.614,3.497
Q9NZQ7,19,230,168,1.953,2.277,0.85,8.569,3.614,3.497
Q9NZQ7,19,230,169,1.682,2.044,0.714,8.569,3.614,3.497
Q9NZQ7,19,230,170,1.718,1.825,0.399,8.569,3.614,3.497
Q9NZQ7,19,230,171,1.588,2.122,0.189,8.569,3.614,3.497
Q9NZQ7,19,230,172,1.868,2.344,0.338,8.569,3.614,3.497
Q9NZQ7,19,230,173,1.631,2.569,0.54,8.569,3.614,3.497
Q9NZQ7,19,230,174,1.802,2.722,0.848,8.569,3.614,3.497
Q9NZQ7,19,230,175,1.651,2.605,1.18,8.569,3.614,3.497
Q9NZQ7,19,230,176,1.661,2.773,1.525,8.569,3.614,3.497
Q9NZQ7,19,230,177,1.867,2.562,1.77,8.569,3.614,3.497
Q9NZQ7,19,230,178,1.984,2.641,2.128,8.569,3.614,3.497
Q9NZQ7,19,230,179,2.367,2.651,2.152,8.569,3.614,3.497
Q9NZQ7,19,230,180,2.574,2.642,2.476,8.569,3.614,3.497
Q9NZQ7,19,230,181,2.951,2.711,2.473,8.569,3.614,3.497
Q9NZQ7,19,230,182,3.174,2.62,2.771,8.569,3.614,3.497
Q9NZQ7,19,230,183,3.546,2.555,2.829,8.569,3.614,3.497
Q9NZQ7,19,230,184,3.637,2.189,2.768,8.569,3.614,3.497
Q9NZQ7,19,230,185,3.677,1.98,3.085,8.569,3.614,3.497
Q9NZQ7,19,230,186,3.961,1.785,2.906,8.569,3.614,3.497
Q9NZQ7,19,230,187,4.172,2.074,2.771,8.569,3.614,3.497
Q9NZQ7,19,230,188,4.129,2.421,2.93,8.569,3.614,3.497
Q9NZQ7,19,230,189,4.204,2.604,2.598,8.569,3.614,3.497
Q9NZQ7,19,230,190,3.942,2.414,2.39,8.569,3.614,3.497
Q9NZQ7,19,230,191,3.575,2.513,2.372,8.569,3.614,3.497
Q9NZQ7,19,230,192,3.304,2.254,2.425,8.569,3.614,3.497
Q9NZQ7,19,230,193,3.009,2.352,2.201,8.569,3.614,3.497
Q9NZQ7,19,230,194,2.674,2.173,2.243,8.569,3.614,3.497
Q9NZQ7,19,230,195,2.368,2.262,2.032,8.569,3.614,3.497
Q9NZQ7,19,230,196,2.014,2.126,2.07,8.569,3.614,3.497
Q9NZQ7,19,230,197,1.725,2.146,1.82,8.569,3.614,3.497
Q9NZQ7,19,230,198,1.362,2.063,1.915,8.569,3.614,3.497
Q9NZQ7,19,230,199,1.146,1.978,1.614,8.569,3.614,3.497
Q9NZQ7,19,230,200,0.831,1.788,1.516,8.569,3.614,3.497
Q9NZQ7,19,230,201,0.956,1.546,1.247,8.569,3.614,3.497
Q9NZQ7,19,230,202,0.89,1.209,1.08,8.569,3.614,3.497
Q9NZQ7,19,230,203,1.096,0.891,1.043,8.569,3.614,3.497
Q9NZQ7,19,230,204,1.381,0.907,0.784,8.569,3.614,3.497
Q9NZQ7,19,230,205,1.386,1.291,0.774,8.569,3.614,3.497
Q9NZQ7,19,230,206,1.744,1.425,0.761,8.569,3.614,3.497
Q9NZQ7,19,230,207,1.891,1.715,0.959,8.569,3.614,3.497
Q9NZQ7,19,230,208,2.239,1.866,0.962,8.569,3.614,3.497
Q9NZQ7,19,230,209,2.434,2.033,1.241,8.569,3.614,3.497
Q9NZQ7,19,230,210,2.718,2.248,1.101,8.569,3.614,3.497
Q9NZQ7,19,230,211,2.995,2.366,1.335,8.569,3.614,3.497
Q9NZQ7,19,230,212,3.115,2.688,1.168,8.569,3.614,3.497
Q9NZQ7,19,230,213,3.428,2.875,1.277,8.569,3.614,3.497
Q9NZQ7,19,230,214,3.574,3.196,1.13,8.569,3.614,3.497
Q9NZQ7,19,230,215,3.933,3.309,1.046,8.569,3.614,3.497
Q9NZQ7,19,230,216,3.973,3.087,0.843,8.569,3.614,3.497
Q9NZQ7,19,230,217,3.618,2.977,0.76,8.569,3.614,3.497
Q9NZQ7,19,230,218,3.588,2.602,0.828,8.569,3.614,3.497
Q9NZQ7,19,230,219,3.27,2.391,0.843,8.569,3.614,3.497
Q9NZQ7,19,230,220,3.223,2.046,1.0,8.569,3.614,3.497
Q9NZQ7,19,230,221,2.879,1.891,0.949,8.569,3.614,3.497
Q9NZQ7,19,230,222,2.713,1.581,1.093,8.569,3.614,3.497
Q9NZQ7,19,230,223,2.407,1.409,0.939,8.569,3.614,3.497
Q9NZQ7,19,230,224,2.117,1.311,1.17,8.569,3.614,3.497
Q9NZQ7,19,230,225,1.86,1.063,1.035,8.569,3.614,3.497
Q9NZQ7,19,230,226,1.537,1.031,1.24,8.569,3.614,3.497
Q9NZQ7,19,230,227,1.515,0.663,1.35,8.569,3.614,3.497
Q9NZQ7,19,230,228,1.215,0.432,1.306,8.569,3.614,3.497
Q9NZQ7,19,230,229,1.023,0.422,1.634,8.569,3.614,3.497
Q9NZQ7,19,230,230,0.98,0.056,1.739,8.569,3.614,3.497
