source,decision,subject,status,assertion,pmid,link,first_author,year,journal,title,reviewed,review_notes
interaction_type_corrections.csv,relabelled cis -> trans,TIGIT–PVR,cited,TIGIT on NK and T cells binds PVR on target cells and dendritic cells; the crystal structure shows a cell-cell adhesion,19815499,https://pubmed.ncbi.nlm.nih.gov/19815499/,Stanietsky N,2009,Proc Natl Acad Sci U S A,The interaction of TIGIT with PVR and PVRL2 inhibits human NK cell cytotoxicity.,,
interaction_type_corrections.csv,relabelled cis -> trans,TIGIT–PVR,cited,TIGIT on NK and T cells binds PVR on target cells and dendritic cells; the crystal structure shows a cell-cell adhesion,22421438,https://pubmed.ncbi.nlm.nih.gov/22421438/,Stengel KF,2012,Proc Natl Acad Sci U S A,Structure of TIGIT immunoreceptor bound to poliovirus receptor reveals a cell-cell adhesion and signaling mechanism that requires cis-trans receptor clustering.,,
interaction_type_corrections.csv,relabelled cis -> trans,TIGIT–PVR,cited,TIGIT on NK and T cells binds PVR on target cells and dendritic cells; the crystal structure shows a cell-cell adhesion,19011627,https://pubmed.ncbi.nlm.nih.gov/19011627/,Yu X,2009,Nat Immunol,The surface protein TIGIT suppresses T cell activation by promoting the generation of mature immunoregulatory dendritic cells.,,
interaction_type_corrections.csv,relabelled cis -> trans,CRTAM–CADM1,cited,CRTAM on NK and CD8 T cells binds CADM1 (NECL-2) on target cells,15811952,https://pubmed.ncbi.nlm.nih.gov/15811952/,Boles KS,2005,Blood,The tumor suppressor TSLC1/NECL-2 triggers NK-cell and CD8+ T-cell responses through the cell-surface receptor CRTAM.,,
interaction_type_corrections.csv,relabelled cis -> trans,CRTAM–CADM1,cited,CRTAM on NK and CD8 T cells binds CADM1 (NECL-2) on target cells,16091383,https://pubmed.ncbi.nlm.nih.gov/16091383/,Arase N,2005,Int Immunol,Heterotypic interaction of CRTAM with Necl2 induces cell adhesion on activated NK cells and CD8+ T cells.,,
interaction_type_corrections.csv,relabelled cis -> trans,NECTIN3–PVR,cited,PVR (CD155) and nectin-3 bind in trans at cell-cell junctions,12759359,https://pubmed.ncbi.nlm.nih.gov/12759359/,Mueller S,2003,J Biol Chem,"Recruitment of nectin-3 to cell-cell junctions through trans-heterophilic interaction with CD155, a vitronectin and poliovirus receptor that localizes to alpha(v)beta3 integrin-containing membrane microdomains.",,
interaction_type_corrections.csv,relabelled cis -> trans,NECTIN3–PVR,cited,PVR (CD155) and nectin-3 bind in trans at cell-cell junctions,12740392,https://pubmed.ncbi.nlm.nih.gov/12740392/,Ikeda W,2003,J Biol Chem,Tage4/Nectin-like molecule-5 heterophilically trans-interacts with cell adhesion molecule Nectin-3 and enhances cell migration.,,
interaction_type_corrections.csv,relabelled cis -> trans,CADM3–CADM4,cited,CADM3 (Necl-1) on axons binds CADM4 (Necl-4) on Schwann cells along the internode,17724124,https://pubmed.ncbi.nlm.nih.gov/17724124/,Maurel P,2007,J Cell Biol,Nectin-like proteins mediate axon Schwann cell interactions along the internode and are essential for myelination.,,
interaction_type_corrections.csv,relabelled cis -> trans,CADM3–CADM4,cited,CADM3 (Necl-1) on axons binds CADM4 (Necl-4) on Schwann cells along the internode,17558405,https://pubmed.ncbi.nlm.nih.gov/17558405/,Spiegel I,2007,Nat Neurosci,A central role for Necl4 (SynCAM4) in Schwann cell-axon interaction and myelination.,,
interaction_type_corrections.csv,pair removed,LILRB1–HLA-E,"cited, left out","no binding to HLA-E shown: HLA-E tetramers identified CD94/NKG2 as its receptors, and on target cells ILT2 recognizes HLA-G1, not HLA-E",9933109,https://pubmed.ncbi.nlm.nih.gov/9933109/,Navarro F,1999,Eur J Immunol,The ILT2(LIR1) and CD94/NKG2A NK cell receptors respectively recognize HLA-G1 and HLA-E molecules co-expressed on target cells.,,
interaction_type_corrections.csv,pair removed,LILRB1–HLA-E,"cited, left out","no binding to HLA-E shown: HLA-E tetramers identified CD94/NKG2 as its receptors, and on target cells ILT2 recognizes HLA-G1, not HLA-E",12213342,https://pubmed.ncbi.nlm.nih.gov/12213342/,Allan DS,2002,J Immunol Methods,"Tetrameric complexes of HLA-E, HLA-F, and HLA-G.",,
interaction_type_corrections.csv,pair removed,LILRB2–HLA-E,"cited, left out","no binding to HLA-E shown: HLA-E tetramers identified CD94/NKG2 as its receptors, while HLA-F and HLA-G tetramers bound ILT2 and ILT4",12213342,https://pubmed.ncbi.nlm.nih.gov/12213342/,Allan DS,2002,J Immunol Methods,"Tetrameric complexes of HLA-E, HLA-F, and HLA-G.",,
interaction_type_corrections.csv,pair removed,LILRA1–HLA-E,"cited, left out","LILRA1 (LIR6) binds HLA-B27; no binding to HLA-E, F or G shown",11698424,https://pubmed.ncbi.nlm.nih.gov/11698424/,Allen RL,2001,J Immunol,Leukocyte receptor complex-encoded immunomodulatory receptors show differing specificity for alternative HLA-B27 structures.,,
interaction_type_corrections.csv,pair removed,LILRA1–HLA-F,"cited, left out","LILRA1 (LIR6) binds HLA-B27; no binding to HLA-E, F or G shown",11698424,https://pubmed.ncbi.nlm.nih.gov/11698424/,Allen RL,2001,J Immunol,Leukocyte receptor complex-encoded immunomodulatory receptors show differing specificity for alternative HLA-B27 structures.,,
interaction_type_corrections.csv,pair removed,LILRA1–HLA-G,"cited, left out","LILRA1 (LIR6) binds HLA-B27; no binding to HLA-E, F or G shown",11698424,https://pubmed.ncbi.nlm.nih.gov/11698424/,Allen RL,2001,J Immunol,Leukocyte receptor complex-encoded immunomodulatory receptors show differing specificity for alternative HLA-B27 structures.,,
interaction_type_corrections.csv,pair removed,LILRA2–HLA-E,"cited, left out","LILRA2 senses microbially cleaved immunoglobulin and did not bind HLA-B27; no binding to HLA-E, F or G shown",27572839,https://pubmed.ncbi.nlm.nih.gov/27572839/,Hirayasu K,2016,Nat Microbiol,Microbially cleaved immunoglobulins are sensed by the innate immune receptor LILRA2.,,
interaction_type_corrections.csv,pair removed,LILRA2–HLA-E,"cited, left out","LILRA2 senses microbially cleaved immunoglobulin and did not bind HLA-B27; no binding to HLA-E, F or G shown",11698424,https://pubmed.ncbi.nlm.nih.gov/11698424/,Allen RL,2001,J Immunol,Leukocyte receptor complex-encoded immunomodulatory receptors show differing specificity for alternative HLA-B27 structures.,,
interaction_type_corrections.csv,pair removed,LILRA2–HLA-F,"cited, left out","LILRA2 senses microbially cleaved immunoglobulin and did not bind HLA-B27; no binding to HLA-E, F or G shown",27572839,https://pubmed.ncbi.nlm.nih.gov/27572839/,Hirayasu K,2016,Nat Microbiol,Microbially cleaved immunoglobulins are sensed by the innate immune receptor LILRA2.,,
interaction_type_corrections.csv,pair removed,LILRA2–HLA-F,"cited, left out","LILRA2 senses microbially cleaved immunoglobulin and did not bind HLA-B27; no binding to HLA-E, F or G shown",11698424,https://pubmed.ncbi.nlm.nih.gov/11698424/,Allen RL,2001,J Immunol,Leukocyte receptor complex-encoded immunomodulatory receptors show differing specificity for alternative HLA-B27 structures.,,
interaction_type_corrections.csv,pair removed,LILRA2–HLA-G,"cited, left out","LILRA2 senses microbially cleaved immunoglobulin and did not bind HLA-B27; no binding to HLA-E, F or G shown",27572839,https://pubmed.ncbi.nlm.nih.gov/27572839/,Hirayasu K,2016,Nat Microbiol,Microbially cleaved immunoglobulins are sensed by the innate immune receptor LILRA2.,,
interaction_type_corrections.csv,pair removed,LILRA2–HLA-G,"cited, left out","LILRA2 senses microbially cleaved immunoglobulin and did not bind HLA-B27; no binding to HLA-E, F or G shown",11698424,https://pubmed.ncbi.nlm.nih.gov/11698424/,Allen RL,2001,J Immunol,Leukocyte receptor complex-encoded immunomodulatory receptors show differing specificity for alternative HLA-B27 structures.,,
interaction_type_corrections.csv,pair removed,LILRA4–HLA-E,"cited, left out","LILRA4 (ILT7) binds BST2; no binding to HLA-E, F or G shown",19564354,https://pubmed.ncbi.nlm.nih.gov/19564354/,Cao W,2009,J Exp Med,Regulation of TLR7/9 responses in plasmacytoid dendritic cells by BST2 and ILT7 receptor interaction.,,
interaction_type_corrections.csv,pair removed,LILRA4–HLA-F,"cited, left out","LILRA4 (ILT7) binds BST2; no binding to HLA-E, F or G shown",19564354,https://pubmed.ncbi.nlm.nih.gov/19564354/,Cao W,2009,J Exp Med,Regulation of TLR7/9 responses in plasmacytoid dendritic cells by BST2 and ILT7 receptor interaction.,,
interaction_type_corrections.csv,pair removed,LILRA4–HLA-G,"cited, left out","LILRA4 (ILT7) binds BST2; no binding to HLA-E, F or G shown",19564354,https://pubmed.ncbi.nlm.nih.gov/19564354/,Cao W,2009,J Exp Med,Regulation of TLR7/9 responses in plasmacytoid dendritic cells by BST2 and ILT7 receptor interaction.,,
interaction_type_corrections.csv,pair removed,LILRA5–HLA-E,"cited, left out",LILRA5 bound none of the MHC class I molecules tested; its structure changes the site LILRB1 and LILRB2 use,16675463,https://pubmed.ncbi.nlm.nih.gov/16675463/,Shiroishi M,2006,J Biol Chem,"Crystal structure of the human monocyte-activating receptor, ""Group 2"" leukocyte Ig-like receptor A5 (LILRA5/LIR9/ILT11).",,
interaction_type_corrections.csv,pair removed,LILRA5–HLA-F,"cited, left out",LILRA5 bound none of the MHC class I molecules tested; its structure changes the site LILRB1 and LILRB2 use,16675463,https://pubmed.ncbi.nlm.nih.gov/16675463/,Shiroishi M,2006,J Biol Chem,"Crystal structure of the human monocyte-activating receptor, ""Group 2"" leukocyte Ig-like receptor A5 (LILRA5/LIR9/ILT11).",,
interaction_type_corrections.csv,pair removed,LILRA5–HLA-G,"cited, left out",LILRA5 bound none of the MHC class I molecules tested; its structure changes the site LILRB1 and LILRB2 use,16675463,https://pubmed.ncbi.nlm.nih.gov/16675463/,Shiroishi M,2006,J Biol Chem,"Crystal structure of the human monocyte-activating receptor, ""Group 2"" leukocyte Ig-like receptor A5 (LILRA5/LIR9/ILT11).",,
interaction_type_corrections.csv,pair removed,LILRA6–HLA-E,"cited, left out","LILRA6 binds a cytokeratin 8-associated ligand; no binding to HLA-E, F or G shown",26769854,https://pubmed.ncbi.nlm.nih.gov/26769854/,Jones DC,2016,Oncotarget,Allele-specific recognition by LILRB3 and LILRA6 of a cytokeratin 8-associated ligand on necrotic glandular epithelial cells.,,
interaction_type_corrections.csv,pair removed,LILRA6–HLA-F,"cited, left out","LILRA6 binds a cytokeratin 8-associated ligand; no binding to HLA-E, F or G shown",26769854,https://pubmed.ncbi.nlm.nih.gov/26769854/,Jones DC,2016,Oncotarget,Allele-specific recognition by LILRB3 and LILRA6 of a cytokeratin 8-associated ligand on necrotic glandular epithelial cells.,,
interaction_type_corrections.csv,pair removed,LILRA6–HLA-G,"cited, left out","LILRA6 binds a cytokeratin 8-associated ligand; no binding to HLA-E, F or G shown",26769854,https://pubmed.ncbi.nlm.nih.gov/26769854/,Jones DC,2016,Oncotarget,Allele-specific recognition by LILRB3 and LILRA6 of a cytokeratin 8-associated ligand on necrotic glandular epithelial cells.,,
interaction_type_corrections.csv,pair removed,LILRB3–HLA-E,"cited, left out","LILRB3 binds a cytokeratin 8-associated ligand and did not bind HLA-B27; no binding to HLA-E, F or G shown",26769854,https://pubmed.ncbi.nlm.nih.gov/26769854/,Jones DC,2016,Oncotarget,Allele-specific recognition by LILRB3 and LILRA6 of a cytokeratin 8-associated ligand on necrotic glandular epithelial cells.,,
interaction_type_corrections.csv,pair removed,LILRB3–HLA-E,"cited, left out","LILRB3 binds a cytokeratin 8-associated ligand and did not bind HLA-B27; no binding to HLA-E, F or G shown",11698424,https://pubmed.ncbi.nlm.nih.gov/11698424/,Allen RL,2001,J Immunol,Leukocyte receptor complex-encoded immunomodulatory receptors show differing specificity for alternative HLA-B27 structures.,,
interaction_type_corrections.csv,pair removed,LILRB3–HLA-F,"cited, left out","LILRB3 binds a cytokeratin 8-associated ligand and did not bind HLA-B27; no binding to HLA-E, F or G shown",26769854,https://pubmed.ncbi.nlm.nih.gov/26769854/,Jones DC,2016,Oncotarget,Allele-specific recognition by LILRB3 and LILRA6 of a cytokeratin 8-associated ligand on necrotic glandular epithelial cells.,,
interaction_type_corrections.csv,pair removed,LILRB3–HLA-F,"cited, left out","LILRB3 binds a cytokeratin 8-associated ligand and did not bind HLA-B27; no binding to HLA-E, F or G shown",11698424,https://pubmed.ncbi.nlm.nih.gov/11698424/,Allen RL,2001,J Immunol,Leukocyte receptor complex-encoded immunomodulatory receptors show differing specificity for alternative HLA-B27 structures.,,
interaction_type_corrections.csv,pair removed,LILRB3–HLA-G,"cited, left out","LILRB3 binds a cytokeratin 8-associated ligand and did not bind HLA-B27; no binding to HLA-E, F or G shown",26769854,https://pubmed.ncbi.nlm.nih.gov/26769854/,Jones DC,2016,Oncotarget,Allele-specific recognition by LILRB3 and LILRA6 of a cytokeratin 8-associated ligand on necrotic glandular epithelial cells.,,
interaction_type_corrections.csv,pair removed,LILRB3–HLA-G,"cited, left out","LILRB3 binds a cytokeratin 8-associated ligand and did not bind HLA-B27; no binding to HLA-E, F or G shown",11698424,https://pubmed.ncbi.nlm.nih.gov/11698424/,Allen RL,2001,J Immunol,Leukocyte receptor complex-encoded immunomodulatory receptors show differing specificity for alternative HLA-B27 structures.,,
interaction_type_corrections.csv,pair removed,LILRB4–HLA-E,"cited, left out","LILRB4 binds ApoE and did not bind HLA-B27; no binding to HLA-E, F or G shown",30333625,https://pubmed.ncbi.nlm.nih.gov/30333625/,Deng M,2018,Nature,LILRB4 signalling in leukaemia cells mediates T cell suppression and tumour infiltration.,,
interaction_type_corrections.csv,pair removed,LILRB4–HLA-E,"cited, left out","LILRB4 binds ApoE and did not bind HLA-B27; no binding to HLA-E, F or G shown",11698424,https://pubmed.ncbi.nlm.nih.gov/11698424/,Allen RL,2001,J Immunol,Leukocyte receptor complex-encoded immunomodulatory receptors show differing specificity for alternative HLA-B27 structures.,,
interaction_type_corrections.csv,pair removed,LILRB4–HLA-F,"cited, left out","LILRB4 binds ApoE and did not bind HLA-B27; no binding to HLA-E, F or G shown",30333625,https://pubmed.ncbi.nlm.nih.gov/30333625/,Deng M,2018,Nature,LILRB4 signalling in leukaemia cells mediates T cell suppression and tumour infiltration.,,
interaction_type_corrections.csv,pair removed,LILRB4–HLA-F,"cited, left out","LILRB4 binds ApoE and did not bind HLA-B27; no binding to HLA-E, F or G shown",11698424,https://pubmed.ncbi.nlm.nih.gov/11698424/,Allen RL,2001,J Immunol,Leukocyte receptor complex-encoded immunomodulatory receptors show differing specificity for alternative HLA-B27 structures.,,
interaction_type_corrections.csv,pair removed,LILRB4–HLA-G,"cited, left out","LILRB4 binds ApoE and did not bind HLA-B27; no binding to HLA-E, F or G shown",30333625,https://pubmed.ncbi.nlm.nih.gov/30333625/,Deng M,2018,Nature,LILRB4 signalling in leukaemia cells mediates T cell suppression and tumour infiltration.,,
interaction_type_corrections.csv,pair removed,LILRB4–HLA-G,"cited, left out","LILRB4 binds ApoE and did not bind HLA-B27; no binding to HLA-E, F or G shown",11698424,https://pubmed.ncbi.nlm.nih.gov/11698424/,Allen RL,2001,J Immunol,Leukocyte receptor complex-encoded immunomodulatory receptors show differing specificity for alternative HLA-B27 structures.,,
interaction_type_corrections.csv,pair removed,LILRB5–HLA-E,"cited, left out","LILRB5 binds free HLA-B27 and HLA-B7 heavy chains, and no other HLA class I tetramer stained it",26098415,https://pubmed.ncbi.nlm.nih.gov/26098415/,Zhang Z,2015,PLoS One,The Leukocyte Immunoglobulin-Like Receptor Family Member LILRB5 Binds to HLA-Class I Heavy Chains.,,
interaction_type_corrections.csv,pair removed,LILRB5–HLA-F,"cited, left out","LILRB5 binds free HLA-B27 and HLA-B7 heavy chains, and no other HLA class I tetramer stained it",26098415,https://pubmed.ncbi.nlm.nih.gov/26098415/,Zhang Z,2015,PLoS One,The Leukocyte Immunoglobulin-Like Receptor Family Member LILRB5 Binds to HLA-Class I Heavy Chains.,,
interaction_type_corrections.csv,pair removed,LILRB5–HLA-G,"cited, left out","LILRB5 binds free HLA-B27 and HLA-B7 heavy chains, and no other HLA class I tetramer stained it",26098415,https://pubmed.ncbi.nlm.nih.gov/26098415/,Zhang Z,2015,PLoS One,The Leukocyte Immunoglobulin-Like Receptor Family Member LILRB5 Binds to HLA-Class I Heavy Chains.,,
interaction_type_corrections.csv,relabelled pathway -> trans,CNTN3–PTPRG,cited,PTPRG and CNTN3 form cis complexes on photoreceptors yet interact in trans when expressed on apposing cells; PTPRG binds CNTN3-6 directly,27539848,https://pubmed.ncbi.nlm.nih.gov/27539848/,Nikolaienko RM,2016,J Biol Chem,Structural Basis for Interactions Between Contactin Family Members and Protein-tyrosine Phosphatase Receptor Type G in Neural Tissues.,,
interaction_type_corrections.csv,relabelled pathway -> trans,CNTN3–PTPRG,cited,PTPRG and CNTN3 form cis complexes on photoreceptors yet interact in trans when expressed on apposing cells; PTPRG binds CNTN3-6 directly,20133774,https://pubmed.ncbi.nlm.nih.gov/20133774/,Bouyain S,2010,Proc Natl Acad Sci U S A,The protein tyrosine phosphatases PTPRZ and PTPRG bind to distinct members of the contactin family of neural recognition molecules.,,
interaction_type_corrections.csv,relabelled trans -> cis,CD80–CD274,cited,"PD-L1 cells did not bind CD80 cells in cell-to-cell assays and the two bind in cis on one surface (29871885); CD80 binds PD-L1 in cis on antigen-presenting cells (31000591); they heterodimerize in cis but not trans (31757674). The binding itself was established without testing the geometry (17629517, 18585785)",29871885,https://pubmed.ncbi.nlm.nih.gov/29871885/,Chaudhri A,2018,Cancer Immunol Res,PD-L1 Binds to B7-1 Only In Cis on the Same Cell Surface.,,
interaction_type_corrections.csv,relabelled trans -> cis,CD80–CD274,cited,"PD-L1 cells did not bind CD80 cells in cell-to-cell assays and the two bind in cis on one surface (29871885); CD80 binds PD-L1 in cis on antigen-presenting cells (31000591); they heterodimerize in cis but not trans (31757674). The binding itself was established without testing the geometry (17629517, 18585785)",31000591,https://pubmed.ncbi.nlm.nih.gov/31000591/,Sugiura D,2019,Science,Restriction of PD-1 function by cis-PD-L1/CD80 interactions is required for optimal T cell responses.,,
interaction_type_corrections.csv,relabelled trans -> cis,CD80–CD274,cited,"PD-L1 cells did not bind CD80 cells in cell-to-cell assays and the two bind in cis on one surface (29871885); CD80 binds PD-L1 in cis on antigen-presenting cells (31000591); they heterodimerize in cis but not trans (31757674). The binding itself was established without testing the geometry (17629517, 18585785)",31757674,https://pubmed.ncbi.nlm.nih.gov/31757674/,Zhao Y,2019,Immunity,PD-L1:CD80 Cis-Heterodimer Triggers the Co-stimulatory Receptor CD28 While Repressing the Inhibitory PD-1 and CTLA-4 Pathways.,,
interaction_type_corrections.csv,relabelled trans -> cis,CD80–CD274,cited,"PD-L1 cells did not bind CD80 cells in cell-to-cell assays and the two bind in cis on one surface (29871885); CD80 binds PD-L1 in cis on antigen-presenting cells (31000591); they heterodimerize in cis but not trans (31757674). The binding itself was established without testing the geometry (17629517, 18585785)",17629517,https://pubmed.ncbi.nlm.nih.gov/17629517/,Butte MJ,2007,Immunity,Programmed death-1 ligand 1 interacts specifically with the B7-1 costimulatory molecule to inhibit T cell responses.,,
interaction_type_corrections.csv,relabelled trans -> cis,CD80–CD274,cited,"PD-L1 cells did not bind CD80 cells in cell-to-cell assays and the two bind in cis on one surface (29871885); CD80 binds PD-L1 in cis on antigen-presenting cells (31000591); they heterodimerize in cis but not trans (31757674). The binding itself was established without testing the geometry (17629517, 18585785)",18585785,https://pubmed.ncbi.nlm.nih.gov/18585785/,Butte MJ,2008,Mol Immunol,Interaction of human PD-L1 and B7-1.,,
curated_trans_interactions.csv,trans pair added,LILRB1–HLA-A,cited,LIR-1 and LIR-2 recognize a broad spectrum of HLA-A -B and -C alleles; crystal structure of LIR-1 with HLA-A2; LIR-1 binds many class I alleles through the alpha3 domain; SPR with classical class I,9842885,https://pubmed.ncbi.nlm.nih.gov/9842885/,Fanger NA,1998,Eur J Immunol,The MHC class I binding proteins LIR-1 and LIR-2 inhibit Fc receptor-mediated signaling in monocytes.,,
curated_trans_interactions.csv,trans pair added,LILRB1–HLA-A,cited,LIR-1 and LIR-2 recognize a broad spectrum of HLA-A -B and -C alleles; crystal structure of LIR-1 with HLA-A2; LIR-1 binds many class I alleles through the alpha3 domain; SPR with classical class I,12897781,https://pubmed.ncbi.nlm.nih.gov/12897781/,Willcox BE,2003,Nat Immunol,"Crystal structure of HLA-A2 bound to LIR-1, a host and viral major histocompatibility complex receptor.",,
curated_trans_interactions.csv,trans pair added,LILRB1–HLA-A,cited,LIR-1 and LIR-2 recognize a broad spectrum of HLA-A -B and -C alleles; crystal structure of LIR-1 with HLA-A2; LIR-1 binds many class I alleles through the alpha3 domain; SPR with classical class I,10591185,https://pubmed.ncbi.nlm.nih.gov/10591185/,Chapman TL,1999,Immunity,The inhibitory receptor LIR-1 uses a common binding interaction to recognize class I MHC molecules and the viral homolog UL18.,,
curated_trans_interactions.csv,trans pair added,LILRB1–HLA-A,cited,LIR-1 and LIR-2 recognize a broad spectrum of HLA-A -B and -C alleles; crystal structure of LIR-1 with HLA-A2; LIR-1 binds many class I alleles through the alpha3 domain; SPR with classical class I,12853576,https://pubmed.ncbi.nlm.nih.gov/12853576/,Shiroishi M,2003,Proc Natl Acad Sci U S A,Human inhibitory receptors Ig-like transcript 2 (ILT2) and ILT4 compete with CD8 for MHC class I binding and bind preferentially to HLA-G.,,
curated_trans_interactions.csv,trans pair added,LILRB1–HLA-B,cited,LIR-1 and LIR-2 recognize a broad spectrum of HLA-A -B and -C alleles; classical HLA-B27 binds ILT2; LIR-1 binds many class I alleles through the alpha3 domain; SPR with classical class I,9842885,https://pubmed.ncbi.nlm.nih.gov/9842885/,Fanger NA,1998,Eur J Immunol,The MHC class I binding proteins LIR-1 and LIR-2 inhibit Fc receptor-mediated signaling in monocytes.,,
curated_trans_interactions.csv,trans pair added,LILRB1–HLA-B,cited,LIR-1 and LIR-2 recognize a broad spectrum of HLA-A -B and -C alleles; classical HLA-B27 binds ILT2; LIR-1 binds many class I alleles through the alpha3 domain; SPR with classical class I,11698424,https://pubmed.ncbi.nlm.nih.gov/11698424/,Allen RL,2001,J Immunol,Leukocyte receptor complex-encoded immunomodulatory receptors show differing specificity for alternative HLA-B27 structures.,,
curated_trans_interactions.csv,trans pair added,LILRB1–HLA-B,cited,LIR-1 and LIR-2 recognize a broad spectrum of HLA-A -B and -C alleles; classical HLA-B27 binds ILT2; LIR-1 binds many class I alleles through the alpha3 domain; SPR with classical class I,10591185,https://pubmed.ncbi.nlm.nih.gov/10591185/,Chapman TL,1999,Immunity,The inhibitory receptor LIR-1 uses a common binding interaction to recognize class I MHC molecules and the viral homolog UL18.,,
curated_trans_interactions.csv,trans pair added,LILRB1–HLA-B,cited,LIR-1 and LIR-2 recognize a broad spectrum of HLA-A -B and -C alleles; classical HLA-B27 binds ILT2; LIR-1 binds many class I alleles through the alpha3 domain; SPR with classical class I,12853576,https://pubmed.ncbi.nlm.nih.gov/12853576/,Shiroishi M,2003,Proc Natl Acad Sci U S A,Human inhibitory receptors Ig-like transcript 2 (ILT2) and ILT4 compete with CD8 for MHC class I binding and bind preferentially to HLA-G.,,
curated_trans_interactions.csv,trans pair added,LILRB1–HLA-C,cited,LIR-1 and LIR-2 recognize a broad spectrum of HLA-A -B and -C alleles; LIR-1 binds many class I alleles through the alpha3 domain; ILT2 binds MHC class I,9842885,https://pubmed.ncbi.nlm.nih.gov/9842885/,Fanger NA,1998,Eur J Immunol,The MHC class I binding proteins LIR-1 and LIR-2 inhibit Fc receptor-mediated signaling in monocytes.,,
curated_trans_interactions.csv,trans pair added,LILRB1–HLA-C,cited,LIR-1 and LIR-2 recognize a broad spectrum of HLA-A -B and -C alleles; LIR-1 binds many class I alleles through the alpha3 domain; ILT2 binds MHC class I,10591185,https://pubmed.ncbi.nlm.nih.gov/10591185/,Chapman TL,1999,Immunity,The inhibitory receptor LIR-1 uses a common binding interaction to recognize class I MHC molecules and the viral homolog UL18.,,
curated_trans_interactions.csv,trans pair added,LILRB1–HLA-C,cited,LIR-1 and LIR-2 recognize a broad spectrum of HLA-A -B and -C alleles; LIR-1 binds many class I alleles through the alpha3 domain; ILT2 binds MHC class I,9382880,https://pubmed.ncbi.nlm.nih.gov/9382880/,Colonna M,1997,J Exp Med,A common inhibitory receptor for major histocompatibility complex class I molecules on human lymphoid and myelomonocytic cells.,,
curated_trans_interactions.csv,trans pair added,LILRB2–HLA-A,cited,LIR-1 and LIR-2 recognize a broad spectrum of HLA-A -B and -C alleles; ILT4 binds classical class I; SPR with classical class I,9842885,https://pubmed.ncbi.nlm.nih.gov/9842885/,Fanger NA,1998,Eur J Immunol,The MHC class I binding proteins LIR-1 and LIR-2 inhibit Fc receptor-mediated signaling in monocytes.,,
curated_trans_interactions.csv,trans pair added,LILRB2–HLA-A,cited,LIR-1 and LIR-2 recognize a broad spectrum of HLA-A -B and -C alleles; ILT4 binds classical class I; SPR with classical class I,9531263,https://pubmed.ncbi.nlm.nih.gov/9531263/,Colonna M,1998,J Immunol,Human myelomonocytic cells express an inhibitory receptor for classical and nonclassical MHC class I molecules.,,
curated_trans_interactions.csv,trans pair added,LILRB2–HLA-A,cited,LIR-1 and LIR-2 recognize a broad spectrum of HLA-A -B and -C alleles; ILT4 binds classical class I; SPR with classical class I,12853576,https://pubmed.ncbi.nlm.nih.gov/12853576/,Shiroishi M,2003,Proc Natl Acad Sci U S A,Human inhibitory receptors Ig-like transcript 2 (ILT2) and ILT4 compete with CD8 for MHC class I binding and bind preferentially to HLA-G.,,
curated_trans_interactions.csv,trans pair added,LILRB2–HLA-B,cited,LIR-1 and LIR-2 recognize a broad spectrum of HLA-A -B and -C alleles; ILT4 binds classical class I; classical and free heavy chain HLA-B27 bind ILT4; SPR with classical class I,9842885,https://pubmed.ncbi.nlm.nih.gov/9842885/,Fanger NA,1998,Eur J Immunol,The MHC class I binding proteins LIR-1 and LIR-2 inhibit Fc receptor-mediated signaling in monocytes.,,
curated_trans_interactions.csv,trans pair added,LILRB2–HLA-B,cited,LIR-1 and LIR-2 recognize a broad spectrum of HLA-A -B and -C alleles; ILT4 binds classical class I; classical and free heavy chain HLA-B27 bind ILT4; SPR with classical class I,9531263,https://pubmed.ncbi.nlm.nih.gov/9531263/,Colonna M,1998,J Immunol,Human myelomonocytic cells express an inhibitory receptor for classical and nonclassical MHC class I molecules.,,
curated_trans_interactions.csv,trans pair added,LILRB2–HLA-B,cited,LIR-1 and LIR-2 recognize a broad spectrum of HLA-A -B and -C alleles; ILT4 binds classical class I; classical and free heavy chain HLA-B27 bind ILT4; SPR with classical class I,11698424,https://pubmed.ncbi.nlm.nih.gov/11698424/,Allen RL,2001,J Immunol,Leukocyte receptor complex-encoded immunomodulatory receptors show differing specificity for alternative HLA-B27 structures.,,
curated_trans_interactions.csv,trans pair added,LILRB2–HLA-B,cited,LIR-1 and LIR-2 recognize a broad spectrum of HLA-A -B and -C alleles; ILT4 binds classical class I; classical and free heavy chain HLA-B27 bind ILT4; SPR with classical class I,12853576,https://pubmed.ncbi.nlm.nih.gov/12853576/,Shiroishi M,2003,Proc Natl Acad Sci U S A,Human inhibitory receptors Ig-like transcript 2 (ILT2) and ILT4 compete with CD8 for MHC class I binding and bind preferentially to HLA-G.,,
curated_trans_interactions.csv,trans pair added,LILRB2–HLA-C,cited,LIR-1 and LIR-2 recognize a broad spectrum of HLA-A -B and -C alleles; ILT4 binds classical class I,9842885,https://pubmed.ncbi.nlm.nih.gov/9842885/,Fanger NA,1998,Eur J Immunol,The MHC class I binding proteins LIR-1 and LIR-2 inhibit Fc receptor-mediated signaling in monocytes.,,
curated_trans_interactions.csv,trans pair added,LILRB2–HLA-C,cited,LIR-1 and LIR-2 recognize a broad spectrum of HLA-A -B and -C alleles; ILT4 binds classical class I,9531263,https://pubmed.ncbi.nlm.nih.gov/9531263/,Colonna M,1998,J Immunol,Human myelomonocytic cells express an inhibitory receptor for classical and nonclassical MHC class I molecules.,,
curated_trans_interactions.csv,trans pair added,CDH1–CDH1,cited,"E-cadherin transfectants aggregate; homodimer affinity measured; trans strand-swap interface in crystals, whose mutation ablates adhesion",3498123,https://pubmed.ncbi.nlm.nih.gov/3498123/,Nagafuchi A,1987,Nature,Transformation of cell adhesion properties by exogenously introduced E-cadherin cDNA.,,
curated_trans_interactions.csv,trans pair added,CDH1–CDH1,cited,"E-cadherin transfectants aggregate; homodimer affinity measured; trans strand-swap interface in crystals, whose mutation ablates adhesion",19553217,https://pubmed.ncbi.nlm.nih.gov/19553217/,Katsamba P,2009,Proc Natl Acad Sci U S A,Linking molecular affinity and cellular specificity in cadherin-mediated adhesion.,,
curated_trans_interactions.csv,trans pair added,CDH1–CDH1,cited,"E-cadherin transfectants aggregate; homodimer affinity measured; trans strand-swap interface in crystals, whose mutation ablates adhesion",21300292,https://pubmed.ncbi.nlm.nih.gov/21300292/,Harrison OJ,2011,Structure,The extracellular architecture of adherens junctions revealed by crystal structures of type I cadherins.,,
curated_trans_interactions.csv,trans pair added,CDH2–CDH2,cited,N-cadherin transfectants aggregate and sort from E- and P-cadherin cells; trans adhesive dimer in crystals,2831236,https://pubmed.ncbi.nlm.nih.gov/2831236/,Hatta K,1988,J Cell Biol,Cloning and expression of cDNA encoding a neural calcium-dependent cell adhesion molecule: its identity in the cadherin gene family.,,
curated_trans_interactions.csv,trans pair added,CDH2–CDH2,cited,N-cadherin transfectants aggregate and sort from E- and P-cadherin cells; trans adhesive dimer in crystals,2762814,https://pubmed.ncbi.nlm.nih.gov/2762814/,Miyatani S,1989,Science,Neural cadherin: role in selective cell-cell adhesion.,,
curated_trans_interactions.csv,trans pair added,CDH2–CDH2,cited,N-cadherin transfectants aggregate and sort from E- and P-cadherin cells; trans adhesive dimer in crystals,21300292,https://pubmed.ncbi.nlm.nih.gov/21300292/,Harrison OJ,2011,Structure,The extracellular architecture of adherens junctions revealed by crystal structures of type I cadherins.,,
curated_trans_interactions.csv,trans pair added,CDH3–CDH3,cited,P-cadherin transfectants adhere preferentially to cells with the same cadherin; human P-cadherin ectodomain self-associates,3416359,https://pubmed.ncbi.nlm.nih.gov/3416359/,Nose A,1988,Cell,Expressed recombinant cadherins mediate cell sorting in model systems.,,
curated_trans_interactions.csv,trans pair added,CDH3–CDH3,cited,P-cadherin transfectants adhere preferentially to cells with the same cadherin; human P-cadherin ectodomain self-associates,2793940,https://pubmed.ncbi.nlm.nih.gov/2793940/,Shimoyama Y,1989,J Cell Biol,Molecular cloning of a human Ca2+-dependent cell-cell adhesion molecule homologous to mouse placental cadherin: its low expression in human placental tissues.,,
curated_trans_interactions.csv,trans pair added,CDH3–CDH3,cited,P-cadherin transfectants adhere preferentially to cells with the same cadherin; human P-cadherin ectodomain self-associates,24559158,https://pubmed.ncbi.nlm.nih.gov/24559158/,Kudo S,2014,Biochemistry,Identification and characterization of the X-dimer of human P-cadherin: implications for homophilic cell adhesion.,,
curated_trans_interactions.csv,trans pair added,CDH4–CDH4,cited,R-cadherin transfectants adhere and segregate from E- and P-cadherin cells; partial co-aggregation with N-cadherin,8270638,https://pubmed.ncbi.nlm.nih.gov/8270638/,Matsunami H,1993,J Cell Sci,Cell binding specificity of mouse R-cadherin and chromosomal mapping of the gene.,,
curated_trans_interactions.csv,trans pair added,CDH4–CDH4,cited,R-cadherin transfectants adhere and segregate from E- and P-cadherin cells; partial co-aggregation with N-cadherin,1712604,https://pubmed.ncbi.nlm.nih.gov/1712604/,Inuzuka H,1991,Neuron,R-cadherin: a novel Ca(2+)-dependent cell-cell adhesion molecule expressed in the retina.,,
curated_trans_interactions.csv,trans pair added,CDH6–CDH6,cited,cadherin-6 transfectants aggregate; tightest type II homodimer (3.1 uM); also binds cadherin-9 and -10,10207020,https://pubmed.ncbi.nlm.nih.gov/10207020/,Shimoyama Y,1999,J Biol Chem,"Biochemical characterization and functional analysis of two type II classic cadherins, cadherin-6 and -14, and comparison with E-cadherin.",,
curated_trans_interactions.csv,trans pair added,CDH6–CDH6,cited,cadherin-6 transfectants aggregate; tightest type II homodimer (3.1 uM); also binds cadherin-9 and -10,10861224,https://pubmed.ncbi.nlm.nih.gov/10861224/,Shimoyama Y,2000,Biochem J,Identification of three human type-II classic cadherins and frequent heterophilic interactions between different subclasses of type-II classic cadherins.,,
curated_trans_interactions.csv,trans pair added,CDH6–CDH6,cited,cadherin-6 transfectants aggregate; tightest type II homodimer (3.1 uM); also binds cadherin-9 and -10,29742438,https://pubmed.ncbi.nlm.nih.gov/29742438/,Brasch J,2018,Cell Rep,Homophilic and Heterophilic Interactions of Type II Cadherins Identify Specificity Groups Underlying Cell-Adhesive Behavior.,,
curated_trans_interactions.csv,trans pair added,CDH7–CDH7,cited,cadherin-7 transfectants aggregate; strand-swapped homodimer (32 uM); co-aggregates fully with cadherin-18,10861224,https://pubmed.ncbi.nlm.nih.gov/10861224/,Shimoyama Y,2000,Biochem J,Identification of three human type-II classic cadherins and frequent heterophilic interactions between different subclasses of type-II classic cadherins.,,
curated_trans_interactions.csv,trans pair added,CDH7–CDH7,cited,cadherin-7 transfectants aggregate; strand-swapped homodimer (32 uM); co-aggregates fully with cadherin-18,29742438,https://pubmed.ncbi.nlm.nih.gov/29742438/,Brasch J,2018,Cell Rep,Homophilic and Heterophilic Interactions of Type II Cadherins Identify Specificity Groups Underlying Cell-Adhesive Behavior.,,
curated_trans_interactions.csv,trans pair added,CDH8–CDH8,cited,cadherin-8 transfectants aggregate; homodimer 15 uM; binds cadherin-11 more strongly than itself,10861224,https://pubmed.ncbi.nlm.nih.gov/10861224/,Shimoyama Y,2000,Biochem J,Identification of three human type-II classic cadherins and frequent heterophilic interactions between different subclasses of type-II classic cadherins.,,
curated_trans_interactions.csv,trans pair added,CDH8–CDH8,cited,cadherin-8 transfectants aggregate; homodimer 15 uM; binds cadherin-11 more strongly than itself,29742438,https://pubmed.ncbi.nlm.nih.gov/29742438/,Brasch J,2018,Cell Rep,Homophilic and Heterophilic Interactions of Type II Cadherins Identify Specificity Groups Underlying Cell-Adhesive Behavior.,,
curated_trans_interactions.csv,trans pair added,CDH10–CDH10,cited,"cadherin-10 transfectants aggregate; strand-swapped homodimer, weakest of the family (42 uM); binds cadherin-6 and -9 more strongly",10861224,https://pubmed.ncbi.nlm.nih.gov/10861224/,Shimoyama Y,2000,Biochem J,Identification of three human type-II classic cadherins and frequent heterophilic interactions between different subclasses of type-II classic cadherins.,,
curated_trans_interactions.csv,trans pair added,CDH10–CDH10,cited,"cadherin-10 transfectants aggregate; strand-swapped homodimer, weakest of the family (42 uM); binds cadherin-6 and -9 more strongly",29742438,https://pubmed.ncbi.nlm.nih.gov/29742438/,Brasch J,2018,Cell Rep,Homophilic and Heterophilic Interactions of Type II Cadherins Identify Specificity Groups Underlying Cell-Adhesive Behavior.,,
curated_trans_interactions.csv,trans pair added,CDH11–CDH11,cited,cadherin-11 transfectants aggregate with homophilic specificity; homodimer 34 uM; binds cadherin-8 more strongly,7750650,https://pubmed.ncbi.nlm.nih.gov/7750650/,Kimura Y,1995,Dev Biol,"Cadherin-11 expressed in association with mesenchymal morphogenesis in the head, somite, and limb bud of early mouse embryos.",,
curated_trans_interactions.csv,trans pair added,CDH11–CDH11,cited,cadherin-11 transfectants aggregate with homophilic specificity; homodimer 34 uM; binds cadherin-8 more strongly,10861224,https://pubmed.ncbi.nlm.nih.gov/10861224/,Shimoyama Y,2000,Biochem J,Identification of three human type-II classic cadherins and frequent heterophilic interactions between different subclasses of type-II classic cadherins.,,
curated_trans_interactions.csv,trans pair added,CDH11–CDH11,cited,cadherin-11 transfectants aggregate with homophilic specificity; homodimer 34 uM; binds cadherin-8 more strongly,29742438,https://pubmed.ncbi.nlm.nih.gov/29742438/,Brasch J,2018,Cell Rep,Homophilic and Heterophilic Interactions of Type II Cadherins Identify Specificity Groups Underlying Cell-Adhesive Behavior.,,
curated_trans_interactions.csv,trans pair added,CDH12–CDH12,cited,cadherin-12 ectodomain homodimer 8.3 uM by AUC with homophilic SPR binding (full text); no cell-based assay found,29742438,https://pubmed.ncbi.nlm.nih.gov/29742438/,Brasch J,2018,Cell Rep,Homophilic and Heterophilic Interactions of Type II Cadherins Identify Specificity Groups Underlying Cell-Adhesive Behavior.,,
curated_trans_interactions.csv,trans pair added,CDH18–CDH18,cited,as cadherin-14: transfectants aggregate; homodimer 16.8 uM; co-aggregates fully with cadherin-7,10207020,https://pubmed.ncbi.nlm.nih.gov/10207020/,Shimoyama Y,1999,J Biol Chem,"Biochemical characterization and functional analysis of two type II classic cadherins, cadherin-6 and -14, and comparison with E-cadherin.",,
curated_trans_interactions.csv,trans pair added,CDH18–CDH18,cited,as cadherin-14: transfectants aggregate; homodimer 16.8 uM; co-aggregates fully with cadherin-7,10861224,https://pubmed.ncbi.nlm.nih.gov/10861224/,Shimoyama Y,2000,Biochem J,Identification of three human type-II classic cadherins and frequent heterophilic interactions between different subclasses of type-II classic cadherins.,,
curated_trans_interactions.csv,trans pair added,CDH18–CDH18,cited,as cadherin-14: transfectants aggregate; homodimer 16.8 uM; co-aggregates fully with cadherin-7,29742438,https://pubmed.ncbi.nlm.nih.gov/29742438/,Brasch J,2018,Cell Rep,Homophilic and Heterophilic Interactions of Type II Cadherins Identify Specificity Groups Underlying Cell-Adhesive Behavior.,,
curated_trans_interactions.csv,trans pair checked and left out,CDH19–CDH19,"cited, left out",no self-binding measured: excluded from the type II cadherin binding study because no stable protein could be produced,29742438,https://pubmed.ncbi.nlm.nih.gov/29742438/,Brasch J,2018,Cell Rep,Homophilic and Heterophilic Interactions of Type II Cadherins Identify Specificity Groups Underlying Cell-Adhesive Behavior.,,
curated_trans_interactions.csv,trans pair added,CDH13–CDH13,cited,T-cadherin transfectants show homophilic aggregation; adhesive dimer through a non-swapped interface whose mutation ablates adhesion,1400585,https://pubmed.ncbi.nlm.nih.gov/1400585/,Vestal DJ,1992,J Cell Biol,"Glycosyl phosphatidylinositol--anchored T-cadherin mediates calcium-dependent, homophilic cell adhesion.",,
curated_trans_interactions.csv,trans pair added,CDH13–CDH13,cited,T-cadherin transfectants show homophilic aggregation; adhesive dimer through a non-swapped interface whose mutation ablates adhesion,20190755,https://pubmed.ncbi.nlm.nih.gov/20190755/,Ciatto C,2010,Nat Struct Mol Biol,T-cadherin structures reveal a novel adhesive binding mechanism.,,
curated_trans_interactions.csv,trans pair added,CDH15–CDH15,cited,human cadherin-15 transfectants adhere in a homophilic and specific manner,9545347,https://pubmed.ncbi.nlm.nih.gov/9545347/,Shimoyama Y,1998,J Biol Chem,Molecular cloning and characterization of a novel human classic cadherin homologous with mouse muscle cadherin.,,
curated_trans_interactions.csv,trans pair added,CDH16–CDH16,cited,"Ksp-cadherin transfectants show homotypic calcium-dependent adhesion; single study, mouse protein",15023525,https://pubmed.ncbi.nlm.nih.gov/15023525/,Wendeler MW,2004,Exp Cell Res,Ksp-cadherin is a functional cell-cell adhesion molecule related to LI-cadherin.,,
curated_trans_interactions.csv,trans pair added,CDH17–CDH17,cited,LI-cadherin mediates homophilic cell adhesion; EC1-4 homodimer structure necessary for cell adhesion,9060475,https://pubmed.ncbi.nlm.nih.gov/9060475/,Kreft B,1997,J Cell Biol,LI-cadherin-mediated cell-cell adhesion does not require cytoplasmic interactions.,,
curated_trans_interactions.csv,trans pair added,CDH17–CDH17,cited,LI-cadherin mediates homophilic cell adhesion; EC1-4 homodimer structure necessary for cell adhesion,34364873,https://pubmed.ncbi.nlm.nih.gov/34364873/,Yui A,2021,J Biol Chem,Mechanism of dimerization and structural features of human LI-cadherin.,,
curated_trans_interactions.csv,trans pair added,CDH23–CDH23,cited,trans homodimer structure of cadherin-23 at epithelial junctions; its trans partner in hair-cell tip links is PCDH15,31729176,https://pubmed.ncbi.nlm.nih.gov/31729176/,Singaraju GS,2019,FEBS J,Structural basis of the strong cell-cell junction formed by cadherin-23.,,
curated_trans_interactions.csv,trans pair added,CDH24–CDH24,cited,cadherin-24 transfectants mediate strong cell-cell adhesion in aggregation assays; single study,12734196,https://pubmed.ncbi.nlm.nih.gov/12734196/,Katafiasz BJ,2003,J Biol Chem,"Characterization of cadherin-24, a novel alternatively spliced type II cadherin.",,
curated_trans_interactions.csv,trans pair checked and left out,PCDH15–PCDH15,"cited, left out",PCDH15 self-association is cis; across the tip link it binds CDH23 heterophilically,30057206,https://pubmed.ncbi.nlm.nih.gov/30057206/,Dionne G,2018,Neuron,Mechanotransduction by PCDH15 Relies on a Novel cis-Dimeric Architecture.,,
curated_trans_interactions.csv,trans pair checked and left out,PCDH15–PCDH15,"cited, left out",PCDH15 self-association is cis; across the tip link it binds CDH23 heterophilically,23135401,https://pubmed.ncbi.nlm.nih.gov/23135401/,Sotomayor M,2012,Nature,Structure of a force-conveying cadherin bond essential for inner-ear mechanotransduction.,,
curated_trans_interactions.csv,trans pair added,DSC2–DSC2,cited,homophilic trans binding by cross-linking in keratinocytes and single-molecule force spectroscopy; contested: desmocollins bind desmogleins in preference (27298358),21098030,https://pubmed.ncbi.nlm.nih.gov/21098030/,Nie Z,2011,J Biol Chem,"Membrane-impermeable cross-linking provides evidence for homophilic, isoform-specific binding of desmosomal cadherins in epithelial cells.",,
curated_trans_interactions.csv,trans pair added,DSC2–DSC2,cited,homophilic trans binding by cross-linking in keratinocytes and single-molecule force spectroscopy; contested: desmocollins bind desmogleins in preference (27298358),24610950,https://pubmed.ncbi.nlm.nih.gov/24610950/,Lowndes M,2014,J Cell Sci,Different roles of cadherins in the assembly and structural integrity of the desmosome complex.,,
curated_trans_interactions.csv,trans pair added,DSG2–DSG2,cited,homophilic trans binding by cross-linking and force spectroscopy; contested: 27298358 and 24610950 find desmoglein-2 does not bind itself,21098030,https://pubmed.ncbi.nlm.nih.gov/21098030/,Nie Z,2011,J Biol Chem,"Membrane-impermeable cross-linking provides evidence for homophilic, isoform-specific binding of desmosomal cadherins in epithelial cells.",,
curated_trans_interactions.csv,trans pair added,DSG2–DSG2,cited,homophilic trans binding by cross-linking and force spectroscopy; contested: 27298358 and 24610950 find desmoglein-2 does not bind itself,29062102,https://pubmed.ncbi.nlm.nih.gov/29062102/,Dieding M,2017,Sci Rep,Arrhythmogenic cardiomyopathy related DSG2 mutations affect desmosomal cadherin binding kinetics.,,
curated_trans_interactions.csv,trans pair added,NCAM1–NCAM1,cited,NCAM transfectants aggregate through an Ig3 site; Ig1-2-3 structure gives a trans zipper,14527396,https://pubmed.ncbi.nlm.nih.gov/14527396/,Soroka V,2003,Structure,Structure and interactions of NCAM Ig1-2-3 suggest a novel zipper mechanism for homophilic adhesion.,,
curated_trans_interactions.csv,trans pair added,NCAM1–NCAM1,cited,NCAM transfectants aggregate through an Ig3 site; Ig1-2-3 structure gives a trans zipper,1380002,https://pubmed.ncbi.nlm.nih.gov/1380002/,Rao Y,1992,J Cell Biol,Identification of a peptide sequence involved in homophilic binding in the neural cell adhesion molecule NCAM.,,
curated_trans_interactions.csv,trans pair added,L1CAM–L1CAM,cited,L1 ectodomain binds itself by SPR and L1 cells adhere to L1; Ig2 deletion abolishes self-aggregation,18701456,https://pubmed.ncbi.nlm.nih.gov/18701456/,Gouveia RM,2008,J Biol Chem,Kinetic analysis of L1 homophilic interaction: role of the first four immunoglobulin domains and implications on binding mechanism.,,
curated_trans_interactions.csv,trans pair added,L1CAM–L1CAM,cited,L1 ectodomain binds itself by SPR and L1 cells adhere to L1; Ig2 deletion abolishes self-aggregation,9721721,https://pubmed.ncbi.nlm.nih.gov/9721721/,Zhao X,1998,J Neurochem,Identification of a homophilic binding site in immunoglobulin-like domain 2 of the cell adhesion molecule L1.,,
curated_trans_interactions.csv,trans pair added,NRCAM–NRCAM,cited,Nr-CAM transfectants and Nr-CAM beads aggregate homophilically,1527169,https://pubmed.ncbi.nlm.nih.gov/1527169/,Mauro VP,1992,J Cell Biol,"Homophilic and heterophilic binding activities of Nr-CAM, a nervous system cell adhesion molecule.",,
curated_trans_interactions.csv,trans pair added,NFASC–NFASC,cited,neurofascin Ig1-4 dimer in trans adhesion mode validated by mutagenesis; homophilic trans binding drives neurite induction,21047790,https://pubmed.ncbi.nlm.nih.gov/21047790/,Liu H,2011,J Biol Chem,"Homophilic adhesion mechanism of neurofascin, a member of the L1 family of neural cell adhesion molecules.",,
curated_trans_interactions.csv,trans pair added,NFASC–NFASC,cited,neurofascin Ig1-4 dimer in trans adhesion mode validated by mutagenesis; homophilic trans binding drives neurite induction,15579173,https://pubmed.ncbi.nlm.nih.gov/15579173/,Pruss T,2004,Eur J Neurosci,Homophilic interactions of chick neurofascin in trans are important for neurite induction.,,
curated_trans_interactions.csv,trans pair checked and left out,MAG–MAG,"cited, left out",MAG homodimerizes in cis; across the contact it binds gangliosides,27922006,https://pubmed.ncbi.nlm.nih.gov/27922006/,Pronker MF,2016,Nat Commun,Structural basis of myelin-associated glycoprotein adhesion and signalling.,,
curated_trans_interactions.csv,trans pair checked and left out,MAG–MAG,"cited, left out",MAG homodimerizes in cis; across the contact it binds gangliosides,8570640,https://pubmed.ncbi.nlm.nih.gov/8570640/,Yang LJ,1996,Proc Natl Acad Sci U S A,Gangliosides are neuronal ligands for myelin-associated glycoprotein.,,
curated_trans_interactions.csv,trans pair added,SDK1–SDK1,cited,sidekick-1 homodimer structure whose interface drives cell aggregation in trans; sidekicks mediate homophilic adhesion,27644106,https://pubmed.ncbi.nlm.nih.gov/27644106/,Goodman KM,2016,Elife,Molecular basis of sidekick-mediated cell-cell adhesion and specificity.,,
curated_trans_interactions.csv,trans pair added,SDK1–SDK1,cited,sidekick-1 homodimer structure whose interface drives cell aggregation in trans; sidekicks mediate homophilic adhesion,12230981,https://pubmed.ncbi.nlm.nih.gov/12230981/,Yamagata M,2002,Cell,Sidekicks: synaptic adhesion molecules that promote lamina-specific connectivity in the retina.,,
curated_trans_interactions.csv,trans pair added,IGSF9B–IGSF9B,cited,IgSF9b ectodomain binds only IgSF9b-expressing cells and accumulates at their contacts; single study,23751499,https://pubmed.ncbi.nlm.nih.gov/23751499/,Woo J,2013,J Cell Biol,The adhesion protein IgSF9b is coupled to neuroligin 2 via S-SCAM to promote inhibitory synapse development.,,
curated_trans_interactions.csv,trans pair checked and left out,MDGA1–MDGA1,"cited, left out",no homophilic binding shown; MDGA1 binds neuroligin-2 in cis,23248271,https://pubmed.ncbi.nlm.nih.gov/23248271/,Lee K,2013,Proc Natl Acad Sci U S A,MDGAs interact selectively with neuroligin-2 but not other neuroligins to regulate inhibitory synapse development.,,
curated_trans_interactions.csv,trans pair checked and left out,MDGA1–MDGA1,"cited, left out",no homophilic binding shown; MDGA1 binds neuroligin-2 in cis,28817804,https://pubmed.ncbi.nlm.nih.gov/28817804/,Elegheert J,2017,Neuron,Structural Mechanism for Modulation of Synaptic Neuroligin-Neurexin Signaling by MDGA Proteins.,,
curated_trans_interactions.csv,trans pair added,NECTIN3–NECTIN3,cited,"nectin-3 shows trans homophilic adhesion, but its homodimer is very weak (hundreds of uM); nectin-1, nectin-2 and PVR are its main partners",10744716,https://pubmed.ncbi.nlm.nih.gov/10744716/,Satoh-Horikawa K,2000,J Biol Chem,"Nectin-3, a new member of immunoglobulin-like cell adhesion molecules that shows homophilic and heterophilic cell-cell adhesion activities.",,
curated_trans_interactions.csv,trans pair added,NECTIN3–NECTIN3,cited,"nectin-3 shows trans homophilic adhesion, but its homodimer is very weak (hundreds of uM); nectin-1, nectin-2 and PVR are its main partners",22902367,https://pubmed.ncbi.nlm.nih.gov/22902367/,Harrison OJ,2012,Nat Struct Mol Biol,Nectin ectodomain structures reveal a canonical adhesive interface.,,
curated_trans_interactions.csv,trans pair added,KIRREL1–KIRREL1,cited,Neph1 alone induces cell adhesion and homodimerizes; contested: 12646566 found no homophilic interaction; nephrin is its main partner,21306299,https://pubmed.ncbi.nlm.nih.gov/21306299/,Heikkilä E,2011,Biochem J,Trans-interaction of nephrin and Neph1/Neph3 induces cell adhesion that associates with decreased tyrosine phosphorylation of nephrin.,,
curated_trans_interactions.csv,trans pair added,KIRREL1–KIRREL1,cited,Neph1 alone induces cell adhesion and homodimerizes; contested: 12646566 found no homophilic interaction; nephrin is its main partner,12660326,https://pubmed.ncbi.nlm.nih.gov/12660326/,Gerke P,2003,J Am Soc Nephrol,Homodimerization and heterodimerization of the glomerular podocyte proteins nephrin and NEPH1.,,
curated_trans_interactions.csv,trans pair added,KIRREL2–KIRREL2,cited,Neph3 alone induces cell adhesion; Kirrel2 trans homodimer structure and cell aggregation abolished by interface mutants,21306299,https://pubmed.ncbi.nlm.nih.gov/21306299/,Heikkilä E,2011,Biochem J,Trans-interaction of nephrin and Neph1/Neph3 induces cell adhesion that associates with decreased tyrosine phosphorylation of nephrin.,,
curated_trans_interactions.csv,trans pair added,KIRREL2–KIRREL2,cited,Neph3 alone induces cell adhesion; Kirrel2 trans homodimer structure and cell aggregation abolished by interface mutants,34731636,https://pubmed.ncbi.nlm.nih.gov/34731636/,Wang J,2021,Cell Rep,Molecular and structural basis of olfactory sensory neuron axon coalescence by Kirrel receptors.,,
curated_trans_interactions.csv,trans pair added,KIRREL3–KIRREL3,cited,Kirrel3 trans homodimer structure and cell aggregation; synapse formation through homophilic transcellular binding,34731636,https://pubmed.ncbi.nlm.nih.gov/34731636/,Wang J,2021,Cell Rep,Molecular and structural basis of olfactory sensory neuron axon coalescence by Kirrel receptors.,,
curated_trans_interactions.csv,trans pair added,KIRREL3–KIRREL3,cited,Kirrel3 trans homodimer structure and cell aggregation; synapse formation through homophilic transcellular binding,32503885,https://pubmed.ncbi.nlm.nih.gov/32503885/,Taylor MR,2020,J Neurosci,Kirrel3-Mediated Synapse Formation Is Attenuated by Disease-Associated Missense Variants.,,
curated_trans_interactions.csv,trans pair added,NPHS1–NPHS1,cited,nephrin ectodomain binds itself by SPR and nephrin cells aggregate; contested: alone it did not induce adhesion in fibroblasts (21306299),14633607,https://pubmed.ncbi.nlm.nih.gov/14633607/,Khoshnoodi J,2003,Am J Pathol,Nephrin promotes cell-cell adhesion through homophilic interactions.,,
curated_trans_interactions.csv,trans pair added,NPHS1–NPHS1,cited,nephrin ectodomain binds itself by SPR and nephrin cells aggregate; contested: alone it did not induce adhesion in fibroblasts (21306299),12660326,https://pubmed.ncbi.nlm.nih.gov/12660326/,Gerke P,2003,J Am Soc Nephrol,Homodimerization and heterodimerization of the glomerular podocyte proteins nephrin and NEPH1.,,
curated_trans_interactions.csv,trans pair checked and left out,CNTN3–CNTN3,"cited, left out",no homophilic binding shown; CNTN3 binds PTPRG across cells,27539848,https://pubmed.ncbi.nlm.nih.gov/27539848/,Nikolaienko RM,2016,J Biol Chem,Structural Basis for Interactions Between Contactin Family Members and Protein-tyrosine Phosphatase Receptor Type G in Neural Tissues.,,
curated_trans_interactions.csv,trans pair checked and left out,CNTN3–CNTN3,"cited, left out",no homophilic binding shown; CNTN3 binds PTPRG across cells,23055510,https://pubmed.ncbi.nlm.nih.gov/23055510/,Yamagata M,2012,J Neurosci,Expanding the Ig superfamily code for laminar specificity in retina: expression and role of contactins.,,
curated_trans_interactions.csv,trans pair checked and left out,CNTN4–CNTN4,"cited, left out",no homophilic binding shown; CNTN4 binds APP and PTPRG,18272596,https://pubmed.ncbi.nlm.nih.gov/18272596/,Osterfield M,2008,Development,Interaction of amyloid precursor protein with contactins and NgCAM in the retinotectal system.,,
curated_trans_interactions.csv,trans pair checked and left out,CNTN4–CNTN4,"cited, left out",no homophilic binding shown; CNTN4 binds APP and PTPRG,27539848,https://pubmed.ncbi.nlm.nih.gov/27539848/,Nikolaienko RM,2016,J Biol Chem,Structural Basis for Interactions Between Contactin Family Members and Protein-tyrosine Phosphatase Receptor Type G in Neural Tissues.,,
curated_trans_interactions.csv,trans pair added,CNTN5–CNTN5,cited,"Cntn5 mediates weak homophilic aggregation, enhanced by Caspr4",28781169,https://pubmed.ncbi.nlm.nih.gov/28781169/,Peng YR,2017,Neuron,Satb1 Regulates Contactin 5 to Pattern Dendrites of a Mammalian Retinal Ganglion Cell.,,
curated_trans_interactions.csv,trans pair added,LSAMP–LSAMP,cited,purified LAMP aggregates beads homophilically; IgLONs are Ig1 homodimers that bind across cells; contested: 15265982 finds LAMP heterophilic only,7743928,https://pubmed.ncbi.nlm.nih.gov/7743928/,Zhukareva V,1995,Development,The limbic system-associated membrane protein (LAMP) selectively mediates interactions with specific central neuron populations.,,
curated_trans_interactions.csv,trans pair added,LSAMP–LSAMP,cited,purified LAMP aggregates beads homophilically; IgLONs are Ig1 homodimers that bind across cells; contested: 15265982 finds LAMP heterophilic only,30956130,https://pubmed.ncbi.nlm.nih.gov/30956130/,Ranaivoson FM,2019,Structure,A Proteomic Screen of Neuronal Cell-Surface Molecules Reveals IgLONs as Structurally Conserved Interaction Modules at the Synapse.,,
curated_trans_interactions.csv,trans pair added,NEGR1–NEGR1,cited,NEGR1 homodimerizes in trans in cell aggregation; homodimer structure through Ig1,30956130,https://pubmed.ncbi.nlm.nih.gov/30956130/,Ranaivoson FM,2019,Structure,A Proteomic Screen of Neuronal Cell-Surface Molecules Reveals IgLONs as Structurally Conserved Interaction Modules at the Synapse.,,
curated_trans_interactions.csv,trans pair added,NEGR1–NEGR1,cited,NEGR1 homodimerizes in trans in cell aggregation; homodimer structure through Ig1,32710982,https://pubmed.ncbi.nlm.nih.gov/32710982/,Venkannagari H,2020,J Mol Biol,Highly Conserved Molecular Features in IgLONs Contrast Their Distinct Structural and Biological Outcomes.,,
curated_trans_interactions.csv,trans pair added,NTM–NTM,cited,neurotrimin homodimerizes in trans in cell aggregation; homodimer structure; homophilic adhesion of transfected cells,30956130,https://pubmed.ncbi.nlm.nih.gov/30956130/,Ranaivoson FM,2019,Structure,A Proteomic Screen of Neuronal Cell-Surface Molecules Reveals IgLONs as Structurally Conserved Interaction Modules at the Synapse.,,
curated_trans_interactions.csv,trans pair added,NTM–NTM,cited,neurotrimin homodimerizes in trans in cell aggregation; homodimer structure; homophilic adhesion of transfected cells,32710982,https://pubmed.ncbi.nlm.nih.gov/32710982/,Venkannagari H,2020,J Mol Biol,Highly Conserved Molecular Features in IgLONs Contrast Their Distinct Structural and Biological Outcomes.,,
curated_trans_interactions.csv,trans pair added,NTM–NTM,cited,neurotrimin homodimerizes in trans in cell aggregation; homodimer structure; homophilic adhesion of transfected cells,9801370,https://pubmed.ncbi.nlm.nih.gov/9801370/,Gil OD,1998,J Neurosci,Neurotrimin mediates bifunctional effects on neurite outgrowth via homophilic and heterophilic interactions.,,
curated_trans_interactions.csv,trans pair checked and left out,OPCML–OPCML,"cited, left out","homodimer only in an ELISA screen, with no cell or bead aggregation; 15265982 finds OBCAM heterophilic only",30956130,https://pubmed.ncbi.nlm.nih.gov/30956130/,Ranaivoson FM,2019,Structure,A Proteomic Screen of Neuronal Cell-Surface Molecules Reveals IgLONs as Structurally Conserved Interaction Modules at the Synapse.,,
curated_trans_interactions.csv,trans pair checked and left out,OPCML–OPCML,"cited, left out","homodimer only in an ELISA screen, with no cell or bead aggregation; 15265982 finds OBCAM heterophilic only",15265982,https://pubmed.ncbi.nlm.nih.gov/15265982/,Reed J,2004,J Cell Sci,"Diglons are heterodimeric proteins composed of IgLON subunits, and Diglon-CO inhibits neurite outgrowth from cerebellar granule cells.",,
curated_trans_interactions.csv,trans pair added,CLDN1–CLDN1,cited,"claudin-1 concentrates at contacts in fibroblasts through a homophilic interaction; classic claudins 1, 3 and 5 show homophilic trans interaction",9786950,https://pubmed.ncbi.nlm.nih.gov/9786950/,Furuse M,1998,J Cell Biol,"A single gene product, claudin-1 or -2, reconstitutes tight junction strands and recruits occludin in fibroblasts.",,
curated_trans_interactions.csv,trans pair added,CLDN1–CLDN1,cited,"claudin-1 concentrates at contacts in fibroblasts through a homophilic interaction; classic claudins 1, 3 and 5 show homophilic trans interaction",21533891,https://pubmed.ncbi.nlm.nih.gov/21533891/,Piontek J,2011,Cell Mol Life Sci,Elucidating the principles of the molecular organization of heteropolymeric tight junction strands.,,
curated_trans_interactions.csv,trans pair added,CLDN3–CLDN3,cited,claudin-3 homophilic trans interaction in reconstituted strands,21533891,https://pubmed.ncbi.nlm.nih.gov/21533891/,Piontek J,2011,Cell Mol Life Sci,Elucidating the principles of the molecular organization of heteropolymeric tight junction strands.,,
curated_trans_interactions.csv,trans pair added,CLDN5–CLDN5,cited,claudin-5 ECL2 trans homodimer drives strand formation; the strongest classic claudin trans pair,17761522,https://pubmed.ncbi.nlm.nih.gov/17761522/,Piontek J,2008,FASEB J,Formation of tight junction: determinants of homophilic interaction between classic claudins.,,
curated_trans_interactions.csv,trans pair added,CLDN5–CLDN5,cited,claudin-5 ECL2 trans homodimer drives strand formation; the strongest classic claudin trans pair,21533891,https://pubmed.ncbi.nlm.nih.gov/21533891/,Piontek J,2011,Cell Mol Life Sci,Elucidating the principles of the molecular organization of heteropolymeric tight junction strands.,,
curated_trans_interactions.csv,trans pair added,TENM2–TENM2,cited,teneurin-2 promotes homophilic cell adhesion; Ten2-Ten2 dimer structure whose mutation disrupts aggregation; contested: 24273166 finds homophilic binding does not support stable adhesion,12361962,https://pubmed.ncbi.nlm.nih.gov/12361962/,Rubin BP,2002,Development,Teneurin 2 is expressed by the neurons of the thalamofugal visual system in situ and promotes homophilic cell-cell adhesion in vitro.,,
curated_trans_interactions.csv,trans pair added,TENM2–TENM2,cited,teneurin-2 promotes homophilic cell adhesion; Ten2-Ten2 dimer structure whose mutation disrupts aggregation; contested: 24273166 finds homophilic binding does not support stable adhesion,41991904,https://pubmed.ncbi.nlm.nih.gov/41991904/,Berbeira-Santana M,2026,Nat Commun,Structurally exclusive Teneurin complexes orchestrate divergent programs in early cortical development.,,
curated_trans_interactions.csv,trans pair added,CD44–CD44,cited,homophilic CD44 interactions aggregate tumour cells; extracellular domains I and II mediate trans-homophilic dimerization,30361447,https://pubmed.ncbi.nlm.nih.gov/30361447/,Liu X,2019,Cancer Discov,Homophilic CD44 Interactions Mediate Tumor Cell Aggregation and Polyclonal Metastasis in Patient-Derived Breast Cancer Models.,,
curated_trans_interactions.csv,trans pair added,CD44–CD44,cited,homophilic CD44 interactions aggregate tumour cells; extracellular domains I and II mediate trans-homophilic dimerization,31969394,https://pubmed.ncbi.nlm.nih.gov/31969394/,Kawaguchi M,2020,J Biol Chem,Extracellular Domains I and II of cell-surface glycoprotein CD44 mediate its trans-homophilic dimerization and tumor cluster aggregation.,,
curated_trans_interactions.csv,trans pair added,CD24–SIGLEC10,cited,CD24 on tumour cells signals through Siglec-10 on macrophages,31367043,https://pubmed.ncbi.nlm.nih.gov/31367043/,Barkal AA,2019,Nature,CD24 signalling through macrophage Siglec-10 is a target for cancer immunotherapy.,,
antibody_bridges.csv,antibody bridge antigen,CD19 (tafasitamab),cited,tafasitamab is an Fc-enhanced humanised anti-CD19 monoclonal antibody,32511983,https://pubmed.ncbi.nlm.nih.gov/32511983/,Salles G,2020,Lancet Oncol,"Tafasitamab plus lenalidomide in relapsed or refractory diffuse large B-cell lymphoma (L-MIND): a multicentre, prospective, single-arm, phase 2 study.",,
antibody_bridges.csv,antibody bridge antigen,MS4A1 (rituximab),cited,rituximab (IDEC-C2B8) is a chimeric anti-CD20 monoclonal antibody,9704735,https://pubmed.ncbi.nlm.nih.gov/9704735/,McLaughlin P,1998,J Clin Oncol,Rituximab chimeric anti-CD20 monoclonal antibody therapy for relapsed indolent lymphoma: half of patients respond to a four-dose treatment program.,,
antibody_bridges.csv,antibody bridge antigen,CD38 (daratumumab),cited,daratumumab is a CD38-targeting human IgG1 kappa monoclonal antibody,26308596,https://pubmed.ncbi.nlm.nih.gov/26308596/,Lokhorst HM,2015,N Engl J Med,Targeting CD38 with Daratumumab Monotherapy in Multiple Myeloma.,,
antibody_bridges.csv,antibody bridge antigen,CD3E (muromonab-CD3 (OKT3)),cited,the murine monoclonal antibody OKT3 was used against renal allograft rejection; crystal structure of OKT3 bound to CD3 epsilon,2861567,https://pubmed.ncbi.nlm.nih.gov/2861567/,Ortho Multicenter Transplant Study Group,1985,N Engl J Med,A randomized clinical trial of OKT3 monoclonal antibody for acute rejection of cadaveric renal transplants.,,
antibody_bridges.csv,antibody bridge antigen,CD3E (muromonab-CD3 (OKT3)),cited,the murine monoclonal antibody OKT3 was used against renal allograft rejection; crystal structure of OKT3 bound to CD3 epsilon,15136729,https://pubmed.ncbi.nlm.nih.gov/15136729/,Kjer-Nielsen L,2004,Proc Natl Acad Sci U S A,Crystal structure of the human T cell receptor CD3 epsilon gamma heterodimer complexed to the therapeutic mAb OKT3.,,
antibody_bridges.csv,antibody bridge antigen,CD52 (alemtuzumab),cited,alemtuzumab is a humanized monoclonal antibody that targets CD52 on lymphocytes and monocytes,18946064,https://pubmed.ncbi.nlm.nih.gov/18946064/,CAMMS223 Trial Investigators,2008,N Engl J Med,Alemtuzumab vs. interferon beta-1a in early multiple sclerosis.,,
antibody_bridges.csv,antibody bridge antigen,CTLA4 (ipilimumab),cited,ipilimumab blocks cytotoxic T-lymphocyte-associated antigen 4,20525992,https://pubmed.ncbi.nlm.nih.gov/20525992/,Hodi FS,2010,N Engl J Med,Improved survival with ipilimumab in patients with metastatic melanoma.,,
antibody_bridges.csv,antibody bridge antigen,EGFR (cetuximab),cited,cetuximab is a monoclonal antibody that specifically blocks EGFR,15269313,https://pubmed.ncbi.nlm.nih.gov/15269313/,Cunningham D,2004,N Engl J Med,Cetuximab monotherapy and cetuximab plus irinotecan in irinotecan-refractory metastatic colorectal cancer.,,
antibody_bridges.csv,antibody bridge antigen,EPCAM (catumaxomab),cited,catumaxomab is a trifunctional anti-EpCAM x anti-CD3 antibody,20473913,https://pubmed.ncbi.nlm.nih.gov/20473913/,Heiss MM,2010,Int J Cancer,The trifunctional antibody catumaxomab for the treatment of malignant ascites due to epithelial cancer: Results of a prospective randomized phase II/III trial.,,
antibody_bridges.csv,antibody bridge antigen,ERBB2 (trastuzumab),cited,trastuzumab is a recombinant monoclonal antibody against HER2,11248153,https://pubmed.ncbi.nlm.nih.gov/11248153/,Slamon DJ,2001,N Engl J Med,Use of chemotherapy plus a monoclonal antibody against HER2 for metastatic breast cancer that overexpresses HER2.,,
antibody_bridges.csv,antibody bridge antigen,CD274 (avelumab),cited,avelumab is an anti-PD-L1 monoclonal antibody,27592805,https://pubmed.ncbi.nlm.nih.gov/27592805/,Kaufman HL,2016,Lancet Oncol,"Avelumab in patients with chemotherapy-refractory metastatic Merkel cell carcinoma: a multicentre, single-group, open-label, phase 2 trial.",,
antibody_bridges.csv,antibody bridge antigen,PDCD1 (nivolumab (BMS-936558)),cited,BMS-936558 is an antibody that specifically blocks PD-1,22658127,https://pubmed.ncbi.nlm.nih.gov/22658127/,Topalian SL,2012,N Engl J Med,"Safety, activity, and immune correlates of anti-PD-1 antibody in cancer.",,
antibody_bridges.csv,antibody bridge antigen,PDGFRA (olaratumab),cited,olaratumab is a human anti-PDGFR alpha monoclonal antibody,27291997,https://pubmed.ncbi.nlm.nih.gov/27291997/,Tap WD,2016,Lancet,Olaratumab and doxorubicin versus doxorubicin alone for treatment of soft-tissue sarcoma: an open-label phase 1b and randomised phase 2 trial.,,
antibody_bridges.csv,antibody bridge antigen,SLAMF7 (elotuzumab),cited,elotuzumab is a monoclonal antibody targeting SLAMF7,26035255,https://pubmed.ncbi.nlm.nih.gov/26035255/,Lonial S,2015,N Engl J Med,Elotuzumab Therapy for Relapsed or Refractory Multiple Myeloma.,,
antibody_bridges.csv,antibody bridge antigen,KDR (ramucirumab),cited,ramucirumab is a monoclonal antibody VEGFR-2 antagonist,24094768,https://pubmed.ncbi.nlm.nih.gov/24094768/,Fuchs CS,2014,Lancet,"Ramucirumab monotherapy for previously treated advanced gastric or gastro-oesophageal junction adenocarcinoma (REGARD): an international, randomised, multicentre, placebo-controlled, phase 3 trial.",,
antibody_bridges.csv,antibody bridge Fc receptor,FCGR1A,cited,one of the six human Fc gamma receptors; IgG1 and IgG3 bind all of them,19018092,https://pubmed.ncbi.nlm.nih.gov/19018092/,Bruhns P,2009,Blood,Specificity and affinity of human Fcgamma receptors and their polymorphic variants for human IgG subclasses.,,
antibody_bridges.csv,antibody bridge Fc receptor,FCGR2A,cited,one of the six human Fc gamma receptors; IgG1 and IgG3 bind all of them,19018092,https://pubmed.ncbi.nlm.nih.gov/19018092/,Bruhns P,2009,Blood,Specificity and affinity of human Fcgamma receptors and their polymorphic variants for human IgG subclasses.,,
antibody_bridges.csv,antibody bridge Fc receptor,FCGR2B,cited,"one of the six human Fc gamma receptors; IgG1 and IgG3 bind all of them, FcgRIIB with lower affinity",19018092,https://pubmed.ncbi.nlm.nih.gov/19018092/,Bruhns P,2009,Blood,Specificity and affinity of human Fcgamma receptors and their polymorphic variants for human IgG subclasses.,,
antibody_bridges.csv,antibody bridge Fc receptor,FCGR2C,cited,one of the six human Fc gamma receptors; IgG1 and IgG3 bind all of them,19018092,https://pubmed.ncbi.nlm.nih.gov/19018092/,Bruhns P,2009,Blood,Specificity and affinity of human Fcgamma receptors and their polymorphic variants for human IgG subclasses.,,
antibody_bridges.csv,antibody bridge Fc receptor,FCGR3A,cited,one of the six human Fc gamma receptors; IgG1 and IgG3 bind all of them,19018092,https://pubmed.ncbi.nlm.nih.gov/19018092/,Bruhns P,2009,Blood,Specificity and affinity of human Fcgamma receptors and their polymorphic variants for human IgG subclasses.,,
antibody_bridges.csv,antibody bridge Fc receptor,FCGR3B,cited,one of the six human Fc gamma receptors; IgG1 and IgG3 bind all of them,19018092,https://pubmed.ncbi.nlm.nih.gov/19018092/,Bruhns P,2009,Blood,Specificity and affinity of human Fcgamma receptors and their polymorphic variants for human IgG subclasses.,,
antibody_bridges.csv,antibody bridge Fc receptor,FCGR1B,cited,FcgRIb1 is a surface receptor that binds aggregated IgG but not monomeric IgG with high affinity; it lacks the third extracellular domain of FcgRIA,1430234,https://pubmed.ncbi.nlm.nih.gov/1430234/,Porges AJ,1992,J Clin Invest,Novel Fc gamma receptor I family gene products in human mononuclear cells.,,
antibody_bridges.csv,antibody bridge Fc receptor,FCGR1B,cited,FcgRIb1 is a surface receptor that binds aggregated IgG but not monomeric IgG with high affinity; it lacks the third extracellular domain of FcgRIA,1379234,https://pubmed.ncbi.nlm.nih.gov/1379234/,Ernst LK,1992,J Biol Chem,Three genes for the human high affinity Fc receptor for IgG (Fc gamma RI) encode four distinct transcription products.,,
antibody_bridges.csv,"antibody bridge Fc receptor, left out",FCGRN,"cited, left out","FcRn binds IgG with high affinity at pH 6.0-6.5 but weakly or not at pH 7.0-7.5, so it cannot hold an antibody at the cell surface",7578107,https://pubmed.ncbi.nlm.nih.gov/7578107/,Raghavan M,1995,Biochemistry,Analysis of the pH dependence of the neonatal Fc receptor/immunoglobulin G interaction using antibody and receptor variants.,,
antibody_bridges.csv,"antibody bridge Fc receptor, left out",FCGRN,"cited, left out","FcRn binds IgG with high affinity at pH 6.0-6.5 but weakly or not at pH 7.0-7.5, so it cannot hold an antibody at the cell surface",17703228,https://pubmed.ncbi.nlm.nih.gov/17703228/,Roopenian DC,2007,Nat Rev Immunol,FcRn: the neonatal Fc receptor comes of age.,,
antibody_epitopes.csv,"antibody epitope, none recorded",CD19 (tafasitamab),no epitope known,"no PDB entry holds this antibody bound to its antigen (RCSB searched by antibody name and antigen accession, 2026-10-07)",,,,,,,,
antibody_epitopes.csv,antibody epitope (structure),MS4A1 (rituximab),cited,PDB 6VJA: Structure of CD20 in complex with rituximab Fab,32079680,https://pubmed.ncbi.nlm.nih.gov/32079680/,Rougé L,2020,Science,Structure of CD20 in complex with the therapeutic monoclonal antibody rituximab.,,
antibody_epitopes.csv,antibody epitope (structure),CD38 (daratumumab),cited,PDB 7DHA: crystal structure of CD38 in complex with daratumumab,33360095,https://pubmed.ncbi.nlm.nih.gov/33360095/,Lee HT,2021,Biochem Biophys Res Commun,"Crystal structure of CD38 in complex with daratumumab, a first-in-class anti-CD38 antibody drug for treating multiple myeloma.",,
antibody_epitopes.csv,antibody epitope (structure),CD3E (muromonab-CD3 (OKT3)),cited,PDB 1SY6: Crystal Structure of CD3gammaepsilon Heterodimer in Complex with OKT3 Fab Fragment,15136729,https://pubmed.ncbi.nlm.nih.gov/15136729/,Kjer-Nielsen L,2004,Proc Natl Acad Sci U S A,Crystal structure of the human T cell receptor CD3 epsilon gamma heterodimer complexed to the therapeutic mAb OKT3.,,
antibody_epitopes.csv,antibody epitope (structure),CD52 (alemtuzumab),cited,PDB 1CE1: 1.9A STRUCTURE OF THE THERAPEUTIC ANTIBODY CAMPATH-1H FAB IN COMPLEX WITH A SYNTHETIC PEPTIDE ANTIGEN,10366506,https://pubmed.ncbi.nlm.nih.gov/10366506/,James LC,1999,J Mol Biol,1.9 A structure of the therapeutic antibody CAMPATH-1H fab in complex with a synthetic peptide antigen.,,
antibody_epitopes.csv,antibody epitope (structure),CTLA4 (ipilimumab),cited,PDB 5TRU: Structure of the first-in-class checkpoint inhibitor Ipilimumab bound to human CTLA-4,28484017,https://pubmed.ncbi.nlm.nih.gov/28484017/,Ramagopal UA,2017,Proc Natl Acad Sci U S A,Structural basis for cancer immunotherapy by the first-in-class checkpoint inhibitor ipilimumab.,,
antibody_epitopes.csv,antibody epitope (structure),EGFR (cetuximab),cited,PDB 1YY9: Structure of the extracellular domain of the epidermal growth factor receptor in complex with the Fab fragment of cetuximab/Erbitux/IMC-C225,15837620,https://pubmed.ncbi.nlm.nih.gov/15837620/,Li S,2005,Cancer Cell,Structural basis for inhibition of the epidermal growth factor receptor by cetuximab.,,
antibody_epitopes.csv,antibody epitope (peptide mapping),EPCAM (catumaxomab),cited,"peptide mapping of HO-3, the EpCAM-binding arm of catumaxomab: a discontinuous epitope of three binding peptides, residues 49-70, 67-88 and 175-196 (Table 2)",17622246,https://pubmed.ncbi.nlm.nih.gov/17622246/,Ruf P,2007,Br J Cancer,Characterisation of the new EpCAM-specific antibody HO-3: implications for trifunctional antibody immunotherapy of cancer.,,
antibody_epitopes.csv,antibody epitope (structure),ERBB2 (trastuzumab),cited,PDB 1N8Z: Crystal structure of extracellular domain of human HER2 complexed with Herceptin Fab,12610629,https://pubmed.ncbi.nlm.nih.gov/12610629/,Cho HS,2003,Nature,Structure of the extracellular region of HER2 alone and in complex with the Herceptin Fab.,,
antibody_epitopes.csv,antibody epitope (structure),CD274 (avelumab),cited,PDB 5GRJ: Crystal structure of human PD-L1 with monoclonal antibody avelumab,27573173,https://pubmed.ncbi.nlm.nih.gov/27573173/,Liu K,2017,Cell Res,Structural basis of anti-PD-L1 monoclonal antibody avelumab for tumor therapy.,,
antibody_epitopes.csv,antibody epitope (structure),PDCD1 (nivolumab (BMS-936558)),cited,PDB 5WT9: Complex structure of PD-1 and nivolumab-Fab,28165004,https://pubmed.ncbi.nlm.nih.gov/28165004/,Tan S,2017,Nat Commun,An unexpected N-terminal loop in PD-1 dominates binding by nivolumab.,,
antibody_epitopes.csv,"antibody epitope, none recorded",PDGFRA (olaratumab),no epitope known,"no PDB entry holds this antibody bound to its antigen (RCSB searched by antibody name and antigen accession, 2026-10-07)",,,,,,,,
antibody_epitopes.csv,antibody epitope (domain),SLAMF7 (elotuzumab),cited,"elotuzumab binds an epitope on the membrane-proximal IgC2 domain of SLAMF7 (a review; the domain is UniProt Ig-like C2-type, residues 131-206)",29531651,https://pubmed.ncbi.nlm.nih.gov/29531651/,Taniwaki M,2018,Mediterr J Hematol Infect Dis,"Elotuzumab for the Treatment of Relapsed or Refractory Multiple Myeloma, with Special Reference to its Modes of Action and SLAMF7 Signaling.",,
antibody_epitopes.csv,antibody epitope (structure),KDR (ramucirumab),cited,PDB 3S37: Structural basis for the function of two anti-VEGF receptor antibodies,21827946,https://pubmed.ncbi.nlm.nih.gov/21827946/,Franklin MC,2011,Structure,The structural basis for the function of two anti-VEGF receptor 2 antibodies.,,
segregation_probes.csv,protein placed in an antibody's gap,CD45,cited,the kinetic-segregation model: large phosphatases are excluded by size from close contacts; the large ectodomain of CD45 regulates its segregation from the ligated T-cell receptor,16855606,https://pubmed.ncbi.nlm.nih.gov/16855606/,Davis SJ,2006,Nat Immunol,The kinetic-segregation model: TCR triggering and beyond.,,
segregation_probes.csv,protein placed in an antibody's gap,CD45,cited,the kinetic-segregation model: large phosphatases are excluded by size from close contacts; the large ectodomain of CD45 regulates its segregation from the ligated T-cell receptor,23580664,https://pubmed.ncbi.nlm.nih.gov/23580664/,Cordoba SP,2013,Blood,The large ectodomains of CD45 and CD148 regulate their segregation from and inhibition of ligated T-cell receptor.,,
segregation_probes.csv,protein placed in an antibody's gap,CD45RO,cited,"the short isoform, without residues 34-194 of the canonical sequence (UniProt P08575-4): 38 disordered residues with 4 predicted glycosites stand on the same folded region; about 22 nm by electron microscopy",1378817,https://pubmed.ncbi.nlm.nih.gov/1378817/,McCall MN,1992,Immunology,Expression of soluble isoforms of rat CD45. Analysis by electron microscopy and use in epitope mapping of anti-CD45R monoclonal antibodies.,,
segregation_probes.csv,protein placed in an antibody's gap,CD45RO,cited,"the short isoform, without residues 34-194 of the canonical sequence (UniProt P08575-4): 38 disordered residues with 4 predicted glycosites stand on the same folded region; about 22 nm by electron microscopy",26998761,https://pubmed.ncbi.nlm.nih.gov/26998761/,Chang VT,2016,Nat Immunol,Initiation of T cell signaling by CD45 segregation at 'close contacts'.,,
segregation_probes.csv,protein placed in an antibody's gap,CD148,cited,the large ectodomain of CD148 regulates its segregation from the ligated T-cell receptor,23580664,https://pubmed.ncbi.nlm.nih.gov/23580664/,Cordoba SP,2013,Blood,The large ectodomains of CD45 and CD148 regulate their segregation from and inhibition of ligated T-cell receptor.,,
interaction_height_rules.csv,height rule: extended,ITGA1,cited,integrins bind ligand extended; the head of LFA-1 bound to ICAM-1 sits 19.2 +/- 2.0 nm above the membrane on T cells (iPALM). The 2018 assembled model of the extended-open integrin measures 22.1 nm along its longest axis (measure_interaction_models.py) (19.2 nm),29444440,https://pubmed.ncbi.nlm.nih.gov/29444440/,Moore TI,2018,Cell Rep,Measuring Integrin Conformational Change on the Cell Surface with Super-Resolution Microscopy.,,
interaction_height_rules.csv,height rule: extended,ITGA1,cited,integrins bind ligand extended; the head of LFA-1 bound to ICAM-1 sits 19.2 +/- 2.0 nm above the membrane on T cells (iPALM). The 2018 assembled model of the extended-open integrin measures 22.1 nm along its longest axis (measure_interaction_models.py) (19.2 nm),12230977,https://pubmed.ncbi.nlm.nih.gov/12230977/,Takagi J,2002,Cell,Global conformational rearrangements in integrin extracellular domains in outside-in and inside-out signaling.,,
interaction_height_rules.csv,height rule: extended,ITGA1,cited,integrins bind ligand extended; the head of LFA-1 bound to ICAM-1 sits 19.2 +/- 2.0 nm above the membrane on T cells (iPALM). The 2018 assembled model of the extended-open integrin measures 22.1 nm along its longest axis (measure_interaction_models.py) (19.2 nm),17045822,https://pubmed.ncbi.nlm.nih.gov/17045822/,Nishida N,2006,Immunity,Activation of leukocyte beta2 integrins by conversion from bent to extended conformations.,,
interaction_height_rules.csv,height rule: extended,ITGA10,cited,integrins bind ligand extended; the head of LFA-1 bound to ICAM-1 sits 19.2 +/- 2.0 nm above the membrane on T cells (iPALM). The 2018 assembled model of the extended-open integrin measures 22.1 nm along its longest axis (measure_interaction_models.py) (19.2 nm),29444440,https://pubmed.ncbi.nlm.nih.gov/29444440/,Moore TI,2018,Cell Rep,Measuring Integrin Conformational Change on the Cell Surface with Super-Resolution Microscopy.,,
interaction_height_rules.csv,height rule: extended,ITGA10,cited,integrins bind ligand extended; the head of LFA-1 bound to ICAM-1 sits 19.2 +/- 2.0 nm above the membrane on T cells (iPALM). The 2018 assembled model of the extended-open integrin measures 22.1 nm along its longest axis (measure_interaction_models.py) (19.2 nm),12230977,https://pubmed.ncbi.nlm.nih.gov/12230977/,Takagi J,2002,Cell,Global conformational rearrangements in integrin extracellular domains in outside-in and inside-out signaling.,,
interaction_height_rules.csv,height rule: extended,ITGA10,cited,integrins bind ligand extended; the head of LFA-1 bound to ICAM-1 sits 19.2 +/- 2.0 nm above the membrane on T cells (iPALM). The 2018 assembled model of the extended-open integrin measures 22.1 nm along its longest axis (measure_interaction_models.py) (19.2 nm),17045822,https://pubmed.ncbi.nlm.nih.gov/17045822/,Nishida N,2006,Immunity,Activation of leukocyte beta2 integrins by conversion from bent to extended conformations.,,
interaction_height_rules.csv,height rule: extended,ITGA11,cited,integrins bind ligand extended; the head of LFA-1 bound to ICAM-1 sits 19.2 +/- 2.0 nm above the membrane on T cells (iPALM). The 2018 assembled model of the extended-open integrin measures 22.1 nm along its longest axis (measure_interaction_models.py) (19.2 nm),29444440,https://pubmed.ncbi.nlm.nih.gov/29444440/,Moore TI,2018,Cell Rep,Measuring Integrin Conformational Change on the Cell Surface with Super-Resolution Microscopy.,,
interaction_height_rules.csv,height rule: extended,ITGA11,cited,integrins bind ligand extended; the head of LFA-1 bound to ICAM-1 sits 19.2 +/- 2.0 nm above the membrane on T cells (iPALM). The 2018 assembled model of the extended-open integrin measures 22.1 nm along its longest axis (measure_interaction_models.py) (19.2 nm),12230977,https://pubmed.ncbi.nlm.nih.gov/12230977/,Takagi J,2002,Cell,Global conformational rearrangements in integrin extracellular domains in outside-in and inside-out signaling.,,
interaction_height_rules.csv,height rule: extended,ITGA11,cited,integrins bind ligand extended; the head of LFA-1 bound to ICAM-1 sits 19.2 +/- 2.0 nm above the membrane on T cells (iPALM). The 2018 assembled model of the extended-open integrin measures 22.1 nm along its longest axis (measure_interaction_models.py) (19.2 nm),17045822,https://pubmed.ncbi.nlm.nih.gov/17045822/,Nishida N,2006,Immunity,Activation of leukocyte beta2 integrins by conversion from bent to extended conformations.,,
interaction_height_rules.csv,height rule: extended,ITGA2,cited,integrins bind ligand extended; the head of LFA-1 bound to ICAM-1 sits 19.2 +/- 2.0 nm above the membrane on T cells (iPALM). The 2018 assembled model of the extended-open integrin measures 22.1 nm along its longest axis (measure_interaction_models.py) (19.2 nm),29444440,https://pubmed.ncbi.nlm.nih.gov/29444440/,Moore TI,2018,Cell Rep,Measuring Integrin Conformational Change on the Cell Surface with Super-Resolution Microscopy.,,
interaction_height_rules.csv,height rule: extended,ITGA2,cited,integrins bind ligand extended; the head of LFA-1 bound to ICAM-1 sits 19.2 +/- 2.0 nm above the membrane on T cells (iPALM). The 2018 assembled model of the extended-open integrin measures 22.1 nm along its longest axis (measure_interaction_models.py) (19.2 nm),12230977,https://pubmed.ncbi.nlm.nih.gov/12230977/,Takagi J,2002,Cell,Global conformational rearrangements in integrin extracellular domains in outside-in and inside-out signaling.,,
interaction_height_rules.csv,height rule: extended,ITGA2,cited,integrins bind ligand extended; the head of LFA-1 bound to ICAM-1 sits 19.2 +/- 2.0 nm above the membrane on T cells (iPALM). The 2018 assembled model of the extended-open integrin measures 22.1 nm along its longest axis (measure_interaction_models.py) (19.2 nm),17045822,https://pubmed.ncbi.nlm.nih.gov/17045822/,Nishida N,2006,Immunity,Activation of leukocyte beta2 integrins by conversion from bent to extended conformations.,,
interaction_height_rules.csv,height rule: extended,ITGA2B,cited,integrins bind ligand extended; the head of LFA-1 bound to ICAM-1 sits 19.2 +/- 2.0 nm above the membrane on T cells (iPALM). The 2018 assembled model of the extended-open integrin measures 22.1 nm along its longest axis (measure_interaction_models.py) (19.2 nm),29444440,https://pubmed.ncbi.nlm.nih.gov/29444440/,Moore TI,2018,Cell Rep,Measuring Integrin Conformational Change on the Cell Surface with Super-Resolution Microscopy.,,
interaction_height_rules.csv,height rule: extended,ITGA2B,cited,integrins bind ligand extended; the head of LFA-1 bound to ICAM-1 sits 19.2 +/- 2.0 nm above the membrane on T cells (iPALM). The 2018 assembled model of the extended-open integrin measures 22.1 nm along its longest axis (measure_interaction_models.py) (19.2 nm),12230977,https://pubmed.ncbi.nlm.nih.gov/12230977/,Takagi J,2002,Cell,Global conformational rearrangements in integrin extracellular domains in outside-in and inside-out signaling.,,
interaction_height_rules.csv,height rule: extended,ITGA2B,cited,integrins bind ligand extended; the head of LFA-1 bound to ICAM-1 sits 19.2 +/- 2.0 nm above the membrane on T cells (iPALM). The 2018 assembled model of the extended-open integrin measures 22.1 nm along its longest axis (measure_interaction_models.py) (19.2 nm),17045822,https://pubmed.ncbi.nlm.nih.gov/17045822/,Nishida N,2006,Immunity,Activation of leukocyte beta2 integrins by conversion from bent to extended conformations.,,
interaction_height_rules.csv,height rule: extended,ITGA3,cited,integrins bind ligand extended; the head of LFA-1 bound to ICAM-1 sits 19.2 +/- 2.0 nm above the membrane on T cells (iPALM). The 2018 assembled model of the extended-open integrin measures 22.1 nm along its longest axis (measure_interaction_models.py) (19.2 nm),29444440,https://pubmed.ncbi.nlm.nih.gov/29444440/,Moore TI,2018,Cell Rep,Measuring Integrin Conformational Change on the Cell Surface with Super-Resolution Microscopy.,,
interaction_height_rules.csv,height rule: extended,ITGA3,cited,integrins bind ligand extended; the head of LFA-1 bound to ICAM-1 sits 19.2 +/- 2.0 nm above the membrane on T cells (iPALM). The 2018 assembled model of the extended-open integrin measures 22.1 nm along its longest axis (measure_interaction_models.py) (19.2 nm),12230977,https://pubmed.ncbi.nlm.nih.gov/12230977/,Takagi J,2002,Cell,Global conformational rearrangements in integrin extracellular domains in outside-in and inside-out signaling.,,
interaction_height_rules.csv,height rule: extended,ITGA3,cited,integrins bind ligand extended; the head of LFA-1 bound to ICAM-1 sits 19.2 +/- 2.0 nm above the membrane on T cells (iPALM). The 2018 assembled model of the extended-open integrin measures 22.1 nm along its longest axis (measure_interaction_models.py) (19.2 nm),17045822,https://pubmed.ncbi.nlm.nih.gov/17045822/,Nishida N,2006,Immunity,Activation of leukocyte beta2 integrins by conversion from bent to extended conformations.,,
interaction_height_rules.csv,height rule: extended,ITGA4,cited,integrins bind ligand extended; the head of LFA-1 bound to ICAM-1 sits 19.2 +/- 2.0 nm above the membrane on T cells (iPALM). The 2018 assembled model of the extended-open integrin measures 22.1 nm along its longest axis (measure_interaction_models.py) (19.2 nm),29444440,https://pubmed.ncbi.nlm.nih.gov/29444440/,Moore TI,2018,Cell Rep,Measuring Integrin Conformational Change on the Cell Surface with Super-Resolution Microscopy.,,
interaction_height_rules.csv,height rule: extended,ITGA4,cited,integrins bind ligand extended; the head of LFA-1 bound to ICAM-1 sits 19.2 +/- 2.0 nm above the membrane on T cells (iPALM). The 2018 assembled model of the extended-open integrin measures 22.1 nm along its longest axis (measure_interaction_models.py) (19.2 nm),12230977,https://pubmed.ncbi.nlm.nih.gov/12230977/,Takagi J,2002,Cell,Global conformational rearrangements in integrin extracellular domains in outside-in and inside-out signaling.,,
interaction_height_rules.csv,height rule: extended,ITGA4,cited,integrins bind ligand extended; the head of LFA-1 bound to ICAM-1 sits 19.2 +/- 2.0 nm above the membrane on T cells (iPALM). The 2018 assembled model of the extended-open integrin measures 22.1 nm along its longest axis (measure_interaction_models.py) (19.2 nm),17045822,https://pubmed.ncbi.nlm.nih.gov/17045822/,Nishida N,2006,Immunity,Activation of leukocyte beta2 integrins by conversion from bent to extended conformations.,,
interaction_height_rules.csv,height rule: extended,ITGA5,cited,integrins bind ligand extended; the head of LFA-1 bound to ICAM-1 sits 19.2 +/- 2.0 nm above the membrane on T cells (iPALM). The 2018 assembled model of the extended-open integrin measures 22.1 nm along its longest axis (measure_interaction_models.py) (19.2 nm),29444440,https://pubmed.ncbi.nlm.nih.gov/29444440/,Moore TI,2018,Cell Rep,Measuring Integrin Conformational Change on the Cell Surface with Super-Resolution Microscopy.,,
interaction_height_rules.csv,height rule: extended,ITGA5,cited,integrins bind ligand extended; the head of LFA-1 bound to ICAM-1 sits 19.2 +/- 2.0 nm above the membrane on T cells (iPALM). The 2018 assembled model of the extended-open integrin measures 22.1 nm along its longest axis (measure_interaction_models.py) (19.2 nm),12230977,https://pubmed.ncbi.nlm.nih.gov/12230977/,Takagi J,2002,Cell,Global conformational rearrangements in integrin extracellular domains in outside-in and inside-out signaling.,,
interaction_height_rules.csv,height rule: extended,ITGA5,cited,integrins bind ligand extended; the head of LFA-1 bound to ICAM-1 sits 19.2 +/- 2.0 nm above the membrane on T cells (iPALM). The 2018 assembled model of the extended-open integrin measures 22.1 nm along its longest axis (measure_interaction_models.py) (19.2 nm),17045822,https://pubmed.ncbi.nlm.nih.gov/17045822/,Nishida N,2006,Immunity,Activation of leukocyte beta2 integrins by conversion from bent to extended conformations.,,
interaction_height_rules.csv,height rule: extended,ITGA6,cited,integrins bind ligand extended; the head of LFA-1 bound to ICAM-1 sits 19.2 +/- 2.0 nm above the membrane on T cells (iPALM). The 2018 assembled model of the extended-open integrin measures 22.1 nm along its longest axis (measure_interaction_models.py) (19.2 nm),29444440,https://pubmed.ncbi.nlm.nih.gov/29444440/,Moore TI,2018,Cell Rep,Measuring Integrin Conformational Change on the Cell Surface with Super-Resolution Microscopy.,,
interaction_height_rules.csv,height rule: extended,ITGA6,cited,integrins bind ligand extended; the head of LFA-1 bound to ICAM-1 sits 19.2 +/- 2.0 nm above the membrane on T cells (iPALM). The 2018 assembled model of the extended-open integrin measures 22.1 nm along its longest axis (measure_interaction_models.py) (19.2 nm),12230977,https://pubmed.ncbi.nlm.nih.gov/12230977/,Takagi J,2002,Cell,Global conformational rearrangements in integrin extracellular domains in outside-in and inside-out signaling.,,
interaction_height_rules.csv,height rule: extended,ITGA6,cited,integrins bind ligand extended; the head of LFA-1 bound to ICAM-1 sits 19.2 +/- 2.0 nm above the membrane on T cells (iPALM). The 2018 assembled model of the extended-open integrin measures 22.1 nm along its longest axis (measure_interaction_models.py) (19.2 nm),17045822,https://pubmed.ncbi.nlm.nih.gov/17045822/,Nishida N,2006,Immunity,Activation of leukocyte beta2 integrins by conversion from bent to extended conformations.,,
interaction_height_rules.csv,height rule: extended,ITGA7,cited,integrins bind ligand extended; the head of LFA-1 bound to ICAM-1 sits 19.2 +/- 2.0 nm above the membrane on T cells (iPALM). The 2018 assembled model of the extended-open integrin measures 22.1 nm along its longest axis (measure_interaction_models.py) (19.2 nm),29444440,https://pubmed.ncbi.nlm.nih.gov/29444440/,Moore TI,2018,Cell Rep,Measuring Integrin Conformational Change on the Cell Surface with Super-Resolution Microscopy.,,
interaction_height_rules.csv,height rule: extended,ITGA7,cited,integrins bind ligand extended; the head of LFA-1 bound to ICAM-1 sits 19.2 +/- 2.0 nm above the membrane on T cells (iPALM). The 2018 assembled model of the extended-open integrin measures 22.1 nm along its longest axis (measure_interaction_models.py) (19.2 nm),12230977,https://pubmed.ncbi.nlm.nih.gov/12230977/,Takagi J,2002,Cell,Global conformational rearrangements in integrin extracellular domains in outside-in and inside-out signaling.,,
interaction_height_rules.csv,height rule: extended,ITGA7,cited,integrins bind ligand extended; the head of LFA-1 bound to ICAM-1 sits 19.2 +/- 2.0 nm above the membrane on T cells (iPALM). The 2018 assembled model of the extended-open integrin measures 22.1 nm along its longest axis (measure_interaction_models.py) (19.2 nm),17045822,https://pubmed.ncbi.nlm.nih.gov/17045822/,Nishida N,2006,Immunity,Activation of leukocyte beta2 integrins by conversion from bent to extended conformations.,,
interaction_height_rules.csv,height rule: extended,ITGA8,cited,integrins bind ligand extended; the head of LFA-1 bound to ICAM-1 sits 19.2 +/- 2.0 nm above the membrane on T cells (iPALM). The 2018 assembled model of the extended-open integrin measures 22.1 nm along its longest axis (measure_interaction_models.py) (19.2 nm),29444440,https://pubmed.ncbi.nlm.nih.gov/29444440/,Moore TI,2018,Cell Rep,Measuring Integrin Conformational Change on the Cell Surface with Super-Resolution Microscopy.,,
interaction_height_rules.csv,height rule: extended,ITGA8,cited,integrins bind ligand extended; the head of LFA-1 bound to ICAM-1 sits 19.2 +/- 2.0 nm above the membrane on T cells (iPALM). The 2018 assembled model of the extended-open integrin measures 22.1 nm along its longest axis (measure_interaction_models.py) (19.2 nm),12230977,https://pubmed.ncbi.nlm.nih.gov/12230977/,Takagi J,2002,Cell,Global conformational rearrangements in integrin extracellular domains in outside-in and inside-out signaling.,,
interaction_height_rules.csv,height rule: extended,ITGA8,cited,integrins bind ligand extended; the head of LFA-1 bound to ICAM-1 sits 19.2 +/- 2.0 nm above the membrane on T cells (iPALM). The 2018 assembled model of the extended-open integrin measures 22.1 nm along its longest axis (measure_interaction_models.py) (19.2 nm),17045822,https://pubmed.ncbi.nlm.nih.gov/17045822/,Nishida N,2006,Immunity,Activation of leukocyte beta2 integrins by conversion from bent to extended conformations.,,
interaction_height_rules.csv,height rule: extended,ITGA9,cited,integrins bind ligand extended; the head of LFA-1 bound to ICAM-1 sits 19.2 +/- 2.0 nm above the membrane on T cells (iPALM). The 2018 assembled model of the extended-open integrin measures 22.1 nm along its longest axis (measure_interaction_models.py) (19.2 nm),29444440,https://pubmed.ncbi.nlm.nih.gov/29444440/,Moore TI,2018,Cell Rep,Measuring Integrin Conformational Change on the Cell Surface with Super-Resolution Microscopy.,,
interaction_height_rules.csv,height rule: extended,ITGA9,cited,integrins bind ligand extended; the head of LFA-1 bound to ICAM-1 sits 19.2 +/- 2.0 nm above the membrane on T cells (iPALM). The 2018 assembled model of the extended-open integrin measures 22.1 nm along its longest axis (measure_interaction_models.py) (19.2 nm),12230977,https://pubmed.ncbi.nlm.nih.gov/12230977/,Takagi J,2002,Cell,Global conformational rearrangements in integrin extracellular domains in outside-in and inside-out signaling.,,
interaction_height_rules.csv,height rule: extended,ITGA9,cited,integrins bind ligand extended; the head of LFA-1 bound to ICAM-1 sits 19.2 +/- 2.0 nm above the membrane on T cells (iPALM). The 2018 assembled model of the extended-open integrin measures 22.1 nm along its longest axis (measure_interaction_models.py) (19.2 nm),17045822,https://pubmed.ncbi.nlm.nih.gov/17045822/,Nishida N,2006,Immunity,Activation of leukocyte beta2 integrins by conversion from bent to extended conformations.,,
interaction_height_rules.csv,height rule: extended,ITGAD,cited,integrins bind ligand extended; the head of LFA-1 bound to ICAM-1 sits 19.2 +/- 2.0 nm above the membrane on T cells (iPALM). The 2018 assembled model of the extended-open integrin measures 22.1 nm along its longest axis (measure_interaction_models.py) (19.2 nm),29444440,https://pubmed.ncbi.nlm.nih.gov/29444440/,Moore TI,2018,Cell Rep,Measuring Integrin Conformational Change on the Cell Surface with Super-Resolution Microscopy.,,
interaction_height_rules.csv,height rule: extended,ITGAD,cited,integrins bind ligand extended; the head of LFA-1 bound to ICAM-1 sits 19.2 +/- 2.0 nm above the membrane on T cells (iPALM). The 2018 assembled model of the extended-open integrin measures 22.1 nm along its longest axis (measure_interaction_models.py) (19.2 nm),12230977,https://pubmed.ncbi.nlm.nih.gov/12230977/,Takagi J,2002,Cell,Global conformational rearrangements in integrin extracellular domains in outside-in and inside-out signaling.,,
interaction_height_rules.csv,height rule: extended,ITGAD,cited,integrins bind ligand extended; the head of LFA-1 bound to ICAM-1 sits 19.2 +/- 2.0 nm above the membrane on T cells (iPALM). The 2018 assembled model of the extended-open integrin measures 22.1 nm along its longest axis (measure_interaction_models.py) (19.2 nm),17045822,https://pubmed.ncbi.nlm.nih.gov/17045822/,Nishida N,2006,Immunity,Activation of leukocyte beta2 integrins by conversion from bent to extended conformations.,,
interaction_height_rules.csv,height rule: extended,ITGAE,cited,integrins bind ligand extended; the head of LFA-1 bound to ICAM-1 sits 19.2 +/- 2.0 nm above the membrane on T cells (iPALM). The 2018 assembled model of the extended-open integrin measures 22.1 nm along its longest axis (measure_interaction_models.py) (19.2 nm),29444440,https://pubmed.ncbi.nlm.nih.gov/29444440/,Moore TI,2018,Cell Rep,Measuring Integrin Conformational Change on the Cell Surface with Super-Resolution Microscopy.,,
interaction_height_rules.csv,height rule: extended,ITGAE,cited,integrins bind ligand extended; the head of LFA-1 bound to ICAM-1 sits 19.2 +/- 2.0 nm above the membrane on T cells (iPALM). The 2018 assembled model of the extended-open integrin measures 22.1 nm along its longest axis (measure_interaction_models.py) (19.2 nm),12230977,https://pubmed.ncbi.nlm.nih.gov/12230977/,Takagi J,2002,Cell,Global conformational rearrangements in integrin extracellular domains in outside-in and inside-out signaling.,,
interaction_height_rules.csv,height rule: extended,ITGAE,cited,integrins bind ligand extended; the head of LFA-1 bound to ICAM-1 sits 19.2 +/- 2.0 nm above the membrane on T cells (iPALM). The 2018 assembled model of the extended-open integrin measures 22.1 nm along its longest axis (measure_interaction_models.py) (19.2 nm),17045822,https://pubmed.ncbi.nlm.nih.gov/17045822/,Nishida N,2006,Immunity,Activation of leukocyte beta2 integrins by conversion from bent to extended conformations.,,
interaction_height_rules.csv,height rule: extended,ITGAL,cited,integrins bind ligand extended; the head of LFA-1 bound to ICAM-1 sits 19.2 +/- 2.0 nm above the membrane on T cells (iPALM). The 2018 assembled model of the extended-open integrin measures 22.1 nm along its longest axis (measure_interaction_models.py) (19.2 nm),29444440,https://pubmed.ncbi.nlm.nih.gov/29444440/,Moore TI,2018,Cell Rep,Measuring Integrin Conformational Change on the Cell Surface with Super-Resolution Microscopy.,,
interaction_height_rules.csv,height rule: extended,ITGAL,cited,integrins bind ligand extended; the head of LFA-1 bound to ICAM-1 sits 19.2 +/- 2.0 nm above the membrane on T cells (iPALM). The 2018 assembled model of the extended-open integrin measures 22.1 nm along its longest axis (measure_interaction_models.py) (19.2 nm),12230977,https://pubmed.ncbi.nlm.nih.gov/12230977/,Takagi J,2002,Cell,Global conformational rearrangements in integrin extracellular domains in outside-in and inside-out signaling.,,
interaction_height_rules.csv,height rule: extended,ITGAL,cited,integrins bind ligand extended; the head of LFA-1 bound to ICAM-1 sits 19.2 +/- 2.0 nm above the membrane on T cells (iPALM). The 2018 assembled model of the extended-open integrin measures 22.1 nm along its longest axis (measure_interaction_models.py) (19.2 nm),17045822,https://pubmed.ncbi.nlm.nih.gov/17045822/,Nishida N,2006,Immunity,Activation of leukocyte beta2 integrins by conversion from bent to extended conformations.,,
interaction_height_rules.csv,height rule: extended,ITGAM,cited,integrins bind ligand extended; the head of LFA-1 bound to ICAM-1 sits 19.2 +/- 2.0 nm above the membrane on T cells (iPALM). The 2018 assembled model of the extended-open integrin measures 22.1 nm along its longest axis (measure_interaction_models.py) (19.2 nm),29444440,https://pubmed.ncbi.nlm.nih.gov/29444440/,Moore TI,2018,Cell Rep,Measuring Integrin Conformational Change on the Cell Surface with Super-Resolution Microscopy.,,
interaction_height_rules.csv,height rule: extended,ITGAM,cited,integrins bind ligand extended; the head of LFA-1 bound to ICAM-1 sits 19.2 +/- 2.0 nm above the membrane on T cells (iPALM). The 2018 assembled model of the extended-open integrin measures 22.1 nm along its longest axis (measure_interaction_models.py) (19.2 nm),12230977,https://pubmed.ncbi.nlm.nih.gov/12230977/,Takagi J,2002,Cell,Global conformational rearrangements in integrin extracellular domains in outside-in and inside-out signaling.,,
interaction_height_rules.csv,height rule: extended,ITGAM,cited,integrins bind ligand extended; the head of LFA-1 bound to ICAM-1 sits 19.2 +/- 2.0 nm above the membrane on T cells (iPALM). The 2018 assembled model of the extended-open integrin measures 22.1 nm along its longest axis (measure_interaction_models.py) (19.2 nm),17045822,https://pubmed.ncbi.nlm.nih.gov/17045822/,Nishida N,2006,Immunity,Activation of leukocyte beta2 integrins by conversion from bent to extended conformations.,,
interaction_height_rules.csv,height rule: extended,ITGAV,cited,integrins bind ligand extended; the head of LFA-1 bound to ICAM-1 sits 19.2 +/- 2.0 nm above the membrane on T cells (iPALM). The 2018 assembled model of the extended-open integrin measures 22.1 nm along its longest axis (measure_interaction_models.py) (19.2 nm),29444440,https://pubmed.ncbi.nlm.nih.gov/29444440/,Moore TI,2018,Cell Rep,Measuring Integrin Conformational Change on the Cell Surface with Super-Resolution Microscopy.,,
interaction_height_rules.csv,height rule: extended,ITGAV,cited,integrins bind ligand extended; the head of LFA-1 bound to ICAM-1 sits 19.2 +/- 2.0 nm above the membrane on T cells (iPALM). The 2018 assembled model of the extended-open integrin measures 22.1 nm along its longest axis (measure_interaction_models.py) (19.2 nm),12230977,https://pubmed.ncbi.nlm.nih.gov/12230977/,Takagi J,2002,Cell,Global conformational rearrangements in integrin extracellular domains in outside-in and inside-out signaling.,,
interaction_height_rules.csv,height rule: extended,ITGAV,cited,integrins bind ligand extended; the head of LFA-1 bound to ICAM-1 sits 19.2 +/- 2.0 nm above the membrane on T cells (iPALM). The 2018 assembled model of the extended-open integrin measures 22.1 nm along its longest axis (measure_interaction_models.py) (19.2 nm),17045822,https://pubmed.ncbi.nlm.nih.gov/17045822/,Nishida N,2006,Immunity,Activation of leukocyte beta2 integrins by conversion from bent to extended conformations.,,
interaction_height_rules.csv,height rule: extended,ITGAX,cited,integrins bind ligand extended; the head of LFA-1 bound to ICAM-1 sits 19.2 +/- 2.0 nm above the membrane on T cells (iPALM). The 2018 assembled model of the extended-open integrin measures 22.1 nm along its longest axis (measure_interaction_models.py) (19.2 nm),29444440,https://pubmed.ncbi.nlm.nih.gov/29444440/,Moore TI,2018,Cell Rep,Measuring Integrin Conformational Change on the Cell Surface with Super-Resolution Microscopy.,,
interaction_height_rules.csv,height rule: extended,ITGAX,cited,integrins bind ligand extended; the head of LFA-1 bound to ICAM-1 sits 19.2 +/- 2.0 nm above the membrane on T cells (iPALM). The 2018 assembled model of the extended-open integrin measures 22.1 nm along its longest axis (measure_interaction_models.py) (19.2 nm),12230977,https://pubmed.ncbi.nlm.nih.gov/12230977/,Takagi J,2002,Cell,Global conformational rearrangements in integrin extracellular domains in outside-in and inside-out signaling.,,
interaction_height_rules.csv,height rule: extended,ITGAX,cited,integrins bind ligand extended; the head of LFA-1 bound to ICAM-1 sits 19.2 +/- 2.0 nm above the membrane on T cells (iPALM). The 2018 assembled model of the extended-open integrin measures 22.1 nm along its longest axis (measure_interaction_models.py) (19.2 nm),17045822,https://pubmed.ncbi.nlm.nih.gov/17045822/,Nishida N,2006,Immunity,Activation of leukocyte beta2 integrins by conversion from bent to extended conformations.,,
interaction_height_rules.csv,height rule: extended,ITGB1,cited,integrins bind ligand extended; the head of LFA-1 bound to ICAM-1 sits 19.2 +/- 2.0 nm above the membrane on T cells (iPALM). The 2018 assembled model of the extended-open integrin measures 22.1 nm along its longest axis (measure_interaction_models.py) (19.2 nm),29444440,https://pubmed.ncbi.nlm.nih.gov/29444440/,Moore TI,2018,Cell Rep,Measuring Integrin Conformational Change on the Cell Surface with Super-Resolution Microscopy.,,
interaction_height_rules.csv,height rule: extended,ITGB1,cited,integrins bind ligand extended; the head of LFA-1 bound to ICAM-1 sits 19.2 +/- 2.0 nm above the membrane on T cells (iPALM). The 2018 assembled model of the extended-open integrin measures 22.1 nm along its longest axis (measure_interaction_models.py) (19.2 nm),12230977,https://pubmed.ncbi.nlm.nih.gov/12230977/,Takagi J,2002,Cell,Global conformational rearrangements in integrin extracellular domains in outside-in and inside-out signaling.,,
interaction_height_rules.csv,height rule: extended,ITGB1,cited,integrins bind ligand extended; the head of LFA-1 bound to ICAM-1 sits 19.2 +/- 2.0 nm above the membrane on T cells (iPALM). The 2018 assembled model of the extended-open integrin measures 22.1 nm along its longest axis (measure_interaction_models.py) (19.2 nm),17045822,https://pubmed.ncbi.nlm.nih.gov/17045822/,Nishida N,2006,Immunity,Activation of leukocyte beta2 integrins by conversion from bent to extended conformations.,,
interaction_height_rules.csv,height rule: extended,ITGB2,cited,integrins bind ligand extended; the head of LFA-1 bound to ICAM-1 sits 19.2 +/- 2.0 nm above the membrane on T cells (iPALM). The 2018 assembled model of the extended-open integrin measures 22.1 nm along its longest axis (measure_interaction_models.py) (19.2 nm),29444440,https://pubmed.ncbi.nlm.nih.gov/29444440/,Moore TI,2018,Cell Rep,Measuring Integrin Conformational Change on the Cell Surface with Super-Resolution Microscopy.,,
interaction_height_rules.csv,height rule: extended,ITGB2,cited,integrins bind ligand extended; the head of LFA-1 bound to ICAM-1 sits 19.2 +/- 2.0 nm above the membrane on T cells (iPALM). The 2018 assembled model of the extended-open integrin measures 22.1 nm along its longest axis (measure_interaction_models.py) (19.2 nm),12230977,https://pubmed.ncbi.nlm.nih.gov/12230977/,Takagi J,2002,Cell,Global conformational rearrangements in integrin extracellular domains in outside-in and inside-out signaling.,,
interaction_height_rules.csv,height rule: extended,ITGB2,cited,integrins bind ligand extended; the head of LFA-1 bound to ICAM-1 sits 19.2 +/- 2.0 nm above the membrane on T cells (iPALM). The 2018 assembled model of the extended-open integrin measures 22.1 nm along its longest axis (measure_interaction_models.py) (19.2 nm),17045822,https://pubmed.ncbi.nlm.nih.gov/17045822/,Nishida N,2006,Immunity,Activation of leukocyte beta2 integrins by conversion from bent to extended conformations.,,
interaction_height_rules.csv,height rule: extended,ITGB3,cited,integrins bind ligand extended; the head of LFA-1 bound to ICAM-1 sits 19.2 +/- 2.0 nm above the membrane on T cells (iPALM). The 2018 assembled model of the extended-open integrin measures 22.1 nm along its longest axis (measure_interaction_models.py) (19.2 nm),29444440,https://pubmed.ncbi.nlm.nih.gov/29444440/,Moore TI,2018,Cell Rep,Measuring Integrin Conformational Change on the Cell Surface with Super-Resolution Microscopy.,,
interaction_height_rules.csv,height rule: extended,ITGB3,cited,integrins bind ligand extended; the head of LFA-1 bound to ICAM-1 sits 19.2 +/- 2.0 nm above the membrane on T cells (iPALM). The 2018 assembled model of the extended-open integrin measures 22.1 nm along its longest axis (measure_interaction_models.py) (19.2 nm),12230977,https://pubmed.ncbi.nlm.nih.gov/12230977/,Takagi J,2002,Cell,Global conformational rearrangements in integrin extracellular domains in outside-in and inside-out signaling.,,
interaction_height_rules.csv,height rule: extended,ITGB3,cited,integrins bind ligand extended; the head of LFA-1 bound to ICAM-1 sits 19.2 +/- 2.0 nm above the membrane on T cells (iPALM). The 2018 assembled model of the extended-open integrin measures 22.1 nm along its longest axis (measure_interaction_models.py) (19.2 nm),17045822,https://pubmed.ncbi.nlm.nih.gov/17045822/,Nishida N,2006,Immunity,Activation of leukocyte beta2 integrins by conversion from bent to extended conformations.,,
interaction_height_rules.csv,height rule: extended,ITGB4,cited,integrins bind ligand extended; the head of LFA-1 bound to ICAM-1 sits 19.2 +/- 2.0 nm above the membrane on T cells (iPALM). The 2018 assembled model of the extended-open integrin measures 22.1 nm along its longest axis (measure_interaction_models.py) (19.2 nm),29444440,https://pubmed.ncbi.nlm.nih.gov/29444440/,Moore TI,2018,Cell Rep,Measuring Integrin Conformational Change on the Cell Surface with Super-Resolution Microscopy.,,
interaction_height_rules.csv,height rule: extended,ITGB4,cited,integrins bind ligand extended; the head of LFA-1 bound to ICAM-1 sits 19.2 +/- 2.0 nm above the membrane on T cells (iPALM). The 2018 assembled model of the extended-open integrin measures 22.1 nm along its longest axis (measure_interaction_models.py) (19.2 nm),12230977,https://pubmed.ncbi.nlm.nih.gov/12230977/,Takagi J,2002,Cell,Global conformational rearrangements in integrin extracellular domains in outside-in and inside-out signaling.,,
interaction_height_rules.csv,height rule: extended,ITGB4,cited,integrins bind ligand extended; the head of LFA-1 bound to ICAM-1 sits 19.2 +/- 2.0 nm above the membrane on T cells (iPALM). The 2018 assembled model of the extended-open integrin measures 22.1 nm along its longest axis (measure_interaction_models.py) (19.2 nm),17045822,https://pubmed.ncbi.nlm.nih.gov/17045822/,Nishida N,2006,Immunity,Activation of leukocyte beta2 integrins by conversion from bent to extended conformations.,,
interaction_height_rules.csv,height rule: extended,ITGB5,cited,integrins bind ligand extended; the head of LFA-1 bound to ICAM-1 sits 19.2 +/- 2.0 nm above the membrane on T cells (iPALM). The 2018 assembled model of the extended-open integrin measures 22.1 nm along its longest axis (measure_interaction_models.py) (19.2 nm),29444440,https://pubmed.ncbi.nlm.nih.gov/29444440/,Moore TI,2018,Cell Rep,Measuring Integrin Conformational Change on the Cell Surface with Super-Resolution Microscopy.,,
interaction_height_rules.csv,height rule: extended,ITGB5,cited,integrins bind ligand extended; the head of LFA-1 bound to ICAM-1 sits 19.2 +/- 2.0 nm above the membrane on T cells (iPALM). The 2018 assembled model of the extended-open integrin measures 22.1 nm along its longest axis (measure_interaction_models.py) (19.2 nm),12230977,https://pubmed.ncbi.nlm.nih.gov/12230977/,Takagi J,2002,Cell,Global conformational rearrangements in integrin extracellular domains in outside-in and inside-out signaling.,,
interaction_height_rules.csv,height rule: extended,ITGB5,cited,integrins bind ligand extended; the head of LFA-1 bound to ICAM-1 sits 19.2 +/- 2.0 nm above the membrane on T cells (iPALM). The 2018 assembled model of the extended-open integrin measures 22.1 nm along its longest axis (measure_interaction_models.py) (19.2 nm),17045822,https://pubmed.ncbi.nlm.nih.gov/17045822/,Nishida N,2006,Immunity,Activation of leukocyte beta2 integrins by conversion from bent to extended conformations.,,
interaction_height_rules.csv,height rule: extended,ITGB6,cited,integrins bind ligand extended; the head of LFA-1 bound to ICAM-1 sits 19.2 +/- 2.0 nm above the membrane on T cells (iPALM). The 2018 assembled model of the extended-open integrin measures 22.1 nm along its longest axis (measure_interaction_models.py) (19.2 nm),29444440,https://pubmed.ncbi.nlm.nih.gov/29444440/,Moore TI,2018,Cell Rep,Measuring Integrin Conformational Change on the Cell Surface with Super-Resolution Microscopy.,,
interaction_height_rules.csv,height rule: extended,ITGB6,cited,integrins bind ligand extended; the head of LFA-1 bound to ICAM-1 sits 19.2 +/- 2.0 nm above the membrane on T cells (iPALM). The 2018 assembled model of the extended-open integrin measures 22.1 nm along its longest axis (measure_interaction_models.py) (19.2 nm),12230977,https://pubmed.ncbi.nlm.nih.gov/12230977/,Takagi J,2002,Cell,Global conformational rearrangements in integrin extracellular domains in outside-in and inside-out signaling.,,
interaction_height_rules.csv,height rule: extended,ITGB6,cited,integrins bind ligand extended; the head of LFA-1 bound to ICAM-1 sits 19.2 +/- 2.0 nm above the membrane on T cells (iPALM). The 2018 assembled model of the extended-open integrin measures 22.1 nm along its longest axis (measure_interaction_models.py) (19.2 nm),17045822,https://pubmed.ncbi.nlm.nih.gov/17045822/,Nishida N,2006,Immunity,Activation of leukocyte beta2 integrins by conversion from bent to extended conformations.,,
interaction_height_rules.csv,height rule: extended,ITGB7,cited,integrins bind ligand extended; the head of LFA-1 bound to ICAM-1 sits 19.2 +/- 2.0 nm above the membrane on T cells (iPALM). The 2018 assembled model of the extended-open integrin measures 22.1 nm along its longest axis (measure_interaction_models.py) (19.2 nm),29444440,https://pubmed.ncbi.nlm.nih.gov/29444440/,Moore TI,2018,Cell Rep,Measuring Integrin Conformational Change on the Cell Surface with Super-Resolution Microscopy.,,
interaction_height_rules.csv,height rule: extended,ITGB7,cited,integrins bind ligand extended; the head of LFA-1 bound to ICAM-1 sits 19.2 +/- 2.0 nm above the membrane on T cells (iPALM). The 2018 assembled model of the extended-open integrin measures 22.1 nm along its longest axis (measure_interaction_models.py) (19.2 nm),12230977,https://pubmed.ncbi.nlm.nih.gov/12230977/,Takagi J,2002,Cell,Global conformational rearrangements in integrin extracellular domains in outside-in and inside-out signaling.,,
interaction_height_rules.csv,height rule: extended,ITGB7,cited,integrins bind ligand extended; the head of LFA-1 bound to ICAM-1 sits 19.2 +/- 2.0 nm above the membrane on T cells (iPALM). The 2018 assembled model of the extended-open integrin measures 22.1 nm along its longest axis (measure_interaction_models.py) (19.2 nm),17045822,https://pubmed.ncbi.nlm.nih.gov/17045822/,Nishida N,2006,Immunity,Activation of leukocyte beta2 integrins by conversion from bent to extended conformations.,,
interaction_height_rules.csv,height rule: extended,ITGB8,cited,integrins bind ligand extended; the head of LFA-1 bound to ICAM-1 sits 19.2 +/- 2.0 nm above the membrane on T cells (iPALM). The 2018 assembled model of the extended-open integrin measures 22.1 nm along its longest axis (measure_interaction_models.py) (19.2 nm),29444440,https://pubmed.ncbi.nlm.nih.gov/29444440/,Moore TI,2018,Cell Rep,Measuring Integrin Conformational Change on the Cell Surface with Super-Resolution Microscopy.,,
interaction_height_rules.csv,height rule: extended,ITGB8,cited,integrins bind ligand extended; the head of LFA-1 bound to ICAM-1 sits 19.2 +/- 2.0 nm above the membrane on T cells (iPALM). The 2018 assembled model of the extended-open integrin measures 22.1 nm along its longest axis (measure_interaction_models.py) (19.2 nm),12230977,https://pubmed.ncbi.nlm.nih.gov/12230977/,Takagi J,2002,Cell,Global conformational rearrangements in integrin extracellular domains in outside-in and inside-out signaling.,,
interaction_height_rules.csv,height rule: extended,ITGB8,cited,integrins bind ligand extended; the head of LFA-1 bound to ICAM-1 sits 19.2 +/- 2.0 nm above the membrane on T cells (iPALM). The 2018 assembled model of the extended-open integrin measures 22.1 nm along its longest axis (measure_interaction_models.py) (19.2 nm),17045822,https://pubmed.ncbi.nlm.nih.gov/17045822/,Nishida N,2006,Immunity,Activation of leukocyte beta2 integrins by conversion from bent to extended conformations.,,
interaction_height_rules.csv,height rule: side by side,LILRB1–HLA-A;HLA-B;HLA-C;HLA-E;HLA-F;HLA-G,cited,crystal structure with HLA-A2: LILRB1 contacts the alpha3 domain and beta2-microglobulin,12897781,https://pubmed.ncbi.nlm.nih.gov/12897781/,Willcox BE,2003,Nat Immunol,"Crystal structure of HLA-A2 bound to LIR-1, a host and viral major histocompatibility complex receptor.",,
interaction_height_rules.csv,height rule: side by side,LILRB2–HLA-A;HLA-B;HLA-C;HLA-E;HLA-F;HLA-G,cited,crystal structure with HLA-G: LILRB2 binds the alpha3 domain,17056715,https://pubmed.ncbi.nlm.nih.gov/17056715/,Shiroishi M,2006,Proc Natl Acad Sci U S A,Structural basis for recognition of the nonclassical MHC molecule HLA-G by the leukocyte Ig-like receptor B2 (LILRB2/LIR2/ILT4/CD85d).,,
interaction_height_rules.csv,height rule: side by side,CD8A–HLA-A;HLA-B;HLA-C;HLA-E;HLA-F;HLA-G,cited,crystal structures of CD8alpha-alpha with HLA-A2 and CD8alpha-beta with H-2Dd: CD8 clamps the alpha3 domain loop,9177355,https://pubmed.ncbi.nlm.nih.gov/9177355/,Gao GF,1997,Nature,Crystal structure of the complex between human CD8alpha(alpha) and HLA-A2.,,
interaction_height_rules.csv,height rule: side by side,CD8A–HLA-A;HLA-B;HLA-C;HLA-E;HLA-F;HLA-G,cited,crystal structures of CD8alpha-alpha with HLA-A2 and CD8alpha-beta with H-2Dd: CD8 clamps the alpha3 domain loop,19625641,https://pubmed.ncbi.nlm.nih.gov/19625641/,Wang R,2009,J Immunol,Structural basis of the CD8 alpha beta/MHC class I interaction: focused recognition orients CD8 beta to a T cell proximal position.,,
interaction_height_rules.csv,height rule: side by side,CD8B–HLA-A;HLA-B;HLA-C;HLA-E;HLA-F;HLA-G,cited,crystal structure of CD8alpha-beta with H-2Dd: binds the alpha3 domain loop,19625641,https://pubmed.ncbi.nlm.nih.gov/19625641/,Wang R,2009,J Immunol,Structural basis of the CD8 alpha beta/MHC class I interaction: focused recognition orients CD8 beta to a T cell proximal position.,,
interaction_height_rules.csv,height rule: side by side,CD4–HLA-DRA;HLA-DRB1;HLA-DRB3;HLA-DRB4;HLA-DRB5;HLA-DPA1;HLA-DPB1;HLA-DQA1;HLA-DQA2;HLA-DQB1;HLA-DQB2,cited,crystal structures with class II MHC: CD4 binds the alpha2 and beta2 domains; CD4 and the T-cell receptor form an arch over the MHC,11535811,https://pubmed.ncbi.nlm.nih.gov/11535811/,Wang JH,2001,Proc Natl Acad Sci U S A,Crystal structure of the human CD4 N-terminal two-domain fragment complexed to a class II MHC molecule.,,
interaction_height_rules.csv,height rule: side by side,CD4–HLA-DRA;HLA-DRB1;HLA-DRB3;HLA-DRB4;HLA-DRB5;HLA-DPA1;HLA-DPB1;HLA-DQA1;HLA-DQA2;HLA-DQB1;HLA-DQB2,cited,crystal structures with class II MHC: CD4 binds the alpha2 and beta2 domains; CD4 and the T-cell receptor form an arch over the MHC,22431638,https://pubmed.ncbi.nlm.nih.gov/22431638/,Yin Y,2012,Proc Natl Acad Sci U S A,"Crystal structure of a complete ternary complex of T-cell receptor, peptide-MHC, and CD4.",,
interaction_height_rules.csv,height rule: model length,HLA-A–KLRD1,cited,"longest axis of the assembled model HA10_KLRD1, built on 3CDG (model_templates.csv) (10.88 nm)",18332182,https://pubmed.ncbi.nlm.nih.gov/18332182/,Petrie EJ,2008,J Exp Med,CD94-NKG2A recognition of human leukocyte antigen (HLA)-E bound to an HLA class I leader sequence.,,
interaction_height_rules.csv,height rule: model length,ICAM1–ITGB2;ITGAL;ITGAM,cited,"longest axis of the assembled model Integrin_ICAM1, built on 3FCS, 3FCU, 2P26, 2P28, 3TCX, 1MQ8 (model_templates.csv) (34.56 nm)",19111664,https://pubmed.ncbi.nlm.nih.gov/19111664/,Zhu J,2008,Mol Cell,Structure of a complete integrin ectodomain in a physiologic resting state and activation and deactivation by applied forces.,,
interaction_height_rules.csv,height rule: model length,ICAM1–ITGB2;ITGAL;ITGAM,cited,"longest axis of the assembled model Integrin_ICAM1, built on 3FCS, 3FCU, 2P26, 2P28, 3TCX, 1MQ8 (model_templates.csv) (34.56 nm)",17673459,https://pubmed.ncbi.nlm.nih.gov/17673459/,Shi M,2007,J Biol Chem,A structural hypothesis for the transition between bent and extended conformations of the leukocyte beta2 integrins.,,
interaction_height_rules.csv,height rule: model length,ICAM1–ITGB2;ITGAL;ITGAM,cited,"longest axis of the assembled model Integrin_ICAM1, built on 3FCS, 3FCU, 2P26, 2P28, 3TCX, 1MQ8 (model_templates.csv) (34.56 nm)",12526797,https://pubmed.ncbi.nlm.nih.gov/12526797/,Shimaoka M,2003,Cell,Structures of the alpha L I domain and its complex with ICAM-1 reveal a shape-shifting pathway for integrin regulation.,,
interaction_height_rules.csv,height rule: model length,IGSF5–F11R,cited,"longest axis of the assembled model JAM1_IGSF5, built on 1NBQ (model_templates.csv) (14.17 nm)",12697893,https://pubmed.ncbi.nlm.nih.gov/12697893/,Prota AE,2003,Proc Natl Acad Sci U S A,Crystal structure of human junctional adhesion molecule 1: implications for reovirus binding.,,
interaction_height_rules.csv,height rule: model length,F11R–F11R,cited,"longest axis of the 2026 assembled model F11R-F11R: human AlphaFold v6 ectodomains (Q9Y624 28-238, Q9Y624 28-238) superposed on chains A and B of PDB 1NBQ at 0.87 and 0.97 A (modeled_interactions_2026/interaction_models_2026.csv); the 2018 model gave 13.59 nm (13.59 nm)",12697893,https://pubmed.ncbi.nlm.nih.gov/12697893/,Prota AE,2003,Proc Natl Acad Sci U S A,Crystal structure of human junctional adhesion molecule 1: implications for reovirus binding.,,
interaction_height_rules.csv,height rule: model length,JAM2–F11R,cited,"longest axis of the assembled model JAM1_JAM2, built on 1NBQ (model_templates.csv) (14.32 nm)",12697893,https://pubmed.ncbi.nlm.nih.gov/12697893/,Prota AE,2003,Proc Natl Acad Sci U S A,Crystal structure of human junctional adhesion molecule 1: implications for reovirus binding.,,
interaction_height_rules.csv,height rule: model length,JAM3–F11R,cited,"longest axis of the assembled model JAM1_JAM3, built on 1NBQ (model_templates.csv) (13.94 nm)",12697893,https://pubmed.ncbi.nlm.nih.gov/12697893/,Prota AE,2003,Proc Natl Acad Sci U S A,Crystal structure of human junctional adhesion molecule 1: implications for reovirus binding.,,
interaction_height_rules.csv,height rule: model length,PLXNB1–SEMA4D,cited,"longest axis of the 2026 assembled model PLXNB1-SEMA4D: human AlphaFold v6 ectodomains (O43157 26-1477, Q92854 24-734) superposed on chains B and A of PDB 3OL2 at 0.61 and 0.34 A (modeled_interactions_2026/interaction_models_2026.csv); the 2018 model gave 24.57 nm (24.57 nm)",20877282,https://pubmed.ncbi.nlm.nih.gov/20877282/,Janssen BJ,2010,Nature,Structural basis of semaphorin-plexin signalling.,,
interaction_height_rules.csv,height rule: model length,PLXNB2–SEMA4D,cited,"longest axis of the assembled model SEM4D_PLXB2, built on 3AL8 (model_templates.csv) (20.79 nm)",20881961,https://pubmed.ncbi.nlm.nih.gov/20881961/,Nogi T,2010,Nature,Structural basis for semaphorin signalling through the plexin receptor.,,
interaction_height_rules.csv,height rule: model length,PLXNB3–SEMA4D,cited,"longest axis of the assembled model SEM4D_PLXB3, built on 3AL8 (model_templates.csv) (20.54 nm)",20881961,https://pubmed.ncbi.nlm.nih.gov/20881961/,Nogi T,2010,Nature,Structural basis for semaphorin signalling through the plexin receptor.,,
interaction_height_rules.csv,height rule: model length,CD47–SIRPA,cited,"longest axis of the 2026 assembled model CD47-SIRPA: human AlphaFold v6 ectodomains (Q08722 19-141, P78324 33-373) superposed on chains C and A of PDB 2JJS at 0.35 and 0.39 A (modeled_interactions_2026/interaction_models_2026.csv); the 2018 model gave 15.93 nm (15.93 nm)",18657508,https://pubmed.ncbi.nlm.nih.gov/18657508/,Hatherley D,2008,Mol Cell,Paired receptor specificity explained by structures of signal regulatory proteins alone and complexed with CD47.,,
interaction_height_rules.csv,height rule: model length,PDCD1–CD274,cited,"longest axis of the 2026 assembled model PDCD1-CD274: human AlphaFold v6 ectodomains (Q15116 30-170, Q9NZQ7 19-230) superposed on chains B and A of PDB 4ZQK at 0.46 and 0.43 A (modeled_interactions_2026/interaction_models_2026.csv); the 2018 model gave 13.54 nm (13.54 nm)",26602187,https://pubmed.ncbi.nlm.nih.gov/26602187/,Zak KM,2015,Structure,"Structure of the Complex of Human Programmed Death 1, PD-1, and Its Ligand PD-L1.",,
interaction_height_rules.csv,height rule: model length,CLEC2D–KLRB1,cited,"longest axis of the 2026 assembled model CLEC2D-KLRB1: human AlphaFold v6 ectodomains (Q9UHP7 72-190, Q12918 67-215) superposed on chains A and C of PDB 5MGT at 0.28 and 0.3 A (modeled_interactions_2026/interaction_models_2026.csv); the 2018 model gave 9.21 nm (9.21 nm)",36028489,https://pubmed.ncbi.nlm.nih.gov/36028489/,Bláha J,2022,Nat Commun,Structure of the human NK cell NKR-P1:LLT1 receptor:ligand complex reveals clustering in the immune synapse.,,
interaction_height_rules.csv,height rule: model length,COL13A1–ITGB1,cited,"longest axis of the assembled model integrin_extended_open_collagen, built on 3FCS, 3FCU, 2P26, 2P28, 1DZI (model_templates.csv) (21.92 nm)",19111664,https://pubmed.ncbi.nlm.nih.gov/19111664/,Zhu J,2008,Mol Cell,Structure of a complete integrin ectodomain in a physiologic resting state and activation and deactivation by applied forces.,,
interaction_height_rules.csv,height rule: model length,COL13A1–ITGB1,cited,"longest axis of the assembled model integrin_extended_open_collagen, built on 3FCS, 3FCU, 2P26, 2P28, 1DZI (model_templates.csv) (21.92 nm)",17673459,https://pubmed.ncbi.nlm.nih.gov/17673459/,Shi M,2007,J Biol Chem,A structural hypothesis for the transition between bent and extended conformations of the leukocyte beta2 integrins.,,
interaction_height_rules.csv,height rule: model length,COL13A1–ITGB1,cited,"longest axis of the assembled model integrin_extended_open_collagen, built on 3FCS, 3FCU, 2P26, 2P28, 1DZI (model_templates.csv) (21.92 nm)",10778855,https://pubmed.ncbi.nlm.nih.gov/10778855/,Emsley J,2000,Cell,Structural basis of collagen recognition by integrin alpha2beta1.,,
interaction_height_rules.csv,height rule: model length,ICAM2–ITGB2;ITGAL;ITGAM,cited,"longest axis of the assembled model integrin_extended_open_icam2, built on 3FCS, 3FCU, 2P26, 2P28, 3TCX, 1ZXQ (model_templates.csv) (25.39 nm)",19111664,https://pubmed.ncbi.nlm.nih.gov/19111664/,Zhu J,2008,Mol Cell,Structure of a complete integrin ectodomain in a physiologic resting state and activation and deactivation by applied forces.,,
interaction_height_rules.csv,height rule: model length,ICAM2–ITGB2;ITGAL;ITGAM,cited,"longest axis of the assembled model integrin_extended_open_icam2, built on 3FCS, 3FCU, 2P26, 2P28, 3TCX, 1ZXQ (model_templates.csv) (25.39 nm)",17673459,https://pubmed.ncbi.nlm.nih.gov/17673459/,Shi M,2007,J Biol Chem,A structural hypothesis for the transition between bent and extended conformations of the leukocyte beta2 integrins.,,
interaction_height_rules.csv,height rule: model length,ICAM2–ITGB2;ITGAL;ITGAM,cited,"longest axis of the assembled model integrin_extended_open_icam2, built on 3FCS, 3FCU, 2P26, 2P28, 3TCX, 1ZXQ (model_templates.csv) (25.39 nm)",9153399,https://pubmed.ncbi.nlm.nih.gov/9153399/,Casasnovas JM,1997,Nature,Crystal structure of ICAM-2 reveals a distinctive integrin recognition surface.,,
interaction_height_rules.csv,height rule: model length,HLA-E–KLRD1,cited,"longest axis of the 2026 assembled model HLA-E-KLRD1: human AlphaFold v6 ectodomains (P13747 22-298, Q13241 32-179) superposed on chains A and E of PDB 3CDG at 0.81 and 0.49 A (modeled_interactions_2026/interaction_models_2026.csv); the 2018 model gave 10.86 nm (10.86 nm)",18332182,https://pubmed.ncbi.nlm.nih.gov/18332182/,Petrie EJ,2008,J Exp Med,CD94-NKG2A recognition of human leukocyte antigen (HLA)-E bound to an HLA class I leader sequence.,,
interaction_height_rules.csv,height rule: model length,HLA-A–KIR3DL2,cited,"longest axis of the assembled model Kir3dl2_H2-Q10, built on 3CDG (model_templates.csv) (13.25 nm)",18332182,https://pubmed.ncbi.nlm.nih.gov/18332182/,Petrie EJ,2008,J Exp Med,CD94-NKG2A recognition of human leukocyte antigen (HLA)-E bound to an HLA class I leader sequence.,,
interaction_height_rules.csv,height rule: model length,HLA-E–KIR3DL2,cited,"longest axis of the assembled model Kir3dl2_H2-K1, built on 3CDG (model_templates.csv) (13.36 nm)",18332182,https://pubmed.ncbi.nlm.nih.gov/18332182/,Petrie EJ,2008,J Exp Med,CD94-NKG2A recognition of human leukocyte antigen (HLA)-E bound to an HLA class I leader sequence.,,
interaction_height_rules.csv,height rule: model length,HLA-A–KLRC2,cited,"longest axis of the assembled model Klrc2_H2-Q10, built on 3CDG (model_templates.csv) (10.59 nm)",18332182,https://pubmed.ncbi.nlm.nih.gov/18332182/,Petrie EJ,2008,J Exp Med,CD94-NKG2A recognition of human leukocyte antigen (HLA)-E bound to an HLA class I leader sequence.,,
interaction_height_rules.csv,height rule: model length,ICAM2–ICAM1,cited,"longest axis of the assembled model ICAM1_ICAM2, built on 1ZXQ (model_templates.csv) (21.47 nm)",9153399,https://pubmed.ncbi.nlm.nih.gov/9153399/,Casasnovas JM,1997,Nature,Crystal structure of ICAM-2 reveals a distinctive integrin recognition surface.,,
interaction_height_rules.csv,height rule: model length,CD86–CD28,cited,"longest axis of the assembled model cd28_cd86, built on 1I85 (model_templates.csv) (11.12 nm)",11279501,https://pubmed.ncbi.nlm.nih.gov/11279501/,Schwartz JC,2001,Nature,Structural basis for co-stimulation by the human CTLA-4/B7-2 complex.,,
interaction_height_rules.csv,height rule: model length,CDH8–CDH2,cited,"longest axis of the assembled model cdh2_cdh8, built on 3Q2W (model_templates.csv) (36.77 nm)",21300292,https://pubmed.ncbi.nlm.nih.gov/21300292/,Harrison OJ,2011,Structure,The extracellular architecture of adherens junctions revealed by crystal structures of type I cadherins.,,
interaction_height_rules.csv,height rule: model length,COL17A1–ITGA6,cited,"longest axis of the assembled model integrin_extended_open_collagen, built on 3FCS, 3FCU, 2P26, 2P28, 1DZI (model_templates.csv) (21.92 nm)",19111664,https://pubmed.ncbi.nlm.nih.gov/19111664/,Zhu J,2008,Mol Cell,Structure of a complete integrin ectodomain in a physiologic resting state and activation and deactivation by applied forces.,,
interaction_height_rules.csv,height rule: model length,COL17A1–ITGA6,cited,"longest axis of the assembled model integrin_extended_open_collagen, built on 3FCS, 3FCU, 2P26, 2P28, 1DZI (model_templates.csv) (21.92 nm)",17673459,https://pubmed.ncbi.nlm.nih.gov/17673459/,Shi M,2007,J Biol Chem,A structural hypothesis for the transition between bent and extended conformations of the leukocyte beta2 integrins.,,
interaction_height_rules.csv,height rule: model length,COL17A1–ITGA6,cited,"longest axis of the assembled model integrin_extended_open_collagen, built on 3FCS, 3FCU, 2P26, 2P28, 1DZI (model_templates.csv) (21.92 nm)",10778855,https://pubmed.ncbi.nlm.nih.gov/10778855/,Emsley J,2000,Cell,Structural basis of collagen recognition by integrin alpha2beta1.,,
cis_pairs.csv,cis pair (protease and substrate),ADAM10–BTC,cited,ADAM10 is the main protease releasing betacellulin,14993236,https://pubmed.ncbi.nlm.nih.gov/14993236/,Sahin U,2004,J Cell Biol,Distinct roles for ADAM10 and ADAM17 in ectodomain shedding of six EGFR ligands.,,
cis_pairs.csv,cis pair (protease and substrate),ADAM10–DLL4,cited,no paper found that shows ADAM10 cutting DLL4; ADAM10 cuts DLL1,12794186,https://pubmed.ncbi.nlm.nih.gov/12794186/,Six E,2003,Proc Natl Acad Sci U S A,The Notch ligand Delta1 is sequentially cleaved by an ADAM protease and gamma-secretase.,,
cis_pairs.csv,cis pair (protease and substrate),ADAM10–DLL4,cited,no paper found that shows ADAM10 cutting DLL4; ADAM10 cuts DLL1,17107962,https://pubmed.ncbi.nlm.nih.gov/17107962/,Dyczynska E,2007,J Biol Chem,Proteolytic processing of delta-like 1 by ADAM proteases.,,
cis_pairs.csv,cis pair (protease and substrate),ADAM10–EGF,cited,ADAM10 is the main protease releasing EGF,14993236,https://pubmed.ncbi.nlm.nih.gov/14993236/,Sahin U,2004,J Cell Biol,Distinct roles for ADAM10 and ADAM17 in ectodomain shedding of six EGFR ligands.,,
cis_pairs.csv,cis pair (protease and substrate),ADAM10–NOTCH1,cited,"STRING cis, experimental evidence >= 400",19726682,https://pubmed.ncbi.nlm.nih.gov/19726682/,van Tetering G,2009,J Biol Chem,Metalloprotease ADAM10 is required for Notch1 site 2 cleavage.,,
cis_pairs.csv,cis pair (protease and substrate),ADAM10–NOTCH1,cited,"STRING cis, experimental evidence >= 400",19704010,https://pubmed.ncbi.nlm.nih.gov/19704010/,Bozkulak EC,2009,Mol Cell Biol,Selective use of ADAM10 and ADAM17 in activation of Notch1 signaling.,,
cis_pairs.csv,cis pair (protease and substrate),ADAM10–NOTCH1,cited,"STRING cis, experimental evidence >= 400",10882062,https://pubmed.ncbi.nlm.nih.gov/10882062/,Mumm JS,2000,Mol Cell,A ligand-induced extracellular cleavage regulates gamma-secretase-like proteolytic activation of Notch1.,,
cis_pairs.csv,cis pair (protease and substrate),ADAM10–NOTCH1,cited,"STRING cis, experimental evidence >= 400",26051539,https://pubmed.ncbi.nlm.nih.gov/26051539/,Gordon WR,2015,Dev Cell,Mechanical Allostery: Evidence for a Force Requirement in the Proteolytic Activation of Notch.,,
cis_pairs.csv,cis pair (protease and substrate),ADAM10–NOTCH1,cited,"STRING cis, experimental evidence >= 400",23704575,https://pubmed.ncbi.nlm.nih.gov/23704575/,Wang X,2013,Science,Defining single molecular forces required to activate integrin and notch signaling.,,
cis_pairs.csv,cis pair (protease and substrate),ADAM10–NOTCH1,cited,"STRING cis, experimental evidence >= 400",23091066,https://pubmed.ncbi.nlm.nih.gov/23091066/,Dornier E,2012,J Cell Biol,TspanC8 tetraspanins regulate ADAM10/Kuzbanian trafficking and promote Notch activation in flies and mammals.,,
cis_pairs.csv,cis pair (protease and substrate),ADAM10–NOTCH1,cited,"STRING cis, experimental evidence >= 400",26686862,https://pubmed.ncbi.nlm.nih.gov/26686862/,Jouannet S,2016,Cell Mol Life Sci,"TspanC8 tetraspanins differentially regulate the cleavage of ADAM10 substrates, Notch activation and ADAM10 membrane compartmentalization.",,
cis_pairs.csv,cis pair (protease and substrate),ADAM10–NOTCH1,cited,"STRING cis, experimental evidence >= 400",29224781,https://pubmed.ncbi.nlm.nih.gov/29224781/,Seegar TCM,2017,Cell,Structural Basis for Regulated Proteolysis by the α-Secretase ADAM10.,,
cis_pairs.csv,cis pair (protease and substrate),ADAM10–NRG1,cited,ADAM10 cuts NRG1 types I and III next to the BACE1 site,21576249,https://pubmed.ncbi.nlm.nih.gov/21576249/,Luo X,2011,J Biol Chem,Cleavage of neuregulin-1 by BACE1 or ADAM10 protein produces differential effects on myelination.,,
cis_pairs.csv,cis pair (protease and substrate),ADAM10–NRG1,cited,ADAM10 cuts NRG1 types I and III next to the BACE1 site,23637177,https://pubmed.ncbi.nlm.nih.gov/23637177/,Fleck D,2013,J Neurosci,Dual cleavage of neuregulin 1 type III by BACE1 and ADAM17 liberates its EGF-like domain and allows paracrine signaling.,,
cis_pairs.csv,cis pair (protease and substrate),ADAM17–EPGN,cited,releasing epigen requires ADAM17,17169360,https://pubmed.ncbi.nlm.nih.gov/17169360/,Sahin U,2007,FEBS Lett,Ectodomain shedding of the EGF-receptor ligand epigen is mediated by ADAM17.,,
cis_pairs.csv,cis pair (protease and substrate),ADAM17–EREG,cited,ADAM17 is the main protease releasing epiregulin,14993236,https://pubmed.ncbi.nlm.nih.gov/14993236/,Sahin U,2004,J Cell Biol,Distinct roles for ADAM10 and ADAM17 in ectodomain shedding of six EGFR ligands.,,
cis_pairs.csv,cis pair (protease and substrate),ADAM17–HBEGF,cited,ADAM17 is the main protease releasing HB-EGF,14993236,https://pubmed.ncbi.nlm.nih.gov/14993236/,Sahin U,2004,J Cell Biol,Distinct roles for ADAM10 and ADAM17 in ectodomain shedding of six EGFR ligands.,,
cis_pairs.csv,cis pair (protease and substrate),ADAM17–NRG1,cited,"ADAM17 releases transmembrane NRG1, and cuts type III on both sides of its EGF domain",11083924,https://pubmed.ncbi.nlm.nih.gov/11083924/,Montero JC,2000,Mol Cell Neurosci,Differential shedding of transmembrane neuregulin isoforms by the tumor necrosis factor-alpha-converting enzyme.,,
cis_pairs.csv,cis pair (protease and substrate),ADAM17–NRG1,cited,"ADAM17 releases transmembrane NRG1, and cuts type III on both sides of its EGF domain",23637177,https://pubmed.ncbi.nlm.nih.gov/23637177/,Fleck D,2013,J Neurosci,Dual cleavage of neuregulin 1 type III by BACE1 and ADAM17 liberates its EGF-like domain and allows paracrine signaling.,,
cis_pairs.csv,cis pair (protease and substrate),ADAM17–TGFA,cited,ADAM17 is the main protease releasing TGF-alpha,14993236,https://pubmed.ncbi.nlm.nih.gov/14993236/,Sahin U,2004,J Cell Biol,Distinct roles for ADAM10 and ADAM17 in ectodomain shedding of six EGFR ligands.,,
cis_pairs.csv,cis pair (protease and substrate),APP–ADAM17,cited,"STRING cis, experimental evidence >= 400",9774383,https://pubmed.ncbi.nlm.nih.gov/9774383/,Buxbaum JD,1998,J Biol Chem,Evidence that tumor necrosis factor alpha converting enzyme is involved in regulated alpha-secretase cleavage of the Alzheimer amyloid protein precursor.,,
cis_pairs.csv,cis pair (protease and substrate),APP–ADAM17,cited,"STRING cis, experimental evidence >= 400",20676056,https://pubmed.ncbi.nlm.nih.gov/20676056/,Kuhn PH,2010,EMBO J,"ADAM10 is the physiologically relevant, constitutive alpha-secretase of the amyloid precursor protein in primary neurons.",,
cis_pairs.csv,cis pair (protease and substrate),APP–BACE1,cited,"STRING cis, experimental evidence >= 400",10531052,https://pubmed.ncbi.nlm.nih.gov/10531052/,Vassar R,1999,Science,Beta-secretase cleavage of Alzheimer's amyloid precursor protein by the transmembrane aspartic protease BACE.,,
cis_pairs.csv,cis pair (protease and substrate),APP–BACE1,cited,"STRING cis, experimental evidence >= 400",23931995,https://pubmed.ncbi.nlm.nih.gov/23931995/,Das U,2013,Neuron,Activity-induced convergence of APP and BACE-1 in acidic microdomains via an endocytosis-dependent pathway.,,
cis_pairs.csv,cis pair (protease and substrate),APP–BACE1,cited,"STRING cis, experimental evidence >= 400",12515826,https://pubmed.ncbi.nlm.nih.gov/12515826/,Ehehalt R,2003,J Cell Biol,Amyloidogenic processing of the Alzheimer beta-amyloid precursor protein depends on lipid rafts.,,
cis_pairs.csv,cis pair (protease and substrate),APP–BACE1,cited,"STRING cis, experimental evidence >= 400",14504402,https://pubmed.ncbi.nlm.nih.gov/14504402/,Cordy JM,2003,Proc Natl Acad Sci U S A,Exclusively targeting beta-secretase to lipid rafts by GPI-anchor addition up-regulates beta-site processing of the amyloid precursor protein.,,
cis_pairs.csv,cis pair (protease and substrate),APP–NCSTN,cited,"STRING cis, experimental evidence >= 400",10993067,https://pubmed.ncbi.nlm.nih.gov/10993067/,Yu G,2000,Nature,Nicastrin modulates presenilin-mediated notch/glp-1 signal transduction and betaAPP processing.,,
cis_pairs.csv,cis pair (protease and substrate),APP–NCSTN,cited,"STRING cis, experimental evidence >= 400",16096062,https://pubmed.ncbi.nlm.nih.gov/16096062/,Shah S,2005,Cell,Nicastrin functions as a gamma-secretase-substrate receptor.,,
cis_pairs.csv,cis pair (protease and substrate),APP–NCSTN,cited,"STRING cis, experimental evidence >= 400",30630874,https://pubmed.ncbi.nlm.nih.gov/30630874/,Zhou R,2019,Science,Recognition of the amyloid precursor protein by human γ-secretase.,,
cis_pairs.csv,cis pair (protease and substrate),APP–NCSTN,cited,"STRING cis, experimental evidence >= 400",15322084,https://pubmed.ncbi.nlm.nih.gov/15322084/,Vetrivel KS,2004,J Biol Chem,Association of gamma-secretase with lipid rafts in post-Golgi and endosome membranes.,,
cis_pairs.csv,cis pair (protease and substrate),BACE1–NRG1,cited,"BACE1 cuts axonal NRG1 type III, which signals to Schwann cells to myelinate",16990514,https://pubmed.ncbi.nlm.nih.gov/16990514/,Willem M,2006,Science,Control of peripheral nerve myelination by the beta-secretase BACE1.,,
cis_pairs.csv,cis pair (protease and substrate),BACE1–NRG1,cited,"BACE1 cuts axonal NRG1 type III, which signals to Schwann cells to myelinate",17099708,https://pubmed.ncbi.nlm.nih.gov/17099708/,Hu X,2006,Nat Neurosci,Bace1 modulates myelination in the central and peripheral nervous system.,,
cis_pairs.csv,cis pair (protease and substrate),BACE1–NRG1,cited,"BACE1 cuts axonal NRG1 type III, which signals to Schwann cells to myelinate",21576249,https://pubmed.ncbi.nlm.nih.gov/21576249/,Luo X,2011,J Biol Chem,Cleavage of neuregulin-1 by BACE1 or ADAM10 protein produces differential effects on myelination.,,
cis_pairs.csv,cis pair (protease and substrate),BACE1–NRG1,cited,"BACE1 cuts axonal NRG1 type III, which signals to Schwann cells to myelinate",23637177,https://pubmed.ncbi.nlm.nih.gov/23637177/,Fleck D,2013,J Neurosci,Dual cleavage of neuregulin 1 type III by BACE1 and ADAM17 liberates its EGF-like domain and allows paracrine signaling.,,
cis_pairs.csv,cis pair (protease and substrate),DLL1–ADAM10,cited,"STRING cis, experimental evidence >= 400",12794186,https://pubmed.ncbi.nlm.nih.gov/12794186/,Six E,2003,Proc Natl Acad Sci U S A,The Notch ligand Delta1 is sequentially cleaved by an ADAM protease and gamma-secretase.,,
cis_pairs.csv,cis pair (protease and substrate),DLL1–ADAM10,cited,"STRING cis, experimental evidence >= 400",17107962,https://pubmed.ncbi.nlm.nih.gov/17107962/,Dyczynska E,2007,J Biol Chem,Proteolytic processing of delta-like 1 by ADAM proteases.,,
cis_pairs.csv,cis pair (protease and substrate),JAG1–ADAM17,cited,"STRING cis, experimental evidence >= 400",20819075,https://pubmed.ncbi.nlm.nih.gov/20819075/,Parr-Sturgess CA,2010,Biochem J,"Ectodomain shedding of the Notch ligand Jagged1 is mediated by ADAM17, but is not a lipid-raft-associated event.",,
cis_pairs.csv,cis pair (protease and substrate),JAG1–ADAM17,cited,"STRING cis, experimental evidence >= 400",12826675,https://pubmed.ncbi.nlm.nih.gov/12826675/,LaVoie MJ,2003,J Biol Chem,"The Notch ligands, Jagged and Delta, are sequentially processed by alpha-secretase and presenilin/gamma-secretase and release signaling fragments.",,
cis_pairs.csv,cis pair (protease and substrate),NOTCH1–ADAM17,cited,"STRING cis, experimental evidence >= 400",10882063,https://pubmed.ncbi.nlm.nih.gov/10882063/,Brou C,2000,Mol Cell,A novel proteolytic cleavage involved in Notch signaling: the role of the disintegrin-metalloprotease TACE.,,
cis_pairs.csv,cis pair (protease and substrate),NOTCH1–ADAM17,cited,"STRING cis, experimental evidence >= 400",19704010,https://pubmed.ncbi.nlm.nih.gov/19704010/,Bozkulak EC,2009,Mol Cell Biol,Selective use of ADAM10 and ADAM17 in activation of Notch1 signaling.,,
cis_pairs.csv,cis pair (binding),CADM3–CADM2,cited,"both on axons, each binding CADM4 on Schwann cells; whether they bind each other in cis or across a contact is not settled",18003830,https://pubmed.ncbi.nlm.nih.gov/18003830/,Fogel AI,2007,J Neurosci,SynCAMs organize synapses through heterophilic adhesion.,,
cis_pairs.csv,cis pair (binding),CADM3–CADM2,cited,"both on axons, each binding CADM4 on Schwann cells; whether they bind each other in cis or across a contact is not settled",33397712,https://pubmed.ncbi.nlm.nih.gov/33397712/,Sukhanov N,2021,J Neurosci,Differential Contribution of Cadm1-Cadm3 Cell Adhesion Molecules to Peripheral Myelinated Axons.,,
cis_pairs.csv,cis pair (binding),CADM3–CADM2,cited,"both on axons, each binding CADM4 on Schwann cells; whether they bind each other in cis or across a contact is not settled",32589946,https://pubmed.ncbi.nlm.nih.gov/32589946/,Verschueren E,2020,Cell,The Immunoglobulin Superfamily Receptome Defines Cancer-Relevant Networks Associated with Clinical Outcome.,,
cis_pairs.csv,cis pair (binding),CD80–CD274,cited,PD-L1 bends on its stalk to bind CD80 on the same cell; no binding between cells,29871885,https://pubmed.ncbi.nlm.nih.gov/29871885/,Chaudhri A,2018,Cancer Immunol Res,PD-L1 Binds to B7-1 Only In Cis on the Same Cell Surface.,,
cis_pairs.csv,cis pair (binding),CD80–CD274,cited,PD-L1 bends on its stalk to bind CD80 on the same cell; no binding between cells,31000591,https://pubmed.ncbi.nlm.nih.gov/31000591/,Sugiura D,2019,Science,Restriction of PD-1 function by cis-PD-L1/CD80 interactions is required for optimal T cell responses.,,
cis_pairs.csv,cis pair (binding),CD80–CD274,cited,PD-L1 bends on its stalk to bind CD80 on the same cell; no binding between cells,31757674,https://pubmed.ncbi.nlm.nih.gov/31757674/,Zhao Y,2019,Immunity,PD-L1:CD80 Cis-Heterodimer Triggers the Co-stimulatory Receptor CD28 While Repressing the Inhibitory PD-1 and CTLA-4 Pathways.,,
cis_pairs.csv,cis pair (binding),CDH2–CDON,cited,a complex at contacts between myoblasts that forms without cadherin adhesion,12634428,https://pubmed.ncbi.nlm.nih.gov/12634428/,Kang JS,2003,Proc Natl Acad Sci U S A,Promyogenic members of the Ig and cadherin families associate to positively regulate differentiation.,,
cis_pairs.csv,cis pair (binding),EGFR–L1CAM,cited,L1CAM bound to L1CAM across a contact switches on EGFR on the same cell,14718570,https://pubmed.ncbi.nlm.nih.gov/14718570/,Islam R,2004,Mol Biol Cell,Activation of EGF receptor kinase by L1-mediated homophilic cell interactions.,,
cis_pairs.csv,cis pair (binding),EGFR–L1CAM,cited,L1CAM bound to L1CAM across a contact switches on EGFR on the same cell,22815787,https://pubmed.ncbi.nlm.nih.gov/22815787/,Donier E,2012,PLoS One,L1CAM binds ErbB receptors through Ig-like domains coupling cell adhesion and neuregulin signalling.,,
cis_pairs.csv,cis pair (binding),FGFR1–NCAM1,cited,direct binding; same cell or across a contact not settled,12791257,https://pubmed.ncbi.nlm.nih.gov/12791257/,Kiselyov VV,2003,Structure,Structural basis for a direct interaction between FGFR1 and NCAM and evidence for a regulatory role of ATP.,,
cis_pairs.csv,cis pair (binding),FGFR1–NCAM1,cited,direct binding; same cell or across a contact not settled,20038681,https://pubmed.ncbi.nlm.nih.gov/20038681/,Francavilla C,2009,J Cell Biol,The binding of NCAM to FGFR1 induces a specific cellular response mediated by receptor trafficking.,,
cis_pairs.csv,cis pair (binding),ITGA5–ENG,cited,a complex on endothelial cells; endoglin also binds the integrin on neighbouring mural cells,22940691,https://pubmed.ncbi.nlm.nih.gov/22940691/,Tian H,2012,EMBO J,Endoglin mediates fibronectin/α5β1 integrin and TGF-β pathway crosstalk in endothelial cells.,,
cis_pairs.csv,cis pair (binding),ITGA5–ENG,cited,a complex on endothelial cells; endoglin also binds the integrin on neighbouring mural cells,26646071,https://pubmed.ncbi.nlm.nih.gov/26646071/,Rossi E,2016,Cell Mol Life Sci,Endoglin regulates mural cell adhesion in the circulatory system.,,
cis_pairs.csv,cis pair (binding),LSAMP–NEGR1,cited,IgLON family: binding across a contact and on one membrane both proposed,30956130,https://pubmed.ncbi.nlm.nih.gov/30956130/,Ranaivoson FM,2019,Structure,A Proteomic Screen of Neuronal Cell-Surface Molecules Reveals IgLONs as Structurally Conserved Interaction Modules at the Synapse.,,
cis_pairs.csv,cis pair (binding),LSAMP–NEGR1,cited,IgLON family: binding across a contact and on one membrane both proposed,32710982,https://pubmed.ncbi.nlm.nih.gov/32710982/,Venkannagari H,2020,J Mol Biol,Highly Conserved Molecular Features in IgLONs Contrast Their Distinct Structural and Biological Outcomes.,,
cis_pairs.csv,cis pair (binding),NEGR1–NTM,cited,IgLON family: binding across a contact and on one membrane both proposed,30956130,https://pubmed.ncbi.nlm.nih.gov/30956130/,Ranaivoson FM,2019,Structure,A Proteomic Screen of Neuronal Cell-Surface Molecules Reveals IgLONs as Structurally Conserved Interaction Modules at the Synapse.,,
cis_pairs.csv,cis pair (binding),NEGR1–NTM,cited,IgLON family: binding across a contact and on one membrane both proposed,32710982,https://pubmed.ncbi.nlm.nih.gov/32710982/,Venkannagari H,2020,J Mol Biol,Highly Conserved Molecular Features in IgLONs Contrast Their Distinct Structural and Biological Outcomes.,,
model_templates.csv,assembled model template PDB 5J6G,HA10_KLRA3 (no human pair),cited,PDB 5J6G: Recognition of the MHC class Ib molecule H2-Q10 by the natural killer cell receptor Ly49C; chain G superposes on the model at 0.52 A over 97 of 122 CA,27385590,https://pubmed.ncbi.nlm.nih.gov/27385590/,Sullivan LC,2016,J Biol Chem,Recognition of the Major Histocompatibility Complex (MHC) Class Ib Molecule H2-Q10 by the Natural Killer Cell Receptor Ly49C.,,
model_templates.csv,assembled model template PDB 3CDG,HA10_KLRD1 (KLRD1–HLA-A),cited,PDB 3CDG: Human CD94/NKG2A in complex with HLA-E; chain J superposes on the model at 0.46 A over 112 of 123 CA,18332182,https://pubmed.ncbi.nlm.nih.gov/18332182/,Petrie EJ,2008,J Exp Med,CD94-NKG2A recognition of human leukocyte antigen (HLA)-E bound to an HLA class I leader sequence.,,
model_templates.csv,assembled model template PDB 3FCS,Integrin_ICAM1 (ITGB2–ICAM1),cited,PDB 3FCS: Structure of complete ectodomain of integrin aIIBb3; chain D superposes on the model at 0.01 A over 462 of 606 CA,19111664,https://pubmed.ncbi.nlm.nih.gov/19111664/,Zhu J,2008,Mol Cell,Structure of a complete integrin ectodomain in a physiologic resting state and activation and deactivation by applied forces.,,
model_templates.csv,assembled model template PDB 3FCU,Integrin_ICAM1 (ITGB2–ICAM1),cited,PDB 3FCU: Structure of headpiece of integrin aIIBb3 in open conformation; chain A superposes on the model at 0.21 A over 384 of 458 CA,19111664,https://pubmed.ncbi.nlm.nih.gov/19111664/,Zhu J,2008,Mol Cell,Structure of a complete integrin ectodomain in a physiologic resting state and activation and deactivation by applied forces.,,
model_templates.csv,assembled model template PDB 2P26,Integrin_ICAM1 (ITGB2–ICAM1),cited,PDB 2P26: Structure of the PHE2 and PHE3 fragments of the integrin beta2 subunit; chain A superposes on the model at 3.64 A over 164 of 285 CA,17673459,https://pubmed.ncbi.nlm.nih.gov/17673459/,Shi M,2007,J Biol Chem,A structural hypothesis for the transition between bent and extended conformations of the leukocyte beta2 integrins.,,
model_templates.csv,assembled model template PDB 2P28,Integrin_ICAM1 (ITGB2–ICAM1),cited,PDB 2P28: Structure of the PHE2 and PHE3 fragments of the integrin beta2 subunit; chain A superposes on the model at 1.65 A over 72 of 96 CA,17673459,https://pubmed.ncbi.nlm.nih.gov/17673459/,Shi M,2007,J Biol Chem,A structural hypothesis for the transition between bent and extended conformations of the leukocyte beta2 integrins.,,
model_templates.csv,assembled model template PDB 3TCX,Integrin_ICAM1 (ITGB2–ICAM1),"PDB entry, no publication",PDB 3TCX: Structure of Engineered Single Domain ICAM-1 D1 with High-Affinity aL Integrin I Domain of Native C-Terminal Helix Conformation; chain G superposes on the model at 0.79 A over 71 of 85 CA; deposited without a publication,,,,,,,,
model_templates.csv,assembled model template PDB 1MQ8,Integrin_ICAM1 (ITGB2–ICAM1),cited,PDB 1MQ8: Crystal structure of alphaL I domain in complex with ICAM-1; chain A superposes on the model at 1.06 A over 161 of 184 CA; published structure of the same alphaL I domain-ICAM-1 D1 complex as the unpublished 3TCX; not itself in the model,12526797,https://pubmed.ncbi.nlm.nih.gov/12526797/,Shimaoka M,2003,Cell,Structures of the alpha L I domain and its complex with ICAM-1 reveal a shape-shifting pathway for integrin regulation.,,
model_templates.csv,assembled model template PDB 1NBQ,JAM1_IGSF5 (F11R–IGSF5),cited,PDB 1NBQ: Crystal Structure of Human Junctional Adhesion Molecule Type 1; chain A superposes on the model at 0.78 A over 190 of 209 CA,12697893,https://pubmed.ncbi.nlm.nih.gov/12697893/,Prota AE,2003,Proc Natl Acad Sci U S A,Crystal structure of human junctional adhesion molecule 1: implications for reovirus binding.,,
model_templates.csv,assembled model template PDB 1NBQ,JAM1_JAM1 (F11R–F11R),cited,PDB 1NBQ: Crystal Structure of Human Junctional Adhesion Molecule Type 1; chain A superposes on the model at 0.78 A over 191 of 209 CA,12697893,https://pubmed.ncbi.nlm.nih.gov/12697893/,Prota AE,2003,Proc Natl Acad Sci U S A,Crystal structure of human junctional adhesion molecule 1: implications for reovirus binding.,,
model_templates.csv,assembled model template PDB 1NBQ,JAM1_JAM2 (F11R–JAM2),cited,PDB 1NBQ: Crystal Structure of Human Junctional Adhesion Molecule Type 1; chain A superposes on the model at 0.78 A over 190 of 209 CA,12697893,https://pubmed.ncbi.nlm.nih.gov/12697893/,Prota AE,2003,Proc Natl Acad Sci U S A,Crystal structure of human junctional adhesion molecule 1: implications for reovirus binding.,,
model_templates.csv,assembled model template PDB 1NBQ,JAM1_JAM3 (F11R–JAM3),cited,PDB 1NBQ: Crystal Structure of Human Junctional Adhesion Molecule Type 1; chain A superposes on the model at 0.78 A over 190 of 209 CA,12697893,https://pubmed.ncbi.nlm.nih.gov/12697893/,Prota AE,2003,Proc Natl Acad Sci U S A,Crystal structure of human junctional adhesion molecule 1: implications for reovirus binding.,,
model_templates.csv,assembled model template PDB 3AL8,SEM4D_PLXB1 (SEMA4D–PLXNB1),cited,"PDB 3AL8: Plexin A2 / Semaphorin 6A complex; SEMA4D superposes on chain A at 1.2 A over 223 CA; the template's plexin A2 then lands 70.8 A from the model's plexin-B1: semaphorin taken from this structure, plexin placed separately",20881961,https://pubmed.ncbi.nlm.nih.gov/20881961/,Nogi T,2010,Nature,Structural basis for semaphorin signalling through the plexin receptor.,,
model_templates.csv,assembled model template PDB 3AL8,SEM4D_PLXB2 (SEMA4D–PLXNB2),cited,PDB 3AL8: Plexin A2 / Semaphorin 6A complex; SEMA4D superposes on chain A at 0.8 A over 213 CA; the template's plexin A2 then lands 72.3 A from the model's plexin-B2,20881961,https://pubmed.ncbi.nlm.nih.gov/20881961/,Nogi T,2010,Nature,Structural basis for semaphorin signalling through the plexin receptor.,,
model_templates.csv,assembled model template PDB 3AL8,SEM4D_PLXB3 (SEMA4D–PLXNB3),cited,PDB 3AL8: Plexin A2 / Semaphorin 6A complex; SEMA4D superposes on chain A at 1.9 A over 246 CA; the template's plexin A2 then lands 73.2 A from the model's plexin-B3,20881961,https://pubmed.ncbi.nlm.nih.gov/20881961/,Nogi T,2010,Nature,Structural basis for semaphorin signalling through the plexin receptor.,,
model_templates.csv,assembled model template PDB 2JJS,SIRPa_CD47 (SIRPA–CD47),cited,PDB 2JJS: Structure of human CD47 in complex with human signal regulatory protein (SIRP) alpha; chain A superposes on the model at 0.24 A over 84 of 117 CA,18657508,https://pubmed.ncbi.nlm.nih.gov/18657508/,Hatherley D,2008,Mol Cell,Paired receptor specificity explained by structures of signal regulatory proteins alone and complexed with CD47.,,
model_templates.csv,assembled model template PDB 4ZQK,cd274_Pdcd1 (CD274–PDCD1),cited,PDB 4ZQK: Structure of the complex of human programmed death-1 (PD-1) and its ligand PD-L1.; PD-L1 superposes on chain A at 0.4 A over 95 CA; the template's PD-1 then lands 2.2 A from the model's PD-1: placed on this complex,26602187,https://pubmed.ncbi.nlm.nih.gov/26602187/,Zak KM,2015,Structure,"Structure of the Complex of Human Programmed Death 1, PD-1, and Its Ligand PD-L1.",,
model_templates.csv,assembled model template PDB 5IUS,cd274_Pdcd1 (CD274–PDCD1),cited,PDB 5IUS: Crystal structure of human PD-L1 in complex with high affinity PD-1 mutant; chain A superposes on the model at 0.62 A over 83 of 117 CA,27618663,https://pubmed.ncbi.nlm.nih.gov/27618663/,Pascolutti R,2016,Structure,Structure and Dynamics of PD-L1 and an Ultra-High-Affinity PD-1 Receptor Mutant.,,
model_templates.csv,assembled model template PDB 5MGT,klrb1b_clec2 (KLRB1–CLEC2D),cited,PDB 5MGT: Complex of human NKR-P1 and LLT1 in deglycosylated forms; chain B superposes on the model at 0.69 A over 95 of 118 CA,36028489,https://pubmed.ncbi.nlm.nih.gov/36028489/,Bláha J,2022,Nat Commun,Structure of the human NK cell NKR-P1:LLT1 receptor:ligand complex reveals clustering in the immune synapse.,,
model_templates.csv,assembled model template PDB 3FCS,integrin_extended_open (no human pair),cited,PDB 3FCS: Structure of complete ectodomain of integrin aIIBb3; chain D superposes on the model at 0.01 A over 467 of 606 CA,19111664,https://pubmed.ncbi.nlm.nih.gov/19111664/,Zhu J,2008,Mol Cell,Structure of a complete integrin ectodomain in a physiologic resting state and activation and deactivation by applied forces.,,
model_templates.csv,assembled model template PDB 3FCU,integrin_extended_open (no human pair),cited,PDB 3FCU: Structure of headpiece of integrin aIIBb3 in open conformation; chain A superposes on the model at 0.21 A over 385 of 458 CA,19111664,https://pubmed.ncbi.nlm.nih.gov/19111664/,Zhu J,2008,Mol Cell,Structure of a complete integrin ectodomain in a physiologic resting state and activation and deactivation by applied forces.,,
model_templates.csv,assembled model template PDB 2P26,integrin_extended_open (no human pair),cited,PDB 2P26: Structure of the PHE2 and PHE3 fragments of the integrin beta2 subunit; chain A superposes on the model at 4.41 A over 192 of 285 CA,17673459,https://pubmed.ncbi.nlm.nih.gov/17673459/,Shi M,2007,J Biol Chem,A structural hypothesis for the transition between bent and extended conformations of the leukocyte beta2 integrins.,,
model_templates.csv,assembled model template PDB 2P28,integrin_extended_open (no human pair),cited,PDB 2P28: Structure of the PHE2 and PHE3 fragments of the integrin beta2 subunit; chain A superposes on the model at 1.65 A over 72 of 96 CA,17673459,https://pubmed.ncbi.nlm.nih.gov/17673459/,Shi M,2007,J Biol Chem,A structural hypothesis for the transition between bent and extended conformations of the leukocyte beta2 integrins.,,
model_templates.csv,assembled model template PDB 3FCS,integrin_extended_open_collagen (ITGB1–COL13A1),cited,PDB 3FCS: Structure of complete ectodomain of integrin aIIBb3; chain D superposes on the model at 0.02 A over 464 of 606 CA,19111664,https://pubmed.ncbi.nlm.nih.gov/19111664/,Zhu J,2008,Mol Cell,Structure of a complete integrin ectodomain in a physiologic resting state and activation and deactivation by applied forces.,,
model_templates.csv,assembled model template PDB 3FCU,integrin_extended_open_collagen (ITGB1–COL13A1),cited,PDB 3FCU: Structure of headpiece of integrin aIIBb3 in open conformation; chain E superposes on the model at 0.21 A over 381 of 454 CA,19111664,https://pubmed.ncbi.nlm.nih.gov/19111664/,Zhu J,2008,Mol Cell,Structure of a complete integrin ectodomain in a physiologic resting state and activation and deactivation by applied forces.,,
model_templates.csv,assembled model template PDB 2P26,integrin_extended_open_collagen (ITGB1–COL13A1),cited,PDB 2P26: Structure of the PHE2 and PHE3 fragments of the integrin beta2 subunit; chain A superposes on the model at 4.03 A over 124 of 285 CA,17673459,https://pubmed.ncbi.nlm.nih.gov/17673459/,Shi M,2007,J Biol Chem,A structural hypothesis for the transition between bent and extended conformations of the leukocyte beta2 integrins.,,
model_templates.csv,assembled model template PDB 2P28,integrin_extended_open_collagen (ITGB1–COL13A1),cited,PDB 2P28: Structure of the PHE2 and PHE3 fragments of the integrin beta2 subunit; chain A superposes on the model at 1.58 A over 60 of 96 CA,17673459,https://pubmed.ncbi.nlm.nih.gov/17673459/,Shi M,2007,J Biol Chem,A structural hypothesis for the transition between bent and extended conformations of the leukocyte beta2 integrins.,,
model_templates.csv,assembled model template PDB 1DZI,integrin_extended_open_collagen (ITGB1–COL13A1),cited,PDB 1DZI: integrin alpha2 I domain / collagen complex; chain A superposes on the model at 0.01 A over 185 of 185 CA,10778855,https://pubmed.ncbi.nlm.nih.gov/10778855/,Emsley J,2000,Cell,Structural basis of collagen recognition by integrin alpha2beta1.,,
model_templates.csv,assembled model template PDB 3FCS,integrin_extended_open_icam2 (ITGB2–ICAM2),cited,PDB 3FCS: Structure of complete ectodomain of integrin aIIBb3; chain D superposes on the model at 0.02 A over 457 of 606 CA,19111664,https://pubmed.ncbi.nlm.nih.gov/19111664/,Zhu J,2008,Mol Cell,Structure of a complete integrin ectodomain in a physiologic resting state and activation and deactivation by applied forces.,,
model_templates.csv,assembled model template PDB 3FCU,integrin_extended_open_icam2 (ITGB2–ICAM2),cited,PDB 3FCU: Structure of headpiece of integrin aIIBb3 in open conformation; chain A superposes on the model at 0.21 A over 385 of 458 CA,19111664,https://pubmed.ncbi.nlm.nih.gov/19111664/,Zhu J,2008,Mol Cell,Structure of a complete integrin ectodomain in a physiologic resting state and activation and deactivation by applied forces.,,
model_templates.csv,assembled model template PDB 2P26,integrin_extended_open_icam2 (ITGB2–ICAM2),cited,PDB 2P26: Structure of the PHE2 and PHE3 fragments of the integrin beta2 subunit; chain A superposes on the model at 4.40 A over 192 of 285 CA,17673459,https://pubmed.ncbi.nlm.nih.gov/17673459/,Shi M,2007,J Biol Chem,A structural hypothesis for the transition between bent and extended conformations of the leukocyte beta2 integrins.,,
model_templates.csv,assembled model template PDB 2P28,integrin_extended_open_icam2 (ITGB2–ICAM2),cited,PDB 2P28: Structure of the PHE2 and PHE3 fragments of the integrin beta2 subunit; chain A superposes on the model at 1.65 A over 72 of 96 CA,17673459,https://pubmed.ncbi.nlm.nih.gov/17673459/,Shi M,2007,J Biol Chem,A structural hypothesis for the transition between bent and extended conformations of the leukocyte beta2 integrins.,,
model_templates.csv,assembled model template PDB 3TCX,integrin_extended_open_icam2 (ITGB2–ICAM2),"PDB entry, no publication",PDB 3TCX: Structure of Engineered Single Domain ICAM-1 D1 with High-Affinity aL Integrin I Domain of Native C-Terminal Helix Conformation; chain I superposes on the model at 0.79 A over 55 of 85 CA; deposited without a publication,,,,,,,,
model_templates.csv,assembled model template PDB 1ZXQ,integrin_extended_open_icam2 (ITGB2–ICAM2),cited,PDB 1ZXQ: THE CRYSTAL STRUCTURE OF ICAM-2; chain A superposes on the model at 0.01 A over 171 of 192 CA,9153399,https://pubmed.ncbi.nlm.nih.gov/9153399/,Casasnovas JM,1997,Nature,Crystal structure of ICAM-2 reveals a distinctive integrin recognition surface.,,
model_templates.csv,assembled model template PDB 3CDG,Klrd1_H2-K1 (KLRD1–HLA-E),cited,PDB 3CDG: Human CD94/NKG2A in complex with HLA-E; chain D superposes on the model at 1.65 A over 57 of 100 CA,18332182,https://pubmed.ncbi.nlm.nih.gov/18332182/,Petrie EJ,2008,J Exp Med,CD94-NKG2A recognition of human leukocyte antigen (HLA)-E bound to an HLA class I leader sequence.,,
model_templates.csv,assembled model template PDB 3CDG,Kir3dl2_H2-Q10 (KIR3DL2–HLA-A),cited,PDB 3CDG: Human CD94/NKG2A in complex with HLA-E; chain C superposes on the model at 1.43 A over 260 of 273 CA,18332182,https://pubmed.ncbi.nlm.nih.gov/18332182/,Petrie EJ,2008,J Exp Med,CD94-NKG2A recognition of human leukocyte antigen (HLA)-E bound to an HLA class I leader sequence.,,
model_templates.csv,assembled model template PDB 3CDG,Kir3dl2_H2-K1 (KIR3DL2–HLA-E),cited,PDB 3CDG: Human CD94/NKG2A in complex with HLA-E; chain C superposes on the model at 1.64 A over 260 of 273 CA,18332182,https://pubmed.ncbi.nlm.nih.gov/18332182/,Petrie EJ,2008,J Exp Med,CD94-NKG2A recognition of human leukocyte antigen (HLA)-E bound to an HLA class I leader sequence.,,
model_templates.csv,assembled model template PDB 3CDG,Klra1_H2-K1 (no human pair),cited,PDB 3CDG: Human CD94/NKG2A in complex with HLA-E; chain D superposes on the model at 1.98 A over 55 of 100 CA,18332182,https://pubmed.ncbi.nlm.nih.gov/18332182/,Petrie EJ,2008,J Exp Med,CD94-NKG2A recognition of human leukocyte antigen (HLA)-E bound to an HLA class I leader sequence.,,
model_templates.csv,assembled model template PDB 5J6G,Klra3_H2-K1 (no human pair),cited,PDB 5J6G: Recognition of the MHC class Ib molecule H2-Q10 by the natural killer cell receptor Ly49C; chain D superposes on the model at 1.39 A over 68 of 99 CA,27385590,https://pubmed.ncbi.nlm.nih.gov/27385590/,Sullivan LC,2016,J Biol Chem,Recognition of the Major Histocompatibility Complex (MHC) Class Ib Molecule H2-Q10 by the Natural Killer Cell Receptor Ly49C.,,
model_templates.csv,assembled model template PDB 3CDG,Klrc2_H2-Q10 (KLRC2–HLA-A),cited,PDB 3CDG: Human CD94/NKG2A in complex with HLA-E; chain C superposes on the model at 2.04 A over 179 of 273 CA,18332182,https://pubmed.ncbi.nlm.nih.gov/18332182/,Petrie EJ,2008,J Exp Med,CD94-NKG2A recognition of human leukocyte antigen (HLA)-E bound to an HLA class I leader sequence.,,
model_templates.csv,assembled model template PDB 1ZXQ,ICAM1_ICAM2 (ICAM1–ICAM2),cited,PDB 1ZXQ: THE CRYSTAL STRUCTURE OF ICAM-2; loaded in the 2018 session; its relation to the model could not be tested (superposition failed),9153399,https://pubmed.ncbi.nlm.nih.gov/9153399/,Casasnovas JM,1997,Nature,Crystal structure of ICAM-2 reveals a distinctive integrin recognition surface.,,
model_templates.csv,assembled model template PDB 1I85,cd28_cd86 (CD28–CD86),cited,"PDB 1I85: CRYSTAL STRUCTURE OF THE CTLA-4/B7-2 COMPLEX; CD86 superposes on chain D at 3.4 A over 80 CA; the template's CTLA-4 then lands 17.1 A from the model's CD28: CD86 taken from this structure, CD28 placed separately",11279501,https://pubmed.ncbi.nlm.nih.gov/11279501/,Schwartz JC,2001,Nature,Structural basis for co-stimulation by the human CTLA-4/B7-2 complex.,,
model_templates.csv,assembled model template PDB 4ZQK,cd80_cd274 (CD80–CD274),cited,"PDB 4ZQK: Structure of the complex of human programmed death-1 (PD-1) and its ligand PD-L1.; PD-L1 superposes on chain A at 0.4 A over 95 CA; the template's PD-1 then lands 30.9 A from the model's CD80: PD-L1 taken from this structure, CD80 not placed at PD-1's site; the pair binds only in cis (interaction_type_corrections.csv), so this model sets no height",26602187,https://pubmed.ncbi.nlm.nih.gov/26602187/,Zak KM,2015,Structure,"Structure of the Complex of Human Programmed Death 1, PD-1, and Its Ligand PD-L1.",,
model_templates.csv,assembled model template PDB 5IUS,cd80_cd274 (CD80–CD274),cited,"PDB 5IUS: Crystal structure of human PD-L1 in complex with high affinity PD-1 mutant; PD-L1 superposes on chain C at 0.5 A over 102 CA; the template's PD-1 then lands 15.5 A from the model's CD80; the pair binds only in cis (interaction_type_corrections.csv), so this model sets no height",27618663,https://pubmed.ncbi.nlm.nih.gov/27618663/,Pascolutti R,2016,Structure,Structure and Dynamics of PD-L1 and an Ultra-High-Affinity PD-1 Receptor Mutant.,,
model_templates.csv,assembled model template PDB 3Q2W,cdh2_cdh8 (CDH2–CDH8),cited,PDB 3Q2W: Crystal structure of mouse N-cadherin ectodomain; loaded in the 2018 session; its relation to the model could not be tested (superposition failed),21300292,https://pubmed.ncbi.nlm.nih.gov/21300292/,Harrison OJ,2011,Structure,The extracellular architecture of adherens junctions revealed by crystal structures of type I cadherins.,,
model_templates.csv,assembled model template PDB 2JJS,2026/CD47-SIRPA (no human pair),cited,PDB 2JJS: Structure of human CD47 in complex with human signal regulatory protein (SIRP) alpha; AlphaFold v6 ectodomains superposed on chains C and A at 0.35 and 0.39 A over 741 and 629 atoms,18657508,https://pubmed.ncbi.nlm.nih.gov/18657508/,Hatherley D,2008,Mol Cell,Paired receptor specificity explained by structures of signal regulatory proteins alone and complexed with CD47.,,
model_templates.csv,assembled model template PDB 5MGT,2026/CLEC2D-KLRB1 (no human pair),cited,PDB 5MGT: Complex of human NKR-P1 and LLT1 in deglycosylated forms; AlphaFold v6 ectodomains superposed on chains A and C at 0.28 and 0.3 A over 776 and 796 atoms,36028489,https://pubmed.ncbi.nlm.nih.gov/36028489/,Bláha J,2022,Nat Commun,Structure of the human NK cell NKR-P1:LLT1 receptor:ligand complex reveals clustering in the immune synapse.,,
model_templates.csv,assembled model template PDB 1NBQ,2026/F11R-F11R (no human pair),cited,PDB 1NBQ: Crystal Structure of Human Junctional Adhesion Molecule Type 1; AlphaFold v6 ectodomains superposed on chains A and B at 0.87 and 0.97 A over 1365 and 1372 atoms,12697893,https://pubmed.ncbi.nlm.nih.gov/12697893/,Prota AE,2003,Proc Natl Acad Sci U S A,Crystal structure of human junctional adhesion molecule 1: implications for reovirus binding.,,
model_templates.csv,assembled model template PDB 3CDG,2026/HLA-E-KLRD1 (no human pair),cited,PDB 3CDG: Human CD94/NKG2A in complex with HLA-E; AlphaFold v6 ectodomains superposed on chains A and E at 0.81 and 0.49 A over 1818 and 810 atoms,18332182,https://pubmed.ncbi.nlm.nih.gov/18332182/,Petrie EJ,2008,J Exp Med,CD94-NKG2A recognition of human leukocyte antigen (HLA)-E bound to an HLA class I leader sequence.,,
model_templates.csv,assembled model template PDB 1MQ8,2026/ICAM1-ITGAL (no human pair),cited,PDB 1MQ8: Crystal structure of alphaL I domain in complex with ICAM-1; AlphaFold v6 ectodomains superposed on chains A and B at 0.8 and 1.09 A over 1116 and 968 atoms; record only; the integrin pairs keep the 2018 extended-open assembly,12526797,https://pubmed.ncbi.nlm.nih.gov/12526797/,Shimaoka M,2003,Cell,Structures of the alpha L I domain and its complex with ICAM-1 reveal a shape-shifting pathway for integrin regulation.,,
model_templates.csv,assembled model template PDB 4ZQK,2026/PDCD1-CD274 (no human pair),cited,PDB 4ZQK: Structure of the complex of human programmed death-1 (PD-1) and its ligand PD-L1.; AlphaFold v6 ectodomains superposed on chains B and A at 0.46 and 0.43 A over 559 and 649 atoms,26602187,https://pubmed.ncbi.nlm.nih.gov/26602187/,Zak KM,2015,Structure,"Structure of the Complex of Human Programmed Death 1, PD-1, and Its Ligand PD-L1.",,
model_templates.csv,assembled model template PDB 3OL2,2026/PLXNB1-SEMA4D (no human pair),cited,PDB 3OL2: Receptor-ligand structure of Human Semaphorin 4D with Plexin B1.; AlphaFold v6 ectodomains superposed on chains B and A at 0.61 and 0.34 A over 2694 and 3668 atoms,20877282,https://pubmed.ncbi.nlm.nih.gov/20877282/,Janssen BJ,2010,Nature,Structural basis of semaphorin-plexin signalling.,,
method_citations.csv,interaction data,"STRING v12.0 protein links between surfaceome proteins with combined score >= 400, labelled trans by the pair-level annotation in interaction_types.csv (the 2020 calls, made on STRING v11, carried over by pair; a pair new in v12 has no label until it is called in string_v12_pair_review.csv)",cited,"STRING protein association scores are the source of the candidate pairs, 400 its medium-confidence cutoff; v11 is the release the annotation was made on, v12 the release the pairs are taken from [database/inputs/build_string_interactions.py; 03_interaction_heights]",36370105,https://pubmed.ncbi.nlm.nih.gov/36370105/,Szklarczyk D,2023,Nucleic Acids Res,The STRING database in 2023: protein-protein association networks and functional enrichment analyses for any sequenced genome of interest.,,
method_citations.csv,interaction data,"STRING v12.0 protein links between surfaceome proteins with combined score >= 400, labelled trans by the pair-level annotation in interaction_types.csv (the 2020 calls, made on STRING v11, carried over by pair; a pair new in v12 has no label until it is called in string_v12_pair_review.csv)",cited,"STRING protein association scores are the source of the candidate pairs, 400 its medium-confidence cutoff; v11 is the release the annotation was made on, v12 the release the pairs are taken from [database/inputs/build_string_interactions.py; 03_interaction_heights]",30476243,https://pubmed.ncbi.nlm.nih.gov/30476243/,Szklarczyk D,2019,Nucleic Acids Res,"STRING v11: protein-protein association networks with increased coverage, supporting functional discovery in genome-wide experimental datasets.",,
method_citations.csv,interaction data,CellphoneDB v5.0.0 interactions and complexes,cited,CellphoneDB curates ligand-receptor interactions and multi-subunit complexes; v5 keeps only manually reviewed interactions with source and classification per pair [02_cellphonedb_interactions; Cell-Cell notebooks],32103204,https://pubmed.ncbi.nlm.nih.gov/32103204/,Efremova M,2020,Nat Protoc,CellPhoneDB: inferring cell-cell communication from combined expression of multi-subunit ligand-receptor complexes.,,
method_citations.csv,interaction data,CellphoneDB v5.0.0 interactions and complexes,cited,CellphoneDB curates ligand-receptor interactions and multi-subunit complexes; v5 keeps only manually reviewed interactions with source and classification per pair [02_cellphonedb_interactions; Cell-Cell notebooks],40133495,https://pubmed.ncbi.nlm.nih.gov/40133495/,Troulé K,2025,Nat Protoc,CellPhoneDB v5: inferring cell-cell communication from single-cell multiomics data.,,
method_citations.csv,antibody bridge,3.24 nm added for the antibody,cited,"full-length IgG and Fc-FcgRI structures give the antibody's extra length (PDB 5DK3, 4X4M) [03_interaction_heights]",26595420,https://pubmed.ncbi.nlm.nih.gov/26595420/,Scapin G,2015,Nat Struct Mol Biol,Structure of full-length human anti-PD1 therapeutic IgG4 antibody pembrolizumab.,,
method_citations.csv,antibody bridge,3.24 nm added for the antibody,cited,"full-length IgG and Fc-FcgRI structures give the antibody's extra length (PDB 5DK3, 4X4M) [03_interaction_heights]",25561553,https://pubmed.ncbi.nlm.nih.gov/25561553/,Lu J,2015,Proc Natl Acad Sci U S A,Structure of FcγRI in complex with Fc reveals the importance of glycan recognition for high-affinity IgG binding.,,
method_citations.csv,antibody bridge,gap = epitope height + receptor + antibody,cited,phagocytosis falls when antigens hold antibodies more than 10 nm from the target; molecular heights measured on cells [interface.antibody_bridge_heights],29958103,https://pubmed.ncbi.nlm.nih.gov/29958103/,Bakalar MH,2018,Cell,Size-Dependent Segregation Controls Macrophage Phagocytosis of Antibody-Opsonized Targets.,,
method_citations.csv,antibody bridge,gap = epitope height + receptor + antibody,cited,phagocytosis falls when antigens hold antibodies more than 10 nm from the target; molecular heights measured on cells [interface.antibody_bridge_heights],32513731,https://pubmed.ncbi.nlm.nih.gov/32513731/,Son S,2020,Proc Natl Acad Sci U S A,Molecular height measurement by cell surface optical profilometry (CSOP).,,
method_citations.csv,exclusion,a protein about 5 nm taller than the gap is excluded,cited,a ~5 nm increase in non-binding protein size drives its exclusion from a reconstituted membrane interface [interface.contact_exclusion],27980602,https://pubmed.ncbi.nlm.nih.gov/27980602/,Schmid EM,2016,Nat Phys,Size-dependent protein segregation at membrane interfaces.,,
method_citations.csv,cis pairs removed,17 integrin pairs outside the 24 known heterodimers,cited,integrins pair only as the 24 known alpha-beta heterodimers [cis_pairs.csv (left out)],12297042,https://pubmed.ncbi.nlm.nih.gov/12297042/,Hynes RO,2002,Cell,"Integrins: bidirectional, allosteric signaling machines.",,
method_citations.csv,cis pairs removed,"11 pairs with an EGF-family, neuregulin or BAFF ligand",cited,EGFR ligands are membrane precursors that signal to touching cells or are shed; neuregulin-1 type III signals from axons; BAFF binds BCMA [cis_pairs.csv (left out)],15982853,https://pubmed.ncbi.nlm.nih.gov/15982853/,Singh AB,2005,Cell Signal,"Autocrine, paracrine and juxtacrine signaling by EGFR ligands.",,
method_citations.csv,cis pairs removed,"11 pairs with an EGF-family, neuregulin or BAFF ligand",cited,EGFR ligands are membrane precursors that signal to touching cells or are shed; neuregulin-1 type III signals from axons; BAFF binds BCMA [cis_pairs.csv (left out)],16129398,https://pubmed.ncbi.nlm.nih.gov/16129398/,Taveggia C,2005,Neuron,Neuregulin-1 type III determines the ensheathment fate of axons.,,
method_citations.csv,cis pairs removed,"11 pairs with an EGF-family, neuregulin or BAFF ligand",cited,EGFR ligands are membrane precursors that signal to touching cells or are shed; neuregulin-1 type III signals from axons; BAFF binds BCMA [cis_pairs.csv (left out)],10880534,https://pubmed.ncbi.nlm.nih.gov/10880534/,Thompson JS,2000,J Exp Med,BAFF binds to the tumor necrosis factor receptor-like molecule B cell maturation antigen and is important for maintaining the peripheral B cell population.,,
method_citations.csv,cis pairs removed,SEC61G-OSTC,cited,"the Sec61 translocon and oligosaccharyltransferase work together in the ER, not at the cell surface [cis_pairs.csv (left out)]",29519914,https://pubmed.ncbi.nlm.nih.gov/29519914/,Braunger K,2018,Science,Structural basis for coupling protein transport and N-glycosylation at the mammalian endoplasmic reticulum.,,
method_citations.csv,cis pairs,494 binding pairs,database only,STRING experimental evidence >= 400 or membership of a CellphoneDB complex; no per-pair paper [cis_pairs.csv],30476243,https://pubmed.ncbi.nlm.nih.gov/30476243/,Szklarczyk D,2019,Nucleic Acids Res,"STRING v11: protein-protein association networks with increased coverage, supporting functional discovery in genome-wide experimental datasets.",,
method_citations.csv,cis pairs,494 binding pairs,database only,STRING experimental evidence >= 400 or membership of a CellphoneDB complex; no per-pair paper [cis_pairs.csv],32103204,https://pubmed.ncbi.nlm.nih.gov/32103204/,Efremova M,2020,Nat Protoc,CellPhoneDB: inferring cell-cell communication from combined expression of multi-subunit ligand-receptor complexes.,,
method_citations.csv,interface weight,every pair binds equally well; abundance shared by mass action,needs citation,a modelling assumption [interface.interface_weights],,,,,,,,
method_citations.csv,complexes,"a complex stands at its tallest subunit, and is expressed when its first two subunits are",needs citation,a modelling assumption [interface.expressed_complexes],,,,,,,,
method_citations.csv,assembled models,full ectodomain models placed on structures of the bound pair,cited,ectodomains without a structure were modelled with Phyre2 and superposed on the template complexes in PyMOL (2018) [model_templates.csv; interaction_height_rules.csv (model length)],25950237,https://pubmed.ncbi.nlm.nih.gov/25950237/,Kelley LA,2015,Nat Protoc,"The Phyre2 web portal for protein modeling, prediction and analysis.",,
method_citations.csv,functional clustering,DAVID Functional Annotation Clustering of the trans interaction proteins through the DAVID web service (a stage-0 step; last run 2026-09-16 by hand on knowledgebase v2025_1),cited,"DAVID groups enriched annotation terms into clusters by shared genes (kappa similarity); the run used GOTERM_BP/CC/MF_DIRECT, REACTOME_PATHWAY and the UniProt keyword categories at Medium stringency (kappa 0.50, overlap 3, initial and final group size 3, linkage 0.50) and EASE 1.0, the defaults; cluster names are provisional, the top term of each cluster [database/inputs/build_david_clustering.py; F5_david_clusters]",42099277,https://pubmed.ncbi.nlm.nih.gov/42099277/,Sherman BT,2026,Nucleic Acids Res,DAVID: a web server for functional annotation and functional enrichment analysis of gene lists (2025 update).,,
method_citations.csv,functional clustering,DAVID Functional Annotation Clustering of the trans interaction proteins through the DAVID web service (a stage-0 step; last run 2026-09-16 by hand on knowledgebase v2025_1),cited,"DAVID groups enriched annotation terms into clusters by shared genes (kappa similarity); the run used GOTERM_BP/CC/MF_DIRECT, REACTOME_PATHWAY and the UniProt keyword categories at Medium stringency (kappa 0.50, overlap 3, initial and final group size 3, linkage 0.50) and EASE 1.0, the defaults; cluster names are provisional, the top term of each cluster [database/inputs/build_david_clustering.py; F5_david_clusters]",35325185,https://pubmed.ncbi.nlm.nih.gov/35325185/,Sherman BT,2022,Nucleic Acids Res,DAVID: a web server for functional enrichment analysis and functional annotation of gene lists (2021 update).,,
method_citations.csv,domain heights,"Pfam domain instances measured on current structures (2026-09-16): SIFTS pdb_chain_pfam and taxonomy for the chains, up to 20 human then mouse PDB entries per family",cited,"SIFTS maps every PDB chain to its UniProt entry, Pfam families and taxonomy, weekly [database/inputs/select_domain_instances.py]",30445541,https://pubmed.ncbi.nlm.nih.gov/30445541/,Dana JM,2019,Nucleic Acids Res,"SIFTS: updated Structure Integration with Function, Taxonomy and Sequences resource allows 40-fold increase in coverage of structure-based annotations for proteins.",,
method_citations.csv,domain heights,each domain instance's residue span from hmmsearch of the Pfam 38.2 profile against the chain's observed sequence (independent E-value <= 1e-3),cited,HMMER profile searches locate Pfam domains in a sequence with envelope coordinates [database/inputs/measure_domain_instances.py],22039361,https://pubmed.ncbi.nlm.nih.gov/22039361/,Eddy SR,2011,PLoS Comput Biol,Accelerated Profile HMM Searches.,,
method_citations.csv,domain heights,each domain instance's residue span from hmmsearch of the Pfam 38.2 profile against the chain's observed sequence (independent E-value <= 1e-3),cited,HMMER profile searches locate Pfam domains in a sequence with envelope coordinates [database/inputs/measure_domain_instances.py],33125078,https://pubmed.ncbi.nlm.nih.gov/33125078/,Mistry J,2021,Nucleic Acids Res,Pfam: The protein families database in 2021.,,
method_citations.csv,domain heights,"a family stands along its longest axis (max) or across it (min): the 2020 hand call where one exists, else the direction consecutive whole copies stack along a chain when at least 60% of pairs agree, else the orientation at least 60% of its called clan-mates share (reproduces 95% of the 2020 hand calls when each is predicted from its clan alone), else no call",needs citation,a modelling rule recovered from the 2020 table (METHODS.md §2); families without a call inherit their clan height [database/inputs/build_domain_heights.py],,,,,,,,
method_citations.csv,domain heights,"only experimental atomic models are measured: the first deposited model of a multi-model entry, with solution-scattering entries (rigid-body or bead models fitted to SAXS curves, often deposited as several conformers) excluded",cited,"models from small-angle scattering are low-resolution and non-unique, and the community guidelines require them to be reported as models with their ambiguity rather than as structures [database/inputs/measure_domain_instances.py]",28876235,https://pubmed.ncbi.nlm.nih.gov/28876235/,Trewhella J,2017,Acta Crystallogr D Struct Biol,2017 publication guidelines for structural modelling of small-angle scattering data from biomolecules in solution: an update.,,
method_citations.csv,domain heights,"a family's height is its neighbour pitch: on each chain tiled with its best-scoring whole domains, a domain between two neighbours advances the chain by half its centre-to-centre spacing to each, projected on the axis through them; a domain with one neighbour by half that spacing plus half its own extent along the axis; the family takes the median over three or more instances, and only a family never seen beside a neighbour falls back to the box dimension along its called axis; every height uses instances covering at least 80% of the Pfam model, three or more, and a composite model spanning two or more whole domains of other families side by side carries no height, so the domains it covers are the ones counted",needs citation,"the sum of pitches along a chain is its end-to-end length, so domain counting sums to the measured height of a string; a modelling rule of this work [database/inputs/build_domain_heights.py]",,,,,,,,
method_citations.csv,surfaceome definition,"the surfaceome is every reviewed human protein with a UniProt extracellular topological domain or GPI anchor, kept inclusive; each protein carries a classification (UniProt subcellular location class and transmembrane count; the SURFY random-forest surface call, score and false-positive class; the Almen functional class; Cell Surface Protein Atlas evidence; CD number) so a stricter surface set is a stated filter rather than a change of definition",cited,"UniProt topology and subcellular-location annotation; SURFY predicts a 2,886-protein human surfaceome from 131 features per topological domain with 93.5% accuracy; the CSPA records proteins observed at a cell surface by mass spectrometry; the Almen classification sorts human membrane proteins into receptors, transporters, enzymes and miscellaneous by function and evolutionary origin [database/inputs/build_surfaceome_classification.py]",36408920,https://pubmed.ncbi.nlm.nih.gov/36408920/,UniProt Consortium,2023,Nucleic Acids Res,UniProt: the Universal Protein Knowledgebase in 2023.,,
method_citations.csv,surfaceome definition,"the surfaceome is every reviewed human protein with a UniProt extracellular topological domain or GPI anchor, kept inclusive; each protein carries a classification (UniProt subcellular location class and transmembrane count; the SURFY random-forest surface call, score and false-positive class; the Almen functional class; Cell Surface Protein Atlas evidence; CD number) so a stricter surface set is a stated filter rather than a change of definition",cited,"UniProt topology and subcellular-location annotation; SURFY predicts a 2,886-protein human surfaceome from 131 features per topological domain with 93.5% accuracy; the CSPA records proteins observed at a cell surface by mass spectrometry; the Almen classification sorts human membrane proteins into receptors, transporters, enzymes and miscellaneous by function and evolutionary origin [database/inputs/build_surfaceome_classification.py]",30373828,https://pubmed.ncbi.nlm.nih.gov/30373828/,Bausch-Fluck D,2018,Proc Natl Acad Sci U S A,The in silico human surfaceome.,,
method_citations.csv,surfaceome definition,"the surfaceome is every reviewed human protein with a UniProt extracellular topological domain or GPI anchor, kept inclusive; each protein carries a classification (UniProt subcellular location class and transmembrane count; the SURFY random-forest surface call, score and false-positive class; the Almen functional class; Cell Surface Protein Atlas evidence; CD number) so a stricter surface set is a stated filter rather than a change of definition",cited,"UniProt topology and subcellular-location annotation; SURFY predicts a 2,886-protein human surfaceome from 131 features per topological domain with 93.5% accuracy; the CSPA records proteins observed at a cell surface by mass spectrometry; the Almen classification sorts human membrane proteins into receptors, transporters, enzymes and miscellaneous by function and evolutionary origin [database/inputs/build_surfaceome_classification.py]",25894527,https://pubmed.ncbi.nlm.nih.gov/25894527/,Bausch-Fluck D,2015,PLoS One,A mass spectrometric-derived cell surface protein atlas.,,
method_citations.csv,surfaceome definition,"the surfaceome is every reviewed human protein with a UniProt extracellular topological domain or GPI anchor, kept inclusive; each protein carries a classification (UniProt subcellular location class and transmembrane count; the SURFY random-forest surface call, score and false-positive class; the Almen functional class; Cell Surface Protein Atlas evidence; CD number) so a stricter surface set is a stated filter rather than a change of definition",cited,"UniProt topology and subcellular-location annotation; SURFY predicts a 2,886-protein human surfaceome from 131 features per topological domain with 93.5% accuracy; the CSPA records proteins observed at a cell surface by mass spectrometry; the Almen classification sorts human membrane proteins into receptors, transporters, enzymes and miscellaneous by function and evolutionary origin [database/inputs/build_surfaceome_classification.py]",19678920,https://pubmed.ncbi.nlm.nih.gov/19678920/,Almén MS,2009,BMC Biol,Mapping the human membrane proteome: a majority of the human membrane proteins can be classified according to function and evolutionary origin.,,
method_citations.csv,ectodomain height,"an ectodomain's height is its structured and unstructured parts laid end to end along the membrane normal, each residue counted once, the AlphaFold model preferred over disorder, disorder over Pfam domains, domains over sequence; it is the aligned limit, an upper bound by construction",needs citation,a modelling assumption of this work [01_height_estimates; surfaceomeTopography.domain_overlap],,,,,,,,
method_citations.csv,AlphaFold models,"an ectodomain's folded height is the longest dimension of the inertia-axis bounding box of its AlphaFold v6 model cut to residues with pLDDT of 70 or more; runs of 20 or more residues below 70 inside the span, and 5 or more at either end, are treated as disordered",cited,"AlphaFold predicts structures at experimental accuracy; the human proteome models carry per-residue pLDDT, with values below 70 low confidence; against curated disorder annotation the F1-optimal pLDDT cutoff for disorder is about 69; the models come from AlphaFold DB [database/inputs/build_af_confidence.py; build_af_dimensions.py; disorder_height.plddt_disorder_regions]",34265844,https://pubmed.ncbi.nlm.nih.gov/34265844/,Jumper J,2021,Nature,Highly accurate protein structure prediction with AlphaFold.,,
method_citations.csv,AlphaFold models,"an ectodomain's folded height is the longest dimension of the inertia-axis bounding box of its AlphaFold v6 model cut to residues with pLDDT of 70 or more; runs of 20 or more residues below 70 inside the span, and 5 or more at either end, are treated as disordered",cited,"AlphaFold predicts structures at experimental accuracy; the human proteome models carry per-residue pLDDT, with values below 70 low confidence; against curated disorder annotation the F1-optimal pLDDT cutoff for disorder is about 69; the models come from AlphaFold DB [database/inputs/build_af_confidence.py; build_af_dimensions.py; disorder_height.plddt_disorder_regions]",34293799,https://pubmed.ncbi.nlm.nih.gov/34293799/,Tunyasuvunakool K,2021,Nature,Highly accurate protein structure prediction for the human proteome.,,
method_citations.csv,AlphaFold models,"an ectodomain's folded height is the longest dimension of the inertia-axis bounding box of its AlphaFold v6 model cut to residues with pLDDT of 70 or more; runs of 20 or more residues below 70 inside the span, and 5 or more at either end, are treated as disordered",cited,"AlphaFold predicts structures at experimental accuracy; the human proteome models carry per-residue pLDDT, with values below 70 low confidence; against curated disorder annotation the F1-optimal pLDDT cutoff for disorder is about 69; the models come from AlphaFold DB [database/inputs/build_af_confidence.py; build_af_dimensions.py; disorder_height.plddt_disorder_regions]",36210722,https://pubmed.ncbi.nlm.nih.gov/36210722/,Piovesan D,2022,Protein Sci,Intrinsic protein disorder and conditional folding in AlphaFoldDB.,,
method_citations.csv,AlphaFold models,"an ectodomain's folded height is the longest dimension of the inertia-axis bounding box of its AlphaFold v6 model cut to residues with pLDDT of 70 or more; runs of 20 or more residues below 70 inside the span, and 5 or more at either end, are treated as disordered",cited,"AlphaFold predicts structures at experimental accuracy; the human proteome models carry per-residue pLDDT, with values below 70 low confidence; against curated disorder annotation the F1-optimal pLDDT cutoff for disorder is about 69; the models come from AlphaFold DB [database/inputs/build_af_confidence.py; build_af_dimensions.py; disorder_height.plddt_disorder_regions]",37933859,https://pubmed.ncbi.nlm.nih.gov/37933859/,Varadi M,2024,Nucleic Acids Res,AlphaFold Protein Structure Database in 2024: providing structure coverage for over 214 million protein sequences.,,
method_citations.csv,disordered segments,"a disordered segment (MobiDB regions merged with the low-pLDDT runs) contributes the root-mean-square end-to-end distance of a worm-like chain of 0.4 nm per residue, with the persistence length interpolated between 1 nm for a bare chain and 8 nm for a dense glycan brush by glycan grafting density, the crossover set by side-chain crowding with no fitted parameter; consecutive segments pool into one chain",cited,"0.4 nm per residue contour length from single-molecule force spectroscopy; unfolded and disordered chains scale as polymers with a persistence length near 1 nm; a densely grafted mucin brush stiffens to a persistence length of the order of its glycan side chains (Kuo, Gandhi, Zia & Paszek, Nat Phys 14:658, 2018, doi 10.1038/s41567-018-0186-9, not indexed in PubMed; Shurer et al. 2019 for the same brush physics); MobiDB is the disorder annotation [surfaceomeTopography.disorder_height; polymer_models]",17028145,https://pubmed.ncbi.nlm.nih.gov/17028145/,Ainavarapu SR,2007,Biophys J,Contour length and refolding rate of a small protein controlled by engineered disulfide bonds.,,
method_citations.csv,disordered segments,"a disordered segment (MobiDB regions merged with the low-pLDDT runs) contributes the root-mean-square end-to-end distance of a worm-like chain of 0.4 nm per residue, with the persistence length interpolated between 1 nm for a bare chain and 8 nm for a dense glycan brush by glycan grafting density, the crossover set by side-chain crowding with no fitted parameter; consecutive segments pool into one chain",cited,"0.4 nm per residue contour length from single-molecule force spectroscopy; unfolded and disordered chains scale as polymers with a persistence length near 1 nm; a densely grafted mucin brush stiffens to a persistence length of the order of its glycan side chains (Kuo, Gandhi, Zia & Paszek, Nat Phys 14:658, 2018, doi 10.1038/s41567-018-0186-9, not indexed in PubMed; Shurer et al. 2019 for the same brush physics); MobiDB is the disorder annotation [surfaceomeTopography.disorder_height; polymer_models]",22984159,https://pubmed.ncbi.nlm.nih.gov/22984159/,Hofmann H,2012,Proc Natl Acad Sci U S A,Polymer scaling laws of unfolded and intrinsically disordered proteins quantified with single-molecule spectroscopy.,,
method_citations.csv,disordered segments,"a disordered segment (MobiDB regions merged with the low-pLDDT runs) contributes the root-mean-square end-to-end distance of a worm-like chain of 0.4 nm per residue, with the persistence length interpolated between 1 nm for a bare chain and 8 nm for a dense glycan brush by glycan grafting density, the crossover set by side-chain crowding with no fitted parameter; consecutive segments pool into one chain",cited,"0.4 nm per residue contour length from single-molecule force spectroscopy; unfolded and disordered chains scale as polymers with a persistence length near 1 nm; a densely grafted mucin brush stiffens to a persistence length of the order of its glycan side chains (Kuo, Gandhi, Zia & Paszek, Nat Phys 14:658, 2018, doi 10.1038/s41567-018-0186-9, not indexed in PubMed; Shurer et al. 2019 for the same brush physics); MobiDB is the disorder annotation [surfaceomeTopography.disorder_height; polymer_models]",31056282,https://pubmed.ncbi.nlm.nih.gov/31056282/,Shurer CR,2019,Cell,Physical Principles of Membrane Shape Regulation by the Glycocalyx.,,
method_citations.csv,disordered segments,"a disordered segment (MobiDB regions merged with the low-pLDDT runs) contributes the root-mean-square end-to-end distance of a worm-like chain of 0.4 nm per residue, with the persistence length interpolated between 1 nm for a bare chain and 8 nm for a dense glycan brush by glycan grafting density, the crossover set by side-chain crowding with no fitted parameter; consecutive segments pool into one chain",cited,"0.4 nm per residue contour length from single-molecule force spectroscopy; unfolded and disordered chains scale as polymers with a persistence length near 1 nm; a densely grafted mucin brush stiffens to a persistence length of the order of its glycan side chains (Kuo, Gandhi, Zia & Paszek, Nat Phys 14:658, 2018, doi 10.1038/s41567-018-0186-9, not indexed in PubMed; Shurer et al. 2019 for the same brush physics); MobiDB is the disorder annotation [surfaceomeTopography.disorder_height; polymer_models]",36416266,https://pubmed.ncbi.nlm.nih.gov/36416266/,Piovesan D,2023,Nucleic Acids Res,MobiDB: 10 years of intrinsically disordered proteins.,,
method_citations.csv,glycosylation,glycosites are the UniProt and GlyGen experimental sites unioned with GlycoMine predictions; their density per residue sets each segment's persistence length,cited,"GlyGen integrates experimentally determined glycosylation sites; GlycoMine predicts N-, C- and O-linked sites in the human proteome from sequence [01_height_estimates; surfaceomeTopography.glycosite_annotations; download_glygen]",31616925,https://pubmed.ncbi.nlm.nih.gov/31616925/,York WS,2020,Glycobiology,GlyGen: Computational and Informatics Resources for Glycoscience.,,
method_citations.csv,glycosylation,glycosites are the UniProt and GlyGen experimental sites unioned with GlycoMine predictions; their density per residue sets each segment's persistence length,cited,"GlyGen integrates experimentally determined glycosylation sites; GlycoMine predicts N-, C- and O-linked sites in the human proteome from sequence [01_height_estimates; surfaceomeTopography.glycosite_annotations; download_glygen]",25568279,https://pubmed.ncbi.nlm.nih.gov/25568279/,Li F,2015,Bioinformatics,"GlycoMine: a machine learning-based approach for predicting N-, C- and O-linked glycosylation in the human proteome.",,
method_citations.csv,disorder model check,"the disorder model is checked, not fitted, against the electron-microscopy heights of CD45RABC (about 40 nm) and CD45RO (about 22 nm)",cited,low-angle shadowing electron microscopy of the leucocyte-common antigen; soluble rat CD45 isoforms measured by electron microscopy; CD45's extended ectodomain at close contacts [surfaceomeTopography.disorder_height (documented check); README limitations],2933249,https://pubmed.ncbi.nlm.nih.gov/2933249/,Woollett GR,1985,EMBO J,Visualisation by low-angle shadowing of the leucocyte-common antigen. A major cell surface glycoprotein of lymphocytes.,,
method_citations.csv,disorder model check,"the disorder model is checked, not fitted, against the electron-microscopy heights of CD45RABC (about 40 nm) and CD45RO (about 22 nm)",cited,low-angle shadowing electron microscopy of the leucocyte-common antigen; soluble rat CD45 isoforms measured by electron microscopy; CD45's extended ectodomain at close contacts [surfaceomeTopography.disorder_height (documented check); README limitations],1378817,https://pubmed.ncbi.nlm.nih.gov/1378817/,McCall MN,1992,Immunology,Expression of soluble isoforms of rat CD45. Analysis by electron microscopy and use in epitope mapping of anti-CD45R monoclonal antibodies.,,
method_citations.csv,disorder model check,"the disorder model is checked, not fitted, against the electron-microscopy heights of CD45RABC (about 40 nm) and CD45RO (about 22 nm)",cited,low-angle shadowing electron microscopy of the leucocyte-common antigen; soluble rat CD45 isoforms measured by electron microscopy; CD45's extended ectodomain at close contacts [surfaceomeTopography.disorder_height (documented check); README limitations],26998761,https://pubmed.ncbi.nlm.nih.gov/26998761/,Chang VT,2016,Nat Immunol,Initiation of T cell signaling by CD45 segregation at 'close contacts'.,,
method_citations.csv,domain counting,"where no AlphaFold model covers a region, its Pfam domains (hmmsearch of Pfam 38.2 over the ectodomain sequence) each add their family's height, and the heights are summed",cited,Pfam is the family library and HMMER the profile search [01_height_estimates; database/inputs/search_ectodomain_domains.py; build_domain_assignments.py],33125078,https://pubmed.ncbi.nlm.nih.gov/33125078/,Mistry J,2021,Nucleic Acids Res,Pfam: The protein families database in 2021.,,
method_citations.csv,domain counting,"where no AlphaFold model covers a region, its Pfam domains (hmmsearch of Pfam 38.2 over the ectodomain sequence) each add their family's height, and the heights are summed",cited,Pfam is the family library and HMMER the profile search [01_height_estimates; database/inputs/search_ectodomain_domains.py; build_domain_assignments.py],22039361,https://pubmed.ncbi.nlm.nih.gov/22039361/,Eddy SR,2011,PLoS Comput Biol,Accelerated Profile HMM Searches.,,
method_citations.csv,sequence rate,"residues no annotation reaches contribute 0.04 nm each, a compact-chain rate; an ectodomain is well modelled when its annotations cover at least 70% of its length, and the uncovered rest is completed at the sequence rate",needs citation,a modelling assumption of this work [01_height_estimates],,,,,,,,
method_citations.csv,one entry per gene,"the height table keeps one entry per gene: the reviewed UniProt entry, represented by its largest ectodomain",cited,UniProt reviewed entries carry one canonical sequence per gene [01_height_estimates],36408920,https://pubmed.ncbi.nlm.nih.gov/36408920/,UniProt Consortium,2023,Nucleic Acids Res,UniProt: the Universal Protein Knowledgebase in 2023.,,
method_citations.csv,expression weighting,"a cell type's surface is the surfaceome proteins with a value in a proteome of that cell type, each weighted by its share of the summed abundance: immune cells from Expression Atlas E-PROT-1 (the Kim 2014 draft proteome), monocyte subtypes from Ravenhill 2020, breast cancer cells from E-PROT-27 (Tyanova 2016)",cited,"the draft human proteome by mass spectrometry across adult tissues and haematopoietic cells; cell-surface proteomics of classical, intermediate and non-classical monocytes; proteomic maps of breast cancer subtypes; Expression Atlas serves both proteome datasets [F3_F4_expression_weighted_topography; F4_ravenhill_monocyte_subtypes; F6 notebooks; surfaceomeTopography.topography]",24870542,https://pubmed.ncbi.nlm.nih.gov/24870542/,Kim MS,2014,Nature,A draft map of the human proteome.,,
method_citations.csv,expression weighting,"a cell type's surface is the surfaceome proteins with a value in a proteome of that cell type, each weighted by its share of the summed abundance: immune cells from Expression Atlas E-PROT-1 (the Kim 2014 draft proteome), monocyte subtypes from Ravenhill 2020, breast cancer cells from E-PROT-27 (Tyanova 2016)",cited,"the draft human proteome by mass spectrometry across adult tissues and haematopoietic cells; cell-surface proteomics of classical, intermediate and non-classical monocytes; proteomic maps of breast cancer subtypes; Expression Atlas serves both proteome datasets [F3_F4_expression_weighted_topography; F4_ravenhill_monocyte_subtypes; F6 notebooks; surfaceomeTopography.topography]",32165698,https://pubmed.ncbi.nlm.nih.gov/32165698/,Ravenhill BJ,2020,Sci Rep,"Comprehensive cell surface proteomics defines markers of classical, intermediate and non-classical monocytes.",,
method_citations.csv,expression weighting,"a cell type's surface is the surfaceome proteins with a value in a proteome of that cell type, each weighted by its share of the summed abundance: immune cells from Expression Atlas E-PROT-1 (the Kim 2014 draft proteome), monocyte subtypes from Ravenhill 2020, breast cancer cells from E-PROT-27 (Tyanova 2016)",cited,"the draft human proteome by mass spectrometry across adult tissues and haematopoietic cells; cell-surface proteomics of classical, intermediate and non-classical monocytes; proteomic maps of breast cancer subtypes; Expression Atlas serves both proteome datasets [F3_F4_expression_weighted_topography; F4_ravenhill_monocyte_subtypes; F6 notebooks; surfaceomeTopography.topography]",26725330,https://pubmed.ncbi.nlm.nih.gov/26725330/,Tyanova S,2016,Nat Commun,Proteomic maps of breast cancer subtypes.,,
method_citations.csv,expression weighting,"a cell type's surface is the surfaceome proteins with a value in a proteome of that cell type, each weighted by its share of the summed abundance: immune cells from Expression Atlas E-PROT-1 (the Kim 2014 draft proteome), monocyte subtypes from Ravenhill 2020, breast cancer cells from E-PROT-27 (Tyanova 2016)",cited,"the draft human proteome by mass spectrometry across adult tissues and haematopoietic cells; cell-surface proteomics of classical, intermediate and non-classical monocytes; proteomic maps of breast cancer subtypes; Expression Atlas serves both proteome datasets [F3_F4_expression_weighted_topography; F4_ravenhill_monocyte_subtypes; F6 notebooks; surfaceomeTopography.topography]",34850121,https://pubmed.ncbi.nlm.nih.gov/34850121/,Moreno P,2022,Nucleic Acids Res,Expression Atlas update: gene and protein expression in multiple species.,,
method_citations.csv,epitope height,"a residue's height is the ectodomain's stack read part-way up: the segments between it and the membrane, plus its C-alpha's position along the model's height axis, or its share of a disordered chain's or a counted domain's residues; the membrane end is the ectodomain's C-terminal end when it is the chain's first ectodomain and its N-terminal end when it is the last; an epitope stands at the mean of its residues",needs citation,a modelling assumption of this work [surfaceomeTopography.epitope],,,,,,,,
method_citations.csv,phagocytosis range,an epitope is reported as within reach of phagocytosis when it stands no more than 10 nm above the target membrane,cited,phagocytosis falls when antigens hold antibodies more than 10 nm from the target [surfaceomeTopography.epitope.predict_bridge],29958103,https://pubmed.ncbi.nlm.nih.gov/29958103/,Bakalar MH,2018,Cell,Size-Dependent Segregation Controls Macrophage Phagocytosis of Antibody-Opsonized Targets.,,
