accession_1,accession_2,gene_1,gene_2,why,combined_score_v12,experimental_v12,database_v12,textmining_v12,label_2020,omnipath_sources,omnipath_references,call,pmids,evidence,note
O60895,P30988,RAMP2,CALCR,new in STRING v12: STRING experimental channel >= 400,999,900,900,994,,,,,,,
O60939,Q07699,SCN2B,SCN1B,new in STRING v12: STRING experimental channel >= 400,999,856,720,986,,,,,,,
P01903,P01911,HLA-DRA,HLA-DRB1,new in STRING v12: STRING experimental channel >= 400,999,996,900,968,,,,,,,
P01909,P01920,HLA-DQA1,HLA-DQB1,new in STRING v12: STRING experimental channel >= 400,999,990,540,947,,,,,,,
P02724,P06028,GYPA,GYPB,new in STRING v12: STRING experimental channel >= 400,999,800,900,899,,,,,,,
P04839,P13498,CYBB,CYBA,new in STRING v12: STRING experimental channel >= 400,999,918,900,999,,,,,,,
P08195,Q9UHI5,SLC3A2,SLC7A8,new in STRING v12: STRING experimental channel >= 400,999,957,900,999,,,,,,,
P09693,P20963,CD3G,CD247,new in STRING v12: STRING experimental channel >= 400,999,900,900,998,,,,,,,
P14784,Q13261,IL2RB,IL15RA,new in STRING v12: STRING experimental channel >= 400,999,893,500,990,,SIGNOR;HPRD;Wang,HPRD:7641685;SIGNOR:17709786,,,,
P16410,Q9NZQ7,CTLA4,CD274,new in STRING v12: STRING experimental channel >= 400,999,405,0,999,,,,,,,
P21754,P60852,ZP3,ZP1,new in STRING v12: STRING experimental channel >= 400,999,510,800,999,,,,,,,
P21754,Q05996,ZP3,ZP2,new in STRING v12: STRING experimental channel >= 400,999,510,800,990,,,,,,,
P31785,Q13261,IL2RG,IL15RA,new in STRING v12: STRING experimental channel >= 400,999,893,500,997,,,,,,,
P35499,Q07699,SCN4A,SCN1B,new in STRING v12: STRING experimental channel >= 400,999,980,900,795,,,,,,,
Q01638,Q9NPH3,IL1RL1,IL1RAP,new in STRING v12: STRING experimental channel >= 400,999,857,500,987,,SIGNOR;InnateDB,InnateDB:19836339;SIGNOR:35238669,,,,
Q15399,Q9Y2C9,TLR1,TLR6,new in STRING v12: STRING experimental channel >= 400,999,586,900,982,,,,,,,
Q1HG43,Q9NRD9,DUOXA1,DUOX1,new in STRING v12: STRING experimental channel >= 400,999,923,0,990,,,,,,,
Q1HG44,Q9NRD8,DUOXA2,DUOX2,new in STRING v12: STRING experimental channel >= 400,999,556,900,997,,,,,,,
Q8NEC5,Q9H7T0,CATSPER1,CATSPERB,new in STRING v12: STRING experimental channel >= 400,999,831,720,999,,,,,,,
Q96F46,Q9NRM6,IL17RA,IL17RB,new in STRING v12: STRING experimental channel >= 400,999,900,800,988,,,,,,,
P01889,P10321,HLA-B,HLA-C,new in STRING v12: STRING experimental channel >= 400,998,605,900,869,,,,,,,
P04439,P10321,HLA-A,HLA-C,new in STRING v12: STRING experimental channel >= 400,998,596,900,848,,,,,,,
P27930,Q9NPH3,IL1R2,IL1RAP,new in STRING v12: STRING experimental channel >= 400,998,946,0,975,,,,,,,
P60508,Q8NA29,ERVFRD-1,MFSD2A,new in STRING v12: STRING experimental channel >= 400,998,926,0,987,,,,,,,
Q07699,Q15858,SCN1B,SCN9A,new in STRING v12: STRING experimental channel >= 400,998,953,540,935,,,,,,,
Q9BYF1,Q9NP91,ACE2,SLC6A20,new in STRING v12: STRING experimental channel >= 400,998,901,0,986,,,,,,,
O60939,Q9NY46,SCN2B,SCN3A,new in STRING v12: STRING experimental channel >= 400,997,967,800,601,,,,,,,
P06213,P08069,INSR,IGF1R,new in STRING v12: STRING experimental channel >= 400,997,927,900,696,,HINT;IntAct;NetworKIN_KEA;Li2012;KEA;ProtMapper;REACH_ProtMapper;HPRD,ProtMapper:30682326;HINT:26027733;KEA:17570479;HINT:35384245;HINT:34591642;HINT:35660159;IntAct:35384245;HPRD:7895674,,,,
P42263,P48058,GRIA3,GRIA4,new in STRING v12: STRING experimental channel >= 400,997,550,720,982,,,,,,,
O60939,Q99250,SCN2B,SCN2A,new in STRING v12: STRING experimental channel >= 400,996,953,720,707,,,,,,,
P04439,P30511,HLA-A,HLA-F,new in STRING v12: STRING experimental channel >= 400,996,607,900,537,,,,,,,
P35498,Q07699,SCN1A,SCN1B,new in STRING v12: STRING experimental channel >= 400,996,664,540,980,,,,,,,
P35498,Q8IWT1,SCN1A,SCN4B,new in STRING v12: STRING experimental channel >= 400,996,926,540,892,,,,,,,
Q86XM0,Q9H7T0,CATSPERD,CATSPERB,new in STRING v12: STRING experimental channel >= 400,996,797,720,924,,,,,,,
O60939,Q15858,SCN2B,SCN9A,new in STRING v12: STRING experimental channel >= 400,995,953,540,802,,,,,,,
P01911,P04233,HLA-DRB1,CD74,new in STRING v12: STRING experimental channel >= 400,995,931,540,708,,,,,,,
P02730,P06028,SLC4A1,GYPB,new in STRING v12: STRING experimental channel >= 400,995,900,0,769,,,,,,,
P01889,P13747,HLA-B,HLA-E,new in STRING v12: STRING experimental channel >= 400,994,471,900,575,,,,,,,
P01909,P04233,HLA-DQA1,CD74,new in STRING v12: STRING experimental channel >= 400,994,606,900,530,,,,,,,
P02724,Q02094,GYPA,RHAG,new in STRING v12: STRING experimental channel >= 400,993,800,0,846,,,,,,,
P15260,P17181,IFNGR1,IFNAR1,new in STRING v12: STRING experimental channel >= 400,992,429,900,863,,SignaLink3,SignaLink3:18929502;SignaLink3:23331499,,,,
Q6ZRH7,Q9H7T0,CATSPERG,CATSPERB,new in STRING v12: STRING experimental channel >= 400,992,797,720,847,,,,,,,
Q7RTX7,Q9H7T0,CATSPER4,CATSPERB,new in STRING v12: STRING experimental channel >= 400,992,797,720,886,,,,,,,
P28223,P28335,HTR2A,HTR2C,new in STRING v12: STRING experimental channel >= 400,991,573,900,817,,,,,,,
Q07699,Q99250,SCN1B,SCN2A,new in STRING v12: STRING experimental channel >= 400,991,545,720,930,,,,,,,
P10321,P30511,HLA-C,HLA-F,new in STRING v12: STRING experimental channel >= 400,990,510,900,513,,,,,,,
P10321,P13747,HLA-C,HLA-E,new in STRING v12: STRING experimental channel >= 400,989,598,900,570,,,,,,,
Q86XM0,Q8NEC5,CATSPERD,CATSPER1,new in STRING v12: STRING experimental channel >= 400,989,507,720,930,,,,,,,
Q86XQ3,Q9H7T0,CATSPER3,CATSPERB,new in STRING v12: STRING experimental channel >= 400,989,828,720,795,,,,,,,
Q6ZRH7,Q86XM0,CATSPERG,CATSPERD,new in STRING v12: STRING experimental channel >= 400,988,797,720,806,,,,,,,
Q6UXZ4,Q9HAR2,UNC5D,ADGRL3,new in STRING v12: STRING experimental channel >= 400,987,967,0,597,,,,,,,
Q86XM0,Q96P56,CATSPERD,CATSPER2,new in STRING v12: STRING experimental channel >= 400,987,797,720,748,,,,,,,
Q86XM0,Q86XQ3,CATSPERD,CATSPER3,new in STRING v12: STRING experimental channel >= 400,986,797,720,781,,,,,,,
Q86XQ3,Q96P56,CATSPER3,CATSPER2,new in STRING v12: STRING experimental channel >= 400,986,797,720,727,,,,,,,
Q7RTX7,Q86XQ3,CATSPER4,CATSPER3,new in STRING v12: STRING experimental channel >= 400,985,797,720,705,,,,,,,
Q86XQ3,Q8NEC5,CATSPER3,CATSPER1,new in STRING v12: STRING experimental channel >= 400,985,831,720,635,,,,,,,
Q8IZK6,Q9GZU1,MCOLN2,MCOLN1,new in STRING v12: STRING experimental channel >= 400,984,670,900,569,,HINT;TRIP,HINT:33961781;TRIP:20736310;TRIP:19885840;TRIP:16606612;TRIP:19557826;HINT:35271311,,,,
P21554,P34972,CNR1,CNR2,new in STRING v12: STRING experimental channel >= 400,981,573,900,585,,,,,,,
O60939,P35498,SCN2B,SCN1A,new in STRING v12: STRING experimental channel >= 400,980,545,540,900,,,,,,,
O43557,O95971,TNFSF14,CD160,new in STRING v12: STRING experimental channel >= 400,979,900,0,802,,,,,,,
Q5SY80,Q96P56,CATSPERE,CATSPER2,new in STRING v12: STRING experimental channel >= 400,979,797,720,664,,,,,,,
O94910,Q6ZN44,ADGRL1,UNC5A,new in STRING v12: STRING experimental channel >= 400,977,967,0,278,,,,,,,
Q01118,Q07699,SCN7A,SCN1B,new in STRING v12: STRING experimental channel >= 400,976,545,900,523,,,,,,,
O60939,Q14524,SCN2B,SCN5A,new in STRING v12: STRING experimental channel >= 400,974,505,720,820,,,,,,,
O94910,O95185,ADGRL1,UNC5C,new in STRING v12: STRING experimental channel >= 400,974,967,0,204,,,,,,,
O95185,Q9HAR2,UNC5C,ADGRL3,new in STRING v12: STRING experimental channel >= 400,974,967,0,174,,,,,,,
O95490,Q6UXZ4,ADGRL2,UNC5D,new in STRING v12: STRING experimental channel >= 400,974,967,0,210,,,,,,,
Q7RTX7,Q86XM0,CATSPER4,CATSPERD,new in STRING v12: STRING experimental channel >= 400,974,507,720,833,,,,,,,
O94910,Q6UXZ4,ADGRL1,UNC5D,new in STRING v12: STRING experimental channel >= 400,973,967,0,177,,,,,,,
Q01118,Q9NY72,SCN7A,SCN3B,new in STRING v12: STRING experimental channel >= 400,973,900,540,469,,,,,,,
Q5SY80,Q9H7T0,CATSPERE,CATSPERB,new in STRING v12: STRING experimental channel >= 400,973,507,720,718,,,,,,,
O95490,Q6ZN44,ADGRL2,UNC5A,new in STRING v12: STRING experimental channel >= 400,972,967,0,151,,,,,,,
P01880,P11912,IGHD,CD79A,new in STRING v12: STRING experimental channel >= 400,972,895,540,441,,,,,,,
P35052,Q99075,GPC1,HBEGF,new in STRING v12: STRING experimental channel >= 400,972,421,900,568,,,,,,,
Q7RTX7,Q96P56,CATSPER4,CATSPER2,new in STRING v12: STRING experimental channel >= 400,972,507,720,767,,,,,,,
O95185,O95490,UNC5C,ADGRL2,new in STRING v12: STRING experimental channel >= 400,971,967,0,113,,,,,,,
Q96P56,Q9H7T0,CATSPER2,CATSPERB,new in STRING v12: STRING experimental channel >= 400,969,507,720,796,,,,,,,
P01909,P04440,HLA-DQA1,HLA-DPB1,new in STRING v12: STRING experimental channel >= 400,967,421,650,753,,,,,,,
O00478,O00481,BTN3A3,BTN3A1,new in STRING v12: STRING experimental channel >= 400,966,619,400,380,,,,,,,
P04233,P05538,CD74,HLA-DQB2,new in STRING v12: STRING experimental channel >= 400,966,543,540,742,,,,,,,
Q5SY80,Q86XM0,CATSPERE,CATSPERD,new in STRING v12: STRING experimental channel >= 400,966,797,720,354,,,,,,,
P53985,Q6PCB8,SLC16A1,EMB,new in STRING v12: STRING experimental channel >= 400,965,919,0,591,,,,,,,
P01880,P40259,IGHD,CD79B,new in STRING v12: STRING experimental channel >= 400,964,895,540,330,,,,,,,
P04439,P20963,HLA-A,CD247,new in STRING v12: STRING experimental channel >= 400,963,800,500,650,,,,,,,
P01903,P05538,HLA-DRA,HLA-DQB2,new in STRING v12: STRING experimental channel >= 400,962,700,540,617,,,,,,,
O14764,P28472,GABRD,GABRB3,new in STRING v12: STRING experimental channel >= 400,959,900,540,116,,,,,,,
P01889,P17693,HLA-B,HLA-G,new in STRING v12: STRING experimental channel >= 400,959,421,650,457,,,,,,,
P01911,Q30154,HLA-DRB1,HLA-DRB5,new in STRING v12: STRING experimental channel >= 400,955,773,540,492,,,,,,,
P35613,Q9H6D3,BSG,XKR8,new in STRING v12: STRING experimental channel >= 400,954,900,0,566,,,,,,,
O75311,P48167,GLRA3,GLRB,new in STRING v12: STRING experimental channel >= 400,953,487,900,101,,,,,,,
Q5SY80,Q86XQ3,CATSPERE,CATSPER3,new in STRING v12: STRING experimental channel >= 400,951,507,720,673,,,,,,,
P10321,P17693,HLA-C,HLA-G,new in STRING v12: STRING experimental channel >= 400,950,629,650,386,,,,,,,
Q07699,Q9Y5Y9,SCN1B,SCN10A,new in STRING v12: STRING experimental channel >= 400,950,435,720,708,,,,,,,
Q5SY80,Q8NEC5,CATSPERE,CATSPER1,new in STRING v12: STRING experimental channel >= 400,950,507,720,668,,,,,,,
O43306,Q8NFM4,ADCY6,ADCY4,new in STRING v12: STRING experimental channel >= 400,949,417,900,151,,,,,,,
Q5SY80,Q6ZRH7,CATSPERE,CATSPERG,new in STRING v12: STRING experimental channel >= 400,948,439,720,627,,,,,,,
P04233,P49771,CD74,FLT3LG,new in STRING v12: STRING experimental channel >= 400,947,748,0,333,,,,,,,
P04439,P17693,HLA-A,HLA-G,new in STRING v12: STRING experimental channel >= 400,947,476,650,454,,,,,,,
Q5SY80,Q7RTX7,CATSPERE,CATSPER4,new in STRING v12: STRING experimental channel >= 400,947,507,720,648,,,,,,,
Q14416,Q14831,GRM2,GRM7,new in STRING v12: STRING experimental channel >= 400,945,900,400,114,,,,,,,
P05067,Q02246,APP,CNTN2,new in STRING v12: STRING experimental channel >= 400,943,452,0,894,,,,,,,
P01906,P05538,HLA-DQA2,HLA-DQB2,new in STRING v12: STRING experimental channel >= 400,942,417,540,581,,,,,,,
E9PQX1,Q7RTX7,TMEM262,CATSPER4,new in STRING v12: STRING experimental channel >= 400,940,797,720,0,,,,,,,
E9PQX1,Q9H7T0,TMEM262,CATSPERB,new in STRING v12: STRING experimental channel >= 400,940,797,720,0,,,,,,,
A8K4G0,Q08708,CD300LB,CD300C,new in STRING v12: STRING experimental channel >= 400,939,510,400,185,,,,,,,
O60939,Q9UQD0,SCN2B,SCN8A,new in STRING v12: STRING experimental channel >= 400,935,505,540,715,,,,,,,
O60939,Q9Y5Y9,SCN2B,SCN10A,new in STRING v12: STRING experimental channel >= 400,932,415,720,612,,,,,,,
P18507,P48169,GABRG2,GABRA4,new in STRING v12: STRING experimental channel >= 400,929,800,540,137,,,,,,,
P13866,Q13113,SLC5A1,PDZK1IP1,new in STRING v12: STRING experimental channel >= 400,927,900,0,250,,,,,,,
P31639,Q13113,SLC5A2,PDZK1IP1,new in STRING v12: STRING experimental channel >= 400,925,900,0,268,,,,,,,
P04439,P04921,HLA-A,GYPC,new in STRING v12: STRING experimental channel >= 400,924,900,0,241,,,,,,,
P29972,Q02094,AQP1,RHAG,new in STRING v12: STRING experimental channel >= 400,924,800,0,623,,,,,,,
O60939,P35499,SCN2B,SCN4A,new in STRING v12: STRING experimental channel >= 400,923,432,720,534,,,,,,,
P21926,P48509,CD9,CD151,new in STRING v12: STRING experimental channel >= 400,923,523,0,839,,,,,,,
Q9Y5G1,Q9Y5G2,PCDHGB3,PCDHGB2,new in STRING v12: STRING experimental channel >= 400,918,596,0,63,,,,,,,
P02708,P11230,CHRNA1,CHRNB1,new in STRING v12: STRING experimental channel >= 400,912,401,540,673,,,,,,,
P08908,P47211,HTR1A,GALR1,new in STRING v12: STRING experimental channel >= 400,911,573,0,800,,,,,,,
P42262,Q9UBN1,GRIA2,CACNG4,new in STRING v12: STRING experimental channel >= 400,907,509,720,324,,,,,,,
P01909,Q30154,HLA-DQA1,HLA-DRB5,new in STRING v12: STRING experimental channel >= 400,904,472,650,331,,,,,,,
P01911,Q13641,HLA-DRB1,TPBG,new in STRING v12: STRING experimental channel >= 400,902,900,0,60,,,,,,,
P01903,Q13641,HLA-DRA,TPBG,new in STRING v12: STRING experimental channel >= 400,900,900,0,0,,,,,,,
P30556,P35414,AGTR1,APLNR,new in STRING v12: STRING experimental channel >= 400,893,591,500,515,,,,,,,
P55286,P55289,CDH8,CDH12,new in STRING v12: STRING experimental channel >= 400,893,610,540,399,,,,,,,
Q9Y5H8,Q9Y5I3,PCDHA3,PCDHA1,new in STRING v12: STRING experimental channel >= 400,893,626,0,296,,,,,,,
P05067,Q99523,APP,SORT1,new in STRING v12: STRING experimental channel >= 400,883,425,0,798,,,,,,,
Q9Y5H6,Q9Y5H9,PCDHA8,PCDHA2,new in STRING v12: STRING experimental channel >= 400,883,470,0,56,,,,,,,
P19022,P55283,CDH2,CDH4,new in STRING v12: STRING experimental channel >= 400,881,580,540,411,,HPRD;ConnectomeDB2025,HPRD:10662782;ConnectomeDB2025:10662782,,,,
Q9H251,Q9HBB8,CDH23,CDHR5,new in STRING v12: STRING experimental channel >= 400,881,596,0,715,,,,,,,
A8K4G0,Q8TDQ1,CD300LB,CD300LF,new in STRING v12: STRING experimental channel >= 400,873,510,400,319,,,,,,,
Q9Y5G9,Q9Y5H0,PCDHGA4,PCDHGA3,new in STRING v12: STRING experimental channel >= 400,873,442,0,60,,,,,,,
P05067,Q13224,APP,GRIN2B,new in STRING v12: STRING experimental channel >= 400,872,510,0,750,,,,,,,
P49771,Q6W5P4,FLT3LG,NPSR1,new in STRING v12: STRING experimental channel >= 400,871,573,0,181,,,,,,,
P01909,P05538,HLA-DQA1,HLA-DQB2,new in STRING v12: STRING experimental channel >= 400,869,417,540,269,,,,,,,
E9PQX1,Q5SY80,TMEM262,CATSPERE,new in STRING v12: STRING experimental channel >= 400,856,507,720,0,,,,,,,
E9PQX1,Q6ZRH7,TMEM262,CATSPERG,new in STRING v12: STRING experimental channel >= 400,856,507,720,0,,,,,,,
E9PQX1,Q86XM0,TMEM262,CATSPERD,new in STRING v12: STRING experimental channel >= 400,856,507,720,0,,,,,,,
E9PQX1,Q86XQ3,TMEM262,CATSPER3,new in STRING v12: STRING experimental channel >= 400,856,507,720,0,,,,,,,
E9PQX1,Q8NEC5,TMEM262,CATSPER1,new in STRING v12: STRING experimental channel >= 400,856,507,720,0,,,,,,,
E9PQX1,Q96P56,TMEM262,CATSPER2,new in STRING v12: STRING experimental channel >= 400,856,507,720,0,,,,,,,
O60939,Q01118,SCN2B,SCN7A,new in STRING v12: STRING experimental channel >= 400,855,545,540,320,,,,,,,
P01920,P04439,HLA-DQB1,HLA-A,new in STRING v12: STRING experimental channel >= 400,854,482,540,379,,,,,,,
P11362,P21802,FGFR1,FGFR2,new in STRING v12: STRING experimental channel >= 400,853,624,400,391,,HINT;IntAct;KEA;NetworKIN_KEA,IntAct:35384245;KEA:17570479;HINT:33961781;HINT:35384245,,,,
P02724,P29972,GYPA,AQP1,new in STRING v12: STRING experimental channel >= 400,852,800,0,261,,,,,,,
P04233,Q6W5P4,CD74,NPSR1,new in STRING v12: STRING experimental channel >= 400,852,566,0,203,,,,,,,
P29317,P29323,EPHA2,EPHB2,new in STRING v12: STRING experimental channel >= 400,851,487,500,432,,,,,,,
P05067,Q12879,APP,GRIN2A,new in STRING v12: STRING experimental channel >= 400,848,510,0,696,,,,,,,
O14944,Q02297,EREG,NRG1,new in STRING v12: STRING experimental channel >= 400,845,405,400,591,,,,,,,
P02708,P32297,CHRNA1,CHRNA3,new in STRING v12: STRING experimental channel >= 400,844,401,540,422,,,,,,,
Q7Z553,Q8NFZ4,MDGA2,NLGN2,new in STRING v12: STRING experimental channel >= 400,839,439,0,721,,,,,,,
O94779,P05067,CNTN5,APP,new in STRING v12: STRING experimental channel >= 400,837,797,0,188,,ConnectomeDB2025,ConnectomeDB2025:34958801,,,,
Q07837,Q9UHI5,SLC3A1,SLC7A8,new in STRING v12: STRING experimental channel >= 400,836,569,0,631,,,,,,,
O95622,Q8NFM4,ADCY5,ADCY4,new in STRING v12: STRING experimental channel >= 400,835,417,500,457,,,,,,,
P13637,Q9H0Q3,ATP1A3,FXYD6,new in STRING v12: STRING experimental channel >= 400,833,638,500,153,,,,,,,
P14867,Q99928,GABRA1,GABRG3,new in STRING v12: STRING experimental channel >= 400,832,561,540,127,,,,,,,
P05026,Q9H0Q3,ATP1B1,FXYD6,new in STRING v12: STRING experimental channel >= 400,829,602,500,211,,,,,,,
Q5KU26,Q9UKJ1,COLEC12,PILRA,new in STRING v12: STRING experimental channel >= 400,829,405,500,472,,ConnectomeDB2025,ConnectomeDB2025:22396535,,,,
A8K4G0,Q9UGN4,CD300LB,CD300A,new in STRING v12: STRING experimental channel >= 400,821,510,400,202,,,,,,,
P55289,Q86UP0,CDH12,CDH24,new in STRING v12: STRING experimental channel >= 400,820,610,540,66,,,,,,,
P23415,P48167,GLRA1,GLRB,new in STRING v12: STRING experimental channel >= 400,812,410,500,375,,,,,,,
P05067,Q12860,APP,CNTN1,new in STRING v12: STRING experimental channel >= 400,800,541,0,554,,,,,,,
Q7Z553,Q8N2Q7,MDGA2,NLGN1,new in STRING v12: STRING experimental channel >= 400,788,439,0,616,,,,,,,
P20020,P35613,ATP2B1,BSG,new in STRING v12: STRING experimental channel >= 400,777,560,0,514,,,,,,,
P05067,Q05586,APP,GRIN1,new in STRING v12: STRING experimental channel >= 400,776,536,0,509,,,,,,,
Q9Y5G4,Q9Y5G5,PCDHGA9,PCDHGA8,new in STRING v12: STRING experimental channel >= 400,770,608,0,421,,,,,,,
A8K4G0,Q496F6,CD300LB,CD300E,new in STRING v12: STRING experimental channel >= 400,768,510,400,130,,,,,,,
P02708,P30926,CHRNA1,CHRNB4,new in STRING v12: STRING experimental channel >= 400,767,401,540,126,,,,,,,
P21926,Q13740,CD9,ALCAM,new in STRING v12: STRING experimental channel >= 400,767,510,0,545,,,,,,,
P02708,P17787,CHRNA1,CHRNB2,new in STRING v12: STRING experimental channel >= 400,762,401,540,121,,,,,,,
P0DP58,P17787,LYNX1,CHRNB2,new in STRING v12: STRING experimental channel >= 400,760,510,0,528,,,,,,,
Q9Y5G4,Q9Y5G9,PCDHGA9,PCDHGA4,new in STRING v12: STRING experimental channel >= 400,760,480,0,57,,,,,,,
P02708,Q15825,CHRNA1,CHRNA6,new in STRING v12: STRING experimental channel >= 400,759,401,540,108,,,,,,,
Q96QU1,Q9BYE9,PCDH15,CDHR2,new in STRING v12: STRING experimental channel >= 400,758,596,0,420,,,,,,,
Q9UN72,Q9Y5H9,PCDHA7,PCDHA2,new in STRING v12: STRING experimental channel >= 400,752,610,0,57,,,,,,,
Q9Y5G7,Q9Y5G8,PCDHGA6,PCDHGA5,new in STRING v12: STRING experimental channel >= 400,746,462,0,60,,,,,,,
O60939,Q13936,SCN2B,CACNA1C,new in STRING v12: STRING experimental channel >= 400,744,415,0,544,,,,,,,
A8K4G0,Q6UXZ3,CD300LB,CD300LD,new in STRING v12: STRING experimental channel >= 400,737,510,400,88,,,,,,,
Q9Y5G5,Q9Y5G9,PCDHGA8,PCDHGA4,new in STRING v12: STRING experimental channel >= 400,734,610,0,53,,,,,,,
Q9Y5I1,Q9Y5I3,PCDHA11,PCDHA1,new in STRING v12: STRING experimental channel >= 400,726,610,0,55,,,,,,,
Q9Y5G6,Q9Y5G9,PCDHGA7,PCDHGA4,new in STRING v12: STRING experimental channel >= 400,718,464,0,57,,,,,,,
Q9Y5G0,Q9Y5G1,PCDHGB5,PCDHGB3,new in STRING v12: STRING experimental channel >= 400,713,591,0,56,,,,,,,
P10721,P17181,KIT,IFNAR1,new in STRING v12: STRING experimental channel >= 400,699,609,0,213,,,,,,,
O60330,Q9Y5G9,PCDHGA12,PCDHGA4,new in STRING v12: STRING experimental channel >= 400,698,591,0,55,,,,,,,
P0DP58,P30926,LYNX1,CHRNB4,new in STRING v12: STRING experimental channel >= 400,694,510,0,402,,,,,,,
O60330,Q9Y5G4,PCDHGA12,PCDHGA9,new in STRING v12: STRING experimental channel >= 400,693,602,0,55,,,,,,,
P01889,Q30201,HLA-B,HFE,new in STRING v12: STRING experimental channel >= 400,693,625,0,137,,,,,,,
P10321,Q30201,HLA-C,HFE,new in STRING v12: STRING experimental channel >= 400,687,435,0,424,,,,,,,
P51693,Q02246,APLP1,CNTN2,new in STRING v12: STRING experimental channel >= 400,687,404,0,367,,,,,,,
P08637,Q68D85,FCGR3A,NCR3LG1,new in STRING v12: STRING experimental channel >= 400,686,410,0,480,,,,,,,
Q7Z553,Q9NZ94,MDGA2,NLGN3,new in STRING v12: STRING experimental channel >= 400,679,439,0,431,,,,,,,
O60330,Q9Y5G6,PCDHGA12,PCDHGA7,new in STRING v12: STRING experimental channel >= 400,678,599,0,55,,,,,,,
Q9Y5F8,Q9Y5G9,PCDHGB7,PCDHGA4,new in STRING v12: STRING experimental channel >= 400,678,575,0,82,,,,,,,
P04626,Q08345,ERBB2,DDR1,new in STRING v12: STRING experimental channel >= 400,677,599,0,192,,,,,,,
P0DP58,P43681,LYNX1,CHRNA4,new in STRING v12: STRING experimental channel >= 400,670,510,0,346,,,,,,,
Q8NGR4,Q96RD2,OR5C1,OR52B2,new in STRING v12: STRING experimental channel >= 400,663,608,0,170,,,,,,,
O75015,Q68D85,FCGR3B,NCR3LG1,new in STRING v12: STRING experimental channel >= 400,658,410,0,433,,,,,,,
P05067,Q9UQ52,APP,CNTN6,new in STRING v12: STRING experimental channel >= 400,657,541,0,245,,,,,,,
P05023,P08195,ATP1A1,SLC3A2,new in STRING v12: STRING experimental channel >= 400,655,491,0,325,,,,,,,
P43007,Q15758,SLC1A4,SLC1A5,new in STRING v12: STRING experimental channel >= 400,654,493,0,278,,,,,,,
O43561,P00533,LAT,EGFR,new in STRING v12: STRING experimental channel >= 400,651,629,0,100,,,,,,,
P04626,Q01974,ERBB2,ROR2,new in STRING v12: STRING experimental channel >= 400,649,617,0,85,,,,,,,
Q9Y5F8,Q9Y5H5,PCDHGB7,PCDHA9,new in STRING v12: STRING experimental channel >= 400,646,608,0,73,,,,,,,
P0DP58,P30532,LYNX1,CHRNA5,new in STRING v12: STRING experimental channel >= 400,644,510,0,305,,,,,,,
Q9UN72,Q9Y5H6,PCDHA7,PCDHA8,new in STRING v12: STRING experimental channel >= 400,643,470,0,57,,,,,,,
P07550,P28335,ADRB2,HTR2C,new in STRING v12: STRING experimental channel >= 400,641,573,0,195,,,,,,,
Q10588,Q9Y6M0,BST1,PRSS21,new in STRING v12: STRING experimental channel >= 400,637,421,400,0,,,,,,,
P05067,Q9NP59,APP,SLC40A1,new in STRING v12: STRING experimental channel >= 400,633,517,0,271,,,,,,,
Q86VH4,Q86VH5,LRRTM4,LRRTM3,new in STRING v12: STRING experimental channel >= 400,632,604,0,67,,,,,,,
Q7Z553,Q8N0W4,MDGA2,NLGN4X,new in STRING v12: STRING experimental channel >= 400,626,439,0,333,,,,,,,
Q9Y5E9,Q9Y5H5,PCDHB14,PCDHA9,new in STRING v12: STRING experimental channel >= 400,625,591,0,81,,,,,,,
Q9UN72,Q9UN75,PCDHA7,PCDHA12,new in STRING v12: STRING experimental channel >= 400,624,567,0,54,,,,,,,
Q02246,Q06481,CNTN2,APLP2,new in STRING v12: STRING experimental channel >= 400,622,433,0,339,,,,,,,
Q10588,Q9UGF5,BST1,OR14J1,new in STRING v12: STRING experimental channel >= 400,618,610,0,61,,,,,,,
P0DP58,Q15825,LYNX1,CHRNA6,new in STRING v12: STRING experimental channel >= 400,616,510,0,250,,,,,,,
Q9UGF5,Q9Y6M0,OR14J1,PRSS21,new in STRING v12: STRING experimental channel >= 400,614,614,0,0,,,,,,,
Q9Y5H6,Q9Y5I3,PCDHA8,PCDHA1,new in STRING v12: STRING experimental channel >= 400,612,451,0,55,,,,,,,
P04233,Q8NBR0,CD74,TP53I13,new in STRING v12: STRING experimental channel >= 400,611,470,0,166,,,,,,,
Q9UN74,Q9Y5I3,PCDHA4,PCDHA1,new in STRING v12: STRING experimental channel >= 400,611,602,0,55,,,,,,,
Q5SY80,Q86UG4,CATSPERE,SLCO6A1,new in STRING v12: STRING experimental channel >= 400,609,602,0,51,,,,,,,
Q9Y5G6,Q9Y5G7,PCDHGA7,PCDHGA6,new in STRING v12: STRING experimental channel >= 400,607,592,0,60,,,,,,,
Q5SY80,Q6ZQN7,CATSPERE,SLCO4C1,new in STRING v12: STRING experimental channel >= 400,606,602,0,51,,,,,,,
P0DP58,P32297,LYNX1,CHRNA3,new in STRING v12: STRING experimental channel >= 400,601,510,0,220,,,,,,,
Q9Y5H5,Q9Y5I1,PCDHA9,PCDHA11,new in STRING v12: STRING experimental channel >= 400,600,591,0,54,,,,,,,
P05023,Q01650,ATP1A1,SLC7A5,new in STRING v12: STRING experimental channel >= 400,599,507,0,190,,,,,,,
Q9UN73,Q9Y5H6,PCDHA6,PCDHA8,new in STRING v12: STRING experimental channel >= 400,597,470,0,52,,,,,,,
Q9Y5G4,Q9Y5H0,PCDHGA9,PCDHGA3,new in STRING v12: STRING experimental channel >= 400,596,435,0,58,,,,,,,
Q9Y5H3,Q9Y5I1,PCDHGA10,PCDHA11,new in STRING v12: STRING experimental channel >= 400,592,573,0,0,,,,,,,
Q9UHW9,Q9UP95,SLC12A6,SLC12A4,new in STRING v12: STRING experimental channel >= 400,587,573,0,62,,,,,,,
O00555,O60939,CACNA1A,SCN2B,new in STRING v12: STRING experimental channel >= 400,582,415,0,173,,,,,,,
O60939,Q8IZF0,SCN2B,NALCN,new in STRING v12: STRING experimental channel >= 400,580,409,0,229,,,,,,,
O60330,Q9Y5G2,PCDHGA12,PCDHGB2,new in STRING v12: STRING experimental channel >= 400,577,480,0,69,,,,,,,
Q12846,Q53TN4,STX4,CYBRD1,new in STRING v12: STRING experimental channel >= 400,564,564,0,0,,,,,,,
Q9Y5G7,Q9Y5G9,PCDHGA6,PCDHGA4,new in STRING v12: STRING experimental channel >= 400,562,547,0,55,,,,,,,
O94910,Q96PX8,ADGRL1,SLITRK1,new in STRING v12: STRING experimental channel >= 400,557,514,0,126,,,,,,,
P51693,Q9UQ52,APLP1,CNTN6,new in STRING v12: STRING experimental channel >= 400,556,404,0,209,,,,,,,
P04439,P21860,HLA-A,ERBB3,new in STRING v12: STRING experimental channel >= 400,555,467,0,201,,,,,,,
Q9Y5F8,Q9Y5G2,PCDHGB7,PCDHGB2,new in STRING v12: STRING experimental channel >= 400,555,435,0,58,,,,,,,
Q06481,Q12860,APLP2,CNTN1,new in STRING v12: STRING experimental channel >= 400,554,433,0,219,,,,,,,
O00241,O75015,SIRPB1,FCGR3B,new in STRING v12: STRING experimental channel >= 400,553,410,0,152,,,,,,,
O60330,Q9Y5H5,PCDHGA12,PCDHA9,new in STRING v12: STRING experimental channel >= 400,551,535,0,0,,,,,,,
Q14210,Q9GZU1,LY6D,MCOLN1,new in STRING v12: STRING experimental channel >= 400,551,551,0,0,,,,,,,
O94779,Q06481,CNTN5,APLP2,new in STRING v12: STRING experimental channel >= 400,549,433,0,211,,ConnectomeDB2025,ConnectomeDB2025:34958801,,,,
P51693,Q12860,APLP1,CNTN1,new in STRING v12: STRING experimental channel >= 400,548,404,0,164,,,,,,,
Q96PX8,Q9HAR2,SLITRK1,ADGRL3,new in STRING v12: STRING experimental channel >= 400,541,514,0,81,,,,,,,
Q9H156,Q9HAR2,SLITRK2,ADGRL3,new in STRING v12: STRING experimental channel >= 400,541,514,0,64,,,,,,,
Q9Y5G8,Q9Y5G9,PCDHGA5,PCDHGA4,new in STRING v12: STRING experimental channel >= 400,540,467,0,59,,,,,,,
Q06481,Q8IWV2,APLP2,CNTN4,new in STRING v12: STRING experimental channel >= 400,539,433,0,193,,ConnectomeDB2025,ConnectomeDB2025:34958801,,,,
O00241,P08637,SIRPB1,FCGR3A,new in STRING v12: STRING experimental channel >= 400,537,410,0,151,,,,,,,
Q8TAF8,Q9HBB8,LHFPL5,CDHR5,new in STRING v12: STRING experimental channel >= 400,534,448,0,175,,,,,,,
P41143,Q9Y666,OPRD1,SLC12A7,new in STRING v12: STRING experimental channel >= 400,533,533,0,0,,,,,,,
P49771,Q8NBR0,FLT3LG,TP53I13,new in STRING v12: STRING experimental channel >= 400,530,442,0,99,,,,,,,
Q8IW52,Q9HAR2,SLITRK4,ADGRL3,new in STRING v12: STRING experimental channel >= 400,527,514,0,0,,,,,,,
O95490,Q96PX8,ADGRL2,SLITRK1,new in STRING v12: STRING experimental channel >= 400,526,514,0,66,,,,,,,
O95490,Q9H156,ADGRL2,SLITRK2,new in STRING v12: STRING experimental channel >= 400,526,514,0,64,,,,,,,
P01880,P05067,IGHD,APP,new in STRING v12: STRING experimental channel >= 400,526,513,0,0,,,,,,,
O00241,P11912,SIRPB1,CD79A,new in STRING v12: STRING experimental channel >= 400,525,478,0,84,,,,,,,
O94910,Q9H156,ADGRL1,SLITRK2,new in STRING v12: STRING experimental channel >= 400,525,514,0,64,,,,,,,
O94910,Q9H5Y7,ADGRL1,SLITRK6,new in STRING v12: STRING experimental channel >= 400,525,514,0,63,,,,,,,
Q9H5Y7,Q9HAR2,SLITRK6,ADGRL3,new in STRING v12: STRING experimental channel >= 400,525,514,0,0,,,,,,,
Q9UN74,Q9Y5H3,PCDHA4,PCDHGA10,new in STRING v12: STRING experimental channel >= 400,524,480,0,64,,,,,,,
Q9Y5H3,Q9Y5H5,PCDHGA10,PCDHA9,new in STRING v12: STRING experimental channel >= 400,523,453,0,0,,,,,,,
O94910,Q86WK6,ADGRL1,AMIGO1,new in STRING v12: STRING experimental channel >= 400,521,514,0,0,,,,,,,
O94910,Q8IW52,ADGRL1,SLITRK4,new in STRING v12: STRING experimental channel >= 400,521,514,0,0,,,,,,,
O95490,Q8IW52,ADGRL2,SLITRK4,new in STRING v12: STRING experimental channel >= 400,521,514,0,0,,,,,,,
O00241,P40259,SIRPB1,CD79B,new in STRING v12: STRING experimental channel >= 400,517,478,0,89,,,,,,,
Q9Y5G0,Q9Y5G2,PCDHGB5,PCDHGB2,new in STRING v12: STRING experimental channel >= 400,517,424,0,57,,,,,,,
Q5SY80,Q96BD0,CATSPERE,SLCO4A1,new in STRING v12: STRING experimental channel >= 400,516,513,0,47,,,,,,,
O94910,Q86SJ2,ADGRL1,AMIGO2,new in STRING v12: STRING experimental channel >= 400,514,514,0,0,,,,,,,
O94910,Q8IVY1,ADGRL1,C1orf210,new in STRING v12: STRING experimental channel >= 400,514,514,0,0,,,,,,,
O95490,Q86SJ2,ADGRL2,AMIGO2,new in STRING v12: STRING experimental channel >= 400,514,514,0,0,,,,,,,
O95490,Q86WK6,ADGRL2,AMIGO1,new in STRING v12: STRING experimental channel >= 400,514,514,0,0,,,,,,,
O95490,Q8IVY1,ADGRL2,C1orf210,new in STRING v12: STRING experimental channel >= 400,514,514,0,0,,,,,,,
O95490,Q9H5Y7,ADGRL2,SLITRK6,new in STRING v12: STRING experimental channel >= 400,514,514,0,0,,,,,,,
Q86SJ2,Q9HAR2,AMIGO2,ADGRL3,new in STRING v12: STRING experimental channel >= 400,514,514,0,0,,,,,,,
Q86WK6,Q9HAR2,AMIGO1,ADGRL3,new in STRING v12: STRING experimental channel >= 400,514,514,0,0,,,,,,,
Q8IVY1,Q9HAR2,C1orf210,ADGRL3,new in STRING v12: STRING experimental channel >= 400,514,514,0,0,,,,,,,
P01880,P04156,IGHD,PRNP,new in STRING v12: STRING experimental channel >= 400,513,513,0,0,,,,,,,
O75787,Q6PJW8,ATP6AP2,CNST,new in STRING v12: STRING experimental channel >= 400,510,415,0,45,,,,,,,
P54709,Q01650,ATP1B3,SLC7A5,new in STRING v12: STRING experimental channel >= 400,510,456,0,117,,,,,,,
P11912,Q68D85,CD79A,NCR3LG1,new in STRING v12: STRING experimental channel >= 400,509,478,0,84,,,,,,,
Q07108,Q9NZG7,CD69,NINJ2,new in STRING v12: STRING experimental channel >= 400,505,488,0,0,,,,,,,
Q8NFP4,Q8NFZ3,MDGA1,NLGN4Y,new in STRING v12: STRING experimental channel >= 400,505,439,0,142,,,,,,,
P40259,Q68D85,CD79B,NCR3LG1,new in STRING v12: STRING experimental channel >= 400,504,478,0,89,,,,,,,
Q9UP95,Q9Y666,SLC12A4,SLC12A7,new in STRING v12: STRING experimental channel >= 400,496,473,0,68,,,,,,,
Q9Y5G9,Q9Y5H5,PCDHGA4,PCDHA9,new in STRING v12: STRING experimental channel >= 400,493,457,0,65,,,,,,,
Q96JQ0,Q9Y5G7,DCHS1,PCDHGA6,new in STRING v12: STRING experimental channel >= 400,492,464,0,67,,,,,,,
Q06481,Q9UQ52,APLP2,CNTN6,new in STRING v12: STRING experimental channel >= 400,491,433,0,109,,,,,,,
O60939,Q13698,SCN2B,CACNA1S,new in STRING v12: STRING experimental channel >= 400,489,415,0,134,,,,,,,
Q9Y5F9,Q9Y5G2,PCDHGB6,PCDHGB2,new in STRING v12: STRING experimental channel >= 400,489,472,0,59,,,,,,,
Q5SY80,Q9H2Y9,CATSPERE,SLCO5A1,new in STRING v12: STRING experimental channel >= 400,488,487,0,43,,,,,,,
Q96JQ0,Q9Y5G6,DCHS1,PCDHGA7,new in STRING v12: STRING experimental channel >= 400,488,472,0,45,,,,,,,
P04233,Q9UBY5,CD74,LPAR3,new in STRING v12: STRING experimental channel >= 400,487,488,0,0,,,,,,,
P21145,Q8WTT0,MAL,CLEC4C,new in STRING v12: STRING experimental channel >= 400,487,488,0,0,,,,,,,
P51654,Q6ZN44,GPC3,UNC5A,new in STRING v12: STRING experimental channel >= 400,487,479,0,57,,,,,,,
Q8IXB3,Q8TDV0,TRARG1,GPR151,new in STRING v12: STRING experimental channel >= 400,487,488,0,0,,,,,,,
P23469,Q9BTN0,PTPRE,LRFN3,new in STRING v12: STRING experimental channel >= 400,482,400,0,160,,,,,,,
O75015,P01880,FCGR3B,IGHD,new in STRING v12: STRING experimental channel >= 400,480,410,0,138,,,,,,,
P01880,P08637,IGHD,FCGR3A,new in STRING v12: STRING experimental channel >= 400,480,410,0,138,,,,,,,
Q06481,Q9P232,APLP2,CNTN3,new in STRING v12: STRING experimental channel >= 400,477,433,0,85,,,,,,,
Q9Y5F9,Q9Y5H5,PCDHGB6,PCDHA9,new in STRING v12: STRING experimental channel >= 400,477,435,0,45,,,,,,,
Q9Y5G2,Q9Y5H5,PCDHGB2,PCDHA9,new in STRING v12: STRING experimental channel >= 400,476,426,0,82,,,,,,,
P42702,Q99523,LIFR,SORT1,new in STRING v12: STRING experimental channel >= 400,475,405,0,131,,,,,,,
O60242,Q9BZR6,ADGRB3,RTN4R,new in STRING v12: STRING experimental channel >= 400,474,439,0,0,,ConnectomeDB2025,ConnectomeDB2025:34758294,,,,
Q7Z553,Q8NFZ3,MDGA2,NLGN4Y,new in STRING v12: STRING experimental channel >= 400,473,439,0,74,,,,,,,
P01880,P60033,IGHD,CD81,new in STRING v12: STRING experimental channel >= 400,472,439,0,99,,,,,,,
O00241,P04156,SIRPB1,PRNP,new in STRING v12: STRING experimental channel >= 400,469,469,0,42,,,,,,,
P04156,Q68D85,PRNP,NCR3LG1,new in STRING v12: STRING experimental channel >= 400,469,469,0,0,,,,,,,
Q6ZQN7,Q8NEC5,SLCO4C1,CATSPER1,new in STRING v12: STRING experimental channel >= 400,468,429,0,107,,,,,,,
Q86UG4,Q8NEC5,SLCO6A1,CATSPER1,new in STRING v12: STRING experimental channel >= 400,468,429,0,107,,,,,,,
O60241,Q9BZR6,ADGRB2,RTN4R,new in STRING v12: STRING experimental channel >= 400,464,406,0,69,,,,,,,
Q9UN71,Q9Y5G2,PCDHGB4,PCDHGB2,new in STRING v12: STRING experimental channel >= 400,464,422,0,56,,,,,,,
Q9Y5E7,Q9Y5G2,PCDHB2,PCDHGB2,new in STRING v12: STRING experimental channel >= 400,463,442,0,47,,,,,,,
Q07954,Q96MU8,LRP1,KREMEN1,new in STRING v12: STRING experimental channel >= 400,461,420,0,89,,,,,,,
P01880,P50281,IGHD,MMP14,new in STRING v12: STRING experimental channel >= 400,454,439,0,0,,,,,,,
P01880,Q06481,IGHD,APLP2,new in STRING v12: STRING experimental channel >= 400,454,439,0,0,,,,,,,
P23469,Q9P244,PTPRE,LRFN1,new in STRING v12: STRING experimental channel >= 400,453,400,0,113,,,,,,,
Q86UG4,Q9H7T0,SLCO6A1,CATSPERB,new in STRING v12: STRING experimental channel >= 400,452,429,0,74,,,,,,,
P10321,P23229,HLA-C,ITGA6,new in STRING v12: STRING experimental channel >= 400,449,425,0,64,,,,,,,
Q6ZQN7,Q7RTX7,SLCO4C1,CATSPER4,new in STRING v12: STRING experimental channel >= 400,449,429,0,76,,,,,,,
Q7RTX7,Q86UG4,CATSPER4,SLCO6A1,new in STRING v12: STRING experimental channel >= 400,449,429,0,76,,,,,,,
O43556,Q8TDY8,SGCE,IGDCC4,new in STRING v12: STRING experimental channel >= 400,448,422,0,0,,,,,,,
Q6ZQN7,Q9H7T0,SLCO4C1,CATSPERB,new in STRING v12: STRING experimental channel >= 400,448,429,0,74,,,,,,,
P62079,Q8NCG7,TSPAN5,DAGLB,new in STRING v12: STRING experimental channel >= 400,445,445,0,0,,,,,,,
P98155,Q96MU8,VLDLR,KREMEN1,new in STRING v12: STRING experimental channel >= 400,445,400,0,104,,,,,,,
P98164,Q96MU8,LRP2,KREMEN1,new in STRING v12: STRING experimental channel >= 400,443,420,0,70,,,,,,,
E9PQX1,Q6ZQN7,TMEM262,SLCO4C1,new in STRING v12: STRING experimental channel >= 400,438,429,0,0,,,,,,,
E9PQX1,Q86UG4,TMEM262,SLCO6A1,new in STRING v12: STRING experimental channel >= 400,438,429,0,0,,,,,,,
Q6ZQN7,Q86XM0,SLCO4C1,CATSPERD,new in STRING v12: STRING experimental channel >= 400,436,429,0,53,,,,,,,
Q86UG4,Q86XM0,SLCO6A1,CATSPERD,new in STRING v12: STRING experimental channel >= 400,436,429,0,53,,,,,,,
Q86UG4,Q86XQ3,SLCO6A1,CATSPER3,new in STRING v12: STRING experimental channel >= 400,434,429,0,0,,,,,,,
Q8NEC5,Q96BD0,CATSPER1,SLCO4A1,new in STRING v12: STRING experimental channel >= 400,432,401,0,91,,,,,,,
Q6ZQN7,Q96P56,SLCO4C1,CATSPER2,new in STRING v12: STRING experimental channel >= 400,431,429,0,45,,,,,,,
Q86UG4,Q96P56,SLCO6A1,CATSPER2,new in STRING v12: STRING experimental channel >= 400,431,429,0,45,,,,,,,
P32297,Q86XT9,CHRNA3,TMEM219,new in STRING v12: STRING experimental channel >= 400,430,430,0,0,,,,,,,
P40189,Q6UWI2,IL6ST,PARM1,new in STRING v12: STRING experimental channel >= 400,430,423,0,53,,,,,,,
Q6ZQN7,Q86XQ3,SLCO4C1,CATSPER3,new in STRING v12: STRING experimental channel >= 400,429,429,0,0,,,,,,,
P21926,Q8TDY8,CD9,IGDCC4,new in STRING v12: STRING experimental channel >= 400,427,423,0,47,,,,,,,
P18433,Q9BTN0,PTPRA,LRFN3,new in STRING v12: STRING experimental channel >= 400,426,400,0,69,,,,,,,
P18433,Q9P244,PTPRA,LRFN1,new in STRING v12: STRING experimental channel >= 400,426,400,0,69,,,,,,,
Q6P5W5,Q9H228,SLC39A4,S1PR5,new in STRING v12: STRING experimental channel >= 400,426,411,0,66,,,,,,,
Q08722,Q9ULV1,CD47,FZD4,new in STRING v12: STRING experimental channel >= 400,422,423,0,0,,,,,,,
Q12846,Q15758,STX4,SLC1A5,new in STRING v12: STRING experimental channel >= 400,421,421,0,0,,,,,,,
Q86XT9,Q8N7C0,TMEM219,LRRC52,new in STRING v12: STRING experimental channel >= 400,420,421,0,0,,,,,,,
Q96BD0,Q9H7T0,SLCO4A1,CATSPERB,new in STRING v12: STRING experimental channel >= 400,419,401,0,67,,,,,,,
O60939,Q96P56,SCN2B,CATSPER2,new in STRING v12: STRING experimental channel >= 400,417,409,0,0,,,,,,,
P20036,P21860,HLA-DPA1,ERBB3,new in STRING v12: STRING experimental channel >= 400,417,404,0,63,,,,,,,
Q7RTX7,Q96BD0,CATSPER4,SLCO4A1,new in STRING v12: STRING experimental channel >= 400,417,401,0,68,,,,,,,
O95221,Q86WR0,OR5F1,CCDC25,new in STRING v12: STRING experimental channel >= 400,416,417,0,0,,,,,,,
P01880,Q9Y6N7,IGHD,ROBO1,new in STRING v12: STRING experimental channel >= 400,412,406,0,52,,,,,,,
P32249,Q9HDB5,GPR183,NRXN3,new in STRING v12: STRING experimental channel >= 400,412,413,0,0,,,,,,,
P38484,Q8NGF6,IFNGR2,OR10W1,new in STRING v12: STRING experimental channel >= 400,411,405,0,52,,,,,,,
E9PQX1,Q96BD0,TMEM262,SLCO4A1,new in STRING v12: STRING experimental channel >= 400,409,401,0,0,,,,,,,
Q86XM0,Q96BD0,CATSPERD,SLCO4A1,new in STRING v12: STRING experimental channel >= 400,406,401,0,50,,,,,,,
Q86XQ3,Q96BD0,CATSPER3,SLCO4A1,new in STRING v12: STRING experimental channel >= 400,400,401,0,0,,,,,,,
Q96BD0,Q96P56,SLCO4A1,CATSPER2,new in STRING v12: STRING experimental channel >= 400,400,401,0,0,,,,,,,
O75144,P10747,LOC102723996,CD28,new in STRING v12: in a ligand-receptor resource (OmniPath),999,0,900,997,,Cellinker;Wojtowicz2020;ConnectomeDB2025;CellChatDB;connectomeDB2020;ICELLNET,connectomeDB2020:21530327;ConnectomeDB2025:21530327;ICELLNET:21530327;connectomeDB2020:23470321;Cellinker:32589946,,,,
O75144,P16410,LOC102723996,CTLA4,new in STRING v12: in a ligand-receptor resource (OmniPath),999,0,900,993,,Cellinker;Wojtowicz2020;ConnectomeDB2025;CellChatDB;connectomeDB2020;ICELLNET,ICELLNET:21530327;Cellinker:32589946;ConnectomeDB2025:21530327;connectomeDB2020:21530327,,,,
P05362,P19320,ICAM1,VCAM1,new in STRING v12: in a ligand-receptor resource (OmniPath),999,0,0,999,,Wang;Cellinker,Cellinker:16601240,,,,
P13598,P20701,ICAM2,ITGAL,new in STRING v12: in a ligand-receptor resource (OmniPath),999,0,900,994,,Wang;EMBRACE;talklr;Fantom5_LRdb;Ramilowski2015;iTALK;CellTalkDB;ConnectomeDB2025;HPMR_LRdb;LRdb;HPMR_talklr;connectomeDB2020,ConnectomeDB2025:11353828;connectomeDB2020:15023143;CellTalkDB:15023143;LRdb:15023143,,,,
P26718,Q29980,KLRK1,MICB,new in STRING v12: in a ligand-receptor resource (OmniPath),999,71,900,999,,Wang;connectomeDB2020;CellTalkDB;ConnectomeDB2025;LRdb;HPRD,LRdb:11491531;ConnectomeDB2025:19329438;connectomeDB2020:26041808;CellTalkDB:11491531;HPRD:12902493;connectomeDB2020:19329438,,,,
P58400,Q8NFZ3,NRXN1,NLGN4Y,new in STRING v12: in a ligand-receptor resource (OmniPath),999,294,900,998,,SIGNOR;CellPhoneDB,SIGNOR:18923512,,,,
P58401,Q8N0W4,NRXN2,NLGN4X,new in STRING v12: in a ligand-receptor resource (OmniPath),999,294,900,998,,SIGNOR;CellPhoneDB,SIGNOR:18923512,,,,
P58401,Q8NFZ3,NRXN2,NLGN4Y,new in STRING v12: in a ligand-receptor resource (OmniPath),999,294,900,998,,SIGNOR;CellPhoneDB,SIGNOR:18923512,,,,
P58401,Q9NZ94,NRXN2,NLGN3,new in STRING v12: in a ligand-receptor resource (OmniPath),999,294,900,998,,HPMR_Cellinker;Wang;talklr;Fantom5_LRdb;HPRD_LRdb;Cellinker;Ramilowski2015;connectomeDB2020;iTALK;CellTalkDB;ConnectomeDB2025;HPMR_LRdb;CellPhoneDB;LRdb;SIGNOR;HPMR_talklr;HPRD;HPRD_talklr,SIGNOR:18923512;HPRD:8576240;Cellinker:8576240;CellTalkDB:8576240;ConnectomeDB2025:8576240;connectomeDB2020:8576240;LRdb:8576240,,,,
O00206,P16671,TLR4,CD36,new in STRING v12: in a ligand-receptor resource (OmniPath),998,292,500,996,,LRdb;Reactome_LRdb;InnateDB,InnateDB:20037584,,,,
O60603,P16671,TLR2,CD36,new in STRING v12: in a ligand-receptor resource (OmniPath),998,0,500,996,,Cellinker,Cellinker:19471024,,,,
O95832,P60033,CLDN1,CD81,new in STRING v12: in a ligand-receptor resource (OmniPath),998,45,0,999,,Cellinker,Cellinker:20375010,,,,
P01135,P21860,TGFA,ERBB3,new in STRING v12: in a ligand-receptor resource (OmniPath),998,0,900,982,,EMBRACE;talklr;Fantom5_LRdb;STRING_talklr;iTALK;CellTalkDB;LRdb;CellCall,CellTalkDB:32196115,,,,
P05107,P19320,ITGB2,VCAM1,new in STRING v12: in a ligand-receptor resource (OmniPath),998,0,400,997,,HPMR_Cellinker;Wang;talklr;Fantom5_LRdb;Ramilowski2015;Cellinker;STRING_talklr;iTALK;CellTalkDB;ConnectomeDB2025;HPMR_LRdb;LRdb;HPMR_talklr;connectomeDB2020;HPMR,ConnectomeDB2025:10438935;HPMR:10438935;connectomeDB2020:10438935;CellTalkDB:10438935;LRdb:10438935;Cellinker:10438935,,,,
P05107,Q9BX67,ITGB2,JAM3,new in STRING v12: in a ligand-receptor resource (OmniPath),998,0,900,983,,Wang;Reactome_LRdb;CellTalkDB;ConnectomeDB2025;LRdb;InnateDB,ConnectomeDB2025:12208882;InnateDB:12208882,,,,
P10321,Q13241,HLA-C,KLRD1,new in STRING v12: in a ligand-receptor resource (OmniPath),998,128,650,994,,Baccin2019;Wang;Ramilowski2015_Baccin2019,Baccin2019:9405670;Baccin2019:9295021,,,,
P16284,Q8N6Q3,PECAM1,CD177,new in STRING v12: in a ligand-receptor resource (OmniPath),998,0,900,986,,Cellinker;ConnectomeDB2025;CellPhoneDB_Cellinker;CellPhoneDB;LRdb;connectomeDB2020,connectomeDB2020:17580308;LRdb:17580308;ConnectomeDB2025:20194726;Cellinker:17580308,,,,
P25063,Q96LC7,CD24,SIGLEC10,new in STRING v12: in a ligand-receptor resource (OmniPath),998,0,0,998,,ICELLNET;iTALK;CellTalkDB;ConnectomeDB2025,ConnectomeDB2025:19264983;ICELLNET:31367043;CellTalkDB:31367043,,,,
P58400,Q14118,NRXN1,DAG1,new in STRING v12: in a ligand-receptor resource (OmniPath),998,0,700,996,,SIGNOR;CellPhoneDB;ConnectomeDB2025;CellChatDB,SIGNOR:22626542;ConnectomeDB2025:11470830;CellChatDB:21628410,,,,
P10321,Q8NHL6,HLA-C,LILRB1,new in STRING v12: in a ligand-receptor resource (OmniPath),997,397,500,991,,talklr;Fantom5_LRdb;HPRD_LRdb;Cellinker;HINT;Ramilowski2015;connectomeDB2020;iTALK;CellTalkDB;ConnectomeDB2025;SPIKE_LC;LRdb;HPRD;ICELLNET;HPRD_talklr,SPIKE_LC:16189514;HPRD:12853576;HINT:24018270;ICELLNET:9382880;ICELLNET:9285411;connectomeDB2020:12853576;Cellinker:12853576;HINT:12853576;CellTalkDB:12853576;ConnectomeDB2025:12853576;LRdb:12853576,,,,
P58401,Q14118,NRXN2,DAG1,new in STRING v12: in a ligand-receptor resource (OmniPath),997,0,0,997,,SIGNOR;CellPhoneDB;ConnectomeDB2025;CellChatDB,SIGNOR:22626542;ConnectomeDB2025:11470830;CellChatDB:21628410,,,,
P10321,P43629,HLA-C,KIR3DL1,new in STRING v12: in a ligand-receptor resource (OmniPath),996,0,650,990,,Wang;talklr;Fantom5_LRdb;STRING_talklr;iTALK;CellTalkDB;LRdb,CellTalkDB:32196115,,,,
O75326,P05556,SEMA7A,ITGB1,new in STRING v12: in a ligand-receptor resource (OmniPath),995,51,900,959,,EMBRACE;talklr;Fantom5_LRdb;Ramilowski2015;Reactome_LRdb;STRING_talklr;iTALK;CellTalkDB;ConnectomeDB2025;LRdb;connectomeDB2020,talklr:7377534;ConnectomeDB2025:17377534;LRdb:7377534;connectomeDB2020:7377534;CellTalkDB:7377534;Ramilowski2015:7377534,,,,
P12830,P19022,CDH1,CDH2,new in STRING v12: in a ligand-receptor resource (OmniPath),995,0,720,983,,talklr;Fantom5_LRdb;STRING_talklr;iTALK;CellTalkDB;LRdb,CellTalkDB:32196115,,,,
P04233,P25025,CD74,CXCR2,new in STRING v12: in a ligand-receptor resource (OmniPath),994,292,0,992,,Cellinker,Cellinker:29637711,,,,
O95971,P17693,CD160,HLA-G,new in STRING v12: in a ligand-receptor resource (OmniPath),992,0,500,985,,ConnectomeDB2025;ICELLNET,ConnectomeDB2025:16809620;ICELLNET:16809620,,,,
P18627,Q6UXB4,LAG3,CLEC4G,new in STRING v12: in a ligand-receptor resource (OmniPath),992,91,0,992,,connectomeDB2020;ConnectomeDB2025;ICELLNET,connectomeDB2020:24769443;ICELLNET:24769443;ConnectomeDB2025:24769443,,,,
P36382,P36383,GJA5,GJC1,new in STRING v12: in a ligand-receptor resource (OmniPath),991,0,540,983,,CellPhoneDB;CellChatDB,CellChatDB:15094344;CellChatDB:32532966,,,,
P19235,Q9Y639,EPOR,NPTN,new in STRING v12: in a ligand-receptor resource (OmniPath),990,0,0,990,,Cellinker,Cellinker:8507186;Cellinker:1451111,,,,
P01889,Q8NHL6,HLA-B,LILRB1,new in STRING v12: in a ligand-receptor resource (OmniPath),989,397,500,966,,talklr;Fantom5_LRdb;HPRD_LRdb;Cellinker;HINT;Ramilowski2015;connectomeDB2020;iTALK;CellTalkDB;ConnectomeDB2025;SPIKE_LC;LRdb;HPRD;ICELLNET;HPRD_talklr,SPIKE_LC:16189514;HPRD:12853576;HINT:24018270;ICELLNET:9382880;ICELLNET:9285411;connectomeDB2020:12853576;Cellinker:12853576;HINT:12853576;CellTalkDB:12853576;ConnectomeDB2025:12853576;HINT:27649529;L,,,,
P41597,P61073,CCR2,CXCR4,new in STRING v12: in a ligand-receptor resource (OmniPath),989,0,500,978,,InnateDB;Cellinker,Cellinker:29637711;InnateDB:19758998,,,,
P01889,P43626,HLA-B,KIR2DL1,new in STRING v12: in a ligand-receptor resource (OmniPath),985,292,650,946,,Wang;Cellinker,Cellinker:31210416,,,,
P04233,P05067,CD74,APP,new in STRING v12: in a ligand-receptor resource (OmniPath),985,0,0,985,,EMBRACE;talklr;Fantom5_LRdb;Ramilowski2015;Cellinker;iTALK;CellTalkDB;ConnectomeDB2025;InnateDB;CellPhoneDB_Cellinker;CellPhoneDB;LRdb;CellChatDB;connectomeDB2020;ICELLNET,Cellinker:19849849;InnateDB:21832049;LRdb:19849849;ConnectomeDB2025:19849849;ICELLNET:19849849;Ramilowski2015:19849849;talklr:19849849;connectomeDB2020:19849849;CellChatDB:19849849;CellTalkDB:19849849,,,,
P57739,Q16625,CLDN2,OCLN,new in STRING v12: in a ligand-receptor resource (OmniPath),985,71,650,958,,Cellinker,Cellinker:21098027,,,,
P04439,P43626,HLA-A,KIR2DL1,new in STRING v12: in a ligand-receptor resource (OmniPath),984,0,650,957,,Wang;talklr;Fantom5_LRdb;STRING_talklr;iTALK;CellTalkDB;LRdb,CellTalkDB:22772445,,,,
O14944,P21860,EREG,ERBB3,new in STRING v12: in a ligand-receptor resource (OmniPath),982,0,650,952,,talklr;Fantom5_LRdb;STRING_talklr;iTALK;CellTalkDB;LRdb;CellCall;SIGNOR,SIGNOR:22891299;SIGNOR:16829981;CellTalkDB:32196115,,,,
P01730,P01909,CD4,HLA-DQA1,new in STRING v12: in a ligand-receptor resource (OmniPath),982,0,900,821,,Wang;CellChatDB,nan,,,,
P04216,P05107,THY1,ITGB2,new in STRING v12: in a ligand-receptor resource (OmniPath),979,0,900,798,,Wang;connectomeDB2020;LRdb,connectomeDB2020:18346467;LRdb:27765629,,,,
P32004,Q13740,L1CAM,ALCAM,new in STRING v12: in a ligand-receptor resource (OmniPath),979,61,900,799,,connectomeDB2020;ConnectomeDB2025;ICELLNET,connectomeDB2020:22983139;ICELLNET:22983139;ConnectomeDB2025:22983139,,,,
Q6NW40,Q9BQ51,RGMB,PDCD1LG2,new in STRING v12: in a ligand-receptor resource (OmniPath),974,0,0,974,,connectomeDB2020;ConnectomeDB2025,ConnectomeDB2025:24752301;connectomeDB2020:24752301,,,,
Q5DX21,Q9H7M9,IGSF11,VSIR,new in STRING v12: in a ligand-receptor resource (OmniPath),972,0,900,740,,connectomeDB2020;ConnectomeDB2025;ICELLNET,ConnectomeDB2025:30220083;ICELLNET:30220083;connectomeDB2020:30220083,,,,
P16070,P16422,CD44,EPCAM,new in STRING v12: in a ligand-receptor resource (OmniPath),971,0,0,971,,Cellinker,Cellinker:17579117,,,,
Q9BX67,Q9Y624,JAM3,F11R,new in STRING v12: in a ligand-receptor resource (OmniPath),970,94,900,697,,CellCall;Wang;Cellinker;CellChatDB,Cellinker:15065765,,,,
P57087,Q9Y624,JAM2,F11R,new in STRING v12: in a ligand-receptor resource (OmniPath),969,84,900,697,,Baccin2019;Wang;Cellinker;ConnectomeDB2025;CellChatDB;CellCall;connectomeDB2020,ConnectomeDB2025:25119047;Cellinker:15065765;connectomeDB2020:25119047;Baccin2019:25119047,,,,
Q14126,Q14574,DSG2,DSC3,new in STRING v12: in a ligand-receptor resource (OmniPath),961,0,500,914,,CellTalkDB;ConnectomeDB2025;CellPhoneDB;LRdb;CellChatDB;connectomeDB2020;ICELLNET,connectomeDB2020:27298358;LRdb:27298358;CellChatDB:27298358;ICELLNET:27298358;ConnectomeDB2025:27298358;CellTalkDB:27298358,,,,
P01730,P04440,CD4,HLA-DPB1,new in STRING v12: in a ligand-receptor resource (OmniPath),960,87,900,519,,Wang;CellChatDB,nan,,,,
Q9BY67,Q9NQS3,CADM1,NECTIN3,new in STRING v12: in a ligand-receptor resource (OmniPath),960,126,900,577,,Baccin2019;ConnectomeDB2025;CellPhoneDB;CellChatDB;connectomeDB2020;ICELLNET,connectomeDB2020:22703826;Baccin2019:17823505;ICELLNET:22703826;ConnectomeDB2025:22703826,,,,
P25942,Q9Y275,CD40,TNFSF13B,new in STRING v12: in a ligand-receptor resource (OmniPath),959,0,500,915,,HINT;CellTalkDB,HINT:16644731;HINT:17567982;CellTalkDB:32103204,,,,
P32248,P61073,CCR7,CXCR4,new in STRING v12: in a ligand-receptor resource (OmniPath),959,0,500,910,,Cellinker,Cellinker:29637711,,,,
Q15223,Q8N126,NECTIN1,CADM3,new in STRING v12: in a ligand-receptor resource (OmniPath),957,0,900,591,,Cellinker;ConnectomeDB2025;CellPhoneDB;CellChatDB;connectomeDB2020,connectomeDB2020:15741237;ConnectomeDB2025:15741237;CellChatDB:23027581;Cellinker:23027581,,,,
P04439,Q13241,HLA-A,KLRD1,new in STRING v12: in a ligand-receptor resource (OmniPath),952,52,650,866,,Baccin2019;Wang;Ramilowski2015_Baccin2019,Baccin2019:9405670;Baccin2019:9295021,,,,
Q8N126,Q9BY67,CADM3,CADM1,new in STRING v12: in a ligand-receptor resource (OmniPath),949,0,900,501,,Baccin2019;Cellinker;ConnectomeDB2025;CellPhoneDB;connectomeDB2020;ICELLNET,ICELLNET:15741237;ConnectomeDB2025:15741237;connectomeDB2020:15741237;Cellinker:32589946;Baccin2019:17823505,,,,
P01730,Q30154,CD4,HLA-DRB5,new in STRING v12: in a ligand-receptor resource (OmniPath),945,87,900,406,,Wang;CellChatDB,nan,,,,
P01889,Q13241,HLA-B,KLRD1,new in STRING v12: in a ligand-receptor resource (OmniPath),945,137,650,830,,Baccin2019;Wang;talklr;Ramilowski2015_Baccin2019;Fantom5_LRdb;HPRD_LRdb;Cellinker;Ramilowski2015;connectomeDB2020;iTALK;CellTalkDB;ConnectomeDB2025;SPIKE_LC;LRdb;HPRD;HPRD_talklr,HPRD:8046333;SPIKE_LC:16189514;Baccin2019:9405670;CellTalkDB:8046333;connectomeDB2020:8046333;Baccin2019:9295021;Cellinker:8046333;ConnectomeDB2025:8046333;LRdb:8046333,,,,
O15031,O43157,PLXNB2,PLXNB1,new in STRING v12: in a ligand-receptor resource (OmniPath),944,0,900,427,,Cellinker,Cellinker:24043639,,,,
P04626,Q99075,ERBB2,HBEGF,new in STRING v12: in a ligand-receptor resource (OmniPath),944,0,400,911,,Baccin2019;EMBRACE;Ramilowski2015_Baccin2019;Fantom5_LRdb;Ramilowski2015;Reactome_LRdb;talklr;STRING_talklr;iTALK;CellTalkDB;ConnectomeDB2025;CellPhoneDB;LRdb;connectomeDB2020;ICELLNET,connectomeDB2020:12958167;LRdb:12958167;talklr:12958167;CellTalkDB:12958167;ICELLNET:12621152;Ramilowski2015:12958167;ConnectomeDB2025:12958167,,,,
O95971,P10321,CD160,HLA-C,new in STRING v12: in a ligand-receptor resource (OmniPath),942,0,500,889,,ConnectomeDB2025;ICELLNET,ICELLNET:12486241;ConnectomeDB2025:12486241,,,,
P00533,Q8WWG1,EGFR,NRG4,new in STRING v12: in a ligand-receptor resource (OmniPath),936,131,400,886,,EMBRACE;talklr;Fantom5_LRdb;STRING_talklr;iTALK;CellTalkDB;LRdb,CellTalkDB:32196115,,,,
Q8N126,Q9NQS3,CADM3,NECTIN3,new in STRING v12: in a ligand-receptor resource (OmniPath),935,0,900,380,,Baccin2019;ConnectomeDB2025;CellPhoneDB;CellChatDB;connectomeDB2020;ICELLNET,connectomeDB2020:15741237;ConnectomeDB2025:15741237;ICELLNET:15741237;Baccin2019:17823505,,,,
P32926,Q14574,DSG3,DSC3,new in STRING v12: in a ligand-receptor resource (OmniPath),934,0,500,741,,CellTalkDB;ConnectomeDB2025;CellChatDB;connectomeDB2020;ICELLNET,connectomeDB2020:27298358;CellChatDB:27298358;ICELLNET:27298358;ConnectomeDB2025:27298358;CellTalkDB:27298358,,,,
Q02413,Q14574,DSG1,DSC3,new in STRING v12: in a ligand-receptor resource (OmniPath),933,0,500,837,,Cellinker;CellTalkDB;ConnectomeDB2025;CellPhoneDB_Cellinker;CellPhoneDB;LRdb;CellChatDB;connectomeDB2020;ICELLNET,connectomeDB2020:27298358;CellChatDB:27298358;LRdb:27298358;ICELLNET:27298358;ConnectomeDB2025:27298358;Cellinker:27298358;CellTalkDB:27298358,,,,
O00238,Q96B86,BMPR1B,RGMA,new in STRING v12: in a ligand-receptor resource (OmniPath),927,74,900,283,,Wang;EMBRACE;talklr;Fantom5_LRdb;STRING_talklr;iTALK;CellTalkDB;LRdb,CellTalkDB:32196115,,,,
P05107,P29965,ITGB2,CD40LG,new in STRING v12: in a ligand-receptor resource (OmniPath),925,0,0,916,,talklr;Fantom5_LRdb;STRING_talklr;iTALK;CellTalkDB;ConnectomeDB2025;LRdb,ConnectomeDB2025:17372166;CellTalkDB:24652469,,,,
A6NJW9,P01889,CD8B2,HLA-B,new in STRING v12: in a ligand-receptor resource (OmniPath),923,253,900,55,,CellChatDB,nan,,,,
O15394,P32004,NCAM2,L1CAM,new in STRING v12: in a ligand-receptor resource (OmniPath),923,91,900,128,,Wang;CellChatDB,nan,,,,
A6NJW9,P04439,CD8B2,HLA-A,new in STRING v12: in a ligand-receptor resource (OmniPath),922,253,900,0,,CellChatDB,nan,,,,
A6NJW9,P10321,CD8B2,HLA-C,new in STRING v12: in a ligand-receptor resource (OmniPath),922,253,900,0,,CellChatDB,nan,,,,
A6NJW9,P13747,CD8B2,HLA-E,new in STRING v12: in a ligand-receptor resource (OmniPath),922,253,900,0,,CellChatDB,nan,,,,
P16070,P50281,CD44,MMP14,new in STRING v12: in a ligand-receptor resource (OmniPath),919,0,0,912,,NetPath;Wang;Cellinker,Cellinker:11381077;NetPath:21385940,,,,
P10321,Q8N743,HLA-C,KIR3DL3,new in STRING v12: in a ligand-receptor resource (OmniPath),915,165,650,733,,CellChatDB,CellChatDB:28484462,,,,
P32926,Q02487,DSG3,DSC2,new in STRING v12: in a ligand-receptor resource (OmniPath),911,0,500,814,,connectomeDB2020;ConnectomeDB2025;ICELLNET;CellChatDB,ConnectomeDB2025:27298358;ICELLNET:27298358;CellChatDB:27298358;connectomeDB2020:27298358,,,,
P58401,Q86VH5,NRXN2,LRRTM3,new in STRING v12: in a ligand-receptor resource (OmniPath),908,127,500,779,,CellPhoneDB;CellChatDB,CellChatDB:20064387;CellChatDB:20064388;CellChatDB:20519524,,,,
O15394,P13591,NCAM2,NCAM1,new in STRING v12: in a ligand-receptor resource (OmniPath),906,0,900,61,,Wang;CellChatDB,nan,,,,
P01833,P24071,PIGR,FCAR,new in STRING v12: in a ligand-receptor resource (OmniPath),905,0,0,905,,Wojtowicz2020;Cellinker,Cellinker:32822567,,,,
A6NJW9,P17693,CD8B2,HLA-G,new in STRING v12: in a ligand-receptor resource (OmniPath),901,0,900,0,,CellChatDB,nan,,,,
A6NJW9,P30511,CD8B2,HLA-F,new in STRING v12: in a ligand-receptor resource (OmniPath),901,0,900,0,,CellChatDB,nan,,,,
P58400,Q86UE6,NRXN1,LRRTM1,new in STRING v12: in a ligand-receptor resource (OmniPath),901,127,500,749,,CellPhoneDB;ConnectomeDB2025;CellChatDB,CellChatDB:20064387;CellChatDB:20064388;ConnectomeDB2025:20519524;CellChatDB:20519524,,,,
P58401,Q86UE6,NRXN2,LRRTM1,new in STRING v12: in a ligand-receptor resource (OmniPath),896,127,500,746,,CellPhoneDB;CellChatDB,CellChatDB:20064387;CellChatDB:20064388;CellChatDB:20519524,,,,
O60669,P35613,SLC16A7,BSG,new in STRING v12: in a ligand-receptor resource (OmniPath),895,0,500,799,,connectomeDB2020,connectomeDB2020:21792931,,,,
O95471,P16070,CLDN7,CD44,new in STRING v12: in a ligand-receptor resource (OmniPath),894,0,0,894,,Cellinker,Cellinker:17579117;Cellinker:23230278,,,,
P05362,Q9NNX6,ICAM1,CD209,new in STRING v12: in a ligand-receptor resource (OmniPath),894,0,0,893,,Baccin2019;Ramilowski2015_Baccin2019,Baccin2019:11257134,,,,
P11215,P29965,ITGAM,CD40LG,new in STRING v12: in a ligand-receptor resource (OmniPath),894,0,0,883,,talklr;Fantom5_LRdb;STRING_talklr;iTALK;CellTalkDB;ConnectomeDB2025;LRdb,ConnectomeDB2025:17372166;CellTalkDB:32196115,,,,
O14788,Q9BXB1,TNFSF11,LGR4,new in STRING v12: in a ligand-receptor resource (OmniPath),893,0,0,893,,CellTalkDB;ConnectomeDB2025,CellTalkDB:27064449;ConnectomeDB2025:27064449,,,,
Q8NFY4,Q9NZC2,SEMA6D,TREM2,new in STRING v12: in a ligand-receptor resource (OmniPath),889,0,500,788,,Baccin2019;EMBRACE;Ramilowski2015_Baccin2019;Fantom5_LRdb;Ramilowski2015;talklr;STRING_talklr;iTALK;CellTalkDB;LRdb;connectomeDB2020,LRdb:16715077;connectomeDB2020:16715077;Ramilowski2015:16715077;CellTalkDB:16715077;talklr:16715077,,,,
P51654,P60033,GPC3,CD81,new in STRING v12: in a ligand-receptor resource (OmniPath),887,0,0,887,,Baccin2019;EMBRACE;Ramilowski2015_Baccin2019;Fantom5_LRdb;Ramilowski2015;Cellinker;talklr;iTALK;CellTalkDB;ConnectomeDB2025;LRdb;connectomeDB2020,CellTalkDB:19574424;Baccin2019:28098909;LRdb:23665349;Ramilowski2015:23665349;ConnectomeDB2025:23665349;connectomeDB2020:23665349;Cellinker:23665349;talklr:23665349,,,,
P31358,Q96LC7,CD52,SIGLEC10,new in STRING v12: in a ligand-receptor resource (OmniPath),882,0,0,874,,Cellinker;ConnectomeDB2025;CellPhoneDB_Cellinker;CellPhoneDB;LRdb;connectomeDB2020;ICELLNET,Cellinker:23685786;ICELLNET:29997173;ConnectomeDB2025:23685786;connectomeDB2020:23685786;LRdb:23685786,,,,
P58400,Q86VH5,NRXN1,LRRTM3,new in STRING v12: in a ligand-receptor resource (OmniPath),882,127,500,701,,CellPhoneDB;ConnectomeDB2025;CellChatDB,CellChatDB:20064387;CellChatDB:20064388;ConnectomeDB2025:26776509;CellChatDB:20519524,,,,
P05067,Q15109,APP,AGER,new in STRING v12: in a ligand-receptor resource (OmniPath),881,70,500,766,,HINT;CellTalkDB;ConnectomeDB2025,CellTalkDB:26758977;HINT:21832049;ConnectomeDB2025:8751438,,,,
P17813,P33151,ENG,CDH5,new in STRING v12: in a ligand-receptor resource (OmniPath),879,0,0,848,,Cellinker,Cellinker:18337748,,,,
P21926,Q8IYV9,CD9,IZUMO1,new in STRING v12: in a ligand-receptor resource (OmniPath),877,0,500,765,,CellTalkDB;HPMR,HPMR:15759005;CellTalkDB:30517645,,,,
P04626,Q8WWG1,ERBB2,NRG4,new in STRING v12: in a ligand-receptor resource (OmniPath),874,131,400,776,,EMBRACE;talklr;Fantom5_LRdb;Reactome_LRdb;STRING_talklr;iTALK;CellTalkDB;LRdb,CellTalkDB:32196115,,,,
P23515,Q96FE5,OMG,LINGO1,new in STRING v12: in a ligand-receptor resource (OmniPath),869,0,500,750,,HPMR_Cellinker;Wang;talklr;Fantom5_LRdb;Ramilowski2015;Cellinker;iTALK;CellTalkDB;ConnectomeDB2025;HPMR_LRdb;LRdb;SIGNOR;HPMR_talklr;connectomeDB2020;HPMR,connectomeDB2020:14966521;Cellinker:14966521;HPMR:14966521;ConnectomeDB2025:14966521;LRdb:14966521;CellTalkDB:14966521;SIGNOR:15694321,,,,
O14944,P04626,EREG,ERBB2,new in STRING v12: in a ligand-receptor resource (OmniPath),860,0,650,617,,talklr;Fantom5_LRdb;Reactome_LRdb;STRING_talklr;iTALK;CellTalkDB;LRdb;CellCall,CellTalkDB:32196115,,,,
Q8N0W4,Q9HDB5,NLGN4X,NRXN3,new in STRING v12: in a ligand-receptor resource (OmniPath),859,294,500,608,,SIGNOR;CellPhoneDB,SIGNOR:18923512,,,,
O43914,Q8NFY4,TYROBP,SEMA6D,new in STRING v12: in a ligand-receptor resource (OmniPath),857,0,500,727,,Baccin2019;EMBRACE;Ramilowski2015_Baccin2019;Fantom5_LRdb;Ramilowski2015;talklr;iTALK;CellTalkDB;LRdb;connectomeDB2020,LRdb:16715077;talklr:16715077;Ramilowski2015:16715077;connectomeDB2020:16715077,,,,
P01903,P18627,HLA-DRA,LAG3,new in STRING v12: in a ligand-receptor resource (OmniPath),856,88,500,697,,ICELLNET,ICELLNET:26927206;ICELLNET:22437870,,,,
P17813,P35968,ENG,KDR,new in STRING v12: in a ligand-receptor resource (OmniPath),856,0,0,840,,Cellinker,Cellinker:29401587,,,,
O95832,P98172,CLDN1,EFNB1,new in STRING v12: in a ligand-receptor resource (OmniPath),855,0,0,852,,Cellinker,Cellinker:16211011,,,,
P20701,Q14773,ITGAL,ICAM4,new in STRING v12: in a ligand-receptor resource (OmniPath),855,0,500,721,,HPMR_Cellinker;Wang;talklr;Fantom5_LRdb;Ramilowski2015;Cellinker;STRING_talklr;iTALK;CellTalkDB;ConnectomeDB2025;HPMR_LRdb;LRdb;HPMR_talklr;connectomeDB2020,ConnectomeDB2025:15355350;Cellinker:15355350;connectomeDB2020:15355350;LRdb:15355350;CellTalkDB:10846180,,,,
O95832,P57739,CLDN1,CLDN2,new in STRING v12: in a ligand-receptor resource (OmniPath),843,0,650,536,,CellCall;Wang;Cellinker,Cellinker:21098027,,,,
P05067,P98155,APP,VLDLR,new in STRING v12: in a ligand-receptor resource (OmniPath),829,69,540,627,,CellTalkDB,CellTalkDB:22429478,,,,
Q8NFZ3,Q9HDB5,NLGN4Y,NRXN3,new in STRING v12: in a ligand-receptor resource (OmniPath),827,294,500,535,,SIGNOR;CellPhoneDB,SIGNOR:18923512,,,,
P07550,P61073,ADRB2,CXCR4,new in STRING v12: in a ligand-receptor resource (OmniPath),826,0,0,819,,Cellinker,Cellinker:29637711,,,,
Q8N3J6,Q9BY67,CADM2,CADM1,new in STRING v12: in a ligand-receptor resource (OmniPath),825,0,500,653,,Wojtowicz2020;ConnectomeDB2025;Cellinker,ConnectomeDB2025:30131958;Cellinker:32822567,,,,
P58400,Q86VH4,NRXN1,LRRTM4,new in STRING v12: in a ligand-receptor resource (OmniPath),823,127,500,554,,CellPhoneDB;ConnectomeDB2025;CellChatDB,CellChatDB:20064387;CellChatDB:20064388;ConnectomeDB2025:20064387;CellChatDB:20519524,,,,
O95832,P21926,CLDN1,CD9,new in STRING v12: in a ligand-receptor resource (OmniPath),817,0,0,812,,Cellinker,Cellinker:17644758,,,,
P16070,Q92819,CD44,HAS2,new in STRING v12: in a ligand-receptor resource (OmniPath),817,0,0,815,,Wang;talklr;Fantom5_LRdb;Ramilowski2015;STRING_talklr;iTALK;CellTalkDB;HPMR_LRdb;LRdb;HPMR_talklr;connectomeDB2020;HPMR,HPMR:1694723;LRdb:1694723;connectomeDB2020:1694723;CellTalkDB:1694723,,,,
P32926,Q08554,DSG3,DSC1,new in STRING v12: in a ligand-receptor resource (OmniPath),806,0,500,600,,CellTalkDB;ConnectomeDB2025;CellChatDB;connectomeDB2020;ICELLNET,connectomeDB2020:27298358;CellChatDB:27298358;ICELLNET:27298358;ConnectomeDB2025:27298358;CellTalkDB:27298358,,,,
P08575,P22897,PTPRC,MRC1,new in STRING v12: in a ligand-receptor resource (OmniPath),802,71,0,772,,Cellinker;ConnectomeDB2025;CellPhoneDB_Cellinker;CellPhoneDB;CellChatDB;connectomeDB2020,Cellinker:27601670;ConnectomeDB2025:27601670;CellChatDB:10575006;connectomeDB2020:10575006;CellChatDB:27601670;Cellinker:10575006;connectomeDB2020:27601670,,,,
O14493,P98172,CLDN4,EFNB1,new in STRING v12: in a ligand-receptor resource (OmniPath),801,0,0,801,,Cellinker,Cellinker:16211011,,,,
O15551,P57739,CLDN3,CLDN2,new in STRING v12: in a ligand-receptor resource (OmniPath),800,0,650,433,,CellCall;Wang;Cellinker,Cellinker:10562289,,,,
P11049,P27701,CD37,CD82,new in STRING v12: in a ligand-receptor resource (OmniPath),796,0,0,791,,Cellinker,Cellinker:22624718,,,,
P01730,Q16653,CD4,MOG,new in STRING v12: in a ligand-receptor resource (OmniPath),795,0,0,789,,Cellinker,Cellinker:32589946,,,,
P02786,P08582,TFRC,MELTF,new in STRING v12: in a ligand-receptor resource (OmniPath),792,0,0,775,,talklr;Fantom5_LRdb;STRING_talklr;iTALK;CellTalkDB;LRdb,CellTalkDB:12688510,,,,
O95500,Q9Y5I7,CLDN14,CLDN16,new in STRING v12: in a ligand-receptor resource (OmniPath),791,0,650,389,,CellCall;Wang;Cellinker,Cellinker:29782346,,,,
P56748,Q8N6F1,CLDN8,CLDN19,new in STRING v12: in a ligand-receptor resource (OmniPath),790,0,650,414,,CellCall;Wang;Cellinker,Cellinker:28605828,,,,
P05556,Q9BX67,ITGB1,JAM3,new in STRING v12: in a ligand-receptor resource (OmniPath),786,0,500,584,,CellTalkDB;LRdb;Reactome_LRdb,CellTalkDB:32196115,,,,
P58401,Q86VH4,NRXN2,LRRTM4,new in STRING v12: in a ligand-receptor resource (OmniPath),780,127,500,529,,CellPhoneDB;CellChatDB,CellChatDB:20064387;CellChatDB:20064388;CellChatDB:20519524,,,,
P35968,P52799,KDR,EFNB2,new in STRING v12: in a ligand-receptor resource (OmniPath),770,0,0,760,,Cellinker,Cellinker:20445540,,,,
P04216,P48960,THY1,ADGRE5,new in STRING v12: in a ligand-receptor resource (OmniPath),751,0,0,751,,ICELLNET;CellPhoneDB;ConnectomeDB2025;CellChatDB,ICELLNET:22210915;ConnectomeDB2025:22210915;CellChatDB:31462748,,,,
O14672,P52797,ADAM10,EFNA3,new in STRING v12: in a ligand-receptor resource (OmniPath),750,0,500,522,,LRdb;Cellinker,Cellinker:19823572;LRdb:19823572,,,,
P01911,P18627,HLA-DRB1,LAG3,new in STRING v12: in a ligand-receptor resource (OmniPath),750,87,500,490,,ICELLNET,ICELLNET:26927206;ICELLNET:22437870,,,,
P36382,Q9Y6H8,GJA5,GJA3,new in STRING v12: in a ligand-receptor resource (OmniPath),741,0,720,114,,CellPhoneDB;CellChatDB,CellChatDB:15094344;CellChatDB:32532966,,,,
Q86VH4,Q9HDB5,LRRTM4,NRXN3,new in STRING v12: in a ligand-receptor resource (OmniPath),739,278,500,301,,CellPhoneDB;CellChatDB,CellChatDB:20064387;CellChatDB:20064388;CellChatDB:20519524,,,,
O76036,P01730,NCR1,CD4,new in STRING v12: in a ligand-receptor resource (OmniPath),737,0,0,737,,Cellinker,Cellinker:32589946,,,,
P58400,Q9BQT9,NRXN1,CLSTN3,new in STRING v12: in a ligand-receptor resource (OmniPath),734,0,0,713,,CellPhoneDB;ConnectomeDB2025;CellChatDB,ConnectomeDB2025:32434929;CellChatDB:32434929,,,,
P11049,P60033,CD37,CD81,new in STRING v12: in a ligand-receptor resource (OmniPath),725,0,0,706,,Cellinker,Cellinker:22624718,,,,
P04439,P04626,HLA-A,ERBB2,new in STRING v12: in a ligand-receptor resource (OmniPath),724,0,0,724,,Baccin2019;talklr;Ramilowski2015_Baccin2019;Fantom5_LRdb;HPRD_LRdb;Ramilowski2015;HINT;connectomeDB2020;STRING_talklr;iTALK;CellTalkDB;LRdb;HPRD;HPRD_talklr,Baccin2019:10593938;HPRD:10593938;CellTalkDB:10593938;connectomeDB2020:10593938;HINT:10593938;LRdb:10593938,,,,
P04439,P10966,HLA-A,CD8B,new in STRING v12: in a ligand-receptor resource (OmniPath),724,253,500,300,,Wang;CellChatDB,nan,,,,
O14786,Q02246,NRP1,CNTN2,new in STRING v12: in a ligand-receptor resource (OmniPath),723,0,0,724,,EMBRACE;talklr;Fantom5_LRdb;STRING_talklr;iTALK;CellTalkDB;ConnectomeDB2025;LRdb,CellTalkDB:22836270;ConnectomeDB2025:22836270,,,,
O43508,Q86VB7,TNFSF12,CD163,new in STRING v12: in a ligand-receptor resource (OmniPath),721,0,0,679,,NetPath;connectomeDB2020;ConnectomeDB2025,NetPath:17548657;connectomeDB2020:19473660;ConnectomeDB2025:19473660,,,,
Q86UE6,Q9HDB5,LRRTM1,NRXN3,new in STRING v12: in a ligand-receptor resource (OmniPath),718,127,500,343,,CellPhoneDB;CellChatDB,CellChatDB:20064387;CellChatDB:20064388;CellChatDB:20519524,,,,
P11362,P16234,FGFR1,PDGFRA,new in STRING v12: in a ligand-receptor resource (OmniPath),715,90,0,687,,Cellinker,Cellinker:16322476,,,,
Q92823,Q96GW7,NRCAM,BCAN,new in STRING v12: in a ligand-receptor resource (OmniPath),713,0,0,679,,EMBRACE;talklr;Fantom5_LRdb;STRING_talklr;iTALK;CellTalkDB;LRdb,CellTalkDB:32196115,,,,
P18627,P20036,LAG3,HLA-DPA1,new in STRING v12: in a ligand-receptor resource (OmniPath),712,161,500,355,,ICELLNET,ICELLNET:26927206;ICELLNET:22437870,,,,
O94910,P58400,ADGRL1,NRXN1,new in STRING v12: in a ligand-receptor resource (OmniPath),711,0,0,711,,ICELLNET;CellPhoneDB;ConnectomeDB2025;CellChatDB,CellChatDB:34022279;CellChatDB:25728924;CellChatDB:27091502;ICELLNET:28968187;CellChatDB:35907405;ConnectomeDB2025:22262843;ICELLNET:22262843,,,,
P09619,P52798,PDGFRB,EFNA4,new in STRING v12: in a ligand-receptor resource (OmniPath),709,0,650,205,,CellCall;Cellinker,Cellinker:32116646,,,,
O75509,P01375,TNFRSF21,TNF,new in STRING v12: in a ligand-receptor resource (OmniPath),708,0,0,708,,Baccin2019;HPMR_Cellinker;EMBRACE;Ramilowski2015_Baccin2019;Fantom5_LRdb;Ramilowski2015;Cellinker;Wang;talklr;iTALK;CellTalkDB;HPMR_LRdb;LRdb;SIGNOR;HPMR_talklr;connectomeDB2020;HPMR,HPMR:9714541;CellTalkDB:9714541;Cellinker:9714541;Baccin2019:9714541;LRdb:9714541;SIGNOR:9714541;connectomeDB2020:9714541,,,,
O43155,Q8IZJ1,FLRT2,UNC5B,new in STRING v12: in a ligand-receptor resource (OmniPath),707,95,0,685,,ConnectomeDB2025;Cellinker;CellChatDB,CellChatDB:27091502;Cellinker:32589946;ConnectomeDB2025:21673655,,,,
P01889,P10966,HLA-B,CD8B,new in STRING v12: in a ligand-receptor resource (OmniPath),706,253,500,252,,Wang;CellChatDB,nan,,,,
P10321,P10966,HLA-C,CD8B,new in STRING v12: in a ligand-receptor resource (OmniPath),705,253,500,251,,Wang;CellChatDB,nan,,,,
P58401,Q9BQT9,NRXN2,CLSTN3,new in STRING v12: in a ligand-receptor resource (OmniPath),705,0,0,678,,CellPhoneDB;ConnectomeDB2025;CellChatDB,ConnectomeDB2025:32434929;CellChatDB:32434929,,,,
P08514,P25116,ITGA2B,F2R,new in STRING v12: in a ligand-receptor resource (OmniPath),702,0,0,700,,Cellinker,Cellinker:28034890,,,,
P51654,Q07954,GPC3,LRP1,new in STRING v12: in a ligand-receptor resource (OmniPath),699,0,400,512,,CellTalkDB;LRdb;Reactome_LRdb,CellTalkDB:32196115,,,,
O95484,Q8N6F1,CLDN9,CLDN19,new in STRING v12: in a ligand-receptor resource (OmniPath),698,0,650,84,,CellCall;Wang;Cellinker,Cellinker:28605828,,,,
P56747,Q8N6F1,CLDN6,CLDN19,new in STRING v12: in a ligand-receptor resource (OmniPath),686,0,650,87,,CellCall;Wang;Cellinker,Cellinker:28605828,,,,
P51681,Q16570,CCR5,ACKR1,new in STRING v12: in a ligand-receptor resource (OmniPath),682,322,0,540,,Cellinker,Cellinker:29637711,,,,
P00533,P78536,EGFR,ADAM17,new in STRING v12: in a ligand-receptor resource (OmniPath),679,0,0,670,,Cellinker,Cellinker:29540993,,,,
O94910,P58401,ADGRL1,NRXN2,new in STRING v12: in a ligand-receptor resource (OmniPath),676,0,0,669,,CellPhoneDB;ICELLNET;CellChatDB,CellChatDB:34022279;CellChatDB:25728924;CellChatDB:27091502;ICELLNET:28968187;CellChatDB:35907405;ICELLNET:22262843,,,,
P36383,Q9Y6H8,GJC1,GJA3,new in STRING v12: in a ligand-receptor resource (OmniPath),676,168,540,212,,CellPhoneDB;CellChatDB,CellChatDB:15094344;CellChatDB:32532966,,,,
P11912,Q7Z6A9,CD79A,BTLA,new in STRING v12: in a ligand-receptor resource (OmniPath),675,0,0,531,,talklr;Fantom5_LRdb;Ramilowski2015;NetPath;STRING_talklr;iTALK;CellTalkDB;LRdb;connectomeDB2020,connectomeDB2020:19155498;Ramilowski2015:19155498;LRdb:19155498;talklr:19155498;CellTalkDB:19155498;NetPath:19155498,,,,
P01906,P18627,HLA-DQA2,LAG3,new in STRING v12: in a ligand-receptor resource (OmniPath),669,0,500,348,,ICELLNET,ICELLNET:26927206;ICELLNET:22437870,,,,
P01920,P18627,HLA-DQB1,LAG3,new in STRING v12: in a ligand-receptor resource (OmniPath),669,87,500,321,,ICELLNET,ICELLNET:26927206;ICELLNET:22437870,,,,
P13688,Q15116,CEACAM1,PDCD1,new in STRING v12: in a ligand-receptor resource (OmniPath),667,0,0,667,,Wojtowicz2020;Cellinker,Cellinker:32822567,,,,
O95471,Q8N6F1,CLDN7,CLDN19,new in STRING v12: in a ligand-receptor resource (OmniPath),666,0,650,67,,CellCall;Wang;Cellinker,Cellinker:28605828,,,,
P06731,Q14002,CEACAM5,CEACAM7,new in STRING v12: in a ligand-receptor resource (OmniPath),658,0,400,76,,Cellinker,Cellinker:32589946,,,,
P04626,Q92854,ERBB2,SEMA4D,new in STRING v12: in a ligand-receptor resource (OmniPath),656,0,500,341,,Baccin2019;EMBRACE;RLIMS-P_ProtMapper;Fantom5_LRdb;Ramilowski2015;Ramilowski2015_Baccin2019;Reactome_LRdb;talklr;STRING_talklr;iTALK;CellTalkDB;LRdb;ProtMapper;REACH_ProtMapper;connectomeDB2020,talklr:15210733;CellTalkDB:15210733;connectomeDB2020:15210733;ProtMapper:15210733;Ramilowski2015:15210733;LRdb:15210733,,,,
P09326,Q15116,CD48,PDCD1,new in STRING v12: in a ligand-receptor resource (OmniPath),656,0,0,606,,Cellinker,Cellinker:32589946,,,,
Q14574,Q86SJ6,DSC3,DSG4,new in STRING v12: in a ligand-receptor resource (OmniPath),654,0,500,284,,connectomeDB2020;ConnectomeDB2025;ICELLNET;CellChatDB,ConnectomeDB2025:27298358;ICELLNET:27298358;CellChatDB:27298358;connectomeDB2020:27298358,,,,
P21802,Q8NFM7,FGFR2,IL17RD,new in STRING v12: in a ligand-receptor resource (OmniPath),653,0,0,642,,CellChatDB-cofactors,nan,,,,
P01909,P18627,HLA-DQA1,LAG3,new in STRING v12: in a ligand-receptor resource (OmniPath),651,0,500,316,,ICELLNET,ICELLNET:26927206;ICELLNET:22437870,,,,
P01730,P17693,CD4,HLA-G,new in STRING v12: in a ligand-receptor resource (OmniPath),639,84,0,609,,talklr;Fantom5_LRdb;STRING_talklr;iTALK;CellTalkDB;LRdb,CellTalkDB:32196115,,,,
P01903,P19397,HLA-DRA,CD53,new in STRING v12: in a ligand-receptor resource (OmniPath),639,0,0,470,,Cellinker,Cellinker:8119731;Cellinker:21428930,,,,
P04234,P10321,CD3D,HLA-C,new in STRING v12: in a ligand-receptor resource (OmniPath),639,76,500,245,,talklr;Fantom5_LRdb;STRING_talklr;iTALK;CellTalkDB;LRdb,CellTalkDB:31848223,,,,
P18627,Q30154,LAG3,HLA-DRB5,new in STRING v12: in a ligand-receptor resource (OmniPath),630,87,500,254,,ICELLNET,ICELLNET:26927206;ICELLNET:22437870,,,,
P01889,P04234,HLA-B,CD3D,new in STRING v12: in a ligand-receptor resource (OmniPath),628,0,500,246,,talklr;Fantom5_LRdb;STRING_talklr;iTALK;CellTalkDB;LRdb,CellTalkDB:32196115,,,,
P05538,P18627,HLA-DQB2,LAG3,new in STRING v12: in a ligand-receptor resource (OmniPath),628,87,500,236,,ICELLNET,ICELLNET:26927206;ICELLNET:22437870,,,,
Q02487,Q86SJ6,DSC2,DSG4,new in STRING v12: in a ligand-receptor resource (OmniPath),627,0,500,267,,connectomeDB2020;ConnectomeDB2025;ICELLNET;CellChatDB,ConnectomeDB2025:27298358;ICELLNET:27298358;CellChatDB:27298358;connectomeDB2020:27298358,,,,
Q8N423,Q9H3S1,LILRB2,SEMA4A,new in STRING v12: in a ligand-receptor resource (OmniPath),625,54,0,585,,connectomeDB2020;ConnectomeDB2025;ICELLNET,ICELLNET:29467366;connectomeDB2020:29467366;ConnectomeDB2025:29467366,,,,
P16581,P35613,SELE,BSG,new in STRING v12: in a ligand-receptor resource (OmniPath),618,91,0,597,,Cellinker;CellTalkDB;ConnectomeDB2025;LRdb;connectomeDB2020;ICELLNET,Cellinker:19443639;LRdb:19443639;ICELLNET:19443639;ConnectomeDB2025:19443639;CellTalkDB:19443639;connectomeDB2020:19443639,,,,
P15813,Q8N423,CD1D,LILRB2,new in STRING v12: in a ligand-receptor resource (OmniPath),617,0,0,573,,Cellinker;ConnectomeDB2025;CellPhoneDB_Cellinker;CellPhoneDB;LRdb;InnateDB;connectomeDB2020;ICELLNET,InnateDB:19124746;connectomeDB2020:19124746;ICELLNET:19124746;ConnectomeDB2025:19124746;Cellinker:19124746;LRdb:19124746,,,,
Q08554,Q86SJ6,DSC1,DSG4,new in STRING v12: in a ligand-receptor resource (OmniPath),613,0,500,145,,connectomeDB2020;ConnectomeDB2025;ICELLNET;CellChatDB,ConnectomeDB2025:27298358;ICELLNET:27298358;CellChatDB:27298358;connectomeDB2020:27298358,,,,
P16070,P35968,CD44,KDR,new in STRING v12: in a ligand-receptor resource (OmniPath),604,0,0,597,,Cellinker,Cellinker:26181364,,,,
Q9NQA5,Q9Y5I7,TRPV5,CLDN16,new in STRING v12: in a ligand-receptor resource (OmniPath),604,0,0,596,,Cellinker,Cellinker:31488724,,,,
O95484,P60033,CLDN9,CD81,new in STRING v12: in a ligand-receptor resource (OmniPath),603,0,0,598,,Cellinker,Cellinker:20375010,,,,
P56747,P60033,CLDN6,CD81,new in STRING v12: in a ligand-receptor resource (OmniPath),600,0,0,601,,Cellinker,Cellinker:20375010,,,,
P01732,P06731,CD8A,CEACAM5,new in STRING v12: in a ligand-receptor resource (OmniPath),597,0,0,597,,ConnectomeDB2025;CellPhoneDB;LRdb;connectomeDB2020;ICELLNET,connectomeDB2020:24104458;LRdb:24104458;ConnectomeDB2025:24104458;ICELLNET:24104458,,,,
P20138,Q9BZZ2,CD33,SIGLEC1,new in STRING v12: in a ligand-receptor resource (OmniPath),596,0,0,571,,Wojtowicz2020;Cellinker,Cellinker:32822567,,,,
P20138,Q8N423,CD33,LILRB2,new in STRING v12: in a ligand-receptor resource (OmniPath),595,126,0,272,,Wojtowicz2020;Cellinker,Cellinker:32822567,,,,
P08887,P78536,IL6R,ADAM17,new in STRING v12: in a ligand-receptor resource (OmniPath),592,0,0,570,,CellTalkDB;ConnectomeDB2025;InnateDB,CellTalkDB:22575642;InnateDB:24790088;ConnectomeDB2025:22575642,,,,
P01889,P09693,HLA-B,CD3G,new in STRING v12: in a ligand-receptor resource (OmniPath),588,0,500,203,,talklr;Fantom5_LRdb;STRING_talklr;iTALK;CellTalkDB;LRdb,CellTalkDB:32196115,,,,
P05067,Q04721,APP,NOTCH2,new in STRING v12: in a ligand-receptor resource (OmniPath),587,45,0,557,,CellTalkDB;ConnectomeDB2025,ConnectomeDB2025:16118793;CellTalkDB:16118793,,,,
P09693,P10321,CD3G,HLA-C,new in STRING v12: in a ligand-receptor resource (OmniPath),586,0,500,201,,talklr;Fantom5_LRdb;STRING_talklr;iTALK;CellTalkDB;LRdb,CellTalkDB:31848223,,,,
P04440,P18627,HLA-DPB1,LAG3,new in STRING v12: in a ligand-receptor resource (OmniPath),583,87,500,142,,ICELLNET,ICELLNET:26927206;ICELLNET:22437870,,,,
P10912,P19235,GHR,EPOR,new in STRING v12: in a ligand-receptor resource (OmniPath),576,0,0,576,,Cellinker,Cellinker:11751584,,,,
O95858,P05067,TSPAN15,APP,new in STRING v12: in a ligand-receptor resource (OmniPath),569,0,400,288,,CellTalkDB,CellTalkDB:28066176,,,,
P04216,Q9UHX3,THY1,ADGRE2,new in STRING v12: in a ligand-receptor resource (OmniPath),564,0,0,565,,CellPhoneDB;CellChatDB,CellChatDB:31462748,,,,
P06756,Q13444,ITGAV,ADAM15,new in STRING v12: in a ligand-receptor resource (OmniPath),564,0,0,564,,EMBRACE;talklr;Fantom5_LRdb;Ramilowski2015;Cellinker;STRING_talklr;iTALK;CellTalkDB;ConnectomeDB2025;LRdb;connectomeDB2020,ConnectomeDB2025:9516430;connectomeDB2020:9914169;LRdb:9914169;CellTalkDB:9914169;Ramilowski2015:9914169;Cellinker:9914169;talklr:9914169,,,,
P07550,P32248,ADRB2,CCR7,new in STRING v12: in a ligand-receptor resource (OmniPath),562,0,0,486,,Cellinker,Cellinker:29637711,,,,
P58401,Q9H4D0,NRXN2,CLSTN2,new in STRING v12: in a ligand-receptor resource (OmniPath),555,0,0,525,,CellPhoneDB;CellChatDB,CellChatDB:32434929,,,,
P58401,Q96ID5,NRXN2,IGSF21,new in STRING v12: in a ligand-receptor resource (OmniPath),549,47,0,464,,Cellinker,Cellinker:32589946,,,,
P46531,Q9UQ52,NOTCH1,CNTN6,new in STRING v12: in a ligand-receptor resource (OmniPath),547,51,0,542,,SIGNOR;connectomeDB2020;ConnectomeDB2025,connectomeDB2020:15082708;SIGNOR:15082708;ConnectomeDB2025:15082708,,,,
P04156,Q86SQ4,PRNP,ADGRG6,new in STRING v12: in a ligand-receptor resource (OmniPath),543,45,0,542,,ICELLNET;CellPhoneDB;ConnectomeDB2025;CellChatDB,ConnectomeDB2025:27501152;ICELLNET:28968187;ICELLNET:27501152;CellChatDB:31462748,,,,
P05556,Q13443,ITGB1,ADAM9,new in STRING v12: in a ligand-receptor resource (OmniPath),532,0,0,490,,Wang;talklr;Fantom5_LRdb;Ramilowski2015;iTALK;CellTalkDB;ConnectomeDB2025;HPMR_LRdb;LRdb;HPMR_talklr;connectomeDB2020,ConnectomeDB2025:10825303;connectomeDB2020:10825303;CellTalkDB:10825303;LRdb:10825303,,,,
O14672,Q9NZC2,ADAM10,TREM2,new in STRING v12: in a ligand-receptor resource (OmniPath),527,0,0,527,,CellTalkDB,CellTalkDB:28923481,,,,
P02786,Q9Y275,TFRC,TNFSF13B,new in STRING v12: in a ligand-receptor resource (OmniPath),524,64,0,513,,CellTalkDB,CellTalkDB:32103204,,,,
O14931,Q9NZQ7,NCR3,CD274,new in STRING v12: in a ligand-receptor resource (OmniPath),522,0,0,518,,Wojtowicz2020;Cellinker,Cellinker:32822567,,,,
P21860,Q9BY67,ERBB3,CADM1,new in STRING v12: in a ligand-receptor resource (OmniPath),522,67,0,509,,Cellinker,Cellinker:19561085,,,,
O43914,P16070,TYROBP,CD44,new in STRING v12: in a ligand-receptor resource (OmniPath),521,0,0,462,,CellPhoneDB,nan,,,,
P05106,P25116,ITGB3,F2R,new in STRING v12: in a ligand-receptor resource (OmniPath),521,45,0,491,,Cellinker,Cellinker:28034890,,,,
Q6GTX8,Q8NHJ6,LAIR1,LILRB4,new in STRING v12: in a ligand-receptor resource (OmniPath),513,120,0,306,,Cellinker;CellPhoneDB_Cellinker;CellPhoneDB;LRdb;connectomeDB2020,Cellinker:19283782;connectomeDB2020:19283782;LRdb:19283782,,,,
O60635,P05556,TSPAN1,ITGB1,new in STRING v12: in a ligand-receptor resource (OmniPath),507,0,0,508,,Wang;Adhesome;Cellinker,Cellinker:30514341;Adhesome:10427099,,,,
P01130,P98164,LDLR,LRP2,new in STRING v12: in a ligand-receptor resource (OmniPath),502,0,500,45,,Cellinker,Cellinker:12871303,,,,
P01903,P15391,HLA-DRA,CD19,new in STRING v12: in a ligand-receptor resource (OmniPath),502,0,0,370,,Cellinker,Cellinker:8119731,,,,
P25116,P55085,F2R,F2RL1,new in STRING v12: in a ligand-receptor resource (OmniPath),496,0,400,177,,Cellinker,Cellinker:27127302,,,,
O14672,P16070,ADAM10,CD44,new in STRING v12: in a ligand-receptor resource (OmniPath),495,0,0,478,,SIGNOR;CellTalkDB,SIGNOR:26284334;CellTalkDB:18971959,,,,
P08648,Q02763,ITGA5,TEK,new in STRING v12: in a ligand-receptor resource (OmniPath),494,0,0,483,,Wang;Cellinker,Cellinker:30185785,,,,
O43508,P28908,TNFSF12,TNFRSF8,new in STRING v12: in a ligand-receptor resource (OmniPath),489,0,0,489,,UniProt_LRdb;CellTalkDB;LRdb,CellTalkDB:32196115,,,,
O43184,P05556,ADAM12,ITGB1,new in STRING v12: in a ligand-receptor resource (OmniPath),487,0,0,459,,Wang;EMBRACE;talklr;Fantom5_LRdb;Ramilowski2015;STRING_talklr;iTALK;CellTalkDB;ConnectomeDB2025;HPMR_LRdb;LRdb;Adhesome;HPMR_talklr;connectomeDB2020,connectomeDB2020:10944520;LRdb:10944520;Adhesome:15242759;ConnectomeDB2025:10944520;CellTalkDB:10944520,,,,
P20963,Q7Z6A9,CD247,BTLA,new in STRING v12: in a ligand-receptor resource (OmniPath),479,0,0,403,,talklr;Fantom5_LRdb;STRING_talklr;iTALK;CellTalkDB;LRdb,CellTalkDB:32196115,,,,
P01911,P15391,HLA-DRB1,CD19,new in STRING v12: in a ligand-receptor resource (OmniPath),477,0,0,436,,Cellinker,Cellinker:8119731,,,,
P08887,P30530,IL6R,AXL,new in STRING v12: in a ligand-receptor resource (OmniPath),476,0,0,476,,Wojtowicz2020;Cellinker,Cellinker:32822567,,,,
O75581,P05067,LRP6,APP,new in STRING v12: in a ligand-receptor resource (OmniPath),475,69,0,439,,CellTalkDB;ConnectomeDB2025,CellTalkDB:30232325;ConnectomeDB2025:30232325,,,,
P21926,P32004,CD9,L1CAM,new in STRING v12: in a ligand-receptor resource (OmniPath),474,0,0,474,,connectomeDB2020,connectomeDB2020:8838570,,,,
O95866,Q15109,MPIG6B,AGER,new in STRING v12: in a ligand-receptor resource (OmniPath),473,0,0,460,,Wojtowicz2020;Cellinker,Cellinker:32822567,,,,
Q14118,Q9HDB5,DAG1,NRXN3,new in STRING v12: in a ligand-receptor resource (OmniPath),470,0,0,471,,SIGNOR;CellPhoneDB;ConnectomeDB2025,SIGNOR:22626542;ConnectomeDB2025:11470830,,,,
Q6UXG3,Q8TDQ1,CD300LG,CD300LF,new in STRING v12: in a ligand-receptor resource (OmniPath),469,0,400,152,,Wojtowicz2020;Cellinker,Cellinker:32822567,,,,
Q8N423,Q9UKJ1,LILRB2,PILRA,new in STRING v12: in a ligand-receptor resource (OmniPath),463,0,0,181,,Wojtowicz2020;Cellinker,Cellinker:32822567,,,,
P05556,Q9HCN6,ITGB1,GP6,new in STRING v12: in a ligand-receptor resource (OmniPath),462,0,0,454,,Cellinker,Cellinker:19286885,,,,
P22455,Q8NFM7,FGFR4,IL17RD,new in STRING v12: in a ligand-receptor resource (OmniPath),462,0,0,456,,CellChatDB-cofactors,nan,,,,
O15354,P29274,GPR37,ADORA2A,new in STRING v12: in a ligand-receptor resource (OmniPath),461,292,0,271,,Cellinker,Cellinker:28298427,,,,
O14786,Q13740,NRP1,ALCAM,new in STRING v12: in a ligand-receptor resource (OmniPath),458,0,0,446,,connectomeDB2020;ConnectomeDB2025,ConnectomeDB2025:31300520;connectomeDB2020:31300520,,,,
P51654,P98164,GPC3,LRP2,new in STRING v12: in a ligand-receptor resource (OmniPath),455,0,400,108,,CellTalkDB;LRdb;Reactome_LRdb,CellTalkDB:32196115,,,,
O95477,Q96KG7,ABCA1,MEGF10,new in STRING v12: in a ligand-receptor resource (OmniPath),447,0,0,447,,SIGNOR;CellTalkDB,CellTalkDB:17205124;SIGNOR:17205124,,,,
P04156,P07550,PRNP,ADRB2,new in STRING v12: in a ligand-receptor resource (OmniPath),447,328,0,194,,Cellinker,Cellinker:28298427,,,,
P26992,Q8NHJ6,CNTFR,LILRB4,new in STRING v12: in a ligand-receptor resource (OmniPath),445,0,0,445,,Cellinker,Cellinker:32589946,,,,
Q8TDQ1,Q96H15,CD300LF,TIMD4,new in STRING v12: in a ligand-receptor resource (OmniPath),440,67,0,400,,Wojtowicz2020;Cellinker,Cellinker:32822567,,,,
Q02223,Q9HBG7,TNFRSF17,LY9,new in STRING v12: in a ligand-receptor resource (OmniPath),437,0,0,366,,Cellinker,Cellinker:32589946,,,,
O14672,P08887,ADAM10,IL6R,new in STRING v12: in a ligand-receptor resource (OmniPath),436,0,0,417,,CellTalkDB,CellTalkDB:21454673,,,,
P08908,P47870,HTR1A,GABRB2,new in STRING v12: in a ligand-receptor resource (OmniPath),434,0,0,345,,Cellinker,Cellinker:11854302,,,,
P35968,Q8NFY4,KDR,SEMA6D,new in STRING v12: in a ligand-receptor resource (OmniPath),432,0,0,414,,Baccin2019;Wang;EMBRACE;Ramilowski2015_Baccin2019;Fantom5_LRdb;Ramilowski2015;talklr;iTALK;CellTalkDB;HPMR_LRdb;LRdb;HPMR_talklr;connectomeDB2020,connectomeDB2020:14977921;Baccin2019:14977921;CellTalkDB:14977921;LRdb:14977921,,,,
P12318,Q15116,FCGR2A,PDCD1,new in STRING v12: in a ligand-receptor resource (OmniPath),428,0,0,413,,Cellinker,Cellinker:32589946,,,,
P56749,P60033,CLDN12,CD81,new in STRING v12: in a ligand-receptor resource (OmniPath),428,0,0,428,,Cellinker,Cellinker:20375010,,,,
O15354,Q13639,GPR37,HTR4,new in STRING v12: in a ligand-receptor resource (OmniPath),425,322,0,188,,Cellinker,Cellinker:28298427,,,,
P16070,Q6UVK1,CD44,CSPG4,new in STRING v12: in a ligand-receptor resource (OmniPath),425,0,0,413,,ICELLNET,ICELLNET:29812912,,,,
Q07954,Q9Y625,LRP1,GPC6,new in STRING v12: in a ligand-receptor resource (OmniPath),422,0,400,57,,LRdb;Reactome_LRdb,nan,,,,
P11836,P19397,MS4A1,CD53,new in STRING v12: in a ligand-receptor resource (OmniPath),417,0,0,188,,Cellinker,Cellinker:21428930,,,,
P98164,Q9Y625,LRP2,GPC6,new in STRING v12: in a ligand-receptor resource (OmniPath),410,0,400,57,,LRdb;Reactome_LRdb,nan,,,,
O95832,P16422,CLDN1,EPCAM,new in STRING v12: in a ligand-receptor resource (OmniPath),408,0,0,370,,Cellinker,Cellinker:23486470,,,,
O15354,Q9H313,GPR37,TTYH1,new in STRING v12: in a ligand-receptor resource (OmniPath),406,292,0,128,,Cellinker,Cellinker:25402006,,,,
P58400,Q9H4D0,NRXN1,CLSTN2,new in STRING v12: in a ligand-receptor resource (OmniPath),405,0,0,357,,CellPhoneDB;CellChatDB,CellChatDB:32434929,,,,
O94985,P58401,CLSTN1,NRXN2,new in STRING v12: in a ligand-receptor resource (OmniPath),401,0,0,373,,CellPhoneDB;CellChatDB,CellChatDB:32434929,,,,
P12314,Q16653,FCGR1A,MOG,new in STRING v12: in a ligand-receptor resource (OmniPath),401,0,0,364,,Wojtowicz2020;Cellinker,Cellinker:32822567,,,,
P50281,Q08345,MMP14,DDR1,new in STRING v12: in a ligand-receptor resource (OmniPath),400,0,0,392,,Cellinker,Cellinker:23519472,,,,
O00451,P07949,GFRA2,RET,new in STRING v12: in a ligand-receptor resource (OmniPath); STRING experimental channel >= 400,999,910,800,994,,HINT;Cellinker,Cellinker:9883723;HINT:31392261;HINT:31535977,,,,
O60609,P07949,GFRA3,RET,new in STRING v12: in a ligand-receptor resource (OmniPath); STRING experimental channel >= 400,999,910,800,994,,HINT;Cellinker,Cellinker:9883723;HINT:31535977,,,,
O75144,Q9Y6W8,ICOSLG,ICOS,new in STRING v12: in a ligand-receptor resource (OmniPath); STRING experimental channel >= 400,999,916,900,999,,iTALK;CellTalkDB;SPIKE_LC;CellPhoneDB_Cellinker;CellChatDB;HPRD;Wang;IntAct;ConnectomeDB2025;SPIKE;connectomeDB2020;BioGRID;Cellinker;HINT;KEGG-MEDICUS;NetPath;Wojtowicz2020;LRdb;SIGNOR;UniProt_LRdb;ICELLNET;Baccin2019;CellPhoneDB,BioGRID:11956294;connectomeDB2020:23954143;HPRD:11956294;IntAct:11956294;HPRD:11023515;HINT:11956294;ConnectomeDB2025:10617205;CellChatDB:23954143;Cellinker:21955433;HPRD:10657606;HINT:16951355;HINT:3,,,,
O94910,Q9NT68,ADGRL1,TENM2,new in STRING v12: in a ligand-receptor resource (OmniPath); STRING experimental channel >= 400,999,967,0,971,,ICELLNET;CellPhoneDB;ConnectomeDB2025;CellChatDB,CellChatDB:34022279;ConnectomeDB2025:21724987;ICELLNET:21724987;CellChatDB:25728924;ICELLNET:24273166;CellChatDB:27091502;CellChatDB:35907405,,,,
P01889,P43629,HLA-B,KIR3DL1,new in STRING v12: in a ligand-receptor resource (OmniPath); STRING experimental channel >= 400,999,982,900,998,,iTALK;CellTalkDB;SPIKE_LC;HPRD;Wang;Ramilowski2015;STRING_talklr;ConnectomeDB2025;HPMR_LRdb;Lit-BM-17;connectomeDB2020;HPMR_Cellinker;HPRD_LRdb;Cellinker;HINT;LRdb;ICELLNET;HPRD_talklr;talklr;Fantom5_LRdb;HPMR_talklr,HINT:32404419;SPIKE_LC:16189514;LRdb:15607823;Cellinker:17182537;Lit-BM-17:25480565;ConnectomeDB2025:8046332;connectomeDB2020:8046332;HINT:27045007;HINT:25740999;HINT:22020283;Cellinker:8046332;Lit-BM,,,,
P01889,P43630,HLA-B,KIR3DL2,new in STRING v12: in a ligand-receptor resource (OmniPath); STRING experimental channel >= 400,999,405,900,989,,Wang;Cellinker;ConnectomeDB2025;CellTalkDB;CellPhoneDB;CellChatDB;connectomeDB2020;ICELLNET,Cellinker:23440420;connectomeDB2020:17407096;CellChatDB:28484462;connectomeDB2020:23804219;connectomeDB2020:23857132;ConnectomeDB2025:17407096;ICELLNET:23440420;CellTalkDB:23804219,,,,
P05362,P20701,ICAM1,ITGAL,new in STRING v12: in a ligand-receptor resource (OmniPath); STRING experimental channel >= 400,999,983,900,997,,iTALK;CellTalkDB;SPIKE_LC;CellChatDB;Wang;EMBRACE;Ramilowski2015;IntAct;STRING_talklr;ConnectomeDB2025;HPMR_LRdb;Lit-BM-17;connectomeDB2020;DIP;BioGRID;HINT;LRdb;talklr;Fantom5_LRdb;CellPhoneDB;HPMR_talklr;HPMR,ConnectomeDB2025:11353828;SPIKE_LC:16189514;Lit-BM-17:11786177;HINT:16595626;HPMR:16354667;Lit-BM-17:11279101;IntAct:12526797;HINT:22956999;HPMR:14507735;BioGRID:12526797;CellChatDB:23602662;HINT:1178,,,,
P10321,P43626,HLA-C,KIR2DL1,new in STRING v12: in a ligand-receptor resource (OmniPath); STRING experimental channel >= 400,999,848,900,999,,iTALK;CellTalkDB;CellPhoneDB_Cellinker;InnateDB;CellChatDB;HPRD;Wang;Ramilowski2015;IntAct;STRING_talklr;ConnectomeDB2025;HPMR_LRdb;Lit-BM-17;connectomeDB2020;BioGRID;HPMR_Cellinker;HPRD_LRdb;Cellinker;HINT;LRdb;ICELLNET;HPRD_talklr;talklr;Fantom5_LRdb;CellPhoneDB;HPMR_talklr,BioGRID:11323700;connectomeDB2020:9686591;ConnectomeDB2025:10429675;LRdb:15607823;HPRD:9686591;Cellinker:9686591;HPRD:11323700;LRdb:12794140;Lit-BM-17:11163076;Cellinker:11323700;LRdb:11163076;Cellink,,,,
P10321,P43628,HLA-C,KIR2DL3,new in STRING v12: in a ligand-receptor resource (OmniPath); STRING experimental channel >= 400,999,983,900,999,,iTALK;CellTalkDB;SPIKE_LC;CellPhoneDB_Cellinker;InnateDB;CellChatDB;HPRD;Wang;Ramilowski2015;IntAct;STRING_talklr;ConnectomeDB2025;HPMR_LRdb;connectomeDB2020;BioGRID;HPMR_Cellinker;HPRD_LRdb;Cellinker;HINT;LRdb;ICELLNET;HPRD_talklr;talklr;Fantom5_LRdb;CellPhoneDB;HPMR_talklr,LRdb:10497191;SPIKE_LC:16189514;LRdb:15607823;LRdb:8692965;connectomeDB2020:10497191;HINT:8692965;HPRD:9768753;InnateDB:19858347;ConnectomeDB2025:28352266;HPRD:8692965;Cellinker:15607823;HPRD:10497191,,,,
P14778,Q9NPH3,IL1R1,IL1RAP,new in STRING v12: in a ligand-receptor resource (OmniPath); STRING experimental channel >= 400,999,979,500,988,,Wang;Cellinker;HINT;NetPath;InnateDB;SIGNOR;HPRD;SignaLink3,InnateDB:15866876;NetPath:7775431;HINT:20802483;InnateDB:15044087;HINT:15866876;InnateDB:9371760;SignaLink3:12530978;HINT:9371760;SignaLink3:23331499;SignaLink3:9371760;InnateDB:9430229;NetPath:108543,,,,
P26718,Q6H3X3,KLRK1,RAET1G,new in STRING v12: in a ligand-receptor resource (OmniPath); STRING experimental channel >= 400,999,765,900,995,,Wang;connectomeDB2020;IntAct;CellTalkDB;ConnectomeDB2025;CellChatDB;HPRD,IntAct:15240696;connectomeDB2020:26041808;connectomeDB2020:29651291;HPRD:15240696;CellChatDB:24223577;ConnectomeDB2025:19424970;IntAct:19658097;CellTalkDB:19424970;IntAct:19424970,,,,
P26718,Q9BZM5,KLRK1,ULBP2,new in STRING v12: in a ligand-receptor resource (OmniPath); STRING experimental channel >= 400,999,619,900,999,,Wang;talklr;Fantom5_LRdb;Ramilowski2015;IntAct;iTALK;CellTalkDB;ConnectomeDB2025;HPMR_LRdb;LRdb;SIGNOR;CellChatDB;HPMR_talklr;connectomeDB2020;HPMR,connectomeDB2020:26041808;connectomeDB2020:10894171;SIGNOR:10894171;CellChatDB:24223577;ConnectomeDB2025:11239445;HPMR:10894171;LRdb:10894171;IntAct:19424970;CellTalkDB:10894171;IntAct:28559451,,,,
P26718,Q9BZM6,KLRK1,ULBP1,new in STRING v12: in a ligand-receptor resource (OmniPath); STRING experimental channel >= 400,999,424,900,999,,Wang;CellTalkDB;ConnectomeDB2025;CellChatDB;connectomeDB2020,connectomeDB2020:29651291;connectomeDB2020:26041808;CellChatDB:24223577;ConnectomeDB2025:11239445;CellTalkDB:21764762,,,,
P35613,P53985,BSG,SLC16A1,new in STRING v12: in a ligand-receptor resource (OmniPath); STRING experimental channel >= 400,999,976,900,983,,HINT;HPRD;connectomeDB2020;NetPath,connectomeDB2020:21792931;NetPath:14607782;HPRD:10921872;HINT:33333023;HINT:35271311,,,,
P58400,Q8N0W4,NRXN1,NLGN4X,new in STRING v12: in a ligand-receptor resource (OmniPath); STRING experimental channel >= 400,999,926,900,999,,SIGNOR;connectomeDB2020;CellPhoneDB;ConnectomeDB2025,connectomeDB2020:20543817;SIGNOR:18923512;ConnectomeDB2025:20543817,,,,
P58400,Q8N2Q7,NRXN1,NLGN1,new in STRING v12: in a ligand-receptor resource (OmniPath); STRING experimental channel >= 400,999,807,900,999,,iTALK;CellTalkDB;HPRD;Wang;EMBRACE;Ramilowski2015_Baccin2019;Ramilowski2015;STRING_talklr;ConnectomeDB2025;HPMR_LRdb;connectomeDB2020;BioGRID;HPMR_Cellinker;HPRD_LRdb;Cellinker;HINT;LRdb;SIGNOR;ICELLNET;HPRD_talklr;Baccin2019;talklr;Fantom5_LRdb;CellPhoneDB;HPMR_talklr,BioGRID:12796785;SIGNOR:18923512;BioGRID:8576240;ConnectomeDB2025:14522992;CellTalkDB:8576240;Baccin2019:14522992;HINT:14522992;HPRD:8576240;Cellinker:8576240;Baccin2019:8576240;HINT:12796785;HINT:857,,,,
P58400,Q8NFZ4,NRXN1,NLGN2,new in STRING v12: in a ligand-receptor resource (OmniPath); STRING experimental channel >= 400,999,479,900,999,,iTALK;CellTalkDB;HPRD;Wang;EMBRACE;Ramilowski2015_Baccin2019;Ramilowski2015;ConnectomeDB2025;HPMR_LRdb;connectomeDB2020;HPMR_Cellinker;HPRD_LRdb;Cellinker;LRdb;SIGNOR;HPRD_talklr;Baccin2019;talklr;Fantom5_LRdb;CellPhoneDB;HPMR_talklr,connectomeDB2020:8576240;SIGNOR:18923512;HPRD:8576240;Cellinker:8576240;ConnectomeDB2025:16242404;CellTalkDB:8576240;Baccin2019:85762408576240;LRdb:8576240,,,,
P58400,Q9NZ94,NRXN1,NLGN3,new in STRING v12: in a ligand-receptor resource (OmniPath); STRING experimental channel >= 400,999,479,900,999,,iTALK;CellTalkDB;HPRD;Wang;Ramilowski2015;STRING_talklr;ConnectomeDB2025;HPMR_LRdb;connectomeDB2020;HPMR_Cellinker;HPRD_LRdb;Cellinker;LRdb;SIGNOR;HPRD_talklr;talklr;Fantom5_LRdb;CellPhoneDB;HPMR_talklr,LRdb:933;SIGNOR:18923512;connectomeDB2020:9325340;HPRD:8576240;Cellinker:8576240;CellTalkDB:8576240;Cellinker:9325340;ConnectomeDB2025:8576240;HPRD:9325340;connectomeDB2020:8576240;LRdb:8576240,,,,
P58401,Q8N2Q7,NRXN2,NLGN1,new in STRING v12: in a ligand-receptor resource (OmniPath); STRING experimental channel >= 400,999,479,900,999,,Baccin2019;EMBRACE;Ramilowski2015_Baccin2019;Fantom5_LRdb;Ramilowski2015;talklr;iTALK;CellTalkDB;ConnectomeDB2025;CellPhoneDB;LRdb;SIGNOR;connectomeDB2020,SIGNOR:18923512;Ramilowski2015:7736595;CellTalkDB:7736595;connectomeDB2020:7736595;talklr:7736595;LRdb:7736595;ConnectomeDB2025:7736595,,,,
P58401,Q8NFZ4,NRXN2,NLGN2,new in STRING v12: in a ligand-receptor resource (OmniPath); STRING experimental channel >= 400,999,479,900,999,,Baccin2019;HPMR_Cellinker;EMBRACE;Ramilowski2015_Baccin2019;Fantom5_LRdb;Ramilowski2015;Cellinker;Wang;talklr;iTALK;CellTalkDB;ConnectomeDB2025;HPMR_LRdb;CellPhoneDB;LRdb;SIGNOR;HPMR_talklr;connectomeDB2020,SIGNOR:18923512;ConnectomeDB2025:21424692;Cellinker:8576240;Baccin2019:8576240;CellTalkDB:8576240;connectomeDB2020:8576240;LRdb:8576240,,,,
Q695T7,Q9BYF1,SLC6A19,ACE2,new in STRING v12: in a ligand-receptor resource (OmniPath); STRING experimental channel >= 400,999,981,0,996,,BioGRID;IntAct;CellTalkDB;HINT,HINT:33737693;HINT:37684251;HINT:34433803;HINT:34189428;HINT:888800000006;IntAct:32132184;BioGRID:36057605;IntAct:34189428;HINT:32132184,,,,
Q9HAR2,Q9NT68,ADGRL3,TENM2,new in STRING v12: in a ligand-receptor resource (OmniPath); STRING experimental channel >= 400,999,997,0,896,,HINT;ConnectomeDB2025;CellPhoneDB;CellChatDB;ICELLNET,CellChatDB:34022279;HINT:32358586;CellChatDB:25728924;ICELLNET:24273166;CellChatDB:27091502;CellChatDB:35907405;ConnectomeDB2025:24273166,,,,
O94856,Q12860,NFASC,CNTN1,new in STRING v12: in a ligand-receptor resource (OmniPath); STRING experimental channel >= 400,998,797,900,915,,Wang;ConnectomeDB2025;Cellinker,Cellinker:32589946;ConnectomeDB2025:27017186,,,,
O95490,Q9NT68,ADGRL2,TENM2,new in STRING v12: in a ligand-receptor resource (OmniPath); STRING experimental channel >= 400,998,967,0,943,,ICELLNET;CellPhoneDB;ConnectomeDB2025;CellChatDB,CellChatDB:34022279;CellChatDB:25728924;ICELLNET:24273166;CellChatDB:27091502;CellChatDB:35907405;ConnectomeDB2025:24273166,,,,
P08174,Q9UHX3,CD55,ADGRE2,new in STRING v12: in a ligand-receptor resource (OmniPath); STRING experimental channel >= 400,998,405,0,998,,talklr;Fantom5_LRdb;STRING_talklr;iTALK;CellTalkDB;LRdb,CellTalkDB:9064337,,,,
O43300,P58400,LRRTM2,NRXN1,new in STRING v12: in a ligand-receptor resource (OmniPath); STRING experimental channel >= 400,997,439,500,992,,HINT;IntAct;ConnectomeDB2025;CellPhoneDB;CellChatDB,IntAct:30262834;CellChatDB:20519524;CellChatDB:20064387;ConnectomeDB2025:20064387;CellChatDB:20064388;HINT:30262834,,,,
O75581,Q96MU8,LRP6,KREMEN1,new in STRING v12: in a ligand-receptor resource (OmniPath); STRING experimental channel >= 400,997,967,500,848,,HINT;SignaLink3;Cellinker,HINT:27524201;Cellinker:29925589;SignaLink3:12050670;SignaLink3:23331499,,,,
P01732,P01889,CD8A,HLA-B,new in STRING v12: in a ligand-receptor resource (OmniPath); STRING experimental channel >= 400,996,585,900,909,,Wang;HINT;ConnectomeDB2025;CellChatDB;HPRD,HINT:12853576;HPRD:10809759;HINT:10809759;HPRD:9331948;ConnectomeDB2025:10809759,,,,
P04439,P43628,HLA-A,KIR2DL3,new in STRING v12: in a ligand-receptor resource (OmniPath); STRING experimental channel >= 400,996,926,650,867,,Wang;talklr;Fantom5_LRdb;STRING_talklr;iTALK;CellTalkDB;LRdb,CellTalkDB:22772445,,,,
P25106,P61073,ACKR3,CXCR4,new in STRING v12: in a ligand-receptor resource (OmniPath); STRING experimental channel >= 400,996,789,900,850,,HINT;IntAct;Cellinker,Cellinker:29637711;IntAct:29386406;IntAct:27331810;IntAct:28862946;IntAct:21730065;HINT:19380869;IntAct:25775528;IntAct:19380869;HINT:21730065,,,,
Q9BQ51,Q9NZQ7,PDCD1LG2,CD274,new in STRING v12: in a ligand-receptor resource (OmniPath); STRING experimental channel >= 400,996,600,500,970,,HINT;Wojtowicz2020;Cellinker,HINT:20587542;HINT:28813410;Cellinker:32822567,,,,
O94910,Q6N022,ADGRL1,TENM4,new in STRING v12: in a ligand-receptor resource (OmniPath); STRING experimental channel >= 400,994,967,0,840,,ICELLNET;CellPhoneDB;ConnectomeDB2025;CellChatDB,CellChatDB:34022279;CellChatDB:25728924;CellChatDB:27091502;CellChatDB:35907405;ICELLNET:30477585;ConnectomeDB2025:24273166,,,,
P01730,P01911,CD4,HLA-DRB1,new in STRING v12: in a ligand-receptor resource (OmniPath); STRING experimental channel >= 400,994,905,500,879,,Wang;HINT;iTALK;ConnectomeDB2025;CellChatDB,HINT:22431638;ConnectomeDB2025:1574119;HINT:21900604,,,,
P01732,P10321,CD8A,HLA-C,new in STRING v12: in a ligand-receptor resource (OmniPath); STRING experimental channel >= 400,994,585,900,873,,Wang;HINT;ConnectomeDB2025;CellChatDB;HPRD,HINT:12853576;HPRD:10809759;HINT:10809759;HPRD:12899833;ConnectomeDB2025:10809759,,,,
O43300,P58401,LRRTM2,NRXN2,new in STRING v12: in a ligand-receptor resource (OmniPath); STRING experimental channel >= 400,993,439,500,977,,CellPhoneDB;ConnectomeDB2025;CellChatDB,CellChatDB:20064387;CellChatDB:20064388;ConnectomeDB2025:20064387;CellChatDB:20519524,,,,
O95490,Q6N022,ADGRL2,TENM4,new in STRING v12: in a ligand-receptor resource (OmniPath); STRING experimental channel >= 400,993,967,0,822,,ICELLNET;CellPhoneDB;ConnectomeDB2025;CellChatDB,CellChatDB:34022279;CellChatDB:25728924;ICELLNET:24273166;CellChatDB:27091502;CellChatDB:35907405;ConnectomeDB2025:24273166,,,,
P01889,Q8N423,HLA-B,LILRB2,new in STRING v12: in a ligand-receptor resource (OmniPath); STRING experimental channel >= 400,992,625,500,959,,talklr;Fantom5_LRdb;HPRD_LRdb;Cellinker;HINT;Ramilowski2015;IntAct;STRING_talklr;CellTalkDB;ConnectomeDB2025;connectomeDB2020;iTALK;LRdb;HPRD;HPRD_talklr,HINT:27649529;connectomeDB2020:9531263;HPRD:12853576;HINT:24018270;LRdb:95;Cellinker:9531263;LRdb:12853576;connectomeDB2020:12853576;HPRD:9531263;Cellinker:12853576;HINT:12853576;CellTalkDB:12853576;C,,,,
Q9HAR2,Q9UKZ4,ADGRL3,TENM1,new in STRING v12: in a ligand-receptor resource (OmniPath); STRING experimental channel >= 400,988,967,0,670,,CellPhoneDB;ICELLNET;CellChatDB,CellChatDB:34022279;CellChatDB:25728924;ICELLNET:24273166;CellChatDB:27091502;CellChatDB:35907405,,,,
P05067,P25090,APP,FPR2,new in STRING v12: in a ligand-receptor resource (OmniPath); STRING experimental channel >= 400,987,903,500,759,,talklr;Fantom5_LRdb;Ramilowski2015;Cellinker;Guide2Pharma_talklr;HINT;STRING_talklr;iTALK;CellTalkDB;ConnectomeDB2025;Guide2Pharma_Cellinker;Guide2Pharma_LRdb;CellPhoneDB;LRdb;scConnect;connectomeDB2020;ICELLNET,LRdb:11316806;CellTalkDB:11316806;ConnectomeDB2025:11160457;HINT:35365641;connectomeDB2020:11316806;ICELLNET:11160457;LRdb:11;connectomeDB2020:11160457;Cellinker:11316806;scConnect:11160457;scConnect:,,,,
Q6N022,Q9HAR2,TENM4,ADGRL3,new in STRING v12: in a ligand-receptor resource (OmniPath); STRING experimental channel >= 400,987,967,0,643,,ICELLNET;CellPhoneDB;ConnectomeDB2025;CellChatDB,CellChatDB:34022279;CellChatDB:25728924;ICELLNET:24273166;CellChatDB:27091502;CellChatDB:35907405;ConnectomeDB2025:24273166,,,,
O94910,Q9UKZ4,ADGRL1,TENM1,new in STRING v12: in a ligand-receptor resource (OmniPath); STRING experimental channel >= 400,986,967,0,617,,CellPhoneDB;ICELLNET;CellChatDB,CellChatDB:34022279;CellChatDB:25728924;ICELLNET:24273166;CellChatDB:27091502;CellChatDB:35907405,,,,
O95490,Q9UKZ4,ADGRL2,TENM1,new in STRING v12: in a ligand-receptor resource (OmniPath); STRING experimental channel >= 400,986,967,0,611,,CellPhoneDB;ICELLNET;CellChatDB,CellChatDB:34022279;CellChatDB:25728924;ICELLNET:24273166;CellChatDB:27091502;CellChatDB:35907405,,,,
Q9HAR2,Q9P273,ADGRL3,TENM3,new in STRING v12: in a ligand-receptor resource (OmniPath); STRING experimental channel >= 400,986,967,0,611,,CellPhoneDB;ICELLNET;CellChatDB,CellChatDB:34022279;CellChatDB:25728924;ICELLNET:24273166;CellChatDB:27091502;CellChatDB:35907405,,,,
O95490,Q9P273,ADGRL2,TENM3,new in STRING v12: in a ligand-receptor resource (OmniPath); STRING experimental channel >= 400,983,967,0,490,,CellPhoneDB;ICELLNET;CellChatDB,CellChatDB:34022279;CellChatDB:25728924;ICELLNET:24273166;CellChatDB:27091502;CellChatDB:35907405,,,,
O43155,Q6UXZ4,FLRT2,UNC5D,new in STRING v12: in a ligand-receptor resource (OmniPath); STRING experimental channel >= 400,981,897,0,827,,ConnectomeDB2025;Cellinker;CellChatDB,CellChatDB:27091502;Cellinker:32589946;ConnectomeDB2025:21673655,,,,
O94910,Q9P273,ADGRL1,TENM3,new in STRING v12: in a ligand-receptor resource (OmniPath); STRING experimental channel >= 400,981,967,0,460,,ICELLNET;CellPhoneDB;ConnectomeDB2025;CellChatDB,CellChatDB:34022279;ConnectomeDB2025:30477585;CellChatDB:25728924;CellChatDB:27091502;CellChatDB:35907405;ICELLNET:30477585,,,,
Q8NFZ4,Q9HDB5,NLGN2,NRXN3,new in STRING v12: in a ligand-receptor resource (OmniPath); STRING experimental channel >= 400,978,479,500,922,,HPMR_Cellinker;Wang;talklr;Fantom5_LRdb;Ramilowski2015;Cellinker;iTALK;CellTalkDB;ConnectomeDB2025;HPMR_LRdb;CellPhoneDB;LRdb;SIGNOR;HPMR_talklr;connectomeDB2020,SIGNOR:18923512;Cellinker:8576240;CellTalkDB:8576240;ConnectomeDB2025:8576240;connectomeDB2020:8576240;LRdb:8576240,,,,
P01889,P43628,HLA-B,KIR2DL3,new in STRING v12: in a ligand-receptor resource (OmniPath); STRING experimental channel >= 400,973,510,650,860,,Wang;talklr;Fantom5_LRdb;STRING_talklr;iTALK;CellTalkDB;ConnectomeDB2025;LRdb;InnateDB;connectomeDB2020,ConnectomeDB2025:28514659;connectomeDB2020:8760827;InnateDB:19858347;connectomeDB2020:28514659;CellTalkDB:28514659;connectomeDB2020:7931060,,,,
Q6ZN44,Q9HAR2,UNC5A,ADGRL3,new in STRING v12: in a ligand-receptor resource (OmniPath); STRING experimental channel >= 400,973,967,0,191,,CellPhoneDB;CellChatDB,CellChatDB:25728924;CellChatDB:27091502;CellChatDB:35907405;CellChatDB:34022279,,,,
Q8N2Q7,Q9HDB5,NLGN1,NRXN3,new in STRING v12: in a ligand-receptor resource (OmniPath); STRING experimental channel >= 400,964,596,500,826,,HPMR_Cellinker;Wang;talklr;Fantom5_LRdb;Ramilowski2015;Cellinker;iTALK;CellTalkDB;ConnectomeDB2025;HPMR_LRdb;CellPhoneDB;LRdb;SIGNOR;HPMR_talklr;connectomeDB2020,SIGNOR:18923512;Cellinker:8576240;CellTalkDB:8576240;ConnectomeDB2025:8576240;connectomeDB2020:8576240;LRdb:8576240,,,,
Q13332,Q9NPH3,PTPRS,IL1RAP,new in STRING v12: in a ligand-receptor resource (OmniPath); STRING experimental channel >= 400,954,444,0,921,,Wojtowicz2020;Cellinker,Cellinker:32822567,,,,
P10321,Q8N423,HLA-C,LILRB2,new in STRING v12: in a ligand-receptor resource (OmniPath); STRING experimental channel >= 400,953,625,500,743,,talklr;Fantom5_LRdb;HPRD_LRdb;Cellinker;HINT;Ramilowski2015;IntAct;connectomeDB2020;CellTalkDB;ConnectomeDB2025;iTALK;LRdb;HPRD;DIP;ICELLNET;HPRD_talklr,HPRD:12853576;HINT:24018270;HINT:17056715;ICELLNET:12853576;IntAct:17056715;ConnectomeDB2025:12853576;connectomeDB2020:12853576;Cellinker:12853576;HINT:12853576;CellTalkDB:12853576;DIP:17056715;LRdb:1,,,,
Q9HDB5,Q9NZ94,NRXN3,NLGN3,new in STRING v12: in a ligand-receptor resource (OmniPath); STRING experimental channel >= 400,940,479,500,776,,Wang;talklr;Fantom5_LRdb;HPRD_LRdb;Ramilowski2015;connectomeDB2020;iTALK;CellTalkDB;ConnectomeDB2025;HPMR_LRdb;CellPhoneDB;LRdb;SIGNOR;HPMR_talklr;HPRD;HPRD_talklr,SIGNOR:18923512;HPRD:8576240;CellTalkDB:8576240;ConnectomeDB2025:8576240;connectomeDB2020:8576240;LRdb:8576240,,,,
P04234,P04439,CD3D,HLA-A,new in STRING v12: in a ligand-receptor resource (OmniPath); STRING experimental channel >= 400,925,800,500,275,,Wang;talklr;Fantom5_LRdb;STRING_talklr;iTALK;CellTalkDB;LRdb,CellTalkDB:32196115,,,,
O43300,Q9HDB5,LRRTM2,NRXN3,new in STRING v12: in a ligand-receptor resource (OmniPath); STRING experimental channel >= 400,920,439,500,714,,CellPhoneDB;ConnectomeDB2025;CellChatDB,CellChatDB:20064387;CellChatDB:20064388;ConnectomeDB2025:20064387;CellChatDB:20519524,,,,
P04439,P09693,HLA-A,CD3G,new in STRING v12: in a ligand-receptor resource (OmniPath); STRING experimental channel >= 400,919,800,500,249,,Wang;talklr;Fantom5_LRdb;STRING_talklr;iTALK;CellTalkDB;LRdb,CellTalkDB:32196115,,,,
P51654,Q6UXZ4,GPC3,UNC5D,new in STRING v12: in a ligand-receptor resource (OmniPath); STRING experimental channel >= 400,858,844,0,116,,Cellinker,Cellinker:32589946,,,,
O43155,O95185,FLRT2,UNC5C,new in STRING v12: in a ligand-receptor resource (OmniPath); STRING experimental channel >= 400,846,742,0,426,,ConnectomeDB2025;CellChatDB,CellChatDB:27091502;ConnectomeDB2025:26633812,,,,
Q86VH5,Q9HDB5,LRRTM3,NRXN3,new in STRING v12: in a ligand-receptor resource (OmniPath); STRING experimental channel >= 400,824,472,500,317,,CellPhoneDB;CellChatDB,CellChatDB:20064387;CellChatDB:20064388;CellChatDB:20519524,,,,
O14514,Q9BZR6,ADGRB1,RTN4R,new in STRING v12: in a ligand-receptor resource (OmniPath); STRING experimental channel >= 400,820,797,0,73,,ICELLNET;CellPhoneDB;ConnectomeDB2025;CellChatDB,ICELLNET:30477585;ConnectomeDB2025:30477585;CellChatDB:31462748,,,,
P35348,P61073,ADRA1A,CXCR4,new in STRING v12: in a ligand-receptor resource (OmniPath); STRING experimental channel >= 400,795,599,0,495,,IntAct;Cellinker,IntAct:27331810;IntAct:28862946;IntAct:25775528;Cellinker:29637711,,,,
O43155,Q6ZN44,FLRT2,UNC5A,new in STRING v12: in a ligand-receptor resource (OmniPath); STRING experimental channel >= 400,769,563,0,493,,ConnectomeDB2025;Cellinker;CellChatDB,CellChatDB:27091502;Cellinker:32589946;ConnectomeDB2025:26633812,,,,
Q08345,Q16832,DDR1,DDR2,new in STRING v12: in a ligand-receptor resource (OmniPath); STRING experimental channel >= 400,647,420,0,405,,HINT;IntAct;Cellinker,IntAct:35384245;HINT:33961781;HINT:35384245;Cellinker:29616590,,,,
P35368,P61073,ADRA1B,CXCR4,new in STRING v12: in a ligand-receptor resource (OmniPath); STRING experimental channel >= 400,637,597,0,111,,IntAct;Cellinker,IntAct:29426850;IntAct:28862946;IntAct:25775528;Cellinker:29637711,,,,
O95185,P51654,UNC5C,GPC3,new in STRING v12: in a ligand-receptor resource (OmniPath); STRING experimental channel >= 400,525,517,0,57,,Cellinker,Cellinker:32589946,,,,
Q8IWK6,Q9UPX0,ADGRA3,IGSF9B,"trans in the 2022 table (mouse curated list, no STRING v11 score)",,,,,trans,,,,,,"to keep this pair, cite it in curated_trans_interactions.csv; a call here cannot restore a pair STRING v12 does not list at 400"
Q86SQ3,Q9NT68,ADGRE4P,TENM2,"trans in the 2022 table (mouse curated list, no STRING v11 score)",,,,,trans,,,,,,"to keep this pair, cite it in curated_trans_interactions.csv; a call here cannot restore a pair STRING v12 does not list at 400"
Q9HBW9,Q9NT68,ADGRL4,TENM2,"trans in the 2022 table (mouse curated list, no STRING v11 score)",373,,,,trans,,,,,,"to keep this pair, cite it in curated_trans_interactions.csv; a call here cannot restore a pair STRING v12 does not list at 400"
Q8IZP9,Q9NT68,ADGRG2,TENM2,"trans in the 2022 table (mouse curated list, no STRING v11 score)",315,,,,trans,,,,,,"to keep this pair, cite it in curated_trans_interactions.csv; a call here cannot restore a pair STRING v12 does not list at 400"
Q9NT68,Q9Y653,TENM2,ADGRG1,"trans in the 2022 table (mouse curated list, no STRING v11 score)",291,,,,trans,,,,,,"to keep this pair, cite it in curated_trans_interactions.csv; a call here cannot restore a pair STRING v12 does not list at 400"
Q86SQ4,Q9NT68,ADGRG6,TENM2,"trans in the 2022 table (mouse curated list, no STRING v11 score)",286,,,,trans,,,,,,"to keep this pair, cite it in curated_trans_interactions.csv; a call here cannot restore a pair STRING v12 does not list at 400"
Q8IZF4,Q9NT68,ADGRG5,TENM2,"trans in the 2022 table (mouse curated list, no STRING v11 score)",276,,,,trans,,,,,,"to keep this pair, cite it in curated_trans_interactions.csv; a call here cannot restore a pair STRING v12 does not list at 400"
Q5T601,Q9NT68,ADGRF1,TENM2,"trans in the 2022 table (mouse curated list, no STRING v11 score)",256,,,,trans,,,,,,"to keep this pair, cite it in curated_trans_interactions.csv; a call here cannot restore a pair STRING v12 does not list at 400"
Q8IZF2,Q9NT68,ADGRF5,TENM2,"trans in the 2022 table (mouse curated list, no STRING v11 score)",247,,,,trans,,,,,,"to keep this pair, cite it in curated_trans_interactions.csv; a call here cannot restore a pair STRING v12 does not list at 400"
P48960,Q9NT68,ADGRE5,TENM2,"trans in the 2022 table (mouse curated list, no STRING v11 score)",239,,,,trans,,,,,,"to keep this pair, cite it in curated_trans_interactions.csv; a call here cannot restore a pair STRING v12 does not list at 400"
Q14246,Q9NT68,ADGRE1,TENM2,"trans in the 2022 table (mouse curated list, no STRING v11 score)",232,,,,trans,,,,,,"to keep this pair, cite it in curated_trans_interactions.csv; a call here cannot restore a pair STRING v12 does not list at 400"
P06756,Q96PE1,ITGAV,ADGRA2,trans in the 2022 table; STRING v12 score 151 (below 400),151,,,,trans,,,,,,"to keep this pair, cite it in curated_trans_interactions.csv; a call here cannot restore a pair STRING v12 does not list at 400"
Q8IWK6,Q9Y6N7,ADGRA3,ROBO1,trans in the 2022 table; STRING v12 score 160 (below 400),160,,,,trans,,,,,,"to keep this pair, cite it in curated_trans_interactions.csv; a call here cannot restore a pair STRING v12 does not list at 400"
Q13449,Q96CW9,LSAMP,NTNG2,trans in the 2022 table; STRING v12 score 171 (below 400),171,,,,trans,,,,,,"to keep this pair, cite it in curated_trans_interactions.csv; a call here cannot restore a pair STRING v12 does not list at 400"
Q9P121,Q9Y2I2,NTM,NTNG1,trans in the 2022 table; STRING v12 score 192 (below 400),192,,,,trans,,,,,,"to keep this pair, cite it in curated_trans_interactions.csv; a call here cannot restore a pair STRING v12 does not list at 400"
O94779,Q7Z3B1,CNTN5,NEGR1,trans in the 2022 table; STRING v12 score 211 (below 400),211,,,,trans,,,,,,"to keep this pair, cite it in curated_trans_interactions.csv; a call here cannot restore a pair STRING v12 does not list at 400"
Q13449,Q9P232,LSAMP,CNTN3,trans in the 2022 table; STRING v12 score 217 (below 400),217,,,,trans,,,,,,"to keep this pair, cite it in curated_trans_interactions.csv; a call here cannot restore a pair STRING v12 does not list at 400"
P11215,Q14773,ITGAM,ICAM4,trans in the 2022 table; STRING v12 score 218 (below 400),218,,,,trans,HPMR_Cellinker;Wang;talklr;Fantom5_LRdb;HPRD_LRdb;Cellinker;Ramilowski2015;connectomeDB2020;STRING_talklr;iTALK;CellTalkDB;ConnectomeDB2025;HPMR_LRdb;LRdb;HPMR_talklr;HPRD;HPRD_talklr,ConnectomeDB2025:10846180;Cellinker:15355350;LRdb:15355350;connectomeDB2020:15355350;connectomeDB2020:10846180;LRdb:11;HPRD:10846180;Cellinker:10846180;CellTalkDB:10846180,,,,"to keep this pair, cite it in curated_trans_interactions.csv; a call here cannot restore a pair STRING v12 does not list at 400"
Q14982,Q9Y2I2,OPCML,NTNG1,trans in the 2022 table; STRING v12 score 235 (below 400),235,,,,trans,,,,,,"to keep this pair, cite it in curated_trans_interactions.csv; a call here cannot restore a pair STRING v12 does not list at 400"
Q14982,Q7Z3B1,OPCML,NEGR1,trans in the 2022 table; STRING v12 score 251 (below 400),251,,,,trans,Wojtowicz2020;Cellinker,Cellinker:32822567,,,,"to keep this pair, cite it in curated_trans_interactions.csv; a call here cannot restore a pair STRING v12 does not list at 400"
Q13449,Q9Y2I2,LSAMP,NTNG1,trans in the 2022 table; STRING v12 score 257 (below 400),257,,,,trans,,,,,,"to keep this pair, cite it in curated_trans_interactions.csv; a call here cannot restore a pair STRING v12 does not list at 400"
O15031,P21709,PLXNB2,EPHA1,trans in the 2022 table; STRING v12 score 258 (below 400),258,,,,trans,,,,,,"to keep this pair, cite it in curated_trans_interactions.csv; a call here cannot restore a pair STRING v12 does not list at 400"
Q8IWV2,Q9P121,CNTN4,NTM,trans in the 2022 table; STRING v12 score 261 (below 400),261,,,,trans,,,,,,"to keep this pair, cite it in curated_trans_interactions.csv; a call here cannot restore a pair STRING v12 does not list at 400"
A6H8M9,Q9HBB8,CDHR4,CDHR5,trans in the 2022 table; STRING v12 score 261 (below 400),261,,,,trans,,,,,,"to keep this pair, cite it in curated_trans_interactions.csv; a call here cannot restore a pair STRING v12 does not list at 400"
Q14982,Q96CW9,OPCML,NTNG2,trans in the 2022 table; STRING v12 score 263 (below 400),263,,,,trans,,,,,,"to keep this pair, cite it in curated_trans_interactions.csv; a call here cannot restore a pair STRING v12 does not list at 400"
Q9P121,Q9P232,NTM,CNTN3,trans in the 2022 table; STRING v12 score 271 (below 400),271,,,,trans,,,,,,"to keep this pair, cite it in curated_trans_interactions.csv; a call here cannot restore a pair STRING v12 does not list at 400"
Q13449,Q8IWV2,LSAMP,CNTN4,trans in the 2022 table; STRING v12 score 277 (below 400),277,,,,trans,,,,,,"to keep this pair, cite it in curated_trans_interactions.csv; a call here cannot restore a pair STRING v12 does not list at 400"
P13598,P56199,ICAM2,ITGA1,trans in the 2022 table; STRING v12 score 283 (below 400),283,,,,trans,,,,,,"to keep this pair, cite it in curated_trans_interactions.csv; a call here cannot restore a pair STRING v12 does not list at 400"
P13598,P17301,ICAM2,ITGA2,trans in the 2022 table; STRING v12 score 295 (below 400),295,,,,trans,,,,,,"to keep this pair, cite it in curated_trans_interactions.csv; a call here cannot restore a pair STRING v12 does not list at 400"
Q7Z3B1,Q8IWV2,NEGR1,CNTN4,trans in the 2022 table; STRING v12 score 309 (below 400),309,,,,trans,,,,,,"to keep this pair, cite it in curated_trans_interactions.csv; a call here cannot restore a pair STRING v12 does not list at 400"
Q14982,Q9P232,OPCML,CNTN3,trans in the 2022 table; STRING v12 score 314 (below 400),314,,,,trans,,,,,,"to keep this pair, cite it in curated_trans_interactions.csv; a call here cannot restore a pair STRING v12 does not list at 400"
Q14982,Q8IWV2,OPCML,CNTN4,trans in the 2022 table; STRING v12 score 315 (below 400),315,,,,trans,,,,,,"to keep this pair, cite it in curated_trans_interactions.csv; a call here cannot restore a pair STRING v12 does not list at 400"
O00533,P23471,CHL1,PTPRZ1,trans in the 2022 table; STRING v12 score 318 (below 400),318,,,,trans,,,,,,"to keep this pair, cite it in curated_trans_interactions.csv; a call here cannot restore a pair STRING v12 does not list at 400"
P23471,Q9UQ52,PTPRZ1,CNTN6,trans in the 2022 table; STRING v12 score 346 (below 400),346,,,,trans,,,,,,"to keep this pair, cite it in curated_trans_interactions.csv; a call here cannot restore a pair STRING v12 does not list at 400"
P08514,P13598,ITGA2B,ICAM2,trans in the 2022 table; STRING v12 score 347 (below 400),347,,,,trans,,,,,,"to keep this pair, cite it in curated_trans_interactions.csv; a call here cannot restore a pair STRING v12 does not list at 400"
O15031,Q9H3T2,PLXNB2,SEMA6C,trans in the 2022 table; STRING v12 score 354 (below 400),354,,,,trans,,,,,,"to keep this pair, cite it in curated_trans_interactions.csv; a call here cannot restore a pair STRING v12 does not list at 400"
O60462,Q92854,NRP2,SEMA4D,trans in the 2022 table; STRING v12 score 357 (below 400),357,,,,trans,,,,,,"to keep this pair, cite it in curated_trans_interactions.csv; a call here cannot restore a pair STRING v12 does not list at 400"
Q7Z3B1,Q9P121,NEGR1,NTM,trans in the 2022 table; STRING v12 score 360 (below 400),360,,,,trans,Lit-BM-17;Cellinker,Lit-BM-17:21982860;Cellinker:32589946,,,,"to keep this pair, cite it in curated_trans_interactions.csv; a call here cannot restore a pair STRING v12 does not list at 400"
P23471,Q9P232,PTPRZ1,CNTN3,trans in the 2022 table; STRING v12 score 364 (below 400),364,,,,trans,,,,,,"to keep this pair, cite it in curated_trans_interactions.csv; a call here cannot restore a pair STRING v12 does not list at 400"
P13612,P32942,ITGA4,ICAM3,trans in the 2022 table; STRING v12 score 369 (below 400),369,,,,trans,,,,,,"to keep this pair, cite it in curated_trans_interactions.csv; a call here cannot restore a pair STRING v12 does not list at 400"
O15031,Q9H3T3,PLXNB2,SEMA6B,trans in the 2022 table; STRING v12 score 370 (below 400),370,,,,trans,,,,,,"to keep this pair, cite it in curated_trans_interactions.csv; a call here cannot restore a pair STRING v12 does not list at 400"
P13598,Q13349,ICAM2,ITGAD,trans in the 2022 table; STRING v12 score 370 (below 400),370,,,,trans,,,,,,"to keep this pair, cite it in curated_trans_interactions.csv; a call here cannot restore a pair STRING v12 does not list at 400"
O60486,Q9P283,PLXNC1,SEMA5B,trans in the 2022 table; STRING v12 score 394 (below 400),394,,,,trans,,,,,,"to keep this pair, cite it in curated_trans_interactions.csv; a call here cannot restore a pair STRING v12 does not list at 400"
O60500,Q9UPX0,NPHS1,IGSF9B,trans in the 2022 table; not a STRING v12 link,,,,,trans,,,,,,"to keep this pair, cite it in curated_trans_interactions.csv; a call here cannot restore a pair STRING v12 does not list at 400"
O60500,Q9P2J2,NPHS1,IGSF9,trans in the 2022 table; not a STRING v12 link,,,,,trans,,,,,,"to keep this pair, cite it in curated_trans_interactions.csv; a call here cannot restore a pair STRING v12 does not list at 400"
Q96CW9,Q9P121,NTNG2,NTM,trans in the 2022 table; not a STRING v12 link,,,,,trans,,,,,,"to keep this pair, cite it in curated_trans_interactions.csv; a call here cannot restore a pair STRING v12 does not list at 400"
P06731,Q9Y5E4,CEACAM5,PCDHB5,trans in the 2022 table; not a STRING v12 link,,,,,trans,,,,,,"to keep this pair, cite it in curated_trans_interactions.csv; a call here cannot restore a pair STRING v12 does not list at 400"
P09326,Q6IF99,CD48,OR10K2,trans in the 2022 table; not a STRING v12 link,,,,,trans,,,,,,"to keep this pair, cite it in curated_trans_interactions.csv; a call here cannot restore a pair STRING v12 does not list at 400"
Q02246,Q9HBW9,CNTN2,ADGRL4,trans in the 2022 table; not a STRING v12 link,,,,,trans,,,,,,"to keep this pair, cite it in curated_trans_interactions.csv; a call here cannot restore a pair STRING v12 does not list at 400"
P22001,Q02246,KCNA3,CNTN2,trans in the 2022 table; not a STRING v12 link,,,,,trans,,,,,,"to keep this pair, cite it in curated_trans_interactions.csv; a call here cannot restore a pair STRING v12 does not list at 400"
Q8N0W4,Q9P2S2,NLGN4X,NRXN2,trans in the 2022 table; not a STRING v12 link,,,,,trans,SIGNOR;CellPhoneDB,SIGNOR:18923512,,,,"to keep this pair, cite it in curated_trans_interactions.csv; a call here cannot restore a pair STRING v12 does not list at 400"
Q8N0W4,Q9Y4C0,NLGN4X,NRXN3,trans in the 2022 table; not a STRING v12 link,,,,,trans,SIGNOR;CellPhoneDB,SIGNOR:18923512,,,,"to keep this pair, cite it in curated_trans_interactions.csv; a call here cannot restore a pair STRING v12 does not list at 400"
Q8N2Q7,Q9P2S2,NLGN1,NRXN2,trans in the 2022 table; not a STRING v12 link,,,,,trans,Baccin2019;EMBRACE;Ramilowski2015_Baccin2019;Fantom5_LRdb;Ramilowski2015;talklr;iTALK;CellTalkDB;ConnectomeDB2025;CellPhoneDB;LRdb;SIGNOR;connectomeDB2020,SIGNOR:18923512;Ramilowski2015:7736595;CellTalkDB:7736595;connectomeDB2020:7736595;talklr:7736595;LRdb:7736595;ConnectomeDB2025:7736595,,,,"to keep this pair, cite it in curated_trans_interactions.csv; a call here cannot restore a pair STRING v12 does not list at 400"
Q8NFZ4,Q9P2S2,NLGN2,NRXN2,trans in the 2022 table; not a STRING v12 link,,,,,trans,Baccin2019;HPMR_Cellinker;EMBRACE;Ramilowski2015_Baccin2019;Fantom5_LRdb;Ramilowski2015;Cellinker;Wang;talklr;iTALK;CellTalkDB;ConnectomeDB2025;HPMR_LRdb;CellPhoneDB;LRdb;SIGNOR;HPMR_talklr;connectomeDB2020,SIGNOR:18923512;ConnectomeDB2025:21424692;Cellinker:8576240;Baccin2019:8576240;CellTalkDB:8576240;connectomeDB2020:8576240;LRdb:8576240,,,,"to keep this pair, cite it in curated_trans_interactions.csv; a call here cannot restore a pair STRING v12 does not list at 400"
Q9NZ94,Q9P2S2,NLGN3,NRXN2,trans in the 2022 table; not a STRING v12 link,,,,,trans,HPMR_Cellinker;Wang;talklr;Fantom5_LRdb;HPRD_LRdb;Cellinker;Ramilowski2015;connectomeDB2020;iTALK;CellTalkDB;ConnectomeDB2025;HPMR_LRdb;CellPhoneDB;LRdb;SIGNOR;HPMR_talklr;HPRD;HPRD_talklr,SIGNOR:18923512;HPRD:8576240;Cellinker:8576240;CellTalkDB:8576240;ConnectomeDB2025:8576240;connectomeDB2020:8576240;LRdb:8576240,,,,"to keep this pair, cite it in curated_trans_interactions.csv; a call here cannot restore a pair STRING v12 does not list at 400"
Q8N2Q7,Q9Y4C0,NLGN1,NRXN3,trans in the 2022 table; not a STRING v12 link,,,,,trans,HPMR_Cellinker;Wang;talklr;Fantom5_LRdb;Ramilowski2015;Cellinker;iTALK;CellTalkDB;ConnectomeDB2025;HPMR_LRdb;CellPhoneDB;LRdb;SIGNOR;HPMR_talklr;connectomeDB2020,SIGNOR:18923512;Cellinker:8576240;CellTalkDB:8576240;ConnectomeDB2025:8576240;connectomeDB2020:8576240;LRdb:8576240,,,,"to keep this pair, cite it in curated_trans_interactions.csv; a call here cannot restore a pair STRING v12 does not list at 400"
Q8NFZ4,Q9Y4C0,NLGN2,NRXN3,trans in the 2022 table; not a STRING v12 link,,,,,trans,HPMR_Cellinker;Wang;talklr;Fantom5_LRdb;Ramilowski2015;Cellinker;iTALK;CellTalkDB;ConnectomeDB2025;HPMR_LRdb;CellPhoneDB;LRdb;SIGNOR;HPMR_talklr;connectomeDB2020,SIGNOR:18923512;Cellinker:8576240;CellTalkDB:8576240;ConnectomeDB2025:8576240;connectomeDB2020:8576240;LRdb:8576240,,,,"to keep this pair, cite it in curated_trans_interactions.csv; a call here cannot restore a pair STRING v12 does not list at 400"
Q9NZ94,Q9Y4C0,NLGN3,NRXN3,trans in the 2022 table; not a STRING v12 link,,,,,trans,Wang;talklr;Fantom5_LRdb;HPRD_LRdb;Ramilowski2015;connectomeDB2020;iTALK;CellTalkDB;ConnectomeDB2025;HPMR_LRdb;CellPhoneDB;LRdb;SIGNOR;HPMR_talklr;HPRD;HPRD_talklr,SIGNOR:18923512;HPRD:8576240;CellTalkDB:8576240;ConnectomeDB2025:8576240;connectomeDB2020:8576240;LRdb:8576240,,,,"to keep this pair, cite it in curated_trans_interactions.csv; a call here cannot restore a pair STRING v12 does not list at 400"
Q8N2Q7,Q9ULB1,NLGN1,NRXN1,trans in the 2022 table; not a STRING v12 link,,,,,trans,iTALK;CellTalkDB;HPRD;Wang;EMBRACE;Ramilowski2015_Baccin2019;Ramilowski2015;STRING_talklr;ConnectomeDB2025;HPMR_LRdb;connectomeDB2020;BioGRID;HPMR_Cellinker;HPRD_LRdb;Cellinker;HINT;LRdb;SIGNOR;ICELLNET;HPRD_talklr;Baccin2019;talklr;Fantom5_LRdb;CellPhoneDB;HPMR_talklr,BioGRID:12796785;SIGNOR:18923512;BioGRID:8576240;ConnectomeDB2025:14522992;CellTalkDB:8576240;Baccin2019:14522992;HINT:14522992;HPRD:8576240;Cellinker:8576240;Baccin2019:8576240;HINT:12796785;HINT:857,,,,"to keep this pair, cite it in curated_trans_interactions.csv; a call here cannot restore a pair STRING v12 does not list at 400"
Q8NFZ4,Q9ULB1,NLGN2,NRXN1,trans in the 2022 table; not a STRING v12 link,,,,,trans,iTALK;CellTalkDB;HPRD;Wang;EMBRACE;Ramilowski2015_Baccin2019;Ramilowski2015;ConnectomeDB2025;HPMR_LRdb;connectomeDB2020;HPMR_Cellinker;HPRD_LRdb;Cellinker;LRdb;SIGNOR;HPRD_talklr;Baccin2019;talklr;Fantom5_LRdb;CellPhoneDB;HPMR_talklr,connectomeDB2020:8576240;SIGNOR:18923512;HPRD:8576240;Cellinker:8576240;ConnectomeDB2025:16242404;CellTalkDB:8576240;Baccin2019:85762408576240;LRdb:8576240,,,,"to keep this pair, cite it in curated_trans_interactions.csv; a call here cannot restore a pair STRING v12 does not list at 400"
Q9NZ94,Q9ULB1,NLGN3,NRXN1,trans in the 2022 table; not a STRING v12 link,,,,,trans,iTALK;CellTalkDB;HPRD;Wang;Ramilowski2015;STRING_talklr;ConnectomeDB2025;HPMR_LRdb;connectomeDB2020;HPMR_Cellinker;HPRD_LRdb;Cellinker;LRdb;SIGNOR;HPRD_talklr;talklr;Fantom5_LRdb;CellPhoneDB;HPMR_talklr,LRdb:933;SIGNOR:18923512;connectomeDB2020:9325340;HPRD:8576240;Cellinker:8576240;CellTalkDB:8576240;Cellinker:9325340;ConnectomeDB2025:8576240;HPRD:9325340;connectomeDB2020:8576240;LRdb:8576240,,,,"to keep this pair, cite it in curated_trans_interactions.csv; a call here cannot restore a pair STRING v12 does not list at 400"
Q8N0W4,Q9ULB1,NLGN4X,NRXN1,trans in the 2022 table; not a STRING v12 link,,,,,trans,SIGNOR;connectomeDB2020;CellPhoneDB;ConnectomeDB2025,connectomeDB2020:20543817;SIGNOR:18923512;ConnectomeDB2025:20543817,,,,"to keep this pair, cite it in curated_trans_interactions.csv; a call here cannot restore a pair STRING v12 does not list at 400"
