acc,site,glycosylation_type,src
P61586,37,O-linked,uniprotkb
Q6ZPD9,118,N-linked,uniprotkb
O60635,141,N-linked,uniprotkb
O60603,442,N-linked,uniprotkb
P38484,137,N-linked,uniprotkb
P27487,229,N-linked,uniprotkb
O75509,278,N-linked,uniprotkb
Q496J9,565,N-linked,uniprotkb
Q13201,216,O-linked,uniprotkb
P17405,522,N-linked,uniprotkb
P21941,76,N-linked,uniprotkb
Q15116,74,N-linked,uniprotkb
P61073,18,O-linked,uniprotkb
O75503,281,N-linked,uniprotkb
Q14118,379,O-linked,uniprotkb
Q13510,173,N-linked,uniprotkb
P16284,84,N-linked,uniprotkb
Q15848,22,O-linked,uniprotkb
Q6UWV6,100,N-linked,uniprotkb
Q12809,598,N-linked,uniprotkb
Q8IW75,221,N-linked,uniprotkb
P61073,176,N-linked,uniprotkb
P24394,98,N-linked,uniprotkb
Q86W47,90,N-linked,uniprotkb
Q86SQ4,818,N-linked,uniprotkb
P13569,900,N-linked,uniprotkb
Q6UVW9,78,N-linked,uniprotkb
Q13201,1055,O-linked,uniprotkb
Q15043,77,N-linked,uniprotkb
Q15848,77,O-linked,uniprotkb
P12821,368,N-linked,uniprotkb
P15382,7,O-linked,uniprotkb
Q53GD3,69,N-linked,uniprotkb
O75503,271,N-linked,uniprotkb
P48167,54,N-linked,uniprotkb
Q6UVW9,143,N-linked,uniprotkb
Q14542,57,N-linked,uniprotkb
O60603,114,N-linked,uniprotkb
O95264,96,N-linked,uniprotkb
O95264,138,N-linked,uniprotkb
Q5T601,310,N-linked,uniprotkb
P14151,60,N-linked,uniprotkb
P08887,350,N-linked,uniprotkb
Q02083,333,N-linked,uniprotkb
P51797,432,N-linked,uniprotkb
Q13510,348,N-linked,uniprotkb
P36941,177,N-linked,uniprotkb
Q13510,342,N-linked,uniprotkb
Q8IV08,236,N-linked,uniprotkb
P38484,110,N-linked,uniprotkb
P55058,117,N-linked,uniprotkb
P05067,656,O-linked,uniprotkb
P27487,85,N-linked,uniprotkb
Q14242,57,O-linked,uniprotkb
Q15043,102,N-linked,uniprotkb
P10114,35,O-linked,uniprotkb
P08887,55,N-linked,uniprotkb
Q10589,92,N-linked,uniprotkb
Q658P3,256,N-linked,uniprotkb
P21918,7,N-linked,uniprotkb
P55085,30,N-linked,uniprotkb
Q04609,638,N-linked,uniprotkb
P02649,212,O-linked,uniprotkb
Q8IW75,267,N-linked,uniprotkb
Q8IU99,140,N-linked,uniprotkb
Q04609,51,N-linked,uniprotkb
P15529,114,N-linked,uniprotkb
P98088,2122,C-linked,uniprotkb
Q08345,394,N-linked,uniprotkb
Q2MKA7,153,C-linked,uniprotkb
P55085,222,N-linked,uniprotkb
Q15848,101,O-linked,uniprotkb
Q10589,65,N-linked,uniprotkb
Q14542,48,N-linked,uniprotkb
Q13510,286,N-linked,uniprotkb
O75503,178,N-linked,uniprotkb
Q658P3,344,N-linked,uniprotkb
Q15043,87,N-linked,uniprotkb
P17405,88,N-linked,uniprotkb
Q15116,116,N-linked,uniprotkb
P15382,5,N-linked,uniprotkb
P48167,242,N-linked,uniprotkb
Q04609,140,N-linked,uniprotkb
O95264,203,N-linked,uniprotkb
O75503,203,N-linked,uniprotkb
Q6UWV6,168,N-linked,uniprotkb
P56704,298,N-linked,uniprotkb
P08195,506,N-linked,uniprotkb
Q14766,1366,N-linked,uniprotkb
Q8IWT6,83,N-linked,uniprotkb
Q13286,310,N-linked,uniprotkb
Q4U2R8,39,N-linked,uniprotkb
O95445,135,N-linked,uniprotkb
P35613,268,N-linked,uniprotkb
Q13201,265,O-linked,uniprotkb
Q6U841,677,N-linked,uniprotkb
P17405,337,N-linked,uniprotkb
P11233,46,O-linked,uniprotkb
P56704,87,N-linked,uniprotkb
Q16570,16,N-linked,uniprotkb
P01215,76,N-linked,uniprotkb
P16284,52,N-linked,uniprotkb
P35613,160,N-linked,uniprotkb
P48509,159,N-linked,uniprotkb
O60635,184,N-linked,uniprotkb
P17405,177,N-linked,uniprotkb
O75509,257,N-linked,uniprotkb
Q6UVW9,130,N-linked,uniprotkb
P17405,505,N-linked,uniprotkb
Q76LX8,757,O-linked,uniprotkb
P06865,157,N-linked,uniprotkb
O60931,66,N-linked,uniprotkb
P55259,65,N-linked,uniprotkb
P15529,273,N-linked,uniprotkb
P04062,501,N-linked,uniprotkb
P06865,295,N-linked,uniprotkb
P10909,86,N-linked,uniprotkb
P16860,97,O-linked,uniprotkb
Q13510,259,N-linked,uniprotkb
P21941,344,N-linked,uniprotkb
Q04609,459,N-linked,uniprotkb
P35052,79,N-linked,uniprotkb
P16422,198,N-linked,uniprotkb
Q13087,284,N-linked,uniprotkb
P27487,685,N-linked,uniprotkb
Q04609,195,N-linked,uniprotkb
P38484,231,N-linked,uniprotkb
P07996,1067,N-linked,uniprotkb
P05111,268,N-linked,uniprotkb
P51797,410,N-linked,uniprotkb
Q15848,65,O-linked,uniprotkb
P51681,6,O-linked,uniprotkb
P07204,490,O-linked,uniprotkb
Q8IW75,233,N-linked,uniprotkb
P36941,40,N-linked,uniprotkb
P35613,302,N-linked,uniprotkb
P12821,509,N-linked,uniprotkb
Q15116,58,N-linked,uniprotkb
P51681,7,O-linked,uniprotkb
Q76LX8,1087,O-linked,uniprotkb
Q11128,105,N-linked,uniprotkb
O95970,192,N-linked,uniprotkb
O95970,277,N-linked,uniprotkb
O76082,91,N-linked,uniprotkb
P12821,445,N-linked,uniprotkb
P27487,92,N-linked,uniprotkb
Q15116,49,N-linked,uniprotkb
P10909,103,N-linked,uniprotkb
Q76LX8,965,O-linked,uniprotkb
P27487,219,N-linked,uniprotkb
P08709,112,O-linked,uniprotkb
P46976,195,O-linked,uniprotkb
P08195,424,N-linked,uniprotkb
O75509,141,N-linked,uniprotkb
O60635,154,N-linked,uniprotkb
P13569,894,N-linked,uniprotkb
P10909,145,N-linked,uniprotkb
Q53GD3,416,N-linked,uniprotkb
Q86W47,53,N-linked,uniprotkb
Q5VUB5,190,N-linked,uniprotkb
Q04609,153,N-linked,uniprotkb
P27487,150,N-linked,uniprotkb
Q04609,121,N-linked,uniprotkb
P27487,281,N-linked,uniprotkb
Q5T601,389,N-linked,uniprotkb
Q16842,211,N-linked,uniprotkb
Q7Z2W7,934,N-linked,uniprotkb
Q04609,476,N-linked,uniprotkb
Q7Z418,70,N-linked,uniprotkb
Q76LX8,698,O-linked,uniprotkb
Q86YL7,52,O-linked,uniprotkb
Q13586,131,N-linked,uniprotkb
P61073,11,N-linked,uniprotkb
P08195,381,N-linked,uniprotkb
Q16849,524,N-linked,uniprotkb
P14151,104,N-linked,uniprotkb
P20138,100,N-linked,uniprotkb
Q6UWV6,146,N-linked,uniprotkb
P26842,95,N-linked,uniprotkb
P13866,248,N-linked,uniprotkb
Q2MKA7,156,C-linked,uniprotkb
P21802,265,N-linked,uniprotkb
Q8IWT6,66,N-linked,uniprotkb
Q12908,10,N-linked,uniprotkb
Q53GD3,197,N-linked,uniprotkb
Q6U841,697,N-linked,uniprotkb
Q08357,81,N-linked,uniprotkb
P27487,321,N-linked,uniprotkb
P08195,365,N-linked,uniprotkb
P13591,459,N-linked,uniprotkb
Q6P5W5,261,N-linked,uniprotkb
P13591,488,N-linked,uniprotkb
O75509,252,N-linked,uniprotkb
P22760,78,N-linked,uniprotkb
P07998,116,N-linked,uniprotkb
Q04609,76,N-linked,uniprotkb
P11279,76,N-linked,uniprotkb
P16422,74,N-linked,uniprotkb
P17050,201,N-linked,uniprotkb
P05111,302,N-linked,uniprotkb
P10909,354,N-linked,uniprotkb
Q76LX8,907,O-linked,uniprotkb
P32970,170,N-linked,uniprotkb
Q53GD3,393,N-linked,uniprotkb
Q53GD3,155,N-linked,uniprotkb
P04439,110,N-linked,uniprotkb
P54317,353,N-linked,uniprotkb
Q04609,336,N-linked,uniprotkb
P13591,433,N-linked,uniprotkb
Q11130,81,N-linked,uniprotkb
P10909,374,N-linked,uniprotkb
Q13478,297,N-linked,uniprotkb
O75509,82,N-linked,uniprotkb
P25774,104,N-linked,uniprotkb
Q76LX8,399,O-linked,uniprotkb
P20594,24,N-linked,uniprotkb
Q53GD3,298,N-linked,uniprotkb
P22760,282,N-linked,uniprotkb
P07204,492,O-linked,uniprotkb
P02810,38,O-linked,uniprotkb
P15144,818,N-linked,uniprotkb
P14151,177,N-linked,uniprotkb
O75503,143,N-linked,uniprotkb
P08311,71,N-linked,uniprotkb
P16422,111,N-linked,uniprotkb
P35052,116,N-linked,uniprotkb
P55058,94,N-linked,uniprotkb
P02730,642,N-linked,uniprotkb
Q6UWV6,267,N-linked,uniprotkb
Q6UWV6,121,N-linked,uniprotkb
P12821,318,N-linked,uniprotkb
P32970,63,N-linked,uniprotkb
P16284,151,N-linked,uniprotkb
Q15848,68,O-linked,uniprotkb
Q5VUB5,159,N-linked,uniprotkb
O75503,255,N-linked,uniprotkb
Q16553,99,N-linked,uniprotkb
P41440,58,N-linked,uniprotkb
P23141,79,N-linked,uniprotkb
Q5VUB5,194,N-linked,uniprotkb
P08887,221,N-linked,uniprotkb
Q11130,291,N-linked,uniprotkb
O95970,422,N-linked,uniprotkb
Q2MKA7,137,N-linked,uniprotkb
Q6ZPD9,704,N-linked,uniprotkb
Q13641,124,N-linked,uniprotkb
O60603,199,N-linked,uniprotkb
Q08345,260,N-linked,uniprotkb
P10909,291,N-linked,uniprotkb
O60635,178,N-linked,uniprotkb
Q76LX8,1027,O-linked,uniprotkb
Q7Z3C6,99,N-linked,uniprotkb
P55058,143,N-linked,uniprotkb
P27487,520,N-linked,uniprotkb
P12821,617,N-linked,uniprotkb
P01112,35,O-linked,uniprotkb
O95264,168,N-linked,uniprotkb
Q496J9,559,N-linked,uniprotkb
Q16849,506,N-linked,uniprotkb
O94905,106,N-linked,uniprotkb
Q13586,171,N-linked,uniprotkb
O75509,289,N-linked,uniprotkb
Q02083,309,N-linked,uniprotkb
P06865,115,N-linked,uniprotkb
P17405,397,N-linked,uniprotkb
O75503,352,N-linked,uniprotkb
P09603,309,O-linked,uniprotkb
P08887,93,N-linked,uniprotkb
O95264,52,N-linked,uniprotkb
P12830,637,N-linked,uniprotkb
P11166,45,N-linked,uniprotkb
P15529,83,N-linked,uniprotkb
Q13510,195,N-linked,uniprotkb
P51797,422,N-linked,uniprotkb
O75503,130,N-linked,uniprotkb
Q6U841,687,N-linked,uniprotkb
Q15848,21,O-linked,uniprotkb
P14625,217,N-linked,uniprotkb
P55058,64,N-linked,uniprotkb
Q14055,183,O-linked,uniprotkb
Q05707,1601,O-linked,uniprotkb
Q02388,2631,O-linked,uniprotkb
Q96GW7,418,O-linked,uniprotkb
Q05707,1698,O-linked,uniprotkb
Q05707,1526,O-linked,uniprotkb
Q8WXD2,37,O-linked,uniprotkb
Q02388,2625,O-linked,uniprotkb
Q05707,1523,O-linked,uniprotkb
Q05707,1476,O-linked,uniprotkb
Q05707,1485,O-linked,uniprotkb
Q05707,1701,O-linked,uniprotkb
P11215,469,N-linked,uniprotkb
P05067,681,O-linked,uniprotkb
P14625,107,N-linked,uniprotkb
P25445,28,O-linked,uniprotkb
P07949,394,N-linked,uniprotkb
P14679,371,N-linked,uniprotkb
P14780,38,N-linked,uniprotkb
P08F94,830,N-linked,uniprotkb
P22304,115,N-linked,uniprotkb
P11362,117,N-linked,uniprotkb
P08709,120,O-linked,uniprotkb
P22413,179,N-linked,uniprotkb
P11362,77,N-linked,uniprotkb
P43632,178,N-linked,uniprotkb
P11362,330,N-linked,uniprotkb
P22888,291,N-linked,uniprotkb
P25445,118,N-linked,uniprotkb
P98160,2995,O-linked,uniprotkb
P08F94,387,N-linked,uniprotkb
Q16288,163,N-linked,uniprotkb
Q5HYA8,242,N-linked,uniprotkb
P02679,334,N-linked,uniprotkb
P31785,84,N-linked,uniprotkb
P02768,342,N-linked,uniprotkb
Q8IV08,284,N-linked,uniprotkb
P08246,124,N-linked,uniprotkb
P07202,307,N-linked,uniprotkb
P17181,88,N-linked,uniprotkb
Q15661,132,N-linked,uniprotkb
P36897,45,N-linked,uniprotkb
P02656,94,O-linked,uniprotkb
P10253,925,N-linked,uniprotkb
P35916,527,N-linked,uniprotkb
P12110,897,N-linked,uniprotkb
P0DN86,147,O-linked,uniprotkb
P06280,215,N-linked,uniprotkb
P14780,127,N-linked,uniprotkb
Q11206,61,N-linked,uniprotkb
Q8IUN9,173,N-linked,uniprotkb
O75581,433,N-linked,uniprotkb
O15146,222,N-linked,uniprotkb
Q6UXG3,228,O-linked,uniprotkb
P58418,48,N-linked,uniprotkb
P06858,70,N-linked,uniprotkb
O15118,222,N-linked,uniprotkb
P35555,1830,O-linked,uniprotkb
P98161,1240,N-linked,uniprotkb
O15123,304,N-linked,uniprotkb
O14958,335,N-linked,uniprotkb
O15118,961,N-linked,uniprotkb
Q9BZW8,89,N-linked,uniprotkb
P02724,66,O-linked,uniprotkb
O00476,68,N-linked,uniprotkb
P18084,477,N-linked,uniprotkb
P18075,321,N-linked,uniprotkb
O15118,968,N-linked,uniprotkb
P07550,15,N-linked,uniprotkb
O14773,286,N-linked,uniprotkb
P35555,634,O-linked,uniprotkb
O14522,510,N-linked,uniprotkb
P05155,272,N-linked,uniprotkb
P02724,23,O-linked,uniprotkb
A2VEC9,3513,N-linked,uniprotkb
P35498,1378,N-linked,uniprotkb
P34981,10,N-linked,uniprotkb
Q16620,338,N-linked,uniprotkb
Q5IJ48,800,N-linked,uniprotkb
P78363,415,N-linked,uniprotkb
Q02083,107,N-linked,uniprotkb
P25189,122,N-linked,uniprotkb
P22894,246,N-linked,uniprotkb
P33897,214,N-linked,uniprotkb
Q14264,569,N-linked,uniprotkb
Q12879,380,N-linked,uniprotkb
P35499,1205,N-linked,uniprotkb
P31358,40,N-linked,uniprotkb
P30968,18,N-linked,uniprotkb
Q14524,291,N-linked,uniprotkb
P34059,204,N-linked,uniprotkb
P32004,1071,N-linked,uniprotkb
Q9UJJ9,115,N-linked,uniprotkb
Q12866,329,N-linked,uniprotkb
P29017,70,N-linked,uniprotkb
Q9BZ11,109,N-linked,uniprotkb
P80370,260,O-linked,uniprotkb
P46721,135,N-linked,uniprotkb
Q13449,315,N-linked,uniprotkb
O43921,188,N-linked,uniprotkb
Q86Y78,147,N-linked,uniprotkb
Q9P121,321,N-linked,uniprotkb
P05060,93,O-linked,uniprotkb
P02458,374,O-linked,uniprotkb
P02747,75,O-linked,uniprotkb
P60953,35,O-linked,uniprotkb
P10451,234,O-linked,uniprotkb
P02745,100,O-linked,uniprotkb
P00740,205,O-linked,uniprotkb
P12111,2212,O-linked,uniprotkb
P02452,1108,O-linked,uniprotkb
P02745,33,O-linked,uniprotkb
P23471,637,O-linked,uniprotkb
P02810,33,O-linked,uniprotkb
P02458,1130,O-linked,uniprotkb
P02458,287,O-linked,uniprotkb
P12111,2209,O-linked,uniprotkb
P04280,150,O-linked,uniprotkb
P02458,620,O-linked,uniprotkb
P02458,308,O-linked,uniprotkb
P10645,424,O-linked,uniprotkb
P02745,67,O-linked,uniprotkb
P02452,265,O-linked,uniprotkb
P12111,2337,O-linked,uniprotkb
P07498,157,O-linked,uniprotkb
P02458,299,O-linked,uniprotkb
P02461,263,O-linked,uniprotkb
P0DTE8,427,N-linked,uniprotkb
P24821,72,O-linked,uniprotkb
P02458,608,O-linked,uniprotkb
P0DUB6,427,N-linked,uniprotkb
P12111,2103,O-linked,uniprotkb
P02458,190,O-linked,uniprotkb
P02745,48,O-linked,uniprotkb
P12111,2322,O-linked,uniprotkb
P0DTE7,427,N-linked,uniprotkb
P10451,308,O-linked,uniprotkb
P08123,177,O-linked,uniprotkb
A6NHN0,178,O-linked,uniprotkb
A6NHN0,310,O-linked,uniprotkb
P0C862,73,O-linked,uniprotkb
P0C862,127,O-linked,uniprotkb
O00391,243,N-linked,uniprotkb
O00391,130,N-linked,uniprotkb
O00180,95,N-linked,uniprotkb
O15439,754,N-linked,uniprotkb
O00206,526,N-linked,uniprotkb
O15488,228,O-linked,uniprotkb
O15229,465,N-linked,uniprotkb
O15118,122,N-linked,uniprotkb
O15439,746,N-linked,uniprotkb
O15455,247,N-linked,uniprotkb
O60507,60,N-linked,uniprotkb
O00115,86,N-linked,uniprotkb
O00115,290,N-linked,uniprotkb
O15455,196,N-linked,uniprotkb
O14656,158,N-linked,uniprotkb
O43567,88,N-linked,uniprotkb
O14656,143,N-linked,uniprotkb
O15118,70,N-linked,uniprotkb
O00115,212,N-linked,uniprotkb
O00206,575,N-linked,uniprotkb
O43292,203,N-linked,uniprotkb
O60507,262,N-linked,uniprotkb
O15533,253,N-linked,uniprotkb
O15118,185,N-linked,uniprotkb
O00115,266,N-linked,uniprotkb
Q6H9L7,117,N-linked,uniprotkb
Q9NR96,200,N-linked,uniprotkb
Q9UNN8,47,N-linked,uniprotkb
Q9NPR2,165,N-linked,uniprotkb
Q7Z553,504,N-linked,uniprotkb
Q99102,945,O-linked,uniprotkb
P58417,146,N-linked,uniprotkb
Q99895,52,N-linked,uniprotkb
Q9UJW2,175,N-linked,uniprotkb
Q9H1J7,93,N-linked,uniprotkb
O75443,813,N-linked,uniprotkb
P00748,328,O-linked,uniprotkb
O75445,587,N-linked,uniprotkb
P15289,350,N-linked,uniprotkb
O75015,82,N-linked,uniprotkb
O75445,2930,N-linked,uniprotkb
P08100,15,N-linked,uniprotkb
O75445,3099,N-linked,uniprotkb
O75445,2377,N-linked,uniprotkb
P16150,22,O-linked,uniprotkb
P35372,40,N-linked,uniprotkb
P17927,1540,N-linked,uniprotkb
P12830,470,O-linked,uniprotkb
P01008,167,N-linked,uniprotkb
P04275,2546,N-linked,uniprotkb
Q99972,57,N-linked,uniprotkb
Q99467,53,N-linked,uniprotkb
P04275,857,N-linked,uniprotkb
P00451,601,N-linked,uniprotkb
Q92838,372,N-linked,uniprotkb
P02649,314,O-linked,uniprotkb
P21802,331,N-linked,uniprotkb
Q6QNK2,476,N-linked,uniprotkb
Q9Y6L6,130,N-linked,uniprotkb
Q9UQD0,215,N-linked,uniprotkb
Q9H251,1282,N-linked,uniprotkb
Q8NGJ4,5,N-linked,uniprotkb
Q86UX2,421,N-linked,uniprotkb
Q9HBA9,151,N-linked,uniprotkb
Q99250,212,N-linked,uniprotkb
Q99102,156,O-linked,uniprotkb
Q8N6C5,381,N-linked,uniprotkb
Q6UW10,37,N-linked,uniprotkb
Q8TE58,623,N-linked,uniprotkb
Q8NH00,31,N-linked,uniprotkb
Q8NH83,6,N-linked,uniprotkb
Q96LA9,25,N-linked,uniprotkb
Q9Y6L6,432,N-linked,uniprotkb
Q8TDW7,2293,N-linked,uniprotkb
Q8TCU5,565,N-linked,uniprotkb
Q96G97,88,N-linked,uniprotkb
Q9BZW2,174,N-linked,uniprotkb
Q92752,302,O-linked,uniprotkb
P09871,406,N-linked,uniprotkb
P20742,406,N-linked,uniprotkb
P21589,311,N-linked,uniprotkb
Q6NUJ1,311,N-linked,uniprotkb
Q13936,328,N-linked,uniprotkb
P33151,535,N-linked,uniprotkb
P08581,582,O-linked,uniprotkb
P03952,453,N-linked,uniprotkb
P35555,2148,O-linked,uniprotkb
Q9NUM4,183,N-linked,uniprotkb
Q6P1J6,493,N-linked,uniprotkb
P14210,476,O-linked,uniprotkb
P35556,1222,O-linked,uniprotkb
P98088,2571,O-linked,uniprotkb
P12318,178,N-linked,uniprotkb
Q9NR99,702,O-linked,uniprotkb
Q99715,329,O-linked,uniprotkb
Q8N608,342,N-linked,uniprotkb
Q9HBX9,272,N-linked,uniprotkb
Q07954,3089,N-linked,uniprotkb
P04921,28,O-linked,uniprotkb
Q96IY4,73,N-linked,uniprotkb
P02751,1244,N-linked,uniprotkb
P15151,278,N-linked,uniprotkb
Q8TCT8,155,N-linked,uniprotkb
O60487,39,N-linked,uniprotkb
Q86SQ4,445,N-linked,uniprotkb
Q16819,630,O-linked,uniprotkb
P27918,92,O-linked,uniprotkb
O75477,108,N-linked,uniprotkb
P06870,108,N-linked,uniprotkb
Q02413,110,N-linked,uniprotkb
Q8NDA2,1024,N-linked,uniprotkb
Q9UQQ1,345,N-linked,uniprotkb
P25092,345,N-linked,uniprotkb
Q13201,344,N-linked,uniprotkb
P04196,344,N-linked,uniprotkb
A0A5B7,87,N-linked,uniprotkb
P53634,53,N-linked,uniprotkb
P01033,53,N-linked,uniprotkb
Q9UGM5,37,N-linked,uniprotkb
Q92752,37,O-linked,uniprotkb
Q9BX73,37,N-linked,uniprotkb
O00754,766,N-linked,uniprotkb
P32927,58,N-linked,uniprotkb
P42892,210,N-linked,uniprotkb
P09619,215,N-linked,uniprotkb
O14764,103,N-linked,uniprotkb
Q5T6X5,567,N-linked,uniprotkb
Q99250,340,N-linked,uniprotkb
Q04721,613,O-linked,uniprotkb
Q96AY3,182,N-linked,uniprotkb
P11912,88,N-linked,uniprotkb
P20333,30,O-linked,uniprotkb
Q96JA1,684,N-linked,uniprotkb
P16109,54,N-linked,uniprotkb
Q6YHK3,513,N-linked,uniprotkb
P26927,296,N-linked,uniprotkb
Q92954,529,O-linked,uniprotkb
Q92673,99,N-linked,uniprotkb
P14410,99,N-linked,uniprotkb
P56199,418,N-linked,uniprotkb
P20742,997,N-linked,uniprotkb
P02786,251,N-linked,uniprotkb
Q99572,202,N-linked,uniprotkb
O00533,1026,N-linked,uniprotkb
P16473,177,N-linked,uniprotkb
Q9Y639,284,N-linked,uniprotkb
O14786,150,N-linked,uniprotkb
P12273,105,N-linked,uniprotkb
Q8N6C8,431,N-linked,uniprotkb
P01009,70,N-linked,uniprotkb
P01023,70,N-linked,uniprotkb
P46977,544,N-linked,uniprotkb
P10253,882,N-linked,uniprotkb
P06731,204,N-linked,uniprotkb
Q8N0W4,102,N-linked,uniprotkb
Q08722,111,N-linked,uniprotkb
P00750,219,N-linked,uniprotkb
Q16348,587,N-linked,uniprotkb
Q13740,457,N-linked,uniprotkb
P19021,762,N-linked,uniprotkb
Q14CN2,811,N-linked,uniprotkb
Q02985,309,N-linked,uniprotkb
P19827,653,O-linked,uniprotkb
P05546,387,N-linked,uniprotkb
P25311,112,N-linked,uniprotkb
P16444,332,N-linked,uniprotkb
P11912,97,N-linked,uniprotkb
O15118,557,N-linked,uniprotkb
O00468,135,N-linked,uniprotkb
P51688,413,N-linked,uniprotkb
P48551,192,N-linked,uniprotkb
Q6ZMJ2,231,N-linked,uniprotkb
Q14314,336,N-linked,uniprotkb
Q13797,225,N-linked,uniprotkb
O94923,225,N-linked,uniprotkb
P16581,199,N-linked,uniprotkb
Q92823,858,N-linked,uniprotkb
P12821,695,N-linked,uniprotkb
P20742,932,N-linked,uniprotkb
P08069,314,N-linked,uniprotkb
Q8WZ75,246,N-linked,uniprotkb
P01880,132,O-linked,uniprotkb
Q86YT5,562,N-linked,uniprotkb
O15394,562,N-linked,uniprotkb
Q14624,720,O-linked,uniprotkb
Q7KYR7,120,N-linked,uniprotkb
P15151,120,N-linked,uniprotkb
P05160,545,N-linked,uniprotkb
P16150,35,O-linked,uniprotkb
Q16363,578,N-linked,uniprotkb
P17643,181,N-linked,uniprotkb
Q8N6C8,140,N-linked,uniprotkb
Q9UIQ6,850,N-linked,uniprotkb
Q8NDA2,346,N-linked,uniprotkb
P39905,126,N-linked,uniprotkb
P02751,542,N-linked,uniprotkb
P35555,1135,O-linked,uniprotkb
Q92954,829,O-linked,uniprotkb
P28799,265,N-linked,uniprotkb
O15455,265,N-linked,uniprotkb
Q9Y210,473,N-linked,uniprotkb
Q02763,596,N-linked,uniprotkb
P07333,302,N-linked,uniprotkb
Q92954,980,O-linked,uniprotkb
Q16820,218,N-linked,uniprotkb
P05556,363,N-linked,uniprotkb
Q92954,338,O-linked,uniprotkb
P41222,51,N-linked,uniprotkb
P07359,388,O-linked,uniprotkb
P20061,354,N-linked,uniprotkb
Q92626,719,N-linked,uniprotkb
P08519,1381,N-linked,uniprotkb
P40189,131,N-linked,uniprotkb
O75581,692,N-linked,uniprotkb
Q9GZZ8,119,N-linked,uniprotkb
P48549,119,N-linked,uniprotkb
P07339,134,N-linked,uniprotkb
P05187,144,N-linked,uniprotkb
P01344,96,O-linked,uniprotkb
P01266,947,N-linked,uniprotkb
A0A1B0GTW7,425,N-linked,uniprotkb
Q8NBW4,274,N-linked,uniprotkb
P06276,45,N-linked,uniprotkb
P15018,138,N-linked,uniprotkb
P02751,430,N-linked,uniprotkb
Q92954,430,O-linked,uniprotkb
P00736,514,N-linked,uniprotkb
P07359,461,O-linked,uniprotkb
P14784,43,N-linked,uniprotkb
P08648,297,N-linked,uniprotkb
Q92982,60,N-linked,uniprotkb
Q9P0K1,675,N-linked,uniprotkb
O60603,414,N-linked,uniprotkb
P07358,551,C-linked,uniprotkb
Q9UBX1,440,N-linked,uniprotkb
Q68CJ9,420,N-linked,uniprotkb
P13671,392,O-linked,uniprotkb
O60931,41,N-linked,uniprotkb
Q9H9S5,172,N-linked,uniprotkb
Q16820,547,N-linked,uniprotkb
P04217,44,N-linked,uniprotkb
Q96IY4,44,N-linked,uniprotkb
P51689,347,N-linked,uniprotkb
P13671,32,C-linked,uniprotkb
P12259,977,N-linked,uniprotkb
Q96QV1,447,N-linked,uniprotkb
Q01459,299,N-linked,uniprotkb
P21860,250,N-linked,uniprotkb
Q96IY4,241,N-linked,uniprotkb
O75326,258,N-linked,uniprotkb
P51164,161,N-linked,uniprotkb
O95497,38,N-linked,uniprotkb
Q9BX74,75,N-linked,uniprotkb
P05164,483,N-linked,uniprotkb
Q92954,837,O-linked,uniprotkb
P49767,205,N-linked,uniprotkb
P02749,253,N-linked,uniprotkb
P46531,146,O-linked,uniprotkb
P00742,211,O-linked,uniprotkb
P49767,175,N-linked,uniprotkb
Q8IYJ1,95,N-linked,uniprotkb
Q14956,300,N-linked,uniprotkb
Q05586,471,N-linked,uniprotkb
O75056,170,O-linked,uniprotkb
O75882,428,N-linked,uniprotkb
Q9NUM4,164,N-linked,uniprotkb
P11597,358,N-linked,uniprotkb
P04114,185,N-linked,uniprotkb
P20702,735,N-linked,uniprotkb
P03951,163,N-linked,uniprotkb
P00748,305,O-linked,uniprotkb
Q8NDA2,5014,N-linked,uniprotkb
Q9UHG3,323,N-linked,uniprotkb
P35555,2313,O-linked,uniprotkb
P98160,3072,N-linked,uniprotkb
P98088,2893,O-linked,uniprotkb
P35555,2547,O-linked,uniprotkb
P98088,4386,O-linked,uniprotkb
Q9HC84,5017,N-linked,uniprotkb
Q9UQD0,1372,N-linked,uniprotkb
P98088,2461,O-linked,uniprotkb
Q07954,3488,N-linked,uniprotkb
Q7Z443,515,N-linked,uniprotkb
Q8IU80,453,N-linked,uniprotkb
O60469,748,N-linked,uniprotkb
Q96PZ7,3056,N-linked,uniprotkb
Q99102,3103,O-linked,uniprotkb
Q9UMF0,764,N-linked,uniprotkb
A4D0V7,404,N-linked,uniprotkb
Q7Z3B1,286,N-linked,uniprotkb
A2VEC9,2646,N-linked,uniprotkb
Q99102,1668,O-linked,uniprotkb
A4D0S4,1596,N-linked,uniprotkb
Q9NYQ8,3873,N-linked,uniprotkb
Q96PZ7,2154,N-linked,uniprotkb
Q99102,934,O-linked,uniprotkb
Q7RTU9,476,N-linked,uniprotkb
Q9H251,2877,N-linked,uniprotkb
Q9NYQ7,1222,N-linked,uniprotkb
Q92752,55,N-linked,uniprotkb
P56937,178,N-linked,uniprotkb
O95389,178,N-linked,uniprotkb
P23467,1040,N-linked,uniprotkb
P13987,77,O-linked,uniprotkb
O75473,77,N-linked,uniprotkb
Q8WXI7,1877,N-linked,uniprotkb
P04216,139,N-linked,uniprotkb
Q96GP6,83,N-linked,uniprotkb
Q9UHF4,83,N-linked,uniprotkb
O00755,83,N-linked,uniprotkb
Q86Z14,702,N-linked,uniprotkb
Q15828,137,N-linked,uniprotkb
O14522,137,N-linked,uniprotkb
P39900,20,N-linked,uniprotkb
Q8NG84,20,N-linked,uniprotkb
Q9BYE9,632,N-linked,uniprotkb
Q9P2E5,342,N-linked,uniprotkb
Q9NRD9,342,N-linked,uniprotkb
Q92611,342,N-linked,uniprotkb
O00754,989,N-linked,uniprotkb
Q9NXL6,282,N-linked,uniprotkb
Q9P283,236,N-linked,uniprotkb
Q6ZNI0,272,N-linked,uniprotkb
Q49SQ1,272,N-linked,uniprotkb
Q6ZNA5,321,N-linked,uniprotkb
Q86TH1,475,N-linked,uniprotkb
P51170,209,N-linked,uniprotkb
Q9Y2I2,320,N-linked,uniprotkb
P15529,304,O-linked,uniprotkb
Q9UJ14,283,N-linked,uniprotkb
Q8TDX9,605,N-linked,uniprotkb
P78380,73,N-linked,uniprotkb
Q4VNC0,540,N-linked,uniprotkb
Q9UP52,540,N-linked,uniprotkb
Q9UQF0,208,N-linked,uniprotkb
Q9H015,91,N-linked,uniprotkb
Q6UXV1,91,N-linked,uniprotkb
Q5JS37,278,N-linked,uniprotkb
Q6QNK2,533,N-linked,uniprotkb
Q86TH1,533,N-linked,uniprotkb
Q9HB29,127,N-linked,uniprotkb
Q9UBN6,127,N-linked,uniprotkb
A2VDJ0,709,N-linked,uniprotkb
Q8NH89,155,N-linked,uniprotkb
Q17RW2,155,N-linked,uniprotkb
Q8N158,155,O-linked,uniprotkb
Q8N0Z9,39,N-linked,uniprotkb
P59510,445,N-linked,uniprotkb
O75015,92,N-linked,uniprotkb
P25105,169,N-linked,uniprotkb
P51993,46,N-linked,uniprotkb
P0DPK3,46,N-linked,uniprotkb
Q8N5D6,108,N-linked,uniprotkb
Q99102,1839,O-linked,uniprotkb
Q86UK0,412,N-linked,uniprotkb
Q13224,491,N-linked,uniprotkb
P28827,651,N-linked,uniprotkb
P23276,345,N-linked,uniprotkb
Q86VW1,345,N-linked,uniprotkb
Q16620,325,N-linked,uniprotkb
P46531,1179,N-linked,uniprotkb
Q14956,459,N-linked,uniprotkb
Q9UPU3,840,N-linked,uniprotkb
Q7Z4T8,87,N-linked,uniprotkb
Q9UJ14,353,N-linked,uniprotkb
Q96MS0,53,N-linked,uniprotkb
P58658,165,N-linked,uniprotkb
P35916,683,N-linked,uniprotkb
P56730,683,N-linked,uniprotkb
Q9C0I4,683,N-linked,uniprotkb
Q13308,214,N-linked,uniprotkb
Q96QE2,458,N-linked,uniprotkb
P12259,239,N-linked,uniprotkb
P15291,113,N-linked,uniprotkb
Q8IZD6,58,N-linked,uniprotkb
Q6UWQ5,58,N-linked,uniprotkb
Q7Z4W2,58,N-linked,uniprotkb
Q8N6C5,1027,N-linked,uniprotkb
Q29983,210,N-linked,uniprotkb
Q9NYP8,210,N-linked,uniprotkb
Q9Y5E3,565,N-linked,uniprotkb
Q17R60,421,O-linked,uniprotkb
Q86Y38,421,N-linked,uniprotkb
O75882,1206,N-linked,uniprotkb
Q9NR16,334,N-linked,uniprotkb
Q9Y336,334,N-linked,uniprotkb
O94910,531,N-linked,uniprotkb
Q9H461,49,N-linked,uniprotkb
A6NGN9,49,N-linked,uniprotkb
P17813,307,N-linked,uniprotkb
Q9Y5I2,256,N-linked,uniprotkb
Q6MZM0,935,N-linked,uniprotkb
P41217,103,N-linked,uniprotkb
Q00889,103,N-linked,uniprotkb
Q9H1J5,103,N-linked,uniprotkb
P43235,103,N-linked,uniprotkb
Q99102,1579,O-linked,uniprotkb
Q7Z408,1158,N-linked,uniprotkb
Q9UN67,567,N-linked,uniprotkb
Q8IU68,567,N-linked,uniprotkb
Q16478,285,N-linked,uniprotkb
Q7Z553,443,N-linked,uniprotkb
Q9NR71,79,O-linked,uniprotkb
Q53H76,79,N-linked,uniprotkb
Q16288,79,N-linked,uniprotkb
O43155,433,N-linked,uniprotkb
Q12797,452,N-linked,uniprotkb
Q9NT99,452,N-linked,uniprotkb
Q96FC7,23,N-linked,uniprotkb
Q9H841,23,N-linked,uniprotkb
Q7Z553,434,N-linked,uniprotkb
Q8IZF3,340,N-linked,uniprotkb
P54764,340,N-linked,uniprotkb
Q8NG78,16,N-linked,uniprotkb
Q99678,16,N-linked,uniprotkb
Q9H341,16,N-linked,uniprotkb
P42702,680,N-linked,uniprotkb
Q695T7,182,N-linked,uniprotkb
Q9UGM5,182,N-linked,uniprotkb
Q9Y336,238,N-linked,uniprotkb
P0DPD8,429,N-linked,uniprotkb
Q01344,216,N-linked,uniprotkb
Q99758,620,N-linked,uniprotkb
Q8IZF5,264,N-linked,uniprotkb
Q7Z5N4,655,N-linked,uniprotkb
Q9P2W7,303,N-linked,uniprotkb
Q8IWV2,705,N-linked,uniprotkb
P04275,1231,N-linked,uniprotkb
Q96L15,196,N-linked,uniprotkb
Q9Y4D7,1118,N-linked,uniprotkb
Q9BZ76,706,N-linked,uniprotkb
Q658N2,348,N-linked,uniprotkb
P41594,88,N-linked,uniprotkb
P17813,88,N-linked,uniprotkb
Q07954,1933,N-linked,uniprotkb
Q68CP4,162,N-linked,uniprotkb
Q16602,118,N-linked,uniprotkb
P32239,30,N-linked,uniprotkb
O75106,133,N-linked,uniprotkb
Q8WXD0,54,N-linked,uniprotkb
Q96FV3,171,N-linked,uniprotkb
Q8NFM7,171,N-linked,uniprotkb
P22310,296,N-linked,uniprotkb
Q5PT55,99,N-linked,uniprotkb
Q96A28,99,N-linked,uniprotkb
Q401N2,99,N-linked,uniprotkb
Q7RTY7,99,N-linked,uniprotkb
P05543,99,N-linked,uniprotkb
P01854,99,N-linked,uniprotkb
Q9UIG8,519,N-linked,uniprotkb
P06213,633,N-linked,uniprotkb
Q8IXB1,530,N-linked,uniprotkb
A4D0V7,251,N-linked,uniprotkb
P06213,933,N-linked,uniprotkb
O43424,426,N-linked,uniprotkb
Q6ZRH7,426,N-linked,uniprotkb
Q9HCK4,426,N-linked,uniprotkb
Q9UQ52,377,N-linked,uniprotkb
Q9P121,292,N-linked,uniprotkb
Q86YC3,292,N-linked,uniprotkb
Q9UHN6,292,N-linked,uniprotkb
Q8TCC7,86,N-linked,uniprotkb
Q8NCL4,86,N-linked,uniprotkb
Q9UN67,436,N-linked,uniprotkb
P54756,436,N-linked,uniprotkb
P56159,59,N-linked,uniprotkb
P26992,190,N-linked,uniprotkb
P48066,190,N-linked,uniprotkb
Q9BY15,202,N-linked,uniprotkb
O75094,1247,N-linked,uniprotkb
P07949,468,N-linked,uniprotkb
Q13438,177,N-linked,uniprotkb
Q9Y3Q7,177,N-linked,uniprotkb
Q86WC4,177,N-linked,uniprotkb
Q6UXG3,143,O-linked,uniprotkb
P06213,322,N-linked,uniprotkb
P0DTE5,322,N-linked,uniprotkb
Q9NWM8,176,N-linked,uniprotkb
Q6UXL0,40,N-linked,uniprotkb
Q14517,40,N-linked,uniprotkb
Q92611,198,N-linked,uniprotkb
Q17R60,648,N-linked,uniprotkb
Q13255,397,N-linked,uniprotkb
O75445,361,N-linked,uniprotkb
Q9H720,455,N-linked,uniprotkb
O75871,57,N-linked,uniprotkb
O00526,57,N-linked,uniprotkb
Q9Y6I8,57,N-linked,uniprotkb
Q9C0A0,359,N-linked,uniprotkb
P17050,359,N-linked,uniprotkb
P40145,888,N-linked,uniprotkb
P08700,89,N-linked,uniprotkb
B4DS77,89,N-linked,uniprotkb
P26992,70,N-linked,uniprotkb
Q9P121,70,N-linked,uniprotkb
Q9BXJ4,70,N-linked,uniprotkb
Q16288,375,N-linked,uniprotkb
P17787,485,N-linked,uniprotkb
P62079,232,N-linked,uniprotkb
Q13304,204,N-linked,uniprotkb
Q8IZJ1,222,N-linked,uniprotkb
Q9UKF2,222,N-linked,uniprotkb
O95813,222,N-linked,uniprotkb
O15354,222,N-linked,uniprotkb
Q86VW1,352,N-linked,uniprotkb
P0DPD6,673,N-linked,uniprotkb
Q8NAT1,276,N-linked,uniprotkb
O75074,71,N-linked,uniprotkb
O94898,589,N-linked,uniprotkb
Q96P67,3,N-linked,uniprotkb
Q8NGP3,3,N-linked,uniprotkb
Q8NGN3,3,N-linked,uniprotkb
Q9UPZ6,1182,N-linked,uniprotkb
Q9HCU4,1182,N-linked,uniprotkb
Q04756,546,N-linked,uniprotkb
Q02487,34,N-linked,uniprotkb
P16066,34,N-linked,uniprotkb
O60503,206,N-linked,uniprotkb
Q96IQ7,206,N-linked,uniprotkb
Q92954,206,N-linked,uniprotkb
P08069,747,N-linked,uniprotkb
P12111,116,N-linked,uniprotkb
Q14524,288,N-linked,uniprotkb
P15529,309,O-linked,uniprotkb
O75325,94,N-linked,uniprotkb
Q96PB8,94,N-linked,uniprotkb
Q8TDW0,64,N-linked,uniprotkb
Q14264,64,N-linked,uniprotkb
Q969D9,64,N-linked,uniprotkb
P78357,653,N-linked,uniprotkb
P34903,228,N-linked,uniprotkb
Q12913,536,N-linked,uniprotkb
P16581,503,N-linked,uniprotkb
Q86UX2,97,N-linked,uniprotkb
P12314,240,N-linked,uniprotkb
Q6FHJ7,240,N-linked,uniprotkb
P34982,195,N-linked,uniprotkb
Q9HAT2,290,N-linked,uniprotkb
P78562,290,N-linked,uniprotkb
Q9NSC7,460,N-linked,uniprotkb
Q9P2K2,460,N-linked,uniprotkb
Q9Y6M0,200,N-linked,uniprotkb
Q68CR1,382,N-linked,uniprotkb
P55290,382,N-linked,uniprotkb
O96005,413,N-linked,uniprotkb
Q13316,413,N-linked,uniprotkb
P23975,192,N-linked,uniprotkb
Q9Y336,231,N-linked,uniprotkb
P11464,199,N-linked,uniprotkb
P08575,199,N-linked,uniprotkb
A4D0S4,1223,N-linked,uniprotkb
P07202,129,N-linked,uniprotkb
Q13255,98,N-linked,uniprotkb
Q7Z7M9,845,N-linked,uniprotkb
Q9NRA1,25,N-linked,uniprotkb
Q9UQF0,409,N-linked,uniprotkb
Q7Z3F1,15,N-linked,uniprotkb
A0A1B0GW64,15,N-linked,uniprotkb
P35443,612,N-linked,uniprotkb
O60412,5,N-linked,uniprotkb
Q5TZ20,5,N-linked,uniprotkb
O76000,5,N-linked,uniprotkb
Q9Y2T6,5,N-linked,uniprotkb
O95222,5,N-linked,uniprotkb
P0C7N8,5,N-linked,uniprotkb
Q8NGG4,5,N-linked,uniprotkb
Q8NHB8,5,N-linked,uniprotkb
Q8NGG0,5,N-linked,uniprotkb
Q8NGS5,5,N-linked,uniprotkb
A6NHG9,5,N-linked,uniprotkb
Q8NGM9,5,N-linked,uniprotkb
Q9H205,5,N-linked,uniprotkb
Q7Z2D5,268,N-linked,uniprotkb
Q9UQ74,268,N-linked,uniprotkb
O75493,260,N-linked,uniprotkb
Q86WI1,1803,O-linked,uniprotkb
O95622,887,N-linked,uniprotkb
P14151,246,N-linked,uniprotkb
P51575,242,N-linked,uniprotkb
Q9Y275,242,N-linked,uniprotkb
Q2TBF2,242,N-linked,uniprotkb
Q9UBX7,242,N-linked,uniprotkb
Q16602,123,N-linked,uniprotkb
O15440,890,N-linked,uniprotkb
O43493,152,N-linked,uniprotkb
Q5T197,189,N-linked,uniprotkb
Q14246,189,N-linked,uniprotkb
P04275,1487,O-linked,uniprotkb
P60508,312,N-linked,uniprotkb
Q8IZY2,312,N-linked,uniprotkb
Q9UHI8,720,N-linked,uniprotkb
Q9H3Y0,120,N-linked,uniprotkb
Q9H756,62,N-linked,uniprotkb
P16671,235,N-linked,uniprotkb
P38567,235,N-linked,uniprotkb
O00592,360,N-linked,uniprotkb
O95477,349,N-linked,uniprotkb
Q9HD43,35,N-linked,uniprotkb
O00462,35,N-linked,uniprotkb
P20273,101,N-linked,uniprotkb
Q86WD7,101,N-linked,uniprotkb
P18433,68,N-linked,uniprotkb
O00624,68,N-linked,uniprotkb
Q9HBG7,424,N-linked,uniprotkb
Q15722,2,N-linked,uniprotkb
Q9NWH7,181,N-linked,uniprotkb
Q9BZW8,181,N-linked,uniprotkb
P21757,267,N-linked,uniprotkb
Q92823,245,N-linked,uniprotkb
Q9HBW9,74,N-linked,uniprotkb
Q13873,126,N-linked,uniprotkb
Q86VH4,126,N-linked,uniprotkb
Q8IZP9,542,N-linked,uniprotkb
Q96NR3,326,N-linked,uniprotkb
Q16363,1288,N-linked,uniprotkb
Q14954,67,N-linked,uniprotkb
Q9BUJ0,67,N-linked,uniprotkb
O95813,26,N-linked,uniprotkb
P14778,193,N-linked,uniprotkb
A8MVW0,201,N-linked,uniprotkb
O43529,316,N-linked,uniprotkb
Q12866,316,N-linked,uniprotkb
Q9P273,883,N-linked,uniprotkb
Q8NGH3,21,N-linked,uniprotkb
Q8NI17,277,N-linked,uniprotkb
Q9UPU3,789,N-linked,uniprotkb
Q9NPG1,265,N-linked,uniprotkb
Q8NGX5,265,N-linked,uniprotkb
P28223,8,N-linked,uniprotkb
Q9Y6N7,790,N-linked,uniprotkb
P35968,580,N-linked,uniprotkb
O95302,302,N-linked,uniprotkb
Q969N4,18,N-linked,uniprotkb
Q6V0I7,721,N-linked,uniprotkb
Q8N4M1,521,N-linked,uniprotkb
Q14118,141,N-linked,uniprotkb
Q9ULF5,218,N-linked,uniprotkb
Q8N6C5,798,N-linked,uniprotkb
Q8N2G8,450,N-linked,uniprotkb
Q9NYQ6,1249,N-linked,uniprotkb
Q8N158,502,O-linked,uniprotkb
P16070,548,N-linked,uniprotkb
O60486,548,N-linked,uniprotkb
Q9Y5I0,548,N-linked,uniprotkb
Q9H2U9,174,N-linked,uniprotkb
P22888,174,N-linked,uniprotkb
P14384,363,N-linked,uniprotkb
Q7Z408,51,N-linked,uniprotkb
P22732,51,N-linked,uniprotkb
Q8TCU5,549,N-linked,uniprotkb
O94898,441,N-linked,uniprotkb
Q14114,441,N-linked,uniprotkb
P59510,870,N-linked,uniprotkb
P0C0L5,862,N-linked,uniprotkb
Q9H8L6,439,N-linked,uniprotkb
P07510,52,N-linked,uniprotkb
Q6NUS8,52,N-linked,uniprotkb
Q9NQ76,477,N-linked,uniprotkb
P26718,131,N-linked,uniprotkb
Q9UF33,343,N-linked,uniprotkb
P98164,1186,N-linked,uniprotkb
P54753,351,N-linked,uniprotkb
Q9NPR9,534,N-linked,uniprotkb
Q9NRD9,534,N-linked,uniprotkb
Q03167,534,O-linked,uniprotkb
Q9Y691,119,N-linked,uniprotkb
P10153,119,N-linked,uniprotkb
Q92185,119,N-linked,uniprotkb
O15072,119,N-linked,uniprotkb
P22105,31,N-linked,uniprotkb
P78552,293,N-linked,uniprotkb
Q14574,166,N-linked,uniprotkb
P09919,166,O-linked,uniprotkb
Q495W5,166,N-linked,uniprotkb
Q969J5,166,N-linked,uniprotkb
A8MXE2,66,N-linked,uniprotkb
P01138,114,N-linked,uniprotkb
Q6NT32,281,N-linked,uniprotkb
Q9NZR2,2802,N-linked,uniprotkb
Q8NCF0,144,N-linked,uniprotkb
Q96A84,136,N-linked,uniprotkb
Q86VR7,96,N-linked,uniprotkb
O95158,72,N-linked,uniprotkb
O43603,11,N-linked,uniprotkb
O75443,187,N-linked,uniprotkb
Q96J42,187,N-linked,uniprotkb
P37173,154,N-linked,uniprotkb
Q9Y653,148,N-linked,uniprotkb
Q99102,1076,O-linked,uniprotkb
Q9BXA5,168,N-linked,uniprotkb
Q6UW56,168,N-linked,uniprotkb
Q9H2A7,168,N-linked,uniprotkb
Q76LX8,1235,N-linked,uniprotkb
Q9UMF0,795,N-linked,uniprotkb
O00462,763,N-linked,uniprotkb
Q9H8L6,379,N-linked,uniprotkb
Q9NR16,637,N-linked,uniprotkb
Q5T848,274,N-linked,uniprotkb
Q8WXD0,274,N-linked,uniprotkb
Q12999,109,N-linked,uniprotkb
Q9HBG7,173,N-linked,uniprotkb
Q99102,1051,O-linked,uniprotkb
Q9NPR2,525,N-linked,uniprotkb
Q13002,378,N-linked,uniprotkb
Q6ZMI3,378,N-linked,uniprotkb
Q8N0Z9,180,N-linked,uniprotkb
Q9Y271,180,N-linked,uniprotkb
Q9ULI3,180,N-linked,uniprotkb
O43493,180,N-linked,uniprotkb
Q9H1C0,9,N-linked,uniprotkb
Q9NYQ6,1139,N-linked,uniprotkb
O95841,160,N-linked,uniprotkb
Q14246,366,N-linked,uniprotkb
Q96AY3,310,N-linked,uniprotkb
Q9UIG8,381,N-linked,uniprotkb
Q02246,461,N-linked,uniprotkb
Q13258,90,N-linked,uniprotkb
A0A5A2,90,N-linked,uniprotkb
Q7Z408,1194,N-linked,uniprotkb
Q92673,616,N-linked,uniprotkb
Q6UWL6,301,N-linked,uniprotkb
P08F94,1065,N-linked,uniprotkb
A1E959,115,O-linked,uniprotkb
Q68CR7,115,N-linked,uniprotkb
Q2M3T9,115,N-linked,uniprotkb
Q96PE1,207,N-linked,uniprotkb
P01042,571,O-linked,uniprotkb
A0A0B4J274,43,N-linked,uniprotkb
Q9BQT9,507,N-linked,uniprotkb
O60330,419,N-linked,uniprotkb
Q9Y5H4,419,N-linked,uniprotkb
Q9Y5G5,414,N-linked,uniprotkb
Q6UW63,414,N-linked,uniprotkb
Q6V0I7,84,N-linked,uniprotkb
Q05940,84,N-linked,uniprotkb
P0DPF7,84,N-linked,uniprotkb
O94911,84,N-linked,uniprotkb
A0A0J9YX75,84,N-linked,uniprotkb
Q96ID5,82,N-linked,uniprotkb
Q9NR71,82,O-linked,uniprotkb
Q8IUL8,308,N-linked,uniprotkb
Q9BTN0,339,N-linked,uniprotkb
Q5K4E3,369,N-linked,uniprotkb
Q9HCM2,1132,N-linked,uniprotkb
Q9UK23,420,N-linked,uniprotkb
Q9Y5G3,41,N-linked,uniprotkb
P55082,41,N-linked,uniprotkb
P18433,104,N-linked,uniprotkb
P21815,104,N-linked,uniprotkb
P10124,104,O-linked,uniprotkb
P58397,1105,N-linked,uniprotkb
Q96PR1,259,N-linked,uniprotkb
P20701,65,N-linked,uniprotkb
O75795,65,N-linked,uniprotkb
Q96PD6,125,N-linked,uniprotkb
Q9NS93,27,N-linked,uniprotkb
Q8TE59,803,N-linked,uniprotkb
Q99102,1380,O-linked,uniprotkb
P19224,294,N-linked,uniprotkb
Q96DR8,63,O-linked,uniprotkb
P30872,44,N-linked,uniprotkb
Q9NQ76,478,N-linked,uniprotkb
P14416,17,N-linked,uniprotkb
Q8NG76,17,N-linked,uniprotkb
Q15761,17,N-linked,uniprotkb
P56159,347,N-linked,uniprotkb
Q99665,347,N-linked,uniprotkb
P18084,347,N-linked,uniprotkb
Q14766,347,N-linked,uniprotkb
P13591,347,N-linked,uniprotkb
P0DTE4,347,N-linked,uniprotkb
Q5JPE7,50,N-linked,uniprotkb
P01229,50,N-linked,uniprotkb
P29371,50,N-linked,uniprotkb
Q3ZCN5,2198,N-linked,uniprotkb
Q99102,1083,O-linked,uniprotkb
P47872,128,N-linked,uniprotkb
Q8TE59,913,N-linked,uniprotkb
O95866,32,N-linked,uniprotkb
P35555,2178,N-linked,uniprotkb
Q96PE1,275,N-linked,uniprotkb
P19438,145,N-linked,uniprotkb
P98164,1064,N-linked,uniprotkb
P51828,781,N-linked,uniprotkb
Q8NGL9,6,N-linked,uniprotkb
P43116,6,N-linked,uniprotkb
P08922,714,N-linked,uniprotkb
O00533,299,N-linked,uniprotkb
P54756,299,N-linked,uniprotkb
Q8IZF3,250,N-linked,uniprotkb
P22004,241,N-linked,uniprotkb
P21802,241,N-linked,uniprotkb
P00451,258,N-linked,uniprotkb
P59538,161,N-linked,uniprotkb
P59539,161,N-linked,uniprotkb
Q9H251,2263,N-linked,uniprotkb
P61565,553,N-linked,uniprotkb
Q5T601,553,N-linked,uniprotkb
Q9BY21,4,N-linked,uniprotkb
Q9Y5P1,4,N-linked,uniprotkb
Q6IEV9,4,N-linked,uniprotkb
Q9BQI4,100,N-linked,uniprotkb
Q6PCB8,100,N-linked,uniprotkb
P25116,75,N-linked,uniprotkb
O94856,483,N-linked,uniprotkb
Q8IYS5,48,N-linked,uniprotkb
Q5VYY2,48,N-linked,uniprotkb
Q5R3F8,205,N-linked,uniprotkb
P48169,47,N-linked,uniprotkb
Q63HQ2,47,N-linked,uniprotkb
Q96PB8,47,N-linked,uniprotkb
P29017,146,N-linked,uniprotkb
P59536,167,N-linked,uniprotkb
Q9Y6M0,167,N-linked,uniprotkb
Q6V0I7,1085,N-linked,uniprotkb
P43631,211,N-linked,uniprotkb
Q9UKP6,29,N-linked,uniprotkb
Q9NRE1,221,N-linked,uniprotkb
A1A5C7,279,N-linked,uniprotkb
P59901,279,N-linked,uniprotkb
P16112,333,N-linked,uniprotkb
O15230,95,N-linked,uniprotkb
O14786,300,N-linked,uniprotkb
P18428,300,N-linked,uniprotkb
Q9UHN6,248,N-linked,uniprotkb
Q969V3,428,N-linked,uniprotkb
P29323,428,N-linked,uniprotkb
Q9UHW9,428,N-linked,uniprotkb
Q9HB29,266,N-linked,uniprotkb
Q96PR1,266,N-linked,uniprotkb
P22792,266,N-linked,uniprotkb
Q8TE59,266,N-linked,uniprotkb
P08F94,1582,N-linked,uniprotkb
Q8NFP4,432,N-linked,uniprotkb
P23467,1185,N-linked,uniprotkb
Q7RTX1,291,N-linked,uniprotkb
P00451,1301,N-linked,uniprotkb
Q07011,149,N-linked,uniprotkb
Q7RTW8,812,N-linked,uniprotkb
O60500,401,N-linked,uniprotkb
Q99574,401,N-linked,uniprotkb
P29120,401,N-linked,uniprotkb
O75976,1142,N-linked,uniprotkb
P26718,163,N-linked,uniprotkb
Q9NYW7,163,N-linked,uniprotkb
P31641,163,N-linked,uniprotkb
Q6UXG3,237,O-linked,uniprotkb
P15151,237,N-linked,uniprotkb
O95972,237,N-linked,uniprotkb
Q99102,1604,O-linked,uniprotkb
P15509,305,N-linked,uniprotkb
Q8IWB9,330,N-linked,uniprotkb
P51172,330,N-linked,uniprotkb
Q8IWU6,773,N-linked,uniprotkb
Q16099,323,N-linked,uniprotkb
Q9NZR2,3066,N-linked,uniprotkb
Q99102,3519,O-linked,uniprotkb
Q96RW7,2112,N-linked,uniprotkb
Q96RW7,2973,N-linked,uniprotkb
Q99102,2758,O-linked,uniprotkb
Q99102,3723,O-linked,uniprotkb
Q9NZR2,3076,N-linked,uniprotkb
Q7Z408,2731,N-linked,uniprotkb
A2VEC9,5064,N-linked,uniprotkb
O75445,4564,N-linked,uniprotkb
A2VEC9,3311,N-linked,uniprotkb
Q99102,4187,O-linked,uniprotkb
Q8WXI7,13733,N-linked,uniprotkb
Q96RW7,5615,N-linked,uniprotkb
Q99102,1291,O-linked,uniprotkb
Q9UPZ6,1366,N-linked,uniprotkb
O43497,1451,N-linked,uniprotkb
P22105,3908,N-linked,uniprotkb
Q8TDW7,880,N-linked,uniprotkb
Q99102,3718,O-linked,uniprotkb
Q99102,2334,O-linked,uniprotkb
Q9NR99,2056,N-linked,uniprotkb
Q99102,1486,O-linked,uniprotkb
P08F94,1764,N-linked,uniprotkb
Q14524,1388,N-linked,uniprotkb
P98161,1455,N-linked,uniprotkb
Q99102,1455,O-linked,uniprotkb
Q8WXI7,1840,N-linked,uniprotkb
Q99102,3406,O-linked,uniprotkb
O60494,1500,N-linked,uniprotkb
Q8WXI7,3085,N-linked,uniprotkb
Q9UPZ6,1547,N-linked,uniprotkb
A2VEC9,4756,N-linked,uniprotkb
P08F94,1919,N-linked,uniprotkb
Q9NTG1,1944,N-linked,uniprotkb
Q75N90,2033,N-linked,uniprotkb
Q8WWQ8,2296,N-linked,uniprotkb
Q7Z5N4,1767,N-linked,uniprotkb
Q9HCU4,2323,N-linked,uniprotkb
Q7Z407,2742,N-linked,uniprotkb
O75445,3733,N-linked,uniprotkb
A2VEC9,2031,N-linked,uniprotkb
Q8WXI7,13484,N-linked,uniprotkb
P98161,1072,N-linked,uniprotkb
Q99102,4006,O-linked,uniprotkb
Q6V0I7,3758,N-linked,uniprotkb
Q9H251,2168,N-linked,uniprotkb
O95477,1504,N-linked,uniprotkb
Q86XX4,1504,N-linked,uniprotkb
P98088,1584,C-linked,uniprotkb
P08F94,1532,N-linked,uniprotkb
O75445,1635,N-linked,uniprotkb
Q99102,3131,O-linked,uniprotkb
P08F94,1241,N-linked,uniprotkb
Q8WXI7,1890,N-linked,uniprotkb
Q8TDW7,3330,N-linked,uniprotkb
O60494,2274,N-linked,uniprotkb
A8MXE2,109,N-linked,uniprotkb
Q5HYA8,179,N-linked,uniprotkb
P01031,1630,N-linked,uniprotkb
P25092,402,N-linked,uniprotkb
Q9UNA0,582,O-linked,uniprotkb
Q15303,495,N-linked,uniprotkb
Q92542,55,N-linked,uniprotkb
O00300,178,N-linked,uniprotkb
Q13477,83,N-linked,uniprotkb
O75882,383,N-linked,uniprotkb
Q02817,1154,N-linked,uniprotkb
P27918,321,C-linked,uniprotkb
O00469,209,N-linked,uniprotkb
O95497,283,N-linked,uniprotkb
Q9UKR0,24,N-linked,uniprotkb
P01011,127,N-linked,uniprotkb
O15394,445,N-linked,uniprotkb
P54289,92,N-linked,uniprotkb
Q92954,454,O-linked,uniprotkb
Q9NQX7,169,N-linked,uniprotkb
Q14055,169,O-linked,uniprotkb
Q92954,769,O-linked,uniprotkb
A0A075B767,108,N-linked,uniprotkb
P01880,110,O-linked,uniprotkb
P40225,197,N-linked,uniprotkb
P02787,491,N-linked,uniprotkb
P01876,117,O-linked,uniprotkb
P04280,87,O-linked,uniprotkb
Q7Z4R8,53,N-linked,uniprotkb
P33681,53,N-linked,uniprotkb
P16473,113,N-linked,uniprotkb
P08603,1095,N-linked,uniprotkb
P54802,435,N-linked,uniprotkb
P06731,256,N-linked,uniprotkb
P13473,257,N-linked,uniprotkb
Q6UX71,103,N-linked,uniprotkb
P10721,130,N-linked,uniprotkb
Q9UJ37,130,N-linked,uniprotkb
O75581,859,N-linked,uniprotkb
P16860,79,O-linked,uniprotkb
P01031,911,N-linked,uniprotkb
P02724,69,O-linked,uniprotkb
Q6GTX8,69,N-linked,uniprotkb
P40879,153,N-linked,uniprotkb
Q9HBW9,249,N-linked,uniprotkb
P00533,56,N-linked,uniprotkb
P01011,271,N-linked,uniprotkb
Q6YHK3,118,N-linked,uniprotkb
P15144,573,N-linked,uniprotkb
Q15904,296,N-linked,uniprotkb
P10646,202,O-linked,uniprotkb
Q96FE5,202,N-linked,uniprotkb
Q14112,1124,N-linked,uniprotkb
P11279,322,N-linked,uniprotkb
P20023,623,N-linked,uniprotkb
P13747,107,N-linked,uniprotkb
P43251,150,N-linked,uniprotkb
P46531,647,O-linked,uniprotkb
Q9NQS3,186,N-linked,uniprotkb
P02750,186,N-linked,uniprotkb
Q14108,105,N-linked,uniprotkb
Q9UIK5,204,N-linked,uniprotkb
P51693,227,O-linked,uniprotkb
Q6ZMJ2,102,N-linked,uniprotkb
O60656,71,N-linked,uniprotkb
O60494,1307,N-linked,uniprotkb
P11717,747,N-linked,uniprotkb
P10124,94,O-linked,uniprotkb
P20851,64,N-linked,uniprotkb
P51693,228,O-linked,uniprotkb
P06681,112,N-linked,uniprotkb
P11912,112,N-linked,uniprotkb
Q15223,332,N-linked,uniprotkb
O60494,1092,N-linked,uniprotkb
P01833,135,N-linked,uniprotkb
Q92626,640,N-linked,uniprotkb
P17936,199,N-linked,uniprotkb
P19835,607,O-linked,uniprotkb
Q4ZIN3,189,N-linked,uniprotkb
Q9UBM4,312,N-linked,uniprotkb
P10253,652,N-linked,uniprotkb
Q9ULX7,213,N-linked,uniprotkb
P0DN86,33,N-linked,uniprotkb
P51688,151,N-linked,uniprotkb
O00584,212,N-linked,uniprotkb
P05556,212,N-linked,uniprotkb
P0DTU3,212,N-linked,uniprotkb
P07602,101,N-linked,uniprotkb
Q9HBB8,81,N-linked,uniprotkb
P55058,245,N-linked,uniprotkb
O60602,245,N-linked,uniprotkb
Q969X5,74,N-linked,uniprotkb
Q92187,74,N-linked,uniprotkb
P36980,126,N-linked,uniprotkb
O00754,930,N-linked,uniprotkb
Q16627,26,O-linked,uniprotkb
P51164,193,N-linked,uniprotkb
Q07954,446,N-linked,uniprotkb
Q92954,446,O-linked,uniprotkb
P11279,121,N-linked,uniprotkb
P13688,405,N-linked,uniprotkb
P0DN86,141,O-linked,uniprotkb
P02743,51,N-linked,uniprotkb
Q07075,801,N-linked,uniprotkb
O15455,398,N-linked,uniprotkb
P17301,343,N-linked,uniprotkb
P36888,351,N-linked,uniprotkb
P04216,119,N-linked,uniprotkb
Q9Y6L6,134,N-linked,uniprotkb
P17813,134,N-linked,uniprotkb
P11279,293,N-linked,uniprotkb
Q6WN34,114,N-linked,uniprotkb
Q7KYR7,114,N-linked,uniprotkb
Q96BZ4,281,N-linked,uniprotkb
P04626,187,N-linked,uniprotkb
P07359,389,O-linked,uniprotkb
P24043,1901,N-linked,uniprotkb
P46531,378,O-linked,uniprotkb
Q92954,707,O-linked,uniprotkb
Q8NBJ5,381,N-linked,uniprotkb
Q9BXX0,616,N-linked,uniprotkb
Q99645,60,O-linked,uniprotkb
P05067,667,O-linked,uniprotkb
Q92954,317,O-linked,uniprotkb
Q9UQD0,308,N-linked,uniprotkb
P07339,263,N-linked,uniprotkb
P48357,41,N-linked,uniprotkb
P06731,104,N-linked,uniprotkb
Q9H2E6,65,N-linked,uniprotkb
P16860,63,O-linked,uniprotkb
Q8N0W4,511,N-linked,uniprotkb
Q07075,554,N-linked,uniprotkb
Q92542,506,N-linked,uniprotkb
P06028,38,O-linked,uniprotkb
P35475,451,N-linked,uniprotkb
Q9HCB6,451,C-linked,uniprotkb
P20916,106,N-linked,uniprotkb
Q8IVF4,1074,N-linked,uniprotkb
P22792,518,N-linked,uniprotkb
P18564,48,N-linked,uniprotkb
P01877,205,N-linked,uniprotkb
P05155,47,O-linked,uniprotkb
P01877,47,N-linked,uniprotkb
P54802,532,N-linked,uniprotkb
P56199,532,N-linked,uniprotkb
P27169,253,N-linked,uniprotkb
P78423,253,O-linked,uniprotkb
P20333,221,O-linked,uniprotkb
Q8IU57,142,N-linked,uniprotkb
P06681,471,N-linked,uniprotkb
P14384,164,N-linked,uniprotkb
Q07954,2127,N-linked,uniprotkb
P02765,156,N-linked,uniprotkb
P01130,156,N-linked,uniprotkb
Q96GW7,906,O-linked,uniprotkb
O15204,237,N-linked,uniprotkb
Q08174,305,N-linked,uniprotkb
Q9HBA9,330,N-linked,uniprotkb
Q8WTV0,330,N-linked,uniprotkb
O75326,330,N-linked,uniprotkb
Q15399,330,N-linked,uniprotkb
P04114,3895,N-linked,uniprotkb
Q07954,4075,N-linked,uniprotkb
Q07954,1616,N-linked,uniprotkb
P98088,2883,O-linked,uniprotkb
P35556,1347,O-linked,uniprotkb
Q02817,1266,O-linked,uniprotkb
P12111,2677,N-linked,uniprotkb
P24043,2648,N-linked,uniprotkb
P14625,481,N-linked,uniprotkb
Q9BX74,87,N-linked,uniprotkb
P41180,261,N-linked,uniprotkb
Q12879,340,N-linked,uniprotkb
P00450,397,N-linked,uniprotkb
P00450,762,N-linked,uniprotkb
Q6ZN44,245,C-linked,uniprotkb
P02748,277,N-linked,uniprotkb
Q05586,203,N-linked,uniprotkb
Q14416,203,N-linked,uniprotkb
Q9BYF1,90,N-linked,uniprotkb
Q04118,297,N-linked,uniprotkb
Q8N1N0,230,N-linked,uniprotkb
Q99102,1995,O-linked,uniprotkb
P56159,406,N-linked,uniprotkb
Q9Y6M7,406,N-linked,uniprotkb
Q8NBJ5,184,N-linked,uniprotkb
P15529,315,O-linked,uniprotkb
Q8IZF4,179,N-linked,uniprotkb
Q8IWY4,370,N-linked,uniprotkb
Q9NY37,370,N-linked,uniprotkb
Q99102,4191,O-linked,uniprotkb
P12259,1106,N-linked,uniprotkb
P32942,453,N-linked,uniprotkb
A8MTI9,183,N-linked,uniprotkb
Q7Z407,3618,N-linked,uniprotkb
P98164,1464,N-linked,uniprotkb
Q7RTX0,411,N-linked,uniprotkb
Q9UHI8,764,N-linked,uniprotkb
Q16099,286,N-linked,uniprotkb
Q6UVK1,2040,N-linked,uniprotkb
Q9NYQ7,2474,N-linked,uniprotkb
Q99102,2324,O-linked,uniprotkb
Q99102,2566,O-linked,uniprotkb
P98164,4068,N-linked,uniprotkb
Q8WXI7,4606,N-linked,uniprotkb
Q9BZC7,1408,N-linked,uniprotkb
P08922,1090,N-linked,uniprotkb
P43627,178,N-linked,uniprotkb
O15321,178,N-linked,uniprotkb
Q9NRM1,1040,N-linked,uniprotkb
Q9ULF5,139,N-linked,uniprotkb
O75023,139,N-linked,uniprotkb
O43508,139,N-linked,uniprotkb
Q96AY3,393,N-linked,uniprotkb
Q16099,158,N-linked,uniprotkb
Q7Z5Y6,158,N-linked,uniprotkb
Q05707,137,N-linked,uniprotkb
O95857,137,N-linked,uniprotkb
Q6ZMI3,329,N-linked,uniprotkb
A6NGU5,510,N-linked,uniprotkb
O95803,342,N-linked,uniprotkb
P98161,1034,N-linked,uniprotkb
Q9H3T3,386,N-linked,uniprotkb
Q9H5V8,386,N-linked,uniprotkb
Q9UNA3,282,N-linked,uniprotkb
Q6QNK2,282,N-linked,uniprotkb
Q96AP7,236,N-linked,uniprotkb
Q99102,1246,O-linked,uniprotkb
P08575,272,N-linked,uniprotkb
Q8TE23,368,N-linked,uniprotkb
Q9N2J8,475,N-linked,uniprotkb
P23352,209,N-linked,uniprotkb
Q8IZF3,209,N-linked,uniprotkb
Q9NQ79,626,O-linked,uniprotkb
O75387,229,N-linked,uniprotkb
Q8NBI5,229,N-linked,uniprotkb
Q86XT9,73,N-linked,uniprotkb
Q6UX82,73,N-linked,uniprotkb
Q96EP9,24,N-linked,uniprotkb
P01189,91,N-linked,uniprotkb
P13497,91,N-linked,uniprotkb
Q86V40,278,N-linked,uniprotkb
Q05586,674,N-linked,uniprotkb
Q16099,415,N-linked,uniprotkb
Q99102,813,O-linked,uniprotkb
Q01638,273,N-linked,uniprotkb
Q04671,273,N-linked,uniprotkb
O60637,127,N-linked,uniprotkb
A1L157,127,N-linked,uniprotkb
Q13332,940,N-linked,uniprotkb
Q96LB8,39,N-linked,uniprotkb
Q8NGX8,10,N-linked,uniprotkb
Q9GZQ6,10,N-linked,uniprotkb
Q6ZP29,10,N-linked,uniprotkb
Q9BZM2,92,N-linked,uniprotkb
A6NDV4,92,N-linked,uniprotkb
Q8N131,46,N-linked,uniprotkb
Q96PB1,46,N-linked,uniprotkb
P48547,220,N-linked,uniprotkb
Q13751,220,N-linked,uniprotkb
Q13651,110,N-linked,uniprotkb
Q7Z442,110,N-linked,uniprotkb
Q7Z5N4,1024,N-linked,uniprotkb
Q02809,197,N-linked,uniprotkb
Q9UN76,197,N-linked,uniprotkb
Q7L1I2,491,N-linked,uniprotkb
Q75N90,2713,N-linked,uniprotkb
Q9BZW2,591,N-linked,uniprotkb
Q86SJ2,345,N-linked,uniprotkb
Q6YHK3,365,N-linked,uniprotkb
Q7RTU9,1179,N-linked,uniprotkb
P16284,344,N-linked,uniprotkb
Q9UEF7,344,N-linked,uniprotkb
Q86YL7,117,O-linked,uniprotkb
P01133,117,N-linked,uniprotkb
Q8TDW7,1752,N-linked,uniprotkb
O95972,147,N-linked,uniprotkb
P54219,87,N-linked,uniprotkb
A0A0B4J235,87,N-linked,uniprotkb
O14649,53,N-linked,uniprotkb
P23467,53,N-linked,uniprotkb
Q99435,53,N-linked,uniprotkb
O00144,53,N-linked,uniprotkb
P23942,53,N-linked,uniprotkb
Q8WUJ3,165,N-linked,uniprotkb
P02750,37,O-linked,uniprotkb
Q86TG1,37,N-linked,uniprotkb
Q96FC7,37,N-linked,uniprotkb
P47900,113,N-linked,uniprotkb
P20138,113,N-linked,uniprotkb
O60896,58,N-linked,uniprotkb
Q9UHC6,1198,N-linked,uniprotkb
P10323,210,N-linked,uniprotkb
Q7RTU9,565,N-linked,uniprotkb
O94911,243,N-linked,uniprotkb
O75051,756,N-linked,uniprotkb
Q8IX30,756,N-linked,uniprotkb
Q9ULL4,900,N-linked,uniprotkb
Q9H4B8,334,N-linked,uniprotkb
Q14112,658,N-linked,uniprotkb
P62079,49,N-linked,uniprotkb
Q8NFP4,307,N-linked,uniprotkb
Q9Y5H9,362,N-linked,uniprotkb
Q7Z7M9,362,N-linked,uniprotkb
P42262,256,N-linked,uniprotkb
Q68CQ7,257,N-linked,uniprotkb
O15204,466,N-linked,uniprotkb
Q6Q4G3,261,N-linked,uniprotkb
P20701,1060,N-linked,uniprotkb
Q9Y274,295,N-linked,uniprotkb
Q2MV58,295,N-linked,uniprotkb
P09544,295,N-linked,uniprotkb
P22309,295,N-linked,uniprotkb
Q7Z2Q7,215,N-linked,uniprotkb
Q96RV3,215,N-linked,uniprotkb
P23219,103,N-linked,uniprotkb
P23515,103,N-linked,uniprotkb
P41180,130,N-linked,uniprotkb
Q9H3T2,437,N-linked,uniprotkb
Q92484,437,N-linked,uniprotkb
Q9NZP5,7,N-linked,uniprotkb
Q13639,7,N-linked,uniprotkb
P35348,7,N-linked,uniprotkb
Q9NT68,443,N-linked,uniprotkb
P04216,79,N-linked,uniprotkb
P51864,79,N-linked,uniprotkb
Q15822,79,N-linked,uniprotkb
C9JL84,79,N-linked,uniprotkb
Q9NU53,191,N-linked,uniprotkb
Q6UXV0,23,N-linked,uniprotkb
P60507,69,N-linked,uniprotkb
Q8NFM4,697,N-linked,uniprotkb
Q8N3S3,697,N-linked,uniprotkb
Q8N539,340,N-linked,uniprotkb
Q92854,613,N-linked,uniprotkb
Q7Z7D3,216,N-linked,uniprotkb
Q2WEN9,216,N-linked,uniprotkb
Q96RW7,620,N-linked,uniprotkb
Q99571,153,N-linked,uniprotkb
P28827,249,N-linked,uniprotkb
P42261,249,N-linked,uniprotkb
Q8IVM8,56,N-linked,uniprotkb
Q96RL6,497,N-linked,uniprotkb
Q8IZF7,252,N-linked,uniprotkb
Q9Y337,252,N-linked,uniprotkb
Q14246,448,N-linked,uniprotkb
Q6UXM1,442,N-linked,uniprotkb
Q16478,271,N-linked,uniprotkb
Q14392,271,N-linked,uniprotkb
O15520,196,N-linked,uniprotkb
Q99941,505,N-linked,uniprotkb
Q9BXB1,505,N-linked,uniprotkb
P12259,1479,N-linked,uniprotkb
Q8NGY9,88,N-linked,uniprotkb
Q9NS84,88,N-linked,uniprotkb
P56705,88,N-linked,uniprotkb
Q9Y5W5,88,N-linked,uniprotkb
Q68CQ1,438,N-linked,uniprotkb
Q99102,1278,O-linked,uniprotkb
Q6ZVN8,118,N-linked,uniprotkb
Q6UX82,118,N-linked,uniprotkb
Q8NGA4,30,N-linked,uniprotkb
Q9Y4D2,133,N-linked,uniprotkb
Q5JUK3,133,N-linked,uniprotkb
Q9Y2I2,133,N-linked,uniprotkb
Q8TER0,886,N-linked,uniprotkb
A6NK97,54,N-linked,uniprotkb
Q8TCU5,296,N-linked,uniprotkb
Q9P2V4,296,N-linked,uniprotkb
Q9Y5F0,418,N-linked,uniprotkb
Q902F9,566,N-linked,uniprotkb
P14210,566,N-linked,uniprotkb
Q99102,943,O-linked,uniprotkb
Q13003,426,N-linked,uniprotkb
O75462,292,N-linked,uniprotkb
F2Z333,86,N-linked,uniprotkb
Q9P2N4,1267,N-linked,uniprotkb
Q99102,881,O-linked,uniprotkb
Q53EL9,436,N-linked,uniprotkb
Q9P283,436,N-linked,uniprotkb
P51805,59,N-linked,uniprotkb
Q96PC5,59,N-linked,uniprotkb
Q9UQ52,468,N-linked,uniprotkb
Q9H1U4,468,N-linked,uniprotkb
Q9NRJ3,78,N-linked,uniprotkb
A0A0B4J264,78,N-linked,uniprotkb
A0A0A6YYC5,78,N-linked,uniprotkb
Q8TDX9,482,N-linked,uniprotkb
Q9NZN1,331,N-linked,uniprotkb
Q04756,492,N-linked,uniprotkb
P53708,177,N-linked,uniprotkb
O15394,177,N-linked,uniprotkb
P60153,143,N-linked,uniprotkb
O75460,176,N-linked,uniprotkb
Q8WUT4,176,N-linked,uniprotkb
P59543,176,N-linked,uniprotkb
Q9NSD7,40,N-linked,uniprotkb
P0C7U0,85,N-linked,uniprotkb
Q2M3G0,85,N-linked,uniprotkb
Q9H1Y3,198,N-linked,uniprotkb
P0C7T3,198,N-linked,uniprotkb
Q8NET5,107,N-linked,uniprotkb
Q9BU23,489,N-linked,uniprotkb
Q92791,361,N-linked,uniprotkb
Q8NI17,455,N-linked,uniprotkb
P55286,57,N-linked,uniprotkb
O94813,186,N-linked,uniprotkb
Q9NS84,186,N-linked,uniprotkb
Q8WZ84,186,N-linked,uniprotkb
O15455,662,N-linked,uniprotkb
O75019,431,N-linked,uniprotkb
Q99102,814,O-linked,uniprotkb
Q86YL7,89,O-linked,uniprotkb
Q8N4T0,89,N-linked,uniprotkb
Q9BZV3,544,O-linked,uniprotkb
P53794,232,N-linked,uniprotkb
O43505,204,N-linked,uniprotkb
Q9NPR9,204,N-linked,uniprotkb
O60353,352,N-linked,uniprotkb
Q9UBJ2,227,N-linked,uniprotkb
O75078,673,N-linked,uniprotkb
P01583,102,N-linked,uniprotkb
P24043,1061,N-linked,uniprotkb
Q9HAW7,71,N-linked,uniprotkb
Q99102,1307,O-linked,uniprotkb
Q9H0V1,111,N-linked,uniprotkb
Q07075,589,N-linked,uniprotkb
Q8NGM8,3,N-linked,uniprotkb
Q8NGX9,3,N-linked,uniprotkb
P25024,3,N-linked,uniprotkb
A6NCV1,3,N-linked,uniprotkb
Q9NZQ7,219,N-linked,uniprotkb
P16109,219,N-linked,uniprotkb
P05556,520,N-linked,uniprotkb
Q9NYB5,520,N-linked,uniprotkb
Q13530,34,N-linked,uniprotkb
P35070,34,N-linked,uniprotkb
Q9HCU0,587,O-linked,uniprotkb
P82279,757,N-linked,uniprotkb
Q9UMR5,206,N-linked,uniprotkb
P20023,861,N-linked,uniprotkb
P63136,355,N-linked,uniprotkb
Q9UEF7,694,N-linked,uniprotkb
Q86UX2,508,N-linked,uniprotkb
Q8N8U9,116,N-linked,uniprotkb
Q9Y5Y9,288,N-linked,uniprotkb
Q02817,1230,N-linked,uniprotkb
Q9H222,584,N-linked,uniprotkb
O15230,959,N-linked,uniprotkb
Q9UKP4,94,N-linked,uniprotkb
Q9P2U8,470,N-linked,uniprotkb
Q9HB40,64,N-linked,uniprotkb
Q9Y5L3,64,N-linked,uniprotkb
O75882,914,N-linked,uniprotkb
O00634,387,N-linked,uniprotkb
Q9BXP2,228,N-linked,uniprotkb
Q9UK85,112,N-linked,uniprotkb
Q9UPZ6,332,N-linked,uniprotkb
Q6UXD5,332,N-linked,uniprotkb
P16581,332,N-linked,uniprotkb
Q9Y5E7,569,N-linked,uniprotkb
P51805,1009,N-linked,uniprotkb
P98073,503,N-linked,uniprotkb
P0CW18,97,N-linked,uniprotkb
Q8TCT7,97,N-linked,uniprotkb
O95838,97,N-linked,uniprotkb
P49767,240,N-linked,uniprotkb
O94911,797,N-linked,uniprotkb
P01042,557,O-linked,uniprotkb
Q96PQ1,290,N-linked,uniprotkb
Q8NGL6,290,N-linked,uniprotkb
Q7RTW8,460,N-linked,uniprotkb
P17301,460,N-linked,uniprotkb
P54709,124,N-linked,uniprotkb
O43692,124,N-linked,uniprotkb
Q14162,382,N-linked,uniprotkb
P10600,135,N-linked,uniprotkb
O75121,135,N-linked,uniprotkb
Q9UIR0,427,N-linked,uniprotkb
Q9Y5Q5,413,N-linked,uniprotkb
Q9HBG7,413,N-linked,uniprotkb
Q12913,192,N-linked,uniprotkb
Q9H9K5,192,N-linked,uniprotkb
P54793,336,N-linked,uniprotkb
Q8NFQ6,225,N-linked,uniprotkb
P19235,76,N-linked,uniprotkb
Q9NR71,76,O-linked,uniprotkb
Q86YT9,76,N-linked,uniprotkb
O75578,98,N-linked,uniprotkb
Q6UXB8,409,N-linked,uniprotkb
Q9Y561,409,N-linked,uniprotkb
O00468,932,N-linked,uniprotkb
Q9BYE9,932,N-linked,uniprotkb
Q13201,981,N-linked,uniprotkb
P49961,371,N-linked,uniprotkb
P09619,371,N-linked,uniprotkb
Q8TD20,371,N-linked,uniprotkb
Q8NGA5,5,N-linked,uniprotkb
O60403,5,N-linked,uniprotkb
Q96RB7,5,N-linked,uniprotkb
A6NFC9,5,N-linked,uniprotkb
Q96RD2,5,N-linked,uniprotkb
Q8N349,5,N-linked,uniprotkb
Q9P1Q5,5,N-linked,uniprotkb
Q6P995,268,N-linked,uniprotkb
Q68CR1,937,N-linked,uniprotkb
Q9H2X9,314,N-linked,uniprotkb
Q9NTG1,242,N-linked,uniprotkb
Q9HCK4,123,N-linked,uniprotkb
P98161,890,N-linked,uniprotkb
P20023,682,N-linked,uniprotkb
P98073,682,N-linked,uniprotkb
O94898,687,N-linked,uniprotkb
P46663,14,N-linked,uniprotkb
Q99758,14,N-linked,uniprotkb
Q643R3,152,N-linked,uniprotkb
P29459,93,N-linked,uniprotkb
Q96PL5,132,N-linked,uniprotkb
P30556,188,N-linked,uniprotkb
O95841,188,N-linked,uniprotkb
Q12767,1205,N-linked,uniprotkb
P78333,486,O-linked,uniprotkb
Q8N6Q3,189,N-linked,uniprotkb
Q7Z5N4,1282,N-linked,uniprotkb
P07949,367,N-linked,uniprotkb
P20023,800,N-linked,uniprotkb
Q13635,312,N-linked,uniprotkb
Q9Y666,312,N-linked,uniprotkb
Q76B58,562,N-linked,uniprotkb
Q8N3T6,373,N-linked,uniprotkb
O60449,1626,N-linked,uniprotkb
Q6NW40,120,N-linked,uniprotkb
P78357,120,N-linked,uniprotkb
P00740,213,N-linked,uniprotkb
Q96PB7,33,N-linked,uniprotkb
P41143,33,N-linked,uniprotkb
Q8NFM7,62,N-linked,uniprotkb
O95157,62,N-linked,uniprotkb
Q13253,62,N-linked,uniprotkb
P30825,235,N-linked,uniprotkb
Q9H5K3,235,N-linked,uniprotkb
Q9BYE9,821,N-linked,uniprotkb
O60486,821,N-linked,uniprotkb
P55289,545,N-linked,uniprotkb
P20594,349,N-linked,uniprotkb
Q12913,666,N-linked,uniprotkb
Q99102,666,O-linked,uniprotkb
O43895,35,N-linked,uniprotkb
Q9BZM5,68,N-linked,uniprotkb
Q96DR8,68,O-linked,uniprotkb
Q8TED4,68,N-linked,uniprotkb
Q8IWK6,81,N-linked,uniprotkb
P50391,2,N-linked,uniprotkb
P0DQD5,2,N-linked,uniprotkb
Q9HAR2,804,N-linked,uniprotkb
P15941,140,O-linked,uniprotkb
Q17RR3,74,N-linked,uniprotkb
P19224,346,N-linked,uniprotkb
Q9NR71,67,O-linked,uniprotkb
Q6UQ28,67,N-linked,uniprotkb
O60469,556,N-linked,uniprotkb
Q99678,26,N-linked,uniprotkb
Q8N307,423,N-linked,uniprotkb
Q9NZ53,193,N-linked,uniprotkb
P07942,1041,N-linked,uniprotkb
Q9NZR2,883,N-linked,uniprotkb
Q8NGV6,21,N-linked,uniprotkb
Q8NFM7,277,N-linked,uniprotkb
Q8NH85,265,N-linked,uniprotkb
Q3ZCN5,473,N-linked,uniprotkb
Q9GZK7,8,N-linked,uniprotkb
P60852,596,N-linked,uniprotkb
Q96LC7,364,N-linked,uniprotkb
Q96A11,302,N-linked,uniprotkb
Q8N7P1,302,N-linked,uniprotkb
Q14242,302,N-linked,uniprotkb
P22003,327,N-linked,uniprotkb
Q9H8J5,327,N-linked,uniprotkb
O95490,731,N-linked,uniprotkb
Q86TH1,731,N-linked,uniprotkb
Q96EP9,18,N-linked,uniprotkb
Q9HBB8,405,N-linked,uniprotkb
P08581,405,N-linked,uniprotkb
P09923,141,N-linked,uniprotkb
P26951,218,N-linked,uniprotkb
Q04671,218,N-linked,uniprotkb
Q6ZRP7,218,N-linked,uniprotkb
Q96JQ0,1249,N-linked,uniprotkb
P12259,752,N-linked,uniprotkb
Q9UBV2,217,N-linked,uniprotkb
Q6Q8B3,217,N-linked,uniprotkb
Q9UBS5,502,N-linked,uniprotkb
Q96NR3,599,N-linked,uniprotkb
Q9Y5H8,548,N-linked,uniprotkb
Q92887,1011,N-linked,uniprotkb
Q9NZP8,363,N-linked,uniprotkb
P16066,338,N-linked,uniprotkb
Q92673,1706,N-linked,uniprotkb
Q9Y5H3,51,N-linked,uniprotkb
P28906,51,N-linked,uniprotkb
Q6ZVK1,51,N-linked,uniprotkb
Q9H3T3,441,N-linked,uniprotkb
P78536,157,N-linked,uniprotkb
P78552,157,N-linked,uniprotkb
Q16288,203,N-linked,uniprotkb
Q8TCU5,439,N-linked,uniprotkb
P0CG37,52,N-linked,uniprotkb
O00451,52,N-linked,uniprotkb
Q9GZX9,52,N-linked,uniprotkb
Q02246,477,N-linked,uniprotkb
Q7Z442,1186,N-linked,uniprotkb
P52848,351,N-linked,uniprotkb
Q9Y6N8,534,N-linked,uniprotkb
P0C7U0,122,N-linked,uniprotkb
Q6UXM1,122,N-linked,uniprotkb
O75443,1920,N-linked,uniprotkb
P35504,119,N-linked,uniprotkb
Q14515,280,N-linked,uniprotkb
O00462,280,N-linked,uniprotkb
P78334,134,N-linked,uniprotkb
Q8N370,560,N-linked,uniprotkb
Q8IZS8,166,N-linked,uniprotkb
P38567,166,N-linked,uniprotkb
P40200,166,N-linked,uniprotkb
P22607,262,N-linked,uniprotkb
Q6KF10,114,N-linked,uniprotkb
P41221,114,N-linked,uniprotkb
P08922,1087,N-linked,uniprotkb
Q6UXF7,144,N-linked,uniprotkb
P53708,737,N-linked,uniprotkb
P38570,726,N-linked,uniprotkb
Q9Y493,1685,N-linked,uniprotkb
Q9NY15,745,N-linked,uniprotkb
Q8NFZ4,136,N-linked,uniprotkb
P01137,136,N-linked,uniprotkb
Q99102,1195,O-linked,uniprotkb
Q5K4E3,407,N-linked,uniprotkb
Q6UX06,72,N-linked,uniprotkb
P53708,504,N-linked,uniprotkb
Q6UXG3,187,O-linked,uniprotkb
P08637,187,N-linked,uniprotkb
O95838,148,N-linked,uniprotkb
Q8IWU6,148,N-linked,uniprotkb
Q8NDV1,148,N-linked,uniprotkb
P47972,148,N-linked,uniprotkb
Q9HCU4,1076,N-linked,uniprotkb
Q16363,1093,N-linked,uniprotkb
Q96N87,168,N-linked,uniprotkb
Q13591,168,N-linked,uniprotkb
Q5FWE3,379,N-linked,uniprotkb
Q9UHC6,379,N-linked,uniprotkb
Q902F9,274,N-linked,uniprotkb
P47887,274,N-linked,uniprotkb
O43490,274,N-linked,uniprotkb
Q9Y5Y6,109,N-linked,uniprotkb
P26951,109,N-linked,uniprotkb
P23515,45,N-linked,uniprotkb
P34998,45,N-linked,uniprotkb
O94779,138,N-linked,uniprotkb
O75197,138,N-linked,uniprotkb
Q14626,194,N-linked,uniprotkb
Q96J42,194,N-linked,uniprotkb
Q13002,430,N-linked,uniprotkb
P20061,160,N-linked,uniprotkb
A6NHN0,381,N-linked,uniprotkb
Q9UBS9,524,N-linked,uniprotkb
Q9H3R1,793,N-linked,uniprotkb
P23468,832,N-linked,uniprotkb
O00754,832,N-linked,uniprotkb
Q9HBT6,461,N-linked,uniprotkb
P14091,90,N-linked,uniprotkb
O96014,90,N-linked,uniprotkb
P38570,1065,N-linked,uniprotkb
Q9NR97,115,N-linked,uniprotkb
Q9BZW2,207,N-linked,uniprotkb
Q9UM73,571,N-linked,uniprotkb
Q9NTG1,958,N-linked,uniprotkb
O00592,43,N-linked,uniprotkb
P60509,226,N-linked,uniprotkb
Q13201,507,N-linked,uniprotkb
Q902F9,507,N-linked,uniprotkb
Q9Y5G5,419,N-linked,uniprotkb
Q6B9Z1,84,N-linked,uniprotkb
A0A0K0K1D8,84,N-linked,uniprotkb
Q96K78,82,N-linked,uniprotkb
O43493,82,N-linked,uniprotkb
Q8IUC8,551,N-linked,uniprotkb
Q9Y6H6,22,N-linked,uniprotkb
O43614,22,N-linked,uniprotkb
Q6UXC1,339,N-linked,uniprotkb
O75899,298,N-linked,uniprotkb
Q6PRD1,298,N-linked,uniprotkb
O75339,420,N-linked,uniprotkb
Q14314,263,N-linked,uniprotkb
Q7L1I2,516,N-linked,uniprotkb
Q8N6G5,41,N-linked,uniprotkb
A0A087WT02,41,N-linked,uniprotkb
Q9BX67,104,N-linked,uniprotkb
P16471,104,N-linked,uniprotkb
O15041,595,N-linked,uniprotkb
Q9P232,65,N-linked,uniprotkb
Q13291,125,N-linked,uniprotkb
P47804,172,N-linked,uniprotkb
Q5T6X5,733,N-linked,uniprotkb
Q9BZA7,27,N-linked,uniprotkb
P20023,294,N-linked,uniprotkb
Q96AY3,294,N-linked,uniprotkb
Q9BXB1,294,N-linked,uniprotkb
Q7Z3B1,294,N-linked,uniprotkb
Q9Y5L3,294,N-linked,uniprotkb
Q8IZP9,547,N-linked,uniprotkb
Q9Y5H7,547,N-linked,uniprotkb
P34903,63,N-linked,uniprotkb
Q9Y5Y3,17,N-linked,uniprotkb
Q8NH48,17,N-linked,uniprotkb
A6NMB1,347,N-linked,uniprotkb
Q9NUN5,347,N-linked,uniprotkb
P20023,823,N-linked,uniprotkb
Q7Z407,823,N-linked,uniprotkb
Q6IS24,50,N-linked,uniprotkb
Q7Z7M0,50,N-linked,uniprotkb
P12259,1083,N-linked,uniprotkb
Q12767,1202,N-linked,uniprotkb
P26006,511,N-linked,uniprotkb
Q8IWY4,779,N-linked,uniprotkb
P28222,32,N-linked,uniprotkb
P28908,32,N-linked,uniprotkb
P17927,447,N-linked,uniprotkb
Q8NH08,6,N-linked,uniprotkb
Q8NGP0,6,N-linked,uniprotkb
Q8NH40,6,N-linked,uniprotkb
Q8NH73,6,N-linked,uniprotkb
Q8NGF8,6,N-linked,uniprotkb
Q8NGI9,6,N-linked,uniprotkb
Q8NH72,6,N-linked,uniprotkb
Q9Y271,6,N-linked,uniprotkb
O75094,792,N-linked,uniprotkb
O75473,792,N-linked,uniprotkb
Q12913,258,N-linked,uniprotkb
Q16819,258,N-linked,uniprotkb
P59540,161,N-linked,uniprotkb
Q8TEM1,484,N-linked,uniprotkb
Q9Y5P0,4,N-linked,uniprotkb
Q6W5P4,4,N-linked,uniprotkb
Q8N907,38,N-linked,uniprotkb
Q9NV12,38,N-linked,uniprotkb
A0A0B4J248,38,N-linked,uniprotkb
Q86UP2,1088,N-linked,uniprotkb
Q92478,100,N-linked,uniprotkb
P13725,100,N-linked,uniprotkb
U3KPV4,100,N-linked,uniprotkb
Q6AZY7,451,N-linked,uniprotkb
Q8IZD6,106,N-linked,uniprotkb
Q9UGM3,2240,N-linked,uniprotkb
P55283,661,N-linked,uniprotkb
P49279,324,N-linked,uniprotkb
Q8NAC3,324,N-linked,uniprotkb
Q9Y5Q5,761,N-linked,uniprotkb
Q12913,761,N-linked,uniprotkb
Q9NTN9,598,N-linked,uniprotkb
Q9BZZ2,159,N-linked,uniprotkb
P30542,159,N-linked,uniprotkb
Q8IU80,518,N-linked,uniprotkb
Q8IVL6,462,N-linked,uniprotkb
P41586,48,N-linked,uniprotkb
P98088,205,N-linked,uniprotkb
P54851,47,N-linked,uniprotkb
Q9NYW2,167,N-linked,uniprotkb
Q9H2U9,167,N-linked,uniprotkb
O95477,337,N-linked,uniprotkb
P13612,806,N-linked,uniprotkb
Q8NGB2,29,N-linked,uniprotkb
Q01726,29,N-linked,uniprotkb
Q9NYP8,29,N-linked,uniprotkb
Q9ULH4,341,N-linked,uniprotkb
Q8N271,270,N-linked,uniprotkb
Q8N149,279,N-linked,uniprotkb
Q12913,142,N-linked,uniprotkb
Q9NQ25,142,N-linked,uniprotkb
Q96PD2,95,N-linked,uniprotkb
Q99102,1094,O-linked,uniprotkb
P08922,628,N-linked,uniprotkb
A6NGU5,266,N-linked,uniprotkb
Q9Y5H2,266,N-linked,uniprotkb
P56199,1102,N-linked,uniprotkb
Q9UNI1,233,N-linked,uniprotkb
P26012,233,N-linked,uniprotkb
Q9UQV4,164,N-linked,uniprotkb
Q15722,164,N-linked,uniprotkb
Q96D42,291,N-linked,uniprotkb
Q8IZF7,358,N-linked,uniprotkb
P16444,358,N-linked,uniprotkb
Q6JVE6,149,N-linked,uniprotkb
Q5VYJ5,1049,N-linked,uniprotkb
Q86VZ4,401,N-linked,uniprotkb
P04629,401,N-linked,uniprotkb
Q86XX4,3875,N-linked,uniprotkb
Q8N7C4,156,N-linked,uniprotkb
Q86UK0,156,N-linked,uniprotkb
P11215,1044,N-linked,uniprotkb
P30926,36,N-linked,uniprotkb
P25063,36,N-linked,uniprotkb
O60565,42,N-linked,uniprotkb
Q6WRI0,627,N-linked,uniprotkb
P13611,1898,N-linked,uniprotkb
Q9NYQ8,1998,N-linked,uniprotkb
Q9UGM3,1998,N-linked,uniprotkb
P41180,400,N-linked,uniprotkb
Q504Y2,400,N-linked,uniprotkb
P15144,735,N-linked,uniprotkb
Q7RTR8,163,N-linked,uniprotkb
P29275,163,N-linked,uniprotkb
Q8WXI7,12393,N-linked,uniprotkb
Q9NYQ8,330,N-linked,uniprotkb
Q9NQZ7,330,N-linked,uniprotkb
Q9H251,2369,N-linked,uniprotkb
Q6W4X9,659,N-linked,uniprotkb
A2VEC9,4419,N-linked,uniprotkb
Q9NZR2,1921,N-linked,uniprotkb
Q99102,4027,O-linked,uniprotkb
Q99102,2660,O-linked,uniprotkb
Q6V0I7,3477,N-linked,uniprotkb
Q6V0I7,4267,N-linked,uniprotkb
Q9NZR2,4204,N-linked,uniprotkb
Q99102,3343,O-linked,uniprotkb
O60494,3576,N-linked,uniprotkb
Q99102,3691,O-linked,uniprotkb
Q9HC84,5612,N-linked,uniprotkb
Q99102,4207,O-linked,uniprotkb
Q8WXI7,11224,N-linked,uniprotkb
P98088,5591,N-linked,uniprotkb
Q8WXI7,12116,N-linked,uniprotkb
Q8WXI7,13349,N-linked,uniprotkb
Q8WXI7,10510,N-linked,uniprotkb
Q8WXI7,14080,N-linked,uniprotkb
Q8WXI7,12549,N-linked,uniprotkb
Q8WWQ8,1465,N-linked,uniprotkb
A6NKB5,1412,N-linked,uniprotkb
Q9Y493,2542,N-linked,uniprotkb
P13611,2722,O-linked,uniprotkb
Q99102,2139,O-linked,uniprotkb
Q99102,1956,O-linked,uniprotkb
P58397,1372,N-linked,uniprotkb
Q99102,2939,O-linked,uniprotkb
Q9NR99,2693,N-linked,uniprotkb
P98164,3315,N-linked,uniprotkb
Q07954,2905,N-linked,uniprotkb
Q99102,3470,O-linked,uniprotkb
Q99102,1524,O-linked,uniprotkb
P08F94,2034,N-linked,uniprotkb
O15230,2196,N-linked,uniprotkb
Q6N022,1985,N-linked,uniprotkb
O75445,1903,N-linked,uniprotkb
Q7Z407,3276,N-linked,uniprotkb
Q02817,4726,N-linked,uniprotkb
O75443,1772,N-linked,uniprotkb
Q9HCU4,2061,N-linked,uniprotkb
Q9NT68,948,N-linked,uniprotkb
O94911,948,N-linked,uniprotkb
Q6V0I7,3217,N-linked,uniprotkb
P11717,1656,N-linked,uniprotkb
Q8IZF6,2361,N-linked,uniprotkb
P98161,2841,N-linked,uniprotkb
A6NGU5,297,N-linked,uniprotkb
Q9GZU1,230,N-linked,uniprotkb
Q9H6X2,184,N-linked,uniprotkb
P42658,404,N-linked,uniprotkb
P48740,178,N-linked,uniprotkb
Q9UIW2,77,N-linked,uniprotkb
P01848,77,N-linked,uniprotkb
Q15223,139,N-linked,uniprotkb
P0DN87,158,O-linked,uniprotkb
Q16820,254,N-linked,uniprotkb
P11717,1246,N-linked,uniprotkb
Q9BUD6,283,C-linked,uniprotkb
P01880,127,O-linked,uniprotkb
Q12884,92,N-linked,uniprotkb
Q15904,357,N-linked,uniprotkb
P09466,46,N-linked,uniprotkb
P16150,46,O-linked,uniprotkb
Q96RQ9,220,N-linked,uniprotkb
Q96IY4,108,N-linked,uniprotkb
O95069,110,N-linked,uniprotkb
P40199,197,N-linked,uniprotkb
Q14108,412,N-linked,uniprotkb
P07359,353,O-linked,uniprotkb
Q9Y5Y7,53,N-linked,uniprotkb
Q8NBL1,53,N-linked,uniprotkb
Q9BYF1,53,N-linked,uniprotkb
Q13219,1226,N-linked,uniprotkb
P33151,362,N-linked,uniprotkb
Q9NUM4,256,N-linked,uniprotkb
Q13698,257,N-linked,uniprotkb
Q6P1J6,1113,N-linked,uniprotkb
Q9UQD0,295,N-linked,uniprotkb
P01903,103,N-linked,uniprotkb
Q9BYF1,103,N-linked,uniprotkb
P24821,1275,N-linked,uniprotkb
P60568,23,O-linked,uniprotkb
P05155,69,N-linked,uniprotkb
P13598,153,N-linked,uniprotkb
Q9HBX9,264,N-linked,uniprotkb
P19652,56,N-linked,uniprotkb
P51884,88,N-linked,uniprotkb
Q99523,162,N-linked,uniprotkb
Q86SQ4,438,N-linked,uniprotkb
Q6UWR7,118,N-linked,uniprotkb
Q8TAL6,30,N-linked,uniprotkb
Q9UHC9,54,N-linked,uniprotkb
Q9Y639,296,N-linked,uniprotkb
P04035,296,N-linked,uniprotkb
P26927,615,N-linked,uniprotkb
Q9UKX5,331,N-linked,uniprotkb
Q9Y3Q0,143,N-linked,uniprotkb
A6NMZ7,198,N-linked,uniprotkb
Q13478,150,N-linked,uniprotkb
P48357,397,N-linked,uniprotkb
P13598,105,N-linked,uniprotkb
P50897,232,N-linked,uniprotkb
Q16853,232,N-linked,uniprotkb
P13473,204,O-linked,uniprotkb
O75311,71,N-linked,uniprotkb
Q13286,71,N-linked,uniprotkb
P01591,71,N-linked,uniprotkb
P01189,71,O-linked,uniprotkb
P0DN77,34,N-linked,uniprotkb
Q92954,587,O-linked,uniprotkb
P20333,206,O-linked,uniprotkb
Q8IUA7,949,N-linked,uniprotkb
P04070,355,N-linked,uniprotkb
P17936,116,N-linked,uniprotkb
O60609,309,N-linked,uniprotkb
Q96JM2,309,O-linked,uniprotkb
P05155,64,O-linked,uniprotkb
Q14126,112,N-linked,uniprotkb
Q92954,332,O-linked,uniprotkb
Q4U2R8,97,N-linked,uniprotkb
P18564,97,N-linked,uniprotkb
Q86SR1,124,N-linked,uniprotkb
P08648,609,N-linked,uniprotkb
P00533,413,N-linked,uniprotkb
Q10588,192,N-linked,uniprotkb
Q8NHP8,231,N-linked,uniprotkb
O00584,76,N-linked,uniprotkb
P35555,268,O-linked,uniprotkb
Q07075,607,N-linked,uniprotkb
B7Z8K6,14,N-linked,uniprotkb
P12314,152,N-linked,uniprotkb
P01011,93,N-linked,uniprotkb
P03986,120,N-linked,uniprotkb
P0DN87,33,N-linked,uniprotkb
Q9H2E6,33,N-linked,uniprotkb
P07998,62,N-linked,uniprotkb
P50897,212,N-linked,uniprotkb
Q6YHK3,68,N-linked,uniprotkb
P08100,2,N-linked,uniprotkb
P12109,804,N-linked,uniprotkb
Q86VB7,140,N-linked,uniprotkb
Q02763,140,N-linked,uniprotkb
P07357,542,C-linked,uniprotkb
P05026,193,N-linked,uniprotkb
P11047,1107,N-linked,uniprotkb
Q99574,403,O-linked,uniprotkb
P04629,121,N-linked,uniprotkb
P00734,121,N-linked,uniprotkb
P07359,364,O-linked,uniprotkb
Q6ZN44,218,N-linked,uniprotkb
Q16849,441,O-linked,uniprotkb
Q6P1J6,809,N-linked,uniprotkb
Q92954,1159,N-linked,uniprotkb
P02724,52,O-linked,uniprotkb
Q496J9,534,N-linked,uniprotkb
P46531,1273,O-linked,uniprotkb
P00751,122,N-linked,uniprotkb
Q6UWM5,119,N-linked,uniprotkb
P42892,166,N-linked,uniprotkb
P01876,114,O-linked,uniprotkb
P43307,136,N-linked,uniprotkb
Q92954,407,O-linked,uniprotkb
P20774,80,O-linked,uniprotkb
Q9NR97,80,N-linked,uniprotkb
P06213,138,N-linked,uniprotkb
P17050,385,N-linked,uniprotkb
P27918,385,C-linked,uniprotkb
P01857,180,N-linked,uniprotkb
Q12841,180,N-linked,uniprotkb
O43173,160,N-linked,uniprotkb
P20138,160,N-linked,uniprotkb
P35556,832,O-linked,uniprotkb
Q9UIW2,1043,N-linked,uniprotkb
O75899,90,N-linked,uniprotkb
P02760,115,N-linked,uniprotkb
P07996,507,O-linked,uniprotkb
P19823,675,O-linked,uniprotkb
P08514,711,N-linked,uniprotkb
Q6YHK3,419,N-linked,uniprotkb
Q9NZ08,414,N-linked,uniprotkb
P04141,22,O-linked,uniprotkb
Q9GZM5,339,O-linked,uniprotkb
P16112,376,O-linked,uniprotkb
P06276,369,N-linked,uniprotkb
P51688,41,N-linked,uniprotkb
P05556,417,N-linked,uniprotkb
O00533,767,N-linked,uniprotkb
P54855,65,N-linked,uniprotkb
Q92954,723,O-linked,uniprotkb
Q92954,1161,O-linked,uniprotkb
O95490,629,N-linked,uniprotkb
Q86UN3,50,N-linked,uniprotkb
Q08722,50,N-linked,uniprotkb
P02724,32,O-linked,uniprotkb
Q9NUM4,145,N-linked,uniprotkb
P35556,977,O-linked,uniprotkb
Q92954,447,O-linked,uniprotkb
P54289,781,N-linked,uniprotkb
P40189,553,N-linked,uniprotkb
P06731,553,N-linked,uniprotkb
Q99075,38,O-linked,uniprotkb
Q92954,324,O-linked,uniprotkb
Q9UBD6,48,N-linked,uniprotkb
P16150,47,O-linked,uniprotkb
P08575,337,N-linked,uniprotkb
P02724,29,O-linked,uniprotkb
P00736,221,N-linked,uniprotkb
Q68CP4,142,N-linked,uniprotkb
P40225,255,N-linked,uniprotkb
Q16620,95,N-linked,uniprotkb
P07996,248,N-linked,uniprotkb
P22891,233,N-linked,uniprotkb
P07359,401,O-linked,uniprotkb
P46531,1402,O-linked,uniprotkb
O15230,3107,N-linked,uniprotkb
Q05707,1388,N-linked,uniprotkb
P98088,3067,O-linked,uniprotkb
Q07954,3048,N-linked,uniprotkb
Q99102,5045,N-linked,uniprotkb
Q9UGM3,1712,N-linked,uniprotkb
Q99102,4875,N-linked,uniprotkb
P02751,2199,N-linked,uniprotkb
P04114,3101,N-linked,uniprotkb
P35556,2675,O-linked,uniprotkb
Q9Y6R7,3719,N-linked,uniprotkb
Q9BRN9,169,N-linked,uniprotkb
Q15762,147,N-linked,uniprotkb
Q13563,362,N-linked,uniprotkb
P07357,437,N-linked,uniprotkb
P28472,105,N-linked,uniprotkb
P04839,240,N-linked,uniprotkb
P78363,98,N-linked,uniprotkb
Q8NDA2,1671,N-linked,uniprotkb
Q9BX74,72,N-linked,uniprotkb
P78363,504,N-linked,uniprotkb
P12821,942,N-linked,uniprotkb
P47870,104,N-linked,uniprotkb
P00736,125,N-linked,uniprotkb
Q13224,688,N-linked,uniprotkb
Q8NDA2,3701,N-linked,uniprotkb
Q9P2W7,184,N-linked,uniprotkb
Q9Y264,311,N-linked,uniprotkb
Q8N743,179,N-linked,uniprotkb
Q96P68,179,N-linked,uniprotkb
O75355,402,N-linked,uniprotkb
Q14524,328,N-linked,uniprotkb
Q5SY80,535,N-linked,uniprotkb
Q8TDY8,582,N-linked,uniprotkb
Q9NR97,582,N-linked,uniprotkb
P82279,453,N-linked,uniprotkb
Q9NRM6,183,N-linked,uniprotkb
Q8N6Y1,748,N-linked,uniprotkb
P51654,495,O-linked,uniprotkb
Q13219,390,N-linked,uniprotkb
P16109,411,N-linked,uniprotkb
Q9BWV1,759,N-linked,uniprotkb
O95450,1031,N-linked,uniprotkb
Q6ZRI0,1612,N-linked,uniprotkb
Q9BZC7,1612,N-linked,uniprotkb
Q99102,2671,O-linked,uniprotkb
O75445,2014,N-linked,uniprotkb
A2VEC9,2695,N-linked,uniprotkb
Q96PZ7,1805,N-linked,uniprotkb
Q86XX4,2682,N-linked,uniprotkb
Q07954,1825,N-linked,uniprotkb
Q9NYQ8,2654,N-linked,uniprotkb
Q9UI33,1222,N-linked,uniprotkb
O95279,77,N-linked,uniprotkb
O60500,564,N-linked,uniprotkb
Q9C0C4,564,N-linked,uniprotkb
P0C6S8,512,N-linked,uniprotkb
Q9UN74,139,N-linked,uniprotkb
O00144,158,N-linked,uniprotkb
Q7Z4P5,83,N-linked,uniprotkb
Q8NCG5,329,N-linked,uniprotkb
P33032,20,N-linked,uniprotkb
Q86UK0,383,N-linked,uniprotkb
Q8TD20,383,N-linked,uniprotkb
Q9UKU6,383,N-linked,uniprotkb
Q8WWQ2,254,N-linked,uniprotkb
Q9Y274,282,N-linked,uniprotkb
Q96MM7,209,N-linked,uniprotkb
Q96L42,320,N-linked,uniprotkb
A8MVW5,320,N-linked,uniprotkb
P29279,28,N-linked,uniprotkb
O00526,28,N-linked,uniprotkb
Q5TIE3,1017,N-linked,uniprotkb
P13612,229,N-linked,uniprotkb
Q9UBX5,283,N-linked,uniprotkb
O75078,605,N-linked,uniprotkb
Q6IA17,73,N-linked,uniprotkb
Q9UMZ3,1080,N-linked,uniprotkb
Q99677,24,N-linked,uniprotkb
O00468,777,N-linked,uniprotkb
P08922,961,N-linked,uniprotkb
P26010,674,N-linked,uniprotkb
Q86UK0,1704,N-linked,uniprotkb
Q14031,127,N-linked,uniprotkb
Q9Y5G4,127,N-linked,uniprotkb
Q8IZU8,709,N-linked,uniprotkb
P30532,155,N-linked,uniprotkb
A0A0B4J280,39,N-linked,uniprotkb
Q9UBG0,1350,N-linked,uniprotkb
Q9Y4D7,1237,N-linked,uniprotkb
P19256,169,N-linked,uniprotkb
Q6T4P5,169,N-linked,uniprotkb
Q9NU53,46,N-linked,uniprotkb
Q96LD1,110,N-linked,uniprotkb
P12034,110,N-linked,uniprotkb
P47900,197,N-linked,uniprotkb
O00469,365,N-linked,uniprotkb
Q8IVU1,634,N-linked,uniprotkb
Q9GZP7,117,N-linked,uniprotkb
Q8IWU5,717,N-linked,uniprotkb
Q5GFL6,147,N-linked,uniprotkb
Q13145,87,N-linked,uniprotkb
Q9NS93,87,N-linked,uniprotkb
Q86SQ4,353,N-linked,uniprotkb
P08476,165,N-linked,uniprotkb
Q9NYW5,165,N-linked,uniprotkb
O15547,165,N-linked,uniprotkb
Q9NYQ7,847,N-linked,uniprotkb
Q6YHK3,1086,N-linked,uniprotkb
P23468,724,N-linked,uniprotkb
P08648,724,N-linked,uniprotkb
Q9NZV1,113,N-linked,uniprotkb
Q6P995,113,N-linked,uniprotkb
P48551,58,N-linked,uniprotkb
Q9Y4C0,58,N-linked,uniprotkb
P51690,58,N-linked,uniprotkb
Q99102,1515,O-linked,uniprotkb
O75309,602,N-linked,uniprotkb
P16112,602,N-linked,uniprotkb
Q9BYE9,565,N-linked,uniprotkb
P82987,1349,N-linked,uniprotkb
O15230,243,N-linked,uniprotkb
Q8N3S3,756,N-linked,uniprotkb
P54762,334,N-linked,uniprotkb
Q9UQ52,895,N-linked,uniprotkb
O60469,658,N-linked,uniprotkb
Q8NCW0,49,N-linked,uniprotkb
Q92765,49,N-linked,uniprotkb
Q6NUQ4,307,N-linked,uniprotkb
Q86WK7,362,N-linked,uniprotkb
Q5VTJ3,257,N-linked,uniprotkb
P0C6S8,257,N-linked,uniprotkb
P29376,257,N-linked,uniprotkb
Q9Y4D7,1060,N-linked,uniprotkb
O60840,295,N-linked,uniprotkb
O14756,215,N-linked,uniprotkb
Q12866,215,N-linked,uniprotkb
P26715,103,N-linked,uniprotkb
Q9UQ53,103,N-linked,uniprotkb
Q9Y5Y7,130,N-linked,uniprotkb
P55285,437,N-linked,uniprotkb
Q9HB89,7,N-linked,uniprotkb
Q92887,7,N-linked,uniprotkb
Q9UM73,285,N-linked,uniprotkb
Q9NT22,443,N-linked,uniprotkb
P59510,191,N-linked,uniprotkb
Q8IU80,433,N-linked,uniprotkb
Q9UJ14,452,N-linked,uniprotkb
A6NL88,23,N-linked,uniprotkb
Q8NGF0,23,N-linked,uniprotkb
P20023,911,N-linked,uniprotkb
Q9NYK1,69,N-linked,uniprotkb
P16112,434,N-linked,uniprotkb
Q8N423,340,N-linked,uniprotkb
O14594,340,N-linked,uniprotkb
P34910,16,N-linked,uniprotkb
Q99705,16,N-linked,uniprotkb
Q2M2H8,613,N-linked,uniprotkb
P14415,153,N-linked,uniprotkb
Q8N4T0,153,N-linked,uniprotkb
P11362,264,N-linked,uniprotkb
Q9NYQ8,655,N-linked,uniprotkb
Q8NBI5,56,N-linked,uniprotkb
Q7Z4F1,56,N-linked,uniprotkb
Q5FYB0,497,N-linked,uniprotkb
P20273,574,N-linked,uniprotkb
Q9C0A0,574,N-linked,uniprotkb
Q16880,442,N-linked,uniprotkb
Q9H2Y9,469,N-linked,uniprotkb
A2VEC9,1810,N-linked,uniprotkb
Q99665,271,N-linked,uniprotkb
Q7Z5N4,271,N-linked,uniprotkb
Q9UGH3,196,N-linked,uniprotkb
O95477,196,N-linked,uniprotkb
P98073,706,N-linked,uniprotkb
P35503,348,N-linked,uniprotkb
P32004,505,N-linked,uniprotkb
Q14C87,505,N-linked,uniprotkb
A2VEC9,88,N-linked,uniprotkb
Q9NYV9,162,N-linked,uniprotkb
Q9P1P5,30,N-linked,uniprotkb
O14522,684,N-linked,uniprotkb
Q9UBL9,133,N-linked,uniprotkb
P36544,133,N-linked,uniprotkb
Q9NY15,133,N-linked,uniprotkb
Q9BZA7,54,N-linked,uniprotkb
P28223,54,N-linked,uniprotkb
A6NG13,54,N-linked,uniprotkb
O14788,171,N-linked,uniprotkb
Q6NT32,513,N-linked,uniprotkb
Q9UBX5,296,N-linked,uniprotkb
Q96QV1,99,N-linked,uniprotkb
P22888,99,N-linked,uniprotkb
O43529,99,N-linked,uniprotkb
P08183,99,N-linked,uniprotkb
Q9Y5E1,418,N-linked,uniprotkb
Q9Y5E5,566,N-linked,uniprotkb
Q99965,566,N-linked,uniprotkb
Q8NCE2,519,N-linked,uniprotkb
Q9NZR2,3906,N-linked,uniprotkb
Q9ULB5,530,N-linked,uniprotkb
Q16610,530,N-linked,uniprotkb
P26006,86,N-linked,uniprotkb
Q9Y5F0,436,N-linked,uniprotkb
Q9H756,202,N-linked,uniprotkb
Q8WWQ8,1247,N-linked,uniprotkb
Q8WU66,468,N-linked,uniprotkb
P17927,860,N-linked,uniprotkb
Q14773,78,N-linked,uniprotkb
O60469,78,N-linked,uniprotkb
O60494,482,N-linked,uniprotkb
Q8TDW7,482,N-linked,uniprotkb
Q6V0I7,1514,N-linked,uniprotkb
Q7Z5A4,177,N-linked,uniprotkb
Q9UMZ3,394,N-linked,uniprotkb
Q9H251,827,N-linked,uniprotkb
Q03431,176,N-linked,uniprotkb
Q9BZ76,623,N-linked,uniprotkb
Q86YL7,85,O-linked,uniprotkb
Q9P0V8,85,N-linked,uniprotkb
Q8IZF5,648,N-linked,uniprotkb
Q8N3Y3,107,N-linked,uniprotkb
A3KMH1,284,N-linked,uniprotkb
Q04118,150,N-linked,uniprotkb
Q86VR7,650,N-linked,uniprotkb
Q92496,186,N-linked,uniprotkb
Q04912,654,N-linked,uniprotkb
P16234,359,N-linked,uniprotkb
Q96NU0,359,N-linked,uniprotkb
Q86V85,105,N-linked,uniprotkb
Q05996,105,N-linked,uniprotkb
Q13201,431,N-linked,uniprotkb
P24043,89,N-linked,uniprotkb
Q8NGA0,89,N-linked,uniprotkb
Q96AY3,70,N-linked,uniprotkb
Q99988,70,N-linked,uniprotkb
Q99467,70,N-linked,uniprotkb
Q7RTW8,544,N-linked,uniprotkb
Q9H2R5,232,N-linked,uniprotkb
Q96LA5,204,N-linked,uniprotkb
P05121,352,N-linked,uniprotkb
Q8IVN8,227,N-linked,uniprotkb
Q8WXI8,102,N-linked,uniprotkb
P10124,102,O-linked,uniprotkb
P08069,102,N-linked,uniprotkb
Q6UW32,71,N-linked,uniprotkb
P46093,3,N-linked,uniprotkb
Q9P296,3,N-linked,uniprotkb
P34981,3,N-linked,uniprotkb
P98161,1541,N-linked,uniprotkb
P08F94,520,N-linked,uniprotkb
Q9UKJ8,546,N-linked,uniprotkb
Q5TEA6,34,N-linked,uniprotkb
O75443,34,N-linked,uniprotkb
Q9UIG8,457,N-linked,uniprotkb
P27539,206,N-linked,uniprotkb
P55087,206,N-linked,uniprotkb
Q96F46,206,N-linked,uniprotkb
Q13443,487,N-linked,uniprotkb
Q86VR7,487,N-linked,uniprotkb
Q8N6C5,747,N-linked,uniprotkb
P42702,787,N-linked,uniprotkb
P23229,787,N-linked,uniprotkb
Q8WY21,816,N-linked,uniprotkb
P49190,116,N-linked,uniprotkb
P05121,288,N-linked,uniprotkb
Q9Y5H4,685,N-linked,uniprotkb
O75882,923,N-linked,uniprotkb
Q13324,94,N-linked,uniprotkb
Q4G0T1,94,N-linked,uniprotkb
P35858,64,N-linked,uniprotkb
A1L1A6,64,N-linked,uniprotkb
Q8WXD0,335,N-linked,uniprotkb
F5H094,503,N-linked,uniprotkb
A8MVS5,97,N-linked,uniprotkb
Q9UK28,97,N-linked,uniprotkb
P26006,857,N-linked,uniprotkb
P20594,195,N-linked,uniprotkb
O60721,290,N-linked,uniprotkb
Q96MM7,460,N-linked,uniprotkb
Q8NCW0,244,N-linked,uniprotkb
Q7RTW8,244,N-linked,uniprotkb
Q9UHC9,244,N-linked,uniprotkb
P55064,124,N-linked,uniprotkb
P12643,200,N-linked,uniprotkb
Q9UHF4,200,N-linked,uniprotkb
P16112,1591,O-linked,uniprotkb
Q6UWB1,382,N-linked,uniprotkb
Q9H3S1,135,N-linked,uniprotkb
Q9NS62,135,N-linked,uniprotkb
P16066,427,N-linked,uniprotkb
Q6UVK1,427,N-linked,uniprotkb
Q6UWX4,480,N-linked,uniprotkb
P54762,480,N-linked,uniprotkb
O75051,76,N-linked,uniprotkb
Q99665,129,N-linked,uniprotkb
Q9UNG2,129,N-linked,uniprotkb
Q9NS15,845,N-linked,uniprotkb
P08913,25,N-linked,uniprotkb
Q7Z408,1786,N-linked,uniprotkb
Q99715,981,O-linked,uniprotkb
O95007,5,N-linked,uniprotkb
Q8NHB7,5,N-linked,uniprotkb
Q9H1Y3,5,N-linked,uniprotkb
Q9H3N8,5,N-linked,uniprotkb
P30953,5,N-linked,uniprotkb
Q8NGG1,5,N-linked,uniprotkb
Q8NH57,5,N-linked,uniprotkb
Q8N127,5,N-linked,uniprotkb
Q8NGQ5,5,N-linked,uniprotkb
Q8NGR5,5,N-linked,uniprotkb
Q9UPY5,314,N-linked,uniprotkb
Q7LGC8,464,N-linked,uniprotkb
Q6ZMI3,464,N-linked,uniprotkb
P08922,123,N-linked,uniprotkb
Q9Y6N7,820,N-linked,uniprotkb
Q9P121,152,N-linked,uniprotkb
Q8IVU1,93,N-linked,uniprotkb
Q14435,132,N-linked,uniprotkb
Q14831,486,N-linked,uniprotkb
Q9BY15,189,N-linked,uniprotkb
Q9NQ90,849,N-linked,uniprotkb
Q86VR7,641,N-linked,uniprotkb
Q04912,720,N-linked,uniprotkb
Q9Y646,396,N-linked,uniprotkb
P24821,1119,N-linked,uniprotkb
P18825,33,N-linked,uniprotkb
Q8IZP9,597,N-linked,uniprotkb
P17948,597,N-linked,uniprotkb
Q92478,62,N-linked,uniprotkb
P11168,62,N-linked,uniprotkb
P52823,62,N-linked,uniprotkb
Q15822,235,N-linked,uniprotkb
P98161,921,N-linked,uniprotkb
Q9Y5G8,545,N-linked,uniprotkb
P00451,1020,N-linked,uniprotkb
Q8WTV0,212,N-linked,uniprotkb
O75752,212,N-linked,uniprotkb
Q92729,410,N-linked,uniprotkb
Q15782,35,N-linked,uniprotkb
P08922,1565,N-linked,uniprotkb
Q16552,68,N-linked,uniprotkb
Q86VW1,68,N-linked,uniprotkb
Q9HBG7,68,N-linked,uniprotkb
P26010,68,N-linked,uniprotkb
Q99650,380,N-linked,uniprotkb
Q9UN70,424,N-linked,uniprotkb
Q13641,81,N-linked,uniprotkb
Q9NYQ6,1623,N-linked,uniprotkb
O43603,2,N-linked,uniprotkb
P25929,2,N-linked,uniprotkb
Q99102,2398,O-linked,uniprotkb
Q16819,140,N-linked,uniprotkb
O75631,74,N-linked,uniprotkb
Q7Z4J2,74,N-linked,uniprotkb
O60939,74,N-linked,uniprotkb
Q8TC27,465,N-linked,uniprotkb
Q9Y264,126,N-linked,uniprotkb
Q9NPF0,126,N-linked,uniprotkb
Q02297,126,N-linked,uniprotkb
P01042,542,O-linked,uniprotkb
P98161,1554,N-linked,uniprotkb
Q14952,67,N-linked,uniprotkb
Q9NPZ5,67,N-linked,uniprotkb
O14525,984,N-linked,uniprotkb
Q5DID0,984,N-linked,uniprotkb
O43451,885,N-linked,uniprotkb
Q92521,26,N-linked,uniprotkb
Q86VR7,423,N-linked,uniprotkb
Q8TEM1,1135,N-linked,uniprotkb
O75949,193,N-linked,uniprotkb
Q5W0B7,193,N-linked,uniprotkb
Q9UM73,864,N-linked,uniprotkb
Q8NBZ7,316,N-linked,uniprotkb
P28221,21,N-linked,uniprotkb
Q8NGC7,21,N-linked,uniprotkb
Q5NUL3,21,N-linked,uniprotkb
Q9HBW1,277,N-linked,uniprotkb
P38570,1096,N-linked,uniprotkb
A4D0S4,1609,N-linked,uniprotkb
Q17R60,403,O-linked,uniprotkb
Q9UHC9,479,N-linked,uniprotkb
Q9NRM1,265,N-linked,uniprotkb
Q8NH90,265,N-linked,uniprotkb
P15391,265,N-linked,uniprotkb
Q9Y5Y0,265,N-linked,uniprotkb
O60477,677,N-linked,uniprotkb
P07942,677,N-linked,uniprotkb
Q9C0C4,121,N-linked,uniprotkb
P42701,121,N-linked,uniprotkb
P55286,473,N-linked,uniprotkb
Q99784,473,N-linked,uniprotkb
Q17R60,592,N-linked,uniprotkb
Q8TDX9,8,N-linked,uniprotkb
Q6QNK2,302,N-linked,uniprotkb
Q99467,234,N-linked,uniprotkb
A8MWY0,405,N-linked,uniprotkb
Q07837,575,N-linked,uniprotkb
P15151,218,N-linked,uniprotkb
Q99715,798,O-linked,uniprotkb
Q9UKF5,217,N-linked,uniprotkb
Q13291,217,N-linked,uniprotkb
O75976,217,N-linked,uniprotkb
Q8IUB2,217,N-linked,uniprotkb
Q9BYH1,576,N-linked,uniprotkb
O94856,778,N-linked,uniprotkb
Q9Y5H5,548,N-linked,uniprotkb
Q68D85,174,N-linked,uniprotkb
Q5VV63,174,N-linked,uniprotkb
Q50LG9,363,N-linked,uniprotkb
O60383,338,N-linked,uniprotkb
Q02763,691,N-linked,uniprotkb
Q9UKU6,729,N-linked,uniprotkb
P52569,157,N-linked,uniprotkb
Q7Z6M3,157,N-linked,uniprotkb
Q8N475,318,N-linked,uniprotkb
Q96SM3,318,N-linked,uniprotkb
P21802,318,N-linked,uniprotkb
Q8NFR9,318,N-linked,uniprotkb
Q14392,203,N-linked,uniprotkb
P98073,388,N-linked,uniprotkb
O00548,477,N-linked,uniprotkb
P61565,354,N-linked,uniprotkb
P09619,354,N-linked,uniprotkb
Q13683,1045,N-linked,uniprotkb
P07942,356,N-linked,uniprotkb
P0DTE5,356,N-linked,uniprotkb
P55290,671,N-linked,uniprotkb
Q2M3T9,343,N-linked,uniprotkb
A2VDJ0,343,N-linked,uniprotkb
Q8WWQ8,1016,N-linked,uniprotkb
P15151,313,N-linked,uniprotkb
P24043,2028,N-linked,uniprotkb
P00451,776,N-linked,uniprotkb
P08069,534,N-linked,uniprotkb
Q9BRK3,119,N-linked,uniprotkb
Q9Y6N6,119,N-linked,uniprotkb
Q9HA82,19,N-linked,uniprotkb
Q86TH1,807,N-linked,uniprotkb
Q24JP5,280,N-linked,uniprotkb
Q9UKU6,134,N-linked,uniprotkb
P32004,1022,N-linked,uniprotkb
Q5VV43,262,N-linked,uniprotkb
Q96RL6,262,N-linked,uniprotkb
O00526,66,N-linked,uniprotkb
P55107,281,N-linked,uniprotkb
Q6UWB1,467,N-linked,uniprotkb
P34810,96,N-linked,uniprotkb
Q16478,407,N-linked,uniprotkb
Q96MK3,538,N-linked,uniprotkb
P23416,72,N-linked,uniprotkb
P61812,72,N-linked,uniprotkb
Q86WK6,72,N-linked,uniprotkb
Q9H8J5,72,N-linked,uniprotkb
Q86T26,72,N-linked,uniprotkb
Q8N8U9,247,N-linked,uniprotkb
Q8TD46,247,N-linked,uniprotkb
Q9BS86,187,N-linked,uniprotkb
P57087,187,N-linked,uniprotkb
P21217,154,N-linked,uniprotkb
Q7Z5H5,154,N-linked,uniprotkb
Q02388,1109,N-linked,uniprotkb
Q86XX4,1093,N-linked,uniprotkb
P02812,168,N-linked,uniprotkb
P59510,1572,N-linked,uniprotkb
Q8WTR4,374,N-linked,uniprotkb
Q8IZF3,379,N-linked,uniprotkb
O15321,559,N-linked,uniprotkb
Q12913,637,N-linked,uniprotkb
P20848,274,N-linked,uniprotkb
O00587,109,N-linked,uniprotkb
P21781,45,N-linked,uniprotkb
Q8N109,173,N-linked,uniprotkb
Q9NZM6,138,N-linked,uniprotkb
Q8N149,138,N-linked,uniprotkb
Q9UIQ6,525,N-linked,uniprotkb
Q9UJ71,180,N-linked,uniprotkb
Q8TE56,839,N-linked,uniprotkb
Q99102,1183,O-linked,uniprotkb
Q86WC4,194,N-linked,uniprotkb
Q9H3N8,9,N-linked,uniprotkb
Q8WWG9,9,N-linked,uniprotkb
P30874,9,N-linked,uniprotkb
Q9Y6N7,160,N-linked,uniprotkb
Q8N807,160,N-linked,uniprotkb
Q96GP6,310,N-linked,uniprotkb
Q96CW9,310,N-linked,uniprotkb
Q86SJ2,381,N-linked,uniprotkb
O43306,793,N-linked,uniprotkb
Q8TDX9,514,N-linked,uniprotkb
Q8NFY4,461,N-linked,uniprotkb
P41180,90,N-linked,uniprotkb
Q8TDY8,90,N-linked,uniprotkb
P21860,616,N-linked,uniprotkb
Q8NDV1,301,N-linked,uniprotkb
Q8NFQ6,301,N-linked,uniprotkb
P10912,115,N-linked,uniprotkb
O00175,115,N-linked,uniprotkb
Q9UPU3,207,N-linked,uniprotkb
Q06432,43,N-linked,uniprotkb
Q99250,297,N-linked,uniprotkb
P21802,297,N-linked,uniprotkb
Q8NCE2,226,N-linked,uniprotkb
Q7RTY7,507,N-linked,uniprotkb
Q9HD45,419,N-linked,uniprotkb
Q86UP6,419,N-linked,uniprotkb
P51805,1036,N-linked,uniprotkb
Q9UQ05,414,N-linked,uniprotkb
Q13635,414,N-linked,uniprotkb
P23467,414,N-linked,uniprotkb
Q14954,84,N-linked,uniprotkb
P43627,84,N-linked,uniprotkb
A6NMZ5,84,N-linked,uniprotkb
O60242,82,N-linked,uniprotkb
A0A0B4J279,82,N-linked,uniprotkb
P98073,440,N-linked,uniprotkb
P30518,22,N-linked,uniprotkb
P10323,22,N-linked,uniprotkb
Q6P4A8,308,N-linked,uniprotkb
Q99250,308,N-linked,uniprotkb
Q6ZNA5,308,N-linked,uniprotkb
P30203,339,N-linked,uniprotkb
Q99665,376,N-linked,uniprotkb
Q9UHX3,298,N-linked,uniprotkb
Q9BZC7,420,N-linked,uniprotkb
Q9Y6L7,392,N-linked,uniprotkb
O75355,392,N-linked,uniprotkb
P57057,263,N-linked,uniprotkb
Q6UY18,263,N-linked,uniprotkb
Q00887,104,N-linked,uniprotkb
O75871,104,N-linked,uniprotkb
Q9HBE5,104,N-linked,uniprotkb
Q9UQ74,104,N-linked,uniprotkb
P11487,65,N-linked,uniprotkb
P16109,723,N-linked,uniprotkb
Q8WY21,929,N-linked,uniprotkb
Q9HBE5,125,N-linked,uniprotkb
Q15517,172,N-linked,uniprotkb
P56817,172,N-linked,uniprotkb
Q86UF1,172,N-linked,uniprotkb
Q99062,474,N-linked,uniprotkb
Q9H251,1902,N-linked,uniprotkb
O75015,63,N-linked,uniprotkb
Q6NSJ5,63,N-linked,uniprotkb
Q9P121,44,N-linked,uniprotkb
Q8N2X6,44,N-linked,uniprotkb
Q9BQT9,347,N-linked,uniprotkb
O94779,779,N-linked,uniprotkb
Q86VR7,32,N-linked,uniprotkb
Q9HCU0,593,O-linked,uniprotkb
A2VDJ0,593,N-linked,uniprotkb
Q9UKQ2,275,N-linked,uniprotkb
Q9BY15,145,N-linked,uniprotkb
O43916,145,N-linked,uniprotkb
Q8TDS7,6,N-linked,uniprotkb
P20309,6,N-linked,uniprotkb
P07550,6,N-linked,uniprotkb
Q8NGN8,6,N-linked,uniprotkb
Q99466,714,N-linked,uniprotkb
P23468,299,N-linked,uniprotkb
Q00888,299,N-linked,uniprotkb
P22888,299,N-linked,uniprotkb
Q9NPH3,299,N-linked,uniprotkb
P60508,241,N-linked,uniprotkb
P98088,258,N-linked,uniprotkb
P59537,161,N-linked,uniprotkb
P59544,161,N-linked,uniprotkb
C9JL84,161,N-linked,uniprotkb
P0DSN6,161,N-linked,uniprotkb
Q9UBY0,350,N-linked,uniprotkb
P31415,350,N-linked,uniprotkb
Q96AM1,4,N-linked,uniprotkb
Q8NGT7,4,N-linked,uniprotkb
P14778,100,N-linked,uniprotkb
O43825,75,N-linked,uniprotkb
P05120,75,N-linked,uniprotkb
P23467,75,N-linked,uniprotkb
O75051,598,N-linked,uniprotkb
Q99102,1499,O-linked,uniprotkb
Q9HB63,483,N-linked,uniprotkb
P54855,483,N-linked,uniprotkb
Q9UKU6,205,N-linked,uniprotkb
P14616,47,N-linked,uniprotkb
P54852,47,N-linked,uniprotkb
O14944,47,N-linked,uniprotkb
Q6UXK2,337,N-linked,uniprotkb
Q9Y5Y6,772,N-linked,uniprotkb
P22003,211,N-linked,uniprotkb
Q15113,29,N-linked,uniprotkb
Q06828,341,N-linked,uniprotkb
Q9Y653,341,N-linked,uniprotkb
Q03167,590,N-linked,uniprotkb
P02765,270,O-linked,uniprotkb
P12645,175,N-linked,uniprotkb
Q6PJG9,333,N-linked,uniprotkb
Q9NT99,333,N-linked,uniprotkb
Q13444,606,N-linked,uniprotkb
Q96PB7,95,N-linked,uniprotkb
Q9NRA2,95,N-linked,uniprotkb
Q3SXP7,95,N-linked,uniprotkb
O95631,95,N-linked,uniprotkb
P51575,300,N-linked,uniprotkb
P98164,300,N-linked,uniprotkb
Q9BZC7,628,N-linked,uniprotkb
Q8TE23,248,N-linked,uniprotkb
Q6Q4G3,319,N-linked,uniprotkb
Q9H6A9,319,N-linked,uniprotkb
O00241,291,N-linked,uniprotkb
Q86VH4,291,N-linked,uniprotkb
Q7Z7M0,2229,N-linked,uniprotkb
P08581,149,N-linked,uniprotkb
P98161,1178,N-linked,uniprotkb
Q99102,1835,O-linked,uniprotkb
Q6UX82,185,N-linked,uniprotkb
Q99102,1044,O-linked,uniprotkb
Q8TD07,36,N-linked,uniprotkb
Q9UBN1,42,N-linked,uniprotkb
Q8IZF2,627,N-linked,uniprotkb
Q9H3S3,163,N-linked,uniprotkb
Q86WC4,163,N-linked,uniprotkb
P21754,163,O-linked,uniprotkb
Q9P121,305,N-linked,uniprotkb
Q9HBA9,305,N-linked,uniprotkb
O00602,305,N-linked,uniprotkb
O95460,305,N-linked,uniprotkb
O15230,3287,N-linked,uniprotkb
Q9UQ52,659,N-linked,uniprotkb
P98160,4179,O-linked,uniprotkb
Q99102,3135,O-linked,uniprotkb
Q99102,4203,O-linked,uniprotkb
Q9NYQ8,2325,N-linked,uniprotkb
Q86UK0,1921,N-linked,uniprotkb
P98161,3738,N-linked,uniprotkb
Q9NYQ8,2547,N-linked,uniprotkb
O75445,4202,N-linked,uniprotkb
Q9NYQ8,3430,N-linked,uniprotkb
Q02817,4737,N-linked,uniprotkb
Q99102,2783,O-linked,uniprotkb
Q99102,4280,O-linked,uniprotkb
Q99102,3078,O-linked,uniprotkb
Q14517,4152,N-linked,uniprotkb
Q99102,3679,O-linked,uniprotkb
Q8WXI7,8029,N-linked,uniprotkb
Q02817,4991,N-linked,uniprotkb
Q8WXI7,14287,N-linked,uniprotkb
Q8WXI7,5394,N-linked,uniprotkb
Q99102,2847,O-linked,uniprotkb
Q99102,3835,O-linked,uniprotkb
P08922,1715,N-linked,uniprotkb
Q9UKZ4,1757,N-linked,uniprotkb
Q99102,3454,O-linked,uniprotkb
Q9NYQ8,1417,N-linked,uniprotkb
Q96PZ7,3228,N-linked,uniprotkb
Q9NY15,2222,N-linked,uniprotkb
Q9NZR2,4381,N-linked,uniprotkb
Q99102,3550,O-linked,uniprotkb
Q99102,1764,O-linked,uniprotkb
O75443,1756,N-linked,uniprotkb
P98161,1450,N-linked,uniprotkb
P13611,3067,N-linked,uniprotkb
Q8WWQ8,2393,N-linked,uniprotkb
P59510,1852,N-linked,uniprotkb
Q99102,4289,O-linked,uniprotkb
P98164,1496,N-linked,uniprotkb
Q99102,2670,O-linked,uniprotkb
A4D0S4,1517,N-linked,uniprotkb
P08F94,2509,N-linked,uniprotkb
Q86XX4,2908,N-linked,uniprotkb
P98088,5236,N-linked,uniprotkb
Q99102,3871,O-linked,uniprotkb
P24043,2551,N-linked,uniprotkb
A2VEC9,3400,N-linked,uniprotkb
Q6UVK1,2034,N-linked,uniprotkb
Q99102,3350,O-linked,uniprotkb
Q9NYQ7,2196,N-linked,uniprotkb
Q8WWQ8,1100,N-linked,uniprotkb
Q9NT68,1807,N-linked,uniprotkb
P13611,2179,N-linked,uniprotkb
Q99102,4047,O-linked,uniprotkb
O60494,3165,N-linked,uniprotkb
O15118,1072,N-linked,uniprotkb
P82987,1292,N-linked,uniprotkb
Q6V0I7,3036,N-linked,uniprotkb
O94813,1266,N-linked,uniprotkb
Q99102,1339,O-linked,uniprotkb
Q99102,2518,O-linked,uniprotkb
P08F94,2553,N-linked,uniprotkb
Q96RV3,2260,N-linked,uniprotkb
Q99102,2038,O-linked,uniprotkb
Q99102,3126,O-linked,uniprotkb
Q99102,3183,O-linked,uniprotkb
P13611,2280,N-linked,uniprotkb
Q96JQ0,2361,N-linked,uniprotkb
Q99102,3990,O-linked,uniprotkb
Q96PZ7,2750,N-linked,uniprotkb
Q9NT68,2648,N-linked,uniprotkb
Q99102,3115,O-linked,uniprotkb
Q99102,3796,O-linked,uniprotkb
O94856,973,N-linked,uniprotkb
Q11206,131,N-linked,uniprotkb
Q6UWF7,48,N-linked,uniprotkb
P98088,2451,O-linked,uniprotkb
P27352,311,N-linked,uniprotkb
Q9Y4L1,515,N-linked,uniprotkb
Q99677,183,N-linked,uniprotkb
P22303,495,N-linked,uniprotkb
Q16853,137,N-linked,uniprotkb
P16150,137,O-linked,uniprotkb
Q5FWE3,329,O-linked,uniprotkb
P06858,386,N-linked,uniprotkb
P02812,272,N-linked,uniprotkb
P07359,320,O-linked,uniprotkb
Q9HBA9,28,N-linked,uniprotkb
P04180,408,N-linked,uniprotkb
Q06481,626,O-linked,uniprotkb
Q93097,283,N-linked,uniprotkb
Q9NQS3,73,N-linked,uniprotkb
Q68D85,208,N-linked,uniprotkb
O75473,208,N-linked,uniprotkb
Q92954,777,O-linked,uniprotkb
P42785,415,N-linked,uniprotkb
Q92954,415,O-linked,uniprotkb
P20023,127,N-linked,uniprotkb
Q13087,127,N-linked,uniprotkb
P43629,92,N-linked,uniprotkb
P22004,454,N-linked,uniprotkb
P06213,769,N-linked,uniprotkb
Q9NR61,108,N-linked,uniprotkb
Q8IWU6,197,N-linked,uniprotkb
Q16620,412,N-linked,uniprotkb
P20702,899,N-linked,uniprotkb
O95256,345,N-linked,uniprotkb
P09603,365,O-linked,uniprotkb
P35354,53,N-linked,uniprotkb
P16150,37,O-linked,uniprotkb
Q8NBW4,239,N-linked,uniprotkb
P16150,239,N-linked,uniprotkb
P13674,113,N-linked,uniprotkb
P02750,269,N-linked,uniprotkb
P05556,269,N-linked,uniprotkb
P61916,58,N-linked,uniprotkb
P11215,900,N-linked,uniprotkb
Q92954,900,O-linked,uniprotkb
O60602,422,N-linked,uniprotkb
P35499,362,N-linked,uniprotkb
P08962,130,N-linked,uniprotkb
Q13361,79,N-linked,uniprotkb
Q13698,79,N-linked,uniprotkb
P00748,433,N-linked,uniprotkb
A0A5B9,69,N-linked,uniprotkb
Q14108,249,N-linked,uniprotkb
Q96BZ4,249,N-linked,uniprotkb
Q8NBI3,264,N-linked,uniprotkb
Q96FE5,264,N-linked,uniprotkb
Q969I6,264,N-linked,uniprotkb
P05187,271,N-linked,uniprotkb
Q96E22,271,N-linked,uniprotkb
Q9UHG3,196,N-linked,uniprotkb
P22792,348,N-linked,uniprotkb
Q9NR97,88,N-linked,uniprotkb
Q9H813,162,N-linked,uniprotkb
P15018,118,N-linked,uniprotkb
Q92542,573,N-linked,uniprotkb
Q92542,530,N-linked,uniprotkb
Q96JA1,292,N-linked,uniprotkb
Q92954,979,O-linked,uniprotkb
Q9UQP3,1149,N-linked,uniprotkb
P30556,176,N-linked,uniprotkb
Q6P179,650,N-linked,uniprotkb
P06731,650,N-linked,uniprotkb
P22792,359,N-linked,uniprotkb
P07358,70,C-linked,uniprotkb
P13688,232,N-linked,uniprotkb
Q03405,222,N-linked,uniprotkb
P07307,102,N-linked,uniprotkb
Q8N608,111,N-linked,uniprotkb
Q9NPH3,111,N-linked,uniprotkb
Q9P2B2,600,N-linked,uniprotkb
Q16363,787,N-linked,uniprotkb
P06731,309,N-linked,uniprotkb
P15309,94,N-linked,uniprotkb
Q99645,64,O-linked,uniprotkb
A0A2R8YFM6,64,N-linked,uniprotkb
P21802,228,N-linked,uniprotkb
P35556,1390,O-linked,uniprotkb
Q14697,97,N-linked,uniprotkb
P42785,336,N-linked,uniprotkb
P11279,199,O-linked,uniprotkb
Q9BXB1,199,N-linked,uniprotkb
Q5QGZ9,98,N-linked,uniprotkb
P04062,98,N-linked,uniprotkb
Q9UBV2,608,N-linked,uniprotkb
P15169,409,O-linked,uniprotkb
O15173,15,O-linked,uniprotkb
Q7Z4H8,61,N-linked,uniprotkb
P36537,314,N-linked,uniprotkb
P48357,624,N-linked,uniprotkb
Q68D85,242,N-linked,uniprotkb
P0DN87,152,O-linked,uniprotkb
P00750,152,N-linked,uniprotkb
P31997,152,N-linked,uniprotkb
Q86UN3,93,N-linked,uniprotkb
Q07699,93,N-linked,uniprotkb
Q969L2,132,N-linked,uniprotkb
A0A2R8YFM6,151,N-linked,uniprotkb
P13727,62,O-linked,uniprotkb
P43251,349,N-linked,uniprotkb
Q6UXH9,614,N-linked,uniprotkb
P01574,101,N-linked,uniprotkb
P01266,1716,N-linked,uniprotkb
P11117,267,N-linked,uniprotkb
P08697,126,N-linked,uniprotkb
Q9UBP4,26,O-linked,uniprotkb
P43007,201,N-linked,uniprotkb
P07359,316,O-linked,uniprotkb
P02724,21,O-linked,uniprotkb
P05026,265,N-linked,uniprotkb
O43909,790,N-linked,uniprotkb
Q9Y4L1,596,N-linked,uniprotkb
Q06033,580,N-linked,uniprotkb
P06731,580,N-linked,uniprotkb
P24158,174,N-linked,uniprotkb
P24043,363,N-linked,uniprotkb
P24043,2017,N-linked,uniprotkb
P13473,203,O-linked,uniprotkb
P07359,354,O-linked,uniprotkb
Q14624,719,O-linked,uniprotkb
Q96CW9,122,N-linked,uniprotkb
P21815,122,O-linked,uniprotkb
Q96FE7,66,N-linked,uniprotkb
Q07699,114,N-linked,uniprotkb
P08519,1689,N-linked,uniprotkb
P01876,144,N-linked,uniprotkb
Q07954,1575,N-linked,uniprotkb
Q8TD43,992,N-linked,uniprotkb
P07602,80,N-linked,uniprotkb
P19801,168,N-linked,uniprotkb
P31997,274,N-linked,uniprotkb
Q9UHI7,138,N-linked,uniprotkb
P48740,385,N-linked,uniprotkb
Q9UBX1,378,N-linked,uniprotkb
Q0P6H9,180,N-linked,uniprotkb
O14594,381,O-linked,uniprotkb
Q9UQD0,1358,N-linked,uniprotkb
O00478,115,N-linked,uniprotkb
O76096,115,N-linked,uniprotkb
P11279,207,O-linked,uniprotkb
Q9Y5C1,226,O-linked,uniprotkb
P15813,60,N-linked,uniprotkb
P02765,339,O-linked,uniprotkb
P27918,263,C-linked,uniprotkb
Q9Y6L6,516,N-linked,uniprotkb
P31997,104,N-linked,uniprotkb
P40199,104,N-linked,uniprotkb
Q86VB7,767,N-linked,uniprotkb
O95342,125,N-linked,uniprotkb
O15118,478,N-linked,uniprotkb
P15144,527,N-linked,uniprotkb
P04843,299,N-linked,uniprotkb
O14817,161,N-linked,uniprotkb
Q92954,838,O-linked,uniprotkb
A6NMZ7,1290,N-linked,uniprotkb
Q6PIU2,287,N-linked,uniprotkb
P35555,1953,O-linked,uniprotkb
Q15303,253,N-linked,uniprotkb
P20061,337,N-linked,uniprotkb
Q7RTW8,211,N-linked,uniprotkb
P53634,29,N-linked,uniprotkb
P46531,341,O-linked,uniprotkb
P26010,279,N-linked,uniprotkb
P10619,333,N-linked,uniprotkb
P98088,4578,O-linked,uniprotkb
P02787,432,N-linked,uniprotkb
P15144,319,N-linked,uniprotkb
Q92954,619,O-linked,uniprotkb
O15118,931,N-linked,uniprotkb
Q9NQ30,156,O-linked,uniprotkb
Q9Y624,185,N-linked,uniprotkb
P05543,36,N-linked,uniprotkb
P01225,42,N-linked,uniprotkb
Q96A84,42,O-linked,uniprotkb
Q15399,163,N-linked,uniprotkb
P98088,3077,O-linked,uniprotkb
P78509,3015,N-linked,uniprotkb
P35555,1911,O-linked,uniprotkb
P98088,4522,O-linked,uniprotkb
Q07954,1511,N-linked,uniprotkb
Q9HCD6,1928,N-linked,uniprotkb
P98088,4480,O-linked,uniprotkb
P35556,2274,O-linked,uniprotkb
Q8NDA2,329,N-linked,uniprotkb
Q09428,10,N-linked,uniprotkb
P06681,651,N-linked,uniprotkb
Q8IUR5,86,N-linked,uniprotkb
Q01118,309,N-linked,uniprotkb
P35498,338,N-linked,uniprotkb
P17787,51,N-linked,uniprotkb
Q9BRN9,157,N-linked,uniprotkb
Q05586,771,N-linked,uniprotkb
Q05901,138,N-linked,uniprotkb
P00751,378,N-linked,uniprotkb
P56373,170,N-linked,uniprotkb
Q8NDA2,2867,N-linked,uniprotkb
P36268,230,N-linked,uniprotkb
Q9UIK5,230,N-linked,uniprotkb
P42262,406,N-linked,uniprotkb
P30531,184,N-linked,uniprotkb
Q7Z410,786,N-linked,uniprotkb
Q02388,786,N-linked,uniprotkb
Q96PB7,179,N-linked,uniprotkb
Q9H1C4,449,N-linked,uniprotkb
Q9NPG4,582,N-linked,uniprotkb
Q6P531,370,N-linked,uniprotkb
P59826,453,N-linked,uniprotkb
Q99102,2148,O-linked,uniprotkb
Q2M3G0,390,N-linked,uniprotkb
Q96MM7,404,N-linked,uniprotkb
P20702,939,N-linked,uniprotkb
Q9UKN1,5182,N-linked,uniprotkb
O60494,3457,N-linked,uniprotkb
Q99941,476,N-linked,uniprotkb
P0DTE7,476,N-linked,uniprotkb
Q9NZR2,2892,N-linked,uniprotkb
Q86UK0,2318,N-linked,uniprotkb
Q6V1P9,2664,N-linked,uniprotkb
Q8NH94,55,N-linked,uniprotkb
Q14952,178,N-linked,uniprotkb
Q96K78,178,N-linked,uniprotkb
Q9NY37,178,N-linked,uniprotkb
P57738,77,N-linked,uniprotkb
Q96NR3,77,N-linked,uniprotkb
O94778,139,N-linked,uniprotkb
Q8N109,139,N-linked,uniprotkb
Q9H251,393,N-linked,uniprotkb
Q9H2B4,158,N-linked,uniprotkb
Q9UBX8,83,N-linked,uniprotkb
Q96DU3,137,N-linked,uniprotkb
A6NGN9,137,N-linked,uniprotkb
Q11206,329,N-linked,uniprotkb
Q9H228,20,N-linked,uniprotkb
Q9Y5Y3,20,N-linked,uniprotkb
Q9NYQ7,632,N-linked,uniprotkb
Q99062,579,N-linked,uniprotkb
O43451,989,N-linked,uniprotkb
Q7Z408,1028,N-linked,uniprotkb
P43630,306,N-linked,uniprotkb
P35498,306,N-linked,uniprotkb
Q14703,236,N-linked,uniprotkb
Q9HCU0,543,O-linked,uniprotkb
Q8TER0,368,N-linked,uniprotkb
Q9UNW1,481,N-linked,uniprotkb
Q969J5,209,N-linked,uniprotkb
Q99102,3839,O-linked,uniprotkb
Q6P9A2,320,N-linked,uniprotkb
P41146,28,N-linked,uniprotkb
P32302,28,N-linked,uniprotkb
Q9UPC5,28,N-linked,uniprotkb
P13612,626,N-linked,uniprotkb
Q0P6H9,626,N-linked,uniprotkb
A4D0S4,229,N-linked,uniprotkb
Q8NI17,283,N-linked,uniprotkb
Q8NFY4,283,N-linked,uniprotkb
P28222,24,N-linked,uniprotkb
O14511,278,N-linked,uniprotkb
P78357,956,N-linked,uniprotkb
O60494,2581,N-linked,uniprotkb
P11215,978,N-linked,uniprotkb
Q6V0I7,1296,N-linked,uniprotkb
P59827,273,N-linked,uniprotkb
Q9NY97,127,N-linked,uniprotkb
P35590,709,N-linked,uniprotkb
P55075,155,N-linked,uniprotkb
P25106,39,N-linked,uniprotkb
Q9NV64,39,N-linked,uniprotkb
Q9UKY4,445,N-linked,uniprotkb
Q9NPD5,445,N-linked,uniprotkb
P08908,10,N-linked,uniprotkb
Q8N158,92,O-linked,uniprotkb
A0A1B0GVH4,92,N-linked,uniprotkb
Q13018,454,N-linked,uniprotkb
Q9HC73,169,N-linked,uniprotkb
Q9Y5E3,46,N-linked,uniprotkb
A8MV23,46,N-linked,uniprotkb
Q9NZR2,220,N-linked,uniprotkb
Q8NBI5,220,N-linked,uniprotkb
Q8WVV5,220,N-linked,uniprotkb
Q9UKU6,220,N-linked,uniprotkb
Q04941,108,N-linked,uniprotkb
Q8WTV0,108,N-linked,uniprotkb
Q86SJ6,110,N-linked,uniprotkb
Q9Y5X5,110,N-linked,uniprotkb
Q96EE4,110,N-linked,uniprotkb
Q96A11,110,N-linked,uniprotkb
P48029,197,N-linked,uniprotkb
P46721,412,N-linked,uniprotkb
P80108,591,N-linked,uniprotkb
Q9H222,591,N-linked,uniprotkb
Q8IW52,325,N-linked,uniprotkb
P19022,325,N-linked,uniprotkb
Q8WXI7,1375,N-linked,uniprotkb
Q9HCU0,601,O-linked,uniprotkb
Q96GP6,365,N-linked,uniprotkb
Q8IZJ3,117,N-linked,uniprotkb
P54826,117,N-linked,uniprotkb
Q13591,717,N-linked,uniprotkb
P59510,717,N-linked,uniprotkb
Q9H6D8,147,N-linked,uniprotkb
Q86YW7,87,N-linked,uniprotkb
Q9Y6N6,87,N-linked,uniprotkb
A0A0B4J262,87,N-linked,uniprotkb
A0A075B6J6,87,N-linked,uniprotkb
Q13291,53,N-linked,uniprotkb
Q96GM1,165,N-linked,uniprotkb
Q9Y2C9,214,N-linked,uniprotkb
O15218,37,N-linked,uniprotkb
Q6UW88,37,N-linked,uniprotkb
Q8WXS8,1027,N-linked,uniprotkb
Q99102,1732,O-linked,uniprotkb
P11717,435,N-linked,uniprotkb
Q9HBB8,526,N-linked,uniprotkb
Q16820,421,N-linked,uniprotkb
O14522,421,N-linked,uniprotkb
P54289,985,N-linked,uniprotkb
Q9BXP2,243,N-linked,uniprotkb
P14616,756,N-linked,uniprotkb
O15230,900,N-linked,uniprotkb
Q9P232,895,N-linked,uniprotkb
Q9Y6C2,658,N-linked,uniprotkb
P38570,49,N-linked,uniprotkb
P0DTE4,49,N-linked,uniprotkb
Q13753,362,N-linked,uniprotkb
P23280,256,N-linked,uniprotkb
Q9Y5I3,257,N-linked,uniprotkb
Q32M45,257,N-linked,uniprotkb
Q8NAC3,257,N-linked,uniprotkb
Q9UN74,257,N-linked,uniprotkb
Q8IWY4,466,N-linked,uniprotkb
Q8IWV2,466,N-linked,uniprotkb
Q01118,1113,N-linked,uniprotkb
O43278,523,N-linked,uniprotkb
Q8IZF2,963,N-linked,uniprotkb
Q8N149,103,N-linked,uniprotkb
Q93098,103,N-linked,uniprotkb
O60896,103,N-linked,uniprotkb
Q9Y3B3,103,N-linked,uniprotkb
Q9NRJ7,567,N-linked,uniprotkb
Q9Y5E9,567,N-linked,uniprotkb
Q9H159,437,N-linked,uniprotkb
Q7L1S5,437,N-linked,uniprotkb
P43119,7,N-linked,uniprotkb
P35408,7,N-linked,uniprotkb
Q9BXF9,7,O-linked,uniprotkb
Q8NBN3,79,N-linked,uniprotkb
O94911,1270,N-linked,uniprotkb
Q9UKY4,583,N-linked,uniprotkb
O00469,696,N-linked,uniprotkb
Q8TEM1,1116,N-linked,uniprotkb
O43820,69,N-linked,uniprotkb
Q8TDF5,340,N-linked,uniprotkb
P21731,16,N-linked,uniprotkb
Q8N6Y1,680,N-linked,uniprotkb
Q86WC4,216,N-linked,uniprotkb
P55259,216,N-linked,uniprotkb
P07333,153,N-linked,uniprotkb
A1E959,249,O-linked,uniprotkb
Q9P1Q5,264,N-linked,uniprotkb
Q96EG1,497,N-linked,uniprotkb
P01854,252,N-linked,uniprotkb
Q8WUT4,442,N-linked,uniprotkb
Q9NR96,469,N-linked,uniprotkb
P80108,271,N-linked,uniprotkb
P05186,271,N-linked,uniprotkb
Q5VY43,271,N-linked,uniprotkb
P61647,196,N-linked,uniprotkb
Q13224,348,N-linked,uniprotkb
Q9H3W5,223,N-linked,uniprotkb
Q8WWZ7,996,N-linked,uniprotkb
P14415,118,N-linked,uniprotkb
P55107,118,N-linked,uniprotkb
Q86TE4,133,N-linked,uniprotkb
O95150,133,N-linked,uniprotkb
Q8N6C5,1082,N-linked,uniprotkb
Q9NYV8,171,N-linked,uniprotkb
P20333,171,N-linked,uniprotkb
Q96RW7,573,N-linked,uniprotkb
P08253,573,N-linked,uniprotkb
Q96BA8,513,N-linked,uniprotkb
P08F94,529,N-linked,uniprotkb
Q7RTX1,529,N-linked,uniprotkb
P82279,418,N-linked,uniprotkb
O75054,418,N-linked,uniprotkb
O75054,1077,N-linked,uniprotkb
P12111,251,N-linked,uniprotkb
Q9HAW8,292,N-linked,uniprotkb
Q9NT68,1267,N-linked,uniprotkb
Q9Y5F2,436,N-linked,uniprotkb
Q9Y5E9,436,N-linked,uniprotkb
Q6ZSJ9,59,N-linked,uniprotkb
P32238,190,N-linked,uniprotkb
P34998,78,N-linked,uniprotkb
Q86UK0,1170,N-linked,uniprotkb
Q14767,1170,N-linked,uniprotkb
O75093,1026,N-linked,uniprotkb
Q96A11,177,N-linked,uniprotkb
Q8N468,177,N-linked,uniprotkb
Q6QNK2,394,N-linked,uniprotkb
Q14517,740,N-linked,uniprotkb
Q9Y6N7,827,N-linked,uniprotkb
O95274,176,N-linked,uniprotkb
P0DPF4,40,N-linked,uniprotkb
Q86UK0,623,N-linked,uniprotkb
P15586,198,N-linked,uniprotkb
Q8IUB2,107,N-linked,uniprotkb
Q92629,284,N-linked,uniprotkb
Q6UXR4,150,N-linked,uniprotkb
P42702,489,N-linked,uniprotkb
Q7Z407,361,N-linked,uniprotkb
Q14002,57,N-linked,uniprotkb
Q9NPR9,57,N-linked,uniprotkb
Q9NXL6,57,N-linked,uniprotkb
Q9UKU6,650,N-linked,uniprotkb
Q9NPG4,662,N-linked,uniprotkb
P06213,105,N-linked,uniprotkb
Q9BZC7,89,N-linked,uniprotkb
A0A577,89,N-linked,uniprotkb
Q96A83,70,N-linked,uniprotkb
Q8TDW0,70,N-linked,uniprotkb
Q14246,375,N-linked,uniprotkb
Q96MM7,544,N-linked,uniprotkb
Q9HCU0,544,O-linked,uniprotkb
Q9H330,500,N-linked,uniprotkb
P08922,352,N-linked,uniprotkb
Q6ZRH7,102,N-linked,uniprotkb
Q9Y6X5,276,N-linked,uniprotkb
Q9HC56,775,N-linked,uniprotkb
P40198,111,N-linked,uniprotkb
Q6MZM0,589,N-linked,uniprotkb
Q8NHC5,3,N-linked,uniprotkb
P43116,3,N-linked,uniprotkb
P0DMS8,3,N-linked,uniprotkb
A6NIJ9,3,N-linked,uniprotkb
Q16478,219,N-linked,uniprotkb
Q15198,219,N-linked,uniprotkb
Q6V0I7,1101,N-linked,uniprotkb
Q99941,610,N-linked,uniprotkb
P28288,206,N-linked,uniprotkb
P43004,206,N-linked,uniprotkb
Q6UWJ1,206,N-linked,uniprotkb
O95450,949,N-linked,uniprotkb
O15438,1007,N-linked,uniprotkb
Q96NR3,762,N-linked,uniprotkb
Q9UKJ8,600,N-linked,uniprotkb
Q9BZC7,600,N-linked,uniprotkb
Q96PQ0,600,N-linked,uniprotkb
O94779,816,N-linked,uniprotkb
Q5JXA9,116,N-linked,uniprotkb
B4DS77,116,N-linked,uniprotkb
Q9Y5H1,685,N-linked,uniprotkb
Q6UVK1,685,N-linked,uniprotkb
Q9UI33,1230,N-linked,uniprotkb
P98155,765,N-linked,uniprotkb
P61565,584,N-linked,uniprotkb
O94910,742,N-linked,uniprotkb
P46531,959,N-linked,uniprotkb
O14498,309,N-linked,uniprotkb
Q7Z3F1,309,N-linked,uniprotkb
Q8NFL0,94,N-linked,uniprotkb
P0DPK4,64,N-linked,uniprotkb
Q9NZW4,387,N-linked,uniprotkb
Q92832,732,N-linked,uniprotkb
O00744,335,N-linked,uniprotkb
Q92823,1009,N-linked,uniprotkb
O95461,97,N-linked,uniprotkb
Q86XM0,240,N-linked,uniprotkb
Q8IZP9,857,N-linked,uniprotkb
P21583,195,N-linked,uniprotkb
Q9NY46,290,N-linked,uniprotkb
P46721,124,N-linked,uniprotkb
Q9H4F1,135,N-linked,uniprotkb
Q99758,783,N-linked,uniprotkb
P42081,192,N-linked,uniprotkb
Q99788,192,N-linked,uniprotkb
Q969J5,192,N-linked,uniprotkb
P15586,480,N-linked,uniprotkb
Q8IZP7,231,N-linked,uniprotkb
Q86YT9,231,N-linked,uniprotkb
P23945,199,N-linked,uniprotkb
Q8NBS3,537,N-linked,uniprotkb
Q96QU1,768,N-linked,uniprotkb
Q9BWV1,76,N-linked,uniprotkb
Q13003,76,N-linked,uniprotkb
P07949,98,N-linked,uniprotkb
P16109,98,N-linked,uniprotkb
P23229,409,N-linked,uniprotkb
P35414,15,N-linked,uniprotkb
Q8TDV0,15,N-linked,uniprotkb
O14514,877,N-linked,uniprotkb
Q15622,5,N-linked,uniprotkb
Q8NGX1,5,N-linked,uniprotkb
Q8NH53,5,N-linked,uniprotkb
Q8NGJ7,5,N-linked,uniprotkb
Q8NGK3,5,N-linked,uniprotkb
P0C7N5,5,N-linked,uniprotkb
Q8NH90,5,N-linked,uniprotkb
Q8NHA4,5,N-linked,uniprotkb
Q9H344,5,N-linked,uniprotkb
Q8NH16,5,N-linked,uniprotkb
Q8NH63,5,N-linked,uniprotkb
Q9H209,5,N-linked,uniprotkb
O60242,937,N-linked,uniprotkb
Q8IZF7,260,N-linked,uniprotkb
Q7Z5N4,550,N-linked,uniprotkb
Q02763,464,N-linked,uniprotkb
O60486,890,N-linked,uniprotkb
Q8IWK6,687,N-linked,uniprotkb
O00300,152,N-linked,uniprotkb
P55286,188,N-linked,uniprotkb
P35052,486,O-linked,uniprotkb
Q96LC7,486,N-linked,uniprotkb
Q9BWV1,189,N-linked,uniprotkb
Q9BXR5,189,N-linked,uniprotkb
Q08462,713,N-linked,uniprotkb
O15031,528,N-linked,uniprotkb
Q99102,1487,O-linked,uniprotkb
Q9NY15,312,N-linked,uniprotkb
Q7Z403,312,N-linked,uniprotkb
Q8TE23,312,N-linked,uniprotkb
P41221,312,N-linked,uniprotkb
Q92832,562,N-linked,uniprotkb
Q12770,641,N-linked,uniprotkb
A1A5B4,652,N-linked,uniprotkb
P58499,120,N-linked,uniprotkb
P50454,120,N-linked,uniprotkb
Q96AP7,213,N-linked,uniprotkb
P48960,33,N-linked,uniprotkb
Q9P273,1677,N-linked,uniprotkb
P61647,151,N-linked,uniprotkb
Q8N4M1,151,N-linked,uniprotkb
Q99102,1940,O-linked,uniprotkb
Q99102,2622,O-linked,uniprotkb
P13612,821,N-linked,uniprotkb
Q9H3Q3,360,N-linked,uniprotkb
Q5T4B2,360,N-linked,uniprotkb
Q9Y666,360,N-linked,uniprotkb
P54764,545,N-linked,uniprotkb
P17927,1534,N-linked,uniprotkb
P98164,1327,N-linked,uniprotkb
P16066,212,N-linked,uniprotkb
Q9NZR2,3034,N-linked,uniprotkb
O60469,666,N-linked,uniprotkb
Q8NGS6,35,N-linked,uniprotkb
Q8TBQ9,35,N-linked,uniprotkb
P28908,101,N-linked,uniprotkb
B6SEH9,68,N-linked,uniprotkb
P58417,68,N-linked,uniprotkb
P42263,380,N-linked,uniprotkb
Q9P273,380,N-linked,uniprotkb
Q14766,424,N-linked,uniprotkb
Q8IW52,81,N-linked,uniprotkb
Q8IYL9,2,N-linked,uniprotkb
P15813,181,N-linked,uniprotkb
Q9NYZ4,267,N-linked,uniprotkb
Q96PZ7,1197,N-linked,uniprotkb
Q92185,245,N-linked,uniprotkb
Q6UWM7,245,N-linked,uniprotkb
Q9Y5W5,245,N-linked,uniprotkb
Q6JVE9,74,N-linked,uniprotkb
O60391,465,N-linked,uniprotkb
Q5VZ72,126,N-linked,uniprotkb
P15813,126,N-linked,uniprotkb
Q96A99,67,N-linked,uniprotkb
P52797,67,N-linked,uniprotkb
P43626,67,N-linked,uniprotkb
Q6NUJ2,26,N-linked,uniprotkb
Q96L12,201,N-linked,uniprotkb
Q96K78,316,N-linked,uniprotkb
Q13591,277,N-linked,uniprotkb
Q3T906,829,N-linked,uniprotkb
P59922,265,N-linked,uniprotkb
Q1HG44,121,N-linked,uniprotkb
P17813,121,N-linked,uniprotkb
Q8NHA8,8,N-linked,uniprotkb
Q8NGJ0,8,N-linked,uniprotkb
Q8IVU1,580,N-linked,uniprotkb
P23515,364,N-linked,uniprotkb
P11678,327,N-linked,uniprotkb
Q96RV3,2234,N-linked,uniprotkb
P22413,731,N-linked,uniprotkb
Q8NH92,18,N-linked,uniprotkb
Q9NS64,18,N-linked,uniprotkb
Q13308,405,N-linked,uniprotkb
Q49A17,141,N-linked,uniprotkb
Q9Y5G9,450,N-linked,uniprotkb
Q86UP2,904,N-linked,uniprotkb
Q86UK0,752,N-linked,uniprotkb
Q9UM73,808,N-linked,uniprotkb
Q92911,502,N-linked,uniprotkb
P13611,1398,N-linked,uniprotkb
Q8N6C5,338,N-linked,uniprotkb
Q8IU80,338,N-linked,uniprotkb
Q96FV3,51,N-linked,uniprotkb
P12259,51,N-linked,uniprotkb
O43490,729,N-linked,uniprotkb
Q9H4D0,729,N-linked,uniprotkb
Q7L1I2,441,N-linked,uniprotkb
P41217,157,N-linked,uniprotkb
A6NI73,157,N-linked,uniprotkb
Q99574,157,N-linked,uniprotkb
Q9UM44,318,N-linked,uniprotkb
Q9Y3Q0,603,N-linked,uniprotkb
O14917,439,N-linked,uniprotkb
Q9UBU2,52,N-linked,uniprotkb
Q3ZCN5,826,N-linked,uniprotkb
Q9C0B6,354,N-linked,uniprotkb
P56817,354,N-linked,uniprotkb
P16284,356,N-linked,uniprotkb
Q8IWU6,131,N-linked,uniprotkb
Q15375,343,N-linked,uniprotkb
Q9NZR2,313,N-linked,uniprotkb
P22888,313,N-linked,uniprotkb
P15529,313,O-linked,uniprotkb
Q9Y5X5,122,N-linked,uniprotkb
P53708,122,N-linked,uniprotkb
Q9BXP8,1308,N-linked,uniprotkb
Q99102,1003,O-linked,uniprotkb
Q3KNS1,692,N-linked,uniprotkb
Q9UNA0,807,N-linked,uniprotkb
Q9NRB3,280,N-linked,uniprotkb
Q5VX71,134,N-linked,uniprotkb
Q5T1H1,166,N-linked,uniprotkb
Q6P499,166,N-linked,uniprotkb
P61647,66,N-linked,uniprotkb
Q9NT22,66,N-linked,uniprotkb
Q13449,66,N-linked,uniprotkb
P36537,66,N-linked,uniprotkb
Q6UVY6,114,N-linked,uniprotkb
Q93070,114,N-linked,uniprotkb
Q01118,281,N-linked,uniprotkb
Q6UXG3,144,O-linked,uniprotkb
Q14954,144,N-linked,uniprotkb
P28300,144,N-linked,uniprotkb
Q0P6H9,467,N-linked,uniprotkb
Q5IJ48,926,N-linked,uniprotkb
Q8TDX9,926,N-linked,uniprotkb
P54289,136,N-linked,uniprotkb
O75078,96,N-linked,uniprotkb
P18564,463,N-linked,uniprotkb
O43451,1364,N-linked,uniprotkb
Q02809,538,N-linked,uniprotkb
Q6UXC1,835,N-linked,uniprotkb
A0A1B0GTL2,72,N-linked,uniprotkb
Q96K78,247,N-linked,uniprotkb
P47900,11,N-linked,uniprotkb
Q9H2J7,187,N-linked,uniprotkb
Q8TD07,154,N-linked,uniprotkb
Q8IU68,148,N-linked,uniprotkb
Q6P4F1,168,N-linked,uniprotkb
O75462,168,N-linked,uniprotkb
Q6UXX5,374,N-linked,uniprotkb
Q96RQ9,559,N-linked,uniprotkb
Q00973,274,N-linked,uniprotkb
O60494,2085,N-linked,uniprotkb
P11717,2085,N-linked,uniprotkb
F2Z333,109,N-linked,uniprotkb
P10767,45,N-linked,uniprotkb
Q6UX82,45,N-linked,uniprotkb
Q9GZS9,138,N-linked,uniprotkb
P13612,138,N-linked,uniprotkb
P78552,138,N-linked,uniprotkb
P31994,180,N-linked,uniprotkb
Q9UMS5,180,N-linked,uniprotkb
O60462,839,N-linked,uniprotkb
O75445,839,N-linked,uniprotkb
Q13443,381,N-linked,uniprotkb
Q9UKX5,894,N-linked,uniprotkb
Q8NFP4,90,N-linked,uniprotkb
Q17R60,616,N-linked,uniprotkb
Q9ULQ1,616,N-linked,uniprotkb
P05120,115,N-linked,uniprotkb
Q9HBB8,297,N-linked,uniprotkb
P35499,297,N-linked,uniprotkb
P35968,675,N-linked,uniprotkb
Q9NQ90,841,N-linked,uniprotkb
Q9Y5F9,419,N-linked,uniprotkb
Q9Y5G8,419,N-linked,uniprotkb
Q04912,419,N-linked,uniprotkb
Q9H156,84,N-linked,uniprotkb
P43626,84,N-linked,uniprotkb
Q9BZM5,82,N-linked,uniprotkb
Q9BZM6,82,N-linked,uniprotkb
Q9NZP2,82,N-linked,uniprotkb
Q5VY80,82,N-linked,uniprotkb
O14672,551,N-linked,uniprotkb
O15072,942,N-linked,uniprotkb
Q9BZG2,339,N-linked,uniprotkb
P30530,339,N-linked,uniprotkb
Q9Y5Q5,376,N-linked,uniprotkb
P0C7U0,376,N-linked,uniprotkb
Q06495,298,N-linked,uniprotkb
Q99435,298,N-linked,uniprotkb
Q9Y5E7,420,N-linked,uniprotkb
Q8NHX9,611,N-linked,uniprotkb
Q08462,716,N-linked,uniprotkb
Q8NGR2,41,N-linked,uniprotkb
Q04900,41,N-linked,uniprotkb
Q86TG1,41,N-linked,uniprotkb
Q9NZW4,41,N-linked,uniprotkb
Q9UN71,417,N-linked,uniprotkb
P17948,417,N-linked,uniprotkb
Q04900,104,N-linked,uniprotkb
Q96HA4,104,N-linked,uniprotkb
Q15238,104,N-linked,uniprotkb
Q16557,104,N-linked,uniprotkb
Q9UQ52,65,N-linked,uniprotkb
Q8IU54,65,N-linked,uniprotkb
Q8WWQ8,925,N-linked,uniprotkb
Q6UX82,172,N-linked,uniprotkb
O75443,1939,N-linked,uniprotkb
P35555,1902,N-linked,uniprotkb
P13284,63,N-linked,uniprotkb
Q9HBB8,44,N-linked,uniprotkb
P23471,629,N-linked,uniprotkb
Q8WWY8,50,N-linked,uniprotkb
Q6NVV3,50,N-linked,uniprotkb
Q99944,50,N-linked,uniprotkb
P35443,941,N-linked,uniprotkb
Q6NSJ0,511,N-linked,uniprotkb
Q6ZN68,32,N-linked,uniprotkb
Q13002,275,N-linked,uniprotkb
Q08AI6,275,N-linked,uniprotkb
O60478,275,N-linked,uniprotkb
Q96MK3,145,N-linked,uniprotkb
Q9NYQ8,1904,N-linked,uniprotkb
Q8N146,6,N-linked,uniprotkb
Q8NGK1,6,N-linked,uniprotkb
Q8NGC3,6,N-linked,uniprotkb
Q8NH54,6,N-linked,uniprotkb
Q14627,299,N-linked,uniprotkb
Q96CW9,395,N-linked,uniprotkb
P58335,250,N-linked,uniprotkb
Q96L15,250,N-linked,uniprotkb
Q8N436,241,N-linked,uniprotkb
P41439,161,N-linked,uniprotkb
Q9GZS9,350,N-linked,uniprotkb
P40200,350,N-linked,uniprotkb
Q13421,496,N-linked,uniprotkb
P17301,1057,N-linked,uniprotkb
Q96RI9,4,N-linked,uniprotkb
P01133,38,N-linked,uniprotkb
P32241,100,N-linked,uniprotkb
P26717,100,N-linked,uniprotkb
Q16827,75,N-linked,uniprotkb
P31994,106,N-linked,uniprotkb
P32004,876,N-linked,uniprotkb
Q04656,686,N-linked,uniprotkb
Q6UXB4,159,N-linked,uniprotkb
Q9BXE9,159,N-linked,uniprotkb
P15812,47,N-linked,uniprotkb
O75443,898,N-linked,uniprotkb
Q9UHC9,416,N-linked,uniprotkb
Q96GX1,146,N-linked,uniprotkb
Q2M2H8,167,N-linked,uniprotkb
P55268,1085,N-linked,uniprotkb
Q14114,772,N-linked,uniprotkb
Q8N7C0,211,N-linked,uniprotkb
Q5VW38,211,N-linked,uniprotkb
Q08648,29,N-linked,uniprotkb
P35368,29,N-linked,uniprotkb
Q86UP6,29,N-linked,uniprotkb
Q9UBD9,29,N-linked,uniprotkb
P0DQD5,29,N-linked,uniprotkb
Q14563,590,N-linked,uniprotkb
A5X5Y0,175,N-linked,uniprotkb
O75094,1008,N-linked,uniprotkb
P35052,490,O-linked,uniprotkb
A6NGU5,95,N-linked,uniprotkb
A6NG13,95,N-linked,uniprotkb
A0A075B6W5,95,N-linked,uniprotkb
P15529,300,O-linked,uniprotkb
P26006,969,N-linked,uniprotkb
Q12866,170,N-linked,uniprotkb
Q9BXP8,679,N-linked,uniprotkb
Q9H1U4,428,N-linked,uniprotkb
Q9Y282,266,N-linked,uniprotkb
Q9BZC7,432,N-linked,uniprotkb
P51674,164,N-linked,uniprotkb
Q07001,164,N-linked,uniprotkb
Q92485,164,N-linked,uniprotkb
Q9ULC0,164,N-linked,uniprotkb
Q96PQ0,830,N-linked,uniprotkb
Q8N3J6,291,N-linked,uniprotkb
Q99102,1071,O-linked,uniprotkb
P04275,1147,N-linked,uniprotkb
Q4ZHG4,1661,N-linked,uniprotkb
Q9Y6C5,812,N-linked,uniprotkb
O60242,812,N-linked,uniprotkb
O15321,401,N-linked,uniprotkb
P98161,1269,N-linked,uniprotkb
O14798,156,N-linked,uniprotkb
P23470,156,N-linked,uniprotkb
O43921,42,N-linked,uniprotkb
O60939,42,N-linked,uniprotkb
Q8WUT4,42,N-linked,uniprotkb
A0A0B4J275,42,N-linked,uniprotkb
Q9HCU0,627,O-linked,uniprotkb
P20701,897,N-linked,uniprotkb
Q9UP79,400,N-linked,uniprotkb
P12643,163,N-linked,uniprotkb
Q9H1J7,305,N-linked,uniprotkb
Q92673,1035,N-linked,uniprotkb
Q99102,2767,O-linked,uniprotkb
Q6V0I7,2921,N-linked,uniprotkb
Q8N2Q7,323,N-linked,uniprotkb
P98164,3257,N-linked,uniprotkb
Q99102,4158,O-linked,uniprotkb
P08F94,2768,N-linked,uniprotkb
Q99102,3156,O-linked,uniprotkb
Q99102,3700,O-linked,uniprotkb
P24043,2435,N-linked,uniprotkb
P98088,5455,N-linked,uniprotkb
Q7Z407,3167,N-linked,uniprotkb
P08F94,3838,N-linked,uniprotkb
A2VEC9,3117,N-linked,uniprotkb
Q99102,4036,O-linked,uniprotkb
Q685J3,4305,N-linked,uniprotkb
Q99102,3716,O-linked,uniprotkb
Q9Y6R7,4145,N-linked,uniprotkb
Q685J3,4267,N-linked,uniprotkb
Q99102,3822,O-linked,uniprotkb
Q8WXI7,5228,N-linked,uniprotkb
Q9HC84,5677,N-linked,uniprotkb
Q8WXI7,12079,N-linked,uniprotkb
Q8WXI7,12430,N-linked,uniprotkb
Q8WXI7,12881,N-linked,uniprotkb
Q9UKN1,5169,N-linked,uniprotkb
Q16363,1366,N-linked,uniprotkb
O75445,2011,N-linked,uniprotkb
Q07954,2502,N-linked,uniprotkb
P13611,1442,N-linked,uniprotkb
Q8IZC6,1769,N-linked,uniprotkb
Q9P0X4,1345,N-linked,uniprotkb
Q99102,1454,O-linked,uniprotkb
Q99102,2207,O-linked,uniprotkb
P02458,1388,N-linked,uniprotkb
Q75N90,1658,N-linked,uniprotkb
Q9NY15,2393,N-linked,uniprotkb
Q7Z408,2430,N-linked,uniprotkb
O60449,1225,N-linked,uniprotkb
Q99102,3172,O-linked,uniprotkb
Q8TDW7,3450,N-linked,uniprotkb
Q99102,2159,O-linked,uniprotkb
Q99102,2798,O-linked,uniprotkb
P98161,2125,N-linked,uniprotkb
Q99102,2523,O-linked,uniprotkb
Q99102,2779,O-linked,uniprotkb
P04114,3336,N-linked,uniprotkb
P78509,2316,N-linked,uniprotkb
Q99102,2182,O-linked,uniprotkb
Q9UKZ4,2145,N-linked,uniprotkb
Q14524,1365,N-linked,uniprotkb
P25391,2047,N-linked,uniprotkb
Q5SZK8,1369,N-linked,uniprotkb
Q99102,2367,O-linked,uniprotkb
P82987,1343,N-linked,uniprotkb
Q6V0I7,3392,N-linked,uniprotkb
O60494,3268,N-linked,uniprotkb
Q96RW7,2395,N-linked,uniprotkb
Q9UKN1,1793,N-linked,uniprotkb
Q6V0I7,1828,N-linked,uniprotkb
O75445,3330,N-linked,uniprotkb
Q99102,2918,O-linked,uniprotkb
Q7Z407,1709,N-linked,uniprotkb
Q99571,184,N-linked,uniprotkb
O15204,184,N-linked,uniprotkb
Q70UQ0,328,N-linked,uniprotkb
P16284,453,N-linked,uniprotkb
Q8TAX7,183,O-linked,uniprotkb
Q9UL01,411,N-linked,uniprotkb
P08575,286,N-linked,uniprotkb
P39060,1567,O-linked,uniprotkb
Q6UVK1,2075,N-linked,uniprotkb
Q96DU3,178,N-linked,uniprotkb
P16150,178,O-linked,uniprotkb
P56373,139,N-linked,uniprotkb
Q08431,329,N-linked,uniprotkb
Q01668,329,N-linked,uniprotkb
Q13219,725,N-linked,uniprotkb
P35442,710,N-linked,uniprotkb
P13473,209,O-linked,uniprotkb
Q96SL1,209,N-linked,uniprotkb
Q9UBP4,28,O-linked,uniprotkb
Q9Y639,229,N-linked,uniprotkb
Q13740,91,N-linked,uniprotkb
Q9NZK5,127,N-linked,uniprotkb
O43915,155,N-linked,uniprotkb
P41145,39,N-linked,uniprotkb
Q16363,39,O-linked,uniprotkb
P41594,445,N-linked,uniprotkb
Q7Z2K6,730,N-linked,uniprotkb
P29622,108,N-linked,uniprotkb
P50897,197,N-linked,uniprotkb
P11279,197,O-linked,uniprotkb
P04156,197,N-linked,uniprotkb
P38435,459,N-linked,uniprotkb
P00450,588,N-linked,uniprotkb
Q2I0M4,147,N-linked,uniprotkb
Q9BTY2,239,N-linked,uniprotkb
Q9UQQ1,334,N-linked,uniprotkb
A6NMZ7,988,N-linked,uniprotkb
Q8IZF2,256,N-linked,uniprotkb
P28039,466,N-linked,uniprotkb
O14791,261,N-linked,uniprotkb
Q13410,215,N-linked,uniprotkb
P08519,215,N-linked,uniprotkb
P32927,191,N-linked,uniprotkb
P16150,69,O-linked,uniprotkb
P07359,340,O-linked,uniprotkb
Q8TAX7,182,O-linked,uniprotkb
Q15399,429,N-linked,uniprotkb
P18827,216,O-linked,uniprotkb
O00206,497,N-linked,uniprotkb
Q5T4D3,497,N-linked,uniprotkb
O60486,252,N-linked,uniprotkb
Q9UIQ6,448,N-linked,uniprotkb
Q9HCB6,448,C-linked,uniprotkb
P27918,196,C-linked,uniprotkb
P43308,88,N-linked,uniprotkb
P28845,162,N-linked,uniprotkb
P05160,162,N-linked,uniprotkb
Q92954,1039,O-linked,uniprotkb
Q6P1J6,529,N-linked,uniprotkb
P17342,86,N-linked,uniprotkb
Q16820,436,N-linked,uniprotkb
Q9UQQ1,492,N-linked,uniprotkb
Q8IWF2,143,N-linked,uniprotkb
P00734,143,N-linked,uniprotkb
P35555,827,O-linked,uniprotkb
P00740,85,O-linked,uniprotkb
P05106,397,N-linked,uniprotkb
P33681,186,N-linked,uniprotkb
P19835,662,O-linked,uniprotkb
P01266,2582,N-linked,uniprotkb
O75356,232,N-linked,uniprotkb
P55290,500,N-linked,uniprotkb
P40189,227,N-linked,uniprotkb
Q12884,227,N-linked,uniprotkb
P25940,102,N-linked,uniprotkb
O43557,102,N-linked,uniprotkb
P10153,34,C-linked,uniprotkb
P78539,34,O-linked,uniprotkb
P0DTU4,206,N-linked,uniprotkb
P14410,855,N-linked,uniprotkb
P35556,638,O-linked,uniprotkb
P06731,508,N-linked,uniprotkb
P05107,116,N-linked,uniprotkb
P40199,288,N-linked,uniprotkb
P35442,584,N-linked,uniprotkb
O00206,309,N-linked,uniprotkb
P07359,387,O-linked,uniprotkb
O14638,290,N-linked,uniprotkb
Q14956,200,N-linked,uniprotkb
P08069,135,N-linked,uniprotkb
P0CF51,135,N-linked,uniprotkb
P13611,1548,O-linked,uniprotkb
Q9BX67,192,N-linked,uniprotkb
Q13219,480,N-linked,uniprotkb
P46531,617,O-linked,uniprotkb
P34810,199,N-linked,uniprotkb
P57087,98,N-linked,uniprotkb
Q07075,98,N-linked,uniprotkb
P34969,5,N-linked,uniprotkb
P00747,268,O-linked,uniprotkb
Q12913,937,N-linked,uniprotkb
P27918,260,C-linked,uniprotkb
O00206,624,N-linked,uniprotkb
P13688,152,N-linked,uniprotkb
P10451,152,O-linked,uniprotkb
O43173,93,N-linked,uniprotkb
Q02817,1282,O-linked,uniprotkb
Q9UP95,312,N-linked,uniprotkb
P35555,1581,N-linked,uniprotkb
P03952,396,N-linked,uniprotkb
P35556,597,O-linked,uniprotkb
Q9NUM4,151,N-linked,uniprotkb
P32926,545,N-linked,uniprotkb
P00488,614,N-linked,uniprotkb
P19823,666,O-linked,uniprotkb
Q99250,1382,N-linked,uniprotkb
P08603,822,N-linked,uniprotkb
Q96JA1,74,N-linked,uniprotkb
P35555,1050,O-linked,uniprotkb
P15144,265,N-linked,uniprotkb
P12821,677,N-linked,uniprotkb
Q08380,580,N-linked,uniprotkb
P06213,364,N-linked,uniprotkb
P13688,302,N-linked,uniprotkb
Q7Z7M0,1271,N-linked,uniprotkb
Q6ZMM2,218,N-linked,uniprotkb
O94886,450,N-linked,uniprotkb
Q15399,51,N-linked,uniprotkb
O75326,157,N-linked,uniprotkb
O60494,1217,N-linked,uniprotkb
Q14515,398,O-linked,uniprotkb
P15941,131,O-linked,uniprotkb
P01880,131,O-linked,uniprotkb
P08185,31,N-linked,uniprotkb
P08514,280,N-linked,uniprotkb
P55259,134,N-linked,uniprotkb
Q96J42,293,N-linked,uniprotkb
Q5VWK5,262,N-linked,uniprotkb
P35555,1508,O-linked,uniprotkb
P43121,467,N-linked,uniprotkb
Q9UNN8,136,N-linked,uniprotkb
Q8N4F0,96,N-linked,uniprotkb
Q9NY35,72,N-linked,uniprotkb
Q68CJ9,379,O-linked,uniprotkb
P40199,274,N-linked,uniprotkb
O00206,173,N-linked,uniprotkb
Q8IZA0,525,N-linked,uniprotkb
Q76LX8,707,N-linked,uniprotkb
O75629,160,N-linked,uniprotkb
Q6UX71,160,N-linked,uniprotkb
Q14118,381,O-linked,uniprotkb
P35556,555,O-linked,uniprotkb
P06276,514,N-linked,uniprotkb
Q92954,892,O-linked,uniprotkb
P0C0L5,226,N-linked,uniprotkb
P07359,369,O-linked,uniprotkb
Q9HD20,420,N-linked,uniprotkb
P01374,41,O-linked,uniprotkb
Q9Y2G5,259,N-linked,uniprotkb
Q8IWV2,65,N-linked,uniprotkb
P22692,125,N-linked,uniprotkb
Q9NR16,1161,N-linked,uniprotkb
O75976,172,N-linked,uniprotkb
Q8TDD5,172,N-linked,uniprotkb
P08637,63,N-linked,uniprotkb
O60568,63,N-linked,uniprotkb
Q8N766,913,N-linked,uniprotkb
P00533,444,N-linked,uniprotkb
P16410,145,N-linked,uniprotkb
Q8IZF0,1064,N-linked,uniprotkb
P02760,250,N-linked,uniprotkb
Q9Y282,241,N-linked,uniprotkb
P81605,38,O-linked,uniprotkb
P13473,75,N-linked,uniprotkb
P12830,558,N-linked,uniprotkb
Q14118,661,N-linked,uniprotkb
Q07075,324,N-linked,uniprotkb
P13671,324,N-linked,uniprotkb
P02671,686,N-linked,uniprotkb
P12830,472,O-linked,uniprotkb
Q8N6G6,48,O-linked,uniprotkb
P01911,48,N-linked,uniprotkb
P08709,205,N-linked,uniprotkb
O75882,416,N-linked,uniprotkb
Q15262,416,N-linked,uniprotkb
P41222,29,O-linked,uniprotkb
Q8IU57,29,N-linked,uniprotkb
P07359,341,O-linked,uniprotkb
P07711,221,N-linked,uniprotkb
P06681,333,N-linked,uniprotkb
Q86XJ0,142,N-linked,uniprotkb
P35556,679,O-linked,uniprotkb
P29460,319,C-linked,uniprotkb
Q92954,291,O-linked,uniprotkb
P00450,358,N-linked,uniprotkb
Q92954,812,O-linked,uniprotkb
P46531,1035,O-linked,uniprotkb
P98095,1035,N-linked,uniprotkb
P05067,659,O-linked,uniprotkb
P35555,2465,O-linked,uniprotkb
Q99102,5100,N-linked,uniprotkb
Q99102,2437,N-linked,uniprotkb
Q99102,4796,N-linked,uniprotkb
P24043,1916,N-linked,uniprotkb
P00736,581,N-linked,uniprotkb
P41180,488,N-linked,uniprotkb
P09172,64,N-linked,uniprotkb
Q05901,166,N-linked,uniprotkb
P18507,247,N-linked,uniprotkb
P00450,138,N-linked,uniprotkb
P78363,444,N-linked,uniprotkb
Q13224,341,N-linked,uniprotkb
Q8NDA2,2663,N-linked,uniprotkb
Q8NDA2,2444,N-linked,uniprotkb
Q06418,230,N-linked,uniprotkb
Q75N90,406,N-linked,uniprotkb
Q96NI6,406,N-linked,uniprotkb
Q6NUS6,179,N-linked,uniprotkb
P15260,179,N-linked,uniprotkb
P49755,179,N-linked,uniprotkb
Q8N307,622,N-linked,uniprotkb
Q7Z5N4,1819,N-linked,uniprotkb
P15586,449,N-linked,uniprotkb
O94769,449,N-linked,uniprotkb
P04114,1368,N-linked,uniprotkb
Q8TDW7,1368,N-linked,uniprotkb
Q9UKZ4,2602,N-linked,uniprotkb
Q16827,370,N-linked,uniprotkb
Q14703,515,N-linked,uniprotkb
O60494,1885,N-linked,uniprotkb
O15031,759,N-linked,uniprotkb
Q6UXG2,404,N-linked,uniprotkb
Q7Z443,286,N-linked,uniprotkb
Q9H3T2,286,N-linked,uniprotkb
Q9BZC7,1557,N-linked,uniprotkb
Q99466,1143,N-linked,uniprotkb
P08922,939,N-linked,uniprotkb
Q9H251,2981,N-linked,uniprotkb
Q9BXP8,1243,N-linked,uniprotkb
P04114,2560,N-linked,uniprotkb
O95754,509,N-linked,uniprotkb
P43631,178,N-linked,uniprotkb
O00476,77,N-linked,uniprotkb
Q8NFT8,564,N-linked,uniprotkb
Q5T601,139,N-linked,uniprotkb
O95025,139,N-linked,uniprotkb
O75610,158,N-linked,uniprotkb
Q9BX97,83,N-linked,uniprotkb
P21554,83,N-linked,uniprotkb
Q13261,137,N-linked,uniprotkb
O95157,137,N-linked,uniprotkb
P0DPD8,384,N-linked,uniprotkb
P98073,725,N-linked,uniprotkb
Q8IZS8,632,N-linked,uniprotkb
Q9C0B6,579,N-linked,uniprotkb
P55259,342,N-linked,uniprotkb
O95450,1145,N-linked,uniprotkb
P16066,386,N-linked,uniprotkb
P22004,386,N-linked,uniprotkb
P25106,13,N-linked,uniprotkb
P35348,13,N-linked,uniprotkb
O60383,236,N-linked,uniprotkb
O95185,236,N-linked,uniprotkb
Q9UN71,543,N-linked,uniprotkb
Q9NQE7,321,N-linked,uniprotkb
Q3T906,1129,N-linked,uniprotkb
Q9Y2G1,1129,N-linked,uniprotkb
O60704,368,N-linked,uniprotkb
P30203,368,N-linked,uniprotkb
Q8WXS8,475,N-linked,uniprotkb
O60494,749,N-linked,uniprotkb
P46098,28,N-linked,uniprotkb
O95971,28,N-linked,uniprotkb
Q8WY21,908,N-linked,uniprotkb
Q8IZF3,229,N-linked,uniprotkb
P08F94,1323,N-linked,uniprotkb
P22794,73,N-linked,uniprotkb
A6ND01,73,N-linked,uniprotkb
Q13491,73,N-linked,uniprotkb
P36894,73,N-linked,uniprotkb
P29371,73,N-linked,uniprotkb
P31391,24,N-linked,uniprotkb
Q9P232,956,N-linked,uniprotkb
Q92673,674,N-linked,uniprotkb
Q7Z7M9,273,N-linked,uniprotkb
Q7LGA3,127,N-linked,uniprotkb
A6NCI4,709,N-linked,uniprotkb
Q6IE37,155,N-linked,uniprotkb
Q8IVM8,39,N-linked,uniprotkb
Q8NH03,10,N-linked,uniprotkb
P32238,10,N-linked,uniprotkb
Q8NGH5,10,N-linked,uniprotkb
Q5K4E3,92,N-linked,uniprotkb
P10153,92,N-linked,uniprotkb
Q9UGN4,92,N-linked,uniprotkb
O75462,92,N-linked,uniprotkb
Q9GZU5,92,N-linked,uniprotkb
Q07954,357,N-linked,uniprotkb
P26022,220,N-linked,uniprotkb
Q96KV6,220,N-linked,uniprotkb
Q86YL7,110,O-linked,uniprotkb
P41217,110,N-linked,uniprotkb
P55082,110,N-linked,uniprotkb
Q8N4M1,412,N-linked,uniprotkb
Q8IZF6,899,N-linked,uniprotkb
O00754,651,N-linked,uniprotkb
Q9UN66,568,N-linked,uniprotkb
Q96NR3,568,N-linked,uniprotkb
Q9NR16,1104,N-linked,uniprotkb
P22003,345,N-linked,uniprotkb
Q96MU8,345,N-linked,uniprotkb
Q96TA0,365,N-linked,uniprotkb
Q9NYQ6,634,N-linked,uniprotkb
Q01151,117,N-linked,uniprotkb
P13686,147,N-linked,uniprotkb
Q9P244,87,N-linked,uniprotkb
P20774,214,N-linked,uniprotkb
Q8TE57,905,N-linked,uniprotkb
Q9BXX0,458,N-linked,uniprotkb
P54108,239,N-linked,uniprotkb
P20645,113,N-linked,uniprotkb
Q9NSD5,269,N-linked,uniprotkb
P41587,58,N-linked,uniprotkb
Q86VH4,58,N-linked,uniprotkb
Q92896,210,N-linked,uniprotkb
Q6P4A8,526,N-linked,uniprotkb
Q14767,421,N-linked,uniprotkb
B0YJ81,243,N-linked,uniprotkb
P35968,704,N-linked,uniprotkb
Q86SQ4,704,N-linked,uniprotkb
Q16363,531,N-linked,uniprotkb
P26010,531,N-linked,uniprotkb
Q9H7M9,49,N-linked,uniprotkb
Q7Z442,307,N-linked,uniprotkb
O43300,362,N-linked,uniprotkb
Q9NYU1,256,N-linked,uniprotkb
Q6ZTQ4,257,N-linked,uniprotkb
Q658N2,257,N-linked,uniprotkb
O14786,842,N-linked,uniprotkb
Q8TE57,935,N-linked,uniprotkb
P26006,935,N-linked,uniprotkb
O75976,867,N-linked,uniprotkb
Q9NTG1,295,N-linked,uniprotkb
Q99102,1126,O-linked,uniprotkb
Q17R60,215,N-linked,uniprotkb
P01909,103,N-linked,uniprotkb
P23416,103,N-linked,uniprotkb
Q5VV43,498,N-linked,uniprotkb
Q8IZU9,498,N-linked,uniprotkb
Q7L985,130,N-linked,uniprotkb
Q96GW7,130,N-linked,uniprotkb
Q6ZMI3,130,N-linked,uniprotkb
Q86UE6,130,N-linked,uniprotkb
P14410,437,N-linked,uniprotkb
Q8NGQ2,7,N-linked,uniprotkb
Q13606,7,N-linked,uniprotkb
Q9HD43,285,N-linked,uniprotkb
O60477,443,N-linked,uniprotkb
Q8N1N0,79,N-linked,uniprotkb
Q17R60,191,N-linked,uniprotkb
Q8NGT2,191,N-linked,uniprotkb
P32004,433,N-linked,uniprotkb
P0C6S8,488,N-linked,uniprotkb
O75325,583,N-linked,uniprotkb
O00624,69,N-linked,uniprotkb
Q9BZZ2,697,N-linked,uniprotkb
O95436,340,N-linked,uniprotkb
O75022,340,N-linked,uniprotkb
P30954,16,N-linked,uniprotkb
P41968,16,N-linked,uniprotkb
Q8WZ75,680,N-linked,uniprotkb
O75976,429,N-linked,uniprotkb
Q9H8L6,249,N-linked,uniprotkb
Q86WS5,249,N-linked,uniprotkb
O75095,739,N-linked,uniprotkb
P78536,264,N-linked,uniprotkb
Q9Y2C5,56,N-linked,uniprotkb
Q86UG4,497,N-linked,uniprotkb
P18084,705,N-linked,uniprotkb
P17927,252,N-linked,uniprotkb
P23471,552,N-linked,uniprotkb
Q5KU26,271,N-linked,uniprotkb
O94779,196,N-linked,uniprotkb
Q96NU0,706,N-linked,uniprotkb
Q6UXG3,223,O-linked,uniprotkb
Q6UXN8,223,N-linked,uniprotkb
Q14773,223,N-linked,uniprotkb
Q9UL52,223,N-linked,uniprotkb
Q9UKF2,438,N-linked,uniprotkb
Q13790,118,N-linked,uniprotkb
Q6UXZ0,118,N-linked,uniprotkb
P36952,133,N-linked,uniprotkb
O15123,133,N-linked,uniprotkb
Q01638,54,N-linked,uniprotkb
Q15825,54,N-linked,uniprotkb
Q14520,54,N-linked,uniprotkb
P10163,171,N-linked,uniprotkb
Q9Y2T6,171,N-linked,uniprotkb
Q8IWU5,171,N-linked,uniprotkb
Q969J5,171,N-linked,uniprotkb
Q86UP2,1263,N-linked,uniprotkb
Q9H1J7,99,N-linked,uniprotkb
Q14246,99,N-linked,uniprotkb
O75096,1077,N-linked,uniprotkb
Q9H1C4,251,N-linked,uniprotkb
Q9C0I4,933,N-linked,uniprotkb
Q8TCU5,426,N-linked,uniprotkb
O43493,377,N-linked,uniprotkb
Q6V0I7,615,N-linked,uniprotkb
Q9HAW7,292,N-linked,uniprotkb
Q8WWZ7,86,N-linked,uniprotkb
Q9Y4D7,86,N-linked,uniprotkb
Q9BXF9,86,N-linked,uniprotkb
Q9BYG0,59,N-linked,uniprotkb
Q8NFQ5,190,N-linked,uniprotkb
P19022,190,N-linked,uniprotkb
Q12836,202,N-linked,uniprotkb
Q9NYK1,202,N-linked,uniprotkb
O95498,468,N-linked,uniprotkb
Q8IUN9,78,N-linked,uniprotkb
Q9HB15,78,N-linked,uniprotkb
Q16880,78,N-linked,uniprotkb
P51888,289,N-linked,uniprotkb
P20023,492,N-linked,uniprotkb
O43825,176,N-linked,uniprotkb
Q8TB96,176,N-linked,uniprotkb
P35858,85,N-linked,uniprotkb
Q6PCB8,85,N-linked,uniprotkb
Q14002,198,N-linked,uniprotkb
O75752,198,N-linked,uniprotkb
Q15762,198,N-linked,uniprotkb
Q8NAC3,284,N-linked,uniprotkb
A2VDJ0,846,N-linked,uniprotkb
Q96E93,150,N-linked,uniprotkb
Q92911,489,N-linked,uniprotkb
O95185,361,N-linked,uniprotkb
Q86VW1,57,N-linked,uniprotkb
O43300,57,N-linked,uniprotkb
Q99519,186,N-linked,uniprotkb
O60242,105,N-linked,uniprotkb
P53708,1005,N-linked,uniprotkb
Q5FYB0,431,N-linked,uniprotkb
Q15846,431,N-linked,uniprotkb
Q9NST1,89,N-linked,uniprotkb
Q5T2D2,89,N-linked,uniprotkb
Q7Z3S7,664,N-linked,uniprotkb
Q14246,232,N-linked,uniprotkb
P33681,232,N-linked,uniprotkb
O75900,232,N-linked,uniprotkb
Q92542,204,N-linked,uniprotkb
P24387,204,N-linked,uniprotkb
O60938,222,N-linked,uniprotkb
O43493,222,N-linked,uniprotkb
P26006,500,N-linked,uniprotkb
Q96AY3,352,N-linked,uniprotkb
Q8WY21,352,N-linked,uniprotkb
Q08334,102,N-linked,uniprotkb
Q6IA17,102,N-linked,uniprotkb
P20151,102,N-linked,uniprotkb
Q9Y5F7,276,N-linked,uniprotkb
Q969I6,276,N-linked,uniprotkb
Q6PEZ8,71,N-linked,uniprotkb
P23352,71,N-linked,uniprotkb
Q9H1N7,71,N-linked,uniprotkb
P22792,111,N-linked,uniprotkb
Q8NGP4,3,N-linked,uniprotkb
Q15391,3,N-linked,uniprotkb
Q8NGE1,3,N-linked,uniprotkb
Q7Z2D5,219,N-linked,uniprotkb
Q9NY97,219,N-linked,uniprotkb
Q13002,546,N-linked,uniprotkb
Q2I0M5,34,N-linked,uniprotkb
Q08722,34,N-linked,uniprotkb
O43451,457,N-linked,uniprotkb
Q9Y4C0,757,N-linked,uniprotkb
Q9C0I4,757,N-linked,uniprotkb
P58215,625,N-linked,uniprotkb
Q8WWQ8,2336,N-linked,uniprotkb
Q9BYE9,600,N-linked,uniprotkb
O75443,670,N-linked,uniprotkb
Q902F9,355,N-linked,uniprotkb
Q96LC7,355,N-linked,uniprotkb
Q86SJ2,288,N-linked,uniprotkb
Q9Y4K0,288,N-linked,uniprotkb
Q9Y5G7,685,N-linked,uniprotkb
P19256,94,N-linked,uniprotkb
O95390,94,N-linked,uniprotkb
P03971,64,N-linked,uniprotkb
O14657,64,N-linked,uniprotkb
Q6Q4G3,653,N-linked,uniprotkb
Q00887,387,N-linked,uniprotkb
Q4G0T1,332,N-linked,uniprotkb
P35555,1713,N-linked,uniprotkb
O15399,569,N-linked,uniprotkb
Q96E93,97,N-linked,uniprotkb
Q9UBX1,195,N-linked,uniprotkb
Q99665,195,N-linked,uniprotkb
Q9UI33,290,N-linked,uniprotkb
P32241,290,N-linked,uniprotkb
P15529,290,O-linked,uniprotkb
P12259,938,N-linked,uniprotkb
Q9Y275,124,N-linked,uniprotkb
P40200,200,N-linked,uniprotkb
P08582,135,N-linked,uniprotkb
Q8IWU6,783,N-linked,uniprotkb
Q99102,1615,O-linked,uniprotkb
Q86Y34,413,N-linked,uniprotkb
P28336,192,N-linked,uniprotkb
P23515,192,N-linked,uniprotkb
Q70SY1,480,N-linked,uniprotkb
Q496J9,480,N-linked,uniprotkb
Q1EHB4,480,N-linked,uniprotkb
Q8TE57,780,N-linked,uniprotkb
Q14542,225,N-linked,uniprotkb
P98160,76,O-linked,uniprotkb
P98164,2224,N-linked,uniprotkb
Q9NR71,98,N-linked,uniprotkb
Q9BWV1,98,N-linked,uniprotkb
O15031,1068,N-linked,uniprotkb
Q15878,1571,N-linked,uniprotkb
Q9UPU3,932,N-linked,uniprotkb
P08588,15,N-linked,uniprotkb
P78536,539,N-linked,uniprotkb
Q9UMF0,371,N-linked,uniprotkb
Q8NGX0,5,N-linked,uniprotkb
Q9UKL2,5,N-linked,uniprotkb
P20309,5,N-linked,uniprotkb
Q13607,5,N-linked,uniprotkb
Q8NGV0,5,N-linked,uniprotkb
Q8NH10,5,N-linked,uniprotkb
Q8TBJ4,5,N-linked,uniprotkb
Q8IVY1,5,N-linked,uniprotkb
Q8NGB8,5,N-linked,uniprotkb
O95013,5,N-linked,uniprotkb
Q8NGQ6,5,N-linked,uniprotkb
Q8TDU9,5,N-linked,uniprotkb
Q8TDS5,5,N-linked,uniprotkb
Q14165,268,N-linked,uniprotkb
Q8N130,268,N-linked,uniprotkb
Q8IZF3,61,N-linked,uniprotkb
Q9Y3Q0,314,N-linked,uniprotkb
Q16586,246,N-linked,uniprotkb
P34810,246,N-linked,uniprotkb
Q7Z4N8,242,N-linked,uniprotkb
Q9HAR2,464,N-linked,uniprotkb
Q86XM0,123,N-linked,uniprotkb
O75762,753,N-linked,uniprotkb
P47893,14,N-linked,uniprotkb
Q92561,14,N-linked,uniprotkb
P23467,1212,N-linked,uniprotkb
Q9HD43,642,N-linked,uniprotkb
P08253,642,N-linked,uniprotkb
Q99062,93,N-linked,uniprotkb
Q8NAU1,132,N-linked,uniprotkb
P48551,188,N-linked,uniprotkb
Q14CZ8,189,N-linked,uniprotkb
Q8NAC3,189,N-linked,uniprotkb
Q8N6Y1,849,N-linked,uniprotkb
P08F94,641,N-linked,uniprotkb
P0DPD8,652,N-linked,uniprotkb
Q9H2J7,213,N-linked,uniprotkb
Q9NZN1,213,N-linked,uniprotkb
P0DY26,33,N-linked,uniprotkb
Q9H3R2,151,N-linked,uniprotkb
P25101,62,N-linked,uniprotkb
O43278,235,N-linked,uniprotkb
O15230,921,N-linked,uniprotkb
Q9H7T0,921,N-linked,uniprotkb
Q9NZ94,545,N-linked,uniprotkb
Q9NYQ7,1327,N-linked,uniprotkb
P52849,666,N-linked,uniprotkb
Q92633,35,N-linked,uniprotkb
Q17R55,68,N-linked,uniprotkb
P17213,380,N-linked,uniprotkb
P24043,380,N-linked,uniprotkb
Q9UM73,424,N-linked,uniprotkb
Q9NZP0,2,N-linked,uniprotkb
P30531,181,N-linked,uniprotkb
P38570,782,N-linked,uniprotkb
Q99102,1062,O-linked,uniprotkb
O14798,140,N-linked,uniprotkb
Q7LGC8,74,N-linked,uniprotkb
Q9HAV5,74,N-linked,uniprotkb
Q9UHC6,346,N-linked,uniprotkb
P34810,126,N-linked,uniprotkb
Q9HBT6,542,N-linked,uniprotkb
Q14CN2,542,N-linked,uniprotkb
Q96FE5,542,N-linked,uniprotkb
Q8N0Z9,326,N-linked,uniprotkb
P20273,67,N-linked,uniprotkb
Q86UP6,67,N-linked,uniprotkb
Q07954,1050,N-linked,uniprotkb
Q9BZV3,556,O-linked,uniprotkb
P35346,26,N-linked,uniprotkb
O60478,26,N-linked,uniprotkb
Q02817,423,N-linked,uniprotkb
Q99102,1135,O-linked,uniprotkb
Q96QU1,201,N-linked,uniprotkb
P78310,201,N-linked,uniprotkb
Q86SP6,21,N-linked,uniprotkb
P01854,21,N-linked,uniprotkb
Q5T4T1,12,N-linked,uniprotkb
P20273,479,N-linked,uniprotkb
Q8NHA8,265,N-linked,uniprotkb
Q9Y5H0,265,N-linked,uniprotkb
Q9Y5H8,265,N-linked,uniprotkb
Q86SQ4,121,N-linked,uniprotkb
Q9NY72,121,N-linked,uniprotkb
Q96PD6,121,N-linked,uniprotkb
Q92832,372,N-linked,uniprotkb
Q12860,473,N-linked,uniprotkb
Q96CH1,8,N-linked,uniprotkb
Q8IYK4,580,N-linked,uniprotkb
Q9UN76,302,N-linked,uniprotkb
Q7L985,327,N-linked,uniprotkb
O75051,327,N-linked,uniprotkb
Q5VXJ0,327,N-linked,uniprotkb
P24821,327,N-linked,uniprotkb
P23515,234,N-linked,uniprotkb
B2RN74,18,N-linked,uniprotkb
Q99102,1627,O-linked,uniprotkb
Q12860,521,N-linked,uniprotkb
Q9Y5Q5,141,N-linked,uniprotkb
P11717,871,N-linked,uniprotkb
Q9H2X0,217,N-linked,uniprotkb
Q5K4E3,217,N-linked,uniprotkb
Q9Y5H6,548,N-linked,uniprotkb
P13497,363,N-linked,uniprotkb
Q9UI33,338,N-linked,uniprotkb
P49279,338,N-linked,uniprotkb
O14498,51,N-linked,uniprotkb
P59510,809,N-linked,uniprotkb
Q68CQ1,318,N-linked,uniprotkb
A8MTI9,203,N-linked,uniprotkb
Q16288,388,N-linked,uniprotkb
Q9GZU5,388,N-linked,uniprotkb
Q8NBJ4,398,N-linked,uniprotkb
Q9UHX3,354,N-linked,uniprotkb
Q16610,354,N-linked,uniprotkb
Q01344,131,N-linked,uniprotkb
Q13349,872,N-linked,uniprotkb
A6NKB5,1818,N-linked,uniprotkb
Q6P4Q7,122,N-linked,uniprotkb
Q86YB8,122,N-linked,uniprotkb
A6NM03,19,N-linked,uniprotkb
Q6IA17,31,N-linked,uniprotkb
Q8TD46,31,N-linked,uniprotkb
O75022,280,N-linked,uniprotkb
Q9P126,134,N-linked,uniprotkb
Q14982,293,N-linked,uniprotkb
O60512,166,N-linked,uniprotkb
Q9UL52,166,N-linked,uniprotkb
Q9NR16,1013,N-linked,uniprotkb
P23510,114,N-linked,uniprotkb
O76024,746,N-linked,uniprotkb
Q99102,1087,O-linked,uniprotkb
P57789,144,N-linked,uniprotkb
Q9ULV1,144,N-linked,uniprotkb
Q86VR7,144,N-linked,uniprotkb
O60503,964,N-linked,uniprotkb
Q92824,1685,N-linked,uniprotkb
Q8TE60,745,N-linked,uniprotkb
Q8N4M1,136,N-linked,uniprotkb
Q9NXL6,136,N-linked,uniprotkb
P43116,96,N-linked,uniprotkb
Q9Y264,96,N-linked,uniprotkb
Q5VZ72,96,N-linked,uniprotkb
P08F94,2115,N-linked,uniprotkb
P12645,463,N-linked,uniprotkb
Q5SR56,463,N-linked,uniprotkb
O94956,538,N-linked,uniprotkb
Q96S42,72,N-linked,uniprotkb
Q8NI17,504,N-linked,uniprotkb
Q8IZA0,247,N-linked,uniprotkb
P60508,247,N-linked,uniprotkb
Q14439,11,N-linked,uniprotkb
Q9Y5N1,11,N-linked,uniprotkb
Q8N2E2,968,N-linked,uniprotkb
Q8IVL8,187,N-linked,uniprotkb
Q16827,154,N-linked,uniprotkb
Q15389,154,N-linked,uniprotkb
Q9NQ25,148,N-linked,uniprotkb
Q8TER0,1109,N-linked,uniprotkb
Q76B58,168,N-linked,uniprotkb
Q8TDX9,875,N-linked,uniprotkb
P20742,875,N-linked,uniprotkb
Q96PJ5,374,N-linked,uniprotkb
P18827,45,O-linked,uniprotkb
Q8IZF4,173,N-linked,uniprotkb
Q9UNA3,138,N-linked,uniprotkb
B7ZAQ6,180,N-linked,uniprotkb
Q9H2S6,180,N-linked,uniprotkb
Q9UQD0,1383,N-linked,uniprotkb
Q6IEZ7,9,N-linked,uniprotkb
Q9H5V8,310,N-linked,uniprotkb
Q8IZS8,793,N-linked,uniprotkb
Q9NY15,2290,N-linked,uniprotkb
Q8IZP9,461,N-linked,uniprotkb
P14616,616,N-linked,uniprotkb
Q495T6,207,N-linked,uniprotkb
Q12866,207,N-linked,uniprotkb
O60477,631,N-linked,uniprotkb
Q03167,571,N-linked,uniprotkb
A6NI73,43,N-linked,uniprotkb
A0A0A6YYK6,43,N-linked,uniprotkb
A0A0A6YYK1,43,N-linked,uniprotkb
Q9H324,892,N-linked,uniprotkb
Q8NAC3,297,N-linked,uniprotkb
P26992,60,N-linked,uniprotkb
P06126,60,N-linked,uniprotkb
Q9NY47,507,N-linked,uniprotkb
Q9UN66,419,N-linked,uniprotkb
Q9C0C4,419,N-linked,uniprotkb
Q9H159,419,N-linked,uniprotkb
Q9HCU4,1036,N-linked,uniprotkb
Q12913,82,N-linked,uniprotkb
P16109,741,N-linked,uniprotkb
Q6UXZ4,376,N-linked,uniprotkb
Q9BYH1,618,N-linked,uniprotkb
Q13444,392,N-linked,uniprotkb
Q92752,392,N-linked,uniprotkb
O43424,716,N-linked,uniprotkb
P34741,41,O-linked,uniprotkb
P11464,104,N-linked,uniprotkb
P20718,104,N-linked,uniprotkb
Q86WN2,104,N-linked,uniprotkb
Q9HCU0,595,O-linked,uniprotkb
P98160,65,O-linked,uniprotkb
Q8IWV2,929,N-linked,uniprotkb
Q8NFJ6,27,N-linked,uniprotkb
Q92832,294,N-linked,uniprotkb
Q86SQ4,750,N-linked,uniprotkb
Q9NR96,474,N-linked,uniprotkb
Q6XZB0,63,N-linked,uniprotkb
A0A0B4J266,44,N-linked,uniprotkb
P07942,1336,N-linked,uniprotkb
Q92187,50,N-linked,uniprotkb
Q8WVV5,50,N-linked,uniprotkb
Q9NR71,779,O-linked,uniprotkb
Q99527,32,N-linked,uniprotkb
A1E959,275,O-linked,uniprotkb
O43497,1448,N-linked,uniprotkb
P78504,1064,N-linked,uniprotkb
Q9H013,447,N-linked,uniprotkb
Q16819,447,N-linked,uniprotkb
P0C7T3,6,N-linked,uniprotkb
P48023,250,N-linked,uniprotkb
O96005,241,N-linked,uniprotkb
Q5T1H1,506,N-linked,uniprotkb
P35556,2120,N-linked,uniprotkb
Q9H8L6,350,N-linked,uniprotkb
P16070,350,N-linked,uniprotkb
P12644,350,N-linked,uniprotkb
Q14833,484,N-linked,uniprotkb
P78562,484,N-linked,uniprotkb
Q8TER0,484,N-linked,uniprotkb
P43088,4,N-linked,uniprotkb
Q14517,660,N-linked,uniprotkb
P47869,38,N-linked,uniprotkb
Q86YL7,100,O-linked,uniprotkb
Q9P2U8,100,N-linked,uniprotkb
Q9NS93,75,N-linked,uniprotkb
Q9GZT5,106,N-linked,uniprotkb
Q86YL7,106,O-linked,uniprotkb
P31995,106,N-linked,uniprotkb
Q9UBP4,106,N-linked,uniprotkb
Q93038,106,N-linked,uniprotkb
Q6ZN44,287,N-linked,uniprotkb
Q7L1S5,324,N-linked,uniprotkb
Q8N5G2,324,N-linked,uniprotkb
Q8TE56,483,N-linked,uniprotkb
Q05996,462,O-linked,uniprotkb
Q9BZA7,48,N-linked,uniprotkb
Q9HC56,48,N-linked,uniprotkb
Q9Y698,48,N-linked,uniprotkb
A0A0B4J234,48,N-linked,uniprotkb
Q6V0I7,416,N-linked,uniprotkb
Q11128,167,N-linked,uniprotkb
Q8WWQ8,337,N-linked,uniprotkb
P24821,1392,N-linked,uniprotkb
Q96JF0,211,N-linked,uniprotkb
P50052,29,N-linked,uniprotkb
Q9ULH4,29,N-linked,uniprotkb
Q9UIQ6,834,N-linked,uniprotkb
A0AV02,221,N-linked,uniprotkb
Q9NYW3,175,N-linked,uniprotkb
Q7L985,279,N-linked,uniprotkb
P13284,95,N-linked,uniprotkb
Q14CN2,628,N-linked,uniprotkb
Q9H3S3,170,N-linked,uniprotkb
Q9NRN5,248,N-linked,uniprotkb
Q02817,1215,N-linked,uniprotkb
P58215,266,N-linked,uniprotkb
Q7Z5N4,563,N-linked,uniprotkb
Q9BXC1,164,N-linked,uniprotkb
P78324,319,N-linked,uniprotkb
Q9H1J7,291,N-linked,uniprotkb
Q9H3T3,291,N-linked,uniprotkb
Q5VU65,931,N-linked,uniprotkb
Q9BQS7,931,N-linked,uniprotkb
P42261,401,N-linked,uniprotkb
P01042,401,O-linked,uniprotkb
Q7RTW8,156,N-linked,uniprotkb
P21217,185,N-linked,uniprotkb
O75093,1079,N-linked,uniprotkb
P18433,36,N-linked,uniprotkb
Q02413,36,N-linked,uniprotkb
O14931,42,N-linked,uniprotkb
P08F94,1377,N-linked,uniprotkb
Q8IZF4,400,N-linked,uniprotkb
Q9NT99,400,N-linked,uniprotkb
Q02809,163,N-linked,uniprotkb
Q9UN76,163,N-linked,uniprotkb
Q969Y0,237,N-linked,uniprotkb
Q5T4B2,237,N-linked,uniprotkb
Q9NZR2,1502,N-linked,uniprotkb
Q9H3Q3,330,N-linked,uniprotkb
Q06495,323,N-linked,uniprotkb
Q96PZ7,3379,N-linked,uniprotkb
Q99102,4037,O-linked,uniprotkb
Q96PZ7,2503,N-linked,uniprotkb
O60494,3283,N-linked,uniprotkb
Q99102,3502,O-linked,uniprotkb
Q96RW7,2887,N-linked,uniprotkb
Q99102,3851,O-linked,uniprotkb
O75445,3032,N-linked,uniprotkb
Q9NYQ8,3310,N-linked,uniprotkb
P98164,2781,N-linked,uniprotkb
Q99102,4223,O-linked,uniprotkb
Q02817,4862,N-linked,uniprotkb
Q99102,3979,O-linked,uniprotkb
Q99102,3695,O-linked,uniprotkb
Q99102,4118,O-linked,uniprotkb
Q99102,3398,O-linked,uniprotkb
Q99102,3486,O-linked,uniprotkb
Q99102,4026,O-linked,uniprotkb
Q99102,3439,O-linked,uniprotkb
Q8WXI7,12741,N-linked,uniprotkb
Q99102,3787,O-linked,uniprotkb
Q9UKN1,5197,N-linked,uniprotkb
Q8WXI7,14423,N-linked,uniprotkb
Q8WXI7,12100,N-linked,uniprotkb
Q8WXI7,12824,N-linked,uniprotkb
Q8WXI7,11263,N-linked,uniprotkb
Q8WXI7,11053,N-linked,uniprotkb
Q02817,4998,N-linked,uniprotkb
Q9BZQ6,810,N-linked,uniprotkb
P08F94,1564,N-linked,uniprotkb
P98161,2578,N-linked,uniprotkb
Q6V0I7,1389,N-linked,uniprotkb
Q8TDW7,2468,N-linked,uniprotkb
Q99102,2006,O-linked,uniprotkb
P35556,1756,N-linked,uniprotkb
O43451,2738,N-linked,uniprotkb
Q6V1P9,2555,N-linked,uniprotkb
Q9UGM3,2233,N-linked,uniprotkb
Q9BZC7,1549,N-linked,uniprotkb
Q9HC84,4134,C-linked,uniprotkb
O15230,3209,N-linked,uniprotkb
Q99102,3230,O-linked,uniprotkb
Q9NYQ8,2597,N-linked,uniprotkb
O60494,1802,N-linked,uniprotkb
O75445,2182,N-linked,uniprotkb
Q99102,1494,O-linked,uniprotkb
Q96RW7,2689,N-linked,uniprotkb
Q9HC84,1292,N-linked,uniprotkb
Q9UM47,1438,N-linked,uniprotkb
Q99102,2366,O-linked,uniprotkb
Q7Z408,1393,N-linked,uniprotkb
Q99102,2950,O-linked,uniprotkb
P08F94,3225,N-linked,uniprotkb
O75445,3217,N-linked,uniprotkb
Q7Z408,2809,N-linked,uniprotkb
P13611,2496,N-linked,uniprotkb
Q5VYJ5,1414,N-linked,uniprotkb
P48058,407,N-linked,uniprotkb
P00738,184,N-linked,uniprotkb
Q9UIQ6,184,N-linked,uniprotkb
P15169,402,O-linked,uniprotkb
P42658,535,N-linked,uniprotkb
Q99523,582,N-linked,uniprotkb
Q92626,1368,N-linked,uniprotkb
Q9UL01,183,N-linked,uniprotkb
Q92954,493,O-linked,uniprotkb
Q96PD5,77,N-linked,uniprotkb
Q92854,139,N-linked,uniprotkb
P15941,139,O-linked,uniprotkb
P05026,158,N-linked,uniprotkb
P40189,83,N-linked,uniprotkb
Q92854,329,N-linked,uniprotkb
Q9GZR5,20,N-linked,uniprotkb
Q16620,254,N-linked,uniprotkb
Q16363,581,N-linked,uniprotkb
P06213,541,N-linked,uniprotkb
P28907,209,N-linked,uniprotkb
P11279,209,O-linked,uniprotkb
P17643,304,N-linked,uniprotkb
Q9HBE5,73,N-linked,uniprotkb
A0A1B0GUY1,24,N-linked,uniprotkb
P40200,278,N-linked,uniprotkb
P98088,2581,O-linked,uniprotkb
Q12913,391,N-linked,uniprotkb
Q96FE7,39,O-linked,uniprotkb
P04004,169,N-linked,uniprotkb
P08514,46,N-linked,uniprotkb
P04180,108,N-linked,uniprotkb
Q02817,1272,O-linked,uniprotkb
Q13478,197,N-linked,uniprotkb
P13688,345,N-linked,uniprotkb
P27797,344,N-linked,uniprotkb
P32926,459,N-linked,uniprotkb
O15118,459,N-linked,uniprotkb
Q9P0K1,634,N-linked,uniprotkb
A0A2R8YFM6,165,N-linked,uniprotkb
O60602,37,N-linked,uniprotkb
P21815,239,O-linked,uniprotkb
P01266,1349,N-linked,uniprotkb
P06756,704,N-linked,uniprotkb
P54289,895,N-linked,uniprotkb
P16112,658,N-linked,uniprotkb
Q12884,49,N-linked,uniprotkb
Q92854,49,N-linked,uniprotkb
P30203,49,N-linked,uniprotkb
O43451,295,N-linked,uniprotkb
P21860,437,N-linked,uniprotkb
P19827,285,N-linked,uniprotkb
P23276,191,N-linked,uniprotkb
Q8IWU5,583,O-linked,uniprotkb
Q6P5S2,69,N-linked,uniprotkb
P26010,434,N-linked,uniprotkb
Q9NR97,680,N-linked,uniprotkb
P07098,271,N-linked,uniprotkb
Q92954,438,O-linked,uniprotkb
Q92626,865,N-linked,uniprotkb
P05362,296,N-linked,uniprotkb
P00740,99,O-linked,uniprotkb
P01344,99,O-linked,uniprotkb
P51654,418,N-linked,uniprotkb
P46531,997,O-linked,uniprotkb
P09619,292,N-linked,uniprotkb
Q9HAW9,292,N-linked,uniprotkb
P06731,292,N-linked,uniprotkb
Q15223,202,N-linked,uniprotkb
P17050,177,N-linked,uniprotkb
Q2M3T9,177,N-linked,uniprotkb
P07498,143,O-linked,uniprotkb
P13598,176,N-linked,uniprotkb
O60883,85,O-linked,uniprotkb
Q99075,85,O-linked,uniprotkb
P14672,57,N-linked,uniprotkb
P01011,186,N-linked,uniprotkb
P01860,227,N-linked,uniprotkb
P06870,102,N-linked,uniprotkb
Q13478,102,N-linked,uniprotkb
P48357,276,N-linked,uniprotkb
Q16563,71,N-linked,uniprotkb
P10747,71,N-linked,uniprotkb
P01042,546,O-linked,uniprotkb
P09486,116,N-linked,uniprotkb
Q76LX8,387,C-linked,uniprotkb
Q8IW45,240,N-linked,uniprotkb
O15455,124,N-linked,uniprotkb
P11279,200,O-linked,uniprotkb
P13612,480,N-linked,uniprotkb
Q9P2S2,1400,O-linked,uniprotkb
P31431,61,O-linked,uniprotkb
P08519,61,N-linked,uniprotkb
Q969I6,260,N-linked,uniprotkb
Q13201,120,N-linked,uniprotkb
P01579,120,N-linked,uniprotkb
P02763,33,N-linked,uniprotkb
P07359,360,O-linked,uniprotkb
P46531,1197,O-linked,uniprotkb
P47871,74,N-linked,uniprotkb
P16860,74,O-linked,uniprotkb
P20160,126,N-linked,uniprotkb
P12319,67,N-linked,uniprotkb
P15328,201,N-linked,uniprotkb
P20061,316,N-linked,uniprotkb
O95972,277,O-linked,uniprotkb
Q16853,592,N-linked,uniprotkb
P04217,363,N-linked,uniprotkb
Q96JA1,318,N-linked,uniprotkb
Q92954,388,O-linked,uniprotkb
Q9P2S2,354,O-linked,uniprotkb
P43251,119,N-linked,uniprotkb
P06307,31,O-linked,uniprotkb
Q9NR97,293,N-linked,uniprotkb
Q8IUH2,166,N-linked,uniprotkb
O43157,1253,N-linked,uniprotkb
P00750,96,O-linked,uniprotkb
P42702,407,N-linked,uniprotkb
Q969P0,463,N-linked,uniprotkb
P19801,538,N-linked,uniprotkb
P13612,538,N-linked,uniprotkb
Q15223,72,N-linked,uniprotkb
A0A2R8YFM6,148,N-linked,uniprotkb
P43652,109,N-linked,uniprotkb
O75056,109,O-linked,uniprotkb
Q92542,45,N-linked,uniprotkb
P42658,173,N-linked,uniprotkb
Q92954,385,O-linked,uniprotkb
P12821,160,N-linked,uniprotkb
Q9P0L9,207,N-linked,uniprotkb
P13671,571,C-linked,uniprotkb
P15586,317,N-linked,uniprotkb
Q92854,419,N-linked,uniprotkb
Q9UP52,339,N-linked,uniprotkb
Q16853,618,N-linked,uniprotkb
Q92484,263,N-linked,uniprotkb
P48357,516,N-linked,uniprotkb
P04626,259,N-linked,uniprotkb
P16871,65,N-linked,uniprotkb
P05090,65,N-linked,uniprotkb
P01588,65,N-linked,uniprotkb
P51690,125,N-linked,uniprotkb
P07339,63,O-linked,uniprotkb
Q99075,44,O-linked,uniprotkb
P05106,478,N-linked,uniprotkb
P0DN87,50,N-linked,uniprotkb
P13473,32,N-linked,uniprotkb
P25092,32,N-linked,uniprotkb
Q86SR1,593,N-linked,uniprotkb
P21583,145,N-linked,uniprotkb
P16581,145,N-linked,uniprotkb
Q13563,299,N-linked,uniprotkb
P20774,258,N-linked,uniprotkb
Q6MZM0,161,N-linked,uniprotkb
Q5VTT2,75,N-linked,uniprotkb
A0A0B4J1U4,106,N-linked,uniprotkb
Q86SQ4,324,N-linked,uniprotkb
O60602,598,N-linked,uniprotkb
P16671,205,N-linked,uniprotkb
P21810,47,O-linked,uniprotkb
Q92954,253,O-linked,uniprotkb
Q6UWL2,253,N-linked,uniprotkb
Q5VWK5,29,N-linked,uniprotkb
P78324,270,N-linked,uniprotkb
O75023,279,N-linked,uniprotkb
A0A1B0GTW7,333,N-linked,uniprotkb
Q03405,255,N-linked,uniprotkb
Q13449,300,N-linked,uniprotkb
Q9Y4L1,830,N-linked,uniprotkb
P12830,358,O-linked,uniprotkb
P04629,358,N-linked,uniprotkb
Q13439,585,N-linked,uniprotkb
P02649,36,O-linked,uniprotkb
P04216,42,N-linked,uniprotkb
P98160,42,O-linked,uniprotkb
P06731,330,N-linked,uniprotkb
P05164,323,N-linked,uniprotkb
P35556,1873,O-linked,uniprotkb
Q9HC84,5096,N-linked,uniprotkb
P04114,3465,N-linked,uniprotkb
Q02817,1297,O-linked,uniprotkb
Q99715,2528,N-linked,uniprotkb
P98088,2395,O-linked,uniprotkb
P06756,973,N-linked,uniprotkb
Q6ZXV5,494,N-linked,uniprotkb
P01871,209,N-linked,uniprotkb
P09172,344,N-linked,uniprotkb
P30988,130,N-linked,uniprotkb
Q8N729,133,O-linked,uniprotkb
P07585,34,O-linked,uniprotkb
Q8IV08,387,N-linked,uniprotkb
Q05586,61,N-linked,uniprotkb
Q01959,188,N-linked,uniprotkb
O15393,213,N-linked,uniprotkb
P12821,74,N-linked,uniprotkb
Q8NDA2,379,N-linked,uniprotkb
P14867,138,N-linked,uniprotkb
P07996,553,O-linked,uniprotkb
O60500,708,N-linked,uniprotkb
P05362,406,N-linked,uniprotkb
P51575,184,N-linked,uniprotkb
Q9Y2A9,184,N-linked,uniprotkb
P48023,184,N-linked,uniprotkb
Q96RL6,515,N-linked,uniprotkb
Q9HC84,515,N-linked,uniprotkb
Q14002,183,N-linked,uniprotkb
Q8IWV2,764,N-linked,uniprotkb
Q8IZF3,286,N-linked,uniprotkb
Q86WI1,3736,O-linked,uniprotkb
Q9NY15,2261,N-linked,uniprotkb
Q8WXI7,14417,N-linked,uniprotkb
Q96NZ8,493,N-linked,uniprotkb
P14314,476,N-linked,uniprotkb
Q13797,476,N-linked,uniprotkb
Q8NBJ9,476,N-linked,uniprotkb
Q9HC84,2877,C-linked,uniprotkb
O75445,2970,N-linked,uniprotkb
Q1W4C9,55,N-linked,uniprotkb
Q9ULC0,178,N-linked,uniprotkb
Q9UJ14,586,N-linked,uniprotkb
Q9HBX8,77,N-linked,uniprotkb
Q8N2Q7,703,O-linked,uniprotkb
P12107,1640,N-linked,uniprotkb
P98172,139,N-linked,uniprotkb
P16870,139,N-linked,uniprotkb
Q9BTN0,393,N-linked,uniprotkb
P35968,158,N-linked,uniprotkb
O00292,158,N-linked,uniprotkb
P15941,1029,N-linked,uniprotkb
O60449,843,N-linked,uniprotkb
Q32M45,83,N-linked,uniprotkb
Q92823,83,N-linked,uniprotkb
P55283,702,N-linked,uniprotkb
P17927,702,N-linked,uniprotkb
Q96RV3,702,N-linked,uniprotkb
Q504Y2,137,N-linked,uniprotkb
Q8IUL8,329,N-linked,uniprotkb
Q9Y2T5,20,N-linked,uniprotkb
Q17RY6,20,N-linked,uniprotkb
P13611,1332,N-linked,uniprotkb
Q9H3W5,579,N-linked,uniprotkb
P60507,342,N-linked,uniprotkb
Q9UN73,386,N-linked,uniprotkb
P38567,254,N-linked,uniprotkb
Q70JA7,710,N-linked,uniprotkb
Q9BXX0,974,N-linked,uniprotkb
Q9NXG6,368,N-linked,uniprotkb
P40200,368,N-linked,uniprotkb
Q9H461,475,N-linked,uniprotkb
Q9Y5F3,209,N-linked,uniprotkb
Q8NGY0,209,N-linked,uniprotkb
P34925,209,N-linked,uniprotkb
P41968,28,N-linked,uniprotkb
Q9NS62,304,N-linked,uniprotkb
O43897,626,N-linked,uniprotkb
Q9GZX3,229,N-linked,uniprotkb
P23942,229,N-linked,uniprotkb
Q9NR71,73,O-linked,uniprotkb
Q8NE01,73,N-linked,uniprotkb
Q7Z407,73,N-linked,uniprotkb
Q9P1P5,24,N-linked,uniprotkb
P08908,24,N-linked,uniprotkb
Q86YD5,24,N-linked,uniprotkb
Q4KMQ2,777,N-linked,uniprotkb
Q9NZS2,91,N-linked,uniprotkb
P21439,91,N-linked,uniprotkb
Q9BXN2,91,N-linked,uniprotkb
Q9H3R1,391,N-linked,uniprotkb
Q8TAB3,676,N-linked,uniprotkb
Q9H2A9,415,N-linked,uniprotkb
P42263,415,N-linked,uniprotkb
Q7RTZ1,415,N-linked,uniprotkb
Q9NPG4,415,N-linked,uniprotkb
O95490,813,N-linked,uniprotkb
Q9BXP8,813,N-linked,uniprotkb
Q9UN76,155,N-linked,uniprotkb
O76093,39,N-linked,uniprotkb
O43240,39,N-linked,uniprotkb
Q9UHC6,630,N-linked,uniprotkb
P35368,10,N-linked,uniprotkb
P32247,10,N-linked,uniprotkb
P48039,10,N-linked,uniprotkb
Q13258,10,N-linked,uniprotkb
Q9NPC1,10,N-linked,uniprotkb
P41587,92,N-linked,uniprotkb
Q15389,92,N-linked,uniprotkb
P08575,92,N-linked,uniprotkb
Q9NP91,357,N-linked,uniprotkb
Q9Y5E6,169,N-linked,uniprotkb
Q9UIG8,169,N-linked,uniprotkb
Q9NYW5,169,N-linked,uniprotkb
Q9UQF0,169,N-linked,uniprotkb
P36544,46,N-linked,uniprotkb
Q7KYR7,46,N-linked,uniprotkb
Q96SM3,220,N-linked,uniprotkb
P12645,220,N-linked,uniprotkb
P12111,108,N-linked,uniprotkb
Q86VW1,108,N-linked,uniprotkb
Q92629,108,N-linked,uniprotkb
Q99571,110,N-linked,uniprotkb
Q00889,110,N-linked,uniprotkb
O75094,928,N-linked,uniprotkb
Q96K49,197,N-linked,uniprotkb
Q9UP79,344,N-linked,uniprotkb
Q99965,459,N-linked,uniprotkb
Q9HCU0,459,O-linked,uniprotkb
Q9UKZ4,1699,N-linked,uniprotkb
Q5W188,117,N-linked,uniprotkb
Q9UBG0,588,N-linked,uniprotkb
Q9Y286,165,N-linked,uniprotkb
Q99102,3487,O-linked,uniprotkb
P56937,37,N-linked,uniprotkb
P16112,239,N-linked,uniprotkb
Q8NFQ6,113,N-linked,uniprotkb
Q9HC84,1774,N-linked,uniprotkb
Q8IWU5,754,N-linked,uniprotkb
P15586,210,N-linked,uniprotkb
Q9H330,210,N-linked,uniprotkb
A6NGW2,565,N-linked,uniprotkb
Q08828,704,N-linked,uniprotkb
A6BM72,531,N-linked,uniprotkb
Q13797,658,N-linked,uniprotkb
O43889,307,N-linked,uniprotkb
P42261,257,N-linked,uniprotkb
Q93070,257,N-linked,uniprotkb
Q29980,261,N-linked,uniprotkb
P98161,1113,N-linked,uniprotkb
Q99102,1060,O-linked,uniprotkb
O95436,295,N-linked,uniprotkb
P10586,295,N-linked,uniprotkb
Q86UK0,963,N-linked,uniprotkb
Q9NSI5,103,N-linked,uniprotkb
O00400,103,N-linked,uniprotkb
Q6UWJ8,103,N-linked,uniprotkb
Q9Y5F2,567,N-linked,uniprotkb
A2VEC9,130,N-linked,uniprotkb
Q9UP38,130,N-linked,uniprotkb
Q9HCU0,594,O-linked,uniprotkb
Q9BPV8,285,N-linked,uniprotkb
Q14982,285,N-linked,uniprotkb
Q9H3Q3,79,N-linked,uniprotkb
P42702,191,N-linked,uniprotkb
Q13003,433,N-linked,uniprotkb
Q6IE37,452,N-linked,uniprotkb
O15230,452,N-linked,uniprotkb
Q9BPV8,23,N-linked,uniprotkb
P82987,1316,N-linked,uniprotkb
Q14703,728,N-linked,uniprotkb
Q9NS62,69,N-linked,uniprotkb
Q9HBW1,434,N-linked,uniprotkb
Q8IZU8,874,N-linked,uniprotkb
Q14CN2,340,N-linked,uniprotkb
P40225,340,N-linked,uniprotkb
Q9NR96,340,N-linked,uniprotkb
P25024,16,N-linked,uniprotkb
P04201,16,N-linked,uniprotkb
Q9BYE9,182,N-linked,uniprotkb
O75355,238,N-linked,uniprotkb
P32942,264,N-linked,uniprotkb
Q6PCB0,264,N-linked,uniprotkb
Q86WK6,264,N-linked,uniprotkb
Q9NZN1,264,N-linked,uniprotkb
Q7Z5M5,264,N-linked,uniprotkb
P10915,56,N-linked,uniprotkb
Q9NRM1,252,N-linked,uniprotkb
Q15262,552,N-linked,uniprotkb
Q9BXP8,574,N-linked,uniprotkb
P17948,196,N-linked,uniprotkb
Q9C0A0,706,N-linked,uniprotkb
Q9UIG8,505,N-linked,uniprotkb
P56817,223,N-linked,uniprotkb
Q86VR7,88,N-linked,uniprotkb
P20774,88,N-linked,uniprotkb
P55259,88,N-linked,uniprotkb
Q09328,118,N-linked,uniprotkb
P34810,118,N-linked,uniprotkb
O95274,118,N-linked,uniprotkb
Q5XG99,30,N-linked,uniprotkb
Q6Q8B3,30,N-linked,uniprotkb
Q9UKX5,1039,N-linked,uniprotkb
Q86XK7,133,N-linked,uniprotkb
Q9UM73,886,N-linked,uniprotkb
Q9P2J2,513,N-linked,uniprotkb
O15303,296,N-linked,uniprotkb
Q8IZP9,99,N-linked,uniprotkb
Q9NY47,418,N-linked,uniprotkb
Q9UN67,418,N-linked,uniprotkb
Q9Y5E2,418,N-linked,uniprotkb
Q9Y5Q5,251,N-linked,uniprotkb
Q6UXH1,251,N-linked,uniprotkb
O60449,377,N-linked,uniprotkb
P40126,377,N-linked,uniprotkb
Q8TE23,292,N-linked,uniprotkb
Q13324,86,N-linked,uniprotkb
O14514,881,N-linked,uniprotkb
P21815,190,N-linked,uniprotkb
P12111,202,N-linked,uniprotkb
P04629,202,N-linked,uniprotkb
Q99102,1247,O-linked,uniprotkb
P98164,1340,N-linked,uniprotkb
Q9NY15,1170,N-linked,uniprotkb
Q9UHC6,289,N-linked,uniprotkb
P35555,1149,N-linked,uniprotkb
O95490,331,N-linked,uniprotkb
Q8NET6,331,N-linked,uniprotkb
P35556,492,N-linked,uniprotkb
Q6UY18,492,N-linked,uniprotkb
C9JL84,143,N-linked,uniprotkb
Q9BQT9,740,N-linked,uniprotkb
P22455,322,N-linked,uniprotkb
O43934,40,N-linked,uniprotkb
Q9C0K1,40,N-linked,uniprotkb
A0A087WT03,40,N-linked,uniprotkb
Q8N2S1,1200,N-linked,uniprotkb
Q8IXH8,85,N-linked,uniprotkb
Q9NRR2,85,N-linked,uniprotkb
Q99102,2383,O-linked,uniprotkb
O95967,198,N-linked,uniprotkb
O75106,198,N-linked,uniprotkb
Q92752,198,N-linked,uniprotkb
P26012,648,N-linked,uniprotkb
P43681,107,N-linked,uniprotkb
Q9H313,284,N-linked,uniprotkb
P11717,1312,N-linked,uniprotkb
P04275,1679,O-linked,uniprotkb
Q13634,455,N-linked,uniprotkb
F5H4A9,57,N-linked,uniprotkb
P46098,186,N-linked,uniprotkb
O75106,662,N-linked,uniprotkb
Q9Y4C0,105,N-linked,uniprotkb
O15072,814,N-linked,uniprotkb
Q8NG99,89,N-linked,uniprotkb
Q8IW00,89,N-linked,uniprotkb
Q8N0V4,70,N-linked,uniprotkb
P78357,664,N-linked,uniprotkb
Q9UIQ6,664,N-linked,uniprotkb
P16871,232,N-linked,uniprotkb
Q8WY07,232,N-linked,uniprotkb
P48664,232,N-linked,uniprotkb
P36269,204,N-linked,uniprotkb
Q9BZM2,102,N-linked,uniprotkb
Q86YL7,102,O-linked,uniprotkb
P17813,102,N-linked,uniprotkb
P08F94,276,N-linked,uniprotkb
Q5XG92,276,N-linked,uniprotkb
P78357,276,N-linked,uniprotkb
Q9H0U3,71,N-linked,uniprotkb
Q00887,111,N-linked,uniprotkb
Q9UQ72,111,N-linked,uniprotkb
Q5BIV9,111,N-linked,uniprotkb
O43286,111,N-linked,uniprotkb
P11465,111,N-linked,uniprotkb
Q00888,111,N-linked,uniprotkb
Q7Z4F1,111,N-linked,uniprotkb
Q8TAA1,111,N-linked,uniprotkb
Q0VAQ4,3,O-linked,uniprotkb
Q9UGF5,3,N-linked,uniprotkb
Q8N148,3,N-linked,uniprotkb
P21917,3,N-linked,uniprotkb
A6NMZ5,3,N-linked,uniprotkb
Q99102,1182,O-linked,uniprotkb
Q92187,219,N-linked,uniprotkb
Q9UMZ3,1101,N-linked,uniprotkb
Q14574,546,N-linked,uniprotkb
Q96PZ7,587,N-linked,uniprotkb
Q8IZF6,487,N-linked,uniprotkb
Q8TE23,487,N-linked,uniprotkb
Q9NQ79,621,O-linked,uniprotkb
Q9C0C4,522,N-linked,uniprotkb
Q13201,816,N-linked,uniprotkb
P06127,116,N-linked,uniprotkb
Q32M45,288,N-linked,uniprotkb
Q9H8L6,765,N-linked,uniprotkb
Q96RV3,863,N-linked,uniprotkb
Q9P1W8,309,N-linked,uniprotkb
Q8IZF3,309,N-linked,uniprotkb
P23352,470,N-linked,uniprotkb
Q7Z2R9,64,N-linked,uniprotkb
Q9HBW9,64,N-linked,uniprotkb
Q6ZRI0,914,N-linked,uniprotkb
A1KZ92,387,N-linked,uniprotkb
Q9NPR9,228,N-linked,uniprotkb
Q86XS8,112,N-linked,uniprotkb
Q9P2N4,112,N-linked,uniprotkb
Q3T906,1009,N-linked,uniprotkb
P35462,97,N-linked,uniprotkb
Q15762,97,N-linked,uniprotkb
P08575,97,N-linked,uniprotkb
Q6NSJ0,240,N-linked,uniprotkb
Q9NPF0,195,N-linked,uniprotkb
P22888,195,N-linked,uniprotkb
O15547,195,N-linked,uniprotkb
P16109,460,N-linked,uniprotkb
P18433,124,N-linked,uniprotkb
Q8N131,124,N-linked,uniprotkb
Q3MIW9,124,N-linked,uniprotkb
Q9BXR5,427,N-linked,uniprotkb
Q9BZW8,192,N-linked,uniprotkb
O43193,192,N-linked,uniprotkb
Q5VX71,192,N-linked,uniprotkb
Q3KNS1,192,N-linked,uniprotkb
Q9NSI5,231,N-linked,uniprotkb
Q9BZ11,231,N-linked,uniprotkb
Q9ULL4,231,N-linked,uniprotkb
O15389,231,N-linked,uniprotkb
Q8N441,231,N-linked,uniprotkb
Q9HC56,780,N-linked,uniprotkb
A0A576,76,N-linked,uniprotkb
P18507,129,N-linked,uniprotkb
P24158,129,N-linked,uniprotkb
P34998,98,N-linked,uniprotkb
Q7Z407,409,N-linked,uniprotkb
P23142,539,N-linked,uniprotkb
Q8NG99,5,N-linked,uniprotkb
Q8NGG6,5,N-linked,uniprotkb
A6NMS3,5,N-linked,uniprotkb
Q9H255,5,N-linked,uniprotkb
Q8N0Y3,5,N-linked,uniprotkb
Q8NGL7,5,N-linked,uniprotkb
Q8NGX3,5,N-linked,uniprotkb
P43657,5,N-linked,uniprotkb
Q8NGS7,5,N-linked,uniprotkb
Q6IFH4,5,N-linked,uniprotkb
Q8NGR8,5,N-linked,uniprotkb
Q8NG85,5,N-linked,uniprotkb
Q9H210,5,N-linked,uniprotkb
P32246,5,N-linked,uniprotkb
Q7Z442,268,N-linked,uniprotkb
Q8TDX9,937,N-linked,uniprotkb
Q9UJW2,314,N-linked,uniprotkb
Q9Y286,242,N-linked,uniprotkb
Q9UHC9,464,N-linked,uniprotkb
P15509,123,N-linked,uniprotkb
Q6UWV2,123,N-linked,uniprotkb
Q8IZF2,820,N-linked,uniprotkb
P45452,152,N-linked,uniprotkb
Q5VY43,152,N-linked,uniprotkb
Q9UKX5,642,N-linked,uniprotkb
Q16706,93,N-linked,uniprotkb
Q6Q4G3,132,N-linked,uniprotkb
Q8IVL8,132,N-linked,uniprotkb
P10721,486,N-linked,uniprotkb
Q86YC3,312,N-linked,uniprotkb
Q96K78,312,N-linked,uniprotkb
P22897,1160,N-linked,uniprotkb
Q8NGW6,33,N-linked,uniprotkb
Q7Z407,966,N-linked,uniprotkb
O95477,151,N-linked,uniprotkb
Q14314,235,N-linked,uniprotkb
Q8IWK6,821,N-linked,uniprotkb
Q14494,360,N-linked,uniprotkb
Q13201,921,N-linked,uniprotkb
Q9Y5F9,545,N-linked,uniprotkb
Q9Y5G1,545,N-linked,uniprotkb
O75129,1020,N-linked,uniprotkb
Q86UP2,1055,N-linked,uniprotkb
Q9NY64,349,N-linked,uniprotkb
Q8TD84,666,N-linked,uniprotkb
P25116,35,N-linked,uniprotkb
Q6NVV3,35,N-linked,uniprotkb
Q99985,81,N-linked,uniprotkb
P53708,81,N-linked,uniprotkb
P35556,1714,N-linked,uniprotkb
Q9HCK4,782,N-linked,uniprotkb
P02462,126,N-linked,uniprotkb
O60706,326,N-linked,uniprotkb
Q96MM7,556,N-linked,uniprotkb
P04275,2585,N-linked,uniprotkb
Q9H3R2,193,N-linked,uniprotkb
Q01459,193,N-linked,uniprotkb
Q9UPU3,456,N-linked,uniprotkb
Q16827,201,N-linked,uniprotkb
Q99983,316,N-linked,uniprotkb
P18433,21,N-linked,uniprotkb
O60494,3042,N-linked,uniprotkb
Q9H1N7,12,N-linked,uniprotkb
Q9Y5H6,265,N-linked,uniprotkb
O60330,265,N-linked,uniprotkb
Q9Y5I3,265,N-linked,uniprotkb
Q9N2K0,265,N-linked,uniprotkb
Q8NH89,265,N-linked,uniprotkb
P78552,265,N-linked,uniprotkb
Q8N130,265,N-linked,uniprotkb
Q9Y5I0,265,N-linked,uniprotkb
Q8N7P1,121,N-linked,uniprotkb
Q8NFQ6,372,N-linked,uniprotkb
Q8IWK6,592,N-linked,uniprotkb
P08173,8,N-linked,uniprotkb
O76001,8,N-linked,uniprotkb
P47775,8,N-linked,uniprotkb
Q9ULB1,790,N-linked,uniprotkb
Q99650,580,N-linked,uniprotkb
O43286,364,N-linked,uniprotkb
Q6PEW0,327,N-linked,uniprotkb
P16144,327,N-linked,uniprotkb
P35367,18,N-linked,uniprotkb
Q8NG94,18,N-linked,uniprotkb
P23467,721,N-linked,uniprotkb
Q7Z407,2711,N-linked,uniprotkb
P12645,141,N-linked,uniprotkb
Q96JQ0,1521,N-linked,uniprotkb
Q9Y219,752,N-linked,uniprotkb
P13725,217,N-linked,uniprotkb
P78504,217,N-linked,uniprotkb
Q96JQ0,217,N-linked,uniprotkb
P35556,1625,N-linked,uniprotkb
P13497,599,N-linked,uniprotkb
P11047,576,N-linked,uniprotkb
Q9UN73,548,N-linked,uniprotkb
Q9UN76,174,N-linked,uniprotkb
P11678,363,N-linked,uniprotkb
Q6QNK2,501,N-linked,uniprotkb
P23510,157,N-linked,uniprotkb
Q6IEE7,318,N-linked,uniprotkb
Q8NDZ6,203,N-linked,uniprotkb
P54760,203,N-linked,uniprotkb
P46059,439,N-linked,uniprotkb
Q8IY34,439,N-linked,uniprotkb
P35225,52,N-linked,uniprotkb
P08922,52,N-linked,uniprotkb
Q96N87,354,N-linked,uniprotkb
P60507,313,N-linked,uniprotkb
Q9H2X9,351,N-linked,uniprotkb
Q9H497,122,N-linked,uniprotkb
O94911,1308,N-linked,uniprotkb
P35462,19,N-linked,uniprotkb
Q9H205,19,N-linked,uniprotkb
Q9HBV2,31,N-linked,uniprotkb
Q14956,134,N-linked,uniprotkb
Q8WUG5,134,N-linked,uniprotkb
Q02763,560,N-linked,uniprotkb
Q99435,293,N-linked,uniprotkb
Q9UKQ9,166,N-linked,uniprotkb
P24821,166,N-linked,uniprotkb
P09848,1508,N-linked,uniprotkb
Q04118,66,N-linked,uniprotkb
Q96DR8,66,O-linked,uniprotkb
P15248,114,N-linked,uniprotkb
P24592,144,O-linked,uniprotkb
Q99466,964,N-linked,uniprotkb
A8K7I4,770,N-linked,uniprotkb
P32004,726,N-linked,uniprotkb
P14410,926,N-linked,uniprotkb
P49746,407,N-linked,uniprotkb
P10721,463,N-linked,uniprotkb
Q86XM0,538,N-linked,uniprotkb
P14314,72,N-linked,uniprotkb
Q9Y264,247,N-linked,uniprotkb
Q5R3F8,247,N-linked,uniprotkb
Q8TCW9,11,N-linked,uniprotkb
P49146,11,N-linked,uniprotkb
P25929,11,N-linked,uniprotkb
Q9UKN1,154,N-linked,uniprotkb
Q10588,148,N-linked,uniprotkb
Q6PIU2,389,N-linked,uniprotkb
Q9BZA8,80,N-linked,uniprotkb
Q16558,80,N-linked,uniprotkb
P14410,1572,N-linked,uniprotkb
O75578,763,N-linked,uniprotkb
P35968,374,N-linked,uniprotkb
Q02246,918,N-linked,uniprotkb
Q8N2S1,425,N-linked,uniprotkb
Q9NY72,109,N-linked,uniprotkb
P09619,45,N-linked,uniprotkb
B4DS77,45,N-linked,uniprotkb
Q96KV6,45,N-linked,uniprotkb
Q9BY14,45,N-linked,uniprotkb
Q6X4U4,173,N-linked,uniprotkb
Q96PZ7,2149,N-linked,uniprotkb
Q14CZ8,138,N-linked,uniprotkb
O94813,1183,N-linked,uniprotkb
P51679,194,N-linked,uniprotkb
O94911,194,N-linked,uniprotkb
O75339,1056,N-linked,uniprotkb
Q6IF00,9,N-linked,uniprotkb
Q8NGX2,9,N-linked,uniprotkb
Q8TER0,1139,N-linked,uniprotkb
Q7Z5N4,1015,N-linked,uniprotkb
Q14DG7,366,N-linked,uniprotkb
Q9UPZ6,1043,N-linked,uniprotkb
P04275,2290,N-linked,uniprotkb
P36544,90,N-linked,uniprotkb
Q9H324,90,N-linked,uniprotkb
Q14767,616,N-linked,uniprotkb
P51805,1115,N-linked,uniprotkb
P35968,631,N-linked,uniprotkb
O75445,1174,N-linked,uniprotkb
P18827,43,N-linked,uniprotkb
A0A0B4J262,43,N-linked,uniprotkb
A0A075B6V5,43,N-linked,uniprotkb
Q13258,297,N-linked,uniprotkb
O43825,226,N-linked,uniprotkb
P08F94,711,N-linked,uniprotkb
Q14952,84,N-linked,uniprotkb
P43631,84,N-linked,uniprotkb
Q8N139,84,N-linked,uniprotkb
A0A0A0MS04,84,N-linked,uniprotkb
Q05586,440,N-linked,uniprotkb
O15230,1330,N-linked,uniprotkb
P30874,22,N-linked,uniprotkb
Q86Z14,308,N-linked,uniprotkb
A1L4H1,376,N-linked,uniprotkb
P00451,1319,N-linked,uniprotkb
Q9NPD5,516,N-linked,uniprotkb
Q14916,41,N-linked,uniprotkb
Q8IW00,41,N-linked,uniprotkb
O95868,41,O-linked,uniprotkb
A0A0B4J279,41,N-linked,uniprotkb
Q16363,104,N-linked,uniprotkb
Q14242,65,N-linked,uniprotkb
Q9NT68,925,N-linked,uniprotkb
A4D0V7,791,N-linked,uniprotkb
Q9NYZ4,172,N-linked,uniprotkb
Q9NY46,1380,N-linked,uniprotkb
P11047,1380,N-linked,uniprotkb
O75309,722,N-linked,uniprotkb
Q96PD2,474,N-linked,uniprotkb
A0A075B6T7,63,N-linked,uniprotkb
Q99527,44,N-linked,uniprotkb
Q8TEM1,44,N-linked,uniprotkb
Q6UX27,44,N-linked,uniprotkb
Q6V1P9,2098,N-linked,uniprotkb
Q9UP95,347,N-linked,uniprotkb
P57103,823,N-linked,uniprotkb
P08581,399,N-linked,uniprotkb
Q6UW49,128,N-linked,uniprotkb
P51689,128,N-linked,uniprotkb
Q9P232,913,N-linked,uniprotkb
Q96ID5,444,N-linked,uniprotkb
Q8TER0,977,N-linked,uniprotkb
O76002,6,N-linked,uniprotkb
Q0VAQ4,6,O-linked,uniprotkb
Q96PB7,299,N-linked,uniprotkb
O43490,395,N-linked,uniprotkb
P22003,395,N-linked,uniprotkb
Q9P273,2264,N-linked,uniprotkb
Q6UXG3,161,O-linked,uniprotkb
Q15391,161,N-linked,uniprotkb
P35590,161,N-linked,uniprotkb
Q9NR16,161,N-linked,uniprotkb
P02708,161,N-linked,uniprotkb
Q9BZA7,553,N-linked,uniprotkb
O60500,553,N-linked,uniprotkb
Q8IZS8,553,N-linked,uniprotkb
P0DPD8,496,N-linked,uniprotkb
Q5IJ48,1141,N-linked,uniprotkb
O95047,4,N-linked,uniprotkb
Q6IF42,4,N-linked,uniprotkb
Q14439,4,N-linked,uniprotkb
Q96P67,4,N-linked,uniprotkb
Q8NGP6,4,N-linked,uniprotkb
Q8NGU1,4,N-linked,uniprotkb
Q02509,38,N-linked,uniprotkb
Q7Z3Q1,38,N-linked,uniprotkb
Q9H158,38,N-linked,uniprotkb
Q9NRD8,100,N-linked,uniprotkb
Q12999,100,N-linked,uniprotkb
Q7Z6A9,75,N-linked,uniprotkb
Q9UL52,75,N-linked,uniprotkb
P10124,106,O-linked,uniprotkb
P24043,2240,N-linked,uniprotkb
Q9UKF5,558,N-linked,uniprotkb
Q16827,287,N-linked,uniprotkb
Q9Y653,324,N-linked,uniprotkb
Q9UM73,324,N-linked,uniprotkb
P0DPD8,324,N-linked,uniprotkb
Q8IWK6,159,N-linked,uniprotkb
Q14114,518,N-linked,uniprotkb
Q9N2K0,483,N-linked,uniprotkb
P35555,1703,N-linked,uniprotkb
P12259,1703,N-linked,uniprotkb
Q04756,48,N-linked,uniprotkb
Q9Y5G5,47,N-linked,uniprotkb
Q9Y2C5,47,N-linked,uniprotkb
P52961,253,N-linked,uniprotkb
O43827,253,N-linked,uniprotkb
Q9Y264,337,N-linked,uniprotkb
Q12913,772,N-linked,uniprotkb
Q9NP60,211,N-linked,uniprotkb
P25101,29,N-linked,uniprotkb
Q86XS8,29,N-linked,uniprotkb
P06681,29,N-linked,uniprotkb
O60896,29,N-linked,uniprotkb
P02765,341,O-linked,uniprotkb
Q9H2Y9,590,N-linked,uniprotkb
Q15262,590,N-linked,uniprotkb
Q8TDX9,751,N-linked,uniprotkb
Q5T848,333,N-linked,uniprotkb
Q9UNA0,802,N-linked,uniprotkb
Q92824,802,N-linked,uniprotkb
Q13634,255,N-linked,uniprotkb
Q8N8U9,255,N-linked,uniprotkb
Q96J84,471,N-linked,uniprotkb
P01042,628,O-linked,uniprotkb
Q9H158,248,N-linked,uniprotkb
Q96PZ7,955,N-linked,uniprotkb
O75094,563,N-linked,uniprotkb
Q7RTX0,432,N-linked,uniprotkb
P16871,233,N-linked,uniprotkb
Q8IZF6,233,N-linked,uniprotkb
Q8WTT0,164,N-linked,uniprotkb
Q8NGG6,164,N-linked,uniprotkb
Q86VZ4,164,N-linked,uniprotkb
P17948,164,N-linked,uniprotkb
O75084,164,N-linked,uniprotkb
Q9P1Z3,291,N-linked,uniprotkb
O75578,1018,N-linked,uniprotkb
Q969Z4,149,N-linked,uniprotkb
P08F94,869,N-linked,uniprotkb
Q13634,36,N-linked,uniprotkb
Q17R60,42,N-linked,uniprotkb
Q96L12,42,N-linked,uniprotkb
P16234,42,N-linked,uniprotkb
A0A087WSZ9,42,N-linked,uniprotkb
A0A0B4J276,42,N-linked,uniprotkb
O95477,400,N-linked,uniprotkb
Q6ZUB1,906,N-linked,uniprotkb
Q9GZX3,305,N-linked,uniprotkb
Q8TE56,785,N-linked,uniprotkb
Q8IX30,785,N-linked,uniprotkb
Q99102,2299,O-linked,uniprotkb
Q6UY14,773,N-linked,uniprotkb
Q9NPG4,659,N-linked,uniprotkb
O75445,4418,N-linked,uniprotkb
Q8WXI7,13950,N-linked,uniprotkb
P78509,2961,N-linked,uniprotkb
Q99102,3108,O-linked,uniprotkb
Q99102,3999,O-linked,uniprotkb
Q99102,2511,O-linked,uniprotkb
Q7Z407,2952,N-linked,uniprotkb
A2VEC9,4951,N-linked,uniprotkb
Q9HC84,4804,N-linked,uniprotkb
Q8WXI7,4220,N-linked,uniprotkb
Q99102,3445,O-linked,uniprotkb
P98160,3279,N-linked,uniprotkb
Q96RW7,4894,N-linked,uniprotkb
Q99102,3950,O-linked,uniprotkb
Q9HC84,5566,N-linked,uniprotkb
Q02817,5065,N-linked,uniprotkb
P13611,2272,N-linked,uniprotkb
Q04721,1465,N-linked,uniprotkb
Q96RW7,3530,N-linked,uniprotkb
Q99102,2596,O-linked,uniprotkb
Q7Z408,1638,N-linked,uniprotkb
P17927,1481,N-linked,uniprotkb
O43451,1388,N-linked,uniprotkb
O60494,3533,N-linked,uniprotkb
Q96PZ7,2358,N-linked,uniprotkb
O15230,1555,N-linked,uniprotkb
Q02817,1787,N-linked,uniprotkb
Q99102,4046,O-linked,uniprotkb
Q7Z5N4,1654,N-linked,uniprotkb
Q8WWQ8,1573,N-linked,uniprotkb
Q99102,1311,O-linked,uniprotkb
Q99102,3124,O-linked,uniprotkb
Q99102,2788,O-linked,uniprotkb
Q16363,1418,N-linked,uniprotkb
Q07954,3662,N-linked,uniprotkb
Q8N2S1,1339,N-linked,uniprotkb
P08922,1458,N-linked,uniprotkb
Q2M2H8,2249,N-linked,uniprotkb
P07942,1343,N-linked,uniprotkb
Q99102,1844,O-linked,uniprotkb
Q9NYQ6,1576,N-linked,uniprotkb
Q8TD84,1531,N-linked,uniprotkb
Q99102,3118,O-linked,uniprotkb
A4D0S4,1354,N-linked,uniprotkb
Q02817,4472,N-linked,uniprotkb
Q7Z408,2012,N-linked,uniprotkb
Q99102,3995,O-linked,uniprotkb
Q9HC84,3449,N-linked,uniprotkb
O60494,3290,N-linked,uniprotkb
Q99102,2799,O-linked,uniprotkb
P05556,406,N-linked,uniprotkb
P28827,406,N-linked,uniprotkb
P13473,179,N-linked,uniprotkb
P16581,179,N-linked,uniprotkb
P12830,622,N-linked,uniprotkb
P15586,183,N-linked,uniprotkb
Q12907,183,N-linked,uniprotkb
P22413,748,N-linked,uniprotkb
Q9Y227,404,N-linked,uniprotkb
P0DN86,158,O-linked,uniprotkb
P01833,83,N-linked,uniprotkb
P46531,805,O-linked,uniprotkb
Q9HCB6,510,C-linked,uniprotkb
P42892,383,N-linked,uniprotkb
Q12913,342,N-linked,uniprotkb
P01833,499,N-linked,uniprotkb
Q9NY47,386,N-linked,uniprotkb
P21754,272,N-linked,uniprotkb
P28799,368,N-linked,uniprotkb
P11717,581,N-linked,uniprotkb
P41180,541,N-linked,uniprotkb
Q9H9S5,209,N-linked,uniprotkb
P20138,209,N-linked,uniprotkb
P16284,320,N-linked,uniprotkb
Q13219,1323,N-linked,uniprotkb
P07358,73,C-linked,uniprotkb
P06731,208,N-linked,uniprotkb
Q99538,91,N-linked,uniprotkb
P01042,533,O-linked,uniprotkb
O60513,220,N-linked,uniprotkb
Q02985,108,N-linked,uniprotkb
Q8IUK8,110,N-linked,uniprotkb
Q9UKY0,110,N-linked,uniprotkb
P08519,899,N-linked,uniprotkb
Q15858,1375,N-linked,uniprotkb
P00747,365,O-linked,uniprotkb
P19440,344,N-linked,uniprotkb
O60656,344,N-linked,uniprotkb
Q9UHP7,147,N-linked,uniprotkb
Q04118,87,N-linked,uniprotkb
P07333,353,N-linked,uniprotkb
Q9HBE5,214,C-linked,uniprotkb
Q9Y6C2,766,N-linked,uniprotkb
Q9UP52,754,N-linked,uniprotkb
Q86VB7,1027,N-linked,uniprotkb
P51693,215,O-linked,uniprotkb
P09619,103,N-linked,uniprotkb
P41180,594,N-linked,uniprotkb
Q9HBG7,285,N-linked,uniprotkb
O14773,443,N-linked,uniprotkb
Q01151,79,N-linked,uniprotkb
Q9H2E6,434,N-linked,uniprotkb
P01833,469,N-linked,uniprotkb
P13473,196,O-linked,uniprotkb
P22303,296,N-linked,uniprotkb
P06731,529,N-linked,uniprotkb
P05067,633,O-linked,uniprotkb
P07911,322,N-linked,uniprotkb
Q14515,40,O-linked,uniprotkb
Q8TCJ2,623,N-linked,uniprotkb
Q9HCB6,623,C-linked,uniprotkb
P16473,198,N-linked,uniprotkb
Q99572,284,N-linked,uniprotkb
Q14118,455,O-linked,uniprotkb
O15342,70,N-linked,uniprotkb
P00533,352,N-linked,uniprotkb
Q99519,352,N-linked,uniprotkb
P10144,71,N-linked,uniprotkb
P07098,34,N-linked,uniprotkb
P32942,206,N-linked,uniprotkb
P43007,206,N-linked,uniprotkb
P13671,855,N-linked,uniprotkb
P31997,288,N-linked,uniprotkb
Q16363,742,N-linked,uniprotkb
P35542,94,N-linked,uniprotkb
P10253,470,N-linked,uniprotkb
P22792,228,N-linked,uniprotkb
P02790,240,N-linked,uniprotkb
O43556,200,N-linked,uniprotkb
Q9NR97,640,N-linked,uniprotkb
Q9NZQ7,192,N-linked,uniprotkb
Q08380,192,N-linked,uniprotkb
P35475,336,N-linked,uniprotkb
P27918,199,C-linked,uniprotkb
P05090,98,N-linked,uniprotkb
P01225,25,N-linked,uniprotkb
P16144,695,N-linked,uniprotkb
P02751,877,N-linked,uniprotkb
Q92542,464,N-linked,uniprotkb
Q92954,123,O-linked,uniprotkb
A0A1B0GTW7,713,N-linked,uniprotkb
Q92954,373,O-linked,uniprotkb
P02749,33,O-linked,uniprotkb
Q9H488,62,N-linked,uniprotkb
O76096,62,N-linked,uniprotkb
P46531,921,O-linked,uniprotkb
Q9NPR2,410,N-linked,uniprotkb
P13473,101,N-linked,uniprotkb
P34741,101,O-linked,uniprotkb
Q14108,68,N-linked,uniprotkb
P48357,81,N-linked,uniprotkb
P20160,140,N-linked,uniprotkb
P05067,542,N-linked,uniprotkb
A6NMZ7,930,N-linked,uniprotkb
P20827,26,N-linked,uniprotkb
Q9H173,193,N-linked,uniprotkb
P0C0L4,1328,N-linked,uniprotkb
P0DTU3,201,N-linked,uniprotkb
P08603,718,N-linked,uniprotkb
P08575,234,N-linked,uniprotkb
P06756,980,N-linked,uniprotkb
P56199,217,N-linked,uniprotkb
P07357,548,C-linked,uniprotkb
P00533,603,N-linked,uniprotkb
P46531,1159,O-linked,uniprotkb
P17181,313,N-linked,uniprotkb
P01589,224,O-linked,uniprotkb
Q12913,351,N-linked,uniprotkb
P04921,31,O-linked,uniprotkb
P05154,262,N-linked,uniprotkb
P16150,114,O-linked,uniprotkb
P39059,745,O-linked,uniprotkb
Q13201,136,N-linked,uniprotkb
Q92954,136,O-linked,uniprotkb
P13598,187,N-linked,uniprotkb
P02790,187,N-linked,uniprotkb
Q07075,763,N-linked,uniprotkb
Q9UBL9,194,N-linked,uniprotkb
P33681,207,N-linked,uniprotkb
P13987,43,N-linked,uniprotkb
Q9NZU0,226,N-linked,uniprotkb
Q9Y274,308,N-linked,uniprotkb
P03952,308,N-linked,uniprotkb
P19835,618,O-linked,uniprotkb
O60494,1319,N-linked,uniprotkb
Q99538,263,N-linked,uniprotkb
Q9Y2E5,516,N-linked,uniprotkb
O60931,104,N-linked,uniprotkb
P21754,125,N-linked,uniprotkb
Q9Y6M7,791,N-linked,uniprotkb
Q9UNN8,172,N-linked,uniprotkb
P24593,172,O-linked,uniprotkb
O95297,50,N-linked,uniprotkb
Q92954,399,O-linked,uniprotkb
Q96CW9,128,N-linked,uniprotkb
A0A2R8YFL7,128,N-linked,uniprotkb
P51654,241,N-linked,uniprotkb
Q92954,553,O-linked,uniprotkb
P00749,38,O-linked,uniprotkb
P08581,106,N-linked,uniprotkb
P27918,324,C-linked,uniprotkb
P11279,211,O-linked,uniprotkb
P56199,341,N-linked,uniprotkb
Q6P1J6,590,N-linked,uniprotkb
P02751,279,O-linked,uniprotkb
Q9GZM5,333,O-linked,uniprotkb
P35503,142,N-linked,uniprotkb
P19440,95,N-linked,uniprotkb
O75882,300,N-linked,uniprotkb
P08473,628,N-linked,uniprotkb
P27918,428,N-linked,uniprotkb
P06731,432,N-linked,uniprotkb
Q15661,233,N-linked,uniprotkb
Q13219,619,N-linked,uniprotkb
P15907,149,N-linked,uniprotkb
Q9Y4L1,869,N-linked,uniprotkb
P12830,570,N-linked,uniprotkb
Q92954,627,O-linked,uniprotkb
Q8WWQ8,1743,N-linked,uniprotkb
P36888,323,N-linked,uniprotkb
Q07954,1645,N-linked,uniprotkb
P98088,4320,O-linked,uniprotkb
Q14766,1687,O-linked,uniprotkb
P35555,1345,O-linked,uniprotkb
O15230,2707,N-linked,uniprotkb
P35556,2360,O-linked,uniprotkb
Q07954,2815,N-linked,uniprotkb
P08519,1241,N-linked,uniprotkb
P98088,4450,O-linked,uniprotkb
Q9Y4C0,1317,O-linked,uniprotkb
P21802,83,N-linked,uniprotkb
P78363,1529,N-linked,uniprotkb
P78348,368,N-linked,uniprotkb
Q9NQ76,256,O-linked,uniprotkb
P01019,295,N-linked,uniprotkb
P12821,54,N-linked,uniprotkb
P09871,174,N-linked,uniprotkb
Q9UL51,407,N-linked,uniprotkb
P47870,173,N-linked,uniprotkb
Q96BZ4,444,N-linked,uniprotkb
P35498,1392,N-linked,uniprotkb
Q10471,29,O-linked,uniprotkb
Q8NDA2,4284,N-linked,uniprotkb
Q8NDA2,3535,N-linked,uniprotkb
Q8NDA2,1072,N-linked,uniprotkb
Q9UN76,230,N-linked,uniprotkb
P11678,708,N-linked,uniprotkb
Q07954,1995,N-linked,uniprotkb
P0C7T3,184,N-linked,uniprotkb
Q86WK6,315,N-linked,uniprotkb
Q8NH94,315,N-linked,uniprotkb
O60391,786,N-linked,uniprotkb
P11215,1075,N-linked,uniprotkb
Q9NSC7,311,N-linked,uniprotkb
Q96PQ1,179,N-linked,uniprotkb
Q9NY37,179,N-linked,uniprotkb
Q86YC3,622,N-linked,uniprotkb
Q99102,1199,O-linked,uniprotkb
Q9NP60,328,N-linked,uniprotkb
Q08345,370,N-linked,uniprotkb
Q9H159,515,N-linked,uniprotkb
Q13255,515,N-linked,uniprotkb
Q96MC6,453,N-linked,uniprotkb
Q8WXI7,14326,N-linked,uniprotkb
P48065,183,N-linked,uniprotkb
Q14524,1374,N-linked,uniprotkb
Q6YBV0,495,N-linked,uniprotkb
Q5VU65,495,N-linked,uniprotkb
Q8WXI7,13328,N-linked,uniprotkb
Q6ZNF0,404,N-linked,uniprotkb
Q9NYU1,286,N-linked,uniprotkb
P78509,1599,N-linked,uniprotkb
Q86UK0,1663,N-linked,uniprotkb
P13611,1663,N-linked,uniprotkb
A2VEC9,3627,N-linked,uniprotkb
Q96JQ0,2792,N-linked,uniprotkb
P09848,934,N-linked,uniprotkb
Q96RW7,4606,N-linked,uniprotkb
Q99102,3963,O-linked,uniprotkb
Q13797,493,N-linked,uniprotkb
Q5SY80,493,N-linked,uniprotkb
Q6UVY6,476,N-linked,uniprotkb
Q07954,2638,N-linked,uniprotkb
Q99102,2687,O-linked,uniprotkb
Q14213,55,N-linked,uniprotkb
Q86YL7,55,O-linked,uniprotkb
Q9Y334,55,N-linked,uniprotkb
Q401N2,55,N-linked,uniprotkb
Q15035,55,N-linked,uniprotkb
Q9NYQ7,1649,N-linked,uniprotkb
Q96A33,178,N-linked,uniprotkb
P40126,178,N-linked,uniprotkb
Q93086,77,N-linked,uniprotkb
Q9NRA2,77,N-linked,uniprotkb
Q9H6U8,77,N-linked,uniprotkb
Q8NFJ5,158,N-linked,uniprotkb
Q9Y264,158,N-linked,uniprotkb
O15072,83,N-linked,uniprotkb
Q8NFM7,137,N-linked,uniprotkb
P42701,329,N-linked,uniprotkb
Q96RD9,383,N-linked,uniprotkb
Q92854,632,N-linked,uniprotkb
P55283,632,N-linked,uniprotkb
P16144,579,N-linked,uniprotkb
Q7Z407,2286,N-linked,uniprotkb
P35556,1529,N-linked,uniprotkb
P22891,306,N-linked,uniprotkb
Q6MZM0,236,N-linked,uniprotkb
P60507,272,N-linked,uniprotkb
Q9UIQ6,368,N-linked,uniprotkb
P54289,475,N-linked,uniprotkb
P54764,408,N-linked,uniprotkb
Q6ZMB0,73,N-linked,uniprotkb
Q6P5S2,24,N-linked,uniprotkb
Q2M3G0,91,N-linked,uniprotkb
Q6IEE7,91,N-linked,uniprotkb
E5RIL1,91,N-linked,uniprotkb
O43895,278,N-linked,uniprotkb
O75443,278,N-linked,uniprotkb
Q6V0I7,676,N-linked,uniprotkb
P19320,273,N-linked,uniprotkb
O00755,127,N-linked,uniprotkb
O95156,155,N-linked,uniprotkb
B1AKI9,39,N-linked,uniprotkb
Q9NS62,39,N-linked,uniprotkb
Q9BY15,39,N-linked,uniprotkb
P42127,39,N-linked,uniprotkb
O95498,39,N-linked,uniprotkb
Q9H5V8,39,N-linked,uniprotkb
Q96RW7,693,N-linked,uniprotkb
Q99102,2619,O-linked,uniprotkb
O15399,92,N-linked,uniprotkb
P20701,730,N-linked,uniprotkb
O75355,454,N-linked,uniprotkb
P0DPD6,357,N-linked,uniprotkb
Q86U17,169,N-linked,uniprotkb
Q9HBG7,169,N-linked,uniprotkb
Q5VW38,169,N-linked,uniprotkb
Q6UXB3,46,N-linked,uniprotkb
P62937,108,N-linked,uniprotkb
P10124,108,O-linked,uniprotkb
Q09328,110,N-linked,uniprotkb
Q9NRM6,197,N-linked,uniprotkb
Q9Y3Q7,561,N-linked,uniprotkb
P60509,412,N-linked,uniprotkb
P29376,412,N-linked,uniprotkb
Q8N436,491,N-linked,uniprotkb
P19022,651,N-linked,uniprotkb
O75882,325,N-linked,uniprotkb
P53708,601,N-linked,uniprotkb
Q6AZY7,365,N-linked,uniprotkb
A6NGU5,344,N-linked,uniprotkb
Q9NYQ8,459,N-linked,uniprotkb
Q01113,117,N-linked,uniprotkb
P54793,117,N-linked,uniprotkb
O14511,147,N-linked,uniprotkb
Q7RTX1,87,N-linked,uniprotkb
Q9Y345,353,N-linked,uniprotkb
O14657,165,N-linked,uniprotkb
Q6UXG3,214,O-linked,uniprotkb
Q9UQF0,214,N-linked,uniprotkb
Q96KV6,214,N-linked,uniprotkb
Q9UIQ6,760,N-linked,uniprotkb
Q9H756,37,N-linked,uniprotkb
Q9GZQ6,113,N-linked,uniprotkb
P15514,113,N-linked,uniprotkb
P60509,58,N-linked,uniprotkb
Q8IZF4,58,N-linked,uniprotkb
P51828,701,N-linked,uniprotkb
Q9BYE9,701,N-linked,uniprotkb
Q9HC56,754,N-linked,uniprotkb
Q2M2H8,421,N-linked,uniprotkb
Q15389,243,N-linked,uniprotkb
P27352,334,N-linked,uniprotkb
P08575,531,N-linked,uniprotkb
Q9C0B6,658,N-linked,uniprotkb
Q14916,49,N-linked,uniprotkb
Q7LGC8,256,N-linked,uniprotkb
P14543,935,O-linked,uniprotkb
P35968,523,N-linked,uniprotkb
Q9UJ14,523,N-linked,uniprotkb
O60241,867,N-linked,uniprotkb
P98164,2499,N-linked,uniprotkb
Q5T848,215,N-linked,uniprotkb
Q9NYK1,215,N-linked,uniprotkb
O14904,103,N-linked,uniprotkb
O15303,567,N-linked,uniprotkb
Q9Y5E8,567,N-linked,uniprotkb
O75487,498,O-linked,uniprotkb
Q7Z3S9,7,N-linked,uniprotkb
O00341,191,N-linked,uniprotkb
Q96K78,191,N-linked,uniprotkb
O95259,433,N-linked,uniprotkb
Q5ZPR3,433,N-linked,uniprotkb
Q9NYK1,488,N-linked,uniprotkb
Q86XX4,728,N-linked,uniprotkb
Q8IWV2,911,N-linked,uniprotkb
Q7RTU9,656,N-linked,uniprotkb
P08F94,1084,N-linked,uniprotkb
P01138,69,N-linked,uniprotkb
Q12836,69,N-linked,uniprotkb
Q8N807,340,N-linked,uniprotkb
P29322,340,N-linked,uniprotkb
Q9UHF4,182,N-linked,uniprotkb
Q5T4B2,153,N-linked,uniprotkb
Q9NYZ4,249,N-linked,uniprotkb
Q9NZU1,249,N-linked,uniprotkb
O60243,264,N-linked,uniprotkb
Q8NFP4,655,N-linked,uniprotkb
Q8N5G2,655,N-linked,uniprotkb
Q9NTG1,1836,N-linked,uniprotkb
P54852,56,N-linked,uniprotkb
P11464,303,N-linked,uniprotkb
P05186,303,N-linked,uniprotkb
Q16557,303,N-linked,uniprotkb
Q9Y5Q5,469,N-linked,uniprotkb
Q5VXJ0,271,N-linked,uniprotkb
Q86Z14,706,N-linked,uniprotkb
O43889,348,N-linked,uniprotkb
P15509,223,N-linked,uniprotkb
Q8IY34,223,N-linked,uniprotkb
Q9Y691,88,N-linked,uniprotkb
O95867,88,N-linked,uniprotkb
Q14957,438,N-linked,uniprotkb
Q02763,438,N-linked,uniprotkb
P98066,118,N-linked,uniprotkb
Q8NCG5,30,N-linked,uniprotkb
Q99102,1039,O-linked,uniprotkb
Q16288,133,N-linked,uniprotkb
Q9UI38,133,N-linked,uniprotkb
P04141,54,N-linked,uniprotkb
P53801,54,N-linked,uniprotkb
Q15825,171,N-linked,uniprotkb
Q9NYQ6,2257,N-linked,uniprotkb
Q9H8L6,727,N-linked,uniprotkb
P51805,1162,N-linked,uniprotkb
Q9UGM3,566,N-linked,uniprotkb
Q8TEU8,519,N-linked,uniprotkb
Q495T6,530,N-linked,uniprotkb
P17948,251,N-linked,uniprotkb
Q13316,426,N-linked,uniprotkb
P35225,86,N-linked,uniprotkb
P18433,86,N-linked,uniprotkb
P15260,86,N-linked,uniprotkb
P14679,86,N-linked,uniprotkb
O95477,2044,N-linked,uniprotkb
P78325,436,N-linked,uniprotkb
Q5VXM1,436,N-linked,uniprotkb
Q8TE60,190,N-linked,uniprotkb
Q6UXZ0,190,N-linked,uniprotkb
P04275,1255,O-linked,uniprotkb
Q68DH5,78,N-linked,uniprotkb
O14522,78,N-linked,uniprotkb
A0JD32,78,N-linked,uniprotkb
O95158,143,N-linked,uniprotkb
Q6UWL6,143,N-linked,uniprotkb
Q86UP6,394,N-linked,uniprotkb
Q96FM1,40,N-linked,uniprotkb
Q92832,40,N-linked,uniprotkb
Q9ULF5,198,N-linked,uniprotkb
P29459,107,N-linked,uniprotkb
O95388,284,N-linked,uniprotkb
O95477,489,N-linked,uniprotkb
Q86W33,361,N-linked,uniprotkb
P82279,1190,N-linked,uniprotkb
O75445,650,N-linked,uniprotkb
P24071,186,N-linked,uniprotkb
Q14112,359,O-linked,uniprotkb
P43234,105,N-linked,uniprotkb
P98161,89,N-linked,uniprotkb
P20701,89,N-linked,uniprotkb
Q9NS15,89,N-linked,uniprotkb
Q96JP9,89,N-linked,uniprotkb
Q8NHE4,70,N-linked,uniprotkb
Q8IWV2,375,N-linked,uniprotkb
O75077,664,N-linked,uniprotkb
Q8TER0,204,N-linked,uniprotkb
Q9BXP8,1694,N-linked,uniprotkb
Q6UXG3,222,O-linked,uniprotkb
Q9H8J5,222,N-linked,uniprotkb
O00591,102,N-linked,uniprotkb
P39086,276,N-linked,uniprotkb
Q8IWU6,111,N-linked,uniprotkb
Q9UHX3,111,N-linked,uniprotkb
Q13046,111,N-linked,uniprotkb
Q96HA4,111,N-linked,uniprotkb
A6NHN6,111,N-linked,uniprotkb
Q96SJ8,111,N-linked,uniprotkb
Q96MM7,589,N-linked,uniprotkb
Q9GZN0,3,N-linked,uniprotkb
Q8NH02,3,N-linked,uniprotkb
Q9NYQ7,1182,N-linked,uniprotkb
Q5VV43,219,N-linked,uniprotkb
P08700,34,N-linked,uniprotkb
Q86YL7,34,O-linked,uniprotkb
P04114,34,N-linked,uniprotkb
Q8NDZ6,34,N-linked,uniprotkb
Q12860,457,N-linked,uniprotkb
Q9ULI3,610,N-linked,uniprotkb
Q9Y3Q7,625,N-linked,uniprotkb
Q5VU65,522,N-linked,uniprotkb
P59510,1763,N-linked,uniprotkb
A6NGN9,288,N-linked,uniprotkb
Q9Y5H0,685,N-linked,uniprotkb
Q9UM73,863,N-linked,uniprotkb
Q14246,94,N-linked,uniprotkb
P43146,94,N-linked,uniprotkb
Q9NQ40,94,N-linked,uniprotkb
Q9H015,64,N-linked,uniprotkb
Q8N131,64,N-linked,uniprotkb
Q9NU53,64,N-linked,uniprotkb
Q96PE1,690,N-linked,uniprotkb
Q6UXZ4,228,N-linked,uniprotkb
O94813,1009,N-linked,uniprotkb
Q7Z408,1009,N-linked,uniprotkb
Q8N4M1,503,N-linked,uniprotkb
Q13201,97,N-linked,uniprotkb
Q8IWU6,240,N-linked,uniprotkb
A8K2U0,857,N-linked,uniprotkb
Q96BD0,557,N-linked,uniprotkb
Q14627,290,N-linked,uniprotkb
Q504Y2,460,N-linked,uniprotkb
P20594,244,N-linked,uniprotkb
Q99467,244,N-linked,uniprotkb
Q14264,382,N-linked,uniprotkb
Q9Y5Q5,135,N-linked,uniprotkb
P19256,135,N-linked,uniprotkb
Q9P2N4,135,N-linked,uniprotkb
Q4KMG0,427,N-linked,uniprotkb
Q92521,427,N-linked,uniprotkb
Q96K78,413,N-linked,uniprotkb
O43194,192,N-linked,uniprotkb
Q9C0J1,192,N-linked,uniprotkb
Q9Y5Q5,231,N-linked,uniprotkb
Q13443,231,N-linked,uniprotkb
Q15762,231,N-linked,uniprotkb
Q14003,336,N-linked,uniprotkb
Q12866,336,N-linked,uniprotkb
P11465,199,N-linked,uniprotkb
P50443,199,N-linked,uniprotkb
Q8N6C5,1223,N-linked,uniprotkb
P60852,76,N-linked,uniprotkb
A0A577,76,N-linked,uniprotkb
Q9UKY4,98,N-linked,uniprotkb
P48145,25,N-linked,uniprotkb
O95800,25,N-linked,uniprotkb
P21579,25,N-linked,uniprotkb
Q68BL8,695,N-linked,uniprotkb
Q99102,1963,O-linked,uniprotkb
P61565,371,N-linked,uniprotkb
Q13797,612,N-linked,uniprotkb
P47890,5,N-linked,uniprotkb
P59922,5,N-linked,uniprotkb
P14416,5,N-linked,uniprotkb
A6NM03,5,N-linked,uniprotkb
Q96RD3,5,N-linked,uniprotkb
Q8WZ84,5,N-linked,uniprotkb
Q8NGY5,5,N-linked,uniprotkb
Q5JQS5,5,N-linked,uniprotkb
Q8NGD5,5,N-linked,uniprotkb
Q8NGJ6,5,N-linked,uniprotkb
Q96RD0,5,N-linked,uniprotkb
Q9UMZ3,1038,N-linked,uniprotkb
O15204,61,N-linked,uniprotkb
A6NE02,61,N-linked,uniprotkb
P78552,61,N-linked,uniprotkb
A8TX70,260,N-linked,uniprotkb
Q9C0A0,260,N-linked,uniprotkb
Q6ZTQ4,624,N-linked,uniprotkb
P08922,607,N-linked,uniprotkb
P08069,607,N-linked,uniprotkb
Q9BZM2,123,N-linked,uniprotkb
Q8NBJ9,123,N-linked,uniprotkb
O95477,14,N-linked,uniprotkb
O43614,14,N-linked,uniprotkb
P41597,14,N-linked,uniprotkb
Q9H3W5,93,N-linked,uniprotkb
Q86UW8,132,N-linked,uniprotkb
Q8ND94,132,N-linked,uniprotkb
P36952,188,N-linked,uniprotkb
I3L273,188,N-linked,uniprotkb
O75051,1205,N-linked,uniprotkb
Q5ZPR3,189,N-linked,uniprotkb
P47972,189,N-linked,uniprotkb
Q9UKX5,528,N-linked,uniprotkb
Q9HCL0,641,N-linked,uniprotkb
A1A5B4,641,N-linked,uniprotkb
Q14118,641,N-linked,uniprotkb
Q86SJ2,373,N-linked,uniprotkb
O60469,1160,N-linked,uniprotkb
P16070,120,N-linked,uniprotkb
Q04118,213,N-linked,uniprotkb
Q3MIR4,213,N-linked,uniprotkb
Q99784,33,N-linked,uniprotkb
Q9H841,33,N-linked,uniprotkb
P82279,1000,N-linked,uniprotkb
Q6V1P9,966,N-linked,uniprotkb
Q9NY25,151,N-linked,uniprotkb
P26715,151,N-linked,uniprotkb
Q13467,151,N-linked,uniprotkb
Q9BZJ6,62,N-linked,uniprotkb
P19634,62,O-linked,uniprotkb
Q9Y286,235,N-linked,uniprotkb
Q9BXP8,1326,N-linked,uniprotkb
Q99102,1326,O-linked,uniprotkb
Q96QU1,821,N-linked,uniprotkb
Q9Y5G2,545,N-linked,uniprotkb
Q9H251,1534,N-linked,uniprotkb
Q86YL7,35,O-linked,uniprotkb
Q8TAG5,35,N-linked,uniprotkb
P20594,35,N-linked,uniprotkb
Q9UNW8,35,N-linked,uniprotkb
Q9Y336,101,N-linked,uniprotkb
Q08334,68,N-linked,uniprotkb
Q14773,68,N-linked,uniprotkb
P57057,81,N-linked,uniprotkb
Q9BTN0,81,N-linked,uniprotkb
O75581,81,N-linked,uniprotkb
P46095,2,N-linked,uniprotkb
Q8NGC8,2,N-linked,uniprotkb
P28566,2,N-linked,uniprotkb
P08172,2,N-linked,uniprotkb
Q9Y274,181,N-linked,uniprotkb
Q96PQ1,140,N-linked,uniprotkb
Q86UK0,1876,N-linked,uniprotkb
Q9H6B4,74,N-linked,uniprotkb
P04628,346,N-linked,uniprotkb
O75752,326,N-linked,uniprotkb
O95393,67,N-linked,uniprotkb
P16278,26,N-linked,uniprotkb
Q14494,423,N-linked,uniprotkb
Q15818,193,N-linked,uniprotkb
Q9UHX3,456,N-linked,uniprotkb
P26012,456,N-linked,uniprotkb
Q6V0I7,2937,N-linked,uniprotkb
P32971,201,N-linked,uniprotkb
A8TX70,201,N-linked,uniprotkb
Q14696,201,N-linked,uniprotkb
O75795,316,N-linked,uniprotkb
Q9P0T7,21,N-linked,uniprotkb
P27930,277,N-linked,uniprotkb
P54803,403,N-linked,uniprotkb
P28288,12,N-linked,uniprotkb
P35372,12,N-linked,uniprotkb
P09619,479,N-linked,uniprotkb
O15230,479,N-linked,uniprotkb
Q9Y5F7,265,N-linked,uniprotkb
P23471,677,N-linked,uniprotkb
P41439,121,N-linked,uniprotkb
Q9C0B6,473,N-linked,uniprotkb
O14718,8,N-linked,uniprotkb
Q4KMQ2,790,N-linked,uniprotkb
Q9NY46,302,N-linked,uniprotkb
Q9UQF0,234,N-linked,uniprotkb
P18564,575,N-linked,uniprotkb
P69849,218,N-linked,uniprotkb
Q13797,904,N-linked,uniprotkb
Q14517,1748,N-linked,uniprotkb
O43497,1698,N-linked,uniprotkb
Q16586,174,N-linked,uniprotkb
Q8N2Q7,363,N-linked,uniprotkb
O60741,338,N-linked,uniprotkb
Q9HCM2,1180,N-linked,uniprotkb
Q6IE38,51,N-linked,uniprotkb
P49190,51,N-linked,uniprotkb
Q9NY15,1274,N-linked,uniprotkb
Q5FYB0,157,N-linked,uniprotkb
Q9BQ51,157,N-linked,uniprotkb
Q8TDY8,157,N-linked,uniprotkb
Q8N8U9,318,N-linked,uniprotkb
Q9ULZ9,318,N-linked,uniprotkb
P20701,862,N-linked,uniprotkb
Q8TEM1,801,N-linked,uniprotkb
Q9NZ20,439,N-linked,uniprotkb
Q15760,52,N-linked,uniprotkb
Q9UHC3,398,N-linked,uniprotkb
Q96EG1,356,N-linked,uniprotkb
Q9NPG1,356,N-linked,uniprotkb
O95631,131,N-linked,uniprotkb
Q96L58,131,N-linked,uniprotkb
Q9ULK0,131,N-linked,uniprotkb
Q5T1H1,343,N-linked,uniprotkb
Q9Y345,343,N-linked,uniprotkb
Q14DG7,343,N-linked,uniprotkb
Q58DX5,534,N-linked,uniprotkb
Q6UQ28,122,N-linked,uniprotkb
O96005,119,N-linked,uniprotkb
Q8IUW5,31,N-linked,uniprotkb
Q6UY09,280,N-linked,uniprotkb
P04085,134,N-linked,uniprotkb
Q96LA6,293,N-linked,uniprotkb
Q8NI17,166,N-linked,uniprotkb
Q9NU53,166,N-linked,uniprotkb
P23415,66,N-linked,uniprotkb
Q6UWY5,66,N-linked,uniprotkb
Q16602,66,N-linked,uniprotkb
Q9HAR2,746,N-linked,uniprotkb
Q66K79,281,N-linked,uniprotkb
P15941,144,O-linked,uniprotkb
O15335,144,O-linked,uniprotkb
P43626,144,N-linked,uniprotkb
P52849,726,N-linked,uniprotkb
P01133,926,N-linked,uniprotkb
O95711,96,N-linked,uniprotkb
A0A0B4J1U6,96,N-linked,uniprotkb
P29317,407,N-linked,uniprotkb
Q9HCN3,407,N-linked,uniprotkb
Q14114,538,N-linked,uniprotkb
O75094,72,N-linked,uniprotkb
Q8NGJ8,11,N-linked,uniprotkb
P21452,11,N-linked,uniprotkb
Q99102,154,O-linked,uniprotkb
Q3T906,148,N-linked,uniprotkb
Q9NS62,80,N-linked,uniprotkb
O75129,168,N-linked,uniprotkb
P78357,763,N-linked,uniprotkb
Q9UHW9,379,N-linked,uniprotkb
P78504,559,N-linked,uniprotkb
O94898,274,N-linked,uniprotkb
Q9Y264,274,N-linked,uniprotkb
Q9UQQ1,274,N-linked,uniprotkb
Q8WXI8,45,N-linked,uniprotkb
P13765,45,N-linked,uniprotkb
Q9BZC7,173,N-linked,uniprotkb
O75445,2407,N-linked,uniprotkb
Q8N0Z9,138,N-linked,uniprotkb
P0CG08,180,N-linked,uniprotkb
Q9P2S2,1236,N-linked,uniprotkb
Q99102,1236,O-linked,uniprotkb
Q8WTV0,310,N-linked,uniprotkb
P49746,310,N-linked,uniprotkb
Q92824,381,N-linked,uniprotkb
P23471,381,N-linked,uniprotkb
Q9HCX4,514,N-linked,uniprotkb
O96009,90,N-linked,uniprotkb
Q96RL6,90,N-linked,uniprotkb
Q9BV94,90,N-linked,uniprotkb
Q8IWV2,90,N-linked,uniprotkb
P07204,115,N-linked,uniprotkb
Q09470,207,N-linked,uniprotkb
Q8NFY4,631,N-linked,uniprotkb
P09848,1174,N-linked,uniprotkb
P01222,43,N-linked,uniprotkb
A0A075B6T6,43,N-linked,uniprotkb
Q02846,297,N-linked,uniprotkb
Q15223,297,N-linked,uniprotkb
O95803,226,N-linked,uniprotkb
Q99895,226,N-linked,uniprotkb
Q8TB96,226,N-linked,uniprotkb
Q7Z6M3,60,N-linked,uniprotkb
Q96JQ0,2428,N-linked,uniprotkb
P98161,841,N-linked,uniprotkb
Q9Y5G7,419,N-linked,uniprotkb
Q9Y5H0,419,N-linked,uniprotkb
P50895,419,N-linked,uniprotkb
Q16819,414,N-linked,uniprotkb
Q1HG43,84,N-linked,uniprotkb
Q7Z402,84,N-linked,uniprotkb
O00254,82,N-linked,uniprotkb
O75056,82,O-linked,uniprotkb
P78536,551,N-linked,uniprotkb
Q16819,440,N-linked,uniprotkb
Q8NGG7,22,N-linked,uniprotkb
P32942,308,N-linked,uniprotkb
Q99102,369,O-linked,uniprotkb
Q8NHX9,618,N-linked,uniprotkb
Q9NR34,618,N-linked,uniprotkb
Q8IWA5,417,N-linked,uniprotkb
P52961,65,N-linked,uniprotkb
Q8IZF4,65,N-linked,uniprotkb
Q7RTU9,65,N-linked,uniprotkb
Q9BWV1,65,N-linked,uniprotkb
Q86Z14,125,N-linked,uniprotkb
P09603,172,N-linked,uniprotkb
Q9UMS5,733,N-linked,uniprotkb
Q9HB89,27,N-linked,uniprotkb
Q13751,604,N-linked,uniprotkb
P32004,294,N-linked,uniprotkb
P22607,294,N-linked,uniprotkb
Q14517,1902,N-linked,uniprotkb
Q8IZD6,63,N-linked,uniprotkb
O60462,629,N-linked,uniprotkb
Q13651,50,N-linked,uniprotkb
P05556,50,N-linked,uniprotkb
P24394,128,N-linked,uniprotkb
O43286,128,N-linked,uniprotkb
Q86TH1,511,N-linked,uniprotkb
Q04900,32,N-linked,uniprotkb
Q86XK7,32,N-linked,uniprotkb
P47870,32,N-linked,uniprotkb
Q13224,444,N-linked,uniprotkb
Q9NZW4,275,N-linked,uniprotkb
A6NG13,275,N-linked,uniprotkb
Q96LB8,145,N-linked,uniprotkb
Q8IYS5,145,N-linked,uniprotkb
Q8TER0,145,N-linked,uniprotkb
Q96PL2,145,N-linked,uniprotkb
Q8IZU8,688,N-linked,uniprotkb
Q09328,447,N-linked,uniprotkb
Q8NFN8,6,N-linked,uniprotkb
Q9NZ53,395,N-linked,uniprotkb
P22455,258,N-linked,uniprotkb
P09848,946,N-linked,uniprotkb
P59541,161,N-linked,uniprotkb
P59543,161,N-linked,uniprotkb
Q96DA0,161,N-linked,uniprotkb
Q9H1C0,4,N-linked,uniprotkb
Q86XK7,38,N-linked,uniprotkb
A0A0B4J277,38,N-linked,uniprotkb
P16070,100,N-linked,uniprotkb
P32004,100,N-linked,uniprotkb
Q9UHF5,75,N-linked,uniprotkb
Q99571,75,N-linked,uniprotkb
Q8NC54,75,N-linked,uniprotkb
Q92729,75,N-linked,uniprotkb
O15303,451,N-linked,uniprotkb
Q8NH07,106,N-linked,uniprotkb
Q86VW1,558,N-linked,uniprotkb
P43116,287,N-linked,uniprotkb
Q13449,287,N-linked,uniprotkb
Q9BZZ2,1462,N-linked,uniprotkb
Q99102,1566,O-linked,uniprotkb
Q6NT52,48,N-linked,uniprotkb
Q96HD1,205,N-linked,uniprotkb
Q9Y5Z6,47,N-linked,uniprotkb
Q6UX06,253,N-linked,uniprotkb
Q6ZNF0,211,N-linked,uniprotkb
Q9NR97,29,N-linked,uniprotkb
P08913,29,N-linked,uniprotkb
O75019,341,N-linked,uniprotkb
P78552,341,N-linked,uniprotkb
P35414,175,N-linked,uniprotkb
Q16549,175,N-linked,uniprotkb
Q6UX82,175,N-linked,uniprotkb
Q8N6G5,333,N-linked,uniprotkb
Q6UXH8,142,N-linked,uniprotkb
P55285,255,N-linked,uniprotkb
Q8NGQ2,95,N-linked,uniprotkb
Q8NC01,95,N-linked,uniprotkb
Q9NYP8,95,N-linked,uniprotkb
P0DP72,628,N-linked,uniprotkb
Q9Y5Z0,170,N-linked,uniprotkb
Q13508,248,N-linked,uniprotkb
Q99624,248,N-linked,uniprotkb
Q9UHL4,428,N-linked,uniprotkb
Q86SQ4,563,N-linked,uniprotkb
Q9UKJ8,164,N-linked,uniprotkb
Q8TEU8,319,N-linked,uniprotkb
Q99102,1854,O-linked,uniprotkb
Q9Y219,619,N-linked,uniprotkb
P98153,149,N-linked,uniprotkb
Q9Y2E5,812,N-linked,uniprotkb
Q86UK0,1835,N-linked,uniprotkb
O60469,1142,N-linked,uniprotkb
Q9Y3Q7,156,N-linked,uniprotkb
P58417,156,N-linked,uniprotkb
Q8WW62,156,N-linked,uniprotkb
Q14118,649,N-linked,uniprotkb
Q9C0B6,185,N-linked,uniprotkb
Q9Y5S1,570,N-linked,uniprotkb
Q6UXD5,517,N-linked,uniprotkb
Q2MV58,36,N-linked,uniprotkb
Q13304,42,N-linked,uniprotkb
Q7Z2Q7,400,N-linked,uniprotkb
Q92637,163,N-linked,uniprotkb
Q99102,2063,O-linked,uniprotkb
Q15165,323,N-linked,uniprotkb
P98164,2987,N-linked,uniprotkb
P98088,4942,N-linked,uniprotkb
P13611,2628,N-linked,uniprotkb
Q9NYQ8,3840,N-linked,uniprotkb
O43451,2743,N-linked,uniprotkb
Q99102,2399,O-linked,uniprotkb
Q9NYQ7,2506,N-linked,uniprotkb
Q99102,4190,O-linked,uniprotkb
Q8TDW7,3619,N-linked,uniprotkb
Q99102,3462,O-linked,uniprotkb
P08F94,3140,N-linked,uniprotkb
Q9NYQ8,3813,N-linked,uniprotkb
Q96PZ7,3339,N-linked,uniprotkb
Q99102,2910,O-linked,uniprotkb
Q7Z408,2878,N-linked,uniprotkb
A2VEC9,4958,N-linked,uniprotkb
Q9HC84,5663,N-linked,uniprotkb
Q8WXI7,14195,N-linked,uniprotkb
Q8WXI7,14100,N-linked,uniprotkb
Q8WXI7,10749,N-linked,uniprotkb
Q8WXI7,9202,N-linked,uniprotkb
Q9ULI3,1137,N-linked,uniprotkb
Q99102,3471,O-linked,uniprotkb
Q96PZ7,3260,N-linked,uniprotkb
P12259,2209,N-linked,uniprotkb
Q8TDX9,1233,N-linked,uniprotkb
Q99102,2468,O-linked,uniprotkb
Q99102,3790,O-linked,uniprotkb
Q7Z407,2019,N-linked,uniprotkb
Q96RW7,3300,N-linked,uniprotkb
Q9UPZ6,1225,N-linked,uniprotkb
Q9NT68,1712,N-linked,uniprotkb
O75445,2656,N-linked,uniprotkb
P00451,1829,N-linked,uniprotkb
P35555,2077,N-linked,uniprotkb
Q99102,1284,O-linked,uniprotkb
Q7Z407,3218,N-linked,uniprotkb
P13611,2360,N-linked,uniprotkb
Q99102,3942,O-linked,uniprotkb
Q9NYQ6,2523,N-linked,uniprotkb
Q99102,1444,O-linked,uniprotkb
P24043,2868,N-linked,uniprotkb
P16112,1587,O-linked,uniprotkb
Q9H6A9,1770,N-linked,uniprotkb
Q9NYQ7,1770,N-linked,uniprotkb
Q7Z407,1781,N-linked,uniprotkb
P08F94,3488,N-linked,uniprotkb
Q96RW7,3812,N-linked,uniprotkb
Q99102,3023,O-linked,uniprotkb
Q99102,1828,O-linked,uniprotkb
Q99102,3451,O-linked,uniprotkb
Q6UXG8,139,N-linked,uniprotkb
Q9Y3Q0,449,N-linked,uniprotkb
Q9H252,449,N-linked,uniprotkb
Q14643,2512,N-linked,uniprotkb
Q6UWR7,404,N-linked,uniprotkb
P98160,4068,N-linked,uniprotkb
Q92954,572,O-linked,uniprotkb
Q96PD4,83,N-linked,uniprotkb
O60602,342,N-linked,uniprotkb
Q9HC84,254,N-linked,uniprotkb
Q7Z4H8,306,N-linked,uniprotkb
O00206,282,N-linked,uniprotkb
P56199,974,N-linked,uniprotkb
P08236,272,N-linked,uniprotkb
P27918,272,O-linked,uniprotkb
P10721,320,N-linked,uniprotkb
Q15858,283,N-linked,uniprotkb
P00533,73,N-linked,uniprotkb
A0A0C4DH30,73,N-linked,uniprotkb
Q9HBX9,127,N-linked,uniprotkb
P47871,46,N-linked,uniprotkb
P32942,110,N-linked,uniprotkb
Q9HB03,110,N-linked,uniprotkb
P05067,651,O-linked,uniprotkb
P13671,568,C-linked,uniprotkb
P01730,325,N-linked,uniprotkb
P22304,325,N-linked,uniprotkb
P07306,147,N-linked,uniprotkb
P21754,147,N-linked,uniprotkb
O95998,147,N-linked,uniprotkb
P32942,87,N-linked,uniprotkb
Q14332,53,N-linked,uniprotkb
P80370,165,N-linked,uniprotkb
P08134,37,O-linked,uniprotkb
P01880,113,O-linked,uniprotkb
P40225,58,O-linked,uniprotkb
Q92542,435,N-linked,uniprotkb
O14773,210,N-linked,uniprotkb
Q9P1W8,243,N-linked,uniprotkb
Q9BYH1,49,O-linked,uniprotkb
Q9UK55,295,N-linked,uniprotkb
P11279,103,N-linked,uniprotkb
Q495W5,443,N-linked,uniprotkb
P11047,1395,N-linked,uniprotkb
Q6P1J6,1275,N-linked,uniprotkb
P07306,79,N-linked,uniprotkb
P06756,488,N-linked,uniprotkb
O15118,452,N-linked,uniprotkb
P18850,643,N-linked,uniprotkb
Q08380,69,N-linked,uniprotkb
P07359,469,O-linked,uniprotkb
Q13255,223,N-linked,uniprotkb
Q8NHP8,88,N-linked,uniprotkb
P02766,118,N-linked,uniprotkb
P21583,118,N-linked,uniprotkb
P11117,133,N-linked,uniprotkb
P07911,513,N-linked,uniprotkb
P22891,99,N-linked,uniprotkb
P51164,99,N-linked,uniprotkb
P07602,426,N-linked,uniprotkb
O60883,86,O-linked,uniprotkb
P55290,86,N-linked,uniprotkb
P28039,59,N-linked,uniprotkb
O43155,202,N-linked,uniprotkb
Q9UJ37,85,N-linked,uniprotkb
P06276,284,N-linked,uniprotkb
Q68D85,57,N-linked,uniprotkb
P06729,89,N-linked,uniprotkb
O75144,70,N-linked,uniprotkb
P01589,70,N-linked,uniprotkb
P06731,375,N-linked,uniprotkb
Q96PD5,485,N-linked,uniprotkb
Q13308,646,N-linked,uniprotkb
A0A075B767,71,N-linked,uniprotkb
Q9Y3Q0,111,N-linked,uniprotkb
Q9ULI3,520,N-linked,uniprotkb
P40225,206,N-linked,uniprotkb
P49747,742,N-linked,uniprotkb
P80108,94,N-linked,uniprotkb
Q92542,387,N-linked,uniprotkb
Q08629,228,O-linked,uniprotkb
Q9UMF0,195,N-linked,uniprotkb
P22304,537,N-linked,uniprotkb
P28039,409,N-linked,uniprotkb
P16112,371,O-linked,uniprotkb
P07359,371,O-linked,uniprotkb
P35555,1628,O-linked,uniprotkb
P05156,464,N-linked,uniprotkb
P23510,152,N-linked,uniprotkb
P04629,188,N-linked,uniprotkb
Q8IUX7,528,N-linked,uniprotkb
P00533,528,N-linked,uniprotkb
Q9H4A9,235,N-linked,uniprotkb
Q9BXB1,68,N-linked,uniprotkb
Q5VWK5,81,N-linked,uniprotkb
P10253,140,N-linked,uniprotkb
Q9GZM5,346,O-linked,uniprotkb
Q13508,346,O-linked,uniprotkb
Q6ISU1,67,N-linked,uniprotkb
P02649,26,O-linked,uniprotkb
P15382,26,N-linked,uniprotkb
Q92954,423,O-linked,uniprotkb
P42892,316,N-linked,uniprotkb
Q16620,121,N-linked,uniprotkb
P13611,2254,O-linked,uniprotkb
Q16820,592,N-linked,uniprotkb
Q9HBL0,1271,O-linked,uniprotkb
P61009,141,N-linked,uniprotkb
Q8NBK3,141,N-linked,uniprotkb
P06729,141,N-linked,uniprotkb
O60486,871,N-linked,uniprotkb
P13688,363,N-linked,uniprotkb
P12110,954,N-linked,uniprotkb
P16581,203,N-linked,uniprotkb
P28827,131,N-linked,uniprotkb
P46531,692,O-linked,uniprotkb
P78509,1920,N-linked,uniprotkb
P33527,19,N-linked,uniprotkb
Q8N4F0,293,N-linked,uniprotkb
Q13201,114,N-linked,uniprotkb
P37287,467,N-linked,uniprotkb
Q8TEM1,926,N-linked,uniprotkb
P17936,136,N-linked,uniprotkb
Q8NBJ5,96,N-linked,uniprotkb
Q8IVB4,96,N-linked,uniprotkb
P06756,835,N-linked,uniprotkb
O75899,389,N-linked,uniprotkb
Q14624,274,N-linked,uniprotkb
Q96FE5,274,N-linked,uniprotkb
P02724,45,N-linked,uniprotkb
Q92954,525,O-linked,uniprotkb
Q5T6X5,378,N-linked,uniprotkb
Q8NBN3,160,N-linked,uniprotkb
P00709,90,N-linked,uniprotkb
P00738,207,N-linked,uniprotkb
P36888,43,N-linked,uniprotkb
Q76LX8,667,N-linked,uniprotkb
P32942,84,N-linked,uniprotkb
P11279,84,N-linked,uniprotkb
P35556,298,O-linked,uniprotkb
Q02487,392,N-linked,uniprotkb
P16860,41,O-linked,uniprotkb
O60602,595,N-linked,uniprotkb
Q9NX62,259,N-linked,uniprotkb
P08842,259,N-linked,uniprotkb
P04921,27,O-linked,uniprotkb
Q9NV96,294,N-linked,uniprotkb
Q9P2B2,44,N-linked,uniprotkb
Q92581,128,N-linked,uniprotkb
Q9NR97,511,N-linked,uniprotkb
Q14956,275,N-linked,uniprotkb
P10646,145,N-linked,uniprotkb
O60486,241,N-linked,uniprotkb
P17643,350,N-linked,uniprotkb
P46531,496,O-linked,uniprotkb
P07911,38,N-linked,uniprotkb
P06276,483,N-linked,uniprotkb
Q02985,205,N-linked,uniprotkb
Q92954,532,O-linked,uniprotkb
P13671,29,C-linked,uniprotkb
P21757,221,N-linked,uniprotkb
P22310,142,N-linked,uniprotkb
P03986,142,N-linked,uniprotkb
P08174,95,N-linked,uniprotkb
P07307,170,N-linked,uniprotkb
Q12884,679,N-linked,uniprotkb
P42658,319,N-linked,uniprotkb
Q9P232,931,N-linked,uniprotkb
O43915,185,N-linked,uniprotkb
Q14624,517,N-linked,uniprotkb
Q9Y6R7,1743,N-linked,uniprotkb
Q4G148,237,N-linked,uniprotkb
P48357,659,N-linked,uniprotkb
P98088,4234,O-linked,uniprotkb
Q99102,4902,N-linked,uniprotkb
Q9HC84,5046,N-linked,uniprotkb
Q99102,4831,N-linked,uniprotkb
Q99102,5052,N-linked,uniprotkb
Q92673,2010,N-linked,uniprotkb
Q9HC84,5111,N-linked,uniprotkb
Q99102,5185,N-linked,uniprotkb
Q07954,3788,N-linked,uniprotkb
Q92508,2294,N-linked,uniprotkb
Q07954,4125,N-linked,uniprotkb
Q92673,2076,N-linked,uniprotkb
P04233,282,O-linked,uniprotkb
Q8NDA2,674,N-linked,uniprotkb
P20273,634,N-linked,uniprotkb
Q05586,239,N-linked,uniprotkb
Q96BZ4,171,N-linked,uniprotkb
Q9UMR5,190,N-linked,uniprotkb
Q9UQD0,289,N-linked,uniprotkb
Q96BZ4,150,N-linked,uniprotkb
Q9UP95,361,N-linked,uniprotkb
P26012,431,N-linked,uniprotkb
P12821,111,N-linked,uniprotkb
P14625,62,N-linked,uniprotkb
Q9BYF1,578,N-linked,uniprotkb
Q5T601,354,N-linked,uniprotkb
Q16853,43,O-linked,uniprotkb
P0C0L4,226,N-linked,uniprotkb
P05451,27,O-linked,uniprotkb
P39060,889,O-linked,uniprotkb
O95196,38,O-linked,uniprotkb
P16112,1703,O-linked,uniprotkb
Q9H251,1001,N-linked,uniprotkb
Q8IU80,184,N-linked,uniprotkb
P21757,184,N-linked,uniprotkb
P22455,311,N-linked,uniprotkb
Q07444,179,N-linked,uniprotkb
Q5H8C1,622,N-linked,uniprotkb
Q8WYK1,622,N-linked,uniprotkb
P36269,535,N-linked,uniprotkb
A6NKB5,449,N-linked,uniprotkb
Q99102,4038,O-linked,uniprotkb
Q86WD7,390,N-linked,uniprotkb
A2VEC9,945,N-linked,uniprotkb
Q3MIR4,286,N-linked,uniprotkb
Q8NFZ8,286,N-linked,uniprotkb
P29320,493,N-linked,uniprotkb
P0DUB6,476,N-linked,uniprotkb
Q99102,3483,O-linked,uniprotkb
Q99102,1110,O-linked,uniprotkb
P28906,55,N-linked,uniprotkb
Q96DR8,55,O-linked,uniprotkb
Q6ZRP7,178,N-linked,uniprotkb
Q9Y5I4,586,N-linked,uniprotkb
O00462,77,N-linked,uniprotkb
Q9NYQ6,1640,N-linked,uniprotkb
A2VEC9,987,N-linked,uniprotkb
Q6PI73,139,N-linked,uniprotkb
Q8NBL3,158,N-linked,uniprotkb
Q9NPE2,158,N-linked,uniprotkb
O95971,137,N-linked,uniprotkb
Q96E93,137,N-linked,uniprotkb
P30550,20,N-linked,uniprotkb
O15440,494,N-linked,uniprotkb
P42892,632,N-linked,uniprotkb
Q01638,254,N-linked,uniprotkb
P15529,306,O-linked,uniprotkb
Q9NY37,306,N-linked,uniprotkb
Q96JQ0,1996,N-linked,uniprotkb
Q9H244,13,N-linked,uniprotkb
O43157,543,N-linked,uniprotkb
Q8TD84,710,N-linked,uniprotkb
Q16099,272,N-linked,uniprotkb
Q17RW2,321,N-linked,uniprotkb
Q9NR99,321,N-linked,uniprotkb
Q695T7,368,N-linked,uniprotkb
Q9H1U4,481,N-linked,uniprotkb
P51888,320,N-linked,uniprotkb
Q6NUI6,626,N-linked,uniprotkb
Q6UXB4,73,N-linked,uniprotkb
O76061,73,N-linked,uniprotkb
A0A0C4DH35,73,N-linked,uniprotkb
A1A5C7,24,N-linked,uniprotkb
P32004,777,N-linked,uniprotkb
B0FP48,91,N-linked,uniprotkb
Q9BYH1,674,N-linked,uniprotkb
Q9UMS5,674,N-linked,uniprotkb
Q8N743,273,N-linked,uniprotkb
Q6DN72,273,N-linked,uniprotkb
P56706,127,N-linked,uniprotkb
Q9NS98,127,N-linked,uniprotkb
Q9UM73,709,N-linked,uniprotkb
Q8TC27,39,N-linked,uniprotkb
Q86XM0,630,N-linked,uniprotkb
P30939,10,N-linked,uniprotkb
Q8NGL3,169,N-linked,uniprotkb
Q8IZF3,169,N-linked,uniprotkb
O43897,169,N-linked,uniprotkb
Q96DR8,46,O-linked,uniprotkb
Q8N0Z9,108,N-linked,uniprotkb
P17693,110,N-linked,uniprotkb
P16144,491,N-linked,uniprotkb
Q53H76,365,N-linked,uniprotkb
Q9BZA7,344,N-linked,uniprotkb
P51690,344,N-linked,uniprotkb
Q8IZP9,117,N-linked,uniprotkb
Q9NY37,147,N-linked,uniprotkb
P24394,53,N-linked,uniprotkb
Q9UJQ1,53,N-linked,uniprotkb
Q08554,165,N-linked,uniprotkb
Q9UK23,214,N-linked,uniprotkb
P08571,37,N-linked,uniprotkb
Q04912,458,N-linked,uniprotkb
P17927,1605,N-linked,uniprotkb
P48664,239,N-linked,uniprotkb
O95838,113,N-linked,uniprotkb
Q86VE9,113,N-linked,uniprotkb
O15496,113,N-linked,uniprotkb
P08922,1095,N-linked,uniprotkb
Q86SJ2,58,N-linked,uniprotkb
Q8N807,58,N-linked,uniprotkb
Q9BZQ6,900,N-linked,uniprotkb
P08069,900,N-linked,uniprotkb
Q9NQ90,422,N-linked,uniprotkb
Q96CW9,422,N-linked,uniprotkb
Q09328,334,N-linked,uniprotkb
Q9P2N4,1806,N-linked,uniprotkb
Q7Z3B1,307,N-linked,uniprotkb
Q9Y2A9,362,N-linked,uniprotkb
Q16322,256,N-linked,uniprotkb
Q96JQ0,256,N-linked,uniprotkb
Q15846,257,N-linked,uniprotkb
Q9Y5H8,257,N-linked,uniprotkb
O43699,103,N-linked,uniprotkb
Q13591,437,N-linked,uniprotkb
Q8NGL4,7,N-linked,uniprotkb
Q9NS64,7,N-linked,uniprotkb
Q9Y257,79,N-linked,uniprotkb
P35916,758,N-linked,uniprotkb
Q9BWQ8,191,N-linked,uniprotkb
Q9NZW4,191,N-linked,uniprotkb
Q9Y2I2,433,N-linked,uniprotkb
Q13093,433,N-linked,uniprotkb
Q9UKZ4,433,N-linked,uniprotkb
Q86SQ4,488,N-linked,uniprotkb
Q8N5G2,452,N-linked,uniprotkb
P23469,23,N-linked,uniprotkb
P29371,23,N-linked,uniprotkb
Q96PZ7,1184,N-linked,uniprotkb
Q6UVK1,2016,N-linked,uniprotkb
A2VEC9,912,N-linked,uniprotkb
Q9Y337,69,N-linked,uniprotkb
Q9NP59,434,N-linked,uniprotkb
Q9Y2C9,434,N-linked,uniprotkb
Q92752,874,N-linked,uniprotkb
Q6PI73,340,N-linked,uniprotkb
Q7Z408,680,N-linked,uniprotkb
Q9H1U4,182,N-linked,uniprotkb
Q68D85,216,N-linked,uniprotkb
O76036,216,N-linked,uniprotkb
Q8NGV0,264,N-linked,uniprotkb
Q9Y5H7,264,N-linked,uniprotkb
P17927,56,N-linked,uniprotkb
Q8WVN6,56,N-linked,uniprotkb
Q15629,56,N-linked,uniprotkb
Q00888,303,N-linked,uniprotkb
Q9UHC9,497,N-linked,uniprotkb
Q8WTR4,448,N-linked,uniprotkb
Q15846,196,N-linked,uniprotkb
O43506,438,N-linked,uniprotkb
P30203,118,N-linked,uniprotkb
A6NC51,30,N-linked,uniprotkb
O75578,1039,N-linked,uniprotkb
Q8TCU5,886,N-linked,uniprotkb
Q13822,54,N-linked,uniprotkb
Q96RQ9,54,N-linked,uniprotkb
Q6PCB8,54,N-linked,uniprotkb
Q6UXG3,171,O-linked,uniprotkb
Q9HCU4,1827,N-linked,uniprotkb
Q7Z2D5,513,N-linked,uniprotkb
Q08708,99,N-linked,uniprotkb
O14905,99,N-linked,uniprotkb
Q9Y5E9,418,N-linked,uniprotkb
P08648,530,N-linked,uniprotkb
P50895,377,N-linked,uniprotkb
Q5VXM1,377,N-linked,uniprotkb
P17301,1081,N-linked,uniprotkb
Q9UHC6,436,N-linked,uniprotkb
Q6UXG3,202,O-linked,uniprotkb
O75830,202,N-linked,uniprotkb
Q9UBS9,202,N-linked,uniprotkb
Q9UMZ3,202,N-linked,uniprotkb
Q9HD43,468,N-linked,uniprotkb
P24821,1210,N-linked,uniprotkb
P78357,860,N-linked,uniprotkb
P23229,78,N-linked,uniprotkb
P06331,78,N-linked,uniprotkb
P14616,492,N-linked,uniprotkb
Q13651,177,N-linked,uniprotkb
Q9P0L9,177,N-linked,uniprotkb
Q8IZF4,394,N-linked,uniprotkb
O75751,322,N-linked,uniprotkb
Q5DID0,322,N-linked,uniprotkb
Q93033,322,N-linked,uniprotkb
P0DTE0,176,N-linked,uniprotkb
Q8NGC4,85,N-linked,uniprotkb
P0C7L1,85,N-linked,uniprotkb
P23467,198,N-linked,uniprotkb
Q9NY28,107,N-linked,uniprotkb
Q86T26,107,N-linked,uniprotkb
P51511,150,N-linked,uniprotkb
Q4KMQ2,361,N-linked,uniprotkb
Q9ULB4,455,N-linked,uniprotkb
P43681,57,N-linked,uniprotkb
Q9Y4D7,736,N-linked,uniprotkb
Q9ULK6,186,N-linked,uniprotkb
Q8N0V4,186,N-linked,uniprotkb
Q9Y6U7,186,N-linked,uniprotkb
Q9Y5E9,359,N-linked,uniprotkb
P18505,105,N-linked,uniprotkb
P00451,1204,N-linked,uniprotkb
P59533,89,N-linked,uniprotkb
Q9H3S3,375,N-linked,uniprotkb
Q8NFW1,375,N-linked,uniprotkb
Q2M385,375,N-linked,uniprotkb
Q16288,232,N-linked,uniprotkb
P22894,204,N-linked,uniprotkb
Q16827,227,N-linked,uniprotkb
Q6T423,102,N-linked,uniprotkb
Q9NQQ7,102,N-linked,uniprotkb
Q8NFZ3,102,N-linked,uniprotkb
Q5FYB1,276,N-linked,uniprotkb
Q01118,276,N-linked,uniprotkb
P28908,276,N-linked,uniprotkb
O15245,71,N-linked,uniprotkb
Q9HAW9,71,N-linked,uniprotkb
O43184,111,N-linked,uniprotkb
Q9NTN9,111,N-linked,uniprotkb
Q16557,111,N-linked,uniprotkb
Q8NGC5,3,N-linked,uniprotkb
O00421,3,N-linked,uniprotkb
P48145,3,N-linked,uniprotkb
A6NF89,3,N-linked,uniprotkb
Q9UGF7,3,N-linked,uniprotkb
Q9NYQ6,546,N-linked,uniprotkb
Q7Z408,34,N-linked,uniprotkb
Q9BXX0,587,N-linked,uniprotkb
A6NKB5,587,N-linked,uniprotkb
Q9H251,206,N-linked,uniprotkb
Q9Y6I8,206,N-linked,uniprotkb
Q9BYE9,355,N-linked,uniprotkb
Q6UXD5,355,N-linked,uniprotkb
Q16363,638,N-linked,uniprotkb
Q9H251,694,N-linked,uniprotkb
Q8WWZ8,116,N-linked,uniprotkb
P04275,1574,N-linked,uniprotkb
Q96JQ0,584,N-linked,uniprotkb
Q86YC3,309,N-linked,uniprotkb
Q9UMZ3,94,N-linked,uniprotkb
Q68CP4,94,N-linked,uniprotkb
P26951,64,N-linked,uniprotkb
P16112,387,N-linked,uniprotkb
Q9BV94,112,N-linked,uniprotkb
P22894,112,N-linked,uniprotkb
Q8WU66,569,N-linked,uniprotkb
Q9H6D8,97,N-linked,uniprotkb
Q6V0I7,4017,N-linked,uniprotkb
P82987,797,N-linked,uniprotkb
A6NE02,195,N-linked,uniprotkb
Q9UPC5,200,N-linked,uniprotkb
Q96NI6,382,N-linked,uniprotkb
Q9H3W5,382,N-linked,uniprotkb
Q8TAX7,135,N-linked,uniprotkb
Q86YC3,427,N-linked,uniprotkb
O60500,577,N-linked,uniprotkb
Q8WTR4,336,N-linked,uniprotkb
Q01668,225,N-linked,uniprotkb
P29279,225,N-linked,uniprotkb
Q00887,199,N-linked,uniprotkb
Q9N2K0,199,N-linked,uniprotkb
O75074,199,N-linked,uniprotkb
P12109,537,N-linked,uniprotkb
O94813,794,N-linked,uniprotkb
E5RIL1,76,N-linked,uniprotkb
Q96SJ8,129,N-linked,uniprotkb
Q13316,25,N-linked,uniprotkb
Q7Z408,25,N-linked,uniprotkb
Q9H3W5,608,N-linked,uniprotkb
A8K2U0,409,N-linked,uniprotkb
Q16819,539,N-linked,uniprotkb
Q8NGZ6,5,N-linked,uniprotkb
Q8NHA8,5,N-linked,uniprotkb
Q96RC9,5,N-linked,uniprotkb
Q8NH18,5,N-linked,uniprotkb
Q8NH60,5,N-linked,uniprotkb
Q8NHC4,5,N-linked,uniprotkb
P58170,5,N-linked,uniprotkb
Q8NGG8,5,N-linked,uniprotkb
Q9UGF6,5,N-linked,uniprotkb
Q8NH51,5,N-linked,uniprotkb
P21730,5,N-linked,uniprotkb
A6NET4,5,N-linked,uniprotkb
Q8NGD3,5,N-linked,uniprotkb
Q8NGP8,5,N-linked,uniprotkb
Q8NGR4,5,N-linked,uniprotkb
Q8NGZ4,5,N-linked,uniprotkb
Q9P1W8,268,N-linked,uniprotkb
Q9UKQ2,268,N-linked,uniprotkb
P19634,61,O-linked,uniprotkb
Q8NCS7,314,N-linked,uniprotkb
P48023,260,N-linked,uniprotkb
P82279,550,N-linked,uniprotkb
O75882,242,N-linked,uniprotkb
Q99542,464,N-linked,uniprotkb
Q6PEW0,123,N-linked,uniprotkb
Q14330,14,N-linked,uniprotkb
Q9UIW2,1212,N-linked,uniprotkb
P24592,152,O-linked,uniprotkb
P30926,93,N-linked,uniprotkb
Q96A83,132,N-linked,uniprotkb
Q9UGH3,188,N-linked,uniprotkb
Q7L985,188,N-linked,uniprotkb
Q9NYP8,188,N-linked,uniprotkb
Q86T13,189,N-linked,uniprotkb
Q86UK0,528,N-linked,uniprotkb
Q5T601,528,N-linked,uniprotkb
Q6V1P9,1487,N-linked,uniprotkb
Q76B58,641,N-linked,uniprotkb
Q8TBG9,33,N-linked,uniprotkb
O00592,33,N-linked,uniprotkb
P42081,33,N-linked,uniprotkb
O15123,151,N-linked,uniprotkb
Q9BX97,151,N-linked,uniprotkb
Q9ULY5,62,N-linked,uniprotkb
P09848,821,N-linked,uniprotkb
Q96PQ1,360,N-linked,uniprotkb
Q9NZR2,360,N-linked,uniprotkb
Q86WK6,360,N-linked,uniprotkb
Q9Y5H0,545,N-linked,uniprotkb
Q96RW7,349,N-linked,uniprotkb
Q9NS15,349,N-linked,uniprotkb
O75387,212,N-linked,uniprotkb
Q16563,212,N-linked,uniprotkb
Q15375,410,N-linked,uniprotkb
P04275,666,N-linked,uniprotkb
Q9H1A3,35,N-linked,uniprotkb
Q8NBT3,35,N-linked,uniprotkb
Q01638,101,N-linked,uniprotkb
Q96KA5,101,N-linked,uniprotkb
P39086,68,N-linked,uniprotkb
P08575,380,N-linked,uniprotkb
O43286,81,N-linked,uniprotkb
Q7Z7M9,578,N-linked,uniprotkb
Q96EP9,181,N-linked,uniprotkb
Q15303,181,N-linked,uniprotkb
O60494,1551,N-linked,uniprotkb
Q8IZS7,140,N-linked,uniprotkb
Q9P2W7,140,N-linked,uniprotkb
Q9Y2C2,140,N-linked,uniprotkb
P21860,126,N-linked,uniprotkb
Q86VF5,126,N-linked,uniprotkb
Q13007,126,N-linked,uniprotkb
Q99650,326,N-linked,uniprotkb
P04629,67,N-linked,uniprotkb
Q8TD84,556,N-linked,uniprotkb
P56730,26,N-linked,uniprotkb
Q9P232,193,N-linked,uniprotkb
P14415,193,N-linked,uniprotkb
P42701,456,N-linked,uniprotkb
Q9UMF0,316,N-linked,uniprotkb
Q9NYU2,1228,N-linked,uniprotkb
Q2M3G0,789,N-linked,uniprotkb
Q6N022,1609,N-linked,uniprotkb
Q86UP0,446,N-linked,uniprotkb
Q01718,12,N-linked,uniprotkb
P47211,12,N-linked,uniprotkb
O15303,479,N-linked,uniprotkb
Q16832,121,N-linked,uniprotkb
Q99435,635,N-linked,uniprotkb
Q9BXA5,8,N-linked,uniprotkb
Q8NGG5,8,N-linked,uniprotkb
P30559,8,N-linked,uniprotkb
O00533,580,N-linked,uniprotkb
Q8TER0,712,N-linked,uniprotkb
Q53GD3,405,N-linked,uniprotkb
Q9NY37,405,N-linked,uniprotkb
Q99102,798,O-linked,uniprotkb
Q92673,871,N-linked,uniprotkb
O75882,1054,N-linked,uniprotkb
Q9Y2E5,808,N-linked,uniprotkb
Q8NCR0,174,N-linked,uniprotkb
Q9Y2C3,174,N-linked,uniprotkb
Q9Y6Q6,174,N-linked,uniprotkb
Q12860,338,N-linked,uniprotkb
P28223,51,N-linked,uniprotkb
Q96PZ7,2187,N-linked,uniprotkb
Q6T4P5,318,N-linked,uniprotkb
Q01974,318,N-linked,uniprotkb
O14511,52,N-linked,uniprotkb
P21926,52,N-linked,uniprotkb
P54851,52,N-linked,uniprotkb
Q9UBX7,131,N-linked,uniprotkb
P18627,343,N-linked,uniprotkb
Q9NRM1,534,N-linked,uniprotkb
Q9Y3Q7,122,N-linked,uniprotkb
Q9H1B5,122,N-linked,uniprotkb
O14594,122,N-linked,uniprotkb
P12724,119,N-linked,uniprotkb
Q8WZ79,119,N-linked,uniprotkb
Q96P65,19,N-linked,uniprotkb
Q8NFZ8,31,N-linked,uniprotkb
Q96KG7,134,N-linked,uniprotkb
Q5H8C1,560,N-linked,uniprotkb
O14843,166,N-linked,uniprotkb
Q04912,66,N-linked,uniprotkb
Q9NYK1,66,N-linked,uniprotkb
P09093,114,N-linked,uniprotkb
Q3T906,114,N-linked,uniprotkb
Q11201,114,N-linked,uniprotkb
Q8NBJ4,144,N-linked,uniprotkb
A4D0V7,737,N-linked,uniprotkb
P39060,926,N-linked,uniprotkb
Q9NP60,136,N-linked,uniprotkb
P29322,407,N-linked,uniprotkb
O15244,72,N-linked,uniprotkb
Q99624,247,N-linked,uniprotkb
Q9NR97,247,N-linked,uniprotkb
P08908,11,N-linked,uniprotkb
P82279,968,N-linked,uniprotkb
P23284,148,N-linked,uniprotkb
P01133,148,N-linked,uniprotkb
P19397,148,N-linked,uniprotkb
Q96B86,389,N-linked,uniprotkb
P23515,389,N-linked,uniprotkb
Q86TD4,389,N-linked,uniprotkb
Q8N3Y3,80,N-linked,uniprotkb
Q8NFM7,80,N-linked,uniprotkb
Q11203,80,N-linked,uniprotkb
P08575,80,N-linked,uniprotkb
Q92752,1046,N-linked,uniprotkb
Q9NZC3,168,N-linked,uniprotkb
O75443,1235,N-linked,uniprotkb
Q8WUT4,379,N-linked,uniprotkb
Q9HCL0,559,N-linked,uniprotkb
P24046,274,N-linked,uniprotkb
Q1HG43,109,N-linked,uniprotkb
Q96LB8,109,N-linked,uniprotkb
Q1HG44,109,N-linked,uniprotkb
P59773,109,N-linked,uniprotkb
P07333,45,N-linked,uniprotkb
Q9UBN1,45,N-linked,uniprotkb
O43497,173,N-linked,uniprotkb
P29120,173,N-linked,uniprotkb
Q4G148,173,N-linked,uniprotkb
Q9HAT2,138,N-linked,uniprotkb
Q96IQ7,138,N-linked,uniprotkb
P59901,138,N-linked,uniprotkb
Q07011,138,N-linked,uniprotkb
P11215,993,N-linked,uniprotkb
Q4VNC0,669,N-linked,uniprotkb
P53420,669,N-linked,uniprotkb
P41594,378,N-linked,uniprotkb
P25942,180,N-linked,uniprotkb
P30954,9,N-linked,uniprotkb
Q92781,160,N-linked,uniprotkb
P32418,160,N-linked,uniprotkb
O96014,160,N-linked,uniprotkb
Q7RTU9,366,N-linked,uniprotkb
Q8TE57,310,N-linked,uniprotkb
O43497,310,N-linked,uniprotkb
O75325,381,N-linked,uniprotkb
Q14DG7,381,N-linked,uniprotkb
Q86TH1,524,N-linked,uniprotkb
P98088,524,N-linked,uniprotkb
O75487,514,N-linked,uniprotkb
Q16827,461,N-linked,uniprotkb
P51693,461,N-linked,uniprotkb
Q9NRD9,461,N-linked,uniprotkb
Q9H2E6,461,N-linked,uniprotkb
Q9UL62,461,N-linked,uniprotkb
A0A597,90,N-linked,uniprotkb
O94911,616,N-linked,uniprotkb
Q14833,301,N-linked,uniprotkb
Q9Y2G1,1065,N-linked,uniprotkb
O14525,115,N-linked,uniprotkb
P17927,1152,N-linked,uniprotkb
Q8N1N0,207,N-linked,uniprotkb
P30411,207,N-linked,uniprotkb
Q9HCU0,631,O-linked,uniprotkb
P27037,43,N-linked,uniprotkb
P01737,43,N-linked,uniprotkb
Q8IW45,297,N-linked,uniprotkb
O00469,297,N-linked,uniprotkb
Q7RTU9,297,N-linked,uniprotkb
Q9H7T0,226,N-linked,uniprotkb
Q92629,60,N-linked,uniprotkb
P08138,60,N-linked,uniprotkb
Q9Y5G1,419,N-linked,uniprotkb
Q12864,419,N-linked,uniprotkb
P48058,414,N-linked,uniprotkb
P43632,84,N-linked,uniprotkb
Q96PE1,84,N-linked,uniprotkb
A0A075B6U4,84,N-linked,uniprotkb
Q13214,82,N-linked,uniprotkb
Q5VV43,551,N-linked,uniprotkb
O43155,298,N-linked,uniprotkb
Q5JPE7,618,N-linked,uniprotkb
Q7LGC8,420,N-linked,uniprotkb
Q8WWQ2,392,N-linked,uniprotkb
Q9HB29,41,N-linked,uniprotkb
Q9BXF9,41,N-linked,uniprotkb
Q12913,104,N-linked,uniprotkb
Q13046,104,N-linked,uniprotkb
Q9Y226,104,N-linked,uniprotkb
P24071,65,N-linked,uniprotkb
P50454,125,N-linked,uniprotkb
Q9NQE7,172,N-linked,uniprotkb
Q8NBJ9,27,N-linked,uniprotkb
Q9GZQ4,27,N-linked,uniprotkb
P23470,722,N-linked,uniprotkb
Q99102,1023,O-linked,uniprotkb
P14210,294,N-linked,uniprotkb
P14410,1403,N-linked,uniprotkb
Q99102,1403,O-linked,uniprotkb
Q8N131,50,N-linked,uniprotkb
P54793,50,N-linked,uniprotkb
Q02643,50,N-linked,uniprotkb
P78333,527,N-linked,uniprotkb
P49746,644,N-linked,uniprotkb
Q9NY25,32,N-linked,uniprotkb
Q6ZSJ9,32,N-linked,uniprotkb
Q495A1,32,N-linked,uniprotkb
Q9H756,32,N-linked,uniprotkb
P07333,275,N-linked,uniprotkb
Q92673,1164,N-linked,uniprotkb
Q6UXM1,688,N-linked,uniprotkb
P08F94,977,N-linked,uniprotkb
Q902F9,554,N-linked,uniprotkb
Q04671,781,N-linked,uniprotkb
A6NHA9,6,N-linked,uniprotkb
P0C604,6,N-linked,uniprotkb
Q96R67,6,N-linked,uniprotkb
Q8NH37,6,N-linked,uniprotkb
Q8NI17,395,N-linked,uniprotkb
Q09327,241,N-linked,uniprotkb
P48764,241,N-linked,uniprotkb
Q9UPX0,258,N-linked,uniprotkb
O14756,161,N-linked,uniprotkb
Q9BVH7,161,N-linked,uniprotkb
Q99102,4214,O-linked,uniprotkb
P09958,553,N-linked,uniprotkb
Q5FYB1,496,N-linked,uniprotkb
Q3KNW5,4,N-linked,uniprotkb
Q96RI8,4,N-linked,uniprotkb
Q9NP80,4,N-linked,uniprotkb
Q8NGE0,4,N-linked,uniprotkb
P25021,4,N-linked,uniprotkb
Q8NBI2,38,N-linked,uniprotkb
Q9UJW2,38,N-linked,uniprotkb
Q86VY9,100,N-linked,uniprotkb
O75077,100,N-linked,uniprotkb
Q9H7T0,100,N-linked,uniprotkb
A6NE02,100,N-linked,uniprotkb
O43405,100,N-linked,uniprotkb
Q86SQ6,75,N-linked,uniprotkb
Q9UBX8,75,N-linked,uniprotkb
Q86SQ3,106,N-linked,uniprotkb
O60383,106,N-linked,uniprotkb
P47872,106,N-linked,uniprotkb
Q13219,825,N-linked,uniprotkb
Q13316,324,N-linked,uniprotkb
Q8IZU9,324,N-linked,uniprotkb
Q9UPR5,817,N-linked,uniprotkb
P08922,1499,N-linked,uniprotkb
Q96KW9,159,N-linked,uniprotkb
Q8IXH8,462,N-linked,uniprotkb
Q14CN2,837,N-linked,uniprotkb
P29972,205,N-linked,uniprotkb
P50443,205,N-linked,uniprotkb
Q9H5V8,205,N-linked,uniprotkb
Q6UWF7,47,N-linked,uniprotkb
Q9H3H5,146,N-linked,uniprotkb
Q8IZF4,146,N-linked,uniprotkb
Q8TEM1,337,N-linked,uniprotkb
Q6V1P9,1664,N-linked,uniprotkb
Q9NUM3,29,N-linked,uniprotkb
Q6PDA7,29,N-linked,uniprotkb
P54289,824,N-linked,uniprotkb
Q8NHL6,341,N-linked,uniprotkb
Q86YD3,175,N-linked,uniprotkb
Q9BY15,279,N-linked,uniprotkb
Q9Y4D7,802,N-linked,uniprotkb
Q92823,802,N-linked,uniprotkb
Q16558,142,N-linked,uniprotkb
P13497,142,N-linked,uniprotkb
Q8WTV0,255,N-linked,uniprotkb
Q8N441,255,N-linked,uniprotkb
Q9Y5H2,255,N-linked,uniprotkb
Q6UVK1,1131,N-linked,uniprotkb
O00222,95,N-linked,uniprotkb
Q9Y5X5,300,N-linked,uniprotkb
Q685J3,471,N-linked,uniprotkb
Q99102,2203,O-linked,uniprotkb
Q8IWY4,679,N-linked,uniprotkb
Q9UKF5,428,N-linked,uniprotkb
P29322,432,N-linked,uniprotkb
P14778,233,N-linked,uniprotkb
Q8TD46,233,N-linked,uniprotkb
P46093,164,N-linked,uniprotkb
P34810,164,N-linked,uniprotkb
Q99250,291,N-linked,uniprotkb
P15529,291,O-linked,uniprotkb
Q96PZ7,1882,N-linked,uniprotkb
Q9NR97,358,N-linked,uniprotkb
O95156,149,N-linked,uniprotkb
P49771,149,N-linked,uniprotkb
P08514,962,N-linked,uniprotkb
Q8IZF2,931,N-linked,uniprotkb
A3KMH1,1142,N-linked,uniprotkb
Q02985,185,N-linked,uniprotkb
Q8NH54,185,N-linked,uniprotkb
A4D0S4,1333,N-linked,uniprotkb
Q9Y3Q7,36,N-linked,uniprotkb
Q2WEN9,36,N-linked,uniprotkb
P11150,42,N-linked,uniprotkb
Q9NYQ8,627,N-linked,uniprotkb
Q16478,735,N-linked,uniprotkb
P07510,163,N-linked,uniprotkb
Q8N387,163,N-linked,uniprotkb
Q86XX4,2985,N-linked,uniprotkb
Q99102,2692,O-linked,uniprotkb
Q8IZF7,305,N-linked,uniprotkb
O94856,305,N-linked,uniprotkb
P08581,785,N-linked,uniprotkb
Q495T6,657,N-linked,uniprotkb
Q8WXI7,13172,N-linked,uniprotkb
P17948,323,N-linked,uniprotkb
Q99102,2303,O-linked,uniprotkb
Q86UK0,2208,N-linked,uniprotkb
Q8WXI7,5131,N-linked,uniprotkb
P13611,3379,N-linked,uniprotkb
Q8WXI7,4613,N-linked,uniprotkb
P08F94,3169,N-linked,uniprotkb
Q9P273,1921,N-linked,uniprotkb
Q6WRI0,1962,N-linked,uniprotkb
Q7Z407,2537,N-linked,uniprotkb
Q7Z407,3364,N-linked,uniprotkb
Q99102,2971,O-linked,uniprotkb
Q99102,3430,O-linked,uniprotkb
Q685J3,4205,N-linked,uniprotkb
Q07954,4279,N-linked,uniprotkb
O75445,4317,N-linked,uniprotkb
P08F94,2753,N-linked,uniprotkb
Q99102,3556,O-linked,uniprotkb
Q99102,3807,O-linked,uniprotkb
Q8WXI7,13505,N-linked,uniprotkb
Q8WXI7,8684,N-linked,uniprotkb
Q99102,3535,O-linked,uniprotkb
Q8WXI7,12704,N-linked,uniprotkb
Q7Z408,2185,N-linked,uniprotkb
Q96PZ7,2445,N-linked,uniprotkb
Q99102,2667,O-linked,uniprotkb
Q99102,3147,O-linked,uniprotkb
P98088,5093,N-linked,uniprotkb
Q8WXI7,5320,N-linked,uniprotkb
Q8TDW7,1430,N-linked,uniprotkb
Q99102,1822,O-linked,uniprotkb
Q6V1P9,2497,N-linked,uniprotkb
Q96PZ7,3386,N-linked,uniprotkb
Q14517,1991,N-linked,uniprotkb
Q96PZ7,2400,N-linked,uniprotkb
Q9NYQ8,2368,N-linked,uniprotkb
P98161,1518,N-linked,uniprotkb
Q99102,3119,O-linked,uniprotkb
Q9P2N4,1788,N-linked,uniprotkb
Q99102,1342,O-linked,uniprotkb
Q99102,3359,O-linked,uniprotkb
Q99102,3163,O-linked,uniprotkb
Q99102,3236,O-linked,uniprotkb
Q685J3,2194,N-linked,uniprotkb
Q99102,1583,O-linked,uniprotkb
P78509,2568,N-linked,uniprotkb
Q9Y493,1188,N-linked,uniprotkb
Q99102,1188,O-linked,uniprotkb
Q07954,3264,N-linked,uniprotkb
Q99102,2463,O-linked,uniprotkb
Q99102,3903,O-linked,uniprotkb
Q99102,2143,O-linked,uniprotkb
P78509,1266,N-linked,uniprotkb
Q6V0I7,2119,N-linked,uniprotkb
P98160,3933,O-linked,uniprotkb
P35555,1369,N-linked,uniprotkb
Q9NYQ6,2122,N-linked,uniprotkb
P00451,2137,N-linked,uniprotkb
Q99102,2137,O-linked,uniprotkb
Q99102,3087,O-linked,uniprotkb
Q96RW7,5040,N-linked,uniprotkb
P59510,1781,N-linked,uniprotkb
Q9BXP8,1456,N-linked,uniprotkb
Q9NZR2,2488,N-linked,uniprotkb
P98164,2809,N-linked,uniprotkb
Q9NYQ8,2183,N-linked,uniprotkb
P07942,1542,N-linked,uniprotkb
P35556,1414,N-linked,uniprotkb
P07359,405,O-linked,uniprotkb
Q6UVK1,995,O-linked,uniprotkb
Q92673,2092,N-linked,uniprotkb
P24821,184,N-linked,uniprotkb
P07359,328,O-linked,uniprotkb
Q8N766,370,N-linked,uniprotkb
Q99102,4852,N-linked,uniprotkb
P16473,77,N-linked,uniprotkb
B7Z8K6,77,N-linked,uniprotkb
Q92954,564,O-linked,uniprotkb
P05155,83,O-linked,uniprotkb
P78423,329,O-linked,uniprotkb
P07359,494,O-linked,uniprotkb
O60486,386,N-linked,uniprotkb
Q13478,236,N-linked,uniprotkb
P02671,320,O-linked,uniprotkb
Q14108,304,N-linked,uniprotkb
P13473,229,N-linked,uniprotkb
Q6EMK4,273,N-linked,uniprotkb
Q9NR71,730,N-linked,uniprotkb
P01042,169,N-linked,uniprotkb
P06731,197,N-linked,uniprotkb
Q07075,197,N-linked,uniprotkb
P08473,325,N-linked,uniprotkb
P56199,840,N-linked,uniprotkb
Q7Z7H5,117,N-linked,uniprotkb
Q15293,53,N-linked,uniprotkb
P07359,37,N-linked,uniprotkb
P11279,37,N-linked,uniprotkb
P16150,58,O-linked,uniprotkb
P01023,1424,N-linked,uniprotkb
P46531,466,O-linked,uniprotkb
O95633,215,N-linked,uniprotkb
P16150,103,O-linked,uniprotkb
Q9UM22,130,N-linked,uniprotkb
P36955,285,N-linked,uniprotkb
P08473,285,N-linked,uniprotkb
Q9BT09,153,N-linked,uniprotkb
P01009,271,N-linked,uniprotkb
Q9HDC9,196,N-linked,uniprotkb
P02749,162,N-linked,uniprotkb
P16473,99,N-linked,uniprotkb
P42658,566,N-linked,uniprotkb
P04626,530,N-linked,uniprotkb
P13688,292,N-linked,uniprotkb
P35475,190,N-linked,uniprotkb
Q04756,468,N-linked,uniprotkb
P41222,78,N-linked,uniprotkb
O43280,78,N-linked,uniprotkb
P07359,482,O-linked,uniprotkb
Q5ZPR3,322,N-linked,uniprotkb
P11117,322,N-linked,uniprotkb
Q8TAX7,176,O-linked,uniprotkb
P38484,85,N-linked,uniprotkb
Q96JA1,150,N-linked,uniprotkb
Q13507,489,N-linked,uniprotkb
Q8WXD2,359,O-linked,uniprotkb
Q9Y286,105,N-linked,uniprotkb
P11597,105,N-linked,uniprotkb
P80370,222,O-linked,uniprotkb
Q9Y4D7,500,N-linked,uniprotkb
P04921,3,O-linked,uniprotkb
O75976,811,N-linked,uniprotkb
Q13308,116,N-linked,uniprotkb
P13688,309,N-linked,uniprotkb
P31997,309,N-linked,uniprotkb
P11279,228,N-linked,uniprotkb
Q16363,557,N-linked,uniprotkb
O95477,244,N-linked,uniprotkb
Q8IWA5,200,N-linked,uniprotkb
O15118,135,N-linked,uniprotkb
O15455,413,N-linked,uniprotkb
P05155,25,N-linked,uniprotkb
P04070,371,N-linked,uniprotkb
P04217,371,N-linked,uniprotkb
Q8NHS3,371,N-linked,uniprotkb
P38435,550,N-linked,uniprotkb
P06731,246,N-linked,uniprotkb
P02790,246,N-linked,uniprotkb
P02788,642,N-linked,uniprotkb
P19652,93,N-linked,uniprotkb
P01880,367,N-linked,uniprotkb
P35354,396,N-linked,uniprotkb
P48546,62,N-linked,uniprotkb
P11279,62,N-linked,uniprotkb
Q6EMK4,101,N-linked,uniprotkb
P08519,101,N-linked,uniprotkb
Q92954,700,O-linked,uniprotkb
P78324,245,N-linked,uniprotkb
P24592,126,O-linked,uniprotkb
Q03591,126,N-linked,uniprotkb
Q92954,930,O-linked,uniprotkb
Q9ULI3,67,O-linked,uniprotkb
Q9NY15,1096,N-linked,uniprotkb
P11229,12,N-linked,uniprotkb
P20023,121,N-linked,uniprotkb
Q05707,372,N-linked,uniprotkb
O75882,731,N-linked,uniprotkb
P24071,141,N-linked,uniprotkb
Q5HYA8,141,N-linked,uniprotkb
Q15063,599,N-linked,uniprotkb
O60568,548,N-linked,uniprotkb
P32942,363,N-linked,uniprotkb
P09603,363,O-linked,uniprotkb
P40189,157,N-linked,uniprotkb
Q92954,439,O-linked,uniprotkb
P06213,52,N-linked,uniprotkb
P55058,398,N-linked,uniprotkb
Q8TE99,354,N-linked,uniprotkb
P42702,131,N-linked,uniprotkb
P46531,534,O-linked,uniprotkb
P06731,560,N-linked,uniprotkb
A8MVW0,66,N-linked,uniprotkb
Q8N6C8,281,N-linked,uniprotkb
P08185,96,N-linked,uniprotkb
P07359,463,O-linked,uniprotkb
P19652,72,N-linked,uniprotkb
Q92954,968,O-linked,uniprotkb
P11279,45,N-linked,uniprotkb
P08246,173,N-linked,uniprotkb
P31997,173,N-linked,uniprotkb
P21583,180,O-linked,uniprotkb
O15118,524,N-linked,uniprotkb
O75882,1043,N-linked,uniprotkb
P33681,226,N-linked,uniprotkb
Q14118,317,O-linked,uniprotkb
O60931,84,N-linked,uniprotkb
Q9BZR6,82,N-linked,uniprotkb
Q14118,369,O-linked,uniprotkb
Q13087,516,N-linked,uniprotkb
Q96BZ4,417,N-linked,uniprotkb
Q14118,63,O-linked,uniprotkb
P04196,63,N-linked,uniprotkb
Q92954,478,O-linked,uniprotkb
P48357,347,N-linked,uniprotkb
P01008,128,N-linked,uniprotkb
P35555,593,O-linked,uniprotkb
P23470,444,N-linked,uniprotkb
P55268,1348,N-linked,uniprotkb
Q9UQQ1,299,N-linked,uniprotkb
Q9UMD9,1421,N-linked,uniprotkb
P04844,106,N-linked,uniprotkb
P02748,48,C-linked,uniprotkb
P05155,48,O-linked,uniprotkb
P16150,48,O-linked,uniprotkb
P05155,253,N-linked,uniprotkb
P07498,167,O-linked,uniprotkb
Q6IWH7,824,N-linked,uniprotkb
O14638,279,N-linked,uniprotkb
P21589,333,N-linked,uniprotkb
P04629,95,N-linked,uniprotkb
P31431,95,O-linked,uniprotkb
P0DTU3,248,N-linked,uniprotkb
Q86TH1,428,N-linked,uniprotkb
Q92954,931,O-linked,uniprotkb
Q9Y3Q0,185,N-linked,uniprotkb
Q9UNA0,570,C-linked,uniprotkb
Q8N3V7,330,N-linked,uniprotkb
P01266,2250,N-linked,uniprotkb
P13611,659,O-linked,uniprotkb
Q9HC84,5024,N-linked,uniprotkb
Q99102,5292,N-linked,uniprotkb
Q13219,1519,N-linked,uniprotkb
P24821,2162,N-linked,uniprotkb
P13611,2941,O-linked,uniprotkb
Q8TEM1,1441,N-linked,uniprotkb
Q9BRN9,179,N-linked,uniprotkb
P26012,402,N-linked,uniprotkb
Q8NDA2,3405,N-linked,uniprotkb
Q05586,368,N-linked,uniprotkb
P11912,73,N-linked,uniprotkb
P05060,239,O-linked,uniprotkb
P81605,30,O-linked,uniprotkb
P41180,468,N-linked,uniprotkb
Q14957,685,N-linked,uniprotkb
P14625,502,N-linked,uniprotkb
P48169,157,N-linked,uniprotkb
Q9C0H2,144,N-linked,uniprotkb
Q6UXH8,385,O-linked,uniprotkb
P35498,1403,N-linked,uniprotkb
Q92832,511,N-linked,uniprotkb
P12821,38,N-linked,uniprotkb
Q8NDA2,1537,N-linked,uniprotkb
Q9NPH5,230,N-linked,uniprotkb
Q9UKU6,708,N-linked,uniprotkb
Q12864,184,N-linked,uniprotkb
Q16363,315,N-linked,uniprotkb
Q86T26,315,N-linked,uniprotkb
O75310,315,N-linked,uniprotkb
Q92896,786,N-linked,uniprotkb
Q8TDX9,1681,N-linked,uniprotkb
Q9UBV4,311,N-linked,uniprotkb
Q15846,311,N-linked,uniprotkb
Q02509,179,N-linked,uniprotkb
P59535,179,N-linked,uniprotkb
Q9H756,179,N-linked,uniprotkb
P08069,622,N-linked,uniprotkb
Q75T13,402,N-linked,uniprotkb
P17948,402,N-linked,uniprotkb
O60486,582,N-linked,uniprotkb
Q9Y6C5,370,N-linked,uniprotkb
Q86VE9,183,N-linked,uniprotkb
P11049,183,N-linked,uniprotkb
Q9UKZ4,1663,N-linked,uniprotkb
P08F94,2633,N-linked,uniprotkb
A2VEC9,2968,N-linked,uniprotkb
Q9Y493,493,N-linked,uniprotkb
Q9BZC7,476,N-linked,uniprotkb
Q9NQ11,1110,N-linked,uniprotkb
Q13873,55,N-linked,uniprotkb
P24043,55,N-linked,uniprotkb
Q8N158,55,O-linked,uniprotkb
Q93070,178,N-linked,uniprotkb
Q15262,586,N-linked,uniprotkb
P21554,77,N-linked,uniprotkb
O94813,564,N-linked,uniprotkb
P09848,512,N-linked,uniprotkb
Q9NYW0,158,N-linked,uniprotkb
Q96PQ0,158,N-linked,uniprotkb
Q92673,1809,N-linked,uniprotkb
Q96R54,83,N-linked,uniprotkb
Q3T906,83,N-linked,uniprotkb
Q15762,83,N-linked,uniprotkb
Q6UXC1,636,N-linked,uniprotkb
O76093,137,N-linked,uniprotkb
Q9H2J7,383,N-linked,uniprotkb
Q4KMG0,342,N-linked,uniprotkb
Q6AI14,342,N-linked,uniprotkb
Q96BD0,499,N-linked,uniprotkb
Q5FYB0,306,N-linked,uniprotkb
O43497,306,N-linked,uniprotkb
Q9NZU0,282,N-linked,uniprotkb
O95477,1637,N-linked,uniprotkb
Q86UK0,543,N-linked,uniprotkb
Q63HM2,1120,N-linked,uniprotkb
Q9BZ76,1120,N-linked,uniprotkb
Q7Z410,663,N-linked,uniprotkb
P98161,854,N-linked,uniprotkb
Q86WK7,368,N-linked,uniprotkb
Q8TER0,408,N-linked,uniprotkb
Q7L0X0,73,N-linked,uniprotkb
Q8IZF2,73,N-linked,uniprotkb
Q7Z3B1,73,N-linked,uniprotkb
Q96BF3,73,N-linked,uniprotkb
Q6UXX5,540,N-linked,uniprotkb
P47775,24,N-linked,uniprotkb
Q9HBX8,208,N-linked,uniprotkb
Q92752,278,N-linked,uniprotkb
Q9BZV3,956,N-linked,uniprotkb
Q8TBB6,676,N-linked,uniprotkb
Q9BY79,415,N-linked,uniprotkb
Q9Y5G3,415,N-linked,uniprotkb
P61565,273,N-linked,uniprotkb
Q13291,155,N-linked,uniprotkb
Q7Z3B1,155,N-linked,uniprotkb
Q02246,940,N-linked,uniprotkb
Q8N7C4,39,N-linked,uniprotkb
Q9UKP4,693,N-linked,uniprotkb
Q9NZ08,901,N-linked,uniprotkb
P25089,10,N-linked,uniprotkb
Q8NGX1,10,N-linked,uniprotkb
Q7Z553,92,N-linked,uniprotkb
P59510,92,N-linked,uniprotkb
Q9Y271,169,N-linked,uniprotkb
P62079,169,N-linked,uniprotkb
Q16099,220,N-linked,uniprotkb
Q96AP7,108,N-linked,uniprotkb
Q96RW7,1272,N-linked,uniprotkb
Q99928,110,N-linked,uniprotkb
P20848,110,N-linked,uniprotkb
Q9Y5Q5,651,N-linked,uniprotkb
Q7Z2D5,568,N-linked,uniprotkb
Q9BZZ2,1104,N-linked,uniprotkb
Q6W4X9,1179,N-linked,uniprotkb
Q5R3F8,117,N-linked,uniprotkb
Q14CN2,588,N-linked,uniprotkb
O75445,4754,N-linked,uniprotkb
Q8TD84,1144,N-linked,uniprotkb
Q8NGP0,87,N-linked,uniprotkb
Q9UQ53,87,N-linked,uniprotkb
O00300,165,N-linked,uniprotkb
Q7Z5L7,214,N-linked,uniprotkb
P53708,239,N-linked,uniprotkb
Q96RV3,1720,N-linked,uniprotkb
Q9Y6M7,269,N-linked,uniprotkb
Q6NUQ4,269,N-linked,uniprotkb
Q9HCU4,701,N-linked,uniprotkb
Q9NYQ6,1213,N-linked,uniprotkb
Q8IZP9,435,N-linked,uniprotkb
Q15238,210,N-linked,uniprotkb
Q9NR96,210,N-linked,uniprotkb
P54803,602,N-linked,uniprotkb
Q9C0A0,602,N-linked,uniprotkb
Q9NY37,421,N-linked,uniprotkb
Q7L1S5,243,N-linked,uniprotkb
Q9BY15,334,N-linked,uniprotkb
O95528,334,N-linked,uniprotkb
O00476,49,N-linked,uniprotkb
A1E959,256,O-linked,uniprotkb
Q9Y336,256,N-linked,uniprotkb
Q13797,672,N-linked,uniprotkb
Q9Y5H9,257,N-linked,uniprotkb
Q8N967,257,N-linked,uniprotkb
Q9UJ99,466,N-linked,uniprotkb
A1E959,261,O-linked,uniprotkb
Q29983,261,N-linked,uniprotkb
Q07837,261,N-linked,uniprotkb
Q9Y6N6,295,N-linked,uniprotkb
O43451,2499,N-linked,uniprotkb
Q5ZPR3,215,N-linked,uniprotkb
Q9BXF9,103,N-linked,uniprotkb
Q5IJ48,1158,N-linked,uniprotkb
O75330,567,N-linked,uniprotkb
Q02246,498,N-linked,uniprotkb
Q9Y2C3,130,N-linked,uniprotkb
Q6UVK1,130,N-linked,uniprotkb
Q5K4E3,130,N-linked,uniprotkb
Q9UKJ8,437,N-linked,uniprotkb
A6NMU1,7,N-linked,uniprotkb
Q16820,594,O-linked,uniprotkb
Q8N3F9,285,N-linked,uniprotkb
P16671,79,N-linked,uniprotkb
O95998,79,N-linked,uniprotkb
Q8IYL9,79,N-linked,uniprotkb
Q9NZR2,758,N-linked,uniprotkb
Q8NGX8,191,N-linked,uniprotkb
Q9NQ84,191,N-linked,uniprotkb
P14416,23,N-linked,uniprotkb
Q86X19,23,N-linked,uniprotkb
Q6IFN5,23,N-linked,uniprotkb
Q8N6Y1,844,N-linked,uniprotkb
P11215,696,N-linked,uniprotkb
Q9UN70,689,N-linked,uniprotkb
Q8IWK6,728,N-linked,uniprotkb
Q9BYE9,911,N-linked,uniprotkb
Q9H251,434,N-linked,uniprotkb
P28336,16,N-linked,uniprotkb
P60893,182,N-linked,uniprotkb
P78562,238,N-linked,uniprotkb
Q13936,153,N-linked,uniprotkb
Q9ULK6,153,N-linked,uniprotkb
Q9NS93,264,N-linked,uniprotkb
Q8NGC6,264,N-linked,uniprotkb
Q9UHD0,56,N-linked,uniprotkb
Q86UE6,56,N-linked,uniprotkb
Q6UXX5,1231,N-linked,uniprotkb
O75019,448,N-linked,uniprotkb
Q6UXG3,196,O-linked,uniprotkb
Q8N2Q7,706,O-linked,uniprotkb
Q92823,223,N-linked,uniprotkb
P08922,1211,N-linked,uniprotkb
Q5QGZ9,88,N-linked,uniprotkb
Q86YL7,88,O-linked,uniprotkb
P34810,88,N-linked,uniprotkb
Q8NFL0,88,N-linked,uniprotkb
P09326,162,N-linked,uniprotkb
Q8WVV5,118,N-linked,uniprotkb
Q8N387,30,N-linked,uniprotkb
O75330,133,N-linked,uniprotkb
Q9Y5X5,133,N-linked,uniprotkb
O95754,133,N-linked,uniprotkb
Q96NR3,133,N-linked,uniprotkb
P08F94,54,N-linked,uniprotkb
Q9Y6M7,171,N-linked,uniprotkb
Q9Y653,171,N-linked,uniprotkb
Q5T1A1,296,N-linked,uniprotkb
Q8NBS3,529,N-linked,uniprotkb
O60242,418,N-linked,uniprotkb
Q9HCU0,519,O-linked,uniprotkb
A1E959,251,O-linked,uniprotkb
P10153,86,N-linked,uniprotkb
O95980,86,N-linked,uniprotkb
P0DSN6,86,N-linked,uniprotkb
Q96Q04,1081,N-linked,uniprotkb
P98164,866,N-linked,uniprotkb
P16471,59,N-linked,uniprotkb
Q9UBJ2,190,N-linked,uniprotkb
P41217,190,N-linked,uniprotkb
O75882,986,N-linked,uniprotkb
Q9UQ52,860,N-linked,uniprotkb
Q9NYG8,78,N-linked,uniprotkb
P51787,289,N-linked,uniprotkb
Q14515,331,O-linked,uniprotkb
Q9BY76,177,N-linked,uniprotkb
Q9UJ14,394,N-linked,uniprotkb
P82279,322,N-linked,uniprotkb
O43497,322,N-linked,uniprotkb
P01137,176,N-linked,uniprotkb
Q9Y4D7,965,N-linked,uniprotkb
Q9UMZ3,944,N-linked,uniprotkb
Q9GZZ6,40,N-linked,uniprotkb
Q0D2K0,40,N-linked,uniprotkb
Q8N0Z9,198,N-linked,uniprotkb
Q9Y5Y9,284,N-linked,uniprotkb
P08962,150,N-linked,uniprotkb
Q9UMF0,397,N-linked,uniprotkb
Q9P2V4,455,N-linked,uniprotkb
O75387,57,N-linked,uniprotkb
Q86TY3,57,N-linked,uniprotkb
P18084,654,N-linked,uniprotkb
P58397,105,N-linked,uniprotkb
P78552,105,N-linked,uniprotkb
Q7Z6M3,89,N-linked,uniprotkb
Q8N0Z9,70,N-linked,uniprotkb
Q13003,70,N-linked,uniprotkb
P58397,485,N-linked,uniprotkb
Q99466,664,N-linked,uniprotkb
Q7Z5N4,882,N-linked,uniprotkb
Q86YC3,232,N-linked,uniprotkb
Q6UXD5,222,N-linked,uniprotkb
Q93070,222,N-linked,uniprotkb
Q8WTR4,352,N-linked,uniprotkb
Q6UXG8,102,N-linked,uniprotkb
P35225,71,N-linked,uniprotkb
P98160,71,O-linked,uniprotkb
P78562,71,N-linked,uniprotkb
Q6P4A8,71,N-linked,uniprotkb
O94911,71,N-linked,uniprotkb
Q8WXI8,111,N-linked,uniprotkb
Q3KPI0,111,N-linked,uniprotkb
Q15743,3,N-linked,uniprotkb
Q8NGF7,3,N-linked,uniprotkb
Q8NH01,3,N-linked,uniprotkb
Q8NH48,3,N-linked,uniprotkb
Q86XK7,219,N-linked,uniprotkb
Q6UXI7,520,N-linked,uniprotkb
Q9HCU4,1900,N-linked,uniprotkb
Q9BY15,34,N-linked,uniprotkb
Q12864,587,N-linked,uniprotkb
Q9H3W5,625,N-linked,uniprotkb
Q5JS37,206,N-linked,uniprotkb
Q8IZF2,487,N-linked,uniprotkb
O75976,855,N-linked,uniprotkb
Q86SQ4,600,N-linked,uniprotkb
Q96PD2,522,N-linked,uniprotkb
Q96LA5,355,N-linked,uniprotkb
P13232,116,N-linked,uniprotkb
Q8TCT8,116,N-linked,uniprotkb
Q9BYH1,742,N-linked,uniprotkb
Q12836,470,N-linked,uniprotkb
P42702,64,N-linked,uniprotkb
O14514,64,N-linked,uniprotkb
P08F94,1631,N-linked,uniprotkb
Q15262,690,N-linked,uniprotkb
Q9H7T0,690,N-linked,uniprotkb
Q9BQ16,387,O-linked,uniprotkb
A6NFA1,228,N-linked,uniprotkb
O95450,112,N-linked,uniprotkb
Q96KV6,112,N-linked,uniprotkb
Q75V66,335,N-linked,uniprotkb
Q96MS0,503,N-linked,uniprotkb
P28300,97,N-linked,uniprotkb
P11215,240,N-linked,uniprotkb
P38570,857,N-linked,uniprotkb
Q9BYE9,195,N-linked,uniprotkb
P06681,290,N-linked,uniprotkb
Q9BYE9,460,N-linked,uniprotkb
Q8N1N0,244,N-linked,uniprotkb
P19883,124,N-linked,uniprotkb
Q7Z407,1591,N-linked,uniprotkb
Q9NRD8,382,N-linked,uniprotkb
P15509,135,N-linked,uniprotkb
Q86WC4,135,N-linked,uniprotkb
P42081,135,N-linked,uniprotkb
Q8NHV5,135,N-linked,uniprotkb
Q13201,783,N-linked,uniprotkb
P11597,413,N-linked,uniprotkb
Q9UQC9,231,N-linked,uniprotkb
Q08ET2,231,N-linked,uniprotkb
P04275,2298,O-linked,uniprotkb
Q6ZMJ4,76,N-linked,uniprotkb
Q02246,76,N-linked,uniprotkb
A8MVW5,129,N-linked,uniprotkb
P36269,98,N-linked,uniprotkb
O60245,845,N-linked,uniprotkb
Q15109,25,N-linked,uniprotkb
Q9Y5Y4,25,N-linked,uniprotkb
Q5SSG8,25,N-linked,uniprotkb
Q8IWV2,858,N-linked,uniprotkb
Q96NR3,608,N-linked,uniprotkb
Q9HBW0,15,N-linked,uniprotkb
P78325,612,N-linked,uniprotkb
Q9UJ99,612,N-linked,uniprotkb
Q96R28,5,N-linked,uniprotkb
Q8NGS3,5,N-linked,uniprotkb
Q9H346,5,N-linked,uniprotkb
Q8NGA1,5,N-linked,uniprotkb
Q8NH03,5,N-linked,uniprotkb
Q8NGC4,5,N-linked,uniprotkb
P0C626,5,N-linked,uniprotkb
Q8NG80,5,N-linked,uniprotkb
O95992,5,N-linked,uniprotkb
Q6IFG1,5,N-linked,uniprotkb
P10696,268,N-linked,uniprotkb
I3L273,268,N-linked,uniprotkb
O60383,268,N-linked,uniprotkb
Q9Y646,61,N-linked,uniprotkb
P51168,260,N-linked,uniprotkb
Q92611,624,N-linked,uniprotkb
Q9H3S1,607,N-linked,uniprotkb
O14792,242,N-linked,uniprotkb
Q96PQ0,891,N-linked,uniprotkb
P0DPD8,753,N-linked,uniprotkb
Q6UXN2,93,N-linked,uniprotkb
Q9UHC9,132,N-linked,uniprotkb
P11047,1205,N-linked,uniprotkb
Q5JZY3,486,N-linked,uniprotkb
Q6IS24,486,N-linked,uniprotkb
O95992,189,N-linked,uniprotkb
Q9H2A9,367,N-linked,uniprotkb
Q13936,1487,N-linked,uniprotkb
Q8N1N0,312,N-linked,uniprotkb
P0DPD6,312,N-linked,uniprotkb
P46059,562,N-linked,uniprotkb
O43493,373,N-linked,uniprotkb
O75949,120,N-linked,uniprotkb
P28476,120,N-linked,uniprotkb
Q6UWN5,120,N-linked,uniprotkb
O75882,213,N-linked,uniprotkb
Q8NFQ6,213,N-linked,uniprotkb
P55286,33,N-linked,uniprotkb
Q9BY21,33,N-linked,uniprotkb
P49763,33,N-linked,uniprotkb
Q9NPD5,151,N-linked,uniprotkb
P40145,821,N-linked,uniprotkb
Q7Z5N4,821,N-linked,uniprotkb
Q8WZ75,360,N-linked,uniprotkb
Q495A1,101,N-linked,uniprotkb
Q6FHJ7,68,N-linked,uniprotkb
Q75V66,380,N-linked,uniprotkb
Q15262,424,N-linked,uniprotkb
Q9UIQ6,578,N-linked,uniprotkb
Q8TDS7,2,N-linked,uniprotkb
O43827,267,N-linked,uniprotkb
P23467,267,N-linked,uniprotkb
Q5VXM1,267,N-linked,uniprotkb
Q12836,267,N-linked,uniprotkb
P23471,1551,O-linked,uniprotkb
E5RIL1,140,N-linked,uniprotkb
Q13651,74,N-linked,uniprotkb
O95897,74,N-linked,uniprotkb
Q9NT68,1749,N-linked,uniprotkb
O94985,346,N-linked,uniprotkb
Q9NTN9,126,N-linked,uniprotkb
O15041,126,N-linked,uniprotkb
P23229,930,N-linked,uniprotkb
Q6UXV0,67,N-linked,uniprotkb
Q9BY67,67,N-linked,uniprotkb
Q86SQ3,26,N-linked,uniprotkb
Q9Y5H3,423,N-linked,uniprotkb
Q13002,423,N-linked,uniprotkb
Q5T601,423,N-linked,uniprotkb
Q6UWL2,193,N-linked,uniprotkb
Q58EX2,193,N-linked,uniprotkb
P51801,193,N-linked,uniprotkb
Q32P28,316,N-linked,uniprotkb
Q8TBJ4,316,N-linked,uniprotkb
Q86YC3,21,N-linked,uniprotkb
Q96D42,277,N-linked,uniprotkb
A3KMH1,1096,N-linked,uniprotkb
Q96QE4,789,N-linked,uniprotkb
Q13621,446,N-linked,uniprotkb
P35462,12,N-linked,uniprotkb
Q8NGC9,12,N-linked,uniprotkb
Q9Y5H4,265,N-linked,uniprotkb
Q9BZZ2,265,N-linked,uniprotkb
Q03721,265,N-linked,uniprotkb
P26006,265,N-linked,uniprotkb
O94898,121,N-linked,uniprotkb
Q8TCW7,121,N-linked,uniprotkb
Q9NQS5,8,N-linked,uniprotkb
Q99679,8,N-linked,uniprotkb
Q8WWT9,596,N-linked,uniprotkb
Q6UWB1,302,N-linked,uniprotkb
P08648,712,N-linked,uniprotkb
O60469,1271,N-linked,uniprotkb
Q03167,141,N-linked,uniprotkb
Q99706,141,N-linked,uniprotkb
P60509,218,N-linked,uniprotkb
Q16288,218,N-linked,uniprotkb
P08F94,1698,N-linked,uniprotkb
Q9NZR2,3316,N-linked,uniprotkb
Q13201,576,N-linked,uniprotkb
P55291,576,N-linked,uniprotkb
Q76LX8,828,N-linked,uniprotkb
Q9Y5H9,548,N-linked,uniprotkb
Q14002,174,N-linked,uniprotkb
Q96N87,174,N-linked,uniprotkb
Q86UK0,174,N-linked,uniprotkb
P78536,174,N-linked,uniprotkb
P42261,363,N-linked,uniprotkb
Q8TDX9,338,N-linked,uniprotkb
P40197,51,N-linked,uniprotkb
Q9ULL4,51,N-linked,uniprotkb
Q8NFY4,51,N-linked,uniprotkb
Q8N3J6,51,N-linked,uniprotkb
Q9HAR2,549,N-linked,uniprotkb
Q7RTU9,1274,N-linked,uniprotkb
P13611,809,N-linked,uniprotkb
O75445,862,N-linked,uniprotkb
Q96DU3,203,N-linked,uniprotkb
Q6WRI0,439,N-linked,uniprotkb
Q9NTN9,388,N-linked,uniprotkb
P51805,738,N-linked,uniprotkb
P22413,477,N-linked,uniprotkb
Q9UHL4,356,N-linked,uniprotkb
P01185,131,N-linked,uniprotkb
Q9C0I4,1186,N-linked,uniprotkb
O60241,645,N-linked,uniprotkb
Q6UXG8,224,N-linked,uniprotkb
Q9NZN1,122,N-linked,uniprotkb
Q86YL7,119,O-linked,uniprotkb
O15123,119,N-linked,uniprotkb
Q8NGG3,119,N-linked,uniprotkb
Q8WUJ3,119,N-linked,uniprotkb
P22794,31,N-linked,uniprotkb
Q9NYQ8,280,N-linked,uniprotkb
Q8N423,280,N-linked,uniprotkb
Q9NZR2,134,N-linked,uniprotkb
Q99102,3958,O-linked,uniprotkb
Q96QU1,851,N-linked,uniprotkb
Q8WX77,166,N-linked,uniprotkb
Q9H6X2,262,N-linked,uniprotkb
Q86YL7,66,O-linked,uniprotkb
O94813,66,N-linked,uniprotkb
Q8WWY8,66,N-linked,uniprotkb
Q5SY80,114,N-linked,uniprotkb
P82987,1516,N-linked,uniprotkb
Q9HCN3,144,N-linked,uniprotkb
Q3KNS1,737,N-linked,uniprotkb
Q9NRM1,467,N-linked,uniprotkb
P0DPD8,745,N-linked,uniprotkb
Q13449,136,N-linked,uniprotkb
Q6UY09,96,N-linked,uniprotkb
O95502,463,N-linked,uniprotkb
Q6UVK1,1364,N-linked,uniprotkb
P55291,538,N-linked,uniprotkb
O75751,72,N-linked,uniprotkb
P47872,72,N-linked,uniprotkb
Q99463,11,N-linked,uniprotkb
Q86W33,11,N-linked,uniprotkb
P29274,154,N-linked,uniprotkb
Q9Y661,389,N-linked,uniprotkb
Q8WZ75,389,N-linked,uniprotkb
Q5R3F8,80,N-linked,uniprotkb
O75056,80,O-linked,uniprotkb
Q9BZC7,168,N-linked,uniprotkb
P17787,168,N-linked,uniprotkb
Q99102,2347,O-linked,uniprotkb
Q96SK2,274,N-linked,uniprotkb
Q8N614,45,N-linked,uniprotkb
P47869,138,N-linked,uniprotkb
Q9NZN1,138,N-linked,uniprotkb
Q92673,1894,N-linked,uniprotkb
O60706,9,N-linked,uniprotkb
Q14108,430,N-linked,uniprotkb
O15399,366,N-linked,uniprotkb
Q8TEY5,366,N-linked,uniprotkb
Q96RL6,366,N-linked,uniprotkb
Q9Y5Z0,366,N-linked,uniprotkb
Q9UBL9,310,N-linked,uniprotkb
Q9C0C4,310,N-linked,uniprotkb
Q11206,310,N-linked,uniprotkb
Q7Z3F1,381,N-linked,uniprotkb
Q8IVU1,381,N-linked,uniprotkb
Q9BZV3,301,N-linked,uniprotkb
Q8IZF5,301,N-linked,uniprotkb
Q6PI73,301,N-linked,uniprotkb
P23276,115,N-linked,uniprotkb
Q6AZY7,115,N-linked,uniprotkb
Q8N7C7,43,N-linked,uniprotkb
Q5T7M4,43,N-linked,uniprotkb
A0A0A6YYJ7,43,N-linked,uniprotkb
Q7Z5H4,297,N-linked,uniprotkb
Q8WVV5,226,N-linked,uniprotkb
Q11128,60,N-linked,uniprotkb
Q9HCU0,60,O-linked,uniprotkb
Q9Y2E5,675,N-linked,uniprotkb
P26006,841,N-linked,uniprotkb
Q9Y5G6,419,N-linked,uniprotkb
Q14832,414,N-linked,uniprotkb
Q8TE23,84,N-linked,uniprotkb
Q9UBM8,84,N-linked,uniprotkb
Q9NTG1,1893,N-linked,uniprotkb
Q8IZP9,551,N-linked,uniprotkb
Q9NYQ6,2103,N-linked,uniprotkb
Q8NGR6,22,N-linked,uniprotkb
O95389,308,N-linked,uniprotkb
Q9ULF5,339,N-linked,uniprotkb
Q6PJG9,376,N-linked,uniprotkb
Q99102,376,O-linked,uniprotkb
P40238,298,N-linked,uniprotkb
P15529,298,O-linked,uniprotkb
Q6H9L7,392,N-linked,uniprotkb
Q9BQ16,392,O-linked,uniprotkb
Q12770,263,N-linked,uniprotkb
Q9Y6H6,41,N-linked,uniprotkb
P11465,104,N-linked,uniprotkb
Q93098,259,N-linked,uniprotkb
Q16288,259,N-linked,uniprotkb
Q13443,125,N-linked,uniprotkb
P59773,125,N-linked,uniprotkb
P32297,172,N-linked,uniprotkb
Q8TDQ0,172,N-linked,uniprotkb
Q04721,733,N-linked,uniprotkb
Q16827,733,N-linked,uniprotkb
Q92633,27,N-linked,uniprotkb
Q6UW56,44,N-linked,uniprotkb
P09326,44,N-linked,uniprotkb
A0A0B4J277,44,N-linked,uniprotkb
Q14574,629,N-linked,uniprotkb
Q92959,478,N-linked,uniprotkb
Q99102,2198,O-linked,uniprotkb
Q68CR1,527,N-linked,uniprotkb
Q8TE23,527,N-linked,uniprotkb
Q9H7M9,128,N-linked,uniprotkb
Q86SQ4,593,N-linked,uniprotkb
Q8TDX9,447,N-linked,uniprotkb
Q8N162,6,N-linked,uniprotkb
Q7Z4F1,299,N-linked,uniprotkb
A6NHM9,250,N-linked,uniprotkb
Q9BY15,250,N-linked,uniprotkb
Q96HV5,250,N-linked,uniprotkb
Q16549,241,N-linked,uniprotkb
Q8IWU5,241,N-linked,uniprotkb
Q9Y6Z7,258,N-linked,uniprotkb
P48058,258,N-linked,uniprotkb
Q9UGM3,2120,N-linked,uniprotkb
Q9H772,161,N-linked,uniprotkb
P55103,161,N-linked,uniprotkb
Q6P531,161,N-linked,uniprotkb
P0DTE0,161,N-linked,uniprotkb
P60509,350,N-linked,uniprotkb
Q9BYH1,350,N-linked,uniprotkb
Q8NGT5,4,N-linked,uniprotkb
Q9Y5Y3,4,N-linked,uniprotkb
Q969N4,4,N-linked,uniprotkb
Q9UIW2,660,N-linked,uniprotkb
P24821,38,N-linked,uniprotkb
Q4KMZ8,100,N-linked,uniprotkb
P47872,100,N-linked,uniprotkb
Q9H7Y0,100,N-linked,uniprotkb
Q9Y5Q5,451,N-linked,uniprotkb
B2RN74,106,N-linked,uniprotkb
Q75T13,558,N-linked,uniprotkb
O95264,287,N-linked,uniprotkb
Q3ZCN5,876,N-linked,uniprotkb
Q7Z408,1566,N-linked,uniprotkb
Q8WWQ8,761,N-linked,uniprotkb
Q16363,761,N-linked,uniprotkb
P28827,598,N-linked,uniprotkb
Q8TC27,598,N-linked,uniprotkb
Q9HCU0,472,O-linked,uniprotkb
P16109,518,N-linked,uniprotkb
Q9BTN0,462,N-linked,uniprotkb
A8MVS5,48,N-linked,uniprotkb
Q8TEB7,48,N-linked,uniprotkb
A0PK11,48,N-linked,uniprotkb
O14792,48,N-linked,uniprotkb
Q86YD3,205,N-linked,uniprotkb
Q9H313,205,N-linked,uniprotkb
Q9BYW1,47,N-linked,uniprotkb
Q5VV63,898,N-linked,uniprotkb
Q9NR97,416,N-linked,uniprotkb
Q8TAX7,146,N-linked,uniprotkb
Q9Y5U5,146,N-linked,uniprotkb
Q8TE56,167,N-linked,uniprotkb
O60512,337,N-linked,uniprotkb
Q76B58,337,N-linked,uniprotkb
Q6V1P9,772,N-linked,uniprotkb
Q9NY46,211,N-linked,uniprotkb
Q15166,29,N-linked,uniprotkb
P04628,29,N-linked,uniprotkb
Q9BZC7,590,N-linked,uniprotkb
Q6PIU2,270,N-linked,uniprotkb
Q9BQB4,175,N-linked,uniprotkb
Q70JA7,279,N-linked,uniprotkb
Q86UK0,333,N-linked,uniprotkb
Q9UP79,490,N-linked,uniprotkb
A1E959,255,O-linked,uniprotkb
O60383,255,N-linked,uniprotkb
Q9NY72,95,N-linked,uniprotkb
Q9H756,95,N-linked,uniprotkb
Q9NSC7,300,N-linked,uniprotkb
Q9NXL6,471,N-linked,uniprotkb
Q9UKN1,170,N-linked,uniprotkb
A6NI73,248,N-linked,uniprotkb
Q9UIQ6,266,N-linked,uniprotkb
Q6WRI0,319,N-linked,uniprotkb
Q9NQ79,619,O-linked,uniprotkb
P23470,619,N-linked,uniprotkb
P78357,1147,N-linked,uniprotkb
Q5VU65,812,N-linked,uniprotkb
Q9UQ52,931,N-linked,uniprotkb
P30530,401,N-linked,uniprotkb
Q8TDL5,401,N-linked,uniprotkb
Q07954,185,N-linked,uniprotkb
Q8TD46,185,N-linked,uniprotkb
Q9BXY4,36,N-linked,uniprotkb
P38571,36,N-linked,uniprotkb
O94772,36,N-linked,uniprotkb
A0A087WT01,36,N-linked,uniprotkb
Q9NPG1,42,N-linked,uniprotkb
A2VEC9,1651,N-linked,uniprotkb
Q04912,897,N-linked,uniprotkb
O15440,897,N-linked,uniprotkb
Q8TDX9,1306,N-linked,uniprotkb
O75093,1306,N-linked,uniprotkb
P15529,163,O-linked,uniprotkb
Q6V0I7,237,N-linked,uniprotkb
Q7Z553,237,N-linked,uniprotkb
P08F94,3707,N-linked,uniprotkb
Q9HC84,1276,N-linked,uniprotkb
P04629,323,N-linked,uniprotkb
Q99102,3508,O-linked,uniprotkb
Q07954,3333,N-linked,uniprotkb
Q9NZR2,4420,N-linked,uniprotkb
Q6UVK1,1645,N-linked,uniprotkb
Q99102,3083,O-linked,uniprotkb
Q6V0I7,4312,N-linked,uniprotkb
O75445,3780,N-linked,uniprotkb
Q8WXI7,4861,N-linked,uniprotkb
O15230,3626,N-linked,uniprotkb
Q07954,4364,N-linked,uniprotkb
Q9HC84,5486,N-linked,uniprotkb
Q8WXI7,13929,N-linked,uniprotkb
Q8WXI7,13640,N-linked,uniprotkb
O75445,4583,N-linked,uniprotkb
Q99102,1012,O-linked,uniprotkb
Q9H251,2195,N-linked,uniprotkb
Q8IZJ3,1439,N-linked,uniprotkb
Q8IZF6,1519,N-linked,uniprotkb
Q99102,1519,O-linked,uniprotkb
Q6N022,1741,N-linked,uniprotkb
Q8TDW7,2209,N-linked,uniprotkb
Q99102,3711,O-linked,uniprotkb
Q99102,2966,O-linked,uniprotkb
O75445,2130,N-linked,uniprotkb
Q99102,2030,O-linked,uniprotkb
P24821,1455,N-linked,uniprotkb
Q9NY15,2400,N-linked,uniprotkb
Q99102,3615,O-linked,uniprotkb
P82987,1432,N-linked,uniprotkb
Q6V1P9,1617,N-linked,uniprotkb
Q99102,2244,O-linked,uniprotkb
A8TX70,2509,N-linked,uniprotkb
Q685J3,2077,N-linked,uniprotkb
Q7Z407,2932,N-linked,uniprotkb
Q9HC84,5602,N-linked,uniprotkb
Q99102,1999,O-linked,uniprotkb
Q99102,4127,O-linked,uniprotkb
Q99102,1295,O-linked,uniprotkb
Q7Z408,3407,N-linked,uniprotkb
Q99102,3531,O-linked,uniprotkb
A6NKB5,2054,N-linked,uniprotkb
Q2M3G0,1188,N-linked,uniprotkb
Q6V0I7,1967,N-linked,uniprotkb
Q02817,4483,N-linked,uniprotkb
Q6V1P9,2479,N-linked,uniprotkb
Q9H251,2616,N-linked,uniprotkb
Q8TDW7,2332,N-linked,uniprotkb
P17927,1504,N-linked,uniprotkb
Q9NYQ7,2386,N-linked,uniprotkb
P58397,1379,N-linked,uniprotkb
P35556,1745,N-linked,uniprotkb
P14410,1354,N-linked,uniprotkb
Q8WXI7,6961,N-linked,uniprotkb
Q99102,1675,O-linked,uniprotkb
Q99102,3812,O-linked,uniprotkb
P98161,2718,N-linked,uniprotkb
P21810,311,N-linked,uniprotkb
O14638,582,N-linked,uniprotkb
P02790,453,N-linked,uniprotkb
O15118,572,N-linked,uniprotkb
P07359,383,O-linked,uniprotkb
Q12860,494,N-linked,uniprotkb
P06213,282,N-linked,uniprotkb
O14638,236,N-linked,uniprotkb
P11717,626,N-linked,uniprotkb
P0C0L4,1244,O-linked,uniprotkb
Q86Y38,777,N-linked,uniprotkb
Q06033,91,N-linked,uniprotkb
P08575,278,N-linked,uniprotkb
Q9HCB6,674,C-linked,uniprotkb
Q02817,1296,O-linked,uniprotkb
P05155,92,O-linked,uniprotkb
Q96S96,169,N-linked,uniprotkb
O75056,108,O-linked,uniprotkb
P16070,110,N-linked,uniprotkb
P17181,110,N-linked,uniprotkb
P08514,601,N-linked,uniprotkb
P06870,165,N-linked,uniprotkb
P11279,165,N-linked,uniprotkb
P80370,214,O-linked,uniprotkb
Q96GW7,905,O-linked,uniprotkb
Q7Z7G0,37,N-linked,uniprotkb
Q92954,724,O-linked,uniprotkb
P23470,113,N-linked,uniprotkb
P01876,113,O-linked,uniprotkb
P35556,1095,O-linked,uniprotkb
P35555,1386,O-linked,uniprotkb
Q92954,704,O-linked,uniprotkb
P16871,49,N-linked,uniprotkb
P48740,49,N-linked,uniprotkb
P31997,256,N-linked,uniprotkb
P49184,261,N-linked,uniprotkb
P00740,215,O-linked,uniprotkb
P05156,103,N-linked,uniprotkb
P05362,130,N-linked,uniprotkb
P43652,488,N-linked,uniprotkb
Q04912,488,N-linked,uniprotkb
P48357,23,N-linked,uniprotkb
Q9UBG0,69,N-linked,uniprotkb
P20702,697,N-linked,uniprotkb
P35556,340,O-linked,uniprotkb
P54289,613,N-linked,uniprotkb
P06731,182,N-linked,uniprotkb
P21815,238,O-linked,uniprotkb
P20061,216,N-linked,uniprotkb
Q8IZF0,216,N-linked,uniprotkb
P01588,153,O-linked,uniprotkb
P11279,249,N-linked,uniprotkb
Q15904,303,N-linked,uniprotkb
P35555,448,N-linked,uniprotkb
Q12866,442,N-linked,uniprotkb
Q9Y5S8,162,N-linked,uniprotkb
Q16270,171,N-linked,uniprotkb
O75581,865,N-linked,uniprotkb
P07098,99,N-linked,uniprotkb
P12319,99,N-linked,uniprotkb
P21860,566,N-linked,uniprotkb
P78324,292,N-linked,uniprotkb
O60911,292,N-linked,uniprotkb
P04004,86,N-linked,uniprotkb
P24071,177,N-linked,uniprotkb
P01903,143,N-linked,uniprotkb
P02675,394,N-linked,uniprotkb
P01860,322,N-linked,uniprotkb
P00533,623,N-linked,uniprotkb
P20645,107,N-linked,uniprotkb
P16444,57,N-linked,uniprotkb
P56199,105,N-linked,uniprotkb
P01589,89,N-linked,uniprotkb
P08603,882,N-linked,uniprotkb
P21815,227,O-linked,uniprotkb
P00797,71,N-linked,uniprotkb
P13688,111,N-linked,uniprotkb
Q92954,975,O-linked,uniprotkb
P13686,116,N-linked,uniprotkb
P46531,116,O-linked,uniprotkb
P11717,112,N-linked,uniprotkb
P08519,557,N-linked,uniprotkb
P10646,195,N-linked,uniprotkb
Q8N126,290,N-linked,uniprotkb
P56199,460,N-linked,uniprotkb
Q96KN2,382,N-linked,uniprotkb
P04066,382,N-linked,uniprotkb
P61916,135,N-linked,uniprotkb
P06280,192,N-linked,uniprotkb
P07858,192,N-linked,uniprotkb
Q13740,480,N-linked,uniprotkb
Q9UL01,336,N-linked,uniprotkb
P22891,225,N-linked,uniprotkb
Q9Y6C2,794,N-linked,uniprotkb
P27701,129,N-linked,uniprotkb
O94856,409,N-linked,uniprotkb
O15431,15,N-linked,uniprotkb
Q92954,612,O-linked,uniprotkb
Q13308,268,N-linked,uniprotkb
O94907,61,O-linked,uniprotkb
P20916,246,N-linked,uniprotkb
P06870,93,O-linked,uniprotkb
P09326,189,N-linked,uniprotkb
Q8TCJ2,641,N-linked,uniprotkb
P07911,396,N-linked,uniprotkb
P19652,33,N-linked,uniprotkb
Q07075,597,N-linked,uniprotkb
P06731,360,N-linked,uniprotkb
P09668,101,N-linked,uniprotkb
Q14624,81,N-linked,uniprotkb
P11279,181,N-linked,uniprotkb
P06756,74,N-linked,uniprotkb
P01880,126,O-linked,uniprotkb
P02749,193,N-linked,uniprotkb
Q6UX04,201,N-linked,uniprotkb
P21589,403,N-linked,uniprotkb
O43451,479,N-linked,uniprotkb
P39059,265,O-linked,uniprotkb
P01876,121,O-linked,uniprotkb
P18075,372,N-linked,uniprotkb
P25940,141,N-linked,uniprotkb
Q02246,904,N-linked,uniprotkb
Q15303,576,N-linked,uniprotkb
P05154,338,N-linked,uniprotkb
P19823,691,O-linked,uniprotkb
P02748,51,C-linked,uniprotkb
P01588,51,N-linked,uniprotkb
Q8NBN3,157,N-linked,uniprotkb
Q9Y4L1,862,N-linked,uniprotkb
P43251,203,N-linked,uniprotkb
Q14118,388,O-linked,uniprotkb
P27918,388,C-linked,uniprotkb
Q92954,477,O-linked,uniprotkb
Q9Y646,356,N-linked,uniprotkb
P13473,356,N-linked,uniprotkb
P32004,671,N-linked,uniprotkb
P24821,1261,N-linked,uniprotkb
P13688,224,N-linked,uniprotkb
Q14108,224,N-linked,uniprotkb
P02671,351,O-linked,uniprotkb
Q9Y6M7,776,N-linked,uniprotkb
P55259,122,N-linked,uniprotkb
P06276,134,N-linked,uniprotkb
P08910,136,N-linked,uniprotkb
Q9UGM5,136,N-linked,uniprotkb
P04114,2239,N-linked,uniprotkb
P02763,72,N-linked,uniprotkb
Q9UHG2,247,O-linked,uniprotkb
Q6YHK3,247,N-linked,uniprotkb
Q7Z4N2,1076,N-linked,uniprotkb
P16150,173,O-linked,uniprotkb
P01833,90,N-linked,uniprotkb
P46531,1065,O-linked,uniprotkb
Q9HCB6,507,C-linked,uniprotkb
Q9UBS5,440,N-linked,uniprotkb
Q13332,308,N-linked,uniprotkb
O43280,369,N-linked,uniprotkb
P35556,516,O-linked,uniprotkb
Q08380,125,N-linked,uniprotkb
Q14508,44,N-linked,uniprotkb
P55285,399,N-linked,uniprotkb
Q8TDQ0,145,O-linked,uniprotkb
P12821,714,N-linked,uniprotkb
P10643,506,C-linked,uniprotkb
P13473,38,N-linked,uniprotkb
Q8IZA0,472,N-linked,uniprotkb
P02745,146,N-linked,uniprotkb
Q99538,167,N-linked,uniprotkb
P0C0L4,1391,N-linked,uniprotkb
P00742,221,N-linked,uniprotkb
P15309,333,N-linked,uniprotkb
Q6UY14,490,N-linked,uniprotkb
P01570,95,N-linked,uniprotkb
P10721,300,N-linked,uniprotkb
P19440,266,N-linked,uniprotkb
P10253,233,N-linked,uniprotkb
O60931,36,N-linked,uniprotkb
P01589,237,O-linked,uniprotkb
P08519,785,N-linked,uniprotkb
Q15166,323,N-linked,uniprotkb
Q9NYQ8,3904,N-linked,uniprotkb
Q15858,1366,N-linked,uniprotkb
Q15858,1352,N-linked,uniprotkb
P35555,1484,N-linked,uniprotkb
P98088,4306,O-linked,uniprotkb
P98088,2709,O-linked,uniprotkb
P25391,2243,N-linked,uniprotkb
Q5T601,329,N-linked,uniprotkb
Q2M385,269,N-linked,uniprotkb
P05164,355,N-linked,uniprotkb
Q99102,617,N-linked,uniprotkb
Q16853,666,N-linked,uniprotkb
P12821,1191,N-linked,uniprotkb
P16112,1601,O-linked,uniprotkb
Q16281,339,N-linked,uniprotkb
Q15762,32,N-linked,uniprotkb
O94766,300,N-linked,uniprotkb
Q8NDA2,4581,N-linked,uniprotkb
Q8NDA2,2477,N-linked,uniprotkb
P16112,1530,O-linked,uniprotkb
Q8WWB7,230,N-linked,uniprotkb
Q6UWJ1,230,N-linked,uniprotkb
P48960,406,N-linked,uniprotkb
Q13201,1075,N-linked,uniprotkb
Q9Y6F9,311,N-linked,uniprotkb
Q9BYH1,311,N-linked,uniprotkb
Q96G91,179,N-linked,uniprotkb
P59551,179,N-linked,uniprotkb
Q14416,402,N-linked,uniprotkb
P98073,328,N-linked,uniprotkb
P35555,2734,N-linked,uniprotkb
Q8IZP9,370,N-linked,uniprotkb
Q8IWV2,370,N-linked,uniprotkb
P01130,515,N-linked,uniprotkb
Q9UHW9,411,N-linked,uniprotkb
Q99102,2751,O-linked,uniprotkb
Q9Y4C0,1189,N-linked,uniprotkb
Q9NY15,286,N-linked,uniprotkb
Q15223,286,N-linked,uniprotkb
Q99715,2206,N-linked,uniprotkb
Q7Z407,3627,N-linked,uniprotkb
Q07954,2521,N-linked,uniprotkb
A6NGW2,476,N-linked,uniprotkb
Q99102,1172,O-linked,uniprotkb
Q93091,55,N-linked,uniprotkb
P12259,55,N-linked,uniprotkb
Q9NTN9,55,N-linked,uniprotkb
Q6ZWJ8,1090,N-linked,uniprotkb
Q8WWT9,586,N-linked,uniprotkb
Q92932,564,N-linked,uniprotkb
O75631,139,N-linked,uniprotkb
Q5W188,139,N-linked,uniprotkb
P34925,139,N-linked,uniprotkb
P38567,393,N-linked,uniprotkb
Q9H1V8,393,N-linked,uniprotkb
A0A0A6YYG3,83,N-linked,uniprotkb
P14384,384,N-linked,uniprotkb
Q9BZC7,494,N-linked,uniprotkb
O15230,1529,N-linked,uniprotkb
Q8WWQ8,1028,N-linked,uniprotkb
Q9Y5H5,254,N-linked,uniprotkb
Q9H1N7,254,N-linked,uniprotkb
Q9Y278,306,N-linked,uniprotkb
Q14982,306,N-linked,uniprotkb
Q13304,282,N-linked,uniprotkb
Q7RTW8,974,N-linked,uniprotkb
Q96PD2,272,N-linked,uniprotkb
P23467,321,N-linked,uniprotkb
Q96PC5,368,N-linked,uniprotkb
Q92896,581,N-linked,uniprotkb
Q7RTX0,475,N-linked,uniprotkb
P56199,1073,N-linked,uniprotkb
Q9Y5I1,304,N-linked,uniprotkb
Q9BY67,304,N-linked,uniprotkb
Q6UXG3,229,O-linked,uniprotkb
Q9UEF7,283,N-linked,uniprotkb
Q9NT99,283,N-linked,uniprotkb
P0DPD8,283,N-linked,uniprotkb
Q96NI6,73,N-linked,uniprotkb
Q96DR8,24,O-linked,uniprotkb
O75056,91,O-linked,uniprotkb
Q12913,278,N-linked,uniprotkb
Q9BXR5,278,N-linked,uniprotkb
Q9NYW4,155,N-linked,uniprotkb
Q96AD5,39,N-linked,uniprotkb
O43493,39,N-linked,uniprotkb
Q9UM73,445,N-linked,uniprotkb
Q9HC56,630,N-linked,uniprotkb
Q17R60,630,N-linked,uniprotkb
Q2VWP7,630,N-linked,uniprotkb
Q8TDV0,10,N-linked,uniprotkb
Q5IJ48,836,N-linked,uniprotkb
P08637,92,N-linked,uniprotkb
O75072,92,N-linked,uniprotkb
Q9H2Y9,730,N-linked,uniprotkb
O43490,730,N-linked,uniprotkb
Q8IZP9,357,N-linked,uniprotkb
O95498,357,N-linked,uniprotkb
Q9Y5F3,169,N-linked,uniprotkb
Q9Y5E2,169,N-linked,uniprotkb
Q96J84,46,N-linked,uniprotkb
Q8N0Z9,46,N-linked,uniprotkb
P49908,46,N-linked,uniprotkb
P16671,220,N-linked,uniprotkb
Q8NCH0,110,N-linked,uniprotkb
P00451,1024,N-linked,uniprotkb
Q9UBX7,197,N-linked,uniprotkb
P07333,412,N-linked,uniprotkb
P06213,651,N-linked,uniprotkb
Q9Y5F3,568,N-linked,uniprotkb
P80108,568,N-linked,uniprotkb
Q8TE58,591,N-linked,uniprotkb
O14522,601,N-linked,uniprotkb
Q7Z7M1,634,N-linked,uniprotkb
Q9Y267,117,N-linked,uniprotkb
Q9BQS7,588,N-linked,uniprotkb
Q8TB96,353,N-linked,uniprotkb
Q3SXP7,53,N-linked,uniprotkb
Q92832,53,N-linked,uniprotkb
A8MVW5,165,N-linked,uniprotkb
Q92185,214,N-linked,uniprotkb
Q9UKZ4,905,N-linked,uniprotkb
Q9Y493,1112,N-linked,uniprotkb
P13500,37,N-linked,uniprotkb
Q9BQ51,37,N-linked,uniprotkb
Q7Z407,724,N-linked,uniprotkb
Q8WWZ7,458,N-linked,uniprotkb
P52569,239,N-linked,uniprotkb
Q8NDV1,239,N-linked,uniprotkb
Q9BZG2,269,N-linked,uniprotkb
Q8TCT8,58,N-linked,uniprotkb
Q96JP9,58,N-linked,uniprotkb
Q86UP2,435,N-linked,uniprotkb
Q9Y5E5,435,N-linked,uniprotkb
Q15768,210,N-linked,uniprotkb
Q9NYQ8,210,N-linked,uniprotkb
Q9UIR0,210,N-linked,uniprotkb
Q6UWF7,210,N-linked,uniprotkb
P0DP72,602,N-linked,uniprotkb
Q5VV43,421,N-linked,uniprotkb
Q5K4E3,421,N-linked,uniprotkb
P0CG08,243,N-linked,uniprotkb
Q96FT7,243,N-linked,uniprotkb
Q86UL3,362,N-linked,uniprotkb
P55289,256,N-linked,uniprotkb
Q7Z7M9,256,N-linked,uniprotkb
Q9UN73,257,N-linked,uniprotkb
Q8NFP4,257,N-linked,uniprotkb
Q9Y5I0,257,N-linked,uniprotkb
P56706,295,N-linked,uniprotkb
Q9H3W5,103,N-linked,uniprotkb
P25391,1579,N-linked,uniprotkb
Q9Y5Q5,567,N-linked,uniprotkb
Q7RTX0,130,N-linked,uniprotkb
Q5H8C1,1014,N-linked,uniprotkb
Q7Z3D4,7,N-linked,uniprotkb
P0C7T3,7,N-linked,uniprotkb
Q9HBW0,7,N-linked,uniprotkb
Q8NAC3,443,N-linked,uniprotkb
Q8TD84,1275,N-linked,uniprotkb
Q8NFQ6,79,N-linked,uniprotkb
Q06432,79,N-linked,uniprotkb
P13612,79,N-linked,uniprotkb
Q6UX40,79,N-linked,uniprotkb
P17181,433,N-linked,uniprotkb
Q96QE2,433,N-linked,uniprotkb
P35052,488,O-linked,uniprotkb
Q96NI6,452,N-linked,uniprotkb
P23435,23,N-linked,uniprotkb
Q9GZU5,434,N-linked,uniprotkb
Q9H251,2808,N-linked,uniprotkb
Q6UXG2,153,N-linked,uniprotkb
P51993,153,N-linked,uniprotkb
Q9P283,153,N-linked,uniprotkb
Q86WI0,153,N-linked,uniprotkb
O14792,249,N-linked,uniprotkb
P01854,264,N-linked,uniprotkb
O43869,56,N-linked,uniprotkb
Q6T423,56,N-linked,uniprotkb
P20848,56,N-linked,uniprotkb
Q8NGC0,56,N-linked,uniprotkb
Q96RI0,56,N-linked,uniprotkb
P24043,303,N-linked,uniprotkb
Q6ZMR5,303,N-linked,uniprotkb
Q9BYT9,448,N-linked,uniprotkb
Q04671,442,N-linked,uniprotkb
P98164,1810,N-linked,uniprotkb
P23229,223,N-linked,uniprotkb
Q9C0K1,88,N-linked,uniprotkb
Q9BUR5,162,O-linked,uniprotkb
Q9H7T0,118,N-linked,uniprotkb
A6NHS7,118,N-linked,uniprotkb
P41595,30,N-linked,uniprotkb
Q99523,684,N-linked,uniprotkb
O96009,133,N-linked,uniprotkb
O60242,54,N-linked,uniprotkb
P35410,54,N-linked,uniprotkb
Q9BZZ2,1476,N-linked,uniprotkb
Q9NZU0,296,N-linked,uniprotkb
Q9NY46,296,N-linked,uniprotkb
P35503,296,N-linked,uniprotkb
P22897,529,N-linked,uniprotkb
Q9Y5E8,418,N-linked,uniprotkb
Q8TD84,1162,N-linked,uniprotkb
Q92823,251,N-linked,uniprotkb
Q969Y0,292,N-linked,uniprotkb
Q9NPZ5,292,N-linked,uniprotkb
Q6UX52,86,N-linked,uniprotkb
Q6IA17,86,N-linked,uniprotkb
Q96Q91,979,N-linked,uniprotkb
P08247,59,N-linked,uniprotkb
Q9HB14,59,N-linked,uniprotkb
Q9P232,468,N-linked,uniprotkb
O95395,289,N-linked,uniprotkb
Q9UMR5,289,N-linked,uniprotkb
Q9BV94,289,N-linked,uniprotkb
P78509,289,N-linked,uniprotkb
O95388,143,N-linked,uniprotkb
P22079,322,N-linked,uniprotkb
Q8TB73,322,N-linked,uniprotkb
Q6UWI2,176,N-linked,uniprotkb
Q96PZ7,40,N-linked,uniprotkb
Q13449,40,N-linked,uniprotkb
Q8IZP9,85,N-linked,uniprotkb
Q02246,198,N-linked,uniprotkb
Q86UK0,648,N-linked,uniprotkb
Q6UX82,107,N-linked,uniprotkb
Q99102,1679,O-linked,uniprotkb
Q96SM3,57,N-linked,uniprotkb
O60512,57,N-linked,uniprotkb
Q4LDE5,186,N-linked,uniprotkb
Q9Y2C9,359,N-linked,uniprotkb
Q14264,105,N-linked,uniprotkb
A0A0A0MS02,105,N-linked,uniprotkb
Q8WWZ8,89,N-linked,uniprotkb
A0A0B4J276,89,N-linked,uniprotkb
Q9P232,375,N-linked,uniprotkb
P41586,375,N-linked,uniprotkb
P55286,544,N-linked,uniprotkb
Q9UBP4,204,N-linked,uniprotkb
P21918,222,N-linked,uniprotkb
O43246,500,N-linked,uniprotkb
O75473,500,N-linked,uniprotkb
Q9NY15,673,N-linked,uniprotkb
Q7Z5A4,276,N-linked,uniprotkb
Q9HC58,71,N-linked,uniprotkb
Q14242,111,N-linked,uniprotkb
Q8NH79,3,N-linked,uniprotkb
A6NJZ3,3,N-linked,uniprotkb
Q9BXC0,3,N-linked,uniprotkb
Q6W4X9,975,N-linked,uniprotkb
Q99467,34,N-linked,uniprotkb
P32942,457,N-linked,uniprotkb
P49961,457,N-linked,uniprotkb
Q9UHX3,206,N-linked,uniprotkb
Q9H3R2,206,N-linked,uniprotkb
P98073,949,N-linked,uniprotkb
Q9NS40,600,N-linked,uniprotkb
Q9NSA2,355,N-linked,uniprotkb
Q6ZRH7,355,N-linked,uniprotkb
P18428,355,N-linked,uniprotkb
Q7Z410,638,N-linked,uniprotkb
Q9UKX5,694,N-linked,uniprotkb
P07204,116,N-linked,uniprotkb
Q6FHJ7,116,N-linked,uniprotkb
P19883,288,N-linked,uniprotkb
O15394,309,N-linked,uniprotkb
Q7Z6A9,94,N-linked,uniprotkb
Q9NRE1,64,N-linked,uniprotkb
Q9NR96,64,N-linked,uniprotkb
Q9NT68,1773,N-linked,uniprotkb
P22794,112,N-linked,uniprotkb
P17301,112,N-linked,uniprotkb
P98073,335,N-linked,uniprotkb
Q8TAX7,97,N-linked,uniprotkb
O15123,240,N-linked,uniprotkb
P18084,460,N-linked,uniprotkb
Q9HCQ5,460,N-linked,uniprotkb
Q8WXI7,2345,N-linked,uniprotkb
Q99795,200,N-linked,uniprotkb
Q8IZF5,382,N-linked,uniprotkb
P78504,382,N-linked,uniprotkb
Q9UKN1,382,N-linked,uniprotkb
Q86XS8,135,N-linked,uniprotkb
P12643,135,N-linked,uniprotkb
O94910,640,N-linked,uniprotkb
O95180,192,N-linked,uniprotkb
O75093,192,N-linked,uniprotkb
P48029,192,N-linked,uniprotkb
Q9HCU4,1501,N-linked,uniprotkb
Q5T1A1,480,N-linked,uniprotkb
Q99665,480,N-linked,uniprotkb
Q8N387,225,N-linked,uniprotkb
Q14940,199,N-linked,uniprotkb
O75388,199,N-linked,uniprotkb
Q9UQ74,199,N-linked,uniprotkb
Q8TDW7,668,N-linked,uniprotkb
Q9NRD8,537,N-linked,uniprotkb
P16234,76,N-linked,uniprotkb
Q15822,129,N-linked,uniprotkb
Q9Y5L3,129,N-linked,uniprotkb
P05997,1400,N-linked,uniprotkb
Q14831,98,N-linked,uniprotkb
P01135,25,N-linked,uniprotkb
Q92673,1986,N-linked,uniprotkb
O60494,1646,N-linked,uniprotkb
Q14957,539,N-linked,uniprotkb
Q8NGE8,5,N-linked,uniprotkb
A3KFT3,5,N-linked,uniprotkb
P28566,5,N-linked,uniprotkb
O00270,5,N-linked,uniprotkb
Q49SQ1,5,N-linked,uniprotkb
O43749,5,N-linked,uniprotkb
O95006,5,N-linked,uniprotkb
Q15617,5,N-linked,uniprotkb
Q8NH43,5,N-linked,uniprotkb
Q9Y4A9,5,N-linked,uniprotkb
Q8NGP2,5,N-linked,uniprotkb
P04201,5,N-linked,uniprotkb
Q8TEQ8,268,N-linked,uniprotkb
Q13046,61,N-linked,uniprotkb
P49862,246,N-linked,uniprotkb
O15072,242,N-linked,uniprotkb
O75443,687,N-linked,uniprotkb
Q8TCW9,14,N-linked,uniprotkb
O14817,152,N-linked,uniprotkb
Q13018,93,N-linked,uniprotkb
A6NJZ3,93,N-linked,uniprotkb
Q8NGH5,188,N-linked,uniprotkb
Q2TBF2,189,N-linked,uniprotkb
P23515,189,N-linked,uniprotkb
Q9BQ51,189,N-linked,uniprotkb
Q9UPU3,800,N-linked,uniprotkb
Q6EMK4,528,N-linked,uniprotkb
P18564,396,N-linked,uniprotkb
P14780,120,N-linked,uniprotkb
P07942,120,N-linked,uniprotkb
Q6P995,213,N-linked,uniprotkb
Q9BXR5,33,N-linked,uniprotkb
Q9H2Y9,597,N-linked,uniprotkb
Q9NYU1,920,N-linked,uniprotkb
Q9NR71,62,O-linked,uniprotkb
P58658,62,N-linked,uniprotkb
Q6UWI2,62,N-linked,uniprotkb
Q8N2S1,1055,N-linked,uniprotkb
Q5T197,349,N-linked,uniprotkb
Q13635,349,N-linked,uniprotkb
O75976,410,N-linked,uniprotkb
Q8IXH8,81,N-linked,uniprotkb
P33032,2,N-linked,uniprotkb
P17301,699,N-linked,uniprotkb
P56199,699,N-linked,uniprotkb
Q8TCT8,74,N-linked,uniprotkb
P56199,74,N-linked,uniprotkb
Q16363,465,N-linked,uniprotkb
Q9BXR6,126,N-linked,uniprotkb
P16112,126,N-linked,uniprotkb
Q9NTN9,542,N-linked,uniprotkb
P08581,930,N-linked,uniprotkb
Q14953,67,N-linked,uniprotkb
Q13002,67,N-linked,uniprotkb
P16662,67,N-linked,uniprotkb
A8MUP6,67,N-linked,uniprotkb
Q8TDB8,67,N-linked,uniprotkb
Q5DID0,1050,N-linked,uniprotkb
Q99102,3476,O-linked,uniprotkb
P20333,193,N-linked,uniprotkb
P55289,456,N-linked,uniprotkb
O75445,2937,N-linked,uniprotkb
Q11201,201,N-linked,uniprotkb
P04628,316,N-linked,uniprotkb
Q7Z7M9,316,N-linked,uniprotkb
Q8NGY3,21,N-linked,uniprotkb
P20594,277,N-linked,uniprotkb
Q6UXB8,403,N-linked,uniprotkb
Q8NGI3,12,N-linked,uniprotkb
Q1HG43,121,N-linked,uniprotkb
Q9P2E5,121,N-linked,uniprotkb
Q96MM7,592,N-linked,uniprotkb
Q8NH05,8,N-linked,uniprotkb
P28336,8,N-linked,uniprotkb
Q12913,790,N-linked,uniprotkb
P35590,596,N-linked,uniprotkb
Q6NSJ5,302,N-linked,uniprotkb
O75019,302,N-linked,uniprotkb
P10163,234,N-linked,uniprotkb
Q96JK4,234,N-linked,uniprotkb
Q9UKP5,234,N-linked,uniprotkb
Q96J65,405,N-linked,uniprotkb
A6NKB5,1553,N-linked,uniprotkb
Q8NBJ9,141,N-linked,uniprotkb
Q9H1U4,218,N-linked,uniprotkb
Q8N109,218,N-linked,uniprotkb
Q99935,218,N-linked,uniprotkb
Q9NR97,752,N-linked,uniprotkb
P14410,1748,N-linked,uniprotkb
Q9Y5G9,576,N-linked,uniprotkb
Q9Y5I3,548,N-linked,uniprotkb
Q9NR16,548,N-linked,uniprotkb
O75578,1011,N-linked,uniprotkb
P18505,174,N-linked,uniprotkb
P46095,51,N-linked,uniprotkb
Q6UWB1,51,N-linked,uniprotkb
Q96DR8,51,O-linked,uniprotkb
Q6UXM1,729,N-linked,uniprotkb
O00241,318,N-linked,uniprotkb
P48960,203,N-linked,uniprotkb
Q12913,603,N-linked,uniprotkb
P98164,388,N-linked,uniprotkb
P25063,52,N-linked,uniprotkb
Q6UXK2,52,N-linked,uniprotkb
P53708,719,N-linked,uniprotkb
O60500,356,N-linked,uniprotkb
O95393,131,N-linked,uniprotkb
Q96JJ7,313,N-linked,uniprotkb
Q9H2X0,351,N-linked,uniprotkb
Q8WY21,776,N-linked,uniprotkb
Q86WI1,122,O-linked,uniprotkb
Q9H5V8,122,N-linked,uniprotkb
O60486,692,N-linked,uniprotkb
P11215,692,N-linked,uniprotkb
A1E959,119,O-linked,uniprotkb
P0DQD5,19,N-linked,uniprotkb
Q9BPV8,31,N-linked,uniprotkb
A6NCL2,31,N-linked,uniprotkb
Q9NV64,31,N-linked,uniprotkb
Q6N022,1705,N-linked,uniprotkb
Q9NYV9,166,N-linked,uniprotkb
O15529,166,N-linked,uniprotkb
O43736,166,N-linked,uniprotkb
O43278,66,N-linked,uniprotkb
Q9H5I5,1013,N-linked,uniprotkb
P25391,1689,N-linked,uniprotkb
O75443,1048,N-linked,uniprotkb
Q86TD4,281,N-linked,uniprotkb
O00592,144,N-linked,uniprotkb
Q12841,144,N-linked,uniprotkb
Q92626,964,N-linked,uniprotkb
Q96MU5,136,N-linked,uniprotkb
Q8N131,96,N-linked,uniprotkb
Q01151,96,N-linked,uniprotkb
P38571,72,N-linked,uniprotkb
P48066,187,N-linked,uniprotkb
Q96PB1,187,N-linked,uniprotkb
Q8WWB7,187,N-linked,uniprotkb
P0DQD5,187,N-linked,uniprotkb
Q9Y5G4,389,N-linked,uniprotkb
Q8N6P7,80,N-linked,uniprotkb
Q6UWM7,80,N-linked,uniprotkb
Q96RP7,374,N-linked,uniprotkb
Q86X52,796,N-linked,uniprotkb
Q9BYT9,425,N-linked,uniprotkb
Q9NT99,425,N-linked,uniprotkb
Q86WC4,274,N-linked,uniprotkb
Q99523,274,N-linked,uniprotkb
Q9Y680,45,N-linked,uniprotkb
P53801,45,N-linked,uniprotkb
P57103,45,N-linked,uniprotkb
P30926,138,N-linked,uniprotkb
P59826,138,N-linked,uniprotkb
Q9NYK1,799,N-linked,uniprotkb
P98095,180,N-linked,uniprotkb
O43157,1183,N-linked,uniprotkb
Q9NY28,160,N-linked,uniprotkb
P14543,922,O-linked,uniprotkb
Q9H251,1473,N-linked,uniprotkb
P16519,524,N-linked,uniprotkb
Q14126,514,N-linked,uniprotkb
Q08708,90,N-linked,uniprotkb
P0C7U0,90,N-linked,uniprotkb
Q9H7T0,90,N-linked,uniprotkb
P34998,90,N-linked,uniprotkb
P56703,90,N-linked,uniprotkb
Q14627,115,N-linked,uniprotkb
P28845,207,N-linked,uniprotkb
O60476,631,N-linked,uniprotkb
Q8WYK1,571,N-linked,uniprotkb
O75054,43,N-linked,uniprotkb
P54849,43,N-linked,uniprotkb
P56705,297,N-linked,uniprotkb
Q8WUX1,226,N-linked,uniprotkb
Q6J4K2,60,N-linked,uniprotkb
P41586,60,N-linked,uniprotkb
Q96DR8,60,O-linked,uniprotkb
Q86SQ4,667,N-linked,uniprotkb
Q9Y5F3,419,N-linked,uniprotkb
P43628,84,N-linked,uniprotkb
Q5VU65,84,N-linked,uniprotkb
Q9Y2C2,84,N-linked,uniprotkb
O75445,2710,N-linked,uniprotkb
Q6PJG9,440,N-linked,uniprotkb
P49682,22,N-linked,uniprotkb
Q9P055,22,N-linked,uniprotkb
Q9BY67,308,N-linked,uniprotkb
Q9BZZ2,339,N-linked,uniprotkb
Q8TDX9,376,N-linked,uniprotkb
Q8TF66,369,N-linked,uniprotkb
Q12913,618,N-linked,uniprotkb
Q9ULQ1,611,N-linked,uniprotkb
Q16515,392,N-linked,uniprotkb
P20309,41,N-linked,uniprotkb
Q9UHX3,41,N-linked,uniprotkb
Q8N0V5,41,N-linked,uniprotkb
Q01453,41,N-linked,uniprotkb
Q6UW88,41,N-linked,uniprotkb
Q9Y5E5,417,N-linked,uniprotkb
P19320,417,N-linked,uniprotkb
Q9UQ72,104,N-linked,uniprotkb
A6NGW2,65,N-linked,uniprotkb
Q12913,172,N-linked,uniprotkb
Q6UXK2,474,N-linked,uniprotkb
Q9Y5I1,547,N-linked,uniprotkb
Q86SH4,44,N-linked,uniprotkb
P10153,44,N-linked,uniprotkb
Q9Y5Y9,1336,N-linked,uniprotkb
Q6UW60,629,N-linked,uniprotkb
Q9UN70,478,N-linked,uniprotkb
Q9UKJ8,478,N-linked,uniprotkb
Q14439,17,N-linked,uniprotkb
P36269,347,N-linked,uniprotkb
P14410,823,N-linked,uniprotkb
Q14264,399,N-linked,uniprotkb
Q9H251,941,N-linked,uniprotkb
O95427,128,N-linked,uniprotkb
Q86WC4,128,N-linked,uniprotkb
Q99062,128,N-linked,uniprotkb
Q8N807,128,N-linked,uniprotkb
Q3ZCN5,1289,N-linked,uniprotkb
A0A0B4J266,32,N-linked,uniprotkb
O00591,145,N-linked,uniprotkb
O43451,977,N-linked,uniprotkb
Q8N628,6,N-linked,uniprotkb
Q15617,6,N-linked,uniprotkb
Q9HB29,299,N-linked,uniprotkb
Q9BQT9,299,N-linked,uniprotkb
Q7Z7M9,395,N-linked,uniprotkb
A1E959,250,O-linked,uniprotkb
P25116,250,N-linked,uniprotkb
O15466,241,N-linked,uniprotkb
P06127,241,N-linked,uniprotkb
P51690,258,N-linked,uniprotkb
Q8NGT9,4,N-linked,uniprotkb
P48960,38,N-linked,uniprotkb
Q9UNE0,38,N-linked,uniprotkb
P14867,38,N-linked,uniprotkb
O43825,100,N-linked,uniprotkb
Q902F9,100,N-linked,uniprotkb
Q12879,75,N-linked,uniprotkb
Q9HAT1,75,N-linked,uniprotkb
P12319,75,N-linked,uniprotkb
Q8NG94,106,N-linked,uniprotkb
Q96QU1,1175,N-linked,uniprotkb
P32004,825,N-linked,uniprotkb
Q8IZF2,472,N-linked,uniprotkb
Q86XM0,472,N-linked,uniprotkb
P14415,159,N-linked,uniprotkb
Q6V0I7,483,N-linked,uniprotkb
Q14050,483,N-linked,uniprotkb
Q9ULI3,462,N-linked,uniprotkb
Q9Y5H2,48,N-linked,uniprotkb
P56202,205,N-linked,uniprotkb
Q01959,205,N-linked,uniprotkb
Q9NRC1,47,N-linked,uniprotkb
P07204,47,N-linked,uniprotkb
Q9BVV8,47,N-linked,uniprotkb
Q6ZP80,47,N-linked,uniprotkb
Q96QV1,416,N-linked,uniprotkb
Q6UY18,253,N-linked,uniprotkb
Q6P9A2,146,N-linked,uniprotkb
P24592,146,O-linked,uniprotkb
Q8TB96,146,N-linked,uniprotkb
Q9NYW3,167,N-linked,uniprotkb
Q99102,1391,O-linked,uniprotkb
Q9NYQ8,2007,N-linked,uniprotkb
Q15262,211,N-linked,uniprotkb
O14917,590,N-linked,uniprotkb
Q12770,590,N-linked,uniprotkb
P22001,279,N-linked,uniprotkb
Q96MU8,333,N-linked,uniprotkb
P51688,142,N-linked,uniprotkb
Q13478,255,N-linked,uniprotkb
P49641,95,N-linked,uniprotkb
Q8TB96,95,N-linked,uniprotkb
Q15485,300,N-linked,uniprotkb
P40200,300,N-linked,uniprotkb
Q9NR96,300,N-linked,uniprotkb
P59535,170,N-linked,uniprotkb
P48307,170,N-linked,uniprotkb
P40126,170,N-linked,uniprotkb
Q7Z5N4,679,N-linked,uniprotkb
P07333,428,N-linked,uniprotkb
Q7Z2Q7,266,N-linked,uniprotkb
Q8TE59,955,N-linked,uniprotkb
Q9UM73,563,N-linked,uniprotkb
Q7Z2D5,432,N-linked,uniprotkb
P52849,233,N-linked,uniprotkb
Q8TCW7,164,N-linked,uniprotkb
Q29980,164,N-linked,uniprotkb
Q9UKX5,291,N-linked,uniprotkb
Q9H251,1018,N-linked,uniprotkb
Q9H221,619,N-linked,uniprotkb
Q01113,156,N-linked,uniprotkb
P21754,156,O-linked,uniprotkb
Q02763,649,N-linked,uniprotkb
O15440,1044,N-linked,uniprotkb
Q8WVE7,36,N-linked,uniprotkb
Q8NGL6,36,N-linked,uniprotkb
Q9H114,42,N-linked,uniprotkb
P09848,42,N-linked,uniprotkb
A0A0B4J273,42,N-linked,uniprotkb
Q9NYP8,42,N-linked,uniprotkb
Q6AZY7,400,N-linked,uniprotkb
Q9BXR6,400,N-linked,uniprotkb
P11717,400,N-linked,uniprotkb
Q9HCU4,2024,N-linked,uniprotkb
O43699,163,N-linked,uniprotkb
P58743,163,N-linked,uniprotkb
Q5EB52,163,N-linked,uniprotkb
Q9UKY4,330,N-linked,uniprotkb
O15041,330,N-linked,uniprotkb
Q9H324,323,N-linked,uniprotkb
Q9NZR2,3894,N-linked,uniprotkb
Q99102,3547,O-linked,uniprotkb
Q99102,2916,O-linked,uniprotkb
Q99102,2507,O-linked,uniprotkb
Q9NZR2,2105,N-linked,uniprotkb
P98164,2547,N-linked,uniprotkb
Q99102,4297,O-linked,uniprotkb
Q99102,4175,O-linked,uniprotkb
Q9NYQ8,2387,N-linked,uniprotkb
Q99102,3678,O-linked,uniprotkb
Q99102,4043,O-linked,uniprotkb
Q99102,3780,O-linked,uniprotkb
Q7Z408,3001,N-linked,uniprotkb
Q6V0I7,3140,N-linked,uniprotkb
Q99102,3140,O-linked,uniprotkb
Q96RW7,3689,N-linked,uniprotkb
Q7Z408,3175,N-linked,uniprotkb
P98088,5057,N-linked,uniprotkb
Q8WXI7,13365,N-linked,uniprotkb
Q13751,810,N-linked,uniprotkb
Q99102,2911,O-linked,uniprotkb
Q96RW7,5267,N-linked,uniprotkb
Q9NYQ8,3471,N-linked,uniprotkb
P08F94,1883,N-linked,uniprotkb
Q6V0I7,880,N-linked,uniprotkb
P16112,2013,N-linked,uniprotkb
O75445,2195,N-linked,uniprotkb
P78509,2268,N-linked,uniprotkb
Q8TD84,1492,N-linked,uniprotkb
Q99102,952,O-linked,uniprotkb
Q99102,1412,O-linked,uniprotkb
Q99102,3444,O-linked,uniprotkb
Q8WWQ8,2064,N-linked,uniprotkb
O60494,2813,N-linked,uniprotkb
Q99102,2335,O-linked,uniprotkb
Q6N022,1799,N-linked,uniprotkb
Q8WWQ8,2368,N-linked,uniprotkb
Q6V0I7,1225,N-linked,uniprotkb
P08F94,3528,N-linked,uniprotkb
P35556,1945,N-linked,uniprotkb
Q8WXI7,3501,N-linked,uniprotkb
Q9NYQ7,2053,N-linked,uniprotkb
Q6N022,2188,N-linked,uniprotkb
Q99102,3355,O-linked,uniprotkb
Q99102,4198,O-linked,uniprotkb
Q14766,1250,N-linked,uniprotkb
Q02817,4612,N-linked,uniprotkb
O75096,1415,N-linked,uniprotkb
Q9NYQ8,3276,N-linked,uniprotkb
Q6N022,2328,N-linked,uniprotkb
P98164,1550,N-linked,uniprotkb
Q9UKZ4,1550,N-linked,uniprotkb
Q99102,1550,O-linked,uniprotkb
O75443,1851,N-linked,uniprotkb
Q96RW7,1369,N-linked,uniprotkb
O75445,2770,N-linked,uniprotkb
Q8WXI7,4624,N-linked,uniprotkb
Q99102,1343,O-linked,uniprotkb
P58397,1504,N-linked,uniprotkb
Q9UKZ4,1781,N-linked,uniprotkb
P04275,1468,O-linked,uniprotkb
Q6N022,1259,N-linked,uniprotkb
Q9NZR2,1209,N-linked,uniprotkb
A2VEC9,3174,N-linked,uniprotkb
P59510,1542,N-linked,uniprotkb
P46531,1241,N-linked,uniprotkb
Q8WXI7,957,N-linked,uniprotkb
P98088,4869,N-linked,uniprotkb
P19440,230,N-linked,uniprotkb
O95497,315,N-linked,uniprotkb
O60494,1168,N-linked,uniprotkb
P46531,1189,O-linked,uniprotkb
O95302,286,N-linked,uniprotkb
P10643,509,C-linked,uniprotkb
P12830,509,O-linked,uniprotkb
Q9BXN1,55,O-linked,uniprotkb
Q16620,178,N-linked,uniprotkb
P27918,139,C-linked,uniprotkb
P15289,158,N-linked,uniprotkb
O15118,158,N-linked,uniprotkb
Q9UMF0,137,N-linked,uniprotkb
P08519,329,N-linked,uniprotkb
P29120,632,O-linked,uniprotkb
Q9Y6X5,386,N-linked,uniprotkb
Q14623,282,N-linked,uniprotkb
Q9Y5S8,236,N-linked,uniprotkb
Q99102,1637,N-linked,uniprotkb
P54802,272,N-linked,uniprotkb
P38571,321,N-linked,uniprotkb
P21860,408,N-linked,uniprotkb
P02790,24,O-linked,uniprotkb
P42658,813,N-linked,uniprotkb
P11117,92,N-linked,uniprotkb
P28827,454,N-linked,uniprotkb
Q92956,110,N-linked,uniprotkb
Q9UK55,197,N-linked,uniprotkb
P13688,197,N-linked,uniprotkb
P07359,491,O-linked,uniprotkb
P48551,87,N-linked,uniprotkb
O95497,353,N-linked,uniprotkb
P12821,760,N-linked,uniprotkb
Q4U2R8,113,N-linked,uniprotkb
P10643,754,N-linked,uniprotkb
Q4G0M1,243,N-linked,uniprotkb
P13473,49,N-linked,uniprotkb
P09619,307,N-linked,uniprotkb
P15151,307,N-linked,uniprotkb
Q00975,256,N-linked,uniprotkb
Q9UBS4,261,N-linked,uniprotkb
A0A0K0K1C4,103,N-linked,uniprotkb
P16278,498,N-linked,uniprotkb
Q13683,1025,N-linked,uniprotkb
O60883,79,O-linked,uniprotkb
Q8NBJ7,191,N-linked,uniprotkb
P24821,1184,N-linked,uniprotkb
P22413,643,N-linked,uniprotkb
Q07075,340,N-linked,uniprotkb
P08648,182,N-linked,uniprotkb
P05155,238,N-linked,uniprotkb
Q13219,429,N-linked,uniprotkb
Q68CQ7,249,N-linked,uniprotkb
P05154,249,N-linked,uniprotkb
Q92542,264,N-linked,uniprotkb
P07498,133,O-linked,uniprotkb
P08603,529,N-linked,uniprotkb
P49961,292,N-linked,uniprotkb
O60656,292,N-linked,uniprotkb
Q99467,78,N-linked,uniprotkb
Q9NQS3,331,N-linked,uniprotkb
P01861,177,N-linked,uniprotkb
P18428,394,N-linked,uniprotkb
P07996,394,O-linked,uniprotkb
Q9BYF1,322,N-linked,uniprotkb
P01024,85,N-linked,uniprotkb
Q96BQ1,107,N-linked,uniprotkb
P00740,107,O-linked,uniprotkb
P33527,1006,N-linked,uniprotkb
O95302,397,N-linked,uniprotkb
Q6ZMJ2,397,N-linked,uniprotkb
Q14766,647,O-linked,uniprotkb
O15455,70,N-linked,uniprotkb
P05156,70,N-linked,uniprotkb
P29460,222,N-linked,uniprotkb
P20333,222,O-linked,uniprotkb
P19835,673,O-linked,uniprotkb
Q92823,276,N-linked,uniprotkb
P06681,621,N-linked,uniprotkb
Q07954,1763,N-linked,uniprotkb
P01266,816,N-linked,uniprotkb
P40199,309,N-linked,uniprotkb
Q6P1J6,690,N-linked,uniprotkb
P22891,332,N-linked,uniprotkb
P10643,503,C-linked,uniprotkb
O00241,244,N-linked,uniprotkb
P46531,609,O-linked,uniprotkb
Q92954,427,O-linked,uniprotkb
P19835,640,O-linked,uniprotkb
P27352,413,N-linked,uniprotkb
P06731,612,N-linked,uniprotkb
Q12884,314,N-linked,uniprotkb
P05067,652,O-linked,uniprotkb
P0CF51,120,N-linked,uniprotkb
P07498,151,O-linked,uniprotkb
P46531,349,O-linked,uniprotkb
P01111,35,O-linked,uniprotkb
P12830,578,O-linked,uniprotkb
O14638,699,N-linked,uniprotkb
P04921,26,O-linked,uniprotkb
P34059,423,N-linked,uniprotkb
Q6NUJ1,201,N-linked,uniprotkb
Q92954,277,O-linked,uniprotkb
P40225,234,N-linked,uniprotkb
Q6P179,405,N-linked,uniprotkb
P01589,218,O-linked,uniprotkb
P31645,217,N-linked,uniprotkb
Q5FWE3,363,O-linked,uniprotkb
O60931,51,N-linked,uniprotkb
Q13201,729,N-linked,uniprotkb
P33151,157,N-linked,uniprotkb
P35968,318,N-linked,uniprotkb
Q5HYA8,318,N-linked,uniprotkb
P10646,203,O-linked,uniprotkb
P46531,1362,O-linked,uniprotkb
P20061,343,N-linked,uniprotkb
O95342,122,N-linked,uniprotkb
P21815,119,O-linked,uniprotkb
Q96G23,19,N-linked,uniprotkb
Q16620,280,N-linked,uniprotkb
Q96FE5,293,N-linked,uniprotkb
P04629,262,N-linked,uniprotkb
P01848,66,N-linked,uniprotkb
Q70UQ0,144,N-linked,uniprotkb
P06681,467,N-linked,uniprotkb
P16150,136,O-linked,uniprotkb
Q8IWA5,187,N-linked,uniprotkb
P48357,187,N-linked,uniprotkb
P24821,1093,N-linked,uniprotkb
Q9NY15,2347,N-linked,uniprotkb
P01876,109,O-linked,uniprotkb
Q13822,525,N-linked,uniprotkb
P04921,9,O-linked,uniprotkb
P55344,43,C-linked,uniprotkb
Q9UKY0,43,O-linked,uniprotkb
P12259,297,N-linked,uniprotkb
P19827,60,S-linked,uniprotkb
P02786,317,N-linked,uniprotkb
P21860,414,N-linked,uniprotkb
P13598,82,N-linked,uniprotkb
P05113,22,O-linked,uniprotkb
Q92954,376,O-linked,uniprotkb
P43308,104,N-linked,uniprotkb
P15391,125,N-linked,uniprotkb
P11047,1161,N-linked,uniprotkb
O15431,27,O-linked,uniprotkb
Q16853,294,N-linked,uniprotkb
P48357,750,N-linked,uniprotkb
P55056,63,N-linked,uniprotkb
P11912,63,N-linked,uniprotkb
P49908,128,N-linked,uniprotkb
O15118,1064,N-linked,uniprotkb
P38571,161,N-linked,uniprotkb
P14384,38,N-linked,uniprotkb
O94886,38,N-linked,uniprotkb
P29016,75,N-linked,uniprotkb
Q99467,451,N-linked,uniprotkb
P13612,518,N-linked,uniprotkb
P01042,205,N-linked,uniprotkb
Q99075,47,O-linked,uniprotkb
Q13467,47,N-linked,uniprotkb
P0DTU3,167,N-linked,uniprotkb
P0C0L5,1391,N-linked,uniprotkb
Q92545,300,N-linked,uniprotkb
P08514,878,O-linked,uniprotkb
Q9BYF1,432,N-linked,uniprotkb
O15455,291,N-linked,uniprotkb
Q92954,962,O-linked,uniprotkb
P01023,869,N-linked,uniprotkb
P05106,585,N-linked,uniprotkb
Q9HBX9,36,N-linked,uniprotkb
P52799,36,N-linked,uniprotkb
Q8IU57,36,N-linked,uniprotkb
Q687X5,323,N-linked,uniprotkb
P01266,2749,O-linked,uniprotkb
Q99102,4768,N-linked,uniprotkb
P98088,4490,O-linked,uniprotkb
P98088,4330,O-linked,uniprotkb
Q16363,810,N-linked,uniprotkb
P98088,2699,O-linked,uniprotkb
P98088,4440,O-linked,uniprotkb
O15230,2568,N-linked,uniprotkb
Q14416,286,N-linked,uniprotkb
P01871,272,N-linked,uniprotkb
Q6ZXV5,541,N-linked,uniprotkb
Q8NDA2,2581,N-linked,uniprotkb
P01909,143,N-linked,uniprotkb
Q13563,375,N-linked,uniprotkb
P21802,123,N-linked,uniprotkb
O95858,189,N-linked,uniprotkb
P28472,33,N-linked,uniprotkb
P40259,101,N-linked,uniprotkb
Q9BRN9,140,N-linked,uniprotkb
P56373,194,N-linked,uniprotkb
Q8NDA2,1909,N-linked,uniprotkb
P55011,553,N-linked,uniprotkb
Q99435,517,N-linked,uniprotkb
Q8NDA2,2516,N-linked,uniprotkb
Q8NDA2,4435,N-linked,uniprotkb
P54107,230,N-linked,uniprotkb
O15394,406,N-linked,uniprotkb
P13591,315,N-linked,uniprotkb
P22607,315,N-linked,uniprotkb
Q14943,179,N-linked,uniprotkb
Q5JXA9,179,N-linked,uniprotkb
P16234,179,N-linked,uniprotkb
A2VEC9,515,N-linked,uniprotkb
P47211,183,N-linked,uniprotkb
Q96Q91,183,N-linked,uniprotkb
Q9C0A0,748,N-linked,uniprotkb
P56199,748,N-linked,uniprotkb
P78333,495,O-linked,uniprotkb
Q9UM73,411,N-linked,uniprotkb
Q96PZ7,2894,N-linked,uniprotkb
Q58DX5,759,N-linked,uniprotkb
P98088,5386,N-linked,uniprotkb
Q685J3,4236,N-linked,uniprotkb
P56199,939,N-linked,uniprotkb
Q99102,1726,O-linked,uniprotkb
Q99102,1503,O-linked,uniprotkb
Q5VV63,1157,N-linked,uniprotkb
P98161,2353,N-linked,uniprotkb
Q6V1P9,1172,N-linked,uniprotkb
P08F94,2535,N-linked,uniprotkb
Q8WWQ8,1993,N-linked,uniprotkb
Q99102,2571,O-linked,uniprotkb
Q9BQR3,55,N-linked,uniprotkb
P59533,178,N-linked,uniprotkb
P04275,2357,N-linked,uniprotkb
P52799,139,N-linked,uniprotkb
Q9H4G1,139,N-linked,uniprotkb
O75022,139,N-linked,uniprotkb
Q6UXZ0,158,N-linked,uniprotkb
P78357,843,N-linked,uniprotkb
P35590,83,N-linked,uniprotkb
Q6UXZ0,83,N-linked,uniprotkb
Q9BZA8,805,N-linked,uniprotkb
Q9Y6L7,805,N-linked,uniprotkb
P78552,329,N-linked,uniprotkb
Q8NGH7,20,N-linked,uniprotkb
Q8IY17,20,N-linked,uniprotkb
O00469,725,N-linked,uniprotkb
Q13740,306,N-linked,uniprotkb
P41231,13,N-linked,uniprotkb
P28799,236,N-linked,uniprotkb
Q9BQS7,236,N-linked,uniprotkb
Q99102,1108,O-linked,uniprotkb
Q9H7T0,321,N-linked,uniprotkb
O95436,321,N-linked,uniprotkb
Q99574,321,N-linked,uniprotkb
Q9UQ52,368,N-linked,uniprotkb
Q6UY09,368,N-linked,uniprotkb
Q9UKF5,368,N-linked,uniprotkb
P38567,368,N-linked,uniprotkb
Q92673,368,N-linked,uniprotkb
O75356,368,N-linked,uniprotkb
Q99102,2452,O-linked,uniprotkb
P58215,481,N-linked,uniprotkb
O96005,28,N-linked,uniprotkb
Q9ULC0,28,N-linked,uniprotkb
P60509,408,N-linked,uniprotkb
Q9UHC9,626,N-linked,uniprotkb
O60500,908,N-linked,uniprotkb
O95150,229,N-linked,uniprotkb
Q86SQ4,605,N-linked,uniprotkb
Q8N807,540,N-linked,uniprotkb
P48146,24,N-linked,uniprotkb
P50052,24,N-linked,uniprotkb
Q6UXG3,208,O-linked,uniprotkb
Q2HXU8,91,N-linked,uniprotkb
O94898,91,N-linked,uniprotkb
P08183,91,N-linked,uniprotkb
Q8WZ79,278,N-linked,uniprotkb
Q6U841,674,N-linked,uniprotkb
O75445,2581,N-linked,uniprotkb
O15031,391,N-linked,uniprotkb
Q13349,391,N-linked,uniprotkb
Q8NFQ6,415,N-linked,uniprotkb
P25391,1717,N-linked,uniprotkb
P61565,127,N-linked,uniprotkb
Q6UXG3,155,O-linked,uniprotkb
Q9H251,155,N-linked,uniprotkb
Q70JA7,155,N-linked,uniprotkb
Q9NYQ8,39,N-linked,uniprotkb
O95980,39,N-linked,uniprotkb
Q86WI1,445,O-linked,uniprotkb
O00206,630,N-linked,uniprotkb
O75093,630,N-linked,uniprotkb
Q9HCU0,630,O-linked,uniprotkb
Q96SE0,10,N-linked,uniprotkb
Q96P68,10,N-linked,uniprotkb
Q9Y226,92,N-linked,uniprotkb
Q9Y5E9,169,N-linked,uniprotkb
Q99965,220,N-linked,uniprotkb
P10163,108,N-linked,uniprotkb
Q6P4F1,110,N-linked,uniprotkb
Q13873,110,N-linked,uniprotkb
P40967,568,N-linked,uniprotkb
P30530,345,N-linked,uniprotkb
P30203,345,N-linked,uniprotkb
Q9P273,345,N-linked,uniprotkb
O60391,344,N-linked,uniprotkb
P57789,147,N-linked,uniprotkb
O95477,1144,N-linked,uniprotkb
Q8NGN8,87,N-linked,uniprotkb
Q8N6C5,53,N-linked,uniprotkb
Q13275,53,N-linked,uniprotkb
Q9BY67,165,N-linked,uniprotkb
Q8WY21,847,N-linked,uniprotkb
Q6V1P9,905,N-linked,uniprotkb
Q9UKX5,1059,N-linked,uniprotkb
Q8NI17,37,N-linked,uniprotkb
O75121,37,N-linked,uniprotkb
Q9UKP5,724,N-linked,uniprotkb
Q5VXM1,435,N-linked,uniprotkb
P61565,565,N-linked,uniprotkb
Q9NT99,422,N-linked,uniprotkb
Q16322,334,N-linked,uniprotkb
Q9NYQ6,1979,N-linked,uniprotkb
P22794,49,N-linked,uniprotkb
P80108,307,N-linked,uniprotkb
Q9NY46,307,N-linked,uniprotkb
P55259,362,N-linked,uniprotkb
Q6UXG2,672,N-linked,uniprotkb
O00461,257,N-linked,uniprotkb
Q8IZF3,257,N-linked,uniprotkb
Q8TAB3,261,N-linked,uniprotkb
Q9NYK1,523,N-linked,uniprotkb
P35498,295,N-linked,uniprotkb
O43820,215,N-linked,uniprotkb
Q8TBF5,103,N-linked,uniprotkb
Q8NGF1,7,N-linked,uniprotkb
Q0D2K0,7,N-linked,uniprotkb
Q9NR97,443,N-linked,uniprotkb
Q6V1P9,1275,N-linked,uniprotkb
P24071,79,N-linked,uniprotkb
Q6UW56,79,N-linked,uniprotkb
P13385,79,N-linked,uniprotkb
O95222,191,N-linked,uniprotkb
Q6UY18,191,N-linked,uniprotkb
Q96FT7,191,N-linked,uniprotkb
P78536,452,N-linked,uniprotkb
Q0VAQ4,23,O-linked,uniprotkb
Q99705,23,N-linked,uniprotkb
O15031,844,N-linked,uniprotkb
O94911,1373,N-linked,uniprotkb
O95460,69,N-linked,uniprotkb
Q9HD43,434,N-linked,uniprotkb
O75445,697,N-linked,uniprotkb
Q13936,1436,N-linked,uniprotkb
O60500,680,N-linked,uniprotkb
Q8NH48,153,N-linked,uniprotkb
O75054,655,N-linked,uniprotkb
P07585,303,N-linked,uniprotkb
P40200,497,N-linked,uniprotkb
Q10472,552,N-linked,uniprotkb
Q9HCU0,448,O-linked,uniprotkb
P24043,1810,N-linked,uniprotkb
P98153,196,N-linked,uniprotkb
Q6ZMB0,196,N-linked,uniprotkb
Q6UWL2,348,N-linked,uniprotkb
Q3MIW9,88,N-linked,uniprotkb
Q9NYQ8,996,N-linked,uniprotkb
Q9Y6N8,438,N-linked,uniprotkb
P60508,133,N-linked,uniprotkb
Q9NPH5,133,N-linked,uniprotkb
P41732,54,N-linked,uniprotkb
P22894,54,N-linked,uniprotkb
Q9Y6L7,171,N-linked,uniprotkb
O95490,99,N-linked,uniprotkb
Q9Y267,99,N-linked,uniprotkb
Q9UBX8,99,N-linked,uniprotkb
Q13007,99,N-linked,uniprotkb
Q9NRJ7,418,N-linked,uniprotkb
Q13591,933,N-linked,uniprotkb
Q6Q8B3,86,N-linked,uniprotkb
P32004,979,N-linked,uniprotkb
Q9HB29,59,N-linked,uniprotkb
Q96DR8,59,O-linked,uniprotkb
Q9Y672,59,N-linked,uniprotkb
Q8NGY7,190,N-linked,uniprotkb
Q9NZV5,190,N-linked,uniprotkb
Q93086,202,N-linked,uniprotkb
Q9UM73,986,N-linked,uniprotkb
O43451,1255,N-linked,uniprotkb
P12259,468,N-linked,uniprotkb
O00300,289,N-linked,uniprotkb
Q9NSC7,331,N-linked,uniprotkb
Q03167,492,N-linked,uniprotkb
Q8IXH8,177,N-linked,uniprotkb
P41732,177,N-linked,uniprotkb
Q9HBW9,177,N-linked,uniprotkb
P55103,143,N-linked,uniprotkb
O95157,143,N-linked,uniprotkb
Q9UBV4,143,N-linked,uniprotkb
Q8WUG5,143,N-linked,uniprotkb
Q14524,740,N-linked,uniprotkb
Q16478,322,N-linked,uniprotkb
O95672,322,N-linked,uniprotkb
P09326,40,N-linked,uniprotkb
Q9H1U4,40,N-linked,uniprotkb
Q14002,85,N-linked,uniprotkb
Q5R3F8,85,N-linked,uniprotkb
O14788,198,N-linked,uniprotkb
P30530,198,N-linked,uniprotkb
P35498,284,N-linked,uniprotkb
O15466,284,N-linked,uniprotkb
P59826,284,N-linked,uniprotkb
Q8N6C5,846,N-linked,uniprotkb
P43251,489,N-linked,uniprotkb
P07949,361,N-linked,uniprotkb
P24043,2045,N-linked,uniprotkb
Q9NRD8,455,N-linked,uniprotkb
P55287,455,N-linked,uniprotkb
Q6PXP3,57,N-linked,uniprotkb
Q96SK2,57,N-linked,uniprotkb
Q9NPH3,57,N-linked,uniprotkb
Q8NGX9,186,N-linked,uniprotkb
Q9BVX2,186,N-linked,uniprotkb
Q6ZTQ4,186,N-linked,uniprotkb
P04628,359,N-linked,uniprotkb
Q76KP1,105,N-linked,uniprotkb
Q9Y6Q6,105,N-linked,uniprotkb
Q9HCN3,431,N-linked,uniprotkb
Q99102,3883,O-linked,uniprotkb
P54289,888,N-linked,uniprotkb
Q99102,1204,O-linked,uniprotkb
Q9NY97,89,N-linked,uniprotkb
Q16394,89,N-linked,uniprotkb
Q9H3T2,70,N-linked,uniprotkb
Q9Y5Y6,485,N-linked,uniprotkb
Q9ULW2,485,N-linked,uniprotkb
P14151,232,N-linked,uniprotkb
Q9N2J8,222,N-linked,uniprotkb
Q9NZW4,222,N-linked,uniprotkb
P49961,227,N-linked,uniprotkb
P55291,227,N-linked,uniprotkb
Q13291,102,N-linked,uniprotkb
Q8TCC7,102,N-linked,uniprotkb
Q9GZP0,276,N-linked,uniprotkb
O00748,276,N-linked,uniprotkb
P58215,111,N-linked,uniprotkb
Q9UQ74,111,N-linked,uniprotkb
A6NM76,3,N-linked,uniprotkb
Q9NS67,3,N-linked,uniprotkb
Q8NGN5,3,N-linked,uniprotkb
P82279,975,N-linked,uniprotkb
Q04656,975,N-linked,uniprotkb
Q12836,219,N-linked,uniprotkb
Q9ULL4,1101,N-linked,uniprotkb
Q12864,546,N-linked,uniprotkb
Q8N3G9,34,N-linked,uniprotkb
P23471,587,O-linked,uniprotkb
Q99062,610,N-linked,uniprotkb
Q9Y5F1,487,N-linked,uniprotkb
Q8WYK1,355,N-linked,uniprotkb
P98073,116,N-linked,uniprotkb
Q92729,685,N-linked,uniprotkb
O75882,863,N-linked,uniprotkb
Q9H2U9,584,N-linked,uniprotkb
Q9NT22,732,N-linked,uniprotkb
Q14002,112,N-linked,uniprotkb
P15260,240,N-linked,uniprotkb
Q6UXG3,195,O-linked,uniprotkb
Q8IUA7,195,N-linked,uniprotkb
Q96DZ1,195,N-linked,uniprotkb
Q76B58,609,N-linked,uniprotkb
Q9GZU5,427,N-linked,uniprotkb
P01042,577,O-linked,uniprotkb
Q9UKU9,192,N-linked,uniprotkb
Q12913,231,N-linked,uniprotkb
Q8N3Y3,231,N-linked,uniprotkb
O96009,336,N-linked,uniprotkb
Q96S42,199,N-linked,uniprotkb
Q8NGA4,199,N-linked,uniprotkb
Q8TCT7,129,N-linked,uniprotkb
Q4G0T1,129,N-linked,uniprotkb
Q8TB96,371,N-linked,uniprotkb
Q8N0Y5,5,N-linked,uniprotkb
Q8NGI4,5,N-linked,uniprotkb
Q8NGH9,5,N-linked,uniprotkb
Q8NGA6,5,N-linked,uniprotkb
Q8NGI7,5,N-linked,uniprotkb
Q9NPE2,268,N-linked,uniprotkb
P51689,61,N-linked,uniprotkb
P11465,61,N-linked,uniprotkb
P23467,1470,N-linked,uniprotkb
Q9BXB1,314,N-linked,uniprotkb
Q8N6C5,607,N-linked,uniprotkb
Q6Q4G3,607,N-linked,uniprotkb
P08581,607,N-linked,uniprotkb
A4D0S4,246,N-linked,uniprotkb
Q8IVU1,246,N-linked,uniprotkb
Q96G97,242,N-linked,uniprotkb
Q9UPU3,953,N-linked,uniprotkb
Q96PE5,14,O-linked,uniprotkb
Q92637,152,N-linked,uniprotkb
P61647,93,N-linked,uniprotkb
P0DPF4,93,N-linked,uniprotkb
Q8IWU5,132,N-linked,uniprotkb
P15848,188,N-linked,uniprotkb
O75581,486,N-linked,uniprotkb
Q86TY3,189,N-linked,uniprotkb
Q9UBX8,367,N-linked,uniprotkb
Q9Y2A9,367,N-linked,uniprotkb
Q9UKY4,528,N-linked,uniprotkb
Q58DX5,373,N-linked,uniprotkb
Q99102,2164,O-linked,uniprotkb
Q07954,1218,N-linked,uniprotkb
Q9NR16,120,N-linked,uniprotkb
A6NGU5,120,N-linked,uniprotkb
Q6ZVN8,213,N-linked,uniprotkb
P23229,966,N-linked,uniprotkb
P35442,151,N-linked,uniprotkb
Q96P44,62,N-linked,uniprotkb
Q6UXV0,62,N-linked,uniprotkb
P0DKB5,62,N-linked,uniprotkb
Q86SJ6,545,N-linked,uniprotkb
Q9H251,349,N-linked,uniprotkb
P16109,212,N-linked,uniprotkb
Q01344,35,N-linked,uniprotkb
Q9HC73,101,N-linked,uniprotkb
P49763,101,N-linked,uniprotkb
Q9HCU4,1565,N-linked,uniprotkb
Q9P126,68,N-linked,uniprotkb
P29376,380,N-linked,uniprotkb
Q15109,81,N-linked,uniprotkb
Q96T91,81,N-linked,uniprotkb
Q8NE79,2,N-linked,uniprotkb
P15391,181,N-linked,uniprotkb
P06213,782,N-linked,uniprotkb
Q16288,267,N-linked,uniprotkb
Q5TIE3,140,N-linked,uniprotkb
Q8IYJ0,140,O-linked,uniprotkb
Q9HBB8,140,N-linked,uniprotkb
Q15262,140,N-linked,uniprotkb
Q7Z408,1876,N-linked,uniprotkb
Q86SQ3,245,N-linked,uniprotkb
Q9H3T3,74,N-linked,uniprotkb
P60507,346,N-linked,uniprotkb
Q13275,126,N-linked,uniprotkb
P43632,67,N-linked,uniprotkb
D3W0D1,67,N-linked,uniprotkb
O75121,67,N-linked,uniprotkb
Q9UQ52,193,N-linked,uniprotkb
Q6UWY0,193,N-linked,uniprotkb
Q9NZR2,1041,N-linked,uniprotkb
Q12864,456,N-linked,uniprotkb
Q13621,456,N-linked,uniprotkb
Q7Z408,2937,N-linked,uniprotkb
P98073,848,N-linked,uniprotkb
Q14264,201,N-linked,uniprotkb
Q9HBW9,21,N-linked,uniprotkb
Q8IZF7,21,N-linked,uniprotkb
Q8NCM2,403,N-linked,uniprotkb
Q0D2K0,12,N-linked,uniprotkb
P32004,479,N-linked,uniprotkb
Q9Y5F6,265,N-linked,uniprotkb
Q9UBP4,121,N-linked,uniprotkb
A2VEC9,1353,N-linked,uniprotkb
Q9BX79,8,N-linked,uniprotkb
Q9BZJ7,8,N-linked,uniprotkb
P47881,8,N-linked,uniprotkb
Q8TEM1,681,N-linked,uniprotkb
Q9HCB6,681,N-linked,uniprotkb
P35858,580,N-linked,uniprotkb
Q96LA5,234,N-linked,uniprotkb
Q16827,712,N-linked,uniprotkb
Q6WRI0,1899,N-linked,uniprotkb
O95965,405,N-linked,uniprotkb
Q7Z7M0,217,N-linked,uniprotkb
P16109,665,N-linked,uniprotkb
Q86UP0,548,N-linked,uniprotkb
Q9UN72,548,N-linked,uniprotkb
O75445,1011,N-linked,uniprotkb
P49908,174,N-linked,uniprotkb
P62079,174,N-linked,uniprotkb
Q9UMS5,363,N-linked,uniprotkb
Q9P2S2,338,N-linked,uniprotkb
E5RIL1,51,N-linked,uniprotkb
P23467,1274,N-linked,uniprotkb
Q8TD84,809,N-linked,uniprotkb
P23945,318,N-linked,uniprotkb
Q9NR16,972,N-linked,uniprotkb
O75093,801,N-linked,uniprotkb
P11215,801,N-linked,uniprotkb
Q8NBJ9,603,N-linked,uniprotkb
Q16820,603,O-linked,uniprotkb
Q14832,439,N-linked,uniprotkb
Q13421,388,N-linked,uniprotkb
Q9UKN1,738,N-linked,uniprotkb
Q8IZF2,398,N-linked,uniprotkb
Q7RTW8,398,N-linked,uniprotkb
Q13349,1045,N-linked,uniprotkb
P20783,131,N-linked,uniprotkb
Q92485,343,N-linked,uniprotkb
Q9H013,645,N-linked,uniprotkb
P82279,313,N-linked,uniprotkb
Q6UWM9,313,N-linked,uniprotkb
Q9Y4D7,224,N-linked,uniprotkb
P98161,2050,N-linked,uniprotkb
P98073,534,N-linked,uniprotkb
Q96KJ4,122,N-linked,uniprotkb
Q99965,122,N-linked,uniprotkb
Q15389,122,N-linked,uniprotkb
P50391,19,N-linked,uniprotkb
Q96RI9,19,N-linked,uniprotkb
P16671,134,N-linked,uniprotkb
Q9BYE9,134,N-linked,uniprotkb
Q92876,134,N-linked,uniprotkb
Q12999,134,N-linked,uniprotkb
O60241,560,N-linked,uniprotkb
O43424,293,N-linked,uniprotkb
Q99999,66,N-linked,uniprotkb
Q07954,114,N-linked,uniprotkb
P40313,114,N-linked,uniprotkb
Q8NFQ5,114,N-linked,uniprotkb
P98161,746,N-linked,uniprotkb
A8K2U0,281,N-linked,uniprotkb
Q86SJ2,281,N-linked,uniprotkb
Q9BZM2,144,N-linked,uniprotkb
Q13443,144,N-linked,uniprotkb
Q86Y34,144,N-linked,uniprotkb
O60235,144,N-linked,uniprotkb
Q9Y2C9,144,N-linked,uniprotkb
P22897,926,N-linked,uniprotkb
Q8IU80,136,N-linked,uniprotkb
P25445,136,N-linked,uniprotkb
Q6UXG3,96,N-linked,uniprotkb
A0A578,96,N-linked,uniprotkb
Q9NX78,407,N-linked,uniprotkb
P98164,463,N-linked,uniprotkb
Q16288,72,N-linked,uniprotkb
P60507,247,N-linked,uniprotkb
Q96LB8,247,N-linked,uniprotkb
Q99102,3460,O-linked,uniprotkb
Q6DWJ6,11,N-linked,uniprotkb
Q14973,11,N-linked,uniprotkb
Q9UPZ6,968,N-linked,uniprotkb
Q68BL8,187,N-linked,uniprotkb
O75015,187,N-linked,uniprotkb
P09603,154,N-linked,uniprotkb
P57789,148,N-linked,uniprotkb
P40200,148,N-linked,uniprotkb
P20848,148,N-linked,uniprotkb
Q9UJA9,389,N-linked,uniprotkb
Q13444,389,N-linked,uniprotkb
P49641,1093,N-linked,uniprotkb
A1L4H1,168,N-linked,uniprotkb
Q5VUY2,168,N-linked,uniprotkb
Q8J025,168,N-linked,uniprotkb
O15031,795,N-linked,uniprotkb
O94911,919,N-linked,uniprotkb
P60852,379,N-linked,uniprotkb
Q8IZS7,109,N-linked,uniprotkb
Q5DID0,109,N-linked,uniprotkb
Q96MU8,45,N-linked,uniprotkb
P08581,45,N-linked,uniprotkb
Q6P7N7,45,N-linked,uniprotkb
Q9Y337,173,N-linked,uniprotkb
Q8WXD0,138,N-linked,uniprotkb
P15391,138,N-linked,uniprotkb
Q12913,669,N-linked,uniprotkb
Q9Y5L3,378,N-linked,uniprotkb
Q9H5V8,180,N-linked,uniprotkb
Q16581,194,N-linked,uniprotkb
P12111,2331,N-linked,uniprotkb
Q92673,430,N-linked,uniprotkb
O43451,707,N-linked,uniprotkb
P12319,160,N-linked,uniprotkb
Q96PZ7,1015,N-linked,uniprotkb
Q8TE59,1015,N-linked,uniprotkb
Q9UBS5,514,N-linked,uniprotkb
Q6UW01,90,N-linked,uniprotkb
Q2VWP7,90,N-linked,uniprotkb
Q9NT22,616,N-linked,uniprotkb
Q09328,115,N-linked,uniprotkb
Q6UXG3,207,O-linked,uniprotkb
O75830,207,N-linked,uniprotkb
Q9Y2G8,631,N-linked,uniprotkb
Q9Y6N6,631,N-linked,uniprotkb
P11169,43,N-linked,uniprotkb
O95980,297,N-linked,uniprotkb
Q9Y548,297,N-linked,uniprotkb
Q9P1W8,317,N-linked,uniprotkb
Q5T601,317,N-linked,uniprotkb
Q96QU1,419,N-linked,uniprotkb
P46721,419,N-linked,uniprotkb
Q9Y5G2,419,N-linked,uniprotkb
O75056,84,O-linked,uniprotkb
A0A0B4J234,84,N-linked,uniprotkb
A0A0J9YXY3,84,N-linked,uniprotkb
Q9BZZ2,741,N-linked,uniprotkb
Q7Z5N4,1893,N-linked,uniprotkb
Q8TDN2,440,N-linked,uniprotkb
P82987,1330,N-linked,uniprotkb
P46663,22,N-linked,uniprotkb
Q96FT7,376,N-linked,uniprotkb
Q9Y493,1804,N-linked,uniprotkb
Q9UJA9,369,N-linked,uniprotkb
Q9NQ79,618,O-linked,uniprotkb
P78357,420,N-linked,uniprotkb
Q9Y3Q7,611,N-linked,uniprotkb
A1E959,263,O-linked,uniprotkb
P14778,263,N-linked,uniprotkb
Q9H4D0,716,N-linked,uniprotkb
A6NDX4,41,N-linked,uniprotkb
Q09327,259,N-linked,uniprotkb
P25116,259,N-linked,uniprotkb
Q96T54,65,N-linked,uniprotkb
P19526,65,N-linked,uniprotkb
Q8WWB7,65,N-linked,uniprotkb
Q8N967,125,N-linked,uniprotkb
P55899,125,N-linked,uniprotkb
Q14517,791,N-linked,uniprotkb
Q86UP2,172,N-linked,uniprotkb
Q9UBY5,172,N-linked,uniprotkb
Q9UKP5,172,N-linked,uniprotkb
Q8IWB1,27,N-linked,uniprotkb
P0DMC3,27,N-linked,uniprotkb
Q8N6Y1,803,N-linked,uniprotkb
Q12864,722,N-linked,uniprotkb
O75084,63,N-linked,uniprotkb
P04141,44,N-linked,uniprotkb
Q93033,44,N-linked,uniprotkb
B6A8C7,44,N-linked,uniprotkb
Q8NG75,17,N-linked,uniprotkb
Q96RJ0,17,N-linked,uniprotkb
Q2M3G0,17,N-linked,uniprotkb
P25929,17,N-linked,uniprotkb
P98161,50,N-linked,uniprotkb
P56199,1083,N-linked,uniprotkb
O14836,128,N-linked,uniprotkb
P78357,128,N-linked,uniprotkb
Q9H013,444,N-linked,uniprotkb
Q3KNS1,275,N-linked,uniprotkb
Q9BWV1,275,N-linked,uniprotkb
Q8TCU5,275,N-linked,uniprotkb
Q8NC42,145,N-linked,uniprotkb
P08172,6,N-linked,uniprotkb
Q9NPB9,6,N-linked,uniprotkb
Q8N130,299,N-linked,uniprotkb
O00468,250,N-linked,uniprotkb
Q6V0I7,946,N-linked,uniprotkb
P59542,161,N-linked,uniprotkb
Q9Y219,1058,N-linked,uniprotkb
Q9H3S1,496,N-linked,uniprotkb
Q96KG7,496,N-linked,uniprotkb
Q96R47,4,N-linked,uniprotkb
Q96N19,4,N-linked,uniprotkb
P48039,4,N-linked,uniprotkb
P28223,38,N-linked,uniprotkb
P08582,38,N-linked,uniprotkb
Q4KMG0,100,N-linked,uniprotkb
P52797,100,N-linked,uniprotkb
Q5T4B2,75,N-linked,uniprotkb
Q9HD20,287,N-linked,uniprotkb
Q92692,324,N-linked,uniprotkb
P0C6S8,324,N-linked,uniprotkb
Q7RTY7,324,N-linked,uniprotkb
Q9HCU0,598,O-linked,uniprotkb
Q16651,159,N-linked,uniprotkb
Q14003,483,N-linked,uniprotkb
O75795,483,N-linked,uniprotkb
Q9Y5G4,47,N-linked,uniprotkb
Q9BXR5,416,N-linked,uniprotkb
Q96NR3,167,N-linked,uniprotkb
O75093,806,N-linked,uniprotkb
Q7RTY9,211,N-linked,uniprotkb
Q6ICH7,211,N-linked,uniprotkb
P04275,211,N-linked,uniprotkb
Q99102,1590,O-linked,uniprotkb
Q6X784,221,N-linked,uniprotkb
Q8TAG5,175,N-linked,uniprotkb
Q96PB1,175,N-linked,uniprotkb
Q6YHK3,279,N-linked,uniprotkb
O95672,255,N-linked,uniprotkb
Q99102,1131,O-linked,uniprotkb
Q9HBG7,95,N-linked,uniprotkb
Q9Y5G3,300,N-linked,uniprotkb
O43505,300,N-linked,uniprotkb
Q05586,300,N-linked,uniprotkb
Q8N3G9,300,N-linked,uniprotkb
O75197,878,N-linked,uniprotkb
Q9Y6N6,1185,N-linked,uniprotkb
Q9BSN7,164,N-linked,uniprotkb
P55259,291,N-linked,uniprotkb
P20701,1071,N-linked,uniprotkb
Q8WWQ8,619,N-linked,uniprotkb
Q96QE4,358,N-linked,uniprotkb
P02749,149,O-linked,uniprotkb
P26717,149,N-linked,uniprotkb
O75443,931,N-linked,uniprotkb
Q8TE57,156,N-linked,uniprotkb
P13726,156,N-linked,uniprotkb
P40200,156,N-linked,uniprotkb
Q9UMR7,185,N-linked,uniprotkb
Q8IYK4,185,N-linked,uniprotkb
O00587,185,N-linked,uniprotkb
P59534,185,N-linked,uniprotkb
Q9BWV1,517,N-linked,uniprotkb
O15354,36,N-linked,uniprotkb
O43692,36,N-linked,uniprotkb
Q9BQP9,36,N-linked,uniprotkb
P32248,36,N-linked,uniprotkb
O75581,42,N-linked,uniprotkb
P23276,627,N-linked,uniprotkb
Q99941,627,N-linked,uniprotkb
P17927,897,N-linked,uniprotkb
Q9UHC6,735,N-linked,uniprotkb
O95274,163,N-linked,uniprotkb
Q9H1U4,305,N-linked,uniprotkb
P49641,305,N-linked,uniprotkb
O60706,330,N-linked,uniprotkb
Q9Y5I4,657,N-linked,uniprotkb
P58397,1276,N-linked,uniprotkb
Q99102,4278,O-linked,uniprotkb
Q99102,2628,O-linked,uniprotkb
Q99102,3504,O-linked,uniprotkb
A2VEC9,3793,N-linked,uniprotkb
P78509,3438,N-linked,uniprotkb
P98161,2412,N-linked,uniprotkb
Q99102,4111,O-linked,uniprotkb
Q9UKN1,4433,N-linked,uniprotkb
Q99102,3803,O-linked,uniprotkb
Q9HC84,5526,N-linked,uniprotkb
Q7Z407,3612,N-linked,uniprotkb
A2VEC9,4751,N-linked,uniprotkb
Q02817,4897,N-linked,uniprotkb
P98161,2878,N-linked,uniprotkb
Q99102,3423,O-linked,uniprotkb
Q9UKN1,5228,N-linked,uniprotkb
Q9HC84,5565,N-linked,uniprotkb
Q8WXI7,12586,N-linked,uniprotkb
Q8WXI7,8324,N-linked,uniprotkb
Q8WXI7,12414,N-linked,uniprotkb
Q75N90,1442,N-linked,uniprotkb
P98164,2947,N-linked,uniprotkb
Q96JQ0,1718,N-linked,uniprotkb
Q96PZ7,2963,N-linked,uniprotkb
P08F94,2350,N-linked,uniprotkb
O75443,1794,N-linked,uniprotkb
P98088,3228,C-linked,uniprotkb
Q9P273,1527,N-linked,uniprotkb
Q99102,3844,O-linked,uniprotkb
P98161,3790,N-linked,uniprotkb
Q99102,2363,O-linked,uniprotkb
O75445,1388,N-linked,uniprotkb
Q8WWQ8,2382,N-linked,uniprotkb
Q99102,3428,O-linked,uniprotkb
Q9UGM3,2256,N-linked,uniprotkb
Q9BZC7,1496,N-linked,uniprotkb
Q9NZR2,1549,N-linked,uniprotkb
P23471,1549,O-linked,uniprotkb
Q99102,2694,O-linked,uniprotkb
Q9NYQ8,2470,N-linked,uniprotkb
Q7Z407,3208,N-linked,uniprotkb
Q99102,2742,O-linked,uniprotkb
P08F94,967,N-linked,uniprotkb
Q92673,2054,N-linked,uniprotkb
Q99102,3956,O-linked,uniprotkb
Q96RW7,4401,N-linked,uniprotkb
P00451,1461,N-linked,uniprotkb
Q99102,2047,O-linked,uniprotkb
P22105,3855,N-linked,uniprotkb
Q99102,1931,O-linked,uniprotkb
Q99102,2308,O-linked,uniprotkb
A2VEC9,4141,N-linked,uniprotkb
O75445,1379,N-linked,uniprotkb
Q5VU65,1859,N-linked,uniprotkb
Q9NY15,2107,N-linked,uniprotkb
Q96PZ7,2018,N-linked,uniprotkb
Q99102,2750,O-linked,uniprotkb
P98161,1474,N-linked,uniprotkb
P23467,1474,N-linked,uniprotkb
Q8TDW7,342,N-linked,uniprotkb
P09668,230,N-linked,uniprotkb
P43652,402,N-linked,uniprotkb
P35916,515,N-linked,uniprotkb
O95498,411,N-linked,uniprotkb
O00533,476,N-linked,uniprotkb
P04746,476,N-linked,uniprotkb
P06276,509,N-linked,uniprotkb
P78380,139,N-linked,uniprotkb
P05164,139,N-linked,uniprotkb
Q9Y5X9,393,N-linked,uniprotkb
P20645,83,N-linked,uniprotkb
P01860,137,O-linked,uniprotkb
Q9P2B2,383,N-linked,uniprotkb
P05156,494,N-linked,uniprotkb
O60494,1332,N-linked,uniprotkb
P31644,236,N-linked,uniprotkb
P08519,1127,N-linked,uniprotkb
P15509,229,N-linked,uniprotkb
Q92954,391,O-linked,uniprotkb
P03952,127,N-linked,uniprotkb
P19823,445,N-linked,uniprotkb
Q9HBL0,1156,O-linked,uniprotkb
Q6ZUK4,110,N-linked,uniprotkb
Q14515,412,N-linked,uniprotkb
P48048,117,N-linked,uniprotkb
P10451,147,O-linked,uniprotkb
P40879,165,N-linked,uniprotkb
Q9UMF0,214,N-linked,uniprotkb
Q9BY67,113,N-linked,uniprotkb
Q7Z5A7,113,N-linked,uniprotkb
P01848,113,N-linked,uniprotkb
P01266,1774,N-linked,uniprotkb
O75882,1198,N-linked,uniprotkb
P46531,1027,O-linked,uniprotkb
Q8IZF0,210,N-linked,uniprotkb
O75326,602,N-linked,uniprotkb
Q96F46,49,N-linked,uniprotkb
Q15904,261,N-linked,uniprotkb
O95297,130,N-linked,uniprotkb
P23435,79,N-linked,uniprotkb
P23945,191,N-linked,uniprotkb
P12319,191,N-linked,uniprotkb
P33527,23,N-linked,uniprotkb
Q15256,23,O-linked,uniprotkb
Q9NPR2,69,N-linked,uniprotkb
P48357,697,N-linked,uniprotkb
A0A1B0GTR0,56,N-linked,uniprotkb
P42702,303,N-linked,uniprotkb
P13671,574,C-linked,uniprotkb
P21860,469,N-linked,uniprotkb
Q9NTU7,88,N-linked,uniprotkb
Q92954,684,O-linked,uniprotkb
O75581,1039,N-linked,uniprotkb
P20160,171,N-linked,uniprotkb
Q12794,99,N-linked,uniprotkb
P09172,566,N-linked,uniprotkb
P54289,468,N-linked,uniprotkb
Q9P232,860,N-linked,uniprotkb
P47871,78,N-linked,uniprotkb
Q8IV16,78,N-linked,uniprotkb
P11117,331,N-linked,uniprotkb
P35968,143,N-linked,uniprotkb
O43451,827,N-linked,uniprotkb
P01266,198,N-linked,uniprotkb
P08294,107,N-linked,uniprotkb
Q9NPH3,107,N-linked,uniprotkb
Q9GZN4,70,N-linked,uniprotkb
P07911,232,N-linked,uniprotkb
O14773,222,N-linked,uniprotkb
P01215,102,N-linked,uniprotkb
Q8WTV0,102,N-linked,uniprotkb
P05155,71,O-linked,uniprotkb
O00748,111,N-linked,uniprotkb
P01876,111,O-linked,uniprotkb
P02751,1007,N-linked,uniprotkb
O14786,522,N-linked,uniprotkb
P12259,1559,N-linked,uniprotkb
P08697,309,N-linked,uniprotkb
P00709,64,N-linked,uniprotkb
P05156,536,N-linked,uniprotkb
P19835,569,O-linked,uniprotkb
Q15485,240,N-linked,uniprotkb
P13473,195,O-linked,uniprotkb
P06756,290,N-linked,uniprotkb
Q8NDA2,1563,N-linked,uniprotkb
Q96F46,225,N-linked,uniprotkb
P46977,537,N-linked,uniprotkb
Q6UWY2,129,N-linked,uniprotkb
P13727,25,O-linked,uniprotkb
P33151,61,N-linked,uniprotkb
Q9UI42,260,N-linked,uniprotkb
Q96JA1,246,N-linked,uniprotkb
O00754,367,N-linked,uniprotkb
P02751,528,N-linked,uniprotkb
Q8NBL1,373,N-linked,uniprotkb
P03956,120,N-linked,uniprotkb
P13473,213,O-linked,uniprotkb
P35916,33,N-linked,uniprotkb
P07949,151,N-linked,uniprotkb
P27918,151,O-linked,uniprotkb
P06213,920,N-linked,uniprotkb
Q13201,1020,N-linked,uniprotkb
P22079,212,N-linked,uniprotkb
Q8WY21,68,O-linked,uniprotkb
P06213,424,N-linked,uniprotkb
O00533,822,N-linked,uniprotkb
Q9HB40,126,N-linked,uniprotkb
P24821,1485,N-linked,uniprotkb
Q9H0X4,473,N-linked,uniprotkb
Q92542,580,N-linked,uniprotkb
Q969P0,327,N-linked,uniprotkb
P00797,141,N-linked,uniprotkb
P03951,450,N-linked,uniprotkb
Q6P1J6,1378,N-linked,uniprotkb
P01920,51,N-linked,uniprotkb
Q14766,801,O-linked,uniprotkb
Q92484,131,N-linked,uniprotkb
P13612,645,N-linked,uniprotkb
P06731,351,N-linked,uniprotkb
P02724,31,O-linked,uniprotkb
P04035,281,N-linked,uniprotkb
Q9NZ53,144,O-linked,uniprotkb
P48169,144,N-linked,uniprotkb
O75129,770,N-linked,uniprotkb
P07359,467,O-linked,uniprotkb
Q9NY15,1727,N-linked,uniprotkb
O75581,926,N-linked,uniprotkb
P35575,96,N-linked,uniprotkb
Q5T601,168,N-linked,uniprotkb
P07359,379,O-linked,uniprotkb
P08236,173,N-linked,uniprotkb
Q15303,138,N-linked,uniprotkb
Q8TDD5,138,N-linked,uniprotkb
P07996,385,C-linked,uniprotkb
P13688,378,N-linked,uniprotkb
P05186,430,N-linked,uniprotkb
P03951,90,N-linked,uniprotkb
Q92954,616,O-linked,uniprotkb
Q96J84,297,N-linked,uniprotkb
P08648,675,N-linked,uniprotkb
P16860,84,O-linked,uniprotkb
P20061,369,N-linked,uniprotkb
P02724,41,O-linked,uniprotkb
Q4V9L6,41,O-linked,uniprotkb
P46531,767,O-linked,uniprotkb
Q13705,65,N-linked,uniprotkb
P04141,27,O-linked,uniprotkb
Q14624,722,O-linked,uniprotkb
Q14515,44,O-linked,uniprotkb
P16150,50,O-linked,uniprotkb
P05107,50,N-linked,uniprotkb
Q5JTV8,399,N-linked,uniprotkb
P25311,128,N-linked,uniprotkb
P07911,275,N-linked,uniprotkb
P08473,145,N-linked,uniprotkb
P48357,688,N-linked,uniprotkb
P98160,554,N-linked,uniprotkb
P00738,241,N-linked,uniprotkb
P15907,161,N-linked,uniprotkb
Q6UWD8,4,O-linked,uniprotkb
P15813,38,N-linked,uniprotkb
Q9Y6R7,75,N-linked,uniprotkb
O15118,598,N-linked,uniprotkb
P12821,146,N-linked,uniprotkb
P07585,211,N-linked,uniprotkb
Q9NR97,590,N-linked,uniprotkb
P42892,270,N-linked,uniprotkb
P12544,170,N-linked,uniprotkb
Q92752,36,O-linked,uniprotkb
P16150,36,O-linked,uniprotkb
P15169,400,O-linked,uniprotkb
Q92954,400,O-linked,uniprotkb
P80370,163,O-linked,uniprotkb
Q13563,305,N-linked,uniprotkb
P08185,330,N-linked,uniprotkb
Q13724,657,N-linked,uniprotkb
P80108,659,N-linked,uniprotkb
P98088,2979,O-linked,uniprotkb
Q9NY15,2424,N-linked,uniprotkb
Q99102,4928,N-linked,uniprotkb
P98160,3836,N-linked,uniprotkb
Q99102,4997,N-linked,uniprotkb
Q8NDA2,2094,N-linked,uniprotkb
Q9HC84,1556,N-linked,uniprotkb
P35555,1302,O-linked,uniprotkb
Q14766,1488,O-linked,uniprotkb
O75882,1259,N-linked,uniprotkb
Q8WXI7,13832,N-linked,uniprotkb
Q99102,3435,O-linked,uniprotkb
Q9UMS5,179,N-linked,uniprotkb
Q99102,1819,O-linked,uniprotkb
O15031,402,N-linked,uniprotkb
P14210,402,N-linked,uniprotkb
Q9GZX3,328,N-linked,uniprotkb
O15389,328,N-linked,uniprotkb
P43121,449,N-linked,uniprotkb
P0C091,1368,N-linked,uniprotkb
Q9BZV3,370,N-linked,uniprotkb
P08582,515,N-linked,uniprotkb
O60637,183,N-linked,uniprotkb
Q07837,495,N-linked,uniprotkb
P16870,390,N-linked,uniprotkb
Q6UXI7,390,N-linked,uniprotkb
P14616,411,N-linked,uniprotkb
P06756,945,N-linked,uniprotkb
Q9NXL6,764,N-linked,uniprotkb
A6NHM9,404,N-linked,uniprotkb
Q58EX2,936,N-linked,uniprotkb
Q99102,2388,O-linked,uniprotkb
Q14703,939,N-linked,uniprotkb
Q99102,1599,O-linked,uniprotkb
A4D0S4,1469,N-linked,uniprotkb
Q99102,3252,O-linked,uniprotkb
Q8WXI7,14254,N-linked,uniprotkb
P07225,509,N-linked,uniprotkb
P0DN25,55,N-linked,uniprotkb
Q8N386,55,N-linked,uniprotkb
Q9GZU5,178,N-linked,uniprotkb
Q68CQ1,586,N-linked,uniprotkb
O14798,77,N-linked,uniprotkb
Q8WXI7,139,N-linked,uniprotkb
O15389,393,N-linked,uniprotkb
P41732,158,N-linked,uniprotkb
O75443,843,N-linked,uniprotkb
Q13241,83,N-linked,uniprotkb
Q8N131,83,N-linked,uniprotkb
O15440,636,N-linked,uniprotkb
P46089,20,N-linked,uniprotkb
Q8NGH6,20,N-linked,uniprotkb
Q8NGQ1,20,N-linked,uniprotkb
P98161,632,N-linked,uniprotkb
P40126,342,N-linked,uniprotkb
P39059,306,N-linked,uniprotkb
Q8WYK1,282,N-linked,uniprotkb
Q96P66,13,N-linked,uniprotkb
P57087,236,N-linked,uniprotkb
P11717,543,N-linked,uniprotkb
P35499,321,N-linked,uniprotkb
Q9Y2G5,209,N-linked,uniprotkb
Q13046,209,N-linked,uniprotkb
Q07954,3839,N-linked,uniprotkb
Q9Y5Q5,320,N-linked,uniprotkb
P23467,28,N-linked,uniprotkb
Q99677,28,N-linked,uniprotkb
Q6ZUB1,408,N-linked,uniprotkb
P46059,408,N-linked,uniprotkb
P56199,908,N-linked,uniprotkb
Q86V40,229,N-linked,uniprotkb
Q9N2J8,283,N-linked,uniprotkb
P26006,605,N-linked,uniprotkb
Q1ZYL8,24,N-linked,uniprotkb
Q5JRM2,24,N-linked,uniprotkb
Q9UK23,208,N-linked,uniprotkb
Q96A99,91,N-linked,uniprotkb
Q05940,91,N-linked,uniprotkb
Q96KA5,91,N-linked,uniprotkb
P11215,734,N-linked,uniprotkb
Q13797,676,N-linked,uniprotkb
P98088,415,N-linked,uniprotkb
Q14943,273,N-linked,uniprotkb
O95498,273,N-linked,uniprotkb
Q9Y663,273,N-linked,uniprotkb
Q3V5L5,127,N-linked,uniprotkb
Q86UX2,127,N-linked,uniprotkb
O14894,155,N-linked,uniprotkb
Q9Y2C2,155,N-linked,uniprotkb
Q8N323,39,N-linked,uniprotkb
P20273,445,N-linked,uniprotkb
P12110,630,N-linked,uniprotkb
Q8NGI1,10,N-linked,uniprotkb
Q14943,92,N-linked,uniprotkb
A8MWY0,169,N-linked,uniprotkb
Q9Y5E4,169,N-linked,uniprotkb
Q9Y5E1,169,N-linked,uniprotkb
Q9UM73,169,N-linked,uniprotkb
Q8NC01,169,N-linked,uniprotkb
P35968,46,N-linked,uniprotkb
A1KXE4,46,N-linked,uniprotkb
Q7Z6A9,110,N-linked,uniprotkb
Q9UBS9,928,N-linked,uniprotkb
Q8N3G9,197,N-linked,uniprotkb
P42892,651,N-linked,uniprotkb
Q9UKU6,951,N-linked,uniprotkb
P04196,345,N-linked,uniprotkb
Q9P2N4,840,N-linked,uniprotkb
P20851,117,N-linked,uniprotkb
Q12999,117,N-linked,uniprotkb
O75330,588,N-linked,uniprotkb
Q6UWL2,87,N-linked,uniprotkb
Q6UXZ4,353,N-linked,uniprotkb
Q9NPC2,53,N-linked,uniprotkb
Q14563,53,N-linked,uniprotkb
Q5QGZ9,165,N-linked,uniprotkb
Q96ID5,165,N-linked,uniprotkb
O95479,683,N-linked,uniprotkb
Q9H1B5,683,N-linked,uniprotkb
Q9H4F8,214,N-linked,uniprotkb
Q9NYM4,37,N-linked,uniprotkb
P04435,37,N-linked,uniprotkb
Q8NFZ6,239,N-linked,uniprotkb
Q02742,58,N-linked,uniprotkb
Q9Y6A1,435,N-linked,uniprotkb
Q9Y5E4,435,N-linked,uniprotkb
P41594,210,N-linked,uniprotkb
Q9H156,421,N-linked,uniprotkb
Q8TB96,243,N-linked,uniprotkb
P08069,756,N-linked,uniprotkb
Q96F05,49,N-linked,uniprotkb
Q8TDW7,49,N-linked,uniprotkb
Q9HC56,307,N-linked,uniprotkb
Q15223,307,N-linked,uniprotkb
Q9P2J2,256,N-linked,uniprotkb
Q9UIQ6,256,N-linked,uniprotkb
P18627,256,N-linked,uniprotkb
Q9UIW2,672,N-linked,uniprotkb
Q9Y5F3,257,N-linked,uniprotkb
P78509,257,N-linked,uniprotkb
Q16832,261,N-linked,uniprotkb
P82279,215,N-linked,uniprotkb
Q6PK18,215,N-linked,uniprotkb
Q9UIQ6,215,N-linked,uniprotkb
P40200,215,N-linked,uniprotkb
P78536,103,N-linked,uniprotkb
Q9UM44,103,N-linked,uniprotkb
Q96RW7,1158,N-linked,uniprotkb
Q17R55,130,N-linked,uniprotkb
O60895,130,N-linked,uniprotkb
Q9NR97,285,N-linked,uniprotkb
Q75N90,1025,N-linked,uniprotkb
Q9NZR2,443,N-linked,uniprotkb
Q9Y5F6,443,N-linked,uniprotkb
O60245,79,N-linked,uniprotkb
Q8N387,79,N-linked,uniprotkb
Q00973,79,N-linked,uniprotkb
Q8WY21,433,N-linked,uniprotkb
Q9NT68,1892,N-linked,uniprotkb
O95672,656,N-linked,uniprotkb
Q8NFF2,69,N-linked,uniprotkb
P20742,69,N-linked,uniprotkb
P26006,697,N-linked,uniprotkb
Q9BS86,340,N-linked,uniprotkb
Q8TDS7,16,N-linked,uniprotkb
Q9BZJ6,16,N-linked,uniprotkb
Q6UXH8,182,N-linked,uniprotkb
Q8N149,429,N-linked,uniprotkb
P51575,153,N-linked,uniprotkb
Q9Y2E5,249,N-linked,uniprotkb
Q5T601,739,N-linked,uniprotkb
P08637,56,N-linked,uniprotkb
Q9UQ74,303,N-linked,uniprotkb
P51884,252,N-linked,uniprotkb
Q9UKF5,469,N-linked,uniprotkb
Q92752,271,O-linked,uniprotkb
Q6PCB8,196,N-linked,uniprotkb
P08922,706,N-linked,uniprotkb
P35504,348,N-linked,uniprotkb
Q96FE5,505,N-linked,uniprotkb
O95838,162,N-linked,uniprotkb
Q96PE1,162,N-linked,uniprotkb
P21754,162,O-linked,uniprotkb
Q8NGE7,30,N-linked,uniprotkb
O75388,30,N-linked,uniprotkb
Q5SY80,886,N-linked,uniprotkb
Q5R3F8,54,N-linked,uniprotkb
Q11203,171,N-linked,uniprotkb
Q12913,784,N-linked,uniprotkb
P15509,99,N-linked,uniprotkb
Q13349,99,N-linked,uniprotkb
Q9Y5F2,418,N-linked,uniprotkb
Q8N8Z6,418,N-linked,uniprotkb
P15848,426,N-linked,uniprotkb
Q16538,86,N-linked,uniprotkb
Q86YL7,86,O-linked,uniprotkb
Q96RD6,86,N-linked,uniprotkb
O95156,86,N-linked,uniprotkb
P01236,59,N-linked,uniprotkb
Q13349,59,N-linked,uniprotkb
Q9NZW4,190,N-linked,uniprotkb
Q9ULB1,190,N-linked,uniprotkb
Q5T4W7,202,N-linked,uniprotkb
Q7RTU9,202,N-linked,uniprotkb
P0DPE3,78,N-linked,uniprotkb
Q9P1P5,289,N-linked,uniprotkb
Q14162,289,N-linked,uniprotkb
Q9NT68,482,N-linked,uniprotkb
O75445,2584,N-linked,uniprotkb
P34903,176,N-linked,uniprotkb
Q96P68,176,N-linked,uniprotkb
Q9H4A9,176,N-linked,uniprotkb
O96014,40,N-linked,uniprotkb
Q9Y257,85,N-linked,uniprotkb
P42702,85,N-linked,uniprotkb
O95180,1466,N-linked,uniprotkb
Q96JB6,198,N-linked,uniprotkb
P23975,198,N-linked,uniprotkb
Q5T1A1,284,N-linked,uniprotkb
O94779,397,N-linked,uniprotkb
Q9Y6L7,361,N-linked,uniprotkb
O75443,455,N-linked,uniprotkb
Q13421,57,N-linked,uniprotkb
P34741,57,O-linked,uniprotkb
Q96CG8,186,N-linked,uniprotkb
Q14213,105,N-linked,uniprotkb
Q99784,431,N-linked,uniprotkb
Q9UMS5,431,N-linked,uniprotkb
Q9BX97,89,N-linked,uniprotkb
Q5DID0,89,N-linked,uniprotkb
Q9NR71,70,O-linked,uniprotkb
Q96MK3,70,N-linked,uniprotkb
P29320,232,N-linked,uniprotkb
Q9NZS9,232,N-linked,uniprotkb
Q8IYV9,204,N-linked,uniprotkb
Q9N2K0,222,N-linked,uniprotkb
P42701,352,N-linked,uniprotkb
Q13591,227,N-linked,uniprotkb
Q6UWJ8,71,N-linked,uniprotkb
Q9UK05,71,N-linked,uniprotkb
Q99102,1019,O-linked,uniprotkb
P11464,111,N-linked,uniprotkb
P15941,975,N-linked,uniprotkb
A2VDJ0,522,N-linked,uniprotkb
P14410,1763,N-linked,uniprotkb
Q9Y2E5,670,N-linked,uniprotkb
Q9NY47,861,N-linked,uniprotkb
Q8NFQ6,355,N-linked,uniprotkb
Q9BXR3,355,N-linked,uniprotkb
O95490,787,N-linked,uniprotkb
Q93063,288,N-linked,uniprotkb
Q92824,1707,N-linked,uniprotkb
Q96T54,94,N-linked,uniprotkb
Q86U17,94,N-linked,uniprotkb
P08575,470,N-linked,uniprotkb
P29122,914,N-linked,uniprotkb
P35916,690,N-linked,uniprotkb
O43529,228,N-linked,uniprotkb
P30203,112,N-linked,uniprotkb
Q8IWU5,112,N-linked,uniprotkb
Q07837,332,N-linked,uniprotkb
P13497,332,N-linked,uniprotkb
Q5H8C1,335,N-linked,uniprotkb
Q9ULB4,536,N-linked,uniprotkb
Q7Z442,536,N-linked,uniprotkb
Q14833,569,N-linked,uniprotkb
P07202,569,N-linked,uniprotkb
P07333,240,N-linked,uniprotkb
P55283,557,N-linked,uniprotkb
Q04756,290,N-linked,uniprotkb
P08F94,1959,N-linked,uniprotkb
Q7Z407,1092,N-linked,uniprotkb
Q99102,1092,O-linked,uniprotkb
A1E959,244,O-linked,uniprotkb
Q9UM73,244,N-linked,uniprotkb
Q53RD9,124,N-linked,uniprotkb
P04626,124,N-linked,uniprotkb
P10912,200,N-linked,uniprotkb
Q9ULK0,200,N-linked,uniprotkb
Q7Z407,1171,N-linked,uniprotkb
Q9UHD0,135,N-linked,uniprotkb
P08575,192,N-linked,uniprotkb
O00222,480,N-linked,uniprotkb
P16144,617,N-linked,uniprotkb
P52848,231,N-linked,uniprotkb
P29323,336,N-linked,uniprotkb
Q92563,225,N-linked,uniprotkb
O95490,744,N-linked,uniprotkb
Q9NQ60,76,N-linked,uniprotkb
P13987,76,O-linked,uniprotkb
P33681,98,N-linked,uniprotkb
O14522,98,N-linked,uniprotkb
Q96MS0,25,N-linked,uniprotkb
Q8NGX6,25,N-linked,uniprotkb
P05452,25,O-linked,uniprotkb
A8K7I4,831,N-linked,uniprotkb
Q9NQ79,608,O-linked,uniprotkb
Q9H7T0,1010,N-linked,uniprotkb
Q7Z7B1,15,N-linked,uniprotkb
Q99500,15,N-linked,uniprotkb
P33032,15,N-linked,uniprotkb
P42892,539,N-linked,uniprotkb
Q96J65,981,N-linked,uniprotkb
Q8NGI6,5,N-linked,uniprotkb
Q6IEY1,5,N-linked,uniprotkb
Q8NGB6,5,N-linked,uniprotkb
Q8NGY9,5,N-linked,uniprotkb
Q8WZ94,5,N-linked,uniprotkb
Q8NG98,5,N-linked,uniprotkb
Q8NGY1,5,N-linked,uniprotkb
Q96RA2,5,N-linked,uniprotkb
Q9Y585,5,N-linked,uniprotkb
P23515,61,N-linked,uniprotkb
O14514,607,N-linked,uniprotkb
O75339,550,N-linked,uniprotkb
Q8IZF2,982,N-linked,uniprotkb
Q9BZC7,14,N-linked,uniprotkb
P47888,14,N-linked,uniprotkb
H3BS89,152,N-linked,uniprotkb
Q9H461,152,N-linked,uniprotkb
O60938,93,N-linked,uniprotkb
O75197,93,N-linked,uniprotkb
Q9HBW9,188,N-linked,uniprotkb
Q8IZF2,188,N-linked,uniprotkb
Q86XS8,189,N-linked,uniprotkb
P32971,189,N-linked,uniprotkb
Q9UBV4,189,N-linked,uniprotkb
Q8N7C0,189,N-linked,uniprotkb
Q8N145,189,N-linked,uniprotkb
O43424,713,N-linked,uniprotkb
P40197,312,N-linked,uniprotkb
O43286,373,N-linked,uniprotkb
P16112,1581,O-linked,uniprotkb
Q9NPF0,213,N-linked,uniprotkb
Q16832,213,N-linked,uniprotkb
P78423,33,N-linked,uniprotkb
A0A1B0GVH4,33,N-linked,uniprotkb
Q9Y5Z6,151,N-linked,uniprotkb
P25116,62,N-linked,uniprotkb
P78552,235,N-linked,uniprotkb
A4D0S4,1055,N-linked,uniprotkb
P49281,349,N-linked,uniprotkb
Q8NG75,101,N-linked,uniprotkb
Q96PE1,101,N-linked,uniprotkb
Q99102,1716,O-linked,uniprotkb
B6SEH8,68,N-linked,uniprotkb
Q96K49,68,N-linked,uniprotkb
Q8TAD2,68,N-linked,uniprotkb
P19634,68,O-linked,uniprotkb
Q99715,700,N-linked,uniprotkb
P22413,700,N-linked,uniprotkb
Q8IZP7,380,N-linked,uniprotkb
P28300,81,N-linked,uniprotkb
Q8NGJ3,2,N-linked,uniprotkb
O95977,2,N-linked,uniprotkb
Q8NGZ3,2,N-linked,uniprotkb
Q8NH41,2,N-linked,uniprotkb
Q9UJ14,267,N-linked,uniprotkb
Q14517,1551,N-linked,uniprotkb
P78357,804,N-linked,uniprotkb
Q96J84,140,N-linked,uniprotkb
Q86YC3,74,N-linked,uniprotkb
Q6Q4G3,346,N-linked,uniprotkb
Q8NE00,193,N-linked,uniprotkb
Q99467,201,N-linked,uniprotkb
P35442,316,N-linked,uniprotkb
P56199,883,N-linked,uniprotkb
P0C617,21,N-linked,uniprotkb
Q9NYQ8,789,N-linked,uniprotkb
P23467,829,N-linked,uniprotkb
A8MTB9,121,N-linked,uniprotkb
Q6UXD5,473,N-linked,uniprotkb
P08F94,2385,N-linked,uniprotkb
P34995,8,N-linked,uniprotkb
Q96JQ0,2862,N-linked,uniprotkb
Q9Y345,364,N-linked,uniprotkb
Q12836,302,O-linked,uniprotkb
Q9BY15,327,N-linked,uniprotkb
Q9Y653,234,N-linked,uniprotkb
Q99102,234,O-linked,uniprotkb
Q8NH49,18,N-linked,uniprotkb
Q6V0I7,1899,N-linked,uniprotkb
P82987,1191,N-linked,uniprotkb
Q9BV94,450,N-linked,uniprotkb
O75077,548,N-linked,uniprotkb
Q9UN75,548,N-linked,uniprotkb
Q7Z2H8,174,N-linked,uniprotkb
Q7Z443,363,N-linked,uniprotkb
P38570,954,N-linked,uniprotkb
Q9NY15,1378,N-linked,uniprotkb
A8MWY0,691,N-linked,uniprotkb
Q99062,51,N-linked,uniprotkb
Q12913,501,N-linked,uniprotkb
P05107,501,N-linked,uniprotkb
Q8IVL5,549,N-linked,uniprotkb
P14222,549,N-linked,uniprotkb
Q6UY11,157,N-linked,uniprotkb
Q9Y661,318,N-linked,uniprotkb
Q96MK3,388,N-linked,uniprotkb
P22362,52,N-linked,uniprotkb
Q6NUI6,52,N-linked,uniprotkb
Q8NAC3,477,N-linked,uniprotkb
Q9UHW9,398,N-linked,uniprotkb
P34820,343,N-linked,uniprotkb
Q99519,343,N-linked,uniprotkb
Q6YHK3,645,N-linked,uniprotkb
Q92752,1261,N-linked,uniprotkb
P54289,998,N-linked,uniprotkb
P22310,119,N-linked,uniprotkb
Q8NH06,19,N-linked,uniprotkb
Q96EE4,134,N-linked,uniprotkb
F5H094,134,N-linked,uniprotkb
Q9NYW6,166,N-linked,uniprotkb
Q6UWY0,166,N-linked,uniprotkb
Q9H1J5,262,N-linked,uniprotkb
P08581,879,N-linked,uniprotkb
O15031,1002,N-linked,uniprotkb
A0ZSE6,66,N-linked,uniprotkb
Q9NRM1,114,N-linked,uniprotkb
Q68CR7,746,N-linked,uniprotkb
Q9UQF0,281,N-linked,uniprotkb
Q9H013,144,N-linked,uniprotkb
Q3ZCN5,144,N-linked,uniprotkb
Q6UX06,136,N-linked,uniprotkb
Q86YL7,96,O-linked,uniprotkb
O75077,96,N-linked,uniprotkb
P14415,96,N-linked,uniprotkb
O43493,96,N-linked,uniprotkb
P23471,1562,N-linked,uniprotkb
O60449,1103,N-linked,uniprotkb
Q9P109,72,N-linked,uniprotkb
O75752,72,N-linked,uniprotkb
Q6UVY6,247,N-linked,uniprotkb
Q6UXD5,247,N-linked,uniprotkb
A0A1B0GWG4,11,N-linked,uniprotkb
O60609,148,N-linked,uniprotkb
Q12866,389,N-linked,uniprotkb
A6NKQ9,80,N-linked,uniprotkb
Q8IWB1,80,N-linked,uniprotkb
Q9NNX6,80,N-linked,uniprotkb
P54803,559,N-linked,uniprotkb
P32971,109,N-linked,uniprotkb
Q9NY97,173,N-linked,uniprotkb
Q6ZNA5,138,N-linked,uniprotkb
Q99102,2462,O-linked,uniprotkb
O94813,799,N-linked,uniprotkb
O95450,993,N-linked,uniprotkb
Q12913,525,N-linked,uniprotkb
Q07954,2539,N-linked,uniprotkb
P21810,180,O-linked,uniprotkb
Q92752,180,N-linked,uniprotkb
Q9NYQ8,1383,N-linked,uniprotkb
P98164,1383,N-linked,uniprotkb
Q5H8A4,194,N-linked,uniprotkb
Q8IZP9,194,N-linked,uniprotkb
Q7Z602,9,N-linked,uniprotkb
Q8NH02,9,N-linked,uniprotkb
Q99788,9,N-linked,uniprotkb
Q9BXF9,9,O-linked,uniprotkb
Q9UBX1,160,N-linked,uniprotkb
Q75V66,366,N-linked,uniprotkb
Q9UK23,366,N-linked,uniprotkb
O94985,366,N-linked,uniprotkb
O43184,381,N-linked,uniprotkb
O94898,514,N-linked,uniprotkb
P16519,514,N-linked,uniprotkb
P54756,461,N-linked,uniprotkb
Q8N967,90,N-linked,uniprotkb
A0A0B4J2E0,90,N-linked,uniprotkb
P98161,1194,N-linked,uniprotkb
Q9BYE9,616,N-linked,uniprotkb
Q9UPU3,1065,N-linked,uniprotkb
P43005,43,N-linked,uniprotkb
Q99102,892,O-linked,uniprotkb
Q9UMR5,60,N-linked,uniprotkb
P00451,60,N-linked,uniprotkb
Q9UHC6,507,N-linked,uniprotkb
P52848,667,N-linked,uniprotkb
Q9Y5H1,419,N-linked,uniprotkb
Q9P273,419,N-linked,uniprotkb
P21709,414,N-linked,uniprotkb
O43490,414,N-linked,uniprotkb
Q7Z4B0,84,N-linked,uniprotkb
P38567,82,N-linked,uniprotkb
Q9BZV3,942,N-linked,uniprotkb
O00222,298,N-linked,uniprotkb
Q504Y2,369,N-linked,uniprotkb
P78562,263,N-linked,uniprotkb
Q96MS0,41,N-linked,uniprotkb
Q9HB89,41,N-linked,uniprotkb
P46531,41,N-linked,uniprotkb
Q9Y5E4,417,N-linked,uniprotkb
O95450,1098,N-linked,uniprotkb
Q9HC84,929,N-linked,uniprotkb
Q8TC27,125,N-linked,uniprotkb
Q13753,803,O-linked,uniprotkb
Q14524,1380,N-linked,uniprotkb
Q9Y3Q7,294,N-linked,uniprotkb
Q9Y2E5,294,N-linked,uniprotkb
P42261,63,N-linked,uniprotkb
Q9NZN1,63,N-linked,uniprotkb
O75473,63,N-linked,uniprotkb
P01127,63,N-linked,uniprotkb
Q08AI6,44,N-linked,uniprotkb
O95477,478,N-linked,uniprotkb
P17181,50,N-linked,uniprotkb
P32004,1030,N-linked,uniprotkb
Q99102,1030,O-linked,uniprotkb
Q8N1N0,399,N-linked,uniprotkb
P16581,527,N-linked,uniprotkb
O75445,856,N-linked,uniprotkb
Q92823,1083,N-linked,uniprotkb
Q9BXP8,941,N-linked,uniprotkb
A0A075B6L2,32,N-linked,uniprotkb
P08648,593,N-linked,uniprotkb
Q12879,444,N-linked,uniprotkb
Q5VU97,145,N-linked,uniprotkb
O60755,6,N-linked,uniprotkb
Q96R30,6,N-linked,uniprotkb
Q9BQS7,714,N-linked,uniprotkb
O95490,792,N-linked,uniprotkb
Q8WWZ8,299,N-linked,uniprotkb
Q7L211,299,N-linked,uniprotkb
P35968,395,N-linked,uniprotkb
P31639,250,N-linked,uniprotkb
P10586,250,N-linked,uniprotkb
Q16585,258,N-linked,uniprotkb
Q96QD8,258,N-linked,uniprotkb
Q9Y662,258,N-linked,uniprotkb
Q96DU3,161,N-linked,uniprotkb
Q504Y2,484,N-linked,uniprotkb
Q9BXC1,4,N-linked,uniprotkb
A0PJK1,4,N-linked,uniprotkb
P50052,4,N-linked,uniprotkb
Q96KK4,4,N-linked,uniprotkb
P25090,4,N-linked,uniprotkb
Q8TBG9,38,N-linked,uniprotkb
Q6UWF7,38,N-linked,uniprotkb
O60353,38,N-linked,uniprotkb
Q93091,100,N-linked,uniprotkb
O15389,100,N-linked,uniprotkb
Q8TER0,1310,N-linked,uniprotkb
Q6PRD1,75,N-linked,uniprotkb
P28288,106,N-linked,uniprotkb
P49190,106,N-linked,uniprotkb
P12259,1074,N-linked,uniprotkb
P55290,598,N-linked,uniprotkb
Q9UIQ6,598,N-linked,uniprotkb
Q9H0V1,598,N-linked,uniprotkb
P30408,159,N-linked,uniprotkb
Q9UEF7,159,N-linked,uniprotkb
Q9BY14,159,N-linked,uniprotkb
P78357,518,N-linked,uniprotkb
Q99102,2340,O-linked,uniprotkb
P13762,48,N-linked,uniprotkb
Q2VPA4,48,N-linked,uniprotkb
Q8TDL5,48,N-linked,uniprotkb
Q9Y6N6,837,N-linked,uniprotkb
Q5T601,205,N-linked,uniprotkb
Q8TDD5,205,N-linked,uniprotkb
Q9N2K0,47,N-linked,uniprotkb
Q9Y5E3,416,N-linked,uniprotkb
Q04900,146,N-linked,uniprotkb
P29320,337,N-linked,uniprotkb
O94910,806,N-linked,uniprotkb
P82987,915,N-linked,uniprotkb
P98164,341,N-linked,uniprotkb
Q9NYK1,590,N-linked,uniprotkb
Q9P0K1,175,N-linked,uniprotkb
P52849,802,N-linked,uniprotkb
Q16787,142,N-linked,uniprotkb
P49641,1131,N-linked,uniprotkb
Q8N4A0,471,N-linked,uniprotkb
Q12913,628,N-linked,uniprotkb
Q9UKQ2,628,N-linked,uniprotkb
P78509,628,N-linked,uniprotkb
O14495,170,N-linked,uniprotkb
Q9UPZ6,679,N-linked,uniprotkb
P55268,248,N-linked,uniprotkb
Q9ULD8,428,N-linked,uniprotkb
Q04721,1102,N-linked,uniprotkb
Q4LDE5,1102,N-linked,uniprotkb
P16471,233,N-linked,uniprotkb
P28907,164,N-linked,uniprotkb
Q9Y2C2,319,N-linked,uniprotkb
Q9Y4C0,1301,N-linked,uniprotkb
Q8IZS7,149,N-linked,uniprotkb
Q8TCT8,149,N-linked,uniprotkb
Q9Y3Q7,149,N-linked,uniprotkb
O15031,1049,N-linked,uniprotkb
P20701,649,N-linked,uniprotkb
Q6QNK2,185,N-linked,uniprotkb
P28906,36,N-linked,uniprotkb
Q8TCW9,36,N-linked,uniprotkb
A0A0B4J263,42,N-linked,uniprotkb
P52849,400,N-linked,uniprotkb
Q9P2K9,163,N-linked,uniprotkb
Q9HB63,163,N-linked,uniprotkb
O75078,163,N-linked,uniprotkb
P16671,163,N-linked,uniprotkb
Q2HXU8,237,N-linked,uniprotkb
Q13444,237,N-linked,uniprotkb
Q06495,330,N-linked,uniprotkb
P13611,330,N-linked,uniprotkb
Q9H3R1,657,N-linked,uniprotkb
O75445,2258,N-linked,uniprotkb
Q99102,4182,O-linked,uniprotkb
Q8WXI7,13816,N-linked,uniprotkb
Q9H251,2749,N-linked,uniprotkb
Q99102,2948,O-linked,uniprotkb
P98160,3105,N-linked,uniprotkb
Q96PZ7,3105,N-linked,uniprotkb
Q99102,3515,O-linked,uniprotkb
Q8TDW7,3742,N-linked,uniprotkb
O60494,3295,N-linked,uniprotkb
O75445,3433,N-linked,uniprotkb
Q9Y493,2701,N-linked,uniprotkb
P04114,4237,N-linked,uniprotkb
O75445,3849,N-linked,uniprotkb
Q99102,4110,O-linked,uniprotkb
Q99102,3710,O-linked,uniprotkb
Q99102,4078,O-linked,uniprotkb
Q02817,5179,N-linked,uniprotkb
Q8WXI7,14363,N-linked,uniprotkb
Q8WXI7,12570,N-linked,uniprotkb
Q8WXI7,14212,N-linked,uniprotkb
P98088,4633,C-linked,uniprotkb
Q99102,3860,O-linked,uniprotkb
Q99102,2526,O-linked,uniprotkb
Q99102,2846,O-linked,uniprotkb
Q9H251,2013,N-linked,uniprotkb
P98088,1389,C-linked,uniprotkb
Q99102,2283,O-linked,uniprotkb
P11717,1757,N-linked,uniprotkb
Q99102,3446,O-linked,uniprotkb
Q96PZ7,1454,N-linked,uniprotkb
Q07954,1558,N-linked,uniprotkb
Q7Z408,983,N-linked,uniprotkb
Q99102,4219,O-linked,uniprotkb
P98161,1991,N-linked,uniprotkb
P78509,2144,N-linked,uniprotkb
O75445,2382,N-linked,uniprotkb
P12111,3037,N-linked,uniprotkb
Q99102,2623,O-linked,uniprotkb
P98164,3211,N-linked,uniprotkb
Q99102,2575,O-linked,uniprotkb
Q99102,4171,O-linked,uniprotkb
Q99102,1099,O-linked,uniprotkb
Q75N90,1538,N-linked,uniprotkb
Q99102,1547,O-linked,uniprotkb
Q99102,2975,O-linked,uniprotkb
Q99102,2740,O-linked,uniprotkb
Q99102,3247,O-linked,uniprotkb
Q9NYQ8,3989,N-linked,uniprotkb
Q9UMZ3,1295,N-linked,uniprotkb
Q99102,3524,O-linked,uniprotkb
A2VEC9,3063,N-linked,uniprotkb
O60494,3357,N-linked,uniprotkb
Q6V1P9,2054,N-linked,uniprotkb
P08F94,3008,N-linked,uniprotkb
Q99102,4031,O-linked,uniprotkb
P08922,1808,N-linked,uniprotkb
O75445,3694,N-linked,uniprotkb
Q99102,2795,O-linked,uniprotkb
P78357,948,N-linked,uniprotkb
Q9HC84,3577,C-linked,uniprotkb
P98161,2395,N-linked,uniprotkb
Q99102,2395,O-linked,uniprotkb
Q9ULL4,957,N-linked,uniprotkb
P08922,1474,N-linked,uniprotkb
P98161,2925,N-linked,uniprotkb
Q7Z407,2495,N-linked,uniprotkb
P07988,311,N-linked,uniprotkb
P43629,179,N-linked,uniprotkb
P40225,179,O-linked,uniprotkb
P10253,390,N-linked,uniprotkb
P19022,572,N-linked,uniprotkb
P40189,564,N-linked,uniprotkb
P24821,1809,N-linked,uniprotkb
P12259,805,O-linked,uniprotkb
P03952,494,N-linked,uniprotkb
Q92954,306,O-linked,uniprotkb
O15118,916,N-linked,uniprotkb
P16671,321,N-linked,uniprotkb
P05067,663,O-linked,uniprotkb
P35858,368,N-linked,uniprotkb
P07359,481,O-linked,uniprotkb
P49961,73,N-linked,uniprotkb
Q92954,540,O-linked,uniprotkb
P04921,24,O-linked,uniprotkb
P05164,391,N-linked,uniprotkb
Q5VWK5,273,N-linked,uniprotkb
P19022,273,N-linked,uniprotkb
O15031,127,N-linked,uniprotkb
Q9H813,155,N-linked,uniprotkb
P04921,10,O-linked,uniprotkb
P09693,92,N-linked,uniprotkb
P20916,454,N-linked,uniprotkb
P07498,169,O-linked,uniprotkb
P07359,345,O-linked,uniprotkb
Q9HBX9,325,N-linked,uniprotkb
Q9BRN9,87,N-linked,uniprotkb
P10747,37,N-linked,uniprotkb
Q99075,37,O-linked,uniprotkb
O43173,113,N-linked,uniprotkb
P04275,1515,N-linked,uniprotkb
P01833,421,N-linked,uniprotkb
Q16769,49,N-linked,uniprotkb
P02649,307,O-linked,uniprotkb
P25092,307,N-linked,uniprotkb
P32942,295,N-linked,uniprotkb
P02750,79,N-linked,uniprotkb
Q9NZC2,79,N-linked,uniprotkb
P43307,191,N-linked,uniprotkb
P11117,191,N-linked,uniprotkb
Q14112,452,O-linked,uniprotkb
P13727,23,O-linked,uniprotkb
Q96JF0,69,O-linked,uniprotkb
Q4U2R8,56,N-linked,uniprotkb
O94923,303,N-linked,uniprotkb
Q76LX8,552,N-linked,uniprotkb
P01266,2295,N-linked,uniprotkb
P22310,348,N-linked,uniprotkb
P11279,223,N-linked,uniprotkb
P08246,88,N-linked,uniprotkb
O43854,88,O-linked,uniprotkb
O75493,118,N-linked,uniprotkb
P21453,30,N-linked,uniprotkb
Q9UMF0,54,N-linked,uniprotkb
Q13361,54,O-linked,uniprotkb
Q9UNA0,573,C-linked,uniprotkb
P22304,513,N-linked,uniprotkb
Q6ZN44,251,C-linked,uniprotkb
P12314,59,N-linked,uniprotkb
Q13219,1026,N-linked,uniprotkb
Q99784,394,N-linked,uniprotkb
P01859,176,N-linked,uniprotkb
P06315,40,N-linked,uniprotkb
P49788,40,O-linked,uniprotkb
P06276,85,N-linked,uniprotkb
P15018,85,N-linked,uniprotkb
P27701,198,N-linked,uniprotkb
P25092,284,N-linked,uniprotkb
Q9UGM1,57,N-linked,uniprotkb
P16070,57,N-linked,uniprotkb
P01876,105,O-linked,uniprotkb
Q9NZ08,70,N-linked,uniprotkb
P19823,673,O-linked,uniprotkb
P13727,34,O-linked,uniprotkb
P06731,288,N-linked,uniprotkb
Q05707,94,N-linked,uniprotkb
P13611,1631,O-linked,uniprotkb
P33151,112,N-linked,uniprotkb
Q5T6X5,332,N-linked,uniprotkb
P54709,240,N-linked,uniprotkb
Q9BZQ6,195,N-linked,uniprotkb
P08069,244,N-linked,uniprotkb
P56199,780,N-linked,uniprotkb
P01563,129,O-linked,uniprotkb
Q96MH6,5,N-linked,uniprotkb
P30533,268,N-linked,uniprotkb
Q9NZP8,242,N-linked,uniprotkb
Q9UL01,642,N-linked,uniprotkb
Q8IV08,132,N-linked,uniprotkb
P20701,188,N-linked,uniprotkb
Q6UWY2,189,N-linked,uniprotkb
Q8TAX7,189,O-linked,uniprotkb
Q14118,367,O-linked,uniprotkb
P35442,1069,N-linked,uniprotkb
P04003,528,N-linked,uniprotkb
P55011,562,N-linked,uniprotkb
P07359,373,O-linked,uniprotkb
Q9NY15,1626,N-linked,uniprotkb
P01023,396,N-linked,uniprotkb
P04278,396,N-linked,uniprotkb
P25940,349,O-linked,uniprotkb
Q15758,212,N-linked,uniprotkb
Q9BY67,101,N-linked,uniprotkb
P42785,101,N-linked,uniprotkb
Q9H5J4,2,N-linked,uniprotkb
Q9H0V9,181,N-linked,uniprotkb
Q96S16,140,N-linked,uniprotkb
P24046,140,N-linked,uniprotkb
O60494,984,N-linked,uniprotkb
P0C0L5,1328,N-linked,uniprotkb
O14786,829,O-linked,uniprotkb
P23560,121,N-linked,uniprotkb
P24046,234,N-linked,uniprotkb
Q8TEM1,405,N-linked,uniprotkb
O75882,575,N-linked,uniprotkb
Q6PCB8,218,N-linked,uniprotkb
P14410,904,N-linked,uniprotkb
P06731,665,N-linked,uniprotkb
Q07075,828,N-linked,uniprotkb
Q15303,174,N-linked,uniprotkb
Q9P2B2,691,N-linked,uniprotkb
Q92954,501,O-linked,uniprotkb
O95479,157,N-linked,uniprotkb
O15455,52,N-linked,uniprotkb
P08519,671,N-linked,uniprotkb
P15018,31,N-linked,uniprotkb
P07585,262,N-linked,uniprotkb
P13224,66,N-linked,uniprotkb
P08861,114,N-linked,uniprotkb
A0A191URJ7,144,N-linked,uniprotkb
P10124,96,O-linked,uniprotkb
Q6MZM0,407,N-linked,uniprotkb
P07911,80,N-linked,uniprotkb
Q9HBA9,168,N-linked,uniprotkb
P18510,109,N-linked,uniprotkb
P01880,109,O-linked,uniprotkb
Q14108,45,N-linked,uniprotkb
P07359,385,O-linked,uniprotkb
Q9NZK5,378,N-linked,uniprotkb
P08637,180,N-linked,uniprotkb
Q03405,194,N-linked,uniprotkb
P40189,43,N-linked,uniprotkb
P30825,226,N-linked,uniprotkb
P43220,82,N-linked,uniprotkb
P16284,551,N-linked,uniprotkb
Q9NR71,440,N-linked,uniprotkb
P00747,308,N-linked,uniprotkb
P02649,308,O-linked,uniprotkb
P09326,104,N-linked,uniprotkb
P06870,104,O-linked,uniprotkb
O15031,733,N-linked,uniprotkb
P04180,44,N-linked,uniprotkb
Q8NDA2,478,N-linked,uniprotkb
P15144,128,N-linked,uniprotkb
P19440,511,N-linked,uniprotkb
Q02817,1287,O-linked,uniprotkb
P13473,275,N-linked,uniprotkb
Q8NI99,145,N-linked,uniprotkb
P00748,299,O-linked,uniprotkb
Q96JJ7,258,N-linked,uniprotkb
P40879,161,N-linked,uniprotkb
P01019,38,N-linked,uniprotkb
P80370,100,N-linked,uniprotkb
Q8IUH8,100,N-linked,uniprotkb
P08581,761,O-linked,uniprotkb
Q9HC84,4960,N-linked,uniprotkb
P00734,416,N-linked,uniprotkb
Q6UWR7,341,N-linked,uniprotkb
Q8N6C8,341,N-linked,uniprotkb
P04003,221,N-linked,uniprotkb
Q12841,175,N-linked,uniprotkb
P16444,279,N-linked,uniprotkb
P08603,802,N-linked,uniprotkb
P07359,490,O-linked,uniprotkb
Q01638,95,N-linked,uniprotkb
Q9Y3Q0,628,N-linked,uniprotkb
Q16581,266,O-linked,uniprotkb
Q9UQV4,291,N-linked,uniprotkb
Q92626,1178,N-linked,uniprotkb
P10643,36,C-linked,uniprotkb
Q8TCJ2,627,N-linked,uniprotkb
P01130,657,N-linked,uniprotkb
P98088,4376,O-linked,uniprotkb
P98088,4512,O-linked,uniprotkb
P01023,991,N-linked,uniprotkb
P35556,2594,O-linked,uniprotkb
P04114,3411,N-linked,uniprotkb
P08922,1738,N-linked,uniprotkb
Q86WC4,184,N-linked,uniprotkb
Q8TDX6,315,N-linked,uniprotkb
Q9UKZ4,2285,N-linked,uniprotkb
Q9H3Q3,179,N-linked,uniprotkb
Q9NZR2,2626,N-linked,uniprotkb
O95274,183,N-linked,uniprotkb
Q6PKH6,183,N-linked,uniprotkb
O60494,2610,N-linked,uniprotkb
Q9UKZ4,1567,N-linked,uniprotkb
Q99102,3567,O-linked,uniprotkb
P24043,1700,N-linked,uniprotkb
Q5VY43,476,N-linked,uniprotkb
P98164,3125,N-linked,uniprotkb
Q96PZ7,3022,N-linked,uniprotkb
Q8N370,55,N-linked,uniprotkb
Q8NFM7,55,N-linked,uniprotkb
Q6NVV3,55,N-linked,uniprotkb
Q14954,178,N-linked,uniprotkb
O95727,178,N-linked,uniprotkb
P98164,178,N-linked,uniprotkb
Q9NZS2,77,N-linked,uniprotkb
Q04900,77,N-linked,uniprotkb
Q9UKF5,564,N-linked,uniprotkb
Q99102,1387,O-linked,uniprotkb
O60469,512,N-linked,uniprotkb
O95156,139,N-linked,uniprotkb
Q8TB96,139,N-linked,uniprotkb
P43146,702,N-linked,uniprotkb
O60258,137,N-linked,uniprotkb
Q9BVH7,137,N-linked,uniprotkb
O15389,384,N-linked,uniprotkb
Q8WTV0,383,N-linked,uniprotkb
Q92563,383,O-linked,uniprotkb
P18428,386,N-linked,uniprotkb
P17181,254,N-linked,uniprotkb
P05107,254,N-linked,uniprotkb
Q0P651,282,N-linked,uniprotkb
Q8NH07,13,N-linked,uniprotkb
B2RN74,13,N-linked,uniprotkb
Q7Z2D5,543,N-linked,uniprotkb
Q92673,1246,N-linked,uniprotkb
Q86WK7,272,N-linked,uniprotkb
P15509,272,N-linked,uniprotkb
Q7RTW8,321,N-linked,uniprotkb
Q96N66,321,N-linked,uniprotkb
Q9BZC7,368,N-linked,uniprotkb
O15072,475,N-linked,uniprotkb
Q8TD84,749,N-linked,uniprotkb
Q7L0X0,209,N-linked,uniprotkb
Q99102,1951,O-linked,uniprotkb
P32942,320,N-linked,uniprotkb
Q504Y2,320,N-linked,uniprotkb
Q969F8,28,N-linked,uniprotkb
O43570,28,N-linked,uniprotkb
Q5MY95,304,N-linked,uniprotkb
P55283,283,N-linked,uniprotkb
P53708,605,N-linked,uniprotkb
P07333,73,N-linked,uniprotkb
Q9UQ52,956,N-linked,uniprotkb
P41594,734,N-linked,uniprotkb
O95259,415,N-linked,uniprotkb
Q06828,127,N-linked,uniprotkb
Q04721,155,N-linked,uniprotkb
P60509,155,N-linked,uniprotkb
Q86YC3,155,N-linked,uniprotkb
Q96PD2,155,N-linked,uniprotkb
Q8NH90,155,N-linked,uniprotkb
Q6UWF7,92,N-linked,uniprotkb
Q6Q8B3,92,N-linked,uniprotkb
O00451,357,N-linked,uniprotkb
Q9NYM4,46,N-linked,uniprotkb
P15509,46,N-linked,uniprotkb
P10912,46,N-linked,uniprotkb
P60508,220,N-linked,uniprotkb
Q8IZF7,220,N-linked,uniprotkb
P10124,110,O-linked,uniprotkb
Q8N357,110,N-linked,uniprotkb
Q07954,928,N-linked,uniprotkb
Q8TDW7,899,N-linked,uniprotkb
Q13316,345,N-linked,uniprotkb
O43246,601,N-linked,uniprotkb
Q99102,1179,O-linked,uniprotkb
P22897,344,N-linked,uniprotkb
O95196,117,O-linked,uniprotkb
Q6UXZ4,117,N-linked,uniprotkb
Q49A17,588,N-linked,uniprotkb
Q9UPZ6,717,N-linked,uniprotkb
Q9HBL6,147,N-linked,uniprotkb
Q6IF82,87,N-linked,uniprotkb
Q7Z3Q1,53,N-linked,uniprotkb
Q9H8L6,214,N-linked,uniprotkb
Q86UK0,214,N-linked,uniprotkb
Q4LDE5,847,N-linked,uniprotkb
A0A075B6N1,37,N-linked,uniprotkb
P16234,458,N-linked,uniprotkb
O95857,113,N-linked,uniprotkb
Q92935,269,N-linked,uniprotkb
Q6UWI2,58,N-linked,uniprotkb
P32241,58,N-linked,uniprotkb
O15547,210,N-linked,uniprotkb
Q96PE1,602,N-linked,uniprotkb
P23467,421,N-linked,uniprotkb
P58397,1321,N-linked,uniprotkb
O60706,334,N-linked,uniprotkb
P15529,307,O-linked,uniprotkb
Q6AZY7,257,N-linked,uniprotkb
Q92508,295,N-linked,uniprotkb
Q7Z407,1126,N-linked,uniprotkb
Q6UX41,103,N-linked,uniprotkb
Q8N2Q7,567,N-linked,uniprotkb
Q9NRS4,130,N-linked,uniprotkb
Q92824,1014,N-linked,uniprotkb
Q96P66,7,N-linked,uniprotkb
Q9C0A0,285,N-linked,uniprotkb
O75094,1025,N-linked,uniprotkb
Q9NS15,1275,N-linked,uniprotkb
Q29983,79,N-linked,uniprotkb
P15260,79,N-linked,uniprotkb
Q9BQS7,758,N-linked,uniprotkb
Q9UHF4,191,N-linked,uniprotkb
Q9Y4D7,583,N-linked,uniprotkb
Q9Y2C9,583,N-linked,uniprotkb
P32241,69,N-linked,uniprotkb
O60391,69,N-linked,uniprotkb
O00398,16,N-linked,uniprotkb
P34925,182,N-linked,uniprotkb
Q15303,620,N-linked,uniprotkb
P17948,620,N-linked,uniprotkb
Q99102,620,O-linked,uniprotkb
Q9BQS7,873,N-linked,uniprotkb
P28906,249,N-linked,uniprotkb
Q12805,249,N-linked,uniprotkb
Q969J5,56,N-linked,uniprotkb
O00624,56,N-linked,uniprotkb
Q00887,303,N-linked,uniprotkb
Q13046,303,N-linked,uniprotkb
Q9BZ76,497,N-linked,uniprotkb
P0DPD6,252,N-linked,uniprotkb
Q8N3T1,574,N-linked,uniprotkb
Q6ZRH7,574,N-linked,uniprotkb
Q6UXM1,469,N-linked,uniprotkb
Q8N0V4,271,N-linked,uniprotkb
P14151,271,N-linked,uniprotkb
P32302,196,N-linked,uniprotkb
Q9BTN0,348,N-linked,uniprotkb
Q96RV3,348,N-linked,uniprotkb
Q9P0L9,505,N-linked,uniprotkb
Q99795,223,N-linked,uniprotkb
Q4KMG0,88,N-linked,uniprotkb
Q8WVE7,30,N-linked,uniprotkb
P15514,30,N-linked,uniprotkb
Q9NS75,30,N-linked,uniprotkb
Q5IJ48,886,N-linked,uniprotkb
P15509,54,N-linked,uniprotkb
Q96DR8,54,O-linked,uniprotkb
P19438,54,N-linked,uniprotkb
Q9Y5E7,171,N-linked,uniprotkb
P00451,1431,N-linked,uniprotkb
Q99467,573,N-linked,uniprotkb
A6NM11,296,N-linked,uniprotkb
P35504,296,N-linked,uniprotkb
Q9Y5F1,418,N-linked,uniprotkb
Q8IVL8,251,N-linked,uniprotkb
P02771,251,N-linked,uniprotkb
Q9HC58,86,N-linked,uniprotkb
P11215,86,N-linked,uniprotkb
Q2M3T9,86,N-linked,uniprotkb
P24530,59,N-linked,uniprotkb
Q9NSI5,59,N-linked,uniprotkb
A8MVZ5,59,N-linked,uniprotkb
Q96R28,190,N-linked,uniprotkb
Q9Y2A9,202,N-linked,uniprotkb
P11717,1816,N-linked,uniprotkb
O94898,468,N-linked,uniprotkb
Q9H251,1315,N-linked,uniprotkb
Q6P9F7,78,N-linked,uniprotkb
Q9NR16,78,N-linked,uniprotkb
Q8TB96,482,N-linked,uniprotkb
O14594,1026,N-linked,uniprotkb
Q6UXG3,177,O-linked,uniprotkb
Q495T6,177,N-linked,uniprotkb
Q9NQ60,143,N-linked,uniprotkb
Q7RTW8,394,N-linked,uniprotkb
Q6UXU0,40,N-linked,uniprotkb
A0A0B4J265,40,N-linked,uniprotkb
Q5PT55,85,N-linked,uniprotkb
P48066,198,N-linked,uniprotkb
Q9HBB8,198,N-linked,uniprotkb
Q9NZC3,198,N-linked,uniprotkb
Q9HAT2,107,N-linked,uniprotkb
Q86YL7,107,O-linked,uniprotkb
Q86WK7,107,N-linked,uniprotkb
Q8WW62,107,N-linked,uniprotkb
P0C091,846,N-linked,uniprotkb
Q9C0I4,150,N-linked,uniprotkb
Q9NYK1,361,N-linked,uniprotkb
Q9BYT9,455,N-linked,uniprotkb
Q9H015,57,N-linked,uniprotkb
Q86UP6,57,N-linked,uniprotkb
O43291,57,N-linked,uniprotkb
Q16099,736,N-linked,uniprotkb
Q32M45,105,N-linked,uniprotkb
P15151,105,N-linked,uniprotkb
P17301,105,N-linked,uniprotkb
Q9BZQ6,814,N-linked,uniprotkb
Q6PJG9,70,N-linked,uniprotkb
Q86TH1,544,N-linked,uniprotkb
Q8N695,485,N-linked,uniprotkb
Q96QE2,485,N-linked,uniprotkb
Q01638,232,N-linked,uniprotkb
Q8NCW0,222,N-linked,uniprotkb
P13591,222,N-linked,uniprotkb
Q06643,222,N-linked,uniprotkb
Q9N2J8,352,N-linked,uniprotkb
P11362,227,N-linked,uniprotkb
Q9UMF0,646,N-linked,uniprotkb
Q8IVM8,102,N-linked,uniprotkb
Q9NRA2,71,N-linked,uniprotkb
Q86Z14,71,N-linked,uniprotkb
Q92185,71,N-linked,uniprotkb
A0A087WT03,71,N-linked,uniprotkb
P10153,111,N-linked,uniprotkb
Q6IEZ7,3,N-linked,uniprotkb
Q1ZYL8,219,N-linked,uniprotkb
Q86WS5,219,N-linked,uniprotkb
Q9UHC6,546,N-linked,uniprotkb
Q8TDV2,34,N-linked,uniprotkb
Q9UPR5,34,N-linked,uniprotkb
Q7Z553,610,N-linked,uniprotkb
Q9UKF2,625,N-linked,uniprotkb
Q9H3U7,206,N-linked,uniprotkb
Q86SQ4,206,N-linked,uniprotkb
Q5SY80,487,N-linked,uniprotkb
Q99102,1007,O-linked,uniprotkb
Q96Q91,600,N-linked,uniprotkb
Q9UKZ9,355,N-linked,uniprotkb
Q02094,355,N-linked,uniprotkb
P48551,116,N-linked,uniprotkb
Q8NCR0,116,N-linked,uniprotkb
Q5FYB1,288,N-linked,uniprotkb
Q12913,910,N-linked,uniprotkb
P17927,959,N-linked,uniprotkb
Q6X784,309,N-linked,uniprotkb
Q8IUC8,94,N-linked,uniprotkb
O95998,94,N-linked,uniprotkb
P05556,94,N-linked,uniprotkb
Q9NRD9,94,N-linked,uniprotkb
Q7Z2H8,470,N-linked,uniprotkb
P98073,470,N-linked,uniprotkb
P24043,470,N-linked,uniprotkb
Q01459,228,N-linked,uniprotkb
P55285,536,N-linked,uniprotkb
Q07001,97,N-linked,uniprotkb
P05556,97,N-linked,uniprotkb
P01130,97,N-linked,uniprotkb
Q9UKX5,857,N-linked,uniprotkb
P59922,195,N-linked,uniprotkb
Q8NGL0,195,N-linked,uniprotkb
Q7Z407,2155,N-linked,uniprotkb
I3L273,124,N-linked,uniprotkb
Q8N8Z6,124,N-linked,uniprotkb
Q8IX19,124,N-linked,uniprotkb
Q92542,200,N-linked,uniprotkb
Q9BZW8,200,N-linked,uniprotkb
P82987,1591,N-linked,uniprotkb
Q9UJA9,382,N-linked,uniprotkb
P20273,135,N-linked,uniprotkb
P82279,427,N-linked,uniprotkb
Q9Y264,427,N-linked,uniprotkb
Q9NY15,413,N-linked,uniprotkb
P20273,231,N-linked,uniprotkb
Q8N436,231,N-linked,uniprotkb
Q9UP38,231,N-linked,uniprotkb
Q6Y288,336,N-linked,uniprotkb
Q9Y2E5,336,N-linked,uniprotkb
Q9UKR3,225,N-linked,uniprotkb
Q8NFF2,76,N-linked,uniprotkb
Q86YL7,76,O-linked,uniprotkb
Q5VV63,76,N-linked,uniprotkb
Q8TDU6,76,N-linked,uniprotkb
A0A0B4J1V7,76,N-linked,uniprotkb
Q86Y34,98,N-linked,uniprotkb
Q969X2,98,N-linked,uniprotkb
Q9NQ25,98,N-linked,uniprotkb
Q9ULC0,98,N-linked,uniprotkb
O00254,25,N-linked,uniprotkb
Q8IW00,25,N-linked,uniprotkb
Q8IWU5,608,N-linked,uniprotkb
P07204,409,N-linked,uniprotkb
P98161,1010,N-linked,uniprotkb
Q9HCU0,612,O-linked,uniprotkb
Q15620,5,N-linked,uniprotkb
Q8NG95,5,N-linked,uniprotkb
Q8NGS2,5,N-linked,uniprotkb
Q8NH93,5,N-linked,uniprotkb
P28221,5,N-linked,uniprotkb
Q7Z602,5,N-linked,uniprotkb
P58173,5,N-linked,uniprotkb
P47887,5,N-linked,uniprotkb
Q8NG97,5,N-linked,uniprotkb
Q9NQN1,5,N-linked,uniprotkb
Q8NGT0,5,N-linked,uniprotkb
Q8NGT2,5,N-linked,uniprotkb
Q8NGY6,5,N-linked,uniprotkb
Q9H342,5,N-linked,uniprotkb
Q8NGJ2,5,N-linked,uniprotkb
Q8NGC6,5,N-linked,uniprotkb
Q6V1P9,1038,N-linked,uniprotkb
Q00887,268,N-linked,uniprotkb
O60779,314,N-linked,uniprotkb
A6NHS7,260,N-linked,uniprotkb
O95025,607,N-linked,uniprotkb
Q99985,123,N-linked,uniprotkb
Q9ULI3,123,N-linked,uniprotkb
A2VEC9,820,N-linked,uniprotkb
Q9HAR2,93,N-linked,uniprotkb
Q9H112,132,N-linked,uniprotkb
Q9P2J2,188,N-linked,uniprotkb
Q9BYE9,188,N-linked,uniprotkb
Q99835,188,N-linked,uniprotkb
Q13291,189,N-linked,uniprotkb
Q9UN76,189,N-linked,uniprotkb
Q96PQ1,367,N-linked,uniprotkb
Q86UK0,367,N-linked,uniprotkb
O75056,367,O-linked,uniprotkb
Q8IZP9,528,N-linked,uniprotkb
Q8WUJ3,312,N-linked,uniprotkb
Q9H158,562,N-linked,uniprotkb
P42702,652,N-linked,uniprotkb
Q86Z14,120,N-linked,uniprotkb
Q9P126,120,N-linked,uniprotkb
Q68BL8,213,N-linked,uniprotkb
P42081,213,N-linked,uniprotkb
Q9UBX7,213,N-linked,uniprotkb
Q9BZC7,1677,N-linked,uniprotkb
Q03431,151,N-linked,uniprotkb
Q7Z6M3,151,N-linked,uniprotkb
P19438,151,N-linked,uniprotkb
Q8WTR8,62,N-linked,uniprotkb
Q9Y5G4,545,N-linked,uniprotkb
Q8IZF6,1020,N-linked,uniprotkb
Q8TD07,212,N-linked,uniprotkb
Q96MS0,410,N-linked,uniprotkb
P07358,101,N-linked,uniprotkb
Q13296,68,N-linked,uniprotkb
O75173,68,N-linked,uniprotkb
P17181,81,N-linked,uniprotkb
P12259,782,N-linked,uniprotkb
O14672,267,N-linked,uniprotkb
Q00889,267,N-linked,uniprotkb
O75462,140,N-linked,uniprotkb
Q14766,1197,N-linked,uniprotkb
O60245,822,N-linked,uniprotkb
Q07954,2620,N-linked,uniprotkb
Q13324,74,N-linked,uniprotkb
P78509,1749,N-linked,uniprotkb
A6NGN9,67,N-linked,uniprotkb
O43692,26,N-linked,uniprotkb
P08F94,1135,N-linked,uniprotkb
Q9HCU0,456,O-linked,uniprotkb
Q6UXG3,201,O-linked,uniprotkb
Q8NB37,201,N-linked,uniprotkb
P10915,21,N-linked,uniprotkb
Q96I82,277,N-linked,uniprotkb
O75197,446,N-linked,uniprotkb
Q9UN72,265,N-linked,uniprotkb
Q8N119,372,N-linked,uniprotkb
Q9UQ05,473,N-linked,uniprotkb
Q8NGZ5,8,N-linked,uniprotkb
Q8NGR9,8,N-linked,uniprotkb
O43490,580,N-linked,uniprotkb
Q8NHL6,302,N-linked,uniprotkb
Q86TE4,302,N-linked,uniprotkb
O00462,302,N-linked,uniprotkb
Q9GZS9,327,N-linked,uniprotkb
P25103,18,N-linked,uniprotkb
Q6IF36,18,N-linked,uniprotkb
O15438,18,N-linked,uniprotkb
P23471,1457,N-linked,uniprotkb
Q09327,141,N-linked,uniprotkb
P23467,1163,N-linked,uniprotkb
P35499,1191,N-linked,uniprotkb
Q92824,1191,N-linked,uniprotkb
Q96MU8,217,N-linked,uniprotkb
Q75V66,778,N-linked,uniprotkb
B0FP48,51,N-linked,uniprotkb
Q9BZ76,441,N-linked,uniprotkb
Q9Y561,441,N-linked,uniprotkb
Q3KNW5,157,N-linked,uniprotkb
P30530,157,N-linked,uniprotkb
Q6MZW2,318,N-linked,uniprotkb
Q9NPC4,203,N-linked,uniprotkb
P32004,203,N-linked,uniprotkb
P39086,439,N-linked,uniprotkb
P16112,738,N-linked,uniprotkb
Q9H6D8,52,N-linked,uniprotkb
A6NDA9,52,N-linked,uniprotkb
Q8IY34,356,N-linked,uniprotkb
O00754,645,N-linked,uniprotkb
Q8TE60,313,N-linked,uniprotkb
Q6UXG3,224,O-linked,uniprotkb
P51828,776,N-linked,uniprotkb
Q7Z7M9,776,N-linked,uniprotkb
Q07954,1723,N-linked,uniprotkb
Q9ULC0,19,N-linked,uniprotkb
Q13797,807,N-linked,uniprotkb
P48745,280,N-linked,uniprotkb
Q16832,280,N-linked,uniprotkb
P02765,280,O-linked,uniprotkb
Q9NRB3,134,N-linked,uniprotkb
P24394,134,N-linked,uniprotkb
Q6UXL0,134,N-linked,uniprotkb
Q9BZV2,166,N-linked,uniprotkb
O94779,1002,N-linked,uniprotkb
P27037,66,N-linked,uniprotkb
Q9NY25,144,N-linked,uniprotkb
Q8IW00,144,N-linked,uniprotkb
A6NG13,144,N-linked,uniprotkb
Q7RTU9,964,N-linked,uniprotkb
O15399,467,N-linked,uniprotkb
Q9Y5G1,136,N-linked,uniprotkb
Q9Y5X9,136,N-linked,uniprotkb
P35968,96,N-linked,uniprotkb
Q9NZS2,96,N-linked,uniprotkb
A0A0A0MS03,96,N-linked,uniprotkb
O75093,72,N-linked,uniprotkb
O75711,72,N-linked,uniprotkb
P32004,247,N-linked,uniprotkb
P03999,11,N-linked,uniprotkb
P50391,187,N-linked,uniprotkb
Q14332,154,N-linked,uniprotkb
Q8N7C0,148,N-linked,uniprotkb
O60449,1076,N-linked,uniprotkb
Q9NR71,80,O-linked,uniprotkb
O43570,80,N-linked,uniprotkb
Q9Y2G1,919,N-linked,uniprotkb
Q9UIQ6,374,N-linked,uniprotkb
Q8TD84,796,N-linked,uniprotkb
P23515,425,N-linked,uniprotkb
P51805,637,N-linked,uniprotkb
A0PJZ3,274,N-linked,uniprotkb
P19256,109,N-linked,uniprotkb
Q8N139,109,N-linked,uniprotkb
Q8IWT1,45,N-linked,uniprotkb
P09564,45,N-linked,uniprotkb
Q9NYQ6,1114,N-linked,uniprotkb
O95407,173,N-linked,uniprotkb
Q92956,173,N-linked,uniprotkb
Q8N1N0,385,N-linked,uniprotkb
Q5T197,525,N-linked,uniprotkb
Q02246,525,N-linked,uniprotkb
Q8NGQ4,9,N-linked,uniprotkb
P08172,9,N-linked,uniprotkb
Q6ZMH5,160,N-linked,uniprotkb
Q9H7T0,1015,N-linked,uniprotkb
Q8TER0,1015,N-linked,uniprotkb
Q8TE56,894,N-linked,uniprotkb
P46059,514,N-linked,uniprotkb
O43286,90,N-linked,uniprotkb
Q9UM44,90,N-linked,uniprotkb
A0A075B6U4,90,N-linked,uniprotkb
A0A087X0K7,90,N-linked,uniprotkb
A0A0C4DH59,90,N-linked,uniprotkb
O15460,115,N-linked,uniprotkb
Q96TA0,115,N-linked,uniprotkb
Q8TD84,1561,N-linked,uniprotkb
Q8IWL1,207,N-linked,uniprotkb
Q16653,60,N-linked,uniprotkb
Q8TD46,60,N-linked,uniprotkb
A6NFU0,317,N-linked,uniprotkb
Q9P2S2,841,N-linked,uniprotkb
O15394,419,N-linked,uniprotkb
Q16478,414,N-linked,uniprotkb
P12724,84,N-linked,uniprotkb
Q9BZD2,84,N-linked,uniprotkb
Q9UBS5,84,N-linked,uniprotkb
Q9UKX5,82,N-linked,uniprotkb
Q8TE57,741,N-linked,uniprotkb
Q6W3E5,308,N-linked,uniprotkb
Q17RW2,376,N-linked,uniprotkb
Q6UVK1,1909,N-linked,uniprotkb
Q08174,618,N-linked,uniprotkb
Q9HCL0,420,N-linked,uniprotkb
P08236,420,N-linked,uniprotkb
Q8NH50,263,N-linked,uniprotkb
P16109,716,N-linked,uniprotkb
Q96PD2,516,N-linked,uniprotkb
Q13324,41,N-linked,uniprotkb
P30989,41,N-linked,uniprotkb
A0A075B6T8,41,N-linked,uniprotkb
O95631,417,N-linked,uniprotkb
P06340,104,N-linked,uniprotkb
Q96PL2,104,N-linked,uniprotkb
P01906,104,N-linked,uniprotkb
Q6DN72,65,N-linked,uniprotkb
Q9HB14,65,N-linked,uniprotkb
P55064,125,N-linked,uniprotkb
Q9NQ25,172,N-linked,uniprotkb
Q15849,733,N-linked,uniprotkb
O60676,27,N-linked,uniprotkb
Q14439,27,N-linked,uniprotkb
P54289,604,N-linked,uniprotkb
P80108,604,N-linked,uniprotkb
Q9H2A9,294,N-linked,uniprotkb
Q9Y5I2,547,N-linked,uniprotkb
P15248,63,N-linked,uniprotkb
P42263,63,N-linked,uniprotkb
Q9NS98,44,N-linked,uniprotkb
P60507,478,N-linked,uniprotkb
Q01718,17,N-linked,uniprotkb
P32245,17,N-linked,uniprotkb
Q969V1,17,N-linked,uniprotkb
P46059,50,N-linked,uniprotkb
Q902F9,128,N-linked,uniprotkb
Q8TAX7,128,N-linked,uniprotkb
P40259,128,N-linked,uniprotkb
Q6UVK1,1202,N-linked,uniprotkb
Q9P273,1202,N-linked,uniprotkb
Q8NFZ3,511,N-linked,uniprotkb
Q9NYQ6,1287,N-linked,uniprotkb
Q9Y5F7,444,N-linked,uniprotkb
P38570,444,N-linked,uniprotkb
P11717,1164,N-linked,uniprotkb
Q99102,688,O-linked,uniprotkb
Q5TZ20,6,N-linked,uniprotkb
Q8NGB4,6,N-linked,uniprotkb
Q9Y6J6,6,N-linked,uniprotkb
Q8NGA2,6,N-linked,uniprotkb
P35916,299,N-linked,uniprotkb
Q6UXR4,250,N-linked,uniprotkb
Q9NUM3,241,N-linked,uniprotkb
P29016,258,N-linked,uniprotkb
Q92824,852,N-linked,uniprotkb
Q9UHC6,506,N-linked,uniprotkb
O95427,350,N-linked,uniprotkb
Q86U17,350,N-linked,uniprotkb
Q9Y487,484,N-linked,uniprotkb
Q8WYK1,496,N-linked,uniprotkb
P21462,4,N-linked,uniprotkb
P21731,4,N-linked,uniprotkb
P34998,38,N-linked,uniprotkb
Q9Y561,75,N-linked,uniprotkb
O75445,451,N-linked,uniprotkb
Q8IZF2,106,N-linked,uniprotkb
P51810,106,N-linked,uniprotkb
O14764,106,N-linked,uniprotkb
Q8IZT8,287,N-linked,uniprotkb
Q92953,287,N-linked,uniprotkb
O43915,287,N-linked,uniprotkb
Q9NR99,287,N-linked,uniprotkb
Q15878,1566,N-linked,uniprotkb
Q6PJG9,324,N-linked,uniprotkb
Q96DN2,462,N-linked,uniprotkb
Q01955,253,N-linked,uniprotkb
P05543,253,N-linked,uniprotkb
P29016,146,N-linked,uniprotkb
Q9Y561,146,N-linked,uniprotkb
Q8N436,337,N-linked,uniprotkb
P00451,1085,N-linked,uniprotkb
P0DPD6,211,N-linked,uniprotkb
P48146,29,N-linked,uniprotkb
Q8TD84,29,N-linked,uniprotkb
Q71RG6,29,N-linked,uniprotkb
P26010,590,N-linked,uniprotkb
Q9H5V8,270,N-linked,uniprotkb
A6BM72,270,N-linked,uniprotkb
Q9Y286,142,N-linked,uniprotkb
Q9UKX5,95,N-linked,uniprotkb
O96014,300,N-linked,uniprotkb
P46098,170,N-linked,uniprotkb
O75493,170,N-linked,uniprotkb
Q8NCW6,428,N-linked,uniprotkb
O14917,266,N-linked,uniprotkb
Q17R60,432,O-linked,uniprotkb
P82987,1102,N-linked,uniprotkb
Q8IZM9,233,N-linked,uniprotkb
A0PJZ3,233,N-linked,uniprotkb
Q9NYW5,164,N-linked,uniprotkb
Q9BQS7,164,N-linked,uniprotkb
Q06828,291,N-linked,uniprotkb
Q86VZ4,291,N-linked,uniprotkb
Q63HM2,1147,N-linked,uniprotkb
O43184,149,N-linked,uniprotkb
Q12864,149,N-linked,uniprotkb
Q7Z408,1178,N-linked,uniprotkb
Q5T197,156,N-linked,uniprotkb
Q6UXM1,156,N-linked,uniprotkb
A6NMS7,1079,N-linked,uniprotkb
Q9BZA8,585,N-linked,uniprotkb
Q8TAB3,570,N-linked,uniprotkb
Q6UVY6,517,N-linked,uniprotkb
Q6UXK5,517,N-linked,uniprotkb
Q9NR97,42,N-linked,uniprotkb
A0A0B4J249,42,N-linked,uniprotkb
A0A0B4J272,42,N-linked,uniprotkb
Q9H2B4,163,N-linked,uniprotkb
O95992,163,N-linked,uniprotkb
Q6ZS10,237,N-linked,uniprotkb
Q8TE99,305,N-linked,uniprotkb
Q9NZV1,330,N-linked,uniprotkb
P27352,330,N-linked,uniprotkb
P35442,330,N-linked,uniprotkb
Q9BXR5,330,N-linked,uniprotkb
Q99102,1035,O-linked,uniprotkb
P98161,2248,N-linked,uniprotkb
Q6V1P9,2977,N-linked,uniprotkb
P12111,2861,N-linked,uniprotkb
Q9BZC7,1775,N-linked,uniprotkb
A3KMH1,1833,N-linked,uniprotkb
Q99102,3886,O-linked,uniprotkb
Q02817,4449,N-linked,uniprotkb
Q99102,2943,O-linked,uniprotkb
Q685J3,4116,N-linked,uniprotkb
O75445,4226,N-linked,uniprotkb
Q99102,3887,O-linked,uniprotkb
O75445,4950,N-linked,uniprotkb
Q8TDW7,3001,N-linked,uniprotkb
Q99102,3867,O-linked,uniprotkb
Q99102,3951,O-linked,uniprotkb
Q99102,3686,O-linked,uniprotkb
A2VEC9,3600,N-linked,uniprotkb
Q14517,3640,N-linked,uniprotkb
Q9NYQ8,3772,N-linked,uniprotkb
Q8WXI7,13037,N-linked,uniprotkb
Q8WXI7,12235,N-linked,uniprotkb
Q8WXI7,6088,N-linked,uniprotkb
Q8WXI7,13661,N-linked,uniprotkb
Q99102,3332,O-linked,uniprotkb
P82279,1265,N-linked,uniprotkb
Q99102,2020,O-linked,uniprotkb
Q8WXI7,3178,N-linked,uniprotkb
Q96RW7,1929,N-linked,uniprotkb
A2VEC9,4734,N-linked,uniprotkb
Q99102,2852,O-linked,uniprotkb
Q92673,2069,N-linked,uniprotkb
O60494,2400,N-linked,uniprotkb
Q9P273,1544,N-linked,uniprotkb
Q99102,2382,O-linked,uniprotkb
Q8WXI7,9493,N-linked,uniprotkb
Q9H251,1857,N-linked,uniprotkb
Q7Z408,3055,N-linked,uniprotkb
O15031,1099,N-linked,uniprotkb
Q9Y4D7,1099,N-linked,uniprotkb
O75445,2413,N-linked,uniprotkb
Q99102,2932,O-linked,uniprotkb
A2VEC9,3916,N-linked,uniprotkb
Q7Z408,3143,N-linked,uniprotkb
Q99102,2292,O-linked,uniprotkb
Q92823,1072,N-linked,uniprotkb
Q99102,1540,O-linked,uniprotkb
P98161,2645,N-linked,uniprotkb
Q99102,3342,O-linked,uniprotkb
Q99102,1531,O-linked,uniprotkb
Q9NYQ6,1259,N-linked,uniprotkb
P04275,1477,O-linked,uniprotkb
Q96RV3,1982,N-linked,uniprotkb
P11717,957,N-linked,uniprotkb
O60494,2531,N-linked,uniprotkb
Q92673,1367,N-linked,uniprotkb
Q99102,2142,O-linked,uniprotkb
P60508,443,N-linked,uniprotkb
P09619,230,N-linked,uniprotkb
Q99102,230,N-linked,uniprotkb
P48960,453,N-linked,uniprotkb
Q9Y6R7,1317,N-linked,uniprotkb
P02749,183,N-linked,uniprotkb
P10645,183,O-linked,uniprotkb
O14594,411,O-linked,uniprotkb
A0A2R8YFM6,178,N-linked,uniprotkb
Q92854,77,N-linked,uniprotkb
P08571,282,N-linked,uniprotkb
Q86UN3,236,N-linked,uniprotkb
P01130,272,N-linked,uniprotkb
P30203,28,N-linked,uniprotkb
P02760,24,O-linked,uniprotkb
O14638,533,N-linked,uniprotkb
Q92954,978,O-linked,uniprotkb
Q9Y6C2,415,N-linked,uniprotkb
P01877,92,N-linked,uniprotkb
Q4U2R8,92,N-linked,uniprotkb
Q96AP7,169,N-linked,uniprotkb
O60602,46,N-linked,uniprotkb
O75354,220,N-linked,uniprotkb
P28068,110,N-linked,uniprotkb
P01588,110,N-linked,uniprotkb
P31997,197,N-linked,uniprotkb
P19835,651,O-linked,uniprotkb
Q14108,325,N-linked,uniprotkb
P45452,117,N-linked,uniprotkb
P10163,87,N-linked,uniprotkb
P05543,165,N-linked,uniprotkb
P12319,165,N-linked,uniprotkb
Q9NZ08,760,N-linked,uniprotkb
P46531,458,O-linked,uniprotkb
P42892,362,N-linked,uniprotkb
P34810,261,N-linked,uniprotkb
P98088,2541,O-linked,uniprotkb
P23946,103,N-linked,uniprotkb
Q16348,567,N-linked,uniprotkb
Q9UNA0,498,N-linked,uniprotkb
P35354,130,N-linked,uniprotkb
Q96S16,130,N-linked,uniprotkb
Q86XR5,79,N-linked,uniprotkb
Q9NZ53,79,O-linked,uniprotkb
Q09328,433,N-linked,uniprotkb
P14415,238,N-linked,uniprotkb
Q8WXD2,216,O-linked,uniprotkb
O75629,216,N-linked,uniprotkb
P00533,196,N-linked,uniprotkb
Q12884,99,N-linked,uniprotkb
P20916,99,N-linked,uniprotkb
P23229,997,N-linked,uniprotkb
P28799,530,N-linked,uniprotkb
P47871,59,N-linked,uniprotkb
P07686,190,N-linked,uniprotkb
P27918,202,C-linked,uniprotkb
O60883,107,O-linked,uniprotkb
Q9P232,489,N-linked,uniprotkb
Q92859,489,N-linked,uniprotkb
P00533,361,N-linked,uniprotkb
Q9Y6C2,455,N-linked,uniprotkb
Q92954,736,O-linked,uniprotkb
P10747,105,N-linked,uniprotkb
P46531,232,O-linked,uniprotkb
Q8NBL1,204,N-linked,uniprotkb
P51164,222,N-linked,uniprotkb
P14784,71,N-linked,uniprotkb
Q14766,1019,O-linked,uniprotkb
P35555,787,O-linked,uniprotkb
P55290,638,N-linked,uniprotkb
O95342,116,N-linked,uniprotkb
P13688,288,N-linked,uniprotkb
P04062,309,N-linked,uniprotkb
P46531,797,O-linked,uniprotkb
P04070,290,N-linked,uniprotkb
P17050,124,N-linked,uniprotkb
P51654,124,N-linked,uniprotkb
Q07699,135,N-linked,uniprotkb
Q14766,1224,O-linked,uniprotkb
P00742,231,N-linked,uniprotkb
P08571,336,O-linked,uniprotkb
P01880,225,N-linked,uniprotkb
P00742,199,O-linked,uniprotkb
P48357,98,N-linked,uniprotkb
P23142,98,N-linked,uniprotkb
P35555,1067,N-linked,uniprotkb
P48960,371,N-linked,uniprotkb
P22304,246,N-linked,uniprotkb
Q9UNW1,242,N-linked,uniprotkb
O60462,152,N-linked,uniprotkb
P40199,152,N-linked,uniprotkb
P02763,93,N-linked,uniprotkb
Q9H3G5,132,N-linked,uniprotkb
P05546,188,N-linked,uniprotkb
Q16348,528,N-linked,uniprotkb
P03986,151,N-linked,uniprotkb
Q76LX8,614,N-linked,uniprotkb
Q8TEB7,101,N-linked,uniprotkb
O75976,1070,N-linked,uniprotkb
P12110,140,N-linked,uniprotkb
Q96D15,140,N-linked,uniprotkb
O75339,346,N-linked,uniprotkb
P0CF51,126,N-linked,uniprotkb
Q96F46,67,N-linked,uniprotkb
Q9Y6Y9,26,N-linked,uniprotkb
P12830,580,O-linked,uniprotkb
P07098,327,N-linked,uniprotkb
P15144,234,N-linked,uniprotkb
Q92626,731,N-linked,uniprotkb
P20916,450,N-linked,uniprotkb
P07996,450,O-linked,uniprotkb
P05164,729,N-linked,uniprotkb
O60462,157,N-linked,uniprotkb
Q92954,603,O-linked,uniprotkb
P40199,224,N-linked,uniprotkb
P55268,1308,N-linked,uniprotkb
P98088,2405,O-linked,uniprotkb
P53634,119,N-linked,uniprotkb
P04070,19,O-linked,uniprotkb
P17342,293,N-linked,uniprotkb
Q9NZP8,166,N-linked,uniprotkb
Q9H6X2,166,N-linked,uniprotkb
Q9Y6Y9,114,N-linked,uniprotkb
P04629,281,N-linked,uniprotkb
P22304,144,N-linked,uniprotkb
P19801,745,N-linked,uniprotkb
Q9UEW3,136,N-linked,uniprotkb
P03986,136,N-linked,uniprotkb
P09564,96,N-linked,uniprotkb
Q6P988,96,N-linked,uniprotkb
P01375,80,O-linked,uniprotkb
Q6UWI2,80,N-linked,uniprotkb
P26951,80,N-linked,uniprotkb
P21583,168,O-linked,uniprotkb
Q93063,637,N-linked,uniprotkb
P00748,109,O-linked,uniprotkb
P05556,669,N-linked,uniprotkb
Q5VWK5,180,N-linked,uniprotkb
P46531,194,O-linked,uniprotkb
O75056,160,O-linked,uniprotkb
Q8IUX7,922,N-linked,uniprotkb
Q5T6X5,555,N-linked,uniprotkb
O00481,115,N-linked,uniprotkb
P31997,115,N-linked,uniprotkb
P04626,571,N-linked,uniprotkb
P42785,317,N-linked,uniprotkb
P07686,84,N-linked,uniprotkb
P01137,82,N-linked,uniprotkb
Q9P2B2,618,N-linked,uniprotkb
Q92954,611,O-linked,uniprotkb
P10144,104,N-linked,uniprotkb
Q92954,595,O-linked,uniprotkb
P04196,125,N-linked,uniprotkb
Q9BVK6,125,N-linked,uniprotkb
P19827,750,N-linked,uniprotkb
P02724,44,O-linked,uniprotkb
P35556,1954,O-linked,uniprotkb
P06756,554,N-linked,uniprotkb
Q9NR97,395,N-linked,uniprotkb
Q6NSJ0,250,N-linked,uniprotkb
Q9GZM7,161,N-linked,uniprotkb
O75056,161,O-linked,uniprotkb
P30556,4,N-linked,uniprotkb
Q92859,639,N-linked,uniprotkb
P29016,38,N-linked,uniprotkb
P13671,38,O-linked,uniprotkb
P36888,100,N-linked,uniprotkb
P56199,100,N-linked,uniprotkb
P19634,75,N-linked,uniprotkb
O00584,106,N-linked,uniprotkb
P27169,324,N-linked,uniprotkb
Q16620,205,N-linked,uniprotkb
P06870,167,O-linked,uniprotkb
P00748,337,O-linked,uniprotkb
Q6MZM0,772,N-linked,uniprotkb
P13473,211,O-linked,uniprotkb
P02790,29,O-linked,uniprotkb
Q08174,818,N-linked,uniprotkb
P00751,142,N-linked,uniprotkb
Q9UHP7,95,N-linked,uniprotkb
Q9Y6A1,471,N-linked,uniprotkb
P22079,358,N-linked,uniprotkb
P14784,149,N-linked,uniprotkb
Q9NZK5,185,N-linked,uniprotkb
P21810,42,O-linked,uniprotkb
P35555,2628,O-linked,uniprotkb
Q14517,3422,N-linked,uniprotkb
Q9HC84,5215,N-linked,uniprotkb
Q99715,2679,N-linked,uniprotkb
P46531,1725,O-linked,uniprotkb
P35556,2471,O-linked,uniprotkb
P78363,1588,N-linked,uniprotkb
Q5T601,455,N-linked,uniprotkb
Q05586,276,N-linked,uniprotkb
P28472,174,N-linked,uniprotkb
P0C0L4,862,N-linked,uniprotkb
P39059,343,O-linked,uniprotkb
Q01118,1103,N-linked,uniprotkb
P78363,1662,N-linked,uniprotkb
Q8NDA2,2370,N-linked,uniprotkb
P42261,406,N-linked,uniprotkb
Q9Y2I2,406,N-linked,uniprotkb
Q8NC67,311,N-linked,uniprotkb
Q8N0V4,402,N-linked,uniprotkb
Q9Y6N6,328,N-linked,uniprotkb
Q96F81,582,N-linked,uniprotkb
Q9UGQ3,370,N-linked,uniprotkb
O75094,1181,N-linked,uniprotkb
Q96I82,183,N-linked,uniprotkb
Q9Y5E5,183,N-linked,uniprotkb
Q8NDX9,183,N-linked,uniprotkb
Q9NYQ6,2415,N-linked,uniprotkb
Q96RW7,390,N-linked,uniprotkb
Q9UKX5,1031,N-linked,uniprotkb
P22004,404,N-linked,uniprotkb
P98088,1957,C-linked,uniprotkb
Q9NYQ8,2165,N-linked,uniprotkb
O60449,934,N-linked,uniprotkb
Q8NCL4,476,N-linked,uniprotkb
Q9NY15,1222,N-linked,uniprotkb
Q9NYQ8,3125,N-linked,uniprotkb
Q6V1P9,2329,N-linked,uniprotkb
Q8NBJ9,572,N-linked,uniprotkb
Q7RTY3,55,N-linked,uniprotkb
P32297,55,N-linked,uniprotkb
B3SHH9,55,N-linked,uniprotkb
Q9NRS4,178,N-linked,uniprotkb
Q9NWF4,178,N-linked,uniprotkb
O43286,77,N-linked,uniprotkb
P23352,564,N-linked,uniprotkb
Q6UXM1,987,N-linked,uniprotkb
P04070,139,N-linked,uniprotkb
O60636,139,N-linked,uniprotkb
Q695T7,158,N-linked,uniprotkb
P60893,83,N-linked,uniprotkb
Q6UXX5,83,N-linked,uniprotkb
Q92832,83,N-linked,uniprotkb
Q9UGN4,83,N-linked,uniprotkb
P50895,383,N-linked,uniprotkb
P40197,499,N-linked,uniprotkb
Q15878,254,N-linked,uniprotkb
Q7RTU9,916,N-linked,uniprotkb
Q92847,13,N-linked,uniprotkb
Q9Y2T5,13,N-linked,uniprotkb
Q9H173,236,N-linked,uniprotkb
Q9UBS9,236,N-linked,uniprotkb
Q86XX4,1108,N-linked,uniprotkb
Q9H1C4,272,N-linked,uniprotkb
Q13797,854,N-linked,uniprotkb
P09848,368,N-linked,uniprotkb
Q9Y4D7,481,N-linked,uniprotkb
Q9P2N4,749,N-linked,uniprotkb
Q53EL9,541,N-linked,uniprotkb
Q9BZV3,320,N-linked,uniprotkb
P33032,28,N-linked,uniprotkb
Q9Y4D7,1017,N-linked,uniprotkb
P23471,1017,N-linked,uniprotkb
P56937,229,N-linked,uniprotkb
P30532,229,N-linked,uniprotkb
Q9GZN6,229,N-linked,uniprotkb
O00555,283,N-linked,uniprotkb
Q9NRM6,283,N-linked,uniprotkb
O00337,605,N-linked,uniprotkb
Q13002,73,N-linked,uniprotkb
Q9NYX4,73,N-linked,uniprotkb
Q96J65,540,N-linked,uniprotkb
Q9UBS5,24,N-linked,uniprotkb
P09758,208,N-linked,uniprotkb
Q96A28,208,N-linked,uniprotkb
P12644,208,N-linked,uniprotkb
Q8TCB6,91,N-linked,uniprotkb
Q9NTG1,674,N-linked,uniprotkb
Q96GX1,391,N-linked,uniprotkb
Q9P2E7,273,N-linked,uniprotkb
Q14246,127,N-linked,uniprotkb
P40259,127,N-linked,uniprotkb
O95897,155,N-linked,uniprotkb
O14842,155,N-linked,uniprotkb
Q9H3T3,155,N-linked,uniprotkb
Q8WWG1,39,N-linked,uniprotkb
Q14112,693,N-linked,uniprotkb
Q96RJ0,10,N-linked,uniprotkb
Q969V1,10,N-linked,uniprotkb
Q9NYW0,92,N-linked,uniprotkb
P13726,169,N-linked,uniprotkb
A8MPY1,220,N-linked,uniprotkb
Q9H5K3,220,N-linked,uniprotkb
Q8WTT0,110,N-linked,uniprotkb
P55103,110,N-linked,uniprotkb
P39086,561,N-linked,uniprotkb
Q14494,412,N-linked,uniprotkb
Q9Y5X9,491,N-linked,uniprotkb
Q9NYQ8,568,N-linked,uniprotkb
Q13591,591,N-linked,uniprotkb
Q12860,591,N-linked,uniprotkb
Q9P283,345,N-linked,uniprotkb
Q9BXF9,344,N-linked,uniprotkb
P41586,117,N-linked,uniprotkb
P10586,117,N-linked,uniprotkb
P32004,588,N-linked,uniprotkb
Q8NHC5,87,N-linked,uniprotkb
O14511,53,N-linked,uniprotkb
Q8WWQ8,847,N-linked,uniprotkb
Q9Y3Q4,458,N-linked,uniprotkb
Q9UJ71,113,N-linked,uniprotkb
Q9Y644,113,N-linked,uniprotkb
Q5VUY2,269,N-linked,uniprotkb
O43827,58,N-linked,uniprotkb
Q9BYH1,435,N-linked,uniprotkb
O00222,565,N-linked,uniprotkb
Q9ULD8,421,N-linked,uniprotkb
A4D0V7,985,N-linked,uniprotkb
Q9H2E6,49,N-linked,uniprotkb
Q6X784,257,N-linked,uniprotkb
P26012,466,N-linked,uniprotkb
Q96R08,261,N-linked,uniprotkb
Q7RTT9,523,N-linked,uniprotkb
Q58DX5,295,N-linked,uniprotkb
Q15389,295,N-linked,uniprotkb
O00755,295,N-linked,uniprotkb
Q16363,215,N-linked,uniprotkb
O75096,498,N-linked,uniprotkb
Q30201,130,N-linked,uniprotkb
Q8NGL3,7,N-linked,uniprotkb
P35916,594,N-linked,uniprotkb
Q6ZS10,285,N-linked,uniprotkb
Q12879,443,N-linked,uniprotkb
Q9BQR3,79,N-linked,uniprotkb
O60477,433,N-linked,uniprotkb
Q9Y4D7,696,N-linked,uniprotkb
Q99102,1316,O-linked,uniprotkb
O43451,912,N-linked,uniprotkb
Q8WXI7,434,N-linked,uniprotkb
Q3ZCN5,434,N-linked,uniprotkb
Q99680,16,N-linked,uniprotkb
P35968,613,N-linked,uniprotkb
A6NKB5,613,N-linked,uniprotkb
P15509,182,N-linked,uniprotkb
Q86XS5,238,N-linked,uniprotkb
P22083,216,N-linked,uniprotkb
P32971,153,N-linked,uniprotkb
P14778,249,N-linked,uniprotkb
O15460,264,N-linked,uniprotkb
Q8TCU5,264,N-linked,uniprotkb
Q9HCM2,655,N-linked,uniprotkb
O75015,56,N-linked,uniprotkb
P48058,56,N-linked,uniprotkb
Q63ZE4,56,N-linked,uniprotkb
Q9BZ11,448,N-linked,uniprotkb
O95180,271,N-linked,uniprotkb
Q5VU65,348,N-linked,uniprotkb
P23471,223,N-linked,uniprotkb
Q7RTX1,88,N-linked,uniprotkb
P39905,162,N-linked,uniprotkb
P07093,118,N-linked,uniprotkb
Q96DR8,30,O-linked,uniprotkb
O75882,1082,N-linked,uniprotkb
P98088,3959,C-linked,uniprotkb
Q9BXP8,1476,N-linked,uniprotkb
Q7L0J3,573,N-linked,uniprotkb
P26006,573,N-linked,uniprotkb
Q5VV43,513,N-linked,uniprotkb
Q5T1H1,566,N-linked,uniprotkb
P07942,519,N-linked,uniprotkb
Q8TDW7,1997,N-linked,uniprotkb
Q2M3M2,251,N-linked,uniprotkb
P54760,426,N-linked,uniprotkb
Q9BZA8,86,N-linked,uniprotkb
Q04844,86,N-linked,uniprotkb
Q9Y5I4,436,N-linked,uniprotkb
Q8TEB7,59,N-linked,uniprotkb
Q8NGU2,190,N-linked,uniprotkb
Q8IZJ3,190,N-linked,uniprotkb
P14410,1340,N-linked,uniprotkb
P16234,468,N-linked,uniprotkb
P11150,78,N-linked,uniprotkb
Q99102,3892,O-linked,uniprotkb
P51790,177,N-linked,uniprotkb
Q8IZF3,177,N-linked,uniprotkb
Q9UGT4,177,N-linked,uniprotkb
P78504,143,N-linked,uniprotkb
A6NIE9,143,N-linked,uniprotkb
O94910,827,N-linked,uniprotkb
P59540,176,N-linked,uniprotkb
Q14515,176,N-linked,uniprotkb
Q92752,176,O-linked,uniprotkb
P19256,40,N-linked,uniprotkb
Q5VXM1,40,N-linked,uniprotkb
Q11128,198,N-linked,uniprotkb
Q00889,198,N-linked,uniprotkb
Q8NGH5,198,N-linked,uniprotkb
Q9ULY5,107,N-linked,uniprotkb
Q9P121,284,N-linked,uniprotkb
P10163,150,N-linked,uniprotkb
Q9UIB8,150,N-linked,uniprotkb
Q9NZW4,150,N-linked,uniprotkb
O15438,1006,N-linked,uniprotkb
Q6W3E5,397,N-linked,uniprotkb
Q9Y226,57,N-linked,uniprotkb
Q9H159,57,N-linked,uniprotkb
P35410,57,N-linked,uniprotkb
Q8IZP9,186,N-linked,uniprotkb
Q9Y661,105,N-linked,uniprotkb
Q12913,431,N-linked,uniprotkb
Q15113,431,N-linked,uniprotkb
O15123,89,N-linked,uniprotkb
Q9UNK4,89,N-linked,uniprotkb
Q9BZC7,544,N-linked,uniprotkb
P55259,204,N-linked,uniprotkb
Q9Y4L1,222,N-linked,uniprotkb
Q9BY79,227,N-linked,uniprotkb
P52569,227,N-linked,uniprotkb
Q86SQ4,673,N-linked,uniprotkb
A8MXK1,102,N-linked,uniprotkb
Q5DX21,102,N-linked,uniprotkb
Q9BZ11,276,N-linked,uniprotkb
Q9BXF9,276,N-linked,uniprotkb
Q6ZUB1,819,N-linked,uniprotkb
Q9Y5Y9,819,N-linked,uniprotkb
P20718,71,N-linked,uniprotkb
O75871,111,N-linked,uniprotkb
Q8N441,111,N-linked,uniprotkb
O75121,111,N-linked,uniprotkb
Q7L0X0,589,N-linked,uniprotkb
A6NL26,3,N-linked,uniprotkb
P32245,3,N-linked,uniprotkb
P98164,2055,N-linked,uniprotkb
O95490,520,N-linked,uniprotkb
Q08554,546,N-linked,uniprotkb
Q9Y493,1900,N-linked,uniprotkb
P48146,34,N-linked,uniprotkb
Q8IZJ3,757,N-linked,uniprotkb
Q8IWK6,206,N-linked,uniprotkb
Q7Z408,949,N-linked,uniprotkb
Q9HCM2,1007,N-linked,uniprotkb
O75445,1779,N-linked,uniprotkb
O75093,762,N-linked,uniprotkb
Q8NFP4,747,N-linked,uniprotkb
Q8WWQ8,1429,N-linked,uniprotkb
Q7Z402,638,N-linked,uniprotkb
Q86SQ4,811,N-linked,uniprotkb
Q9NY15,816,N-linked,uniprotkb
Q9H0X4,116,N-linked,uniprotkb
P82987,1574,N-linked,uniprotkb
Q9UQ52,765,N-linked,uniprotkb
Q9H251,765,N-linked,uniprotkb
P23276,94,N-linked,uniprotkb
Q04900,94,N-linked,uniprotkb
P20645,94,N-linked,uniprotkb
Q9H2S6,94,N-linked,uniprotkb
Q9BYF1,690,N-linked,uniprotkb
Q9H1Z9,228,N-linked,uniprotkb
O75077,732,N-linked,uniprotkb
Q9H8M5,112,N-linked,uniprotkb
A6NFA1,335,N-linked,uniprotkb
Q8TER0,536,N-linked,uniprotkb
P40200,97,N-linked,uniprotkb
Q06418,240,N-linked,uniprotkb
Q9HCU4,557,N-linked,uniprotkb
O43246,195,N-linked,uniprotkb
P22455,290,N-linked,uniprotkb
Q9NR16,1171,N-linked,uniprotkb
P41594,382,N-linked,uniprotkb
Q8IYK4,382,N-linked,uniprotkb
O43451,135,N-linked,uniprotkb
Q99680,192,N-linked,uniprotkb
Q8NH64,192,N-linked,uniprotkb
Q9Y6L6,617,N-linked,uniprotkb
Q5JXA9,231,N-linked,uniprotkb
Q9Y2C3,231,N-linked,uniprotkb
Q86UX2,231,N-linked,uniprotkb
Q9NZW4,336,N-linked,uniprotkb
Q00888,199,N-linked,uniprotkb
Q15256,129,N-linked,uniprotkb
O75339,129,N-linked,uniprotkb
Q8WX39,129,N-linked,uniprotkb
Q9NR96,129,N-linked,uniprotkb
Q8NFZ4,98,N-linked,uniprotkb
Q86YL7,98,O-linked,uniprotkb
Q8IWK6,98,N-linked,uniprotkb
O00300,98,N-linked,uniprotkb
Q99102,1067,O-linked,uniprotkb
Q58EX2,1670,N-linked,uniprotkb
Q86UK0,608,N-linked,uniprotkb
Q9UBY5,15,N-linked,uniprotkb
P20309,15,N-linked,uniprotkb
P48058,371,N-linked,uniprotkb
Q9BYE9,371,N-linked,uniprotkb
O95371,5,N-linked,uniprotkb
Q8NG83,5,N-linked,uniprotkb
Q9GZK3,5,N-linked,uniprotkb
Q8NHC8,5,N-linked,uniprotkb
Q8NGK2,5,N-linked,uniprotkb
Q8NGS4,5,N-linked,uniprotkb
Q8NGR3,5,N-linked,uniprotkb
Q14973,5,N-linked,uniprotkb
Q8NGI2,5,N-linked,uniprotkb
O95221,5,N-linked,uniprotkb
Q8NGA0,5,N-linked,uniprotkb
Q8NGJ5,5,N-linked,uniprotkb
Q8NGP9,5,N-linked,uniprotkb
Q8NGS8,5,N-linked,uniprotkb
Q8NGZ0,5,N-linked,uniprotkb
P09923,268,N-linked,uniprotkb
Q00888,268,N-linked,uniprotkb
P49746,937,N-linked,uniprotkb
P17181,314,N-linked,uniprotkb
P58335,260,N-linked,uniprotkb
Q9Y286,260,N-linked,uniprotkb
A6NL26,260,N-linked,uniprotkb
P55259,260,N-linked,uniprotkb
Q9NY47,624,N-linked,uniprotkb
Q9BZZ2,1138,N-linked,uniprotkb
Q9H2Y9,550,N-linked,uniprotkb
Q5JRA6,246,N-linked,uniprotkb
O15031,242,N-linked,uniprotkb
P61565,152,N-linked,uniprotkb
A0A1B0GX68,93,N-linked,uniprotkb
Q8IZF5,188,N-linked,uniprotkb
Q10981,188,N-linked,uniprotkb
Q16827,189,N-linked,uniprotkb
O94898,189,N-linked,uniprotkb
Q8N2E2,367,N-linked,uniprotkb
O75443,528,N-linked,uniprotkb
Q8WWQ8,720,N-linked,uniprotkb
P08922,396,N-linked,uniprotkb
Q02297,120,N-linked,uniprotkb
P09758,33,N-linked,uniprotkb
P29622,33,N-linked,uniprotkb
P35372,33,N-linked,uniprotkb
Q13635,1000,N-linked,uniprotkb
O15552,151,N-linked,uniprotkb
Q9Y278,235,N-linked,uniprotkb
Q9Y5G6,545,N-linked,uniprotkb
Q9Y5F8,545,N-linked,uniprotkb
Q9UKF5,545,N-linked,uniprotkb
Q3T906,614,N-linked,uniprotkb
Q14CZ8,35,N-linked,uniprotkb
P38571,101,N-linked,uniprotkb
Q9GZX6,68,N-linked,uniprotkb
Q9NZW4,81,N-linked,uniprotkb
Q15399,578,N-linked,uniprotkb
Q8WUH6,2,N-linked,uniprotkb
Q9NS75,181,N-linked,uniprotkb
Q8TAD2,181,N-linked,uniprotkb
Q8IZJ3,267,N-linked,uniprotkb
Q9UKU6,267,N-linked,uniprotkb
A8K7I4,804,N-linked,uniprotkb
Q99102,804,O-linked,uniprotkb
P61812,140,N-linked,uniprotkb
Q9Y264,140,N-linked,uniprotkb
Q14982,140,N-linked,uniprotkb
Q9Y5Q5,245,N-linked,uniprotkb
Q969Y0,346,N-linked,uniprotkb
P28906,126,N-linked,uniprotkb
P49771,126,N-linked,uniprotkb
Q8NI17,67,N-linked,uniprotkb
Q5MY95,67,N-linked,uniprotkb
P23280,67,N-linked,uniprotkb
P11215,1050,N-linked,uniprotkb
P20702,1050,N-linked,uniprotkb
P20701,885,N-linked,uniprotkb
Q9Y278,193,N-linked,uniprotkb
Q9HC84,201,N-linked,uniprotkb
Q14264,316,N-linked,uniprotkb
Q9NZR2,829,N-linked,uniprotkb
Q9Y5Q5,446,N-linked,uniprotkb
Q99650,446,N-linked,uniprotkb
Q08174,403,N-linked,uniprotkb
Q96MC6,12,N-linked,uniprotkb
Q6IF99,265,N-linked,uniprotkb
Q9UN75,265,N-linked,uniprotkb
P98161,121,N-linked,uniprotkb
Q16832,372,N-linked,uniprotkb
Q8WZ92,8,N-linked,uniprotkb
Q8NGK0,8,N-linked,uniprotkb
O94933,596,N-linked,uniprotkb
O15041,596,N-linked,uniprotkb
Q99645,302,N-linked,uniprotkb
P12110,327,N-linked,uniprotkb
Q9UPZ6,234,N-linked,uniprotkb
Q30201,234,N-linked,uniprotkb
Q04118,234,N-linked,uniprotkb
Q969F8,18,N-linked,uniprotkb
Q9GZQ6,18,N-linked,uniprotkb
Q75N90,1627,N-linked,uniprotkb
P15586,405,N-linked,uniprotkb
Q16445,141,N-linked,uniprotkb
Q15155,218,N-linked,uniprotkb
Q99102,2052,O-linked,uniprotkb
P36888,502,N-linked,uniprotkb
O60477,599,N-linked,uniprotkb
Q9ULQ1,599,N-linked,uniprotkb
Q96Q91,576,N-linked,uniprotkb
O60242,828,N-linked,uniprotkb
Q15303,548,N-linked,uniprotkb
P48029,548,N-linked,uniprotkb
Q8IVL8,174,N-linked,uniprotkb
P24821,788,N-linked,uniprotkb
Q99102,1855,O-linked,uniprotkb
Q5MY95,363,N-linked,uniprotkb
Q9UHC6,363,N-linked,uniprotkb
P49908,338,N-linked,uniprotkb
P02787,51,O-linked,uniprotkb
Q96A84,51,N-linked,uniprotkb
P98161,2074,N-linked,uniprotkb
Q12918,157,N-linked,uniprotkb
A2VDJ0,439,N-linked,uniprotkb
Q9NRD9,354,N-linked,uniprotkb
Q8NFZ6,343,N-linked,uniprotkb
O95388,343,N-linked,uniprotkb
A4D0S4,1016,N-linked,uniprotkb
Q0VDD8,1818,N-linked,uniprotkb
Q9NT99,224,N-linked,uniprotkb
Q9C0I4,1308,N-linked,uniprotkb
Q16671,119,N-linked,uniprotkb
O95136,19,N-linked,uniprotkb
P23945,293,N-linked,uniprotkb
Q9Y5Q5,1022,N-linked,uniprotkb
Q02487,166,N-linked,uniprotkb
P58743,166,N-linked,uniprotkb
Q6UWY0,262,N-linked,uniprotkb
P35968,66,N-linked,uniprotkb
Q8IY34,66,N-linked,uniprotkb
A6NK97,114,N-linked,uniprotkb
A5D8T8,144,N-linked,uniprotkb
P06340,144,N-linked,uniprotkb
Q9BZZ2,726,N-linked,uniprotkb
P26006,926,N-linked,uniprotkb
Q7LGC8,96,N-linked,uniprotkb
Q9NPR2,96,N-linked,uniprotkb
A0A075B6V5,96,N-linked,uniprotkb
P08F94,2595,N-linked,uniprotkb
Q6V1P9,1595,N-linked,uniprotkb
P55286,463,N-linked,uniprotkb
P19320,463,N-linked,uniprotkb
P28827,72,N-linked,uniprotkb
Q12913,72,N-linked,uniprotkb
Q14CN2,504,N-linked,uniprotkb
Q70SY1,504,N-linked,uniprotkb
Q8NGF4,11,N-linked,uniprotkb
Q9BZV3,154,N-linked,uniprotkb
Q9Y5Q5,80,N-linked,uniprotkb
P18433,80,N-linked,uniprotkb
Q9H4D0,374,N-linked,uniprotkb
Q9NT99,374,N-linked,uniprotkb
Q9NPR9,109,N-linked,uniprotkb
Q8WXS8,109,N-linked,uniprotkb
P35462,173,N-linked,uniprotkb
O60512,385,N-linked,uniprotkb
Q5IJ48,669,N-linked,uniprotkb
O75015,180,N-linked,uniprotkb
O43613,194,N-linked,uniprotkb
P59534,194,N-linked,uniprotkb
Q6AZY7,430,N-linked,uniprotkb
P81408,160,N-linked,uniprotkb
P43489,160,N-linked,uniprotkb
Q7Z304,524,N-linked,uniprotkb
O94911,555,N-linked,uniprotkb
P35247,90,N-linked,uniprotkb
Q7Z407,90,N-linked,uniprotkb
Q9NRM0,90,N-linked,uniprotkb
P01733,90,N-linked,uniprotkb
A0A0A0MS05,90,N-linked,uniprotkb
O75022,301,N-linked,uniprotkb
O75093,571,N-linked,uniprotkb
Q9Y639,317,N-linked,uniprotkb
Q04912,841,N-linked,uniprotkb
P25106,22,N-linked,uniprotkb
O14917,22,N-linked,uniprotkb
Q8NCG5,308,N-linked,uniprotkb
Q96NI6,339,N-linked,uniprotkb
P98161,1834,N-linked,uniprotkb
Q12913,376,N-linked,uniprotkb
P40197,298,N-linked,uniprotkb
A1L4H1,420,N-linked,uniprotkb
Q86Z14,611,N-linked,uniprotkb
O75077,263,N-linked,uniprotkb
Q86WC4,263,N-linked,uniprotkb
F5H094,516,N-linked,uniprotkb
Q6UY13,41,N-linked,uniprotkb
A6NGN9,41,N-linked,uniprotkb
Q8IX30,417,N-linked,uniprotkb
P40198,104,N-linked,uniprotkb
P01133,104,N-linked,uniprotkb
P22897,104,N-linked,uniprotkb
O00634,104,N-linked,uniprotkb
P32004,1105,N-linked,uniprotkb
Q7Z402,259,N-linked,uniprotkb
Q86VW1,65,N-linked,uniprotkb
A1L453,125,N-linked,uniprotkb
Q75V66,791,N-linked,uniprotkb
Q86XS8,172,N-linked,uniprotkb
Q8N6P7,172,N-linked,uniprotkb
Q6ZMC9,172,N-linked,uniprotkb
Q99715,889,O-linked,uniprotkb
Q9Y5F6,547,N-linked,uniprotkb
P17900,63,N-linked,uniprotkb
Q9NP60,63,N-linked,uniprotkb
P04626,629,N-linked,uniprotkb
Q8NG77,17,N-linked,uniprotkb
Q8NH61,17,N-linked,uniprotkb
Q6NUS6,347,N-linked,uniprotkb
Q6IE37,347,N-linked,uniprotkb
Q969P0,50,N-linked,uniprotkb
Q8N1C3,50,N-linked,uniprotkb
O95897,399,N-linked,uniprotkb
Q96PS8,128,N-linked,uniprotkb
Q86YL7,32,O-linked,uniprotkb
Q5JS37,32,N-linked,uniprotkb
P51686,32,N-linked,uniprotkb
Q86YB8,145,N-linked,uniprotkb
O60494,781,N-linked,uniprotkb
Q8NH49,6,N-linked,uniprotkb
Q8NGJ9,6,N-linked,uniprotkb
Q8NH70,6,N-linked,uniprotkb
Q92611,299,N-linked,uniprotkb
Q9H2Y9,241,N-linked,uniprotkb
Q14246,258,N-linked,uniprotkb
Q86SQ4,258,N-linked,uniprotkb
O94769,506,N-linked,uniprotkb
Q08334,161,N-linked,uniprotkb
P23352,553,N-linked,uniprotkb
P52849,350,N-linked,uniprotkb
O94911,484,N-linked,uniprotkb
Q7Z407,2291,N-linked,uniprotkb
Q8NBJ9,496,N-linked,uniprotkb
Q96R45,4,N-linked,uniprotkb
Q96G91,4,N-linked,uniprotkb
Q7L985,38,N-linked,uniprotkb
P04234,38,N-linked,uniprotkb
P52797,38,N-linked,uniprotkb
Q13061,75,N-linked,uniprotkb
Q86U17,106,N-linked,uniprotkb
P78310,106,N-linked,uniprotkb
P22079,106,N-linked,uniprotkb
P82279,287,N-linked,uniprotkb
Q8TDX6,324,N-linked,uniprotkb
P98073,909,N-linked,uniprotkb
Q96SM3,472,N-linked,uniprotkb
P43121,518,N-linked,uniprotkb
P04440,48,N-linked,uniprotkb
Q99665,48,N-linked,uniprotkb
P14616,898,N-linked,uniprotkb
Q685J3,898,N-linked,uniprotkb
Q9NP99,146,N-linked,uniprotkb
P01854,146,N-linked,uniprotkb
O60938,167,N-linked,uniprotkb
P14679,337,N-linked,uniprotkb
O60449,1392,N-linked,uniprotkb
Q13336,211,N-linked,uniprotkb
Q8N323,211,N-linked,uniprotkb
P35498,211,N-linked,uniprotkb
Q8N9I0,29,N-linked,uniprotkb
O43246,221,N-linked,uniprotkb
Q15238,175,N-linked,uniprotkb
Q9P2K9,1021,N-linked,uniprotkb
Q13002,751,N-linked,uniprotkb
Q3KNS1,279,N-linked,uniprotkb
Q13449,279,N-linked,uniprotkb
P10600,142,N-linked,uniprotkb
Q16827,490,N-linked,uniprotkb
O60609,95,N-linked,uniprotkb
Q7RTX1,95,N-linked,uniprotkb
Q86WN2,95,N-linked,uniprotkb
Q6H9L7,300,N-linked,uniprotkb
Q8N149,300,N-linked,uniprotkb
P08922,471,N-linked,uniprotkb
P43146,628,N-linked,uniprotkb
Q8TE23,428,N-linked,uniprotkb
Q13433,266,N-linked,uniprotkb
Q02246,830,N-linked,uniprotkb
Q9H3S3,319,N-linked,uniprotkb
Q6QNK2,319,N-linked,uniprotkb
P47872,291,N-linked,uniprotkb
P35499,291,N-linked,uniprotkb
Q9BU40,291,N-linked,uniprotkb
Q13753,1033,N-linked,uniprotkb
Q8IWU5,149,N-linked,uniprotkb
P00451,962,N-linked,uniprotkb
P52848,401,N-linked,uniprotkb
Q9BYE9,401,N-linked,uniprotkb
P55107,156,N-linked,uniprotkb
I3L273,156,N-linked,uniprotkb
O95711,156,N-linked,uniprotkb
P48230,156,N-linked,uniprotkb
P0C6S8,185,N-linked,uniprotkb
Q902F9,585,N-linked,uniprotkb
A8K7I4,585,N-linked,uniprotkb
P43115,36,N-linked,uniprotkb
Q9BXR5,36,N-linked,uniprotkb
A0A0B4J263,36,N-linked,uniprotkb
Q8NFP4,42,N-linked,uniprotkb
Q9UM73,627,N-linked,uniprotkb
P07307,305,N-linked,uniprotkb
Q14703,305,N-linked,uniprotkb
Q96RW7,3727,N-linked,uniprotkb
P24043,2126,N-linked,uniprotkb
Q16827,323,N-linked,uniprotkb
Q99102,4011,O-linked,uniprotkb
Q99102,4132,O-linked,uniprotkb
Q96RV3,2072,N-linked,uniprotkb
P98161,3845,N-linked,uniprotkb
Q07954,2048,N-linked,uniprotkb
Q99102,4148,O-linked,uniprotkb
P08F94,2435,N-linked,uniprotkb
P24043,2893,N-linked,uniprotkb
Q9Y6R7,4540,N-linked,uniprotkb
Q7Z407,3158,N-linked,uniprotkb
Q99102,4212,O-linked,uniprotkb
Q7Z407,3529,N-linked,uniprotkb
Q8IZF6,2640,N-linked,uniprotkb
P98088,3526,C-linked,uniprotkb
Q99102,4015,O-linked,uniprotkb
Q99102,4293,O-linked,uniprotkb
Q99102,3076,O-linked,uniprotkb
Q6V0I7,3706,N-linked,uniprotkb
Q99102,3339,O-linked,uniprotkb
Q8WXI7,13744,N-linked,uniprotkb
Q8WXI7,13796,N-linked,uniprotkb
Q8WXI7,8913,N-linked,uniprotkb
Q8WXI7,5096,N-linked,uniprotkb
Q7Z408,3307,N-linked,uniprotkb
P82279,880,N-linked,uniprotkb
P11215,880,N-linked,uniprotkb
Q7Z407,1929,N-linked,uniprotkb
Q9UI33,1568,N-linked,uniprotkb
Q14767,1430,N-linked,uniprotkb
Q99102,1492,O-linked,uniprotkb
Q99102,4142,O-linked,uniprotkb
Q96PZ7,1644,N-linked,uniprotkb
P04275,2400,N-linked,uniprotkb
Q99102,3972,O-linked,uniprotkb
A4D0S4,1725,N-linked,uniprotkb
P08F94,1945,N-linked,uniprotkb
Q99102,1300,O-linked,uniprotkb
Q92673,1608,N-linked,uniprotkb
O75443,1538,N-linked,uniprotkb
Q8WXI7,5470,N-linked,uniprotkb
Q9P0X4,1342,N-linked,uniprotkb
Q8WXI7,2737,N-linked,uniprotkb
Q86XX4,3218,N-linked,uniprotkb
Q99102,4139,O-linked,uniprotkb
Q9BZC7,2054,N-linked,uniprotkb
Q9H251,2896,N-linked,uniprotkb
Q99102,3739,O-linked,uniprotkb
P08F94,1494,N-linked,uniprotkb
O75443,1880,N-linked,uniprotkb
Q9NT68,2197,N-linked,uniprotkb
P98088,3774,N-linked,uniprotkb
Q9NZR2,1636,N-linked,uniprotkb
P46531,1587,N-linked,uniprotkb
Q99102,2763,O-linked,uniprotkb
Q99102,948,O-linked,uniprotkb
Q9C0I4,1456,N-linked,uniprotkb
P78509,3411,N-linked,uniprotkb
Q9UGM3,1745,N-linked,uniprotkb
Q96PZ7,1792,N-linked,uniprotkb
O75093,1259,N-linked,uniprotkb
P14410,1675,N-linked,uniprotkb
P98161,1733,N-linked,uniprotkb
Q9P273,1735,N-linked,uniprotkb
Q99102,1611,O-linked,uniprotkb
Q9P273,2124,N-linked,uniprotkb
Q8TD84,79,N-linked,uniprotkb
P20916,406,N-linked,uniprotkb
P09172,184,N-linked,uniprotkb
P15289,184,N-linked,uniprotkb
Q9Y6M7,786,N-linked,uniprotkb
P04217,179,N-linked,uniprotkb
Q9Y646,179,N-linked,uniprotkb
P07359,453,O-linked,uniprotkb
Q8N608,748,N-linked,uniprotkb
P01266,748,N-linked,uniprotkb
P35916,411,N-linked,uniprotkb
P46531,759,O-linked,uniprotkb
O75899,404,N-linked,uniprotkb
Q4KMQ2,493,N-linked,uniprotkb
Q92954,509,O-linked,uniprotkb
Q13410,55,N-linked,uniprotkb
Q8TCZ2,178,O-linked,uniprotkb
P55083,137,N-linked,uniprotkb
P40189,383,N-linked,uniprotkb
Q92954,494,O-linked,uniprotkb
Q92954,579,O-linked,uniprotkb
P98160,2121,N-linked,uniprotkb
Q13740,499,N-linked,uniprotkb
Q14956,306,N-linked,uniprotkb
Q9BXN1,282,N-linked,uniprotkb
Q99538,272,N-linked,uniprotkb
Q92954,541,O-linked,uniprotkb
Q9NPH3,209,N-linked,uniprotkb
O43854,73,O-linked,uniprotkb
P48357,73,N-linked,uniprotkb
O95633,73,N-linked,uniprotkb
P13727,24,O-linked,uniprotkb
P13688,208,N-linked,uniprotkb
P31645,208,N-linked,uniprotkb
P08581,676,O-linked,uniprotkb
P35475,415,N-linked,uniprotkb
Q9Y4L1,155,N-linked,uniprotkb
Q9Y6X5,155,N-linked,uniprotkb
P28335,39,N-linked,uniprotkb
P14625,445,N-linked,uniprotkb
P26951,46,N-linked,uniprotkb
P15309,220,N-linked,uniprotkb
P35475,110,N-linked,uniprotkb
Q02817,1293,O-linked,uniprotkb
Q9HAW9,344,N-linked,uniprotkb
Q6EMK4,117,N-linked,uniprotkb
Q92954,588,O-linked,uniprotkb
P0DN87,147,O-linked,uniprotkb
P21860,353,N-linked,uniprotkb
Q9UHG2,53,O-linked,uniprotkb
P07358,243,N-linked,uniprotkb
Q9HAT2,422,N-linked,uniprotkb
P33151,523,N-linked,uniprotkb
Q92854,191,N-linked,uniprotkb
Q08722,23,N-linked,uniprotkb
P15328,69,N-linked,uniprotkb
P01850,69,N-linked,uniprotkb
P06756,874,N-linked,uniprotkb
P29622,238,N-linked,uniprotkb
Q08431,238,N-linked,uniprotkb
Q9NYV8,153,N-linked,uniprotkb
Q14956,249,N-linked,uniprotkb
P51688,264,N-linked,uniprotkb
P02724,56,O-linked,uniprotkb
P38484,56,N-linked,uniprotkb
P05155,88,O-linked,uniprotkb
O75056,171,O-linked,uniprotkb
Q9Y5C1,296,N-linked,uniprotkb
Q9NZP8,296,N-linked,uniprotkb
O14638,426,N-linked,uniprotkb
P40199,292,N-linked,uniprotkb
P13727,86,N-linked,uniprotkb
P31641,190,N-linked,uniprotkb
Q9NV96,190,N-linked,uniprotkb
P05362,202,N-linked,uniprotkb
P12314,78,N-linked,uniprotkb
Q9UGM5,289,O-linked,uniprotkb
O00533,482,N-linked,uniprotkb
Q86SQ4,143,N-linked,uniprotkb
P10451,143,O-linked,uniprotkb
Q8NBL1,40,N-linked,uniprotkb
O75354,284,N-linked,uniprotkb
P14410,455,N-linked,uniprotkb
P11912,57,N-linked,uniprotkb
Q9UBV2,431,N-linked,uniprotkb
P16860,70,O-linked,uniprotkb
Q9BZW8,71,N-linked,uniprotkb
P28907,219,N-linked,uniprotkb
P0DN78,34,N-linked,uniprotkb
P18827,206,O-linked,uniprotkb
P21860,522,N-linked,uniprotkb
P21815,228,O-linked,uniprotkb
P07602,332,N-linked,uniprotkb
Q8N4F0,332,N-linked,uniprotkb
Q9Y6L6,503,N-linked,uniprotkb
Q9GZX6,97,N-linked,uniprotkb
P25092,195,N-linked,uniprotkb
P12259,460,N-linked,uniprotkb
P07359,460,O-linked,uniprotkb
Q07075,124,N-linked,uniprotkb
Q96DR5,124,N-linked,uniprotkb
P48230,124,N-linked,uniprotkb
Q9P2B2,413,N-linked,uniprotkb
O95477,98,N-linked,uniprotkb
Q9UKY0,98,N-linked,uniprotkb
P36269,550,N-linked,uniprotkb
P04004,242,N-linked,uniprotkb
P13473,242,N-linked,uniprotkb
Q9UIQ6,682,N-linked,uniprotkb
P22891,93,O-linked,uniprotkb
P04839,132,N-linked,uniprotkb
P22897,1205,N-linked,uniprotkb
Q92954,367,O-linked,uniprotkb
Q12913,396,N-linked,uniprotkb
P19440,120,N-linked,uniprotkb
P10586,966,N-linked,uniprotkb
P36888,151,N-linked,uniprotkb
P20061,349,N-linked,uniprotkb
Q01638,140,N-linked,uniprotkb
Q86YB8,140,N-linked,uniprotkb
Q3T906,699,N-linked,uniprotkb
P06126,74,N-linked,uniprotkb
Q9H3G5,346,N-linked,uniprotkb
P02765,346,O-linked,uniprotkb
P04141,26,O-linked,uniprotkb
O14638,789,N-linked,uniprotkb
P16581,265,N-linked,uniprotkb
Q92896,677,N-linked,uniprotkb
Q15303,473,N-linked,uniprotkb
P15144,681,N-linked,uniprotkb
Q6ZMG9,18,N-linked,uniprotkb
P0DN87,141,O-linked,uniprotkb
O95302,174,N-linked,uniprotkb
P35556,1180,O-linked,uniprotkb
P08069,51,N-linked,uniprotkb
P50895,439,N-linked,uniprotkb
P09693,52,N-linked,uniprotkb
P36888,354,N-linked,uniprotkb
P31997,224,N-linked,uniprotkb
P01860,122,O-linked,uniprotkb
Q14515,31,O-linked,uniprotkb
Q9Y6X5,166,N-linked,uniprotkb
P0CF51,66,N-linked,uniprotkb
Q92854,379,N-linked,uniprotkb
Q13790,274,O-linked,uniprotkb
P25311,109,N-linked,uniprotkb
P40199,173,N-linked,uniprotkb
P22303,381,N-linked,uniprotkb
P08648,524,N-linked,uniprotkb
P13671,90,C-linked,uniprotkb
Q9BXS4,90,N-linked,uniprotkb
P08236,631,N-linked,uniprotkb
Q92954,571,O-linked,uniprotkb
P28827,414,N-linked,uniprotkb
Q8NHS3,376,N-linked,uniprotkb
Q9NRX5,298,N-linked,uniprotkb
P08185,369,N-linked,uniprotkb
P16671,417,N-linked,uniprotkb
P07998,104,N-linked,uniprotkb
P46531,65,O-linked,uniprotkb
Q9NQS3,125,N-linked,uniprotkb
P05106,125,N-linked,uniprotkb
Q13332,733,N-linked,uniprotkb
P48304,27,O-linked,uniprotkb
P43220,63,N-linked,uniprotkb
P07357,44,C-linked,uniprotkb
Q9HC84,145,N-linked,uniprotkb
Q9UKJ1,100,N-linked,uniprotkb
Q6UWR7,100,N-linked,uniprotkb
Q96DN0,100,N-linked,uniprotkb
A0A0K2S4Q6,100,N-linked,uniprotkb
Q99075,75,O-linked,uniprotkb
P19835,558,O-linked,uniprotkb
P41180,287,N-linked,uniprotkb
P18850,472,N-linked,uniprotkb
Q5T3F8,462,N-linked,uniprotkb
Q30154,48,N-linked,uniprotkb
Q13018,1123,N-linked,uniprotkb
P14222,205,N-linked,uniprotkb
Q5VWK5,47,N-linked,uniprotkb
P13598,47,N-linked,uniprotkb
P08842,47,N-linked,uniprotkb
Q13740,167,N-linked,uniprotkb
Q14957,337,N-linked,uniprotkb
P21810,270,N-linked,uniprotkb
P15586,279,N-linked,uniprotkb
Q9P2B2,300,N-linked,uniprotkb
P13473,300,N-linked,uniprotkb
P01019,319,N-linked,uniprotkb
P24821,1018,N-linked,uniprotkb
O60486,149,N-linked,uniprotkb
Q09428,1049,N-linked,uniprotkb
P02788,156,N-linked,uniprotkb
P06028,36,O-linked,uniprotkb
P01344,163,O-linked,uniprotkb
P12110,785,N-linked,uniprotkb
P08648,773,N-linked,uniprotkb
O15230,2303,N-linked,uniprotkb
Q99102,4946,N-linked,uniprotkb
P98160,4193,O-linked,uniprotkb
Q02817,1291,O-linked,uniprotkb
P08519,1347,N-linked,uniprotkb
Q8NDA2,3550,N-linked,uniprotkb
Q99102,4053,N-linked,uniprotkb
P98088,2989,O-linked,uniprotkb
P35555,2035,O-linked,uniprotkb
Q8NDA2,3697,N-linked,uniprotkb
Q8NDA2,1354,N-linked,uniprotkb
Q92673,1733,N-linked,uniprotkb
P13611,2247,O-linked,uniprotkb
Q5T601,282,N-linked,uniprotkb
Q5T601,368,N-linked,uniprotkb
Q9H6E4,148,N-linked,uniprotkb
O95858,230,N-linked,uniprotkb
Q92832,708,N-linked,uniprotkb
Q7Z7M9,406,N-linked,uniprotkb
Q9NS66,184,N-linked,uniprotkb
Q01973,184,N-linked,uniprotkb
P51993,184,N-linked,uniprotkb
Q9BY64,315,N-linked,uniprotkb
P14616,311,N-linked,uniprotkb
Q8N145,311,N-linked,uniprotkb
P31641,179,N-linked,uniprotkb
Q8WUT4,622,N-linked,uniprotkb
Q99102,1630,O-linked,uniprotkb
Q9NZR2,1089,N-linked,uniprotkb
Q86UL3,328,N-linked,uniprotkb
P22607,328,N-linked,uniprotkb
Q9N2K0,370,N-linked,uniprotkb
Q8TDX9,2426,N-linked,uniprotkb
Q9NR61,183,N-linked,uniprotkb
P51679,183,N-linked,uniprotkb
P16233,183,N-linked,uniprotkb
Q9HC84,2320,C-linked,uniprotkb
P08069,764,N-linked,uniprotkb
O75093,1189,N-linked,uniprotkb
P01133,404,N-linked,uniprotkb
Q9NS15,936,N-linked,uniprotkb
Q14517,2464,N-linked,uniprotkb
Q7Z407,2324,N-linked,uniprotkb
P13611,2392,N-linked,uniprotkb
Q9BXP8,1344,N-linked,uniprotkb
Q14524,1736,N-linked,uniprotkb
Q99102,3551,O-linked,uniprotkb
Q9BY10,55,N-linked,uniprotkb
Q96MM7,564,N-linked,uniprotkb
Q9HD43,83,N-linked,uniprotkb
Q9Y2U2,83,N-linked,uniprotkb
Q9UEW3,83,N-linked,uniprotkb
Q8WTT0,137,N-linked,uniprotkb
P03971,329,N-linked,uniprotkb
Q86XS5,329,N-linked,uniprotkb
Q8N3S3,329,N-linked,uniprotkb
Q9NYB5,510,N-linked,uniprotkb
Q08629,383,O-linked,uniprotkb
Q6IE37,725,N-linked,uniprotkb
Q99102,2286,O-linked,uniprotkb
Q8NBM8,342,N-linked,uniprotkb
P07202,342,N-linked,uniprotkb
O75197,499,N-linked,uniprotkb
P23468,254,N-linked,uniprotkb
Q9HC56,306,N-linked,uniprotkb
P48145,13,N-linked,uniprotkb
P50052,13,N-linked,uniprotkb
Q8NG94,13,N-linked,uniprotkb
P08F94,1460,N-linked,uniprotkb
Q8TD84,368,N-linked,uniprotkb
Q7Z408,581,N-linked,uniprotkb
Q92752,581,N-linked,uniprotkb
Q9Y5G0,541,N-linked,uniprotkb
Q12879,541,N-linked,uniprotkb
Q9HCU0,541,O-linked,uniprotkb
Q15858,209,N-linked,uniprotkb
Q96PQ0,902,N-linked,uniprotkb
Q7Z442,1176,N-linked,uniprotkb
P51805,1073,N-linked,uniprotkb
P48547,229,N-linked,uniprotkb
Q9Y286,229,N-linked,uniprotkb
Q13433,283,N-linked,uniprotkb
P22894,73,N-linked,uniprotkb
P35368,24,N-linked,uniprotkb
O14522,208,N-linked,uniprotkb
Q5SZK8,1244,N-linked,uniprotkb
Q13349,956,N-linked,uniprotkb
A1A5B4,674,N-linked,uniprotkb
P29320,391,N-linked,uniprotkb
P11215,391,N-linked,uniprotkb
P38571,273,N-linked,uniprotkb
Q8NBN3,127,N-linked,uniprotkb
P30411,39,N-linked,uniprotkb
Q969F8,10,N-linked,uniprotkb
Q8IZF6,836,N-linked,uniprotkb
A8K7I4,836,N-linked,uniprotkb
Q68DV7,92,N-linked,uniprotkb
Q8NFQ6,92,N-linked,uniprotkb
Q9BZZ2,730,N-linked,uniprotkb
Q12866,454,N-linked,uniprotkb
Q86VH5,357,N-linked,uniprotkb
Q14512,169,O-linked,uniprotkb
A8MTB9,108,N-linked,uniprotkb
E5RIL1,110,N-linked,uniprotkb
Q9H6B4,197,N-linked,uniprotkb
Q9NTG1,197,N-linked,uniprotkb
O43184,651,N-linked,uniprotkb
Q6V0I7,1104,N-linked,uniprotkb
P11717,951,N-linked,uniprotkb
Q9HAW8,344,N-linked,uniprotkb
Q96QV1,459,N-linked,uniprotkb
P24043,1614,N-linked,uniprotkb
Q6UX15,117,N-linked,uniprotkb
Q9H4G1,117,N-linked,uniprotkb
P98073,147,N-linked,uniprotkb
Q9UJ71,87,N-linked,uniprotkb
O75718,87,N-linked,uniprotkb
Q13349,87,N-linked,uniprotkb
Q8NAU1,87,N-linked,uniprotkb
Q3ZCQ3,53,N-linked,uniprotkb
P43630,239,N-linked,uniprotkb
A7MBM2,239,N-linked,uniprotkb
Q9BX97,113,N-linked,uniprotkb
Q9NY72,113,N-linked,uniprotkb
Q9HCL0,269,N-linked,uniprotkb
P0DTE5,58,N-linked,uniprotkb
Q9UIW2,701,N-linked,uniprotkb
Q8NFY4,435,N-linked,uniprotkb
P42702,243,N-linked,uniprotkb
O75829,243,N-linked,uniprotkb
O43300,243,N-linked,uniprotkb
P39059,243,O-linked,uniprotkb
Q50LG9,334,N-linked,uniprotkb
O43916,334,N-linked,uniprotkb
Q8NAC3,334,N-linked,uniprotkb
O94856,988,N-linked,uniprotkb
Q5T742,49,N-linked,uniprotkb
Q8IUW5,49,N-linked,uniprotkb
Q0P651,307,N-linked,uniprotkb
Q9UJA9,362,N-linked,uniprotkb
P15586,362,N-linked,uniprotkb
Q9HB40,362,N-linked,uniprotkb
Q9H2X9,362,N-linked,uniprotkb
Q9Y6N8,256,N-linked,uniprotkb
Q9UN75,257,N-linked,uniprotkb
Q5FYB1,466,N-linked,uniprotkb
A2VEC9,261,N-linked,uniprotkb
Q9H251,1667,N-linked,uniprotkb
P09848,1672,N-linked,uniprotkb
Q8WZ79,103,N-linked,uniprotkb
Q7Z403,103,N-linked,uniprotkb
Q96RV3,1579,N-linked,uniprotkb
Q9Y5F0,567,N-linked,uniprotkb
Q16322,498,N-linked,uniprotkb
Q6UWY0,498,N-linked,uniprotkb
P04233,130,N-linked,uniprotkb
Q9H313,130,N-linked,uniprotkb
O60241,437,N-linked,uniprotkb
Q8NGK6,7,N-linked,uniprotkb
Q13316,285,N-linked,uniprotkb
Q96HD1,79,N-linked,uniprotkb
O60241,191,N-linked,uniprotkb
Q8IWV2,191,N-linked,uniprotkb
Q9Y5Y9,1686,N-linked,uniprotkb
O43184,452,N-linked,uniprotkb
Q9UMF0,583,N-linked,uniprotkb
Q9BYE9,696,N-linked,uniprotkb
P11215,911,N-linked,uniprotkb
P26006,656,N-linked,uniprotkb
Q8TD46,69,N-linked,uniprotkb
Q9H2X0,434,N-linked,uniprotkb
P78357,1078,N-linked,uniprotkb
Q13201,680,N-linked,uniprotkb
Q9HBY0,238,N-linked,uniprotkb
P09923,429,N-linked,uniprotkb
P25942,153,N-linked,uniprotkb
Q9Y5I2,264,N-linked,uniprotkb
O15466,56,N-linked,uniprotkb
O43916,56,N-linked,uniprotkb
O00754,497,N-linked,uniprotkb
P78334,252,N-linked,uniprotkb
P55107,469,N-linked,uniprotkb
O75445,1479,N-linked,uniprotkb
Q69YZ2,88,N-linked,uniprotkb
Q9NYV8,162,N-linked,uniprotkb
Q8IZP9,438,N-linked,uniprotkb
P00451,1278,N-linked,uniprotkb
Q9BZQ6,118,N-linked,uniprotkb
Q9BU40,118,N-linked,uniprotkb
P23469,30,N-linked,uniprotkb
P30411,30,N-linked,uniprotkb
P98164,2810,N-linked,uniprotkb
P60509,133,N-linked,uniprotkb
Q9BT76,133,N-linked,uniprotkb
O00754,133,N-linked,uniprotkb
Q8TD84,1082,N-linked,uniprotkb
P20742,54,N-linked,uniprotkb
Q96MS0,784,N-linked,uniprotkb
P33908,513,N-linked,uniprotkb
O60449,529,N-linked,uniprotkb
O14917,566,N-linked,uniprotkb
Q9UFP1,566,N-linked,uniprotkb
Q7RTZ1,530,N-linked,uniprotkb
Q9UNA3,251,N-linked,uniprotkb
Q9H2H9,251,N-linked,uniprotkb
P54762,426,N-linked,uniprotkb
Q9UKJ8,377,N-linked,uniprotkb
P80108,292,N-linked,uniprotkb
Q14832,292,N-linked,uniprotkb
Q8TER0,292,N-linked,uniprotkb
Q13683,86,N-linked,uniprotkb
A0A0A0MS00,86,N-linked,uniprotkb
Q58EX2,743,N-linked,uniprotkb
Q9Y5E6,436,N-linked,uniprotkb
Q92637,59,N-linked,uniprotkb
Q8N6C5,986,N-linked,uniprotkb
Q99102,1823,O-linked,uniprotkb
P15248,78,N-linked,uniprotkb
Q53EL9,289,N-linked,uniprotkb
P29323,482,N-linked,uniprotkb
Q9NRN5,177,N-linked,uniprotkb
Q13491,177,N-linked,uniprotkb
Q5T848,143,N-linked,uniprotkb
Q99467,394,N-linked,uniprotkb
Q9H324,740,N-linked,uniprotkb
Q9UJ14,198,N-linked,uniprotkb
Q12889,648,N-linked,uniprotkb
Q7RTY9,284,N-linked,uniprotkb
Q9H3R2,284,N-linked,uniprotkb
P08F94,1312,N-linked,uniprotkb
P11150,397,N-linked,uniprotkb
Q8IUX8,397,N-linked,uniprotkb
Q8IZ52,361,N-linked,uniprotkb
Q13740,361,N-linked,uniprotkb
Q08174,662,N-linked,uniprotkb
Q9Y3Q7,359,N-linked,uniprotkb
O43897,359,N-linked,uniprotkb
Q9BZ76,359,N-linked,uniprotkb
Q96BF3,105,N-linked,uniprotkb
Q9UHC9,431,N-linked,uniprotkb
O75445,888,N-linked,uniprotkb
P98160,89,N-linked,uniprotkb
P20702,89,N-linked,uniprotkb
A0A539,89,N-linked,uniprotkb
Q01974,70,N-linked,uniprotkb
P37173,70,N-linked,uniprotkb
O15389,375,N-linked,uniprotkb
Q92187,204,N-linked,uniprotkb
Q9NQ25,204,N-linked,uniprotkb
Q8WTV0,227,N-linked,uniprotkb
P16671,102,N-linked,uniprotkb
Q8TDY8,102,N-linked,uniprotkb
Q6ZP80,102,N-linked,uniprotkb
P60507,276,N-linked,uniprotkb
O14793,71,N-linked,uniprotkb
Q9GZK4,3,N-linked,uniprotkb
Q96R09,3,N-linked,uniprotkb
O14626,3,N-linked,uniprotkb
Q96R54,3,N-linked,uniprotkb
P48960,520,N-linked,uniprotkb
Q9C0A0,625,N-linked,uniprotkb
Q08722,206,N-linked,uniprotkb
Q9Y5E9,487,N-linked,uniprotkb
O75443,855,N-linked,uniprotkb
P98161,621,N-linked,uniprotkb
Q99715,1763,N-linked,uniprotkb
P63133,355,N-linked,uniprotkb
Q8WXI7,787,N-linked,uniprotkb
Q92820,116,N-linked,uniprotkb
P98161,116,N-linked,uniprotkb
Q8IUC8,116,N-linked,uniprotkb
P48307,116,N-linked,uniprotkb
Q8TD46,116,N-linked,uniprotkb
Q6Q4G3,288,N-linked,uniprotkb
Q9UI33,1216,N-linked,uniprotkb
O14525,742,N-linked,uniprotkb
Q8IZS8,309,N-linked,uniprotkb
Q99835,309,N-linked,uniprotkb
P37173,94,N-linked,uniprotkb
P08183,94,N-linked,uniprotkb
P14210,653,N-linked,uniprotkb
Q13349,690,N-linked,uniprotkb
P22455,112,N-linked,uniprotkb
P20273,112,N-linked,uniprotkb
Q9NR23,112,N-linked,uniprotkb
Q6UWL2,112,N-linked,uniprotkb
Q5VV43,536,N-linked,uniprotkb
Q96QU1,97,N-linked,uniprotkb
Q6UWB4,240,N-linked,uniprotkb
Q9GZQ6,195,N-linked,uniprotkb
Q6P9A2,195,N-linked,uniprotkb
Q9HCU4,2345,N-linked,uniprotkb
Q86XK7,200,N-linked,uniprotkb
Q99102,1563,O-linked,uniprotkb
Q9H251,1171,N-linked,uniprotkb
Q8IVU1,382,N-linked,uniprotkb
Q6UVK1,1449,N-linked,uniprotkb
Q9BZV3,192,O-linked,uniprotkb
O60241,192,N-linked,uniprotkb
O15197,480,N-linked,uniprotkb
Q86V40,336,N-linked,uniprotkb
Q6UXG3,199,O-linked,uniprotkb
B0FP48,76,N-linked,uniprotkb
A0A539,76,N-linked,uniprotkb
Q9Y274,129,N-linked,uniprotkb
P05997,1262,N-linked,uniprotkb
Q9H4D0,98,N-linked,uniprotkb
P34995,25,N-linked,uniprotkb
P16070,25,N-linked,uniprotkb
Q9Y2E5,608,N-linked,uniprotkb
Q9UBS5,409,N-linked,uniprotkb
Q8N6U8,15,N-linked,uniprotkb
Q9H2C5,5,N-linked,uniprotkb
Q6IF99,5,N-linked,uniprotkb
Q8NGE3,5,N-linked,uniprotkb
Q8NGY7,5,N-linked,uniprotkb
Q8NH64,5,N-linked,uniprotkb
Q8NGE9,5,N-linked,uniprotkb
Q8NGZ9,5,N-linked,uniprotkb
Q8NGT1,5,N-linked,uniprotkb
Q00889,61,N-linked,uniprotkb
Q96DX4,314,N-linked,uniprotkb
Q9ULI3,314,N-linked,uniprotkb
P08185,260,N-linked,uniprotkb
Q96RW7,550,N-linked,uniprotkb
Q9UN70,550,N-linked,uniprotkb
Q9UQF0,242,N-linked,uniprotkb
Q16787,242,N-linked,uniprotkb
Q9NR96,242,N-linked,uniprotkb
Q8IX30,464,N-linked,uniprotkb
Q8N2K0,123,N-linked,uniprotkb
Q9Y2E5,890,N-linked,uniprotkb
O95477,820,N-linked,uniprotkb
P23515,152,N-linked,uniprotkb
Q12913,93,N-linked,uniprotkb
Q8NI17,93,N-linked,uniprotkb
P04437,93,N-linked,uniprotkb
O95084,93,N-linked,uniprotkb
Q13241,132,N-linked,uniprotkb
P15151,188,N-linked,uniprotkb
Q13651,189,N-linked,uniprotkb
Q5DID0,713,N-linked,uniprotkb
Q2MV58,528,N-linked,uniprotkb
P23467,652,N-linked,uniprotkb
Q9BZW8,213,N-linked,uniprotkb
Q8N4F0,151,N-linked,uniprotkb
Q14517,1940,N-linked,uniprotkb
Q8NFP4,235,N-linked,uniprotkb
A4D0S4,1326,N-linked,uniprotkb
P07996,360,N-linked,uniprotkb
O60330,545,N-linked,uniprotkb
Q9HCU0,545,O-linked,uniprotkb
P15941,1055,N-linked,uniprotkb
Q86WK6,349,N-linked,uniprotkb
Q99102,1534,O-linked,uniprotkb
Q15262,101,N-linked,uniprotkb
Q16827,700,N-linked,uniprotkb
P41968,2,N-linked,uniprotkb
Q7Z5N4,782,N-linked,uniprotkb
O14525,804,N-linked,uniprotkb
P78509,140,N-linked,uniprotkb
Q9UP95,245,N-linked,uniprotkb
P10600,74,N-linked,uniprotkb
Q9H159,74,N-linked,uniprotkb
Q5GAN3,126,N-linked,uniprotkb
Q9Y6N8,456,N-linked,uniprotkb
Q7Z3S7,201,N-linked,uniprotkb
Q13201,21,N-linked,uniprotkb
O95727,21,N-linked,uniprotkb
Q9BQS7,829,N-linked,uniprotkb
P0DMS8,12,N-linked,uniprotkb
Q92887,12,N-linked,uniprotkb
P51790,479,N-linked,uniprotkb
Q9N2J8,265,N-linked,uniprotkb
Q99102,2254,O-linked,uniprotkb
Q902F9,372,N-linked,uniprotkb
P08581,635,N-linked,uniprotkb
P13611,2385,N-linked,uniprotkb
P47883,8,N-linked,uniprotkb
Q6IF63,8,N-linked,uniprotkb
P58397,790,N-linked,uniprotkb
Q7Z407,2862,N-linked,uniprotkb
Q9HC56,681,N-linked,uniprotkb
P82987,681,N-linked,uniprotkb
Q7LFX5,364,N-linked,uniprotkb
Q9Y274,327,N-linked,uniprotkb
Q9NY15,712,N-linked,uniprotkb
P41143,18,N-linked,uniprotkb
P32247,18,N-linked,uniprotkb
Q9Y6N6,980,N-linked,uniprotkb
Q8NH00,218,N-linked,uniprotkb
Q8NHK3,218,N-linked,uniprotkb
Q9BYE9,871,N-linked,uniprotkb
Q92824,752,N-linked,uniprotkb
Q13003,752,N-linked,uniprotkb
Q9P283,788,O-linked,uniprotkb
P04629,338,N-linked,uniprotkb
O14525,729,N-linked,uniprotkb
O95897,441,N-linked,uniprotkb
Q7Z442,441,N-linked,uniprotkb
Q8N8U9,441,N-linked,uniprotkb
Q12889,441,N-linked,uniprotkb
P15941,1133,N-linked,uniprotkb
Q86UX2,862,N-linked,uniprotkb
Q6UXC1,203,N-linked,uniprotkb
O94910,801,N-linked,uniprotkb
Q9NY15,1471,N-linked,uniprotkb
O95450,1150,N-linked,uniprotkb
O14672,439,N-linked,uniprotkb
P18507,52,N-linked,uniprotkb
P55290,52,N-linked,uniprotkb
Q6ZRI0,1478,N-linked,uniprotkb
Q6EIG7,131,N-linked,uniprotkb
Q96LA5,343,N-linked,uniprotkb
Q7Z5Y6,343,N-linked,uniprotkb
Q6AZY7,313,N-linked,uniprotkb
O95436,313,N-linked,uniprotkb
Q15846,351,N-linked,uniprotkb
Q86SQ4,776,N-linked,uniprotkb
Q9UBX8,122,N-linked,uniprotkb
Q9H9K5,122,N-linked,uniprotkb
Q8TD46,122,N-linked,uniprotkb
P22792,119,N-linked,uniprotkb
Q969D9,119,N-linked,uniprotkb
O43157,31,N-linked,uniprotkb
Q8N3J6,31,N-linked,uniprotkb
Q6NT52,31,N-linked,uniprotkb
Q8IYL9,166,N-linked,uniprotkb
Q8NGM8,262,N-linked,uniprotkb
Q01459,262,N-linked,uniprotkb
P08575,262,N-linked,uniprotkb
Q6UXB8,114,N-linked,uniprotkb
Q8NGE7,114,N-linked,uniprotkb
O75581,281,N-linked,uniprotkb
Q02817,770,N-linked,uniprotkb
Q13316,467,N-linked,uniprotkb
Q9H293,136,N-linked,uniprotkb
Q07954,136,N-linked,uniprotkb
A0PJK1,96,N-linked,uniprotkb
P35858,96,N-linked,uniprotkb
Q5SRR4,96,N-linked,uniprotkb
A0A0A6YYK7,96,N-linked,uniprotkb
O75443,1364,N-linked,uniprotkb
P26927,72,N-linked,uniprotkb
O14917,504,N-linked,uniprotkb
P0C6S8,247,N-linked,uniprotkb
A6NHS7,187,N-linked,uniprotkb
H3BS89,148,N-linked,uniprotkb
Q99062,389,N-linked,uniprotkb
Q9HAR2,1076,N-linked,uniprotkb
Q9NYV7,80,N-linked,uniprotkb
Q9Y5X9,80,N-linked,uniprotkb
Q8IZD6,80,N-linked,uniprotkb
P39059,1046,N-linked,uniprotkb
P09758,168,N-linked,uniprotkb
Q86UX2,795,N-linked,uniprotkb
Q99102,1572,O-linked,uniprotkb
P39086,379,N-linked,uniprotkb
O60486,771,N-linked,uniprotkb
Q9H158,274,N-linked,uniprotkb
P16066,45,N-linked,uniprotkb
P31644,45,N-linked,uniprotkb
Q9BVX2,173,N-linked,uniprotkb
P0DPK4,173,N-linked,uniprotkb
Q96PQ1,385,N-linked,uniprotkb
O95944,180,N-linked,uniprotkb
P32926,180,N-linked,uniprotkb
P26715,180,N-linked,uniprotkb
O75578,839,N-linked,uniprotkb
Q9H6L2,194,N-linked,uniprotkb
Q6UXX9,160,N-linked,uniprotkb
Q9Y561,366,N-linked,uniprotkb
Q9Y4L1,922,N-linked,uniprotkb
Q6QNK2,90,N-linked,uniprotkb
Q9BU23,616,N-linked,uniprotkb
Q8IZF2,301,N-linked,uniprotkb
Q86WK7,301,N-linked,uniprotkb
Q8WTR4,301,N-linked,uniprotkb
P56703,301,N-linked,uniprotkb
P01031,1115,N-linked,uniprotkb
Q92823,1115,N-linked,uniprotkb
P31644,207,N-linked,uniprotkb
Q8NGC1,43,N-linked,uniprotkb
P08F94,226,N-linked,uniprotkb
Q9Y2E5,226,N-linked,uniprotkb
Q5K4E3,317,N-linked,uniprotkb
P11362,317,N-linked,uniprotkb
O60494,711,N-linked,uniprotkb
Q92752,1036,N-linked,uniprotkb
A0A0K0K1A5,84,N-linked,uniprotkb
A0A0A6YYG2,84,N-linked,uniprotkb
Q9HBW1,440,N-linked,uniprotkb
P25025,22,N-linked,uniprotkb
Q9Y4D7,1132,N-linked,uniprotkb
Q8WUJ3,420,N-linked,uniprotkb
Q14574,392,N-linked,uniprotkb
Q7RTY5,263,N-linked,uniprotkb
Q401N2,41,N-linked,uniprotkb
A6NFC5,41,N-linked,uniprotkb
Q9Y5Q5,104,N-linked,uniprotkb
O00592,104,N-linked,uniprotkb
Q9ULC0,104,N-linked,uniprotkb
Q7RTZ1,104,N-linked,uniprotkb
P29400,125,N-linked,uniprotkb
O14524,125,N-linked,uniprotkb
Q92752,791,N-linked,uniprotkb
Q5DID0,172,N-linked,uniprotkb
H3BQJ8,27,N-linked,uniprotkb
Q14524,803,N-linked,uniprotkb
P00451,803,N-linked,uniprotkb
Q4KMG0,294,N-linked,uniprotkb
Q16288,294,N-linked,uniprotkb
O60500,547,N-linked,uniprotkb
O14522,547,N-linked,uniprotkb
P06734,63,N-linked,uniprotkb
Q8NGG2,44,N-linked,uniprotkb
P32418,44,N-linked,uniprotkb
Q9UM47,1336,N-linked,uniprotkb
P43146,478,N-linked,uniprotkb
Q0VAQ4,17,O-linked,uniprotkb
P32745,17,N-linked,uniprotkb
A6NMZ7,347,N-linked,uniprotkb
P22309,347,N-linked,uniprotkb
Q9H2A9,128,N-linked,uniprotkb
Q16445,128,N-linked,uniprotkb
Q9BZQ6,511,N-linked,uniprotkb
Q16820,593,O-linked,uniprotkb
Q9UIQ6,145,N-linked,uniprotkb
P07949,554,N-linked,uniprotkb
P47898,6,N-linked,uniprotkb
Q8NH59,6,N-linked,uniprotkb
Q6ZR37,395,N-linked,uniprotkb
Q3T906,250,N-linked,uniprotkb
Q695T7,258,N-linked,uniprotkb
P98066,258,N-linked,uniprotkb
P10912,161,N-linked,uniprotkb
Q9Y336,161,N-linked,uniprotkb
Q495T6,350,N-linked,uniprotkb
Q8TDU6,4,N-linked,uniprotkb
Q6UY13,38,N-linked,uniprotkb
P17927,1310,N-linked,uniprotkb
Q9UMZ3,1290,N-linked,uniprotkb
Q86YD3,106,N-linked,uniprotkb
Q8NDX2,106,N-linked,uniprotkb
Q86UG4,661,N-linked,uniprotkb
Q16827,324,N-linked,uniprotkb
Q02809,686,N-linked,uniprotkb
Q9NZV5,483,N-linked,uniprotkb
O00219,462,N-linked,uniprotkb
Q15262,462,N-linked,uniprotkb
Q9ULW2,48,N-linked,uniprotkb
Q9N2J8,47,N-linked,uniprotkb
O00624,47,N-linked,uniprotkb
P42785,47,N-linked,uniprotkb
Q9P0T7,47,N-linked,uniprotkb
P17181,416,N-linked,uniprotkb
O15389,253,N-linked,uniprotkb
P04629,253,N-linked,uniprotkb
P60508,146,N-linked,uniprotkb
Q76LX8,146,N-linked,uniprotkb
Q8NES3,167,N-linked,uniprotkb
O60242,337,N-linked,uniprotkb
Q02388,337,N-linked,uniprotkb
Q9NR99,2007,N-linked,uniprotkb
P43628,211,N-linked,uniprotkb
P33681,211,N-linked,uniprotkb
Q9UKQ9,211,N-linked,uniprotkb
Q9Y6J6,29,N-linked,uniprotkb
P80098,29,N-linked,uniprotkb
Q92673,818,N-linked,uniprotkb
Q13591,142,N-linked,uniprotkb
P13232,95,N-linked,uniprotkb
Q9H5I5,95,N-linked,uniprotkb
Q70JA7,878,N-linked,uniprotkb
P11049,170,N-linked,uniprotkb
Q9UKU6,679,N-linked,uniprotkb
Q9NY91,248,N-linked,uniprotkb
Q96SM3,428,N-linked,uniprotkb
Q9HCU0,428,O-linked,uniprotkb
Q6UXX5,971,N-linked,uniprotkb
Q6ZRP7,266,N-linked,uniprotkb
Q86UP0,563,N-linked,uniprotkb
Q99102,1582,O-linked,uniprotkb
Q9NYW1,164,N-linked,uniprotkb
P39060,164,N-linked,uniprotkb
P15848,291,N-linked,uniprotkb
Q92673,1854,N-linked,uniprotkb
P82987,1356,N-linked,uniprotkb
Q8TDX9,1301,N-linked,uniprotkb
Q5JU69,149,N-linked,uniprotkb
Q8IYP2,156,N-linked,uniprotkb
P10912,156,N-linked,uniprotkb
A6NJW4,156,N-linked,uniprotkb
O60309,1079,N-linked,uniprotkb
Q4KMG0,570,N-linked,uniprotkb
P32239,36,N-linked,uniprotkb
Q15223,36,N-linked,uniprotkb
Q9UPC5,42,N-linked,uniprotkb
P40200,42,N-linked,uniprotkb
Q6V1P9,1898,N-linked,uniprotkb
Q8TBJ4,163,N-linked,uniprotkb
Q9UKR0,163,N-linked,uniprotkb
Q3ZCN5,1604,N-linked,uniprotkb
P82279,657,N-linked,uniprotkb
Q8TDX9,657,N-linked,uniprotkb
P35555,2767,N-linked,uniprotkb
Q96PZ7,2761,N-linked,uniprotkb
P98161,2754,N-linked,uniprotkb
A2VEC9,3164,N-linked,uniprotkb
Q07954,4278,N-linked,uniprotkb
Q14517,2325,N-linked,uniprotkb
P04275,2223,N-linked,uniprotkb
P78509,3072,N-linked,uniprotkb
Q86UK0,2547,N-linked,uniprotkb
O60494,3430,N-linked,uniprotkb
Q99102,3243,O-linked,uniprotkb
Q99102,3142,O-linked,uniprotkb
O75445,4800,N-linked,uniprotkb
A2VEC9,3523,N-linked,uniprotkb
Q99102,3526,O-linked,uniprotkb
Q99102,3967,O-linked,uniprotkb
Q02817,4461,N-linked,uniprotkb
P13611,3369,N-linked,uniprotkb
Q8WXI7,10173,N-linked,uniprotkb
Q8WXI7,10700,N-linked,uniprotkb
Q8WXI7,9785,N-linked,uniprotkb
Q99102,4180,O-linked,uniprotkb
P11717,2136,N-linked,uniprotkb
Q99102,1935,O-linked,uniprotkb
Q99102,2062,O-linked,uniprotkb
Q14767,1568,N-linked,uniprotkb
Q9NYQ6,2437,N-linked,uniprotkb
Q99102,3622,O-linked,uniprotkb
Q8TD84,1345,N-linked,uniprotkb
Q685J3,1345,N-linked,uniprotkb
P14410,1815,N-linked,uniprotkb
P23471,1618,N-linked,uniprotkb
Q6V0I7,2430,N-linked,uniprotkb
O94813,1300,N-linked,uniprotkb
Q99102,4084,O-linked,uniprotkb
Q99102,2804,O-linked,uniprotkb
P24821,1445,N-linked,uniprotkb
Q86UK0,1524,N-linked,uniprotkb
P17927,1908,N-linked,uniprotkb
Q99102,3748,O-linked,uniprotkb
Q99102,1620,O-linked,uniprotkb
Q99102,2255,O-linked,uniprotkb
Q96PZ7,2795,N-linked,uniprotkb
Q99102,2015,O-linked,uniprotkb
Q00975,1675,N-linked,uniprotkb
P98164,1675,N-linked,uniprotkb
Q8WWQ8,2280,N-linked,uniprotkb
Q9H3R2,332,N-linked,uniprotkb
P54289,184,N-linked,uniprotkb
Q9UHL4,315,N-linked,uniprotkb
Q99250,1368,N-linked,uniprotkb
P35556,2512,O-linked,uniprotkb
Q6P4A8,411,N-linked,uniprotkb
P07498,178,O-linked,uniprotkb
Q9HCB6,564,C-linked,uniprotkb
Q16585,158,N-linked,uniprotkb
O95479,282,N-linked,uniprotkb
Q9HBX9,368,N-linked,uniprotkb
P13501,28,O-linked,uniprotkb
P16150,28,O-linked,uniprotkb
P01589,229,O-linked,uniprotkb
P40259,73,N-linked,uniprotkb
O60242,540,N-linked,uniprotkb
P27918,208,O-linked,uniprotkb
Q9Y694,91,N-linked,uniprotkb
Q16820,445,N-linked,uniprotkb
O75056,169,O-linked,uniprotkb
P01889,110,N-linked,uniprotkb
Q07699,110,N-linked,uniprotkb
P10321,110,N-linked,uniprotkb
Q8NHP8,110,N-linked,uniprotkb
P19320,561,N-linked,uniprotkb
A0A1B0GTW7,491,N-linked,uniprotkb
P00533,568,N-linked,uniprotkb
P46531,951,O-linked,uniprotkb
Q08431,325,N-linked,uniprotkb
Q93097,117,N-linked,uniprotkb
P55083,87,N-linked,uniprotkb
Q8IUK8,53,N-linked,uniprotkb
O95196,165,O-linked,uniprotkb
Q92954,683,O-linked,uniprotkb
P52803,37,N-linked,uniprotkb
P16410,113,N-linked,uniprotkb
Q92859,210,N-linked,uniprotkb
P13473,210,O-linked,uniprotkb
P08575,421,N-linked,uniprotkb
P40197,243,N-linked,uniprotkb
O94907,256,N-linked,uniprotkb
P80370,256,O-linked,uniprotkb
P40199,256,N-linked,uniprotkb
P06731,466,N-linked,uniprotkb
O43280,261,N-linked,uniprotkb
P08697,295,N-linked,uniprotkb
P35556,1672,O-linked,uniprotkb
Q14627,215,N-linked,uniprotkb
A0A2R8YFM6,130,N-linked,uniprotkb
P08519,443,N-linked,uniprotkb
Q02817,1275,O-linked,uniprotkb
Q01638,191,N-linked,uniprotkb
Q5T6X5,452,N-linked,uniprotkb
P05106,680,N-linked,uniprotkb
Q7Z2K6,182,N-linked,uniprotkb
P00748,249,N-linked,uniprotkb
P48357,56,N-linked,uniprotkb
P02788,497,N-linked,uniprotkb
P19075,118,N-linked,uniprotkb
Q9GZX6,54,N-linked,uniprotkb
P06756,296,N-linked,uniprotkb
P80370,251,O-linked,uniprotkb
O60486,86,N-linked,uniprotkb
P07359,331,O-linked,uniprotkb
Q96IY4,85,N-linked,uniprotkb
P58166,198,N-linked,uniprotkb
P11279,107,N-linked,uniprotkb
Q9NV96,107,N-linked,uniprotkb
O60931,107,N-linked,uniprotkb
Q92954,455,O-linked,uniprotkb
Q6UWW8,105,N-linked,uniprotkb
O75326,105,N-linked,uniprotkb
P28335,204,N-linked,uniprotkb
P22309,102,N-linked,uniprotkb
P53634,276,N-linked,uniprotkb
P20851,71,N-linked,uniprotkb
Q9H4A9,111,N-linked,uniprotkb
P31997,111,N-linked,uniprotkb
P40199,111,N-linked,uniprotkb
Q5JRA6,589,N-linked,uniprotkb
P27930,219,N-linked,uniprotkb
P04000,34,N-linked,uniprotkb
P15144,625,N-linked,uniprotkb
Q08431,228,N-linked,uniprotkb
P05981,112,N-linked,uniprotkb
P14207,195,N-linked,uniprotkb
P13473,200,O-linked,uniprotkb
Q5T4D3,609,N-linked,uniprotkb
Q14624,577,N-linked,uniprotkb
P06731,480,N-linked,uniprotkb
P11047,1223,N-linked,uniprotkb
P04921,15,O-linked,uniprotkb
O95255,15,N-linked,uniprotkb
P20702,61,N-linked,uniprotkb
P06213,242,N-linked,uniprotkb
P13473,123,N-linked,uniprotkb
P05107,642,N-linked,uniprotkb
P07359,486,O-linked,uniprotkb
Q9Y2G5,189,N-linked,uniprotkb
Q96PD5,367,N-linked,uniprotkb
P10721,367,N-linked,uniprotkb
Q99572,213,N-linked,uniprotkb
P12259,821,N-linked,uniprotkb
O00206,35,N-linked,uniprotkb
P04156,181,N-linked,uniprotkb
Q92954,699,O-linked,uniprotkb
Q9UMF0,74,N-linked,uniprotkb
Q8NHP8,465,N-linked,uniprotkb
P05106,346,N-linked,uniprotkb
P08648,316,N-linked,uniprotkb
Q96F46,265,N-linked,uniprotkb
P40225,265,O-linked,uniprotkb
Q5T6X5,121,N-linked,uniprotkb
O43909,592,N-linked,uniprotkb
P07686,327,N-linked,uniprotkb
O60486,141,N-linked,uniprotkb
P08603,217,N-linked,uniprotkb
Q9NZK5,174,N-linked,uniprotkb
P12643,338,N-linked,uniprotkb
Q92954,691,O-linked,uniprotkb
P32942,52,N-linked,uniprotkb
Q08380,398,N-linked,uniprotkb
P01877,131,N-linked,uniprotkb
Q92954,776,O-linked,uniprotkb
Q8N608,119,N-linked,uniprotkb
Q86Y78,134,N-linked,uniprotkb
Q96FE5,144,N-linked,uniprotkb
P04233,136,N-linked,uniprotkb
Q9UQQ1,136,N-linked,uniprotkb
Q99645,96,O-linked,uniprotkb
Q9NS84,407,N-linked,uniprotkb
O60486,407,N-linked,uniprotkb
Q9NZ08,154,N-linked,uniprotkb
Q9H0X4,389,N-linked,uniprotkb
O95342,109,N-linked,uniprotkb
P16150,109,O-linked,uniprotkb
P17643,385,N-linked,uniprotkb
P35555,2227,O-linked,uniprotkb
Q9UK55,180,N-linked,uniprotkb
P51884,160,N-linked,uniprotkb
P15848,366,N-linked,uniprotkb
Q92954,310,O-linked,uniprotkb
A0A1B0GTW7,524,N-linked,uniprotkb
P16278,555,N-linked,uniprotkb
Q92954,793,O-linked,uniprotkb
Q9Y5C1,115,N-linked,uniprotkb
P13688,115,N-linked,uniprotkb
P06213,43,N-linked,uniprotkb
Q9NQ34,60,N-linked,uniprotkb
P36222,60,N-linked,uniprotkb
O15455,507,N-linked,uniprotkb
O43157,1330,N-linked,uniprotkb
Q9HBB8,308,N-linked,uniprotkb
Q13201,618,N-linked,uniprotkb
P12109,516,N-linked,uniprotkb
P13688,104,N-linked,uniprotkb
P17643,104,N-linked,uniprotkb
P17181,172,N-linked,uniprotkb
P46531,722,O-linked,uniprotkb
P01042,294,N-linked,uniprotkb
P00533,128,N-linked,uniprotkb
O15455,275,N-linked,uniprotkb
P05362,145,N-linked,uniprotkb
P10619,145,N-linked,uniprotkb
P27918,145,C-linked,uniprotkb
P07358,554,C-linked,uniprotkb
Q92954,792,O-linked,uniprotkb
P15328,161,N-linked,uniprotkb
Q08431,350,N-linked,uniprotkb
P01266,484,N-linked,uniprotkb
Q14766,1141,O-linked,uniprotkb
P02724,38,O-linked,uniprotkb
P29017,75,N-linked,uniprotkb
P25092,75,N-linked,uniprotkb
Q9UQQ1,451,N-linked,uniprotkb
P11047,1175,N-linked,uniprotkb
Q9ULI3,159,N-linked,uniprotkb
Q9GZM5,337,N-linked,uniprotkb
Q8N350,29,N-linked,uniprotkb
Q10588,95,N-linked,uniprotkb
P15018,95,N-linked,uniprotkb
P24821,1301,N-linked,uniprotkb
Q15303,358,N-linked,uniprotkb
P20036,149,N-linked,uniprotkb
P04278,36,O-linked,uniprotkb
Q13705,42,N-linked,uniprotkb
Q92954,305,O-linked,uniprotkb
Q02817,1276,O-linked,uniprotkb
Q14517,3716,N-linked,uniprotkb
P24821,1366,N-linked,uniprotkb
Q99250,1393,N-linked,uniprotkb
Q76LX8,1354,N-linked,uniprotkb
P11047,1241,N-linked,uniprotkb
Q9ULK0,498,N-linked,uniprotkb
Q6ZXV5,865,N-linked,uniprotkb
P56373,290,N-linked,uniprotkb
Q12879,687,N-linked,uniprotkb
Q01959,181,N-linked,uniprotkb
Q13224,542,N-linked,uniprotkb
P41180,446,N-linked,uniprotkb
P43681,174,N-linked,uniprotkb
Q29983,31,N-linked,uniprotkb
P05186,230,N-linked,uniprotkb
A6NGU5,230,N-linked,uniprotkb
P14679,230,N-linked,uniprotkb
Q9HB29,184,N-linked,uniprotkb
Q9H2U9,184,N-linked,uniprotkb
Q13308,184,N-linked,uniprotkb
P22083,315,N-linked,uniprotkb
P16662,315,N-linked,uniprotkb
P53708,311,N-linked,uniprotkb
Q9BXP8,311,N-linked,uniprotkb
Q3T906,179,N-linked,uniprotkb
Q5VYJ5,1199,N-linked,uniprotkb
Q86UK0,1819,N-linked,uniprotkb
Q5K4E3,402,N-linked,uniprotkb
Q8IVL5,449,N-linked,uniprotkb
Q9UKX5,449,N-linked,uniprotkb
P10745,515,N-linked,uniprotkb
P14410,1303,N-linked,uniprotkb
Q92496,453,N-linked,uniprotkb
Q9Y5E3,183,N-linked,uniprotkb
Q7Z2H8,183,N-linked,uniprotkb
P42702,390,N-linked,uniprotkb
Q9UNP4,390,N-linked,uniprotkb
Q9UGM3,1832,N-linked,uniprotkb
Q8IWU5,764,N-linked,uniprotkb
Q99102,4196,O-linked,uniprotkb
O60494,2592,N-linked,uniprotkb
Q75N90,1668,N-linked,uniprotkb
Q99102,4004,O-linked,uniprotkb
Q99102,1598,O-linked,uniprotkb
Q99102,3294,O-linked,uniprotkb
Q99102,1663,O-linked,uniprotkb
Q99102,3492,O-linked,uniprotkb
P17927,509,N-linked,uniprotkb
P26717,178,N-linked,uniprotkb
P43626,178,N-linked,uniprotkb
Q9H251,2357,N-linked,uniprotkb
Q6V0I7,393,N-linked,uniprotkb
P47972,393,N-linked,uniprotkb
Q92673,158,N-linked,uniprotkb
Q02763,158,N-linked,uniprotkb
Q9UQV4,158,N-linked,uniprotkb
P59510,702,N-linked,uniprotkb
Q5JUK3,137,N-linked,uniprotkb
O15399,384,N-linked,uniprotkb
Q8N349,20,N-linked,uniprotkb
Q9NZR2,1145,N-linked,uniprotkb
Q6UY09,306,N-linked,uniprotkb
O75830,306,N-linked,uniprotkb
Q9NR23,306,N-linked,uniprotkb
Q13324,13,N-linked,uniprotkb
Q9BXR5,236,N-linked,uniprotkb
O60469,710,N-linked,uniprotkb
P80108,321,N-linked,uniprotkb
P50895,321,N-linked,uniprotkb
P42702,663,N-linked,uniprotkb
Q9NTG1,481,N-linked,uniprotkb
P36888,541,N-linked,uniprotkb
P18564,541,N-linked,uniprotkb
Q9NRB3,209,N-linked,uniprotkb
Q6Y1H2,209,N-linked,uniprotkb
Q9UKF5,320,N-linked,uniprotkb
Q8WU66,320,N-linked,uniprotkb
P15529,320,O-linked,uniprotkb
Q8IZU8,28,N-linked,uniprotkb
O96014,304,N-linked,uniprotkb
Q9C0B6,626,N-linked,uniprotkb
Q9N2K0,283,N-linked,uniprotkb
Q92859,73,N-linked,uniprotkb
Q7Z402,24,N-linked,uniprotkb
Q9GZZ7,208,N-linked,uniprotkb
P78325,91,N-linked,uniprotkb
Q96A11,91,N-linked,uniprotkb
Q9UHF4,91,N-linked,uniprotkb
Q9NYB5,533,N-linked,uniprotkb
Q9Y5G0,415,N-linked,uniprotkb
A1E959,273,O-linked,uniprotkb
Q9UJQ1,127,N-linked,uniprotkb
Q9Y653,39,N-linked,uniprotkb
P28827,92,N-linked,uniprotkb
P12724,92,N-linked,uniprotkb
Q14667,730,N-linked,uniprotkb
P08F94,357,N-linked,uniprotkb
Q9UN67,169,N-linked,uniprotkb
Q9H3R2,169,N-linked,uniprotkb
Q14515,169,N-linked,uniprotkb
Q8NG11,169,N-linked,uniprotkb
Q7LGA3,108,N-linked,uniprotkb
O60259,110,N-linked,uniprotkb
P82279,561,N-linked,uniprotkb
P60852,561,N-linked,uniprotkb
Q96P31,561,N-linked,uniprotkb
Q13002,412,N-linked,uniprotkb
Q05586,491,N-linked,uniprotkb
Q2M3G0,1104,N-linked,uniprotkb
Q9NTG1,345,N-linked,uniprotkb
O15072,345,N-linked,uniprotkb
O60449,345,N-linked,uniprotkb
P98161,1647,N-linked,uniprotkb
Q9UM01,325,N-linked,uniprotkb
Q96LA5,365,N-linked,uniprotkb
O60245,840,N-linked,uniprotkb
Q99102,1614,O-linked,uniprotkb
P15586,117,N-linked,uniprotkb
Q8IZF4,147,N-linked,uniprotkb
P98164,1144,N-linked,uniprotkb
O95727,87,N-linked,uniprotkb
Q86XS5,53,N-linked,uniprotkb
Q9BQB4,53,N-linked,uniprotkb
Q13296,53,N-linked,uniprotkb
P12259,760,N-linked,uniprotkb
Q8NH00,37,N-linked,uniprotkb
Q8NGV5,37,N-linked,uniprotkb
P15848,458,N-linked,uniprotkb
Q8N1N0,113,N-linked,uniprotkb
Q99983,113,N-linked,uniprotkb
Q8NGJ2,269,N-linked,uniprotkb
P39086,766,N-linked,uniprotkb
P40200,435,N-linked,uniprotkb
Q9NSI5,210,N-linked,uniprotkb
Q96SM3,210,N-linked,uniprotkb
P49961,334,N-linked,uniprotkb
P19320,531,N-linked,uniprotkb
O43895,49,N-linked,uniprotkb
Q08334,49,N-linked,uniprotkb
Q9H3G5,307,N-linked,uniprotkb
Q96PQ0,362,N-linked,uniprotkb
Q08380,362,N-linked,uniprotkb
Q03721,256,N-linked,uniprotkb
Q96N19,257,N-linked,uniprotkb
Q13421,523,N-linked,uniprotkb
Q9UBM8,215,N-linked,uniprotkb
Q9HCL0,103,N-linked,uniprotkb
P16234,103,N-linked,uniprotkb
Q9NRM6,103,N-linked,uniprotkb
Q9Y5F1,567,N-linked,uniprotkb
Q9NR96,567,N-linked,uniprotkb
Q8N386,130,N-linked,uniprotkb
A6NND4,7,N-linked,uniprotkb
P51684,7,N-linked,uniprotkb
Q8NFJ6,7,N-linked,uniprotkb
Q9Y2C9,285,N-linked,uniprotkb
Q6PL45,79,N-linked,uniprotkb
P31371,79,N-linked,uniprotkb
Q8IWK6,433,N-linked,uniprotkb
O00222,452,N-linked,uniprotkb
Q96P68,23,N-linked,uniprotkb
P58417,23,N-linked,uniprotkb
O14514,844,N-linked,uniprotkb
P59510,728,N-linked,uniprotkb
Q99884,182,N-linked,uniprotkb
Q8IU80,216,N-linked,uniprotkb
Q14766,620,N-linked,uniprotkb
Q9UIG8,153,N-linked,uniprotkb
Q902F9,153,N-linked,uniprotkb
P56817,153,N-linked,uniprotkb
Q4KMG0,873,N-linked,uniprotkb
P21757,249,N-linked,uniprotkb
Q9GZZ6,56,N-linked,uniprotkb
Q96S37,56,N-linked,uniprotkb
Q9H4D0,56,N-linked,uniprotkb
Q8WU66,497,N-linked,uniprotkb
P18084,552,N-linked,uniprotkb
P23467,574,N-linked,uniprotkb
Q7Z7M1,271,N-linked,uniprotkb
Q9NPH3,196,N-linked,uniprotkb
Q99102,1118,O-linked,uniprotkb
Q9NRD8,348,N-linked,uniprotkb
O15440,1329,N-linked,uniprotkb
Q8NCS7,88,N-linked,uniprotkb
Q86SQ3,162,N-linked,uniprotkb
Q9UJ99,162,N-linked,uniprotkb
Q96J65,438,N-linked,uniprotkb
P32745,30,N-linked,uniprotkb
P46695,133,N-linked,uniprotkb
P48065,171,N-linked,uniprotkb
Q8N0Z9,171,N-linked,uniprotkb
P20849,171,N-linked,uniprotkb
Q6UWM7,171,N-linked,uniprotkb
Q9UQ52,865,N-linked,uniprotkb
O60449,865,N-linked,uniprotkb
Q07837,513,N-linked,uniprotkb
Q96JP9,296,N-linked,uniprotkb
Q8NAT1,99,N-linked,uniprotkb
O75751,99,N-linked,uniprotkb
P09848,418,N-linked,uniprotkb
Q9BZC7,530,N-linked,uniprotkb
P78562,377,N-linked,uniprotkb
Q9UN70,615,N-linked,uniprotkb
O95388,86,N-linked,uniprotkb
P08123,1267,N-linked,uniprotkb
Q5SY80,881,N-linked,uniprotkb
Q9ULD8,436,N-linked,uniprotkb
Q9Y5F1,436,N-linked,uniprotkb
Q96MU8,59,N-linked,uniprotkb
A8MUP6,59,N-linked,uniprotkb
Q9NZR2,1816,N-linked,uniprotkb
P09848,1340,N-linked,uniprotkb
Q96RV3,1091,N-linked,uniprotkb
Q7Z4N8,482,N-linked,uniprotkb
Q9UP95,331,N-linked,uniprotkb
Q7Z2Q7,331,N-linked,uniprotkb
P51124,177,N-linked,uniprotkb
P23219,143,N-linked,uniprotkb
P00749,322,N-linked,uniprotkb
P24394,176,N-linked,uniprotkb
P59541,176,N-linked,uniprotkb
Q9NZS2,176,N-linked,uniprotkb
Q9NTG1,965,N-linked,uniprotkb
Q9H772,40,N-linked,uniprotkb
O95868,40,O-linked,uniprotkb
Q8IWU6,623,N-linked,uniprotkb
Q9NY28,85,N-linked,uniprotkb
P26006,107,N-linked,uniprotkb
O00462,284,N-linked,uniprotkb
Q8NCL9,150,N-linked,uniprotkb
Q7Z7M8,57,N-linked,uniprotkb
O95196,57,N-linked,uniprotkb
Q9Y2C9,186,N-linked,uniprotkb
Q14002,105,N-linked,uniprotkb
O60494,105,N-linked,uniprotkb
Q8TAA1,89,N-linked,uniprotkb
Q99102,2582,O-linked,uniprotkb
P05121,232,N-linked,uniprotkb
Q9H324,222,N-linked,uniprotkb
Q9UKP5,222,N-linked,uniprotkb
Q6EMK4,500,N-linked,uniprotkb
O15399,352,N-linked,uniprotkb
Q9H8J5,352,N-linked,uniprotkb
Q16363,646,N-linked,uniprotkb
P21757,102,N-linked,uniprotkb
P0C6S8,276,N-linked,uniprotkb
Q9NZV1,71,N-linked,uniprotkb
Q96QZ0,71,N-linked,uniprotkb
Q8IWT1,71,N-linked,uniprotkb
Q9HAW8,71,N-linked,uniprotkb
Q8IZP9,111,N-linked,uniprotkb
Q15238,111,N-linked,uniprotkb
Q8NGS0,3,N-linked,uniprotkb
Q8NHC7,3,N-linked,uniprotkb
O95918,3,N-linked,uniprotkb
Q8NGE2,3,N-linked,uniprotkb
Q86T20,3,N-linked,uniprotkb
P24043,2558,N-linked,uniprotkb
Q9C0I4,219,N-linked,uniprotkb
Q86VW1,546,N-linked,uniprotkb
O43506,587,N-linked,uniprotkb
Q9HCU0,625,O-linked,uniprotkb
Q96J42,206,N-linked,uniprotkb
O75443,949,N-linked,uniprotkb
Q99102,747,O-linked,uniprotkb
Q9P273,670,N-linked,uniprotkb
Q9UKU6,694,N-linked,uniprotkb
Q5K4E3,508,N-linked,uniprotkb
Q9GZX3,116,N-linked,uniprotkb
Q96PL2,116,N-linked,uniprotkb
Q9P232,765,N-linked,uniprotkb
Q96RW7,970,N-linked,uniprotkb
P05556,584,N-linked,uniprotkb
Q9BZZ2,1251,N-linked,uniprotkb
Q9UNN8,64,N-linked,uniprotkb
Q8N149,64,N-linked,uniprotkb
Q9UHN6,914,N-linked,uniprotkb
O00591,228,N-linked,uniprotkb
P54760,335,N-linked,uniprotkb
Q99102,1390,O-linked,uniprotkb
Q5SZI1,97,N-linked,uniprotkb
Q8IYK4,97,N-linked,uniprotkb
Q9HBE4,97,N-linked,uniprotkb
Q9UP52,240,N-linked,uniprotkb
Q92496,557,N-linked,uniprotkb
Q96BH3,195,N-linked,uniprotkb
Q9H3S3,195,N-linked,uniprotkb
Q8NGL2,195,N-linked,uniprotkb
Q99102,938,O-linked,uniprotkb
Q13214,124,N-linked,uniprotkb
P22223,200,N-linked,uniprotkb
Q9NXG6,382,N-linked,uniprotkb
P12259,382,N-linked,uniprotkb
Q8N6Y1,135,N-linked,uniprotkb
Q92832,609,N-linked,uniprotkb
A4D0V7,413,N-linked,uniprotkb
O75094,192,N-linked,uniprotkb
Q9H756,192,N-linked,uniprotkb
O14792,192,N-linked,uniprotkb
F5H094,617,N-linked,uniprotkb
P08F94,1346,N-linked,uniprotkb
O75144,225,N-linked,uniprotkb
Q9Y336,225,N-linked,uniprotkb
Q99435,225,N-linked,uniprotkb
O75077,76,N-linked,uniprotkb
Q04118,129,N-linked,uniprotkb
P39060,129,N-linked,uniprotkb
Q9HCK4,845,N-linked,uniprotkb
Q99895,25,N-linked,uniprotkb
Q86YL7,25,O-linked,uniprotkb
Q6NVV3,25,N-linked,uniprotkb
Q15615,5,N-linked,uniprotkb
Q9GZM6,5,N-linked,uniprotkb
Q8NH69,5,N-linked,uniprotkb
Q9Y6H6,5,N-linked,uniprotkb
Q7Z3T1,5,N-linked,uniprotkb
Q8NGY2,5,N-linked,uniprotkb
Q8WZA6,5,N-linked,uniprotkb
Q8NH74,5,N-linked,uniprotkb
P0C672,5,N-linked,uniprotkb
Q8NGJ9,5,N-linked,uniprotkb
Q8NH41,5,N-linked,uniprotkb
P04066,268,N-linked,uniprotkb
Q6PCB8,61,N-linked,uniprotkb
O75056,314,O-linked,uniprotkb
Q9P218,607,N-linked,uniprotkb
Q96F46,242,N-linked,uniprotkb
A6H8M9,242,N-linked,uniprotkb
O95206,464,N-linked,uniprotkb
P39059,687,N-linked,uniprotkb
P58417,93,N-linked,uniprotkb
P98164,4327,N-linked,uniprotkb
P43026,189,N-linked,uniprotkb
Q6Q8B3,189,N-linked,uniprotkb
Q13591,367,N-linked,uniprotkb
Q8TDW7,800,N-linked,uniprotkb
Q99999,312,N-linked,uniprotkb
Q9Y5Y9,312,N-linked,uniprotkb
P16581,312,N-linked,uniprotkb
O95972,373,N-linked,uniprotkb
Q99102,1119,O-linked,uniprotkb
Q9NP60,120,N-linked,uniprotkb
Q5VXT5,213,N-linked,uniprotkb
P78357,597,N-linked,uniprotkb
Q8TB96,151,N-linked,uniprotkb
P43234,62,N-linked,uniprotkb
Q96KW9,62,N-linked,uniprotkb
Q96DR8,62,O-linked,uniprotkb
Q9Y5G5,545,N-linked,uniprotkb
A8K2U0,1020,N-linked,uniprotkb
Q7Z5L7,410,N-linked,uniprotkb
Q8IZU8,666,N-linked,uniprotkb
Q9NZQ7,35,N-linked,uniprotkb
Q9P2U8,101,N-linked,uniprotkb
Q8N131,68,N-linked,uniprotkb
Q06418,380,N-linked,uniprotkb
Q96PZ7,2605,N-linked,uniprotkb
O75355,81,N-linked,uniprotkb
P17927,578,N-linked,uniprotkb
O95800,2,N-linked,uniprotkb
Q99679,2,N-linked,uniprotkb
Q92611,181,N-linked,uniprotkb
Q9H1U4,267,N-linked,uniprotkb
O75019,140,N-linked,uniprotkb
Q8IWV2,893,N-linked,uniprotkb
Q9UN70,245,N-linked,uniprotkb
P39086,74,N-linked,uniprotkb
Q96PB7,465,N-linked,uniprotkb
Q9Y3Q7,465,N-linked,uniprotkb
O75871,126,N-linked,uniprotkb
Q9NRM1,126,N-linked,uniprotkb
O43300,126,N-linked,uniprotkb
P22897,930,N-linked,uniprotkb
Q8N6Y1,326,N-linked,uniprotkb
Q93038,67,N-linked,uniprotkb
Q9HD43,556,N-linked,uniprotkb
Q8WU66,556,N-linked,uniprotkb
P30559,26,N-linked,uniprotkb
Q8NH81,26,N-linked,uniprotkb
P32245,26,N-linked,uniprotkb
O75063,193,N-linked,uniprotkb
Q7Z4F1,193,N-linked,uniprotkb
A2VEC9,2937,N-linked,uniprotkb
Q8NGY0,21,N-linked,uniprotkb
P23467,1096,N-linked,uniprotkb
Q9BYE9,1107,N-linked,uniprotkb
Q9NYQ6,403,N-linked,uniprotkb
O95800,12,N-linked,uniprotkb
P23467,479,N-linked,uniprotkb
Q7RTX1,479,N-linked,uniprotkb
Q9UN73,265,N-linked,uniprotkb
Q9Y5I1,265,N-linked,uniprotkb
Q8NGG1,265,N-linked,uniprotkb
Q9NPC4,121,N-linked,uniprotkb
Q5TAH2,473,N-linked,uniprotkb
Q8TE56,790,N-linked,uniprotkb
P53708,302,N-linked,uniprotkb
Q9H1C3,234,N-linked,uniprotkb
Q9HB29,234,N-linked,uniprotkb
Q9NR96,731,N-linked,uniprotkb
Q04941,18,N-linked,uniprotkb
P10586,721,N-linked,uniprotkb
Q7Z443,575,N-linked,uniprotkb
Q9H330,575,N-linked,uniprotkb
P01583,141,N-linked,uniprotkb
P13232,141,N-linked,uniprotkb
Q9HC56,450,N-linked,uniprotkb
Q9UPZ6,450,N-linked,uniprotkb
P55268,1249,N-linked,uniprotkb
Q9UKP4,778,N-linked,uniprotkb
Q9NYQ6,778,N-linked,uniprotkb
Q92824,665,N-linked,uniprotkb
Q7L0J3,548,N-linked,uniprotkb
Q13003,548,N-linked,uniprotkb
Q9UN74,548,N-linked,uniprotkb
O60469,1341,N-linked,uniprotkb
Q9GZT5,363,N-linked,uniprotkb
Q3MIW9,338,N-linked,uniprotkb
A6NMB1,338,N-linked,uniprotkb
O15146,338,N-linked,uniprotkb
Q9UBG0,954,N-linked,uniprotkb
Q99102,954,O-linked,uniprotkb
Q99102,2459,O-linked,uniprotkb
Q7Z5H5,157,N-linked,uniprotkb
P04629,318,N-linked,uniprotkb
Q9UK23,388,N-linked,uniprotkb
Q9HBW1,388,N-linked,uniprotkb
Q8NC42,52,N-linked,uniprotkb
P48058,52,N-linked,uniprotkb
Q8NFP4,826,N-linked,uniprotkb
Q9H1D0,398,N-linked,uniprotkb
Q5NDL2,354,N-linked,uniprotkb
Q9UMX9,356,N-linked,uniprotkb
P60153,131,N-linked,uniprotkb
Q9UKQ9,131,N-linked,uniprotkb
Q9NYU1,950,N-linked,uniprotkb
Q9P244,343,N-linked,uniprotkb
Q6UXM1,1016,N-linked,uniprotkb
Q92832,224,N-linked,uniprotkb
Q8NCW0,351,N-linked,uniprotkb
Q8N8Z6,351,N-linked,uniprotkb
Q9H251,2050,N-linked,uniprotkb
Q9NYK1,534,N-linked,uniprotkb
P43088,19,N-linked,uniprotkb
Q14114,807,N-linked,uniprotkb
Q9NYM4,134,N-linked,uniprotkb
Q8WWB7,134,N-linked,uniprotkb
O43657,134,N-linked,uniprotkb
Q9NYQ7,2177,N-linked,uniprotkb
P98164,2177,N-linked,uniprotkb
Q8TCT8,66,N-linked,uniprotkb
Q70Z44,66,N-linked,uniprotkb
O60909,66,N-linked,uniprotkb
P24043,746,N-linked,uniprotkb
Q9NY15,1087,N-linked,uniprotkb
Q8NHL6,281,N-linked,uniprotkb
Q96QI5,281,N-linked,uniprotkb
Q96N87,144,N-linked,uniprotkb
Q32P28,467,N-linked,uniprotkb
P78504,745,N-linked,uniprotkb
Q16572,96,N-linked,uniprotkb
Q7Z402,96,N-linked,uniprotkb
O95477,2238,N-linked,uniprotkb
Q9UKF5,538,N-linked,uniprotkb
Q96LC7,504,N-linked,uniprotkb
Q8NI17,187,N-linked,uniprotkb
P35346,187,N-linked,uniprotkb
Q9UBV7,154,N-linked,uniprotkb
Q15818,154,N-linked,uniprotkb
Q6IE37,80,N-linked,uniprotkb
Q9NQ40,168,N-linked,uniprotkb
Q96PZ7,1572,N-linked,uniprotkb
P00451,919,N-linked,uniprotkb
P54803,379,N-linked,uniprotkb
O60486,796,N-linked,uniprotkb
Q9C0A0,637,N-linked,uniprotkb
Q8IX05,109,N-linked,uniprotkb
Q9ULK6,45,N-linked,uniprotkb
Q9P0X4,173,N-linked,uniprotkb
O75144,173,N-linked,uniprotkb
Q8IYP2,173,N-linked,uniprotkb
Q8N131,138,N-linked,uniprotkb
Q92823,993,N-linked,uniprotkb
O94769,378,N-linked,uniprotkb
Q4KMG0,180,N-linked,uniprotkb
P31995,180,N-linked,uniprotkb
Q14246,194,N-linked,uniprotkb
Q7Z3F1,9,N-linked,uniprotkb
Q16581,9,N-linked,uniprotkb
Q9GZQ4,9,N-linked,uniprotkb
P35372,9,N-linked,uniprotkb
Q9H299,9,O-linked,uniprotkb
Q9NR97,160,N-linked,uniprotkb
O00754,310,N-linked,uniprotkb
Q6NT32,524,N-linked,uniprotkb
Q5XXA6,832,N-linked,uniprotkb
Q8N3Z0,90,N-linked,uniprotkb
Q8N387,90,N-linked,uniprotkb
P78562,301,N-linked,uniprotkb
Q14520,207,N-linked,uniprotkb
P05067,571,N-linked,uniprotkb
O00591,43,N-linked,uniprotkb
A0A0B4J237,43,N-linked,uniprotkb
O43506,226,N-linked,uniprotkb
Q86XX4,1948,N-linked,uniprotkb
P08F94,507,N-linked,uniprotkb
Q1HG44,84,N-linked,uniprotkb
Q8NH19,82,N-linked,uniprotkb
P21757,82,N-linked,uniprotkb
P08922,1330,N-linked,uniprotkb
P35348,22,N-linked,uniprotkb
P04201,22,N-linked,uniprotkb
Q8N149,339,N-linked,uniprotkb
Q9BZA8,376,N-linked,uniprotkb
Q14264,369,N-linked,uniprotkb
Q7Z407,3099,N-linked,uniprotkb
Q99102,3099,O-linked,uniprotkb
Q96D42,263,N-linked,uniprotkb
Q8N9W7,41,N-linked,uniprotkb
O75462,104,N-linked,uniprotkb
Q5VX71,104,N-linked,uniprotkb
P11464,259,N-linked,uniprotkb
P25100,65,N-linked,uniprotkb
Q8IWU5,65,N-linked,uniprotkb
P58397,125,N-linked,uniprotkb
Q9ULB1,125,N-linked,uniprotkb
Q5VV43,733,N-linked,uniprotkb
P47900,27,N-linked,uniprotkb
P49683,27,N-linked,uniprotkb
Q86XX4,2563,N-linked,uniprotkb
Q9BZ76,1023,N-linked,uniprotkb
Q9C0A0,1023,N-linked,uniprotkb
Q9UHI8,547,N-linked,uniprotkb
P54851,44,N-linked,uniprotkb
A0A0B4J271,44,N-linked,uniprotkb
P98161,1336,N-linked,uniprotkb
Q5IJ48,478,N-linked,uniprotkb
A6NH00,17,N-linked,uniprotkb
Q9HC56,347,N-linked,uniprotkb
Q8IZJ1,347,N-linked,uniprotkb
Q9UHX3,347,N-linked,uniprotkb
Q8NFR9,347,N-linked,uniprotkb
P15248,50,N-linked,uniprotkb
Q6ZMH5,50,N-linked,uniprotkb
O75976,399,N-linked,uniprotkb
Q02763,399,N-linked,uniprotkb
Q9HC56,511,N-linked,uniprotkb
Q16549,511,N-linked,uniprotkb
O94991,644,N-linked,uniprotkb
P08069,913,N-linked,uniprotkb
Q9H7T0,913,N-linked,uniprotkb
Q86UK0,275,N-linked,uniprotkb
P12259,554,N-linked,uniprotkb
P98155,781,N-linked,uniprotkb
Q9UI33,781,N-linked,uniprotkb
Q96EP9,6,N-linked,uniprotkb
Q8NGH8,6,N-linked,uniprotkb
Q6IF82,6,N-linked,uniprotkb
Q8IZA0,395,N-linked,uniprotkb
Q9HBW9,395,N-linked,uniprotkb
P18627,250,N-linked,uniprotkb
O60242,241,N-linked,uniprotkb
P26436,258,N-linked,uniprotkb
O60477,553,N-linked,uniprotkb
P30872,4,N-linked,uniprotkb
A0A0B4J273,38,N-linked,uniprotkb
P31785,75,N-linked,uniprotkb
Q8TF66,75,N-linked,uniprotkb
Q92824,1290,N-linked,uniprotkb
P51790,451,N-linked,uniprotkb
Q8N131,106,N-linked,uniprotkb
P03979,106,N-linked,uniprotkb
Q96MK3,287,N-linked,uniprotkb
Q6V0I7,825,N-linked,uniprotkb
P17301,1074,N-linked,uniprotkb
P08922,324,N-linked,uniprotkb
P01133,324,N-linked,uniprotkb
Q8IZP7,324,N-linked,uniprotkb
P40145,817,N-linked,uniprotkb
Q8TE60,909,N-linked,uniprotkb
Q5SY80,472,N-linked,uniprotkb
Q8TDW7,1994,N-linked,uniprotkb
P30872,48,N-linked,uniprotkb
Q9HC73,47,N-linked,uniprotkb
P43489,146,N-linked,uniprotkb
Q14246,167,N-linked,uniprotkb
Q8IZU9,167,N-linked,uniprotkb
Q9H3T3,167,N-linked,uniprotkb
P51693,337,N-linked,uniprotkb
P43632,211,N-linked,uniprotkb
Q9GZQ6,29,N-linked,uniprotkb
Q7RTU9,824,N-linked,uniprotkb
Q9H3R1,341,N-linked,uniprotkb
A8MTB9,270,N-linked,uniprotkb
Q9UHC3,175,N-linked,uniprotkb
Q10472,95,N-linked,uniprotkb
Q8TD84,471,N-linked,uniprotkb
Q15904,170,N-linked,uniprotkb
Q401N2,170,N-linked,uniprotkb
P39086,428,N-linked,uniprotkb
Q9UQV4,266,N-linked,uniprotkb
O60503,955,N-linked,uniprotkb
Q8TDW7,563,N-linked,uniprotkb
P17301,432,N-linked,uniprotkb
O43699,233,N-linked,uniprotkb
P20231,233,N-linked,uniprotkb
P20273,164,N-linked,uniprotkb
Q02297,164,N-linked,uniprotkb
Q9HAR2,830,N-linked,uniprotkb
Q8J025,319,N-linked,uniprotkb
Q96NR3,319,N-linked,uniprotkb
O75445,1071,N-linked,uniprotkb
A4D0S4,1301,N-linked,uniprotkb
Q9Y345,358,N-linked,uniprotkb
Q96GX1,156,N-linked,uniprotkb
Q99985,585,N-linked,uniprotkb
A0A0B4J268,36,N-linked,uniprotkb
Q9NY35,42,N-linked,uniprotkb
Q9UHF4,42,N-linked,uniprotkb
Q9H251,1651,N-linked,uniprotkb
Q99102,1950,O-linked,uniprotkb
Q9HBY0,163,N-linked,uniprotkb
Q15758,163,N-linked,uniprotkb
P34903,163,N-linked,uniprotkb
Q9BQ51,163,N-linked,uniprotkb
P15529,305,O-linked,uniprotkb
Q9UJ14,330,N-linked,uniprotkb
Q99624,323,N-linked,uniprotkb
Q6WRI0,2101,N-linked,uniprotkb
Q07954,2472,N-linked,uniprotkb
O75445,2048,N-linked,uniprotkb
Q99102,3894,O-linked,uniprotkb
Q99102,3854,O-linked,uniprotkb
Q9NZR2,3310,N-linked,uniprotkb
Q685J3,4297,N-linked,uniprotkb
Q99102,3467,O-linked,uniprotkb
Q02817,5148,N-linked,uniprotkb
P98161,2956,N-linked,uniprotkb
Q99102,3254,O-linked,uniprotkb
O60494,2945,N-linked,uniprotkb
Q99102,3540,O-linked,uniprotkb
Q8WXI7,13016,N-linked,uniprotkb
P98088,5347,N-linked,uniprotkb
Q8WXI7,12272,N-linked,uniprotkb
Q9HC84,5721,N-linked,uniprotkb
Q8WXI7,11594,N-linked,uniprotkb
Q8WXI7,10075,N-linked,uniprotkb
Q9NY46,1366,N-linked,uniprotkb
Q99102,3419,O-linked,uniprotkb
Q96RV3,2062,N-linked,uniprotkb
Q13219,1465,N-linked,uniprotkb
Q86UK0,1769,N-linked,uniprotkb
Q9HCU4,1741,N-linked,uniprotkb
Q99102,3983,O-linked,uniprotkb
Q14517,3444,N-linked,uniprotkb
Q99102,3935,O-linked,uniprotkb
Q99102,3823,O-linked,uniprotkb
Q8WXI7,2375,N-linked,uniprotkb
Q86UK0,2542,N-linked,uniprotkb
Q7Z408,1799,N-linked,uniprotkb
Q9NYQ8,2430,N-linked,uniprotkb
Q8TDW7,3927,N-linked,uniprotkb
Q99102,2591,O-linked,uniprotkb
Q9NZR2,3682,N-linked,uniprotkb
O60469,1250,N-linked,uniprotkb
Q99102,2031,O-linked,uniprotkb
O75096,1467,N-linked,uniprotkb
Q9NZR2,3877,N-linked,uniprotkb
Q99102,2500,O-linked,uniprotkb
Q9NT68,2337,N-linked,uniprotkb
P13611,2934,N-linked,uniprotkb
Q99102,4143,O-linked,uniprotkb
A4D0S4,1587,N-linked,uniprotkb
Q9H251,1889,N-linked,uniprotkb
Q9NZR2,2647,N-linked,uniprotkb
O60494,2386,N-linked,uniprotkb
P59510,1456,N-linked,uniprotkb
P13611,1468,N-linked,uniprotkb
P09848,1656,N-linked,uniprotkb
Q9UI33,1209,N-linked,uniprotkb
Q99102,3231,O-linked,uniprotkb
Q99102,3403,O-linked,uniprotkb
Q96RW7,3221,N-linked,uniprotkb
P23467,1367,N-linked,uniprotkb
Q6N022,1884,N-linked,uniprotkb
Q9UKX5,973,N-linked,uniprotkb
P20138,230,N-linked,uniprotkb
Q99523,406,N-linked,uniprotkb
Q03405,184,N-linked,uniprotkb
P40225,184,O-linked,uniprotkb
Q8IZF2,315,N-linked,uniprotkb
Q9BZR6,179,N-linked,uniprotkb
Q13219,402,N-linked,uniprotkb
P35858,515,N-linked,uniprotkb
Q13439,1612,N-linked,uniprotkb
Q07954,3953,N-linked,uniprotkb
O15230,2501,N-linked,uniprotkb
P48546,77,N-linked,uniprotkb
Q9BZW8,77,N-linked,uniprotkb
P27918,83,C-linked,uniprotkb
P35556,1996,O-linked,uniprotkb
P07359,321,O-linked,uniprotkb
Q96S16,209,N-linked,uniprotkb
O75882,1073,N-linked,uniprotkb
Q96KA5,229,N-linked,uniprotkb
Q9Y6R7,91,N-linked,uniprotkb
O14672,278,N-linked,uniprotkb
Q4G148,278,N-linked,uniprotkb
Q92954,676,O-linked,uniprotkb
Q08174,813,N-linked,uniprotkb
P43629,273,N-linked,uniprotkb
P26842,127,O-linked,uniprotkb
Q8N139,940,N-linked,uniprotkb
P31431,39,O-linked,uniprotkb
Q9Y5C1,357,N-linked,uniprotkb
P01871,46,N-linked,uniprotkb
P19801,110,N-linked,uniprotkb
P35556,1112,N-linked,uniprotkb
P06126,37,N-linked,uniprotkb
Q02083,37,N-linked,uniprotkb
P06276,269,N-linked,uniprotkb
P04062,58,N-linked,uniprotkb
P54802,526,N-linked,uniprotkb
P08648,307,N-linked,uniprotkb
P54802,261,N-linked,uniprotkb
O96005,295,N-linked,uniprotkb
Q92954,963,O-linked,uniprotkb
P02763,103,N-linked,uniprotkb
P51164,103,N-linked,uniprotkb
Q02817,1270,O-linked,uniprotkb
P04180,433,O-linked,uniprotkb
P10643,696,O-linked,uniprotkb
P08603,911,N-linked,uniprotkb
Q5UCC4,182,N-linked,uniprotkb
Q12794,216,N-linked,uniprotkb
P02763,56,N-linked,uniprotkb
Q5SQ64,88,N-linked,uniprotkb
O75056,162,O-linked,uniprotkb
P04180,296,N-linked,uniprotkb
P01730,296,N-linked,uniprotkb
Q14956,296,N-linked,uniprotkb
P10645,251,O-linked,uniprotkb
Q9UGM5,292,O-linked,uniprotkb
P15391,86,N-linked,uniprotkb
Q9GZM7,78,N-linked,uniprotkb
P02679,78,N-linked,uniprotkb
P17342,394,N-linked,uniprotkb
P80188,85,N-linked,uniprotkb
Q6P179,85,N-linked,uniprotkb
P01009,107,N-linked,uniprotkb
P11047,650,N-linked,uniprotkb
P01833,186,N-linked,uniprotkb
O75144,186,N-linked,uniprotkb
Q86VB7,105,N-linked,uniprotkb
P09619,89,N-linked,uniprotkb
Q92954,485,O-linked,uniprotkb
P02812,232,O-linked,uniprotkb
Q5VWK5,232,N-linked,uniprotkb
Q9NQS3,222,N-linked,uniprotkb
A6NH11,276,N-linked,uniprotkb
Q9BYF1,546,N-linked,uniprotkb
Q02487,546,N-linked,uniprotkb
P07359,457,O-linked,uniprotkb
Q14108,206,N-linked,uniprotkb
Q02817,670,N-linked,uniprotkb
Q99784,288,N-linked,uniprotkb
A6NMZ7,288,N-linked,uniprotkb
P18850,584,N-linked,uniprotkb
P02790,64,N-linked,uniprotkb
Q99795,112,N-linked,uniprotkb
O60513,335,N-linked,uniprotkb
P54802,503,N-linked,uniprotkb
P07359,480,O-linked,uniprotkb
P00740,225,O-linked,uniprotkb
P07988,129,N-linked,uniprotkb
P10747,129,N-linked,uniprotkb
Q9H8L6,845,N-linked,uniprotkb
O95256,152,N-linked,uniprotkb
P0DN86,152,O-linked,uniprotkb
Q6PCB8,213,N-linked,uniprotkb
P01011,33,N-linked,uniprotkb
P43652,33,N-linked,uniprotkb
P16871,151,N-linked,uniprotkb
P12109,212,N-linked,uniprotkb
Q15303,410,N-linked,uniprotkb
P01116,35,O-linked,uniprotkb
P05155,81,N-linked,uniprotkb
Q92626,699,N-linked,uniprotkb
Q6ZMJ2,193,N-linked,uniprotkb
O75629,193,N-linked,uniprotkb
P01880,316,N-linked,uniprotkb
P16150,21,O-linked,uniprotkb
P40200,277,N-linked,uniprotkb
Q14118,372,O-linked,uniprotkb
Q92954,580,O-linked,uniprotkb
Q8N6C8,302,N-linked,uniprotkb
Q9HD45,174,N-linked,uniprotkb
Q6IWH7,809,N-linked,uniprotkb
P07359,477,O-linked,uniprotkb
O43852,131,N-linked,uniprotkb
P35556,872,O-linked,uniprotkb
O14773,313,N-linked,uniprotkb
O95256,119,N-linked,uniprotkb
P01876,119,O-linked,uniprotkb
P12830,280,O-linked,uniprotkb
Q99062,134,N-linked,uniprotkb
P34969,66,N-linked,uniprotkb
P08519,1013,N-linked,uniprotkb
P05155,96,O-linked,uniprotkb
P01374,96,N-linked,uniprotkb
P48740,407,N-linked,uniprotkb
P0DTU4,72,N-linked,uniprotkb
Q8NFP4,247,N-linked,uniprotkb
P16278,247,N-linked,uniprotkb
Q92542,187,N-linked,uniprotkb
P31995,187,N-linked,uniprotkb
P23946,80,N-linked,uniprotkb
Q8NBJ4,109,N-linked,uniprotkb
Q9P2B2,525,N-linked,uniprotkb
Q9NV96,180,N-linked,uniprotkb
Q9HDC9,160,N-linked,uniprotkb
P16581,160,N-linked,uniprotkb
Q8N608,90,N-linked,uniprotkb
P21583,90,N-linked,uniprotkb
P43220,115,N-linked,uniprotkb
P40199,115,N-linked,uniprotkb
P19440,297,N-linked,uniprotkb
P01031,741,N-linked,uniprotkb
Q9NR71,308,N-linked,uniprotkb
P00748,308,O-linked,uniprotkb
O60938,298,N-linked,uniprotkb
P02724,63,O-linked,uniprotkb
Q05707,1384,N-linked,uniprotkb
P01854,275,N-linked,uniprotkb
P31644,145,N-linked,uniprotkb
Q9UJ37,161,N-linked,uniprotkb
P29017,38,N-linked,uniprotkb
Q14126,462,N-linked,uniprotkb
P05113,47,N-linked,uniprotkb
Q86SR1,146,N-linked,uniprotkb
P21583,167,O-linked,uniprotkb
Q8N766,818,N-linked,uniprotkb
O60911,221,N-linked,uniprotkb
P07359,175,N-linked,uniprotkb
Q13308,175,N-linked,uniprotkb
P27918,142,C-linked,uniprotkb
P08575,490,N-linked,uniprotkb
Q8NBW4,248,N-linked,uniprotkb
Q92954,563,O-linked,uniprotkb
P04839,149,N-linked,uniprotkb
Q02817,163,N-linked,uniprotkb
P12314,163,N-linked,uniprotkb
Q99102,3397,N-linked,uniprotkb
Q99102,4787,N-linked,uniprotkb
P01266,2013,N-linked,uniprotkb
O15230,2209,N-linked,uniprotkb
P98088,4224,O-linked,uniprotkb
P01024,1617,N-linked,uniprotkb
P35555,1871,O-linked,uniprotkb
Q99102,2773,N-linked,uniprotkb
Q9UGM3,1889,N-linked,uniprotkb
Q99102,2533,N-linked,uniprotkb
P55017,406,N-linked,uniprotkb
Q13563,328,N-linked,uniprotkb
P42262,370,N-linked,uniprotkb
P78363,1469,N-linked,uniprotkb
P30988,73,N-linked,uniprotkb
P02748,415,N-linked,uniprotkb
Q14766,769,O-linked,uniprotkb
Q8IUH2,165,N-linked,uniprotkb
P06734,296,O-linked,uniprotkb
P55017,426,N-linked,uniprotkb
Q5T4D3,78,N-linked,uniprotkb
Q8IV08,97,N-linked,uniprotkb
Q96BZ4,427,N-linked,uniprotkb
Q9UQD0,326,N-linked,uniprotkb
Q96BZ4,403,N-linked,uniprotkb
A0A0K0K1B3,80,N-linked,uniprotkb
Q8NDA2,525,N-linked,uniprotkb
P01871,279,N-linked,uniprotkb
Q16394,330,N-linked,uniprotkb
Q8NDA2,4824,N-linked,uniprotkb
Q8NDA2,1820,N-linked,uniprotkb
Q96PQ1,230,N-linked,uniprotkb
P07996,708,N-linked,uniprotkb
Q8WY21,184,N-linked,uniprotkb
Q5IJ48,786,N-linked,uniprotkb
Q9P0X4,311,N-linked,uniprotkb
O75445,2285,N-linked,uniprotkb
O75094,622,N-linked,uniprotkb
O60494,1819,N-linked,uniprotkb
Q96JQ0,402,N-linked,uniprotkb
Q9BYH1,328,N-linked,uniprotkb
Q6UXM1,515,N-linked,uniprotkb
Q7RTY7,1106,N-linked,uniprotkb
Q8IWK6,453,N-linked,uniprotkb
O14917,453,N-linked,uniprotkb
O14525,453,N-linked,uniprotkb
Q9NYQ7,1317,N-linked,uniprotkb
Q6UWY5,183,N-linked,uniprotkb
P0C091,1374,N-linked,uniprotkb
O00533,945,N-linked,uniprotkb
Q9HAR2,759,N-linked,uniprotkb
P46059,404,N-linked,uniprotkb
Q9P109,286,N-linked,uniprotkb
Q8NFQ8,286,N-linked,uniprotkb
Q99102,1243,O-linked,uniprotkb
Q4LDE5,3018,N-linked,uniprotkb
Q9NRM1,934,N-linked,uniprotkb
Q9BXP8,1408,N-linked,uniprotkb
Q6V1P9,2929,N-linked,uniprotkb
Q9NT68,1993,N-linked,uniprotkb
P78333,509,O-linked,uniprotkb
P51654,509,O-linked,uniprotkb
A6NKB5,572,N-linked,uniprotkb
Q14831,572,N-linked,uniprotkb
Q96RL6,55,N-linked,uniprotkb
Q9BXX0,55,N-linked,uniprotkb
Q6UX27,55,N-linked,uniprotkb
Q9Y661,178,N-linked,uniprotkb
Q8IY34,178,N-linked,uniprotkb
Q6ZMB0,77,N-linked,uniprotkb
Q9UM21,77,N-linked,uniprotkb
Q6ZRP7,77,N-linked,uniprotkb
Q14112,703,N-linked,uniprotkb
O43688,139,N-linked,uniprotkb
Q9NR61,393,N-linked,uniprotkb
Q8NCR9,83,N-linked,uniprotkb
O75144,137,N-linked,uniprotkb
Q7Z304,329,N-linked,uniprotkb
Q9NS75,20,N-linked,uniprotkb
O75487,494,O-linked,uniprotkb
Q99102,1332,O-linked,uniprotkb
Q9H4D0,342,N-linked,uniprotkb
P17927,1028,N-linked,uniprotkb
Q9UNP4,236,N-linked,uniprotkb
Q5T1H1,272,N-linked,uniprotkb
P40967,321,N-linked,uniprotkb
P38570,321,N-linked,uniprotkb
P17301,475,N-linked,uniprotkb
Q99102,1279,O-linked,uniprotkb
Q9Y5G3,541,N-linked,uniprotkb
Q9BZJ6,28,N-linked,uniprotkb
Q9BZ76,1073,N-linked,uniprotkb
Q9C0A0,1073,N-linked,uniprotkb
Q5VU65,304,N-linked,uniprotkb
Q86YC3,408,N-linked,uniprotkb
Q99645,283,N-linked,uniprotkb
O43451,1323,N-linked,uniprotkb
Q9Y5G3,73,N-linked,uniprotkb
Q14957,73,N-linked,uniprotkb
P55287,540,N-linked,uniprotkb
P32238,24,N-linked,uniprotkb
Q99571,208,N-linked,uniprotkb
Q12860,208,N-linked,uniprotkb
Q9BXI9,91,N-linked,uniprotkb
Q16827,278,N-linked,uniprotkb
Q9HC56,734,N-linked,uniprotkb
Q99941,676,N-linked,uniprotkb
P40933,127,N-linked,uniprotkb
P51884,127,N-linked,uniprotkb
O95157,127,N-linked,uniprotkb
Q9H1E1,127,N-linked,uniprotkb
Q8N1C3,127,N-linked,uniprotkb
Q96BF3,127,N-linked,uniprotkb
Q01668,155,N-linked,uniprotkb
Q9Y4D7,155,N-linked,uniprotkb
Q6Q8B3,39,N-linked,uniprotkb
Q9NPR2,630,N-linked,uniprotkb
Q15761,10,N-linked,uniprotkb
Q8TDS7,92,N-linked,uniprotkb
P60509,357,N-linked,uniprotkb
Q6ZMI3,357,N-linked,uniprotkb
Q9Y5K2,169,N-linked,uniprotkb
A4D0S4,169,N-linked,uniprotkb
Q04721,46,N-linked,uniprotkb
Q7Z3Q1,46,N-linked,uniprotkb
P54849,46,N-linked,uniprotkb
Q86V40,220,N-linked,uniprotkb
Q86V85,110,N-linked,uniprotkb
Q14392,345,N-linked,uniprotkb
Q8N967,117,N-linked,uniprotkb
Q86TH1,87,N-linked,uniprotkb
A0A0B4J244,87,N-linked,uniprotkb
P21589,53,N-linked,uniprotkb
Q5XG92,214,N-linked,uniprotkb
Q6UXM1,905,N-linked,uniprotkb
P30989,37,N-linked,uniprotkb
Q96T91,37,N-linked,uniprotkb
P78552,37,N-linked,uniprotkb
O94911,724,N-linked,uniprotkb
O43451,458,N-linked,uniprotkb
Q96LB9,113,N-linked,uniprotkb
Q8IWT1,113,N-linked,uniprotkb
Q6UXS0,58,N-linked,uniprotkb
Q8N370,58,N-linked,uniprotkb
P54219,58,N-linked,uniprotkb
Q86Y34,210,N-linked,uniprotkb
Q9UKQ2,602,N-linked,uniprotkb
P23471,602,N-linked,uniprotkb
P55291,531,N-linked,uniprotkb
P55285,49,N-linked,uniprotkb
Q9UBX8,307,N-linked,uniprotkb
Q7Z2D5,362,N-linked,uniprotkb
Q9H2H9,257,N-linked,uniprotkb
O75054,842,N-linked,uniprotkb
Q9HBT6,261,N-linked,uniprotkb
P78504,960,N-linked,uniprotkb
Q8TDX9,295,N-linked,uniprotkb
Q9GZU5,295,N-linked,uniprotkb
Q96EG1,215,N-linked,uniprotkb
Q6UXV0,103,N-linked,uniprotkb
Q13308,567,N-linked,uniprotkb
Q7L0J3,498,N-linked,uniprotkb
Q9NZW4,130,N-linked,uniprotkb
P04920,859,N-linked,uniprotkb
Q9UN66,437,N-linked,uniprotkb
Q5T601,437,N-linked,uniprotkb
Q96M19,7,N-linked,uniprotkb
P47211,7,N-linked,uniprotkb
P32239,7,N-linked,uniprotkb
Q99250,285,N-linked,uniprotkb
Q9BZ76,285,N-linked,uniprotkb
Q9BZG2,191,N-linked,uniprotkb
Q96RP8,191,N-linked,uniprotkb
Q96DR8,23,O-linked,uniprotkb
Q9HCL0,583,N-linked,uniprotkb
O75051,696,N-linked,uniprotkb
Q685J3,696,N-linked,uniprotkb
O60245,689,N-linked,uniprotkb
Q7Z7M9,912,N-linked,uniprotkb
Q9UNA0,728,N-linked,uniprotkb
Q9UHC6,1116,N-linked,uniprotkb
Q0VAQ4,16,O-linked,uniprotkb
Q7Z6M3,182,N-linked,uniprotkb
Q92484,238,N-linked,uniprotkb
P43004,216,N-linked,uniprotkb
P48664,216,N-linked,uniprotkb
P29275,153,N-linked,uniprotkb
P55087,153,N-linked,uniprotkb
Q9Y219,153,N-linked,uniprotkb
Q9ULW2,153,N-linked,uniprotkb
Q7RTX0,264,N-linked,uniprotkb
Q86TE4,264,N-linked,uniprotkb
P43121,56,N-linked,uniprotkb
P36269,303,N-linked,uniprotkb
Q99985,252,N-linked,uniprotkb
Q99624,252,N-linked,uniprotkb
Q9HCC8,442,N-linked,uniprotkb
Q8IZC6,271,N-linked,uniprotkb
Q12797,706,N-linked,uniprotkb
Q9NXG6,348,N-linked,uniprotkb
Q14494,348,N-linked,uniprotkb
Q8IZF2,505,N-linked,uniprotkb
Q9NZV5,505,N-linked,uniprotkb
Q9UJJ9,88,N-linked,uniprotkb
Q8NH16,88,N-linked,uniprotkb
O43570,162,N-linked,uniprotkb
Q9UGT4,162,N-linked,uniprotkb
Q86YD3,162,N-linked,uniprotkb
Q5IJ48,438,N-linked,uniprotkb
P82279,30,N-linked,uniprotkb
Q9NZH0,30,N-linked,uniprotkb
Q8TEM1,1039,N-linked,uniprotkb
Q8WWQ8,133,N-linked,uniprotkb
O75094,784,N-linked,uniprotkb
Q8TD84,513,N-linked,uniprotkb
A6NMS7,296,N-linked,uniprotkb
Q16769,296,N-linked,uniprotkb
P61565,99,N-linked,uniprotkb
Q6UVM3,99,N-linked,uniprotkb
P36952,99,N-linked,uniprotkb
P04275,99,N-linked,uniprotkb
P43121,418,N-linked,uniprotkb
P23471,997,O-linked,uniprotkb
O95450,251,N-linked,uniprotkb
Q99435,615,N-linked,uniprotkb
P15529,292,O-linked,uniprotkb
Q9UHL4,86,N-linked,uniprotkb
Q9H9P2,86,N-linked,uniprotkb
A0A0B4J241,86,N-linked,uniprotkb
Q15262,436,N-linked,uniprotkb
Q9BYT9,866,N-linked,uniprotkb
O94778,59,N-linked,uniprotkb
Q9ULV1,59,N-linked,uniprotkb
A6NL88,59,N-linked,uniprotkb
Q9C0I4,190,N-linked,uniprotkb
Q9UN76,202,N-linked,uniprotkb
P08581,202,N-linked,uniprotkb
O95477,1453,N-linked,uniprotkb
Q9HC84,1340,C-linked,uniprotkb
P09619,468,N-linked,uniprotkb
Q9P273,860,N-linked,uniprotkb
Q9H7L2,78,N-linked,uniprotkb
O43320,78,N-linked,uniprotkb
Q8IVL6,331,N-linked,uniprotkb
Q96BA8,492,N-linked,uniprotkb
P60508,177,N-linked,uniprotkb
P42081,177,N-linked,uniprotkb
Q8N135,177,N-linked,uniprotkb
P54803,143,N-linked,uniprotkb
Q5VV43,394,N-linked,uniprotkb
Q96RV3,394,N-linked,uniprotkb
Q6UXD5,176,N-linked,uniprotkb
P30531,176,N-linked,uniprotkb
Q9UKN1,176,N-linked,uniprotkb
Q9Y4D7,1257,N-linked,uniprotkb
Q86X52,623,N-linked,uniprotkb
Q9GZP7,198,N-linked,uniprotkb
P21810,198,O-linked,uniprotkb
Q6ZN44,107,N-linked,uniprotkb
P40200,107,N-linked,uniprotkb
Q13291,150,N-linked,uniprotkb
Q9NP80,361,N-linked,uniprotkb
Q8N8Z6,455,N-linked,uniprotkb
Q13291,57,N-linked,uniprotkb
P78562,736,N-linked,uniprotkb
Q9H1V8,186,N-linked,uniprotkb
Q6UY09,105,N-linked,uniprotkb
Q16572,89,N-linked,uniprotkb
B3SHH9,89,N-linked,uniprotkb
P43121,544,N-linked,uniprotkb
Q16819,222,N-linked,uniprotkb
Q9H1U4,500,N-linked,uniprotkb
Q9NSA2,352,N-linked,uniprotkb
O95980,352,N-linked,uniprotkb
P30968,102,N-linked,uniprotkb
Q96S37,102,N-linked,uniprotkb
P59510,1061,N-linked,uniprotkb
Q92823,1019,N-linked,uniprotkb
O75200,111,N-linked,uniprotkb
P40967,111,N-linked,uniprotkb
P14679,111,N-linked,uniprotkb
Q8NGN6,3,N-linked,uniprotkb
O15394,219,N-linked,uniprotkb
A6NMZ7,520,N-linked,uniprotkb
Q96MS0,34,N-linked,uniprotkb
Q96DR8,34,O-linked,uniprotkb
P08F94,1779,N-linked,uniprotkb
Q9H3W5,522,N-linked,uniprotkb
O75762,747,N-linked,uniprotkb
P17927,1763,N-linked,uniprotkb
Q9H239,355,N-linked,uniprotkb
P43121,508,N-linked,uniprotkb
Q9H159,508,N-linked,uniprotkb
O95631,116,N-linked,uniprotkb
Q8IX30,685,N-linked,uniprotkb
O60469,470,N-linked,uniprotkb
Q92752,470,N-linked,uniprotkb
O95754,64,N-linked,uniprotkb
Q9Y2A9,64,N-linked,uniprotkb
O60486,653,N-linked,uniprotkb
A1A5B4,690,N-linked,uniprotkb
Q9H2Y9,228,N-linked,uniprotkb
Q13349,732,N-linked,uniprotkb
P60508,332,N-linked,uniprotkb
Q5DID0,335,N-linked,uniprotkb
Q6WRI0,999,N-linked,uniprotkb
Q6UXM1,999,N-linked,uniprotkb
Q13634,536,N-linked,uniprotkb
Q13591,536,N-linked,uniprotkb
P21439,97,N-linked,uniprotkb
Q9HBE5,97,N-linked,uniprotkb
Q9NZR2,4017,N-linked,uniprotkb
Q96RW7,2155,N-linked,uniprotkb
Q9UQV4,200,N-linked,uniprotkb
O60449,1320,N-linked,uniprotkb
O60449,135,N-linked,uniprotkb
Q8N4T0,427,N-linked,uniprotkb
Q9HCU0,640,O-linked,uniprotkb
Q04118,192,N-linked,uniprotkb
Q8WWQ8,1437,N-linked,uniprotkb
Q99571,199,N-linked,uniprotkb
Q9H6L2,199,N-linked,uniprotkb
Q13046,199,N-linked,uniprotkb
P55289,537,N-linked,uniprotkb
Q9ULB1,1223,N-linked,uniprotkb
Q9Y3Q7,76,N-linked,uniprotkb
A0A589,76,N-linked,uniprotkb
P30408,129,N-linked,uniprotkb
P37023,98,N-linked,uniprotkb
Q8TAV5,98,N-linked,uniprotkb
Q9UKU6,845,N-linked,uniprotkb
Q9BY21,25,N-linked,uniprotkb
Q14314,25,N-linked,uniprotkb
P08F94,1234,N-linked,uniprotkb
Q9UHN6,1234,N-linked,uniprotkb
Q99677,15,N-linked,uniprotkb
Q15077,5,N-linked,uniprotkb
Q8NGJ1,5,N-linked,uniprotkb
Q8IXE1,5,N-linked,uniprotkb
Q8NGB9,5,N-linked,uniprotkb
P21728,5,N-linked,uniprotkb
P35367,5,N-linked,uniprotkb
Q8NGS9,5,N-linked,uniprotkb
Q8NG92,5,N-linked,uniprotkb
Q8NH55,5,N-linked,uniprotkb
P30939,5,N-linked,uniprotkb
P34982,5,N-linked,uniprotkb
Q8NGL0,5,N-linked,uniprotkb
Q8NGL2,5,N-linked,uniprotkb
Q8NGX5,5,N-linked,uniprotkb
Q8NH50,5,N-linked,uniprotkb
Q8NGN1,5,N-linked,uniprotkb
O76099,5,N-linked,uniprotkb
Q6W4X9,268,N-linked,uniprotkb
Q13046,268,N-linked,uniprotkb
Q16557,268,N-linked,uniprotkb
P11464,61,N-linked,uniprotkb
Q5SY80,61,N-linked,uniprotkb
Q8IY34,61,N-linked,uniprotkb
Q9Y226,61,N-linked,uniprotkb
Q9NS93,61,N-linked,uniprotkb
O43497,246,N-linked,uniprotkb
Q99983,242,N-linked,uniprotkb
P41181,123,N-linked,uniprotkb
P53708,753,N-linked,uniprotkb
Q96MS0,820,N-linked,uniprotkb
Q9HCU4,1212,N-linked,uniprotkb
O60637,152,N-linked,uniprotkb
Q9BXJ1,93,N-linked,uniprotkb
Q9H3Q3,132,N-linked,uniprotkb
Q15198,132,N-linked,uniprotkb
Q9Y4D7,188,N-linked,uniprotkb
Q01974,188,N-linked,uniprotkb
P18627,188,N-linked,uniprotkb
Q9HCU4,486,N-linked,uniprotkb
Q8NGG6,189,N-linked,uniprotkb
Q14956,312,N-linked,uniprotkb
Q9NYK1,720,N-linked,uniprotkb
Q99102,2510,O-linked,uniprotkb
Q6XZB0,396,N-linked,uniprotkb
P09758,120,N-linked,uniprotkb
Q8IUA7,120,N-linked,uniprotkb
O75339,1000,N-linked,uniprotkb
P55344,62,N-linked,uniprotkb
Q8WUJ3,921,N-linked,uniprotkb
Q9Y5H1,545,N-linked,uniprotkb
P16278,545,N-linked,uniprotkb
Q03167,545,O-linked,uniprotkb
Q14392,545,N-linked,uniprotkb
P26951,212,N-linked,uniprotkb
Q68CJ9,410,N-linked,uniprotkb
Q8IZF2,666,N-linked,uniprotkb
P32942,101,N-linked,uniprotkb
Q16609,101,N-linked,uniprotkb
Q5VY80,68,N-linked,uniprotkb
Q7RTX0,380,N-linked,uniprotkb
P32971,81,N-linked,uniprotkb
Q9Y2T5,2,N-linked,uniprotkb
P60509,140,N-linked,uniprotkb
Q9UBG0,140,N-linked,uniprotkb
Q9NRM1,245,N-linked,uniprotkb
Q9UQC9,74,N-linked,uniprotkb
P22792,74,N-linked,uniprotkb
P0DTW3,74,N-linked,uniprotkb
Q99985,465,N-linked,uniprotkb
P32927,346,N-linked,uniprotkb
O14511,346,N-linked,uniprotkb
P16278,542,N-linked,uniprotkb
Q92859,326,N-linked,uniprotkb
P23219,67,N-linked,uniprotkb
P14616,885,N-linked,uniprotkb
Q9NS75,26,N-linked,uniprotkb
Q9Y5Y9,1328,N-linked,uniprotkb
O75900,316,N-linked,uniprotkb
Q8N8Z6,277,N-linked,uniprotkb
P39086,446,N-linked,uniprotkb
Q49SQ1,12,N-linked,uniprotkb
O43506,479,N-linked,uniprotkb
Q16478,372,N-linked,uniprotkb
Q9UKF2,473,N-linked,uniprotkb
P13945,8,N-linked,uniprotkb
Q9UJ42,8,N-linked,uniprotkb
Q8TCB6,8,N-linked,uniprotkb
P28827,681,N-linked,uniprotkb
Q6UW63,302,N-linked,uniprotkb
Q00889,302,N-linked,uniprotkb
P15529,302,O-linked,uniprotkb
Q9H2C8,18,N-linked,uniprotkb
O00391,575,N-linked,uniprotkb
Q8N387,218,N-linked,uniprotkb
Q8TD46,218,N-linked,uniprotkb
Q9HBW1,450,N-linked,uniprotkb
P16070,599,N-linked,uniprotkb
Q9UP79,599,N-linked,uniprotkb
P26010,665,N-linked,uniprotkb
Q9UHL4,363,N-linked,uniprotkb
Q8IWV2,954,N-linked,uniprotkb
P05538,51,N-linked,uniprotkb
P80108,501,N-linked,uniprotkb
Q3T906,729,N-linked,uniprotkb
P00451,1274,N-linked,uniprotkb
Q6UW56,157,N-linked,uniprotkb
Q96RW7,809,N-linked,uniprotkb
Q5FYB0,318,N-linked,uniprotkb
P43146,318,N-linked,uniprotkb
Q5XG92,388,N-linked,uniprotkb
Q08629,388,O-linked,uniprotkb
P0CG36,52,N-linked,uniprotkb
P11678,52,N-linked,uniprotkb
Q96DR8,52,O-linked,uniprotkb
P26010,477,N-linked,uniprotkb
Q695T7,354,N-linked,uniprotkb
Q9NPA1,131,N-linked,uniprotkb
Q8TEM1,1362,N-linked,uniprotkb
P07949,343,N-linked,uniprotkb
Q9UBR2,224,N-linked,uniprotkb
Q13316,351,N-linked,uniprotkb
Q14517,998,N-linked,uniprotkb
Q9H159,534,N-linked,uniprotkb
Q05996,122,N-linked,uniprotkb
O14514,692,N-linked,uniprotkb
O00754,692,N-linked,uniprotkb
Q92187,119,N-linked,uniprotkb
O43825,119,N-linked,uniprotkb
P35503,119,N-linked,uniprotkb
Q13822,807,N-linked,uniprotkb
P39059,807,N-linked,uniprotkb
Q9NST1,280,N-linked,uniprotkb
Q92959,134,N-linked,uniprotkb
Q9NPD5,134,N-linked,uniprotkb
Q96RQ9,134,N-linked,uniprotkb
P35556,2225,N-linked,uniprotkb
Q96MU8,293,N-linked,uniprotkb
P11047,1022,N-linked,uniprotkb
Q99102,1022,O-linked,uniprotkb
Q03431,166,N-linked,uniprotkb
Q6JVE9,66,N-linked,uniprotkb
Q96B86,114,N-linked,uniprotkb
P15692,281,N-linked,uniprotkb
Q96DU3,144,N-linked,uniprotkb
P23229,770,N-linked,uniprotkb
Q9UGM3,737,N-linked,uniprotkb
Q99102,1727,O-linked,uniprotkb
Q9UBP4,96,N-linked,uniprotkb
P07942,1195,N-linked,uniprotkb
Q04900,72,N-linked,uniprotkb
P27930,72,N-linked,uniprotkb
Q86SP6,11,N-linked,uniprotkb
P34972,11,N-linked,uniprotkb
Q99983,187,N-linked,uniprotkb
Q496F6,154,N-linked,uniprotkb
O75752,154,N-linked,uniprotkb
P0C854,148,N-linked,uniprotkb
O75900,148,N-linked,uniprotkb
P32942,389,N-linked,uniprotkb
Q9UKY3,80,N-linked,uniprotkb
Q9UMF0,796,N-linked,uniprotkb
Q5SY80,796,N-linked,uniprotkb
Q6UXM1,274,N-linked,uniprotkb
Q96QD8,274,N-linked,uniprotkb
O14894,138,N-linked,uniprotkb
Q6UWY5,138,N-linked,uniprotkb
Q96Q04,1405,N-linked,uniprotkb
Q8WXD0,378,N-linked,uniprotkb
Q9NP99,194,N-linked,uniprotkb
P41231,9,N-linked,uniprotkb
P08922,1015,N-linked,uniprotkb
O95897,310,N-linked,uniprotkb
Q8TE56,832,N-linked,uniprotkb
Q9BYH1,514,N-linked,uniprotkb
Q96TA0,514,N-linked,uniprotkb
Q902F9,461,N-linked,uniprotkb
Q99102,2564,O-linked,uniprotkb
Q8N307,616,N-linked,uniprotkb
Q8IWK6,301,N-linked,uniprotkb
Q9GZV3,301,N-linked,uniprotkb
Q99102,1115,O-linked,uniprotkb
P16389,207,N-linked,uniprotkb
O95084,207,N-linked,uniprotkb
O94898,571,N-linked,uniprotkb
Q9H3R1,226,N-linked,uniprotkb
Q86Y38,226,N-linked,uniprotkb
P14770,60,N-linked,uniprotkb
P11047,60,N-linked,uniprotkb
P54289,675,N-linked,uniprotkb
Q9Y5G4,419,N-linked,uniprotkb
Q9H2U9,84,N-linked,uniprotkb
Q9UBX8,84,N-linked,uniprotkb
Q99102,2356,O-linked,uniprotkb
Q13753,942,N-linked,uniprotkb
P60507,308,N-linked,uniprotkb
O75023,339,N-linked,uniprotkb
Q9NY46,339,N-linked,uniprotkb
P17181,376,N-linked,uniprotkb
Q86XX4,1978,N-linked,uniprotkb
Q9HBT6,420,N-linked,uniprotkb
Q8TAB3,420,N-linked,uniprotkb
Q8NAC3,420,N-linked,uniprotkb
P20742,392,N-linked,uniprotkb
Q9H159,516,N-linked,uniprotkb
Q92542,417,N-linked,uniprotkb
P54219,104,N-linked,uniprotkb
Q5ZPR3,104,N-linked,uniprotkb
P13674,259,N-linked,uniprotkb
Q86YL7,65,O-linked,uniprotkb
Q96E93,65,N-linked,uniprotkb
Q17RR3,125,N-linked,uniprotkb
Q9H0B8,27,N-linked,uniprotkb
Q8WUJ3,889,N-linked,uniprotkb
Q8IWY4,750,N-linked,uniprotkb
Q9NR99,1403,N-linked,uniprotkb
Q9BYH1,474,N-linked,uniprotkb
Q12836,474,N-linked,uniprotkb
O15394,474,N-linked,uniprotkb
O75077,547,N-linked,uniprotkb
Q14416,547,N-linked,uniprotkb
P35225,63,N-linked,uniprotkb
Q7LGC8,63,N-linked,uniprotkb
O60779,63,N-linked,uniprotkb
Q8N386,44,N-linked,uniprotkb
Q16478,478,N-linked,uniprotkb
P28221,17,N-linked,uniprotkb
O95498,347,N-linked,uniprotkb
Q9NQ90,856,N-linked,uniprotkb
P24855,128,N-linked,uniprotkb
Q8NBT3,444,N-linked,uniprotkb
Q13641,275,N-linked,uniprotkb
P24592,145,O-linked,uniprotkb
P63136,554,N-linked,uniprotkb
Q9HBW1,447,N-linked,uniprotkb
Q9H244,6,N-linked,uniprotkb
Q9GZK6,6,N-linked,uniprotkb
P61565,506,N-linked,uniprotkb
Q04844,161,N-linked,uniprotkb
Q03431,161,N-linked,uniprotkb
P14679,161,N-linked,uniprotkb
Q6ZNF0,350,N-linked,uniprotkb
Q9BZC7,484,N-linked,uniprotkb
Q496J9,484,N-linked,uniprotkb
Q13698,1141,N-linked,uniprotkb
Q9HBU9,4,N-linked,uniprotkb
P0DMS8,4,N-linked,uniprotkb
Q9Y5Y4,4,N-linked,uniprotkb
Q6U736,4,N-linked,uniprotkb
Q6FHJ7,38,N-linked,uniprotkb
A0A0B4J238,38,N-linked,uniprotkb
Q6EBC2,100,N-linked,uniprotkb
Q3MIR4,75,N-linked,uniprotkb
B8ZZ34,75,N-linked,uniprotkb
Q8WZ71,75,N-linked,uniprotkb
O60241,106,N-linked,uniprotkb
Q9NYQ8,1175,N-linked,uniprotkb
O76024,661,N-linked,uniprotkb
Q9H3Q3,287,N-linked,uniprotkb
Q5H8C1,1566,N-linked,uniprotkb
P39059,324,N-linked,uniprotkb
P23471,324,N-linked,uniprotkb
Q96PZ7,686,N-linked,uniprotkb
P23467,598,N-linked,uniprotkb
P04114,4431,N-linked,uniprotkb
Q9H251,472,N-linked,uniprotkb
Q5KU26,159,N-linked,uniprotkb
Q8WWB7,159,N-linked,uniprotkb
Q9H3T3,462,N-linked,uniprotkb
Q9NR61,205,N-linked,uniprotkb
Q9H8L6,205,N-linked,uniprotkb
Q6X4U4,47,N-linked,uniprotkb
Q14767,1309,N-linked,uniprotkb
Q9Y2C9,253,N-linked,uniprotkb
Q14956,146,N-linked,uniprotkb
Q8WWV6,167,N-linked,uniprotkb
Q86XT9,167,N-linked,uniprotkb
Q16549,167,N-linked,uniprotkb
Q14CZ8,167,N-linked,uniprotkb
Q96GW7,337,N-linked,uniprotkb
P56199,915,N-linked,uniprotkb
Q86Z14,211,N-linked,uniprotkb
Q9BYE9,29,N-linked,uniprotkb
O00339,221,N-linked,uniprotkb
Q99706,175,N-linked,uniprotkb
P0DPD8,279,N-linked,uniprotkb
O60706,333,N-linked,uniprotkb
Q16880,333,N-linked,uniprotkb
Q4KMQ2,802,N-linked,uniprotkb
Q9ULB4,255,N-linked,uniprotkb
P41217,95,N-linked,uniprotkb
Q9BYE9,300,N-linked,uniprotkb
P40126,300,N-linked,uniprotkb
O60494,428,N-linked,uniprotkb
O43895,291,N-linked,uniprotkb
Q96H15,291,N-linked,uniprotkb
P35968,619,N-linked,uniprotkb
Q99102,1838,O-linked,uniprotkb
Q07444,149,N-linked,uniprotkb
Q9HC84,401,N-linked,uniprotkb
Q9NRM6,156,N-linked,uniprotkb
P46663,185,N-linked,uniprotkb
P98161,1867,N-linked,uniprotkb
O75309,517,N-linked,uniprotkb
Q9NSD7,36,N-linked,uniprotkb
O95502,42,N-linked,uniprotkb
P04114,1377,N-linked,uniprotkb
Q9NYV7,163,N-linked,uniprotkb
Q9NY37,163,N-linked,uniprotkb
Q9NZU1,305,N-linked,uniprotkb
Q99102,3412,O-linked,uniprotkb
Q9NQ36,659,N-linked,uniprotkb
Q99102,2287,O-linked,uniprotkb
Q9P273,2576,N-linked,uniprotkb
Q9NZR2,3164,N-linked,uniprotkb
P98161,2994,N-linked,uniprotkb
Q99102,4023,O-linked,uniprotkb
Q86UK0,2223,N-linked,uniprotkb
Q7Z408,2223,N-linked,uniprotkb
Q99102,3876,O-linked,uniprotkb
Q99102,2955,O-linked,uniprotkb
A2VEC9,2134,N-linked,uniprotkb
Q99102,3167,O-linked,uniprotkb
Q99102,3158,O-linked,uniprotkb
Q7Z408,2971,N-linked,uniprotkb
A2VEC9,4866,N-linked,uniprotkb
Q14517,3324,N-linked,uniprotkb
Q6V0I7,2387,N-linked,uniprotkb
Q96RW7,4491,N-linked,uniprotkb
P98088,5377,N-linked,uniprotkb
Q8WXI7,12860,N-linked,uniprotkb
Q8WXI7,8055,N-linked,uniprotkb
Q8WXI7,13053,N-linked,uniprotkb
Q8WXI7,8618,N-linked,uniprotkb
O75445,3419,N-linked,uniprotkb
Q16787,2365,N-linked,uniprotkb
Q99102,1451,O-linked,uniprotkb
Q99102,2180,O-linked,uniprotkb
Q96PZ7,2394,N-linked,uniprotkb
Q99102,3743,O-linked,uniprotkb
Q99102,4164,O-linked,uniprotkb
Q99102,2191,O-linked,uniprotkb
A2VEC9,4348,N-linked,uniprotkb
Q99102,2004,O-linked,uniprotkb
Q02817,1820,N-linked,uniprotkb
Q99102,3220,O-linked,uniprotkb
O94911,1435,N-linked,uniprotkb
P23467,1518,N-linked,uniprotkb
Q9NZR2,1754,N-linked,uniprotkb
P98161,1791,N-linked,uniprotkb
O94911,967,N-linked,uniprotkb
Q99102,4239,O-linked,uniprotkb
O75445,2788,N-linked,uniprotkb
Q9HC84,1509,C-linked,uniprotkb
Q9HC84,4006,N-linked,uniprotkb
P08922,1461,N-linked,uniprotkb
P98161,1880,N-linked,uniprotkb
O75445,2322,N-linked,uniprotkb
Q7Z407,1536,N-linked,uniprotkb
Q96RW7,4029,N-linked,uniprotkb
Q99102,2927,O-linked,uniprotkb
P09848,1814,N-linked,uniprotkb
Q07954,1733,N-linked,uniprotkb
P15941,957,N-linked,uniprotkb
Q96PZ7,1399,N-linked,uniprotkb
Q9UMR5,245,N-linked,uniprotkb
Q9UBR2,184,N-linked,uniprotkb
Q99467,402,N-linked,uniprotkb
Q8NHP8,515,N-linked,uniprotkb
Q9P2B2,286,N-linked,uniprotkb
P16112,1567,O-linked,uniprotkb
Q14953,178,N-linked,uniprotkb
O15455,636,N-linked,uniprotkb
Q92954,805,O-linked,uniprotkb
P19835,579,O-linked,uniprotkb
Q6ZMJ2,254,N-linked,uniprotkb
P13688,254,N-linked,uniprotkb
Q02383,272,N-linked,uniprotkb
P05556,481,N-linked,uniprotkb
Q92954,408,O-linked,uniprotkb
Q13308,283,N-linked,uniprotkb
P05231,73,N-linked,uniprotkb
Q08722,73,N-linked,uniprotkb
Q9Y337,208,N-linked,uniprotkb
P05154,39,O-linked,uniprotkb
O60676,39,N-linked,uniprotkb
P06213,445,N-linked,uniprotkb
Q9BX73,92,N-linked,uniprotkb
O75056,110,O-linked,uniprotkb
Q9NX78,568,N-linked,uniprotkb
P29973,325,N-linked,uniprotkb
Q13219,601,N-linked,uniprotkb
P19827,588,N-linked,uniprotkb
O95998,53,O-linked,uniprotkb
Q14766,1059,O-linked,uniprotkb
O43280,239,N-linked,uniprotkb
P16150,113,O-linked,uniprotkb
A0A1B0GVY4,58,N-linked,uniprotkb
Q9GZM5,334,O-linked,uniprotkb
O14786,261,N-linked,uniprotkb
P11279,261,N-linked,uniprotkb
Q99784,103,N-linked,uniprotkb
P19652,103,N-linked,uniprotkb
A0A075B6N3,103,N-linked,uniprotkb
O95497,130,N-linked,uniprotkb
P51164,130,N-linked,uniprotkb
O14638,594,N-linked,uniprotkb
P25092,79,N-linked,uniprotkb
Q14126,182,N-linked,uniprotkb
P13688,182,N-linked,uniprotkb
P15018,56,N-linked,uniprotkb
P33151,442,N-linked,uniprotkb
P54289,348,N-linked,uniprotkb
Q8NFT8,223,N-linked,uniprotkb
P20916,223,N-linked,uniprotkb
P01266,1220,N-linked,uniprotkb
P11362,296,N-linked,uniprotkb
P16150,99,O-linked,uniprotkb
Q9P0K1,519,N-linked,uniprotkb
P27918,86,C-linked,uniprotkb
Q8NHP8,436,N-linked,uniprotkb
P10643,202,N-linked,uniprotkb
Q16706,78,N-linked,uniprotkb
Q96FE5,492,N-linked,uniprotkb
P05156,177,N-linked,uniprotkb
P80370,143,O-linked,uniprotkb
P02765,176,N-linked,uniprotkb
Q86XS8,40,N-linked,uniprotkb
P24855,40,N-linked,uniprotkb
O75882,623,N-linked,uniprotkb
Q13286,85,N-linked,uniprotkb
Q8IWU5,198,N-linked,uniprotkb
Q95460,107,N-linked,uniprotkb
P23471,105,N-linked,uniprotkb
P33681,89,N-linked,uniprotkb
P10721,352,N-linked,uniprotkb
P05155,352,N-linked,uniprotkb
P38484,219,N-linked,uniprotkb
O43173,206,N-linked,uniprotkb
P48357,206,N-linked,uniprotkb
Q9UGT4,522,N-linked,uniprotkb
P51671,94,O-linked,uniprotkb
Q92859,470,N-linked,uniprotkb
P18564,387,N-linked,uniprotkb
Q92954,240,O-linked,uniprotkb
P12314,195,N-linked,uniprotkb
P13611,1959,O-linked,uniprotkb
P51888,124,N-linked,uniprotkb
O75129,783,N-linked,uniprotkb
Q6P1J6,783,N-linked,uniprotkb
Q68CJ9,427,N-linked,uniprotkb
Q12913,413,N-linked,uniprotkb
Q92542,612,N-linked,uniprotkb
Q14766,937,O-linked,uniprotkb
P55344,61,C-linked,uniprotkb
Q9H0X4,314,N-linked,uniprotkb
P06731,152,N-linked,uniprotkb
Q96DR5,132,N-linked,uniprotkb
Q8TAX7,188,O-linked,uniprotkb
Q8IUK5,33,O-linked,uniprotkb
P56199,966,N-linked,uniprotkb
P08571,151,N-linked,uniprotkb
Q9NR71,151,N-linked,uniprotkb
P07357,545,C-linked,uniprotkb
Q6P1J6,1055,N-linked,uniprotkb
P05107,212,N-linked,uniprotkb
P01023,410,N-linked,uniprotkb
Q8NDA2,2009,N-linked,uniprotkb
P01033,101,N-linked,uniprotkb
P04626,68,N-linked,uniprotkb
P11229,2,N-linked,uniprotkb
Q9BVG9,181,N-linked,uniprotkb
Q5IJ48,267,O-linked,uniprotkb
P05362,267,N-linked,uniprotkb
P16150,26,O-linked,uniprotkb
P35475,372,N-linked,uniprotkb
P07359,473,O-linked,uniprotkb
P13611,2723,O-linked,uniprotkb
P35354,580,N-linked,uniprotkb
P51888,327,N-linked,uniprotkb
Q5VWK5,141,N-linked,uniprotkb
Q92954,502,O-linked,uniprotkb
Q07954,729,N-linked,uniprotkb
P07996,441,C-linked,uniprotkb
P04233,203,O-linked,uniprotkb
Q13478,203,N-linked,uniprotkb
P13688,351,N-linked,uniprotkb
Q9BRN9,122,N-linked,uniprotkb
Q6P179,119,N-linked,uniprotkb
Q07108,166,N-linked,uniprotkb
O60939,66,N-linked,uniprotkb
P03986,66,N-linked,uniprotkb
Q9UHI7,144,N-linked,uniprotkb
P00450,926,N-linked,uniprotkb
Q96AY3,407,N-linked,uniprotkb
Q5ZPR3,407,N-linked,uniprotkb
A0A075B6N4,72,N-linked,uniprotkb
O15230,2423,N-linked,uniprotkb
Q99784,187,N-linked,uniprotkb
P07498,148,O-linked,uniprotkb
P06731,274,N-linked,uniprotkb
Q6P1J6,173,N-linked,uniprotkb
Q9UHC9,138,N-linked,uniprotkb
P10451,138,O-linked,uniprotkb
P08572,138,N-linked,uniprotkb
Q03591,194,N-linked,uniprotkb
Q9H488,160,N-linked,uniprotkb
Q02817,894,N-linked,uniprotkb
Q8NDA2,2290,N-linked,uniprotkb
Q15762,90,N-linked,uniprotkb
Q8TCJ2,616,N-linked,uniprotkb
P06731,115,N-linked,uniprotkb
P13473,317,N-linked,uniprotkb
Q6H3X3,82,N-linked,uniprotkb
Q9H330,551,N-linked,uniprotkb
Q08380,551,N-linked,uniprotkb
P40225,22,O-linked,uniprotkb
P20702,392,N-linked,uniprotkb
P16150,41,O-linked,uniprotkb
Q5T6X5,259,N-linked,uniprotkb
P30988,125,N-linked,uniprotkb
Q8NER1,604,N-linked,uniprotkb
Q8NDA2,547,N-linked,uniprotkb
P31431,63,O-linked,uniprotkb
Q9UHL4,50,N-linked,uniprotkb
P36268,511,N-linked,uniprotkb
Q16610,444,N-linked,uniprotkb
A6NMZ7,275,N-linked,uniprotkb
Q96T83,145,N-linked,uniprotkb
Q9HB03,6,N-linked,uniprotkb
P01266,1348,N-linked,uniprotkb
Q7Z5L7,299,N-linked,uniprotkb
P04066,241,N-linked,uniprotkb
Q13433,241,N-linked,uniprotkb
P01876,106,O-linked,uniprotkb
P31785,159,N-linked,uniprotkb
P00750,483,N-linked,uniprotkb
P79483,48,N-linked,uniprotkb
O43462,337,N-linked,uniprotkb
P00738,211,N-linked,uniprotkb
P16150,29,O-linked,uniprotkb
Q9NTU7,29,N-linked,uniprotkb
P56199,1008,N-linked,uniprotkb
P07686,142,N-linked,uniprotkb
Q99102,255,N-linked,uniprotkb
Q6ZN44,248,C-linked,uniprotkb
O75976,955,N-linked,uniprotkb
Q02817,1269,O-linked,uniprotkb
Q9UK55,36,N-linked,uniprotkb
P04921,42,O-linked,uniprotkb
P07359,400,O-linked,uniprotkb
Q07075,773,N-linked,uniprotkb
P08571,323,N-linked,uniprotkb
P23229,323,N-linked,uniprotkb
Q8NDA2,4082,N-linked,uniprotkb
P98088,4296,O-linked,uniprotkb
P20742,1430,N-linked,uniprotkb
P04114,2779,N-linked,uniprotkb
Q02817,1292,O-linked,uniprotkb
P01266,1365,N-linked,uniprotkb
Q99102,5192,N-linked,uniprotkb
Q5VTL7,230,N-linked,uniprotkb
Q86XM0,230,N-linked,uniprotkb
Q5JZY3,311,N-linked,uniprotkb
P43630,179,N-linked,uniprotkb
P98073,179,N-linked,uniprotkb
P56199,402,N-linked,uniprotkb
Q8IZF2,328,N-linked,uniprotkb
Q8WWQ8,449,N-linked,uniprotkb
Q9ULB5,449,N-linked,uniprotkb
Q9NRB3,370,N-linked,uniprotkb
Q9N2J8,370,N-linked,uniprotkb
Q9NTG1,939,N-linked,uniprotkb
Q6N022,2646,N-linked,uniprotkb
P82279,1243,N-linked,uniprotkb
O60494,3125,N-linked,uniprotkb
Q99102,2676,O-linked,uniprotkb
Q86XX4,2664,N-linked,uniprotkb
Q9UKN1,5264,N-linked,uniprotkb
P42702,572,N-linked,uniprotkb
Q9NRA1,55,N-linked,uniprotkb
P43628,178,N-linked,uniprotkb
Q99985,586,N-linked,uniprotkb
P18084,586,N-linked,uniprotkb
Q7Z553,703,N-linked,uniprotkb
Q9BZJ3,139,N-linked,uniprotkb
Q14162,393,N-linked,uniprotkb
Q9UBG0,1029,N-linked,uniprotkb
P56706,83,N-linked,uniprotkb
P51512,83,N-linked,uniprotkb
Q9NXL6,83,N-linked,uniprotkb
Q9ULZ9,137,N-linked,uniprotkb
Q9UJA9,329,N-linked,uniprotkb
Q4KMQ2,329,N-linked,uniprotkb
Q9Y662,329,N-linked,uniprotkb
Q86SJ2,384,N-linked,uniprotkb
Q9BXX0,510,N-linked,uniprotkb
Q96TA0,383,N-linked,uniprotkb
Q13753,342,N-linked,uniprotkb
Q9NZR2,1983,N-linked,uniprotkb
Q96PZ7,1034,N-linked,uniprotkb
Q00889,386,N-linked,uniprotkb
Q9UN72,254,N-linked,uniprotkb
Q9BRK3,306,N-linked,uniprotkb
Q92824,1497,N-linked,uniprotkb
Q10981,282,N-linked,uniprotkb
Q8TBB6,282,N-linked,uniprotkb
Q86X19,13,N-linked,uniprotkb
Q07954,1154,N-linked,uniprotkb
Q96K49,272,N-linked,uniprotkb
Q16288,272,N-linked,uniprotkb
Q9HC56,368,N-linked,uniprotkb
P55268,368,N-linked,uniprotkb
P36537,481,N-linked,uniprotkb
Q13201,541,N-linked,uniprotkb
Q14003,320,N-linked,uniprotkb
O15218,28,N-linked,uniprotkb
O60469,28,N-linked,uniprotkb
Q6UXZ3,28,N-linked,uniprotkb
P30988,28,N-linked,uniprotkb
O75976,626,N-linked,uniprotkb
Q14524,283,N-linked,uniprotkb
Q9NY47,540,N-linked,uniprotkb
Q8IZF2,540,N-linked,uniprotkb
P51674,208,N-linked,uniprotkb
O43493,208,N-linked,uniprotkb
P51993,91,N-linked,uniprotkb
Q13003,278,N-linked,uniprotkb
P43630,273,N-linked,uniprotkb
Q9Y6M0,273,N-linked,uniprotkb
P0C6S8,127,N-linked,uniprotkb
Q9HBW9,127,N-linked,uniprotkb
Q14626,127,N-linked,uniprotkb
P41732,155,N-linked,uniprotkb
A0A0B4J240,39,N-linked,uniprotkb
O75096,901,N-linked,uniprotkb
Q9BXF9,10,O-linked,uniprotkb
P10747,92,N-linked,uniprotkb
Q12891,357,N-linked,uniprotkb
O60909,357,N-linked,uniprotkb
O43490,220,N-linked,uniprotkb
Q29980,220,N-linked,uniprotkb
Q86UK5,220,N-linked,uniprotkb
P13284,108,N-linked,uniprotkb
Q6UWY0,108,N-linked,uniprotkb
P48960,108,N-linked,uniprotkb
Q6P995,108,N-linked,uniprotkb
P01893,110,N-linked,uniprotkb
Q92561,325,N-linked,uniprotkb
Q9NPY3,325,N-linked,uniprotkb
Q9H2X0,365,N-linked,uniprotkb
P19320,365,N-linked,uniprotkb
Q9Y663,344,N-linked,uniprotkb
P14616,634,N-linked,uniprotkb
Q6UWN0,117,N-linked,uniprotkb
P12645,117,N-linked,uniprotkb
O95972,87,N-linked,uniprotkb
Q8NGE2,87,N-linked,uniprotkb
P16234,353,N-linked,uniprotkb
P21926,53,N-linked,uniprotkb
Q8TED4,53,N-linked,uniprotkb
Q92896,165,N-linked,uniprotkb
Q8NBJ9,165,N-linked,uniprotkb
Q9H5K3,165,N-linked,uniprotkb
Q14524,214,N-linked,uniprotkb
P35499,214,N-linked,uniprotkb
Q8NFL0,214,N-linked,uniprotkb
Q9BZM4,37,N-linked,uniprotkb
O95025,724,N-linked,uniprotkb
Q9BYH1,458,N-linked,uniprotkb
Q5T1H1,269,N-linked,uniprotkb
Q6UXZ0,58,N-linked,uniprotkb
P0C7U0,210,N-linked,uniprotkb
O15389,210,N-linked,uniprotkb
Q29980,210,N-linked,uniprotkb
Q96FE5,526,N-linked,uniprotkb
W5XKT8,243,N-linked,uniprotkb
Q8NFM4,704,N-linked,uniprotkb
P42263,422,N-linked,uniprotkb
Q9Y286,334,N-linked,uniprotkb
O95803,658,N-linked,uniprotkb
Q9H310,49,N-linked,uniprotkb
Q99784,307,N-linked,uniprotkb
Q53RD9,307,N-linked,uniprotkb
Q9C0I4,842,N-linked,uniprotkb
Q96K78,261,N-linked,uniprotkb
Q99102,2454,O-linked,uniprotkb
P58397,215,N-linked,uniprotkb
Q12891,103,N-linked,uniprotkb
Q9Y5E1,567,N-linked,uniprotkb
Q9Y5E2,567,N-linked,uniprotkb
Q8NGK9,7,N-linked,uniprotkb
Q0VAQ4,7,O-linked,uniprotkb
Q8NGL1,7,N-linked,uniprotkb
P22413,285,N-linked,uniprotkb
P04275,1248,O-linked,uniprotkb
Q11201,79,N-linked,uniprotkb
Q16363,758,N-linked,uniprotkb
O43506,191,N-linked,uniprotkb
Q92823,433,N-linked,uniprotkb
Q2VWP7,488,N-linked,uniprotkb
Q86SQ4,452,N-linked,uniprotkb
O94898,728,N-linked,uniprotkb
Q96QU1,1084,N-linked,uniprotkb
Q10469,69,N-linked,uniprotkb
O00574,16,N-linked,uniprotkb
P21815,182,N-linked,uniprotkb
P35556,2808,N-linked,uniprotkb
O95502,216,N-linked,uniprotkb
O75096,264,N-linked,uniprotkb
Q5PT55,56,N-linked,uniprotkb
P19634,56,O-linked,uniprotkb
Q8TDY8,252,N-linked,uniprotkb
Q5VV43,196,N-linked,uniprotkb
Q14515,196,N-linked,uniprotkb
Q9Y487,505,N-linked,uniprotkb
Q8WVQ1,88,N-linked,uniprotkb
Q8TDQ1,88,N-linked,uniprotkb
Q8IZP9,162,N-linked,uniprotkb
P58417,162,N-linked,uniprotkb
Q9Y5E7,438,N-linked,uniprotkb
Q9BZZ2,886,N-linked,uniprotkb
Q9BTY2,171,N-linked,uniprotkb
Q9Y639,171,N-linked,uniprotkb
Q9NR96,513,N-linked,uniprotkb
Q9NRM1,296,N-linked,uniprotkb
Q9Y5E6,418,N-linked,uniprotkb
P22223,566,N-linked,uniprotkb
Q9H756,251,N-linked,uniprotkb
Q9NRJ7,436,N-linked,uniprotkb
Q96F81,59,N-linked,uniprotkb
Q9NZR2,190,N-linked,uniprotkb
Q8NCS7,190,N-linked,uniprotkb
D3W0D1,202,N-linked,uniprotkb
Q9NR71,468,N-linked,uniprotkb
P0DTU3,78,N-linked,uniprotkb
Q8WUT4,289,N-linked,uniprotkb
P21815,177,N-linked,uniprotkb
Q17R60,143,N-linked,uniprotkb
P42702,143,N-linked,uniprotkb
O15230,143,N-linked,uniprotkb
Q2WEN9,394,N-linked,uniprotkb
Q9HBW1,322,N-linked,uniprotkb
P59537,176,N-linked,uniprotkb
P08185,176,N-linked,uniprotkb
Q9NQ25,176,N-linked,uniprotkb
P23515,176,N-linked,uniprotkb
O75445,944,N-linked,uniprotkb
O60500,40,N-linked,uniprotkb
Q9Y4C0,1257,N-linked,uniprotkb
Q6P4Q7,85,N-linked,uniprotkb
Q13007,85,N-linked,uniprotkb
P30511,107,N-linked,uniprotkb
Q9Y561,284,N-linked,uniprotkb
Q9Y267,150,N-linked,uniprotkb
Q9Y5Y9,1312,N-linked,uniprotkb
Q9UF33,397,N-linked,uniprotkb
Q86XX4,361,N-linked,uniprotkb
Q7Z2D5,455,N-linked,uniprotkb
Q9UJW2,455,N-linked,uniprotkb
Q13061,647,N-linked,uniprotkb
O60469,924,N-linked,uniprotkb
P13611,57,N-linked,uniprotkb
Q96PZ7,57,N-linked,uniprotkb
O60266,736,N-linked,uniprotkb
Q9NPE2,186,N-linked,uniprotkb
O14522,654,N-linked,uniprotkb
Q96QU1,662,N-linked,uniprotkb
O60883,105,N-linked,uniprotkb
Q9NS68,105,N-linked,uniprotkb
A0A589,89,N-linked,uniprotkb
Q9NQE7,70,N-linked,uniprotkb
Q96RL6,375,N-linked,uniprotkb
P16519,375,N-linked,uniprotkb
P23467,544,N-linked,uniprotkb
Q86YC3,500,N-linked,uniprotkb
Q9UPZ6,500,N-linked,uniprotkb
Q8N158,500,O-linked,uniprotkb
Q9N2K0,352,N-linked,uniprotkb
A6NJW9,102,N-linked,uniprotkb
O60909,71,N-linked,uniprotkb
O94813,1019,N-linked,uniprotkb
P15586,111,N-linked,uniprotkb
Q96R08,3,N-linked,uniprotkb
P58182,3,N-linked,uniprotkb
P08172,3,N-linked,uniprotkb
P60893,3,N-linked,uniprotkb
Q9BZJ7,3,N-linked,uniprotkb
Q96RD1,3,N-linked,uniprotkb
A6NL08,3,N-linked,uniprotkb
Q9NZP2,3,N-linked,uniprotkb
Q8TAB3,546,N-linked,uniprotkb
P50052,34,N-linked,uniprotkb
Q9NX61,34,N-linked,uniprotkb
P35442,457,N-linked,uniprotkb
Q8IZA0,487,N-linked,uniprotkb
Q8TDW7,1007,N-linked,uniprotkb
Q6ZW05,762,N-linked,uniprotkb
Q8NFZ4,522,N-linked,uniprotkb
O60245,747,N-linked,uniprotkb
Q14767,811,N-linked,uniprotkb
Q6UY18,508,N-linked,uniprotkb
P04920,868,N-linked,uniprotkb
P08648,868,N-linked,uniprotkb
P35499,288,N-linked,uniprotkb
Q9Y5G5,685,N-linked,uniprotkb
Q8WY21,765,N-linked,uniprotkb
Q9NTG1,923,N-linked,uniprotkb
Q8IZF2,94,N-linked,uniprotkb
O76082,64,N-linked,uniprotkb
P08922,732,N-linked,uniprotkb
Q8IWK6,332,N-linked,uniprotkb
Q8N6Y1,332,N-linked,uniprotkb
P07333,335,N-linked,uniprotkb
Q9NYQ7,1713,N-linked,uniprotkb
Q5IJ48,1009,N-linked,uniprotkb
P35590,503,N-linked,uniprotkb
A8K7I4,503,N-linked,uniprotkb
O75094,797,N-linked,uniprotkb
O60494,857,N-linked,uniprotkb
Q96EP9,195,N-linked,uniprotkb
Q9UBV2,195,N-linked,uniprotkb
P61565,460,N-linked,uniprotkb
Q99102,2155,O-linked,uniprotkb
Q01344,244,N-linked,uniprotkb
Q9NPR9,200,N-linked,uniprotkb
O95980,200,N-linked,uniprotkb
P98161,1563,N-linked,uniprotkb
P07204,382,N-linked,uniprotkb
Q8NDZ6,135,N-linked,uniprotkb
Q58EX2,609,N-linked,uniprotkb
A6NGW2,427,N-linked,uniprotkb
Q86UK0,577,N-linked,uniprotkb
Q6UWY0,413,N-linked,uniprotkb
P48960,413,N-linked,uniprotkb
O95427,192,N-linked,uniprotkb
P07333,480,N-linked,uniprotkb
P06213,698,N-linked,uniprotkb
P07949,336,N-linked,uniprotkb
O75578,336,N-linked,uniprotkb
P53708,780,N-linked,uniprotkb
P22607,225,N-linked,uniprotkb
Q5JQS5,199,N-linked,uniprotkb
Q9H2U9,668,N-linked,uniprotkb
P34130,76,N-linked,uniprotkb
Q99527,25,N-linked,uniprotkb
Q9UGM3,1842,N-linked,uniprotkb
Q9UKZ4,1842,N-linked,uniprotkb
Q96L42,409,N-linked,uniprotkb
O94813,1010,N-linked,uniprotkb
O14581,5,N-linked,uniprotkb
P58180,5,N-linked,uniprotkb
Q8NGD2,5,N-linked,uniprotkb
Q9Y3N9,5,N-linked,uniprotkb
Q8NGD4,5,N-linked,uniprotkb
Q8NGS1,5,N-linked,uniprotkb
Q96R72,5,N-linked,uniprotkb
A6NDH6,5,N-linked,uniprotkb
Q9H207,5,N-linked,uniprotkb
P0DMU2,5,N-linked,uniprotkb
Q6IEU7,5,N-linked,uniprotkb
Q8NGD0,5,N-linked,uniprotkb
Q5JRS4,5,N-linked,uniprotkb
Q8NH95,5,N-linked,uniprotkb
Q8NH87,5,N-linked,uniprotkb
Q96R27,5,N-linked,uniprotkb
Q9UQ72,61,N-linked,uniprotkb
Q8N387,61,N-linked,uniprotkb
Q9H3W5,624,N-linked,uniprotkb
P98073,887,N-linked,uniprotkb
A8K7I4,890,N-linked,uniprotkb
Q86WC4,93,N-linked,uniprotkb
O00744,93,N-linked,uniprotkb
O75339,132,N-linked,uniprotkb
Q6UX82,132,N-linked,uniprotkb
P11049,188,N-linked,uniprotkb
Q6W4X9,486,N-linked,uniprotkb
Q9NTG1,849,N-linked,uniprotkb
P82987,927,N-linked,uniprotkb
Q96RW7,528,N-linked,uniprotkb
P07942,1487,N-linked,uniprotkb
Q14246,312,N-linked,uniprotkb
P15529,312,O-linked,uniprotkb
Q9BXP8,562,N-linked,uniprotkb
Q6UXD5,373,N-linked,uniprotkb
Q8IWK6,652,N-linked,uniprotkb
Q9H251,652,N-linked,uniprotkb
Q9ULL4,1218,N-linked,uniprotkb
Q8WZ75,396,N-linked,uniprotkb
Q6ZUB1,1160,N-linked,uniprotkb
Q86YL7,120,O-linked,uniprotkb
Q6UXG3,213,O-linked,uniprotkb
P04275,1256,O-linked,uniprotkb
Q16570,33,N-linked,uniprotkb
O43246,151,N-linked,uniprotkb
O75443,920,N-linked,uniprotkb
Q96LD1,62,N-linked,uniprotkb
Q9UJW2,360,N-linked,uniprotkb
O75578,921,N-linked,uniprotkb
Q9Y5G7,545,N-linked,uniprotkb
Q9NTG1,349,N-linked,uniprotkb
P17927,410,N-linked,uniprotkb
Q8NGG3,35,N-linked,uniprotkb
Q99835,35,N-linked,uniprotkb
Q9UJQ1,35,N-linked,uniprotkb
Q86XT9,101,N-linked,uniprotkb
Q96L15,101,N-linked,uniprotkb
Q8TDX9,1716,N-linked,uniprotkb
Q8WX39,68,N-linked,uniprotkb
P39060,68,N-linked,uniprotkb
P11678,700,N-linked,uniprotkb
Q96KJ4,424,N-linked,uniprotkb
P0DPD6,424,N-linked,uniprotkb
Q0VAQ4,2,O-linked,uniprotkb
Q9HC97,2,N-linked,uniprotkb
Q14767,181,N-linked,uniprotkb
Q99102,1551,O-linked,uniprotkb
P05186,140,N-linked,uniprotkb
Q8N1C3,245,N-linked,uniprotkb
A7MBM2,465,N-linked,uniprotkb
P42701,346,N-linked,uniprotkb
Q86VH5,126,N-linked,uniprotkb
Q8WXI7,930,N-linked,uniprotkb
Q9UQ05,326,N-linked,uniprotkb
Q5KU26,67,N-linked,uniprotkb
Q9NXL6,67,N-linked,uniprotkb
Q9NRM6,67,N-linked,uniprotkb
P54803,556,N-linked,uniprotkb
Q04900,26,N-linked,uniprotkb
Q13093,423,N-linked,uniprotkb
P54756,423,N-linked,uniprotkb
Q9Y2C9,423,N-linked,uniprotkb
Q8IZP9,456,N-linked,uniprotkb
Q14524,864,N-linked,uniprotkb
Q68CR1,201,N-linked,uniprotkb
O95256,21,N-linked,uniprotkb
O14804,21,N-linked,uniprotkb
Q9HCK4,789,N-linked,uniprotkb
Q8IWY4,789,N-linked,uniprotkb
Q96GP6,403,N-linked,uniprotkb
Q96PE5,12,N-linked,uniprotkb
Q16099,479,N-linked,uniprotkb
Q9Y5H9,265,N-linked,uniprotkb
Q99983,121,N-linked,uniprotkb
P08912,8,N-linked,uniprotkb
P0DPD6,681,N-linked,uniprotkb
Q6UXK2,364,N-linked,uniprotkb
O75578,364,N-linked,uniprotkb
Q8NFR9,364,N-linked,uniprotkb
Q9Y5Y6,302,N-linked,uniprotkb
P18075,302,N-linked,uniprotkb
Q07092,327,N-linked,uniprotkb
Q9H1B5,327,N-linked,uniprotkb
Q12866,234,N-linked,uniprotkb
Q8NGQ3,18,N-linked,uniprotkb
P35968,721,N-linked,uniprotkb
Q13635,141,N-linked,uniprotkb
Q5JPE7,218,N-linked,uniprotkb
Q9HCK4,752,N-linked,uniprotkb
O94856,752,N-linked,uniprotkb
Q7Z5N4,1748,N-linked,uniprotkb
Q9UIG8,502,N-linked,uniprotkb
O43490,548,N-linked,uniprotkb
P51172,548,N-linked,uniprotkb
Q6UWN5,174,N-linked,uniprotkb
Q8IYS2,363,N-linked,uniprotkb
Q6NT32,363,N-linked,uniprotkb
Q9HBW1,363,N-linked,uniprotkb
Q14416,338,N-linked,uniprotkb
Q7Z7M0,2066,N-linked,uniprotkb
Q7Z6M3,51,N-linked,uniprotkb
P23471,501,N-linked,uniprotkb
P42702,729,N-linked,uniprotkb
Q8IZF5,441,N-linked,uniprotkb
P78333,441,O-linked,uniprotkb
P27701,157,N-linked,uniprotkb
Q7Z408,2190,N-linked,uniprotkb
Q96QU1,52,N-linked,uniprotkb
Q7RTY7,52,N-linked,uniprotkb
P78504,1045,N-linked,uniprotkb
Q9NP91,131,N-linked,uniprotkb
O60704,343,N-linked,uniprotkb
Q14767,343,N-linked,uniprotkb
Q9UGM3,1818,N-linked,uniprotkb
Q6AZY7,224,N-linked,uniprotkb
P12259,776,N-linked,uniprotkb
O95461,122,N-linked,uniprotkb
P98088,1308,N-linked,uniprotkb
Q96RI8,19,N-linked,uniprotkb
P18825,19,N-linked,uniprotkb
Q9NPB9,19,N-linked,uniprotkb
Q8NFM7,19,N-linked,uniprotkb
P22301,134,N-linked,uniprotkb
O95069,134,N-linked,uniprotkb
P11047,134,N-linked,uniprotkb
Q7Z304,134,N-linked,uniprotkb
Q99665,166,N-linked,uniprotkb
P01242,166,N-linked,uniprotkb
Q9Y271,262,N-linked,uniprotkb
Q99102,1508,O-linked,uniprotkb
Q16671,66,N-linked,uniprotkb
P27930,66,N-linked,uniprotkb
Q9BS86,114,N-linked,uniprotkb
P34910,114,N-linked,uniprotkb
Q9NZV1,746,N-linked,uniprotkb
Q7Z7M0,1048,N-linked,uniprotkb
P01906,144,N-linked,uniprotkb
Q6N022,467,N-linked,uniprotkb
Q8TD84,926,N-linked,uniprotkb
P21854,136,N-linked,uniprotkb
Q96ID5,407,N-linked,uniprotkb
Q13308,463,N-linked,uniprotkb
P12259,1103,N-linked,uniprotkb
Q99102,1103,O-linked,uniprotkb
A8TX70,835,N-linked,uniprotkb
P16671,247,N-linked,uniprotkb
P39059,247,O-linked,uniprotkb
Q86XX4,3070,N-linked,uniprotkb
P98161,187,N-linked,uniprotkb
P42892,187,N-linked,uniprotkb
P42081,154,N-linked,uniprotkb
O95461,148,N-linked,uniprotkb
Q8N386,148,N-linked,uniprotkb
Q5KU26,168,N-linked,uniprotkb
Q9H324,795,N-linked,uniprotkb
Q5VV63,763,N-linked,uniprotkb
Q96QU1,559,N-linked,uniprotkb
Q93070,274,N-linked,uniprotkb
Q9H841,274,N-linked,uniprotkb
Q68CR7,45,N-linked,uniprotkb
Q17R55,45,N-linked,uniprotkb
O94898,173,N-linked,uniprotkb
Q8IZ52,138,N-linked,uniprotkb
P40197,385,N-linked,uniprotkb
O43506,378,N-linked,uniprotkb
Q02413,180,N-linked,uniprotkb
P28906,194,N-linked,uniprotkb
Q0VAQ4,9,O-linked,uniprotkb
Q02817,1139,N-linked,uniprotkb
Q06418,366,N-linked,uniprotkb
Q86T13,381,N-linked,uniprotkb
O75325,555,N-linked,uniprotkb
Q9Y2G1,1043,N-linked,uniprotkb
A0A599,90,N-linked,uniprotkb
P35498,301,N-linked,uniprotkb
P16284,301,N-linked,uniprotkb
Q9NZM6,115,N-linked,uniprotkb
Q8IWL2,207,N-linked,uniprotkb
P30530,43,N-linked,uniprotkb
A0A0B4J245,43,N-linked,uniprotkb
Q14435,297,N-linked,uniprotkb
O75106,226,N-linked,uniprotkb
Q9P2S2,60,N-linked,uniprotkb
P98095,507,N-linked,uniprotkb
P56199,317,N-linked,uniprotkb
Q14953,84,N-linked,uniprotkb
Q9NR71,84,O-linked,uniprotkb
Q9NYG8,82,N-linked,uniprotkb
Q99102,1812,O-linked,uniprotkb
Q13003,551,N-linked,uniprotkb
P09958,440,N-linked,uniprotkb
Q10981,308,N-linked,uniprotkb
O95436,308,N-linked,uniprotkb
P69849,618,N-linked,uniprotkb
Q9H7T0,618,N-linked,uniprotkb
Q9Y5H2,420,N-linked,uniprotkb
O60478,263,N-linked,uniprotkb
Q92823,716,N-linked,uniprotkb
Q5DID0,417,N-linked,uniprotkb
P08069,417,N-linked,uniprotkb
Q86SJ2,104,N-linked,uniprotkb
Q9ULK6,125,N-linked,uniprotkb
Q14563,125,N-linked,uniprotkb
Q9HD43,172,N-linked,uniprotkb
P17948,547,N-linked,uniprotkb
Q06418,63,N-linked,uniprotkb
P28223,44,N-linked,uniprotkb
Q8IZP9,44,N-linked,uniprotkb
Q14982,44,N-linked,uniprotkb
Q96JB6,629,N-linked,uniprotkb
Q8TDU9,17,N-linked,uniprotkb
P69849,50,N-linked,uniprotkb
P34910,50,N-linked,uniprotkb
Q53EL9,399,N-linked,uniprotkb
Q6IEE7,399,N-linked,uniprotkb
Q5FYB0,527,N-linked,uniprotkb
P43121,527,N-linked,uniprotkb
Q8WXS8,941,N-linked,uniprotkb
Q8IZP7,128,N-linked,uniprotkb
P30874,32,N-linked,uniprotkb
P49682,32,N-linked,uniprotkb
O95897,275,N-linked,uniprotkb
Q9BXX0,275,N-linked,uniprotkb
Q7Z3B1,275,N-linked,uniprotkb
P10721,145,N-linked,uniprotkb
Q8NHB1,6,N-linked,uniprotkb
Q8NGI8,6,N-linked,uniprotkb
O43193,6,N-linked,uniprotkb
Q12864,250,N-linked,uniprotkb
Q9NR34,250,N-linked,uniprotkb
Q9P0L9,241,N-linked,uniprotkb
Q9UPX0,241,N-linked,uniprotkb
O96005,161,N-linked,uniprotkb
Q9UNG2,161,N-linked,uniprotkb
Q9HD43,350,N-linked,uniprotkb
Q8TE60,838,N-linked,uniprotkb
Q8NGU2,4,N-linked,uniprotkb
Q9H340,4,N-linked,uniprotkb
P0C623,4,N-linked,uniprotkb
Q8N6U8,4,N-linked,uniprotkb
P13612,660,N-linked,uniprotkb
A0A0B4J275,38,N-linked,uniprotkb
Q96LC7,100,N-linked,uniprotkb
P10124,100,O-linked,uniprotkb
P17948,100,N-linked,uniprotkb
Q14CN2,75,N-linked,uniprotkb
Q6PCB8,75,N-linked,uniprotkb
O60391,451,N-linked,uniprotkb
Q7RTZ1,451,N-linked,uniprotkb
P40967,106,N-linked,uniprotkb
Q9UEF7,106,N-linked,uniprotkb
P54289,324,N-linked,uniprotkb
P12259,1499,N-linked,uniprotkb
Q96B86,159,N-linked,uniprotkb
P98164,159,N-linked,uniprotkb
P35372,48,N-linked,uniprotkb
P10745,205,N-linked,uniprotkb
Q01973,47,N-linked,uniprotkb
P42081,47,N-linked,uniprotkb
O15552,167,N-linked,uniprotkb
Q86UP2,772,N-linked,uniprotkb
P50391,29,N-linked,uniprotkb
Q96NR3,818,N-linked,uniprotkb
Q12913,824,N-linked,uniprotkb
P98161,1004,N-linked,uniprotkb
P11215,1021,N-linked,uniprotkb
P15848,279,N-linked,uniprotkb
Q9UI38,279,N-linked,uniprotkb
P35499,333,N-linked,uniprotkb
Q9ULL4,802,N-linked,uniprotkb
P26992,142,N-linked,uniprotkb
O14494,142,N-linked,uniprotkb
P53420,142,N-linked,uniprotkb
Q9NY15,606,N-linked,uniprotkb
P23352,300,N-linked,uniprotkb
Q8NGV5,300,N-linked,uniprotkb
P59901,300,N-linked,uniprotkb
P18564,471,N-linked,uniprotkb
Q9Y493,2203,N-linked,uniprotkb
Q6UXG3,170,O-linked,uniprotkb
O00322,170,N-linked,uniprotkb
Q9NUN5,170,N-linked,uniprotkb
Q9NYK1,679,N-linked,uniprotkb
P54317,428,N-linked,uniprotkb
Q86Z14,971,N-linked,uniprotkb
P42263,266,N-linked,uniprotkb
Q9H239,164,N-linked,uniprotkb
Q9UKU9,164,N-linked,uniprotkb
P12643,164,N-linked,uniprotkb
Q86XX4,1777,N-linked,uniprotkb
P40238,358,N-linked,uniprotkb
Q5SZK8,358,N-linked,uniprotkb
Q8N6C5,1147,N-linked,uniprotkb
O96024,149,N-linked,uniprotkb
P98161,1661,N-linked,uniprotkb
O94779,931,N-linked,uniprotkb
Q99102,931,O-linked,uniprotkb
P04275,156,N-linked,uniprotkb
Q8IZF2,649,N-linked,uniprotkb
A6NM11,1079,N-linked,uniprotkb
Q5DID0,585,N-linked,uniprotkb
P21453,36,N-linked,uniprotkb
P55082,36,N-linked,uniprotkb
P82279,42,N-linked,uniprotkb
Q16478,400,N-linked,uniprotkb
O60383,163,N-linked,uniprotkb
O75882,237,N-linked,uniprotkb
P40126,237,N-linked,uniprotkb
Q9Y5Q5,305,N-linked,uniprotkb
Q9BZC7,305,N-linked,uniprotkb
Q9BZG2,330,N-linked,uniprotkb
Q99102,3499,O-linked,uniprotkb
Q99102,3727,O-linked,uniprotkb
Q9NZR2,2549,N-linked,uniprotkb
Q9UPZ6,1276,N-linked,uniprotkb
Q13591,323,N-linked,uniprotkb
Q11201,323,N-linked,uniprotkb
Q99102,3039,O-linked,uniprotkb
P22105,4095,N-linked,uniprotkb
Q99102,3182,O-linked,uniprotkb
Q99102,3791,O-linked,uniprotkb
Q99102,3071,O-linked,uniprotkb
Q8TDW7,3202,N-linked,uniprotkb
Q9NZR2,2507,N-linked,uniprotkb
Q99102,3348,O-linked,uniprotkb
Q99102,2406,O-linked,uniprotkb
Q02817,4548,N-linked,uniprotkb
Q99102,4024,O-linked,uniprotkb
Q02817,5129,N-linked,uniprotkb
Q9NYQ8,3601,N-linked,uniprotkb
Q86XX4,3676,N-linked,uniprotkb
P98088,5528,N-linked,uniprotkb
A8K7I4,810,N-linked,uniprotkb
P98164,3680,N-linked,uniprotkb
Q16787,2502,N-linked,uniprotkb
A2VEC9,3948,N-linked,uniprotkb
P11047,1439,N-linked,uniprotkb
P98164,3446,N-linked,uniprotkb
O15440,1417,N-linked,uniprotkb
Q99102,3028,O-linked,uniprotkb
Q9NY15,2334,N-linked,uniprotkb
Q14517,3613,N-linked,uniprotkb
P04275,1486,O-linked,uniprotkb
Q99102,2580,O-linked,uniprotkb
Q99102,2590,O-linked,uniprotkb
P24043,2360,N-linked,uniprotkb
P14410,1535,N-linked,uniprotkb
P98164,3978,N-linked,uniprotkb
Q02817,4532,N-linked,uniprotkb
Q99102,2036,O-linked,uniprotkb
P02452,1365,N-linked,uniprotkb
Q99102,4021,O-linked,uniprotkb
Q99102,2598,O-linked,uniprotkb
O75445,3984,N-linked,uniprotkb
Q99102,3988,O-linked,uniprotkb
Q58EX2,948,N-linked,uniprotkb
Q9UMZ3,1844,N-linked,uniprotkb
O60494,957,N-linked,uniprotkb
Q96RW7,1552,N-linked,uniprotkb
P35555,2750,N-linked,uniprotkb
Q9NR99,1735,N-linked,uniprotkb
P02812,230,N-linked,uniprotkb
Q92626,1280,N-linked,uniprotkb
P06133,315,N-linked,uniprotkb
Q14314,179,N-linked,uniprotkb
P43251,402,N-linked,uniprotkb
P19022,402,N-linked,uniprotkb
Q16820,370,N-linked,uniprotkb
O75899,453,N-linked,uniprotkb
P05362,183,N-linked,uniprotkb
P40189,390,N-linked,uniprotkb
P01024,939,N-linked,uniprotkb
P01023,55,N-linked,uniprotkb
P06280,139,N-linked,uniprotkb
P08603,1029,N-linked,uniprotkb
Q9UH99,636,N-linked,uniprotkb
P00748,329,O-linked,uniprotkb
Q92954,384,O-linked,uniprotkb
P35555,510,O-linked,uniprotkb
P43652,383,N-linked,uniprotkb
P24821,1034,N-linked,uniprotkb
Q15165,254,N-linked,uniprotkb
P07942,1279,N-linked,uniprotkb
P10721,283,N-linked,uniprotkb
P46531,73,O-linked,uniprotkb
Q32P28,540,N-linked,uniprotkb
P04141,24,O-linked,uniprotkb
Q13478,91,N-linked,uniprotkb
P02787,630,N-linked,uniprotkb
P12319,46,N-linked,uniprotkb
P42785,345,N-linked,uniprotkb
P02750,325,N-linked,uniprotkb
Q9NZP8,147,N-linked,uniprotkb
Q9Y646,353,N-linked,uniprotkb
Q9HCB6,214,N-linked,uniprotkb
P62745,37,O-linked,uniprotkb
Q8NI99,58,N-linked,uniprotkb
P13473,58,N-linked,uniprotkb
P29317,435,N-linked,uniprotkb
Q16348,435,N-linked,uniprotkb
Q9Y4C5,243,N-linked,uniprotkb
P15586,422,N-linked,uniprotkb
P13473,307,N-linked,uniprotkb
P04233,256,N-linked,uniprotkb
P11597,257,N-linked,uniprotkb
O95998,103,N-linked,uniprotkb
P07996,498,C-linked,uniprotkb
P11279,130,N-linked,uniprotkb
Q9NY97,79,N-linked,uniprotkb
Q93050,488,N-linked,uniprotkb
P48357,728,N-linked,uniprotkb
P07996,438,C-linked,uniprotkb
P19823,118,N-linked,uniprotkb
Q9NPH3,118,N-linked,uniprotkb
Q9GZV9,171,O-linked,uniprotkb
P06276,513,N-linked,uniprotkb
P07225,530,N-linked,uniprotkb
P42702,426,N-linked,uniprotkb
P06756,615,N-linked,uniprotkb
Q96JM2,292,O-linked,uniprotkb
Q10469,86,N-linked,uniprotkb
Q02817,1267,O-linked,uniprotkb
Q9UBS5,482,N-linked,uniprotkb
P11117,177,N-linked,uniprotkb
Q96KN2,322,N-linked,uniprotkb
Q9UL01,648,N-linked,uniprotkb
P06729,150,N-linked,uniprotkb
O15455,57,N-linked,uniprotkb
Q2Y0W8,646,N-linked,uniprotkb
P31785,71,N-linked,uniprotkb
Q6P179,219,N-linked,uniprotkb
Q9NR97,546,N-linked,uniprotkb
P15586,387,N-linked,uniprotkb
P27930,112,N-linked,uniprotkb
Q6P1J6,797,N-linked,uniprotkb
O95497,200,N-linked,uniprotkb
P08709,382,N-linked,uniprotkb
Q68CJ9,413,N-linked,uniprotkb
Q92954,768,O-linked,uniprotkb
P20851,98,N-linked,uniprotkb
O14786,612,O-linked,uniprotkb
Q86VZ1,5,N-linked,uniprotkb
P18564,260,N-linked,uniprotkb
P16278,464,N-linked,uniprotkb
O14638,687,N-linked,uniprotkb
P01860,152,O-linked,uniprotkb
O75636,189,N-linked,uniprotkb
Q9UBX1,367,N-linked,uniprotkb
Q92542,562,N-linked,uniprotkb
P40225,213,O-linked,uniprotkb
P04921,33,O-linked,uniprotkb
P16860,62,O-linked,uniprotkb
P16662,68,N-linked,uniprotkb
P04278,380,N-linked,uniprotkb
P07359,380,O-linked,uniprotkb
P09466,81,N-linked,uniprotkb
P10645,181,O-linked,uniprotkb
O43854,140,N-linked,uniprotkb
P35968,245,N-linked,uniprotkb
Q03405,74,N-linked,uniprotkb
P03951,126,N-linked,uniprotkb
Q13740,265,N-linked,uniprotkb
P16473,302,N-linked,uniprotkb
B1AL88,217,N-linked,uniprotkb
Q9NR71,217,N-linked,uniprotkb
Q92820,203,N-linked,uniprotkb
Q92954,692,O-linked,uniprotkb
P24043,1920,N-linked,uniprotkb
P10451,134,O-linked,uniprotkb
P10721,293,N-linked,uniprotkb
Q7Z5L7,281,N-linked,uniprotkb
Q96E22,144,N-linked,uniprotkb
P17643,96,N-linked,uniprotkb
P08519,1575,N-linked,uniprotkb
P01008,187,N-linked,uniprotkb
P13688,274,N-linked,uniprotkb
Q9BZV2,45,N-linked,uniprotkb
P40225,180,O-linked,uniprotkb
P14384,115,N-linked,uniprotkb
P13473,207,O-linked,uniprotkb
Q13201,942,N-linked,uniprotkb
P02724,22,O-linked,uniprotkb
P07359,308,O-linked,uniprotkb
Q14392,308,N-linked,uniprotkb
P25311,259,N-linked,uniprotkb
P80370,172,N-linked,uniprotkb
O60494,1285,N-linked,uniprotkb
Q02487,629,N-linked,uniprotkb
P0DN86,50,N-linked,uniprotkb
P06126,145,N-linked,uniprotkb
P04921,6,O-linked,uniprotkb
Q16620,241,N-linked,uniprotkb
P11279,241,N-linked,uniprotkb
Q99572,241,N-linked,uniprotkb
P01019,161,N-linked,uniprotkb
Q12794,350,N-linked,uniprotkb
Q15904,350,N-linked,uniprotkb
P04921,4,O-linked,uniprotkb
P20933,38,N-linked,uniprotkb
P28907,100,N-linked,uniprotkb
A0A0C4DH28,106,N-linked,uniprotkb
Q16348,472,N-linked,uniprotkb
P12314,159,N-linked,uniprotkb
O00206,205,N-linked,uniprotkb
P51164,146,N-linked,uniprotkb
P04114,1523,N-linked,uniprotkb
Q96FE5,341,N-linked,uniprotkb
O60883,95,O-linked,uniprotkb
Q13740,95,N-linked,uniprotkb
P35555,471,O-linked,uniprotkb
Q8NBW4,266,N-linked,uniprotkb
O60241,266,O-linked,uniprotkb
Q9HAT2,401,N-linked,uniprotkb
P24821,1079,N-linked,uniprotkb
P10646,42,O-linked,uniprotkb
Q92820,163,N-linked,uniprotkb
P04114,3358,N-linked,uniprotkb
P12109,896,N-linked,uniprotkb
Q99102,5119,N-linked,uniprotkb
Q99102,4715,N-linked,uniprotkb
Q99102,4982,N-linked,uniprotkb
Q92626,1425,N-linked,uniprotkb
P04114,2982,N-linked,uniprotkb
Q5SZK8,1741,N-linked,uniprotkb
O75882,1250,N-linked,uniprotkb
P98160,1755,N-linked,uniprotkb
Q6YHK3,1355,N-linked,uniprotkb
P12111,2079,N-linked,uniprotkb
Q9Y6R7,2138,N-linked,uniprotkb
Q9BX74,197,N-linked,uniprotkb
Q15762,186,N-linked,uniprotkb
Q9Y6W8,89,N-linked,uniprotkb
Q13224,74,N-linked,uniprotkb
Q9H8L6,67,O-linked,uniprotkb
Q9BX74,96,N-linked,uniprotkb
P01023,247,N-linked,uniprotkb
P16070,180,O-linked,uniprotkb
A0A191URJ7,84,N-linked,uniprotkb
Q9UGM1,170,N-linked,uniprotkb
Q2M385,185,N-linked,uniprotkb
Q8NDA2,2252,N-linked,uniprotkb
O75093,406,N-linked,uniprotkb
Q8NGH8,184,N-linked,uniprotkb
P23975,184,N-linked,uniprotkb
P35499,315,N-linked,uniprotkb
Q5T1H1,311,N-linked,uniprotkb
Q6UWB1,311,N-linked,uniprotkb
P20718,179,N-linked,uniprotkb
Q00973,179,N-linked,uniprotkb
Q12889,402,N-linked,uniprotkb
Q96PQ0,328,N-linked,uniprotkb
P23142,535,N-linked,uniprotkb
Q12913,582,N-linked,uniprotkb
Q8WUJ3,370,N-linked,uniprotkb
Q8WXI7,4498,N-linked,uniprotkb
P30532,183,N-linked,uniprotkb
P58215,390,N-linked,uniprotkb
P29320,404,N-linked,uniprotkb
Q8N130,286,N-linked,uniprotkb
Q99102,1567,O-linked,uniprotkb
Q99102,2372,O-linked,uniprotkb
Q99102,2027,O-linked,uniprotkb
P38570,934,N-linked,uniprotkb
A6NHM9,476,N-linked,uniprotkb
Q14515,476,N-linked,uniprotkb
P0DTE8,476,N-linked,uniprotkb
Q9UIW2,1187,N-linked,uniprotkb
P46059,509,N-linked,uniprotkb
Q9HC73,55,N-linked,uniprotkb
O00398,178,N-linked,uniprotkb
P43005,178,N-linked,uniprotkb
P34925,178,N-linked,uniprotkb
Q8N2E2,703,N-linked,uniprotkb
Q5T601,512,N-linked,uniprotkb
P0C672,158,N-linked,uniprotkb
Q9NQS3,83,N-linked,uniprotkb
Q5H943,83,N-linked,uniprotkb
P16070,636,N-linked,uniprotkb
Q9HCU0,636,O-linked,uniprotkb
Q9HC84,805,N-linked,uniprotkb
Q13753,805,O-linked,uniprotkb
Q8WUA8,137,N-linked,uniprotkb
Q8IZP7,329,N-linked,uniprotkb
Q9ULH4,384,N-linked,uniprotkb
Q6NW40,383,N-linked,uniprotkb
Q76LX8,579,N-linked,uniprotkb
P78357,499,N-linked,uniprotkb
P09848,989,N-linked,uniprotkb
Q99102,1028,O-linked,uniprotkb
P41180,386,N-linked,uniprotkb
Q8TDF5,306,N-linked,uniprotkb
Q9H2E6,282,N-linked,uniprotkb
P35346,13,N-linked,uniprotkb
A6NHM9,236,N-linked,uniprotkb
Q02817,1246,N-linked,uniprotkb
Q5T197,321,N-linked,uniprotkb
Q5SY80,854,N-linked,uniprotkb
Q8NCH0,368,N-linked,uniprotkb
Q6UW60,475,N-linked,uniprotkb
Q8WXI7,1633,N-linked,uniprotkb
O75445,1151,N-linked,uniprotkb
P24394,209,N-linked,uniprotkb
Q8IZM9,283,N-linked,uniprotkb
O94779,540,N-linked,uniprotkb
Q7RTU9,540,N-linked,uniprotkb
P31785,24,N-linked,uniprotkb
P58499,208,N-linked,uniprotkb
Q99102,1286,O-linked,uniprotkb
Q9H0V1,533,N-linked,uniprotkb
Q75N90,1858,N-linked,uniprotkb
O75976,978,N-linked,uniprotkb
Q86Z14,391,N-linked,uniprotkb
Q8NFL0,391,N-linked,uniprotkb
Q5VYJ5,813,N-linked,uniprotkb
Q6N022,940,N-linked,uniprotkb
P41146,39,N-linked,uniprotkb
P54753,445,N-linked,uniprotkb
P98073,630,N-linked,uniprotkb
P21462,10,N-linked,uniprotkb
Q9H2X3,92,N-linked,uniprotkb
Q14833,454,N-linked,uniprotkb
Q8WWY8,357,N-linked,uniprotkb
P50443,357,N-linked,uniprotkb
Q8IU57,169,N-linked,uniprotkb
Q04118,108,N-linked,uniprotkb
P08922,1272,N-linked,uniprotkb
Q13326,110,N-linked,uniprotkb
P14415,197,N-linked,uniprotkb
Q9Y639,197,N-linked,uniprotkb
Q8IWU5,561,N-linked,uniprotkb
P55283,412,N-linked,uniprotkb
Q9NZ20,325,N-linked,uniprotkb
P12644,365,N-linked,uniprotkb
Q9UM47,1179,N-linked,uniprotkb
Q9HAW7,344,N-linked,uniprotkb
Q96MS0,459,N-linked,uniprotkb
Q13201,840,N-linked,uniprotkb
Q5VY43,634,N-linked,uniprotkb
Q96EG1,117,N-linked,uniprotkb
Q8IZP7,117,N-linked,uniprotkb
Q96DU3,87,N-linked,uniprotkb
Q9HB63,353,N-linked,uniprotkb
Q7Z2D5,214,N-linked,uniprotkb
P00451,847,N-linked,uniprotkb
Q96QU1,724,N-linked,uniprotkb
Q9UM21,458,N-linked,uniprotkb
Q8N743,239,N-linked,uniprotkb
Q07954,239,N-linked,uniprotkb
O15354,239,N-linked,uniprotkb
O00241,269,N-linked,uniprotkb
Q9NS62,58,N-linked,uniprotkb
U3KPV4,58,N-linked,uniprotkb
Q6V0I7,435,N-linked,uniprotkb
Q92859,715,N-linked,uniprotkb
Q6UWU2,243,N-linked,uniprotkb
Q68CR7,756,N-linked,uniprotkb
Q9ULK0,422,N-linked,uniprotkb
P60507,334,N-linked,uniprotkb
O43157,334,N-linked,uniprotkb
Q9NZV5,531,N-linked,uniprotkb
P0C091,1588,N-linked,uniprotkb
Q9NZW4,49,N-linked,uniprotkb
P01854,49,N-linked,uniprotkb
O75882,362,N-linked,uniprotkb
P11150,362,N-linked,uniprotkb
Q9NR97,362,N-linked,uniprotkb
Q9HD43,256,N-linked,uniprotkb
Q9H756,256,N-linked,uniprotkb
Q8NFQ6,257,N-linked,uniprotkb
P56199,1113,N-linked,uniprotkb
Q9UPC5,295,N-linked,uniprotkb
O75443,215,N-linked,uniprotkb
Q9Y5E6,567,N-linked,uniprotkb
Q9NXL6,567,N-linked,uniprotkb
Q86SP6,7,N-linked,uniprotkb
P78536,594,N-linked,uniprotkb
P39900,285,N-linked,uniprotkb
Q7RTX0,285,N-linked,uniprotkb
Q8WWQ8,1275,N-linked,uniprotkb
Q9NP99,191,N-linked,uniprotkb
Q06418,191,N-linked,uniprotkb
Q86W33,23,N-linked,uniprotkb
Q6UXC1,583,N-linked,uniprotkb
O00337,643,N-linked,uniprotkb
P08F94,1116,N-linked,uniprotkb
P01133,815,N-linked,uniprotkb
Q9Y5Q5,697,N-linked,uniprotkb
Q96LB2,16,N-linked,uniprotkb
Q99102,1659,O-linked,uniprotkb
Q9BYE9,680,N-linked,uniprotkb
Q6AZY7,182,N-linked,uniprotkb
Q9UBN6,182,N-linked,uniprotkb
Q9UM22,182,N-linked,uniprotkb
Q6ZMR5,153,N-linked,uniprotkb
P31785,249,N-linked,uniprotkb
O15393,249,N-linked,uniprotkb
Q9Y493,1946,N-linked,uniprotkb
Q8TDL5,264,N-linked,uniprotkb
Q9Y653,303,N-linked,uniprotkb
Q9UMF0,303,N-linked,uniprotkb
Q99250,303,N-linked,uniprotkb
P51170,497,N-linked,uniprotkb
Q96GX1,497,N-linked,uniprotkb
O75197,705,N-linked,uniprotkb
Q6GTS8,252,N-linked,uniprotkb
O75095,252,N-linked,uniprotkb
P07949,448,N-linked,uniprotkb
Q17R60,442,O-linked,uniprotkb
P42701,442,N-linked,uniprotkb
Q6V1P9,2070,N-linked,uniprotkb
Q9P2N4,271,N-linked,uniprotkb
P37288,196,N-linked,uniprotkb
Q86SQ4,505,N-linked,uniprotkb
Q86UP2,1329,N-linked,uniprotkb
P41587,88,N-linked,uniprotkb
A8MTB9,162,N-linked,uniprotkb
P08069,438,N-linked,uniprotkb
O95858,118,N-linked,uniprotkb
Q8NE79,30,N-linked,uniprotkb
O95977,30,N-linked,uniprotkb
Q9UKR3,30,N-linked,uniprotkb
O15440,684,N-linked,uniprotkb
O95158,133,N-linked,uniprotkb
Q96DZ7,133,N-linked,uniprotkb
Q99102,886,O-linked,uniprotkb
P23471,1082,N-linked,uniprotkb
Q9H2R5,171,N-linked,uniprotkb
Q3SXY7,296,N-linked,uniprotkb
Q9UK23,296,N-linked,uniprotkb
O60309,296,N-linked,uniprotkb
Q9UNA3,99,N-linked,uniprotkb
Q9UKP5,99,N-linked,uniprotkb
Q9Y5E4,566,N-linked,uniprotkb
Q9UJ14,519,N-linked,uniprotkb
P35916,251,N-linked,uniprotkb
O95460,251,N-linked,uniprotkb
Q13201,933,N-linked,uniprotkb
P07949,377,N-linked,uniprotkb
P13611,615,N-linked,uniprotkb
Q9UJA9,292,N-linked,uniprotkb
Q9Y6F9,86,N-linked,uniprotkb
Q9BZA8,59,N-linked,uniprotkb
P0C7U0,59,N-linked,uniprotkb
Q86WB7,190,N-linked,uniprotkb
Q14773,190,N-linked,uniprotkb
O43614,202,N-linked,uniprotkb
A6NHN0,202,N-linked,uniprotkb
Q9NZR2,1298,N-linked,uniprotkb
Q99102,1124,O-linked,uniprotkb
Q9NR71,78,O-linked,uniprotkb
A6NMB1,78,N-linked,uniprotkb
Q7RTW8,289,N-linked,uniprotkb
Q6UWH4,289,N-linked,uniprotkb
Q16787,2584,N-linked,uniprotkb
O00254,331,N-linked,uniprotkb
P12644,143,N-linked,uniprotkb
P21757,143,N-linked,uniprotkb
O95967,394,N-linked,uniprotkb
Q9H2J7,394,N-linked,uniprotkb
Q16478,394,N-linked,uniprotkb
Q04756,40,N-linked,uniprotkb
Q9HCU0,623,O-linked,uniprotkb
Q7RTX0,85,N-linked,uniprotkb
A8MVW5,85,N-linked,uniprotkb
Q5VV63,198,N-linked,uniprotkb
Q09327,397,N-linked,uniprotkb
P36952,361,N-linked,uniprotkb
Q8WWQ8,1679,N-linked,uniprotkb
P55285,455,N-linked,uniprotkb
Q92478,57,N-linked,uniprotkb
Q6B9Z1,57,N-linked,uniprotkb
Q5T601,736,N-linked,uniprotkb
Q5TIE3,650,N-linked,uniprotkb
P08575,186,N-linked,uniprotkb
Q13797,654,N-linked,uniprotkb
Q6V1P9,814,N-linked,uniprotkb
Q14982,70,N-linked,uniprotkb
Q5VW38,70,N-linked,uniprotkb
O95206,70,N-linked,uniprotkb
Q6IEE7,70,N-linked,uniprotkb
Q6UWY0,375,N-linked,uniprotkb
P04920,882,N-linked,uniprotkb
Q9UQV4,232,N-linked,uniprotkb
Q9BS91,204,N-linked,uniprotkb
O75487,500,O-linked,uniprotkb
P22459,352,N-linked,uniprotkb
Q04771,102,N-linked,uniprotkb
P26715,102,N-linked,uniprotkb
P10966,102,N-linked,uniprotkb
Q53RT3,276,N-linked,uniprotkb
Q8IUL8,276,N-linked,uniprotkb
Q2M3G0,819,N-linked,uniprotkb
Q9BXF9,111,N-linked,uniprotkb
A6NH00,3,N-linked,uniprotkb
Q8NGM1,3,N-linked,uniprotkb
Q8NGZ2,3,N-linked,uniprotkb
A6ND48,3,N-linked,uniprotkb
Q8NGN7,3,N-linked,uniprotkb
P12111,2558,N-linked,uniprotkb
Q86UG4,546,N-linked,uniprotkb
P35368,34,N-linked,uniprotkb
P15260,34,N-linked,uniprotkb
P17948,625,N-linked,uniprotkb
O43194,206,N-linked,uniprotkb
Q8NFM7,206,N-linked,uniprotkb
Q92496,206,N-linked,uniprotkb
Q9Y5F2,487,N-linked,uniprotkb
O75976,522,N-linked,uniprotkb
P20701,670,N-linked,uniprotkb
Q9H313,355,N-linked,uniprotkb
Q6UXV0,116,N-linked,uniprotkb
Q2M3G0,910,N-linked,uniprotkb
Q9BQ51,64,N-linked,uniprotkb
Q99928,228,N-linked,uniprotkb
O75594,112,N-linked,uniprotkb
Q9UQV4,112,N-linked,uniprotkb
Q8N7C0,112,N-linked,uniprotkb
A8MTB9,112,N-linked,uniprotkb
Q9ULH4,332,N-linked,uniprotkb
Q9Y5Y9,335,N-linked,uniprotkb
Q9NYU2,536,N-linked,uniprotkb
Q99102,797,O-linked,uniprotkb
Q9BXP8,857,N-linked,uniprotkb
Q9UKQ2,557,N-linked,uniprotkb
P19256,195,N-linked,uniprotkb
P15509,195,N-linked,uniprotkb
P43005,195,N-linked,uniprotkb
Q9H756,195,N-linked,uniprotkb
Q9UHX3,460,N-linked,uniprotkb
Q9NZQ7,200,N-linked,uniprotkb
Q00975,1563,N-linked,uniprotkb
O75462,382,N-linked,uniprotkb
Q7RTU9,427,N-linked,uniprotkb
P08069,640,N-linked,uniprotkb
Q86YD3,192,N-linked,uniprotkb
P28908,336,N-linked,uniprotkb
O60245,780,N-linked,uniprotkb
Q92824,225,N-linked,uniprotkb
Q7Z443,537,N-linked,uniprotkb
Q75V66,768,N-linked,uniprotkb
O14594,1223,N-linked,uniprotkb
O95803,794,N-linked,uniprotkb
Q14833,98,N-linked,uniprotkb
Q5T848,98,N-linked,uniprotkb
Q9NZ94,98,N-linked,uniprotkb
P22607,98,N-linked,uniprotkb
Q15760,25,N-linked,uniprotkb
Q6PJG9,25,N-linked,uniprotkb
Q86SQ4,695,N-linked,uniprotkb
Q99102,1670,O-linked,uniprotkb
Q92673,1068,N-linked,uniprotkb
P29122,932,N-linked,uniprotkb
P30559,15,N-linked,uniprotkb
Q2M3G0,371,N-linked,uniprotkb
Q9BYE9,877,N-linked,uniprotkb
Q8NG81,5,N-linked,uniprotkb
Q8NGC2,5,N-linked,uniprotkb
Q8NGN0,5,N-linked,uniprotkb
Q8NGD1,5,N-linked,uniprotkb
P58181,5,N-linked,uniprotkb
Q8NGI0,5,N-linked,uniprotkb
Q8NGK4,5,N-linked,uniprotkb
Q8NGE5,5,N-linked,uniprotkb
Q8NGW1,5,N-linked,uniprotkb
Q8NH09,5,N-linked,uniprotkb
Q8NH42,5,N-linked,uniprotkb
P0C7N1,5,N-linked,uniprotkb
Q8NH89,5,N-linked,uniprotkb
Q8NGV7,5,N-linked,uniprotkb
P11464,268,N-linked,uniprotkb
Q99985,268,N-linked,uniprotkb
Q8NH43,268,N-linked,uniprotkb
Q9UQ74,61,N-linked,uniprotkb
Q8TAA1,61,N-linked,uniprotkb
Q86SQ4,314,N-linked,uniprotkb
Q92823,314,N-linked,uniprotkb
Q68D85,260,N-linked,uniprotkb
Q9UPX0,624,N-linked,uniprotkb
Q15262,607,N-linked,uniprotkb
P20742,246,N-linked,uniprotkb
P00451,982,N-linked,uniprotkb
Q9NTG1,890,N-linked,uniprotkb
P25103,14,N-linked,uniprotkb
Q6BAA4,152,N-linked,uniprotkb
Q9NY25,93,N-linked,uniprotkb
Q8NG95,93,N-linked,uniprotkb
Q14956,93,N-linked,uniprotkb
Q6UX52,132,N-linked,uniprotkb
P41732,188,N-linked,uniprotkb
Q86X52,189,N-linked,uniprotkb
O43916,189,N-linked,uniprotkb
Q6PCB8,189,N-linked,uniprotkb
Q86TH1,367,N-linked,uniprotkb
Q6UWL2,367,N-linked,uniprotkb
P14616,528,N-linked,uniprotkb
Q6UXD5,641,N-linked,uniprotkb
Q9NZ20,396,N-linked,uniprotkb
Q8TD20,396,N-linked,uniprotkb
E2RYF7,120,N-linked,uniprotkb
Q9H3S1,120,N-linked,uniprotkb
A8K2U0,120,N-linked,uniprotkb
Q7Z553,213,N-linked,uniprotkb
Q8NH67,33,N-linked,uniprotkb
P98155,151,N-linked,uniprotkb
F5H094,151,N-linked,uniprotkb
O95477,1294,N-linked,uniprotkb
Q86UK0,920,N-linked,uniprotkb
Q68DV7,62,N-linked,uniprotkb
Q8TED4,62,N-linked,uniprotkb
Q5IJ48,235,N-linked,uniprotkb
Q9Y5H4,545,N-linked,uniprotkb
Q99102,1055,O-linked,uniprotkb
A7MBM2,349,N-linked,uniprotkb
O43194,212,N-linked,uniprotkb
Q5T601,410,N-linked,uniprotkb
Q9HBW1,410,N-linked,uniprotkb
Q9UJA9,101,N-linked,uniprotkb
O94933,68,N-linked,uniprotkb
Q9NR71,68,O-linked,uniprotkb
O75556,68,N-linked,uniprotkb
Q5VV63,380,N-linked,uniprotkb
Q86UE6,380,N-linked,uniprotkb
Q9Y5G7,81,N-linked,uniprotkb
Q6UXN8,81,N-linked,uniprotkb
P40967,81,N-linked,uniprotkb
Q9GZX9,81,N-linked,uniprotkb
P98161,1382,N-linked,uniprotkb
P60509,267,N-linked,uniprotkb
Q12891,74,N-linked,uniprotkb
Q99624,74,N-linked,uniprotkb
Q8WUA8,74,N-linked,uniprotkb
P98088,1749,C-linked,uniprotkb
Q9UP79,465,N-linked,uniprotkb
P15529,326,O-linked,uniprotkb
P78325,67,N-linked,uniprotkb
Q8NFZ8,67,N-linked,uniprotkb
O00398,26,N-linked,uniprotkb
P13945,26,N-linked,uniprotkb
Q2M3G0,423,N-linked,uniprotkb
Q76B58,456,N-linked,uniprotkb
Q06828,201,N-linked,uniprotkb
P08697,316,N-linked,uniprotkb
Q8N3T6,316,N-linked,uniprotkb
P54855,316,N-linked,uniprotkb
P47901,21,N-linked,uniprotkb
P47898,21,N-linked,uniprotkb
A8MVW0,265,N-linked,uniprotkb
P49190,121,N-linked,uniprotkb
O14931,121,N-linked,uniprotkb
P49747,121,N-linked,uniprotkb
P36888,473,N-linked,uniprotkb
Q15743,8,N-linked,uniprotkb
P0C645,8,N-linked,uniprotkb
Q12889,580,N-linked,uniprotkb
P0DPD6,580,N-linked,uniprotkb
Q9UBG0,364,N-linked,uniprotkb
P19526,327,N-linked,uniprotkb
Q9BQT9,327,N-linked,uniprotkb
Q8NGN2,18,N-linked,uniprotkb
Q8NH07,18,N-linked,uniprotkb
P43115,18,N-linked,uniprotkb
O95477,521,N-linked,uniprotkb
Q7Z5A4,141,N-linked,uniprotkb
Q8NDX9,141,N-linked,uniprotkb
Q92673,1191,N-linked,uniprotkb
P82279,871,N-linked,uniprotkb
Q7Z7M9,217,N-linked,uniprotkb
Q16820,599,O-linked,uniprotkb
Q5VV63,778,N-linked,uniprotkb
Q9H106,174,N-linked,uniprotkb
O43921,174,N-linked,uniprotkb
P34925,174,N-linked,uniprotkb
O75718,363,N-linked,uniprotkb
P20273,363,N-linked,uniprotkb
Q05901,51,N-linked,uniprotkb
O15520,51,N-linked,uniprotkb
Q9NR16,441,N-linked,uniprotkb
O95622,870,N-linked,uniprotkb
P00740,203,N-linked,uniprotkb
P24043,1597,N-linked,uniprotkb
Q3KNS1,678,N-linked,uniprotkb
Q3SY77,52,N-linked,uniprotkb
Q9Y6M7,398,N-linked,uniprotkb
O60241,356,N-linked,uniprotkb
Q9H251,1818,N-linked,uniprotkb
Q92838,313,N-linked,uniprotkb
Q86UX2,776,N-linked,uniprotkb
P15514,119,N-linked,uniprotkb
O75751,119,N-linked,uniprotkb
Q49SQ1,19,N-linked,uniprotkb
P21452,19,N-linked,uniprotkb
Q16445,31,N-linked,uniprotkb
Q9Y5I4,280,N-linked,uniprotkb
P06756,851,N-linked,uniprotkb
Q06828,166,N-linked,uniprotkb
P30926,166,N-linked,uniprotkb
P08922,114,N-linked,uniprotkb
P51805,746,N-linked,uniprotkb
P24043,2478,N-linked,uniprotkb
Q6UXC1,281,N-linked,uniprotkb
Q9H1J5,281,N-linked,uniprotkb
Q8N436,281,N-linked,uniprotkb
P43632,144,N-linked,uniprotkb
Q14956,467,N-linked,uniprotkb
P20701,726,N-linked,uniprotkb
Q9BXX0,745,N-linked,uniprotkb
Q9UK05,136,N-linked,uniprotkb
A6NKB5,136,N-linked,uniprotkb
A8MXE2,96,N-linked,uniprotkb
Q6UXK5,96,N-linked,uniprotkb
Q07954,1195,N-linked,uniprotkb
Q02509,407,N-linked,uniprotkb
Q9C0A0,538,N-linked,uniprotkb
Q8TE57,835,N-linked,uniprotkb
Q9BZQ6,504,N-linked,uniprotkb
Q13651,154,N-linked,uniprotkb
Q9Y6C2,154,N-linked,uniprotkb
Q9HC56,148,N-linked,uniprotkb
Q8IUK5,80,N-linked,uniprotkb
Q96PL2,80,N-linked,uniprotkb
Q6Q4G3,168,N-linked,uniprotkb
O60469,795,N-linked,uniprotkb
Q8TDX9,1572,N-linked,uniprotkb
Q9NZR2,919,N-linked,uniprotkb
Q8N6C5,374,N-linked,uniprotkb
Q6UWB1,374,N-linked,uniprotkb
Q92496,374,N-linked,uniprotkb
Q9BZC7,379,N-linked,uniprotkb
P16066,379,N-linked,uniprotkb
Q07954,274,N-linked,uniprotkb
Q8N2Q7,109,N-linked,uniprotkb
Q86YL7,109,O-linked,uniprotkb
Q8N2G4,45,N-linked,uniprotkb
A0A0B4J240,45,N-linked,uniprotkb
Q9NSD5,173,N-linked,uniprotkb
Q14766,378,N-linked,uniprotkb
O75954,180,N-linked,uniprotkb
P16109,180,N-linked,uniprotkb
Q96PD6,180,N-linked,uniprotkb
Q6FHJ7,194,N-linked,uniprotkb
Q6UWF7,160,N-linked,uniprotkb
Q9HBW9,381,N-linked,uniprotkb
Q13003,381,N-linked,uniprotkb
P23510,90,N-linked,uniprotkb
O95206,616,N-linked,uniprotkb
P19835,207,N-linked,uniprotkb
O75339,631,N-linked,uniprotkb
P23470,631,N-linked,uniprotkb
Q8NBJ9,60,N-linked,uniprotkb
O00476,60,N-linked,uniprotkb
Q92823,507,N-linked,uniprotkb
Q9Y5F8,419,N-linked,uniprotkb
Q6V0I7,551,N-linked,uniprotkb
P51693,551,N-linked,uniprotkb
Q96LB8,22,N-linked,uniprotkb
P0DP72,376,N-linked,uniprotkb
P54756,369,N-linked,uniprotkb
O75445,611,N-linked,uniprotkb
Q13444,611,N-linked,uniprotkb
O95803,392,N-linked,uniprotkb
Q8IZF3,263,N-linked,uniprotkb
P82279,41,N-linked,uniprotkb
A0A075B6X5,41,N-linked,uniprotkb
Q14112,417,N-linked,uniprotkb
P46098,104,N-linked,uniprotkb
Q7Z692,104,N-linked,uniprotkb
Q00888,104,N-linked,uniprotkb
Q9HBL6,104,N-linked,uniprotkb
Q8WZ92,259,N-linked,uniprotkb
O43895,65,N-linked,uniprotkb
Q9Y267,125,N-linked,uniprotkb
P37288,27,N-linked,uniprotkb
Q12866,294,N-linked,uniprotkb
Q9NZV1,474,N-linked,uniprotkb
P17948,474,N-linked,uniprotkb
A6NKQ9,63,N-linked,uniprotkb
O00469,63,N-linked,uniprotkb
O15041,44,N-linked,uniprotkb
Q15155,50,N-linked,uniprotkb
A8MTL9,50,N-linked,uniprotkb
Q14264,527,N-linked,uniprotkb
P35968,511,N-linked,uniprotkb
Q86UK0,2178,N-linked,uniprotkb
Q9H6U8,593,N-linked,uniprotkb
Q9NT99,444,N-linked,uniprotkb
Q9P1P4,145,N-linked,uniprotkb
Q8TCU5,145,N-linked,uniprotkb
Q96QU1,1064,N-linked,uniprotkb
Q86Z14,554,N-linked,uniprotkb
Q5TAH2,447,N-linked,uniprotkb
Q96PE5,6,N-linked,uniprotkb
Q8NGL7,6,N-linked,uniprotkb
Q9NPI0,6,N-linked,uniprotkb
P98161,1348,N-linked,uniprotkb
Q99102,1348,O-linked,uniprotkb
P43146,299,N-linked,uniprotkb
P98164,299,N-linked,uniprotkb
Q12866,395,N-linked,uniprotkb
Q9HB29,250,N-linked,uniprotkb
Q969V3,241,N-linked,uniprotkb
P61812,241,N-linked,uniprotkb
Q9NZJ5,258,N-linked,uniprotkb
Q12860,258,N-linked,uniprotkb
Q96RV3,852,N-linked,uniprotkb
Q9UHC9,506,N-linked,uniprotkb
P20594,161,N-linked,uniprotkb
Q14435,484,N-linked,uniprotkb
P25089,4,N-linked,uniprotkb
A4D2G3,4,N-linked,uniprotkb
P49286,4,N-linked,uniprotkb
Q9P0T7,38,N-linked,uniprotkb
Q9UKJ0,100,N-linked,uniprotkb
Q8J025,100,N-linked,uniprotkb
Q9C0C4,106,N-linked,uniprotkb
A0A0A6YYD4,106,N-linked,uniprotkb
Q92859,909,N-linked,uniprotkb
Q96DN2,472,N-linked,uniprotkb
Q9UKX5,462,N-linked,uniprotkb
P20309,48,N-linked,uniprotkb
Q6UWK7,48,N-linked,uniprotkb
Q96DR8,47,O-linked,uniprotkb
A0A087X1C5,416,N-linked,uniprotkb
O75882,253,N-linked,uniprotkb
O95803,146,N-linked,uniprotkb
Q9NYB5,146,N-linked,uniprotkb
P05111,146,N-linked,uniprotkb
Q9NYK1,167,N-linked,uniprotkb
Q6AZY7,337,N-linked,uniprotkb
A2VEC9,1664,N-linked,uniprotkb
Q6UVK1,772,N-linked,uniprotkb
P43627,211,N-linked,uniprotkb
P14784,29,N-linked,uniprotkb
Q6UWF7,29,N-linked,uniprotkb
Q5T6X5,590,N-linked,uniprotkb
Q9H6L2,221,N-linked,uniprotkb
O43405,221,N-linked,uniprotkb
Q9Y493,333,N-linked,uniprotkb
Q14517,333,N-linked,uniprotkb
Q99102,802,O-linked,uniprotkb
Q76LX8,142,N-linked,uniprotkb
P28906,142,N-linked,uniprotkb
P32004,490,N-linked,uniprotkb
P41586,300,N-linked,uniprotkb
P42658,471,N-linked,uniprotkb
Q9Y6L7,628,N-linked,uniprotkb
Q8IWU6,170,N-linked,uniprotkb
O75631,170,N-linked,uniprotkb
Q8TE58,679,N-linked,uniprotkb
Q86VR8,248,N-linked,uniprotkb
Q8NCC5,266,N-linked,uniprotkb
Q6UXK2,563,N-linked,uniprotkb
Q58EX2,1102,N-linked,uniprotkb
P11230,164,N-linked,uniprotkb
P58397,1301,N-linked,uniprotkb
Q9UKX5,358,N-linked,uniprotkb
Q14112,358,O-linked,uniprotkb
Q4ZHG4,149,N-linked,uniprotkb
O43699,149,N-linked,uniprotkb
O75355,149,N-linked,uniprotkb
O14514,401,N-linked,uniprotkb
Q9HCU0,401,O-linked,uniprotkb
Q8TD20,401,N-linked,uniprotkb
Q9NY15,1178,N-linked,uniprotkb
Q96MS0,156,N-linked,uniprotkb
Q8N614,156,N-linked,uniprotkb
O60477,156,N-linked,uniprotkb
Q9P2V4,156,N-linked,uniprotkb
Q9Y219,570,N-linked,uniprotkb
Q7Z5N4,1333,N-linked,uniprotkb
Q8TB96,36,N-linked,uniprotkb
Q9NY15,2379,N-linked,uniprotkb
Q9NR16,42,N-linked,uniprotkb
A0A087WT01,42,N-linked,uniprotkb
P19634,42,O-linked,uniprotkb
Q8WWA0,163,N-linked,uniprotkb
P78333,237,N-linked,uniprotkb
Q9BZA7,773,N-linked,uniprotkb
Q07954,4179,N-linked,uniprotkb
O15230,3257,N-linked,uniprotkb
Q9HC84,2749,N-linked,uniprotkb
Q99102,2516,O-linked,uniprotkb
Q8WXI7,12725,N-linked,uniprotkb
P22105,3920,N-linked,uniprotkb
P08F94,3726,N-linked,uniprotkb
Q99102,3828,O-linked,uniprotkb
Q99102,3798,O-linked,uniprotkb
P04275,2790,N-linked,uniprotkb
Q99102,3614,O-linked,uniprotkb
Q99102,3102,O-linked,uniprotkb
Q99102,3455,O-linked,uniprotkb
Q99102,2942,O-linked,uniprotkb
Q02817,5080,N-linked,uniprotkb
Q8WXI7,5689,N-linked,uniprotkb
Q8WXI7,6732,N-linked,uniprotkb
Q8WXI7,6859,N-linked,uniprotkb
Q9H251,810,N-linked,uniprotkb
P08F94,1879,N-linked,uniprotkb
Q99102,4159,O-linked,uniprotkb
Q7Z408,2394,N-linked,uniprotkb
Q99102,3732,O-linked,uniprotkb
Q9NZR2,2458,N-linked,uniprotkb
Q99102,3035,O-linked,uniprotkb
P58397,952,N-linked,uniprotkb
O60449,1593,N-linked,uniprotkb
P09848,1761,N-linked,uniprotkb
P08F94,2144,N-linked,uniprotkb
Q5T1H1,2170,N-linked,uniprotkb
O60494,2923,N-linked,uniprotkb
Q07954,2117,N-linked,uniprotkb
O60494,2117,N-linked,uniprotkb
Q99102,3151,O-linked,uniprotkb
P78504,991,N-linked,uniprotkb
Q9UKN1,4571,N-linked,uniprotkb
P98164,3355,N-linked,uniprotkb
Q7Z407,3522,N-linked,uniprotkb
Q9UKN1,3350,N-linked,uniprotkb
Q99102,2196,O-linked,uniprotkb
Q99102,1396,O-linked,uniprotkb
Q7Z407,3194,N-linked,uniprotkb
Q96JQ0,2569,N-linked,uniprotkb
Q685J3,3344,N-linked,uniprotkb
P98161,2567,N-linked,uniprotkb
Q99102,3092,O-linked,uniprotkb
Q99102,3179,O-linked,uniprotkb
Q99102,4272,O-linked,uniprotkb
Q99102,3899,O-linked,uniprotkb
O75445,4691,N-linked,uniprotkb
Q99102,4123,O-linked,uniprotkb
Q5SZK8,1584,N-linked,uniprotkb
Q9NR16,1354,N-linked,uniprotkb
Q99102,2351,O-linked,uniprotkb
Q9UQ52,957,N-linked,uniprotkb
P08F94,2471,N-linked,uniprotkb
Q99102,2959,O-linked,uniprotkb
O00469,522,N-linked,uniprotkb
O60469,487,N-linked,uniprotkb
P32004,849,N-linked,uniprotkb
P20916,315,N-linked,uniprotkb
P46531,311,O-linked,uniprotkb
Q8NDA2,2088,N-linked,uniprotkb
P78423,183,O-linked,uniprotkb
O94923,393,N-linked,uniprotkb
P49908,83,N-linked,uniprotkb
Q02817,1281,O-linked,uniprotkb
P36888,306,N-linked,uniprotkb
Q9UBV2,272,N-linked,uniprotkb
P30203,229,N-linked,uniprotkb
P21815,229,O-linked,uniprotkb
Q15465,278,N-linked,uniprotkb
Q15904,273,N-linked,uniprotkb
P11215,940,N-linked,uniprotkb
P03951,491,N-linked,uniprotkb
Q9UHG3,353,N-linked,uniprotkb
P18827,37,O-linked,uniprotkb
P17181,58,N-linked,uniprotkb
P26012,421,N-linked,uniprotkb
Q92820,307,N-linked,uniprotkb
Q4G0M1,295,N-linked,uniprotkb
A0A5B6,103,N-linked,uniprotkb
P12830,285,O-linked,uniprotkb
P00751,285,N-linked,uniprotkb
Q16706,1125,N-linked,uniprotkb
Q9HCB6,620,C-linked,uniprotkb
O75882,264,N-linked,uniprotkb
O15455,252,N-linked,uniprotkb
P35555,552,O-linked,uniprotkb
P28799,118,N-linked,uniprotkb
Q96F46,54,N-linked,uniprotkb
P04275,1263,O-linked,uniprotkb
P35556,1263,O-linked,uniprotkb
P01266,529,N-linked,uniprotkb
P02786,727,N-linked,uniprotkb
P55290,530,N-linked,uniprotkb
O76082,57,N-linked,uniprotkb
P04180,431,O-linked,uniprotkb
Q04118,89,O-linked,uniprotkb
P28827,544,N-linked,uniprotkb
P04001,34,N-linked,uniprotkb
O60242,625,N-linked,uniprotkb
P80370,94,O-linked,uniprotkb
Q9UHG2,228,O-linked,uniprotkb
P12318,97,N-linked,uniprotkb
P29965,240,N-linked,uniprotkb
Q6P1J6,240,N-linked,uniprotkb
O43909,290,N-linked,uniprotkb
P27918,382,C-linked,uniprotkb
Q8WXD2,231,O-linked,uniprotkb
P01266,76,N-linked,uniprotkb
P07911,76,N-linked,uniprotkb
P19397,129,N-linked,uniprotkb
P41145,25,N-linked,uniprotkb
P16581,25,N-linked,uniprotkb
P28845,123,N-linked,uniprotkb
Q8TB96,188,N-linked,uniprotkb
O00533,562,N-linked,uniprotkb
P35555,1218,O-linked,uniprotkb
P05112,62,N-linked,uniprotkb
Q16853,212,O-linked,uniprotkb
P84095,35,O-linked,uniprotkb
P05000,101,N-linked,uniprotkb
Q9H3G5,81,N-linked,uniprotkb
P40197,181,N-linked,uniprotkb
Q16790,346,N-linked,uniprotkb
Q9C0H2,126,N-linked,uniprotkb
Q16620,67,N-linked,uniprotkb
Q13433,67,N-linked,uniprotkb
P12830,576,O-linked,uniprotkb
P46977,548,N-linked,uniprotkb
P29622,157,N-linked,uniprotkb
Q14524,318,N-linked,uniprotkb
Q07075,678,N-linked,uniprotkb
P01008,224,N-linked,uniprotkb
P19022,692,N-linked,uniprotkb
P49908,119,N-linked,uniprotkb
P22304,280,N-linked,uniprotkb
P32942,134,N-linked,uniprotkb
Q6ZMJ2,134,N-linked,uniprotkb
P04233,281,O-linked,uniprotkb
Q9Y227,407,N-linked,uniprotkb
Q86VZ1,11,N-linked,uniprotkb
P40189,379,N-linked,uniprotkb
Q8NDA2,1268,N-linked,uniprotkb
P05362,385,N-linked,uniprotkb
Q92954,555,O-linked,uniprotkb
Q9H8L6,115,O-linked,uniprotkb
Q68D85,43,N-linked,uniprotkb
P08648,84,N-linked,uniprotkb
P20933,308,N-linked,uniprotkb
Q14393,420,N-linked,uniprotkb
Q13332,263,N-linked,uniprotkb
P28067,41,N-linked,uniprotkb
P35916,104,N-linked,uniprotkb
P13501,27,O-linked,uniprotkb
Q9H8L6,63,O-linked,uniprotkb
P19835,629,O-linked,uniprotkb
P04921,32,O-linked,uniprotkb
P01848,32,N-linked,uniprotkb
P78348,395,N-linked,uniprotkb
P11215,946,N-linked,uniprotkb
P04003,506,N-linked,uniprotkb
Q05586,350,N-linked,uniprotkb
Q13231,100,N-linked,uniprotkb
P55268,1499,N-linked,uniprotkb
P01579,48,N-linked,uniprotkb
P11117,167,N-linked,uniprotkb
Q16585,211,N-linked,uniprotkb
P22413,341,N-linked,uniprotkb
P00533,175,N-linked,uniprotkb
P34810,279,N-linked,uniprotkb
Q8WWZ8,291,N-linked,uniprotkb
Q9Y4L1,931,N-linked,uniprotkb
O00468,1835,O-linked,uniprotkb
P04062,185,N-linked,uniprotkb
P02760,36,N-linked,uniprotkb
P16150,42,O-linked,uniprotkb
P78509,305,N-linked,uniprotkb
P13611,2767,O-linked,uniprotkb
Q8NDA2,2961,N-linked,uniprotkb
P98088,4568,O-linked,uniprotkb
P04114,3224,N-linked,uniprotkb
P98160,3780,N-linked,uniprotkb
P13611,1935,O-linked,uniprotkb
Q9UGM3,2188,N-linked,uniprotkb
P35556,2193,O-linked,uniprotkb
P08519,1461,N-linked,uniprotkb
Q9Y6R7,2518,N-linked,uniprotkb
Q9ULB1,1355,O-linked,uniprotkb
P98088,2531,O-linked,uniprotkb
Q7Z407,1280,N-linked,uniprotkb
Q01973,315,N-linked,uniprotkb
Q13683,786,N-linked,uniprotkb
Q07954,1155,N-linked,uniprotkb
Q96RV3,1155,N-linked,uniprotkb
Q6WRI0,774,N-linked,uniprotkb
Q9NX78,535,N-linked,uniprotkb
O94779,449,N-linked,uniprotkb
O94985,515,N-linked,uniprotkb
Q6UY18,515,N-linked,uniprotkb
Q9Y2E5,748,N-linked,uniprotkb
O60494,3103,N-linked,uniprotkb
Q86WI1,2320,O-linked,uniprotkb
O43897,390,N-linked,uniprotkb
Q13822,411,N-linked,uniprotkb
Q8N6C5,939,N-linked,uniprotkb
Q99102,3150,O-linked,uniprotkb
Q13219,1222,N-linked,uniprotkb
Q7Z5N4,572,N-linked,uniprotkb
P34741,55,O-linked,uniprotkb
P40238,178,N-linked,uniprotkb
Q9NR71,564,N-linked,uniprotkb
Q99102,1934,O-linked,uniprotkb
Q9P273,1640,N-linked,uniprotkb
Q9UJA9,158,N-linked,uniprotkb
P34820,158,N-linked,uniprotkb
Q8TBP5,83,N-linked,uniprotkb
Q92692,137,N-linked,uniprotkb
Q6UXG3,137,O-linked,uniprotkb
Q15399,137,N-linked,uniprotkb
Q86YB8,383,N-linked,uniprotkb
Q9NZR2,725,N-linked,uniprotkb
Q9BWV1,725,N-linked,uniprotkb
Q9BZZ2,499,N-linked,uniprotkb
Q6ZWJ8,499,N-linked,uniprotkb
Q9UIQ6,989,N-linked,uniprotkb
Q13683,989,N-linked,uniprotkb
P28476,254,N-linked,uniprotkb
Q9NTG1,306,N-linked,uniprotkb
P08173,13,N-linked,uniprotkb
Q99705,13,N-linked,uniprotkb
O95461,272,N-linked,uniprotkb
Q5VXI9,272,N-linked,uniprotkb
P42702,481,N-linked,uniprotkb
O43451,749,N-linked,uniprotkb
Q9NZW4,209,N-linked,uniprotkb
Q14832,209,N-linked,uniprotkb
O60243,320,N-linked,uniprotkb
P23471,1122,N-linked,uniprotkb
O00462,28,N-linked,uniprotkb
Q9Y5F9,304,N-linked,uniprotkb
Q16099,408,N-linked,uniprotkb
Q99102,4020,O-linked,uniprotkb
Q9H251,2129,N-linked,uniprotkb
Q99102,1323,O-linked,uniprotkb
O75051,91,N-linked,uniprotkb
Q9H7M9,91,N-linked,uniprotkb
Q9UKP5,956,N-linked,uniprotkb
Q6UY09,415,N-linked,uniprotkb
Q13003,415,N-linked,uniprotkb
Q96MS0,813,N-linked,uniprotkb
Q9UN88,127,N-linked,uniprotkb
Q92496,127,N-linked,uniprotkb
Q8N387,155,N-linked,uniprotkb
P0DPK3,155,N-linked,uniprotkb
P42702,445,N-linked,uniprotkb
O75900,92,N-linked,uniprotkb
P0DP01,92,N-linked,uniprotkb
Q29983,220,N-linked,uniprotkb
I3L273,220,N-linked,uniprotkb
Q86WI1,1839,O-linked,uniprotkb
Q30201,110,N-linked,uniprotkb
Q8IUK5,197,N-linked,uniprotkb
Q9Y6C2,561,N-linked,uniprotkb
Q15846,412,N-linked,uniprotkb
Q92959,491,N-linked,uniprotkb
Q16515,365,N-linked,uniprotkb
P40238,117,N-linked,uniprotkb
Q6UXK5,117,N-linked,uniprotkb
Q6ZNI0,87,N-linked,uniprotkb
Q6X784,87,N-linked,uniprotkb
Q99965,353,N-linked,uniprotkb
Q9NS62,53,N-linked,uniprotkb
Q075Z2,53,N-linked,uniprotkb
Q04671,214,N-linked,uniprotkb
Q99102,1086,O-linked,uniprotkb
Q14831,458,N-linked,uniprotkb
P59901,239,N-linked,uniprotkb
P16442,113,N-linked,uniprotkb
P22004,269,N-linked,uniprotkb
Q96DU3,58,N-linked,uniprotkb
Q8NCC5,58,N-linked,uniprotkb
Q14916,58,N-linked,uniprotkb
Q9P2N4,1213,N-linked,uniprotkb
Q86UK0,435,N-linked,uniprotkb
Q9H172,422,N-linked,uniprotkb
Q99102,1588,O-linked,uniprotkb
Q96KJ4,307,N-linked,uniprotkb
O14756,256,N-linked,uniprotkb
Q9Y5H6,257,N-linked,uniprotkb
Q9H251,466,N-linked,uniprotkb
Q9H8L6,261,N-linked,uniprotkb
Q6ZS10,215,N-linked,uniprotkb
O94991,103,N-linked,uniprotkb
P78536,498,N-linked,uniprotkb
Q9ULB4,437,N-linked,uniprotkb
Q6UXX5,594,N-linked,uniprotkb
Q8TCU5,285,N-linked,uniprotkb
Q92832,758,N-linked,uniprotkb
Q5VTL7,433,N-linked,uniprotkb
Q92496,433,N-linked,uniprotkb
Q8NGR1,23,N-linked,uniprotkb
P51684,23,N-linked,uniprotkb
Q7RTW8,911,N-linked,uniprotkb
Q9NR16,1084,N-linked,uniprotkb
Q9UKZ4,1084,N-linked,uniprotkb
Q03167,697,N-linked,uniprotkb
Q8N5G2,340,N-linked,uniprotkb
Q6ZWJ8,340,N-linked,uniprotkb
P16871,182,N-linked,uniprotkb
Q8IZF3,264,N-linked,uniprotkb
P54756,264,N-linked,uniprotkb
Q9HB63,56,N-linked,uniprotkb
P35499,303,N-linked,uniprotkb
P15529,303,O-linked,uniprotkb
P23471,497,N-linked,uniprotkb
Q9Y5X9,469,N-linked,uniprotkb
P38570,271,N-linked,uniprotkb
O00591,196,N-linked,uniprotkb
Q6UVK1,348,N-linked,uniprotkb
P40225,348,N-linked,uniprotkb
P18084,505,N-linked,uniprotkb
Q14953,223,N-linked,uniprotkb
Q8NG85,88,N-linked,uniprotkb
O60487,118,N-linked,uniprotkb
Q13433,684,N-linked,uniprotkb
Q8NBJ9,54,N-linked,uniprotkb
Q8IXH8,171,N-linked,uniprotkb
Q9NR99,633,N-linked,uniprotkb
Q9H8J5,251,N-linked,uniprotkb
Q12860,933,N-linked,uniprotkb
Q9NR16,377,N-linked,uniprotkb
Q9BTY2,377,N-linked,uniprotkb
Q9ULL4,615,N-linked,uniprotkb
O95477,292,N-linked,uniprotkb
Q9UNP4,86,N-linked,uniprotkb
Q9Y5E2,436,N-linked,uniprotkb
Q9BZV3,190,O-linked,uniprotkb
P26718,202,N-linked,uniprotkb
Q6NUS6,78,N-linked,uniprotkb
Q8NFP4,331,N-linked,uniprotkb
Q8N475,394,N-linked,uniprotkb
P60507,322,N-linked,uniprotkb
Q7Z7M9,827,N-linked,uniprotkb
Q2HXU8,176,N-linked,uniprotkb
O94956,176,N-linked,uniprotkb
Q14114,176,N-linked,uniprotkb
Q8NG78,40,N-linked,uniprotkb
Q9BRK5,40,N-linked,uniprotkb
O94813,623,N-linked,uniprotkb
P28906,85,N-linked,uniprotkb
Q8N3T1,107,N-linked,uniprotkb
P28906,107,N-linked,uniprotkb
Q7Z404,107,N-linked,uniprotkb
P20645,57,N-linked,uniprotkb
O75074,359,N-linked,uniprotkb
P23470,359,N-linked,uniprotkb
Q7RTY7,431,N-linked,uniprotkb
P39059,814,N-linked,uniprotkb
Q96LA9,89,N-linked,uniprotkb
Q14957,70,N-linked,uniprotkb
Q9NSC7,375,N-linked,uniprotkb
Q86SQ4,485,N-linked,uniprotkb
P23471,232,N-linked,uniprotkb
Q02246,204,N-linked,uniprotkb
Q8N2S1,352,N-linked,uniprotkb
Q9UKJ8,227,N-linked,uniprotkb
Q9Y278,102,N-linked,uniprotkb
Q63ZE4,102,N-linked,uniprotkb
Q4VNC0,819,N-linked,uniprotkb
Q9BYE9,775,N-linked,uniprotkb
Q9UBX8,71,N-linked,uniprotkb
O60896,71,N-linked,uniprotkb
Q9NS66,3,N-linked,uniprotkb
P0DN82,3,N-linked,uniprotkb
Q9NQS5,3,N-linked,uniprotkb
Q9Y5H2,546,N-linked,uniprotkb
A3KMH1,855,N-linked,uniprotkb
Q9NR96,694,N-linked,uniprotkb
P58397,685,N-linked,uniprotkb
Q14126,309,N-linked,uniprotkb
P53708,923,N-linked,uniprotkb
O43291,94,N-linked,uniprotkb
Q8IWU6,64,N-linked,uniprotkb
Q8N8Z6,64,N-linked,uniprotkb
Q5IJ48,690,N-linked,uniprotkb
P09958,387,N-linked,uniprotkb
Q96K78,387,N-linked,uniprotkb
Q9NP70,112,O-linked,uniprotkb
P56199,112,N-linked,uniprotkb
Q9NPD5,503,N-linked,uniprotkb
Q6UWU2,97,N-linked,uniprotkb
Q9UK85,97,N-linked,uniprotkb
P11362,240,N-linked,uniprotkb
Q9P2E7,557,N-linked,uniprotkb
Q9P0X4,244,N-linked,uniprotkb
O75888,124,N-linked,uniprotkb
P29460,135,N-linked,uniprotkb
Q9HBE5,135,N-linked,uniprotkb
Q9P246,135,N-linked,uniprotkb
Q13214,427,N-linked,uniprotkb
O00451,413,N-linked,uniprotkb
P42262,413,N-linked,uniprotkb
Q9NYK1,413,N-linked,uniprotkb
Q96RN1,192,N-linked,uniprotkb
P0DMS9,192,N-linked,uniprotkb
P49281,336,N-linked,uniprotkb
P07949,199,N-linked,uniprotkb
Q6UWB1,76,N-linked,uniprotkb
O94910,98,N-linked,uniprotkb
Q99523,98,N-linked,uniprotkb
Q9UJ90,25,N-linked,uniprotkb
Q9Y6A1,539,N-linked,uniprotkb
Q9UEF7,612,N-linked,uniprotkb
P47884,5,N-linked,uniprotkb
Q15612,5,N-linked,uniprotkb
Q8NH04,5,N-linked,uniprotkb
A6NKK0,5,N-linked,uniprotkb
O76100,5,N-linked,uniprotkb
Q9UEF7,607,N-linked,uniprotkb
A6NKB5,550,N-linked,uniprotkb
Q86UK0,1952,N-linked,uniprotkb
P46091,14,N-linked,uniprotkb
P09529,93,N-linked,uniprotkb
Q9NT22,562,N-linked,uniprotkb
P78333,120,N-linked,uniprotkb
Q9HBG7,120,N-linked,uniprotkb
P41221,120,N-linked,uniprotkb
P52798,33,N-linked,uniprotkb
Q9UKP6,33,N-linked,uniprotkb
O75121,33,N-linked,uniprotkb
Q8TE60,151,N-linked,uniprotkb
Q99102,1622,O-linked,uniprotkb
P54764,235,N-linked,uniprotkb
P24821,1534,N-linked,uniprotkb
Q9UF33,410,N-linked,uniprotkb
P17948,666,N-linked,uniprotkb
Q5JS37,101,N-linked,uniprotkb
O75443,1565,N-linked,uniprotkb
Q8WZ79,81,N-linked,uniprotkb
Q9UJ90,2,N-linked,uniprotkb
Q9UN67,181,N-linked,uniprotkb
P13611,782,N-linked,uniprotkb
Q9HAT2,267,N-linked,uniprotkb
Q9BXR5,140,N-linked,uniprotkb
Q9H1U4,245,N-linked,uniprotkb
Q9NR71,74,O-linked,uniprotkb
P04234,74,N-linked,uniprotkb
Q9UBQ6,74,N-linked,uniprotkb
Q9NZV5,126,N-linked,uniprotkb
P41221,326,N-linked,uniprotkb
Q6EBC2,67,N-linked,uniprotkb
Q96DR8,67,O-linked,uniprotkb
P23471,1050,N-linked,uniprotkb
Q9BUJ0,201,N-linked,uniprotkb
P41439,201,N-linked,uniprotkb
P41146,21,N-linked,uniprotkb
O94856,446,N-linked,uniprotkb
Q9Y5H5,265,N-linked,uniprotkb
P29323,265,N-linked,uniprotkb
Q8NGG0,265,N-linked,uniprotkb
Q9UN74,265,N-linked,uniprotkb
Q04900,121,N-linked,uniprotkb
Q6UXK2,121,N-linked,uniprotkb
P20023,372,N-linked,uniprotkb
Q6ZVN8,372,N-linked,uniprotkb
Q9UKF2,372,N-linked,uniprotkb
Q9GZU3,8,N-linked,uniprotkb
P01133,596,N-linked,uniprotkb
Q12889,596,N-linked,uniprotkb
Q99102,364,O-linked,uniprotkb
Q86UL3,327,N-linked,uniprotkb
O75578,234,N-linked,uniprotkb
Q99102,2587,O-linked,uniprotkb
Q5VY43,575,N-linked,uniprotkb
O43155,521,N-linked,uniprotkb
P10696,141,N-linked,uniprotkb
Q92482,141,N-linked,uniprotkb
Q8TE58,141,N-linked,uniprotkb
P25391,665,N-linked,uniprotkb
Q13201,828,N-linked,uniprotkb
P51805,548,N-linked,uniprotkb
O60242,51,N-linked,uniprotkb
Q9Y5H3,549,N-linked,uniprotkb
Q99102,2187,O-linked,uniprotkb
Q92563,388,O-linked,uniprotkb
O75330,477,N-linked,uniprotkb
Q12866,354,N-linked,uniprotkb
O75096,719,N-linked,uniprotkb
Q8IZF7,313,N-linked,uniprotkb
P28827,534,N-linked,uniprotkb
P82279,1273,N-linked,uniprotkb
Q99102,1723,O-linked,uniprotkb
O00590,19,N-linked,uniprotkb
O43653,31,N-linked,uniprotkb
P23471,134,N-linked,uniprotkb
O75443,560,N-linked,uniprotkb
Q9HCU4,2043,N-linked,uniprotkb
P82987,293,N-linked,uniprotkb
Q8N441,293,N-linked,uniprotkb
P02765,293,O-linked,uniprotkb
P35916,166,N-linked,uniprotkb
O75976,879,N-linked,uniprotkb
Q01973,66,N-linked,uniprotkb
Q10588,66,N-linked,uniprotkb
Q12866,114,N-linked,uniprotkb
Q96NY8,281,N-linked,uniprotkb
O75019,281,N-linked,uniprotkb
Q8IZP9,144,N-linked,uniprotkb
Q9Y691,96,N-linked,uniprotkb
Q7Z442,96,N-linked,uniprotkb
O15466,96,N-linked,uniprotkb
Q9Y6N7,463,N-linked,uniprotkb
Q92485,72,N-linked,uniprotkb
Q86UL3,247,N-linked,uniprotkb
P18075,187,N-linked,uniprotkb
P31994,187,N-linked,uniprotkb
P20851,154,N-linked,uniprotkb
Q8N387,148,N-linked,uniprotkb
Q13449,148,N-linked,uniprotkb
P14410,1235,N-linked,uniprotkb
Q13635,875,N-linked,uniprotkb
O75443,1864,N-linked,uniprotkb
Q14517,1864,N-linked,uniprotkb
Q9HB29,109,N-linked,uniprotkb
P20036,109,N-linked,uniprotkb
Q6UX04,109,N-linked,uniprotkb
Q96RV3,109,N-linked,uniprotkb
P23470,109,N-linked,uniprotkb
Q8WTV0,173,N-linked,uniprotkb
Q9Y2C2,173,N-linked,uniprotkb
Q9Y336,138,N-linked,uniprotkb
Q6UXK5,385,N-linked,uniprotkb
Q6V1P9,669,N-linked,uniprotkb
Q9GZQ4,194,N-linked,uniprotkb
Q99102,2331,O-linked,uniprotkb
P46095,9,N-linked,uniprotkb
Q6P4A8,366,N-linked,uniprotkb
O75355,381,N-linked,uniprotkb
Q9P2J2,524,N-linked,uniprotkb
Q14CN2,832,N-linked,uniprotkb
P08F94,1602,N-linked,uniprotkb
Q6IS24,461,N-linked,uniprotkb
Q7Z5N4,301,N-linked,uniprotkb
P0DN25,301,N-linked,uniprotkb
Q8N423,301,N-linked,uniprotkb
P78410,115,N-linked,uniprotkb
P0DPD6,207,N-linked,uniprotkb
P36896,43,N-linked,uniprotkb
A6NMB1,43,N-linked,uniprotkb
P14778,297,N-linked,uniprotkb
O00462,297,N-linked,uniprotkb
P78333,507,O-linked,uniprotkb
Q6UY09,317,N-linked,uniprotkb
Q5SY80,414,N-linked,uniprotkb
P15812,84,N-linked,uniprotkb
P25100,82,N-linked,uniprotkb
P05120,339,N-linked,uniprotkb
P29122,259,N-linked,uniprotkb
Q96D42,65,N-linked,uniprotkb
P23467,172,N-linked,uniprotkb
P08962,172,N-linked,uniprotkb
O75578,733,N-linked,uniprotkb
Q92847,27,N-linked,uniprotkb
Q96L08,27,N-linked,uniprotkb
P31358,27,N-linked,uniprotkb
Q8IVU1,604,N-linked,uniprotkb
Q9NR16,1318,N-linked,uniprotkb
Q7Z410,547,N-linked,uniprotkb
Q86UE6,63,N-linked,uniprotkb
P56202,50,N-linked,uniprotkb
Q6UXV0,50,N-linked,uniprotkb
Q9BYZ8,50,N-linked,uniprotkb
Q96HA4,128,N-linked,uniprotkb
O60242,779,N-linked,uniprotkb
Q9BZ11,145,N-linked,uniprotkb
Q9NPD5,145,N-linked,uniprotkb
Q8NGR6,6,N-linked,uniprotkb
Q14CN2,852,N-linked,uniprotkb
O75443,506,N-linked,uniprotkb
O95477,161,N-linked,uniprotkb
Q8NBM4,161,N-linked,uniprotkb
Q6UWL6,484,N-linked,uniprotkb
Q9HBV1,4,N-linked,uniprotkb
Q96R48,4,N-linked,uniprotkb
P30989,4,N-linked,uniprotkb
P22794,38,N-linked,uniprotkb
Q07444,100,N-linked,uniprotkb
A6NDV4,100,N-linked,uniprotkb
A2VEC9,4906,N-linked,uniprotkb
Q4KMG0,287,N-linked,uniprotkb
P00451,1074,N-linked,uniprotkb
A6NKB5,598,N-linked,uniprotkb
Q9H8L6,472,N-linked,uniprotkb
Q96I82,159,N-linked,uniprotkb
Q96K78,159,N-linked,uniprotkb
Q7L1S5,159,N-linked,uniprotkb
A2VEC9,1994,N-linked,uniprotkb
Q9H1U4,205,N-linked,uniprotkb
Q07092,47,N-linked,uniprotkb
P18827,47,O-linked,uniprotkb
Q8IZU9,253,N-linked,uniprotkb
P42081,146,N-linked,uniprotkb
O60637,167,N-linked,uniprotkb
P30874,29,N-linked,uniprotkb
Q7Z3F1,29,N-linked,uniprotkb
A8MVW0,221,N-linked,uniprotkb
P57727,221,N-linked,uniprotkb
Q9H2X9,333,N-linked,uniprotkb
Q04900,142,O-linked,uniprotkb
Q02742,95,N-linked,uniprotkb
Q9UBS9,955,N-linked,uniprotkb
Q6UWL2,563,N-linked,uniprotkb
Q9BZW8,164,N-linked,uniprotkb
Q9HCU0,619,O-linked,uniprotkb
Q92823,619,N-linked,uniprotkb
O95158,149,N-linked,uniprotkb
O00220,156,N-linked,uniprotkb
P22413,585,N-linked,uniprotkb
Q70SY1,517,N-linked,uniprotkb
Q9UPC5,36,N-linked,uniprotkb
P49683,36,N-linked,uniprotkb
P29972,42,N-linked,uniprotkb
Q99650,163,N-linked,uniprotkb
P13942,1604,N-linked,uniprotkb
Q96NI6,330,N-linked,uniprotkb
Q14517,1426,N-linked,uniprotkb
P53708,896,N-linked,uniprotkb
O75445,3653,N-linked,uniprotkb
Q96JQ0,2761,N-linked,uniprotkb
Q99102,4116,O-linked,uniprotkb
Q8WXI7,5863,N-linked,uniprotkb
Q8WXI7,11367,N-linked,uniprotkb
Q8WXI7,13193,N-linked,uniprotkb
Q8WXI7,12168,N-linked,uniprotkb
Q8WXI7,13521,N-linked,uniprotkb
P98161,810,N-linked,uniprotkb
Q99102,1556,O-linked,uniprotkb
P12259,2010,N-linked,uniprotkb
P08F94,1475,N-linked,uniprotkb
Q9NT68,1616,N-linked,uniprotkb
Q99102,3227,O-linked,uniprotkb
P08F94,1527,N-linked,uniprotkb
Q99102,1407,O-linked,uniprotkb
P04114,983,N-linked,uniprotkb
Q9P273,1820,N-linked,uniprotkb
Q07954,2601,N-linked,uniprotkb
Q99102,2150,O-linked,uniprotkb
Q99102,2923,O-linked,uniprotkb
Q9UPZ6,1500,N-linked,uniprotkb
Q99102,2756,O-linked,uniprotkb
O60469,1488,N-linked,uniprotkb
Q99102,2683,O-linked,uniprotkb
Q8TDW7,1945,N-linked,uniprotkb
Q99102,3940,O-linked,uniprotkb
Q96PZ7,2470,N-linked,uniprotkb
Q99102,1766,O-linked,uniprotkb
P98164,3564,N-linked,uniprotkb
Q5VU65,1445,N-linked,uniprotkb
Q9C0I4,1524,N-linked,uniprotkb
O43451,2568,N-linked,uniprotkb
P35555,1669,N-linked,uniprotkb
P08922,1669,N-linked,uniprotkb
Q99102,3188,O-linked,uniprotkb
O75094,1406,N-linked,uniprotkb
Q92673,1458,N-linked,uniprotkb
Q9H251,2941,N-linked,uniprotkb
P46531,1489,N-linked,uniprotkb
P78509,3184,N-linked,uniprotkb
O75445,4943,N-linked,uniprotkb
Q99102,2132,O-linked,uniprotkb
Q8WWQ8,1367,N-linked,uniprotkb
Q99102,3947,O-linked,uniprotkb
Q9UNI1,79,N-linked,uniprotkb
Q6EIG7,170,N-linked,uniprotkb
Q15165,269,N-linked,uniprotkb
Q9H3U7,362,N-linked,uniprotkb
Q15166,269,N-linked,uniprotkb
Q08345,211,N-linked,uniprotkb
P28039,207,N-linked,uniprotkb
Q9H4F8,374,N-linked,uniprotkb
Q9H2X3,361,N-linked,uniprotkb
Q8TAB3,485,N-linked,uniprotkb
P27169,270,N-linked,uniprotkb
P63000,35,O-linked,uniprotkb
Q07837,214,N-linked,uniprotkb
P46531,435,O-linked,uniprotkb
Q5QJU3,23,N-linked,uniprotkb
P07602,215,N-linked,uniprotkb
P04921,8,N-linked,uniprotkb
P01266,2122,N-linked,uniprotkb
P07225,499,N-linked,uniprotkb
Q4G0M1,333,N-linked,uniprotkb
P01266,1869,N-linked,uniprotkb
P01042,48,N-linked,uniprotkb
P08887,245,N-linked,uniprotkb
P01266,110,N-linked,uniprotkb
P02760,215,O-linked,uniprotkb
P02724,36,O-linked,uniprotkb
P07288,69,N-linked,uniprotkb
P02786,104,O-linked,uniprotkb
P01011,106,N-linked,uniprotkb
B7ZAQ6,243,N-linked,uniprotkb
P02724,30,O-linked,uniprotkb
P04280,40,O-linked,uniprotkb
P05546,49,N-linked,uniprotkb
P07093,159,N-linked,uniprotkb
P04280,330,O-linked,uniprotkb
Q8NCC3,273,N-linked,uniprotkb
Q9H306,452,N-linked,uniprotkb
Q9BYE2,405,N-linked,uniprotkb
Q9BRR3,87,N-linked,uniprotkb
Q96J66,844,N-linked,uniprotkb
Q9BSG0,171,N-linked,uniprotkb
Q8N6G6,251,N-linked,uniprotkb
Q8TAV3,177,N-linked,uniprotkb
Q8IXL6,335,N-linked,uniprotkb
Q8WWF5,152,N-linked,uniprotkb
Q9Y3P8,26,N-linked,uniprotkb
Q8N474,173,N-linked,uniprotkb
Q9BYE2,445,N-linked,uniprotkb
Q92484,222,N-linked,uniprotkb
Q9Y251,200,N-linked,uniprotkb
Q9Y251,217,N-linked,uniprotkb
Q9NP58,6,N-linked,uniprotkb
Q9BUF7,36,N-linked,uniprotkb
Q9UQC9,150,N-linked,uniprotkb
Q9Y289,138,N-linked,uniprotkb
Q92484,69,N-linked,uniprotkb
Q96RD7,255,N-linked,uniprotkb
Q9GZV9,178,O-linked,uniprotkb
Q8NCC3,289,N-linked,uniprotkb
Q8IXL6,101,N-linked,uniprotkb
Q96NT5,68,N-linked,uniprotkb
Q8N5B7,26,N-linked,uniprotkb
Q9UNQ0,596,N-linked,uniprotkb
Q92186,234,N-linked,uniprotkb
Q96G30,9,N-linked,uniprotkb
Q9BXS9,172,N-linked,uniprotkb
Q9Y287,170,N-linked,uniprotkb
Q9NQA5,358,N-linked,uniprotkb
Q8TCT9,20,N-linked,uniprotkb
Q9H0C3,353,N-linked,uniprotkb
Q8NCC3,99,N-linked,uniprotkb
Q9Y231,62,N-linked,uniprotkb
Q8TCT9,10,N-linked,uniprotkb
Q96D31,223,N-linked,uniprotkb
Q9NUN5,457,N-linked,uniprotkb
Q9H0C3,371,N-linked,uniprotkb
Q92186,72,N-linked,uniprotkb
Q8N6G6,42,C-linked,uniprotkb
Q9HC84,1790,C-linked,uniprotkb
Q9Y289,498,N-linked,uniprotkb
Q9NUN5,78,N-linked,uniprotkb
Q9HBJ8,76,N-linked,uniprotkb
Q9BYE2,255,N-linked,uniprotkb
Q92186,89,N-linked,uniprotkb
Q96S52,267,N-linked,uniprotkb
Q9Y4K0,644,N-linked,uniprotkb
Q9NQ11,1033,N-linked,uniprotkb
Q96S52,370,N-linked,uniprotkb
Q8N6G6,391,O-linked,uniprotkb
Q8N6G6,39,C-linked,uniprotkb
Q9Y6W8,110,N-linked,uniprotkb
Q96CC6,583,N-linked,uniprotkb
Q9Y251,162,N-linked,uniprotkb
Q9H6Y7,33,N-linked,uniprotkb
Q99758,140,N-linked,uniprotkb
Q9BVA6,446,N-linked,uniprotkb
Q99572,187,N-linked,uniprotkb
Q9NPF2,321,N-linked,uniprotkb
Q99758,53,N-linked,uniprotkb
Q9BXJ7,35,N-linked,uniprotkb
Q9Y6K0,144,N-linked,uniprotkb
Q9BSA4,352,N-linked,uniprotkb
Q9HBJ8,93,N-linked,uniprotkb
Q9NPF2,342,N-linked,uniprotkb
Q9BSA4,283,N-linked,uniprotkb
Q8IXL6,470,N-linked,uniprotkb
Q99758,124,N-linked,uniprotkb
Q92484,356,N-linked,uniprotkb
Q9C0H2,351,N-linked,uniprotkb
Q92186,134,N-linked,uniprotkb
Q9BVA6,275,N-linked,uniprotkb
Q8N6G6,451,O-linked,uniprotkb
Q969N2,164,N-linked,uniprotkb
Q9NSA0,56,N-linked,uniprotkb
Q9NSA0,99,N-linked,uniprotkb
Q9Y251,459,N-linked,uniprotkb
Q9Y6M5,299,N-linked,uniprotkb
Q9Y4C5,475,N-linked,uniprotkb
Q8NBP7,533,N-linked,uniprotkb
Q9Y210,561,N-linked,uniprotkb
Q96NT5,58,N-linked,uniprotkb
Q9H6Y7,79,N-linked,uniprotkb
Q9Y231,153,N-linked,uniprotkb
Q9UI40,111,N-linked,uniprotkb
Q9Y2C5,75,N-linked,uniprotkb
Q99808,48,N-linked,uniprotkb
Q96HE7,384,N-linked,uniprotkb
Q9BYE2,292,N-linked,uniprotkb
Q8N608,257,N-linked,uniprotkb
Q9Y4K0,455,N-linked,uniprotkb
Q9Y4C5,457,N-linked,uniprotkb
Q969N2,327,N-linked,uniprotkb
Q8NA29,230,N-linked,uniprotkb
Q9H306,110,N-linked,uniprotkb
Q92186,219,N-linked,uniprotkb
Q8NA29,240,N-linked,uniprotkb
Q8NCC3,398,N-linked,uniprotkb
Q9Y2C5,66,N-linked,uniprotkb
Q9BXS9,167,N-linked,uniprotkb
Q9NUN5,448,N-linked,uniprotkb
Q9Y289,489,N-linked,uniprotkb
Q9Y5L3,443,N-linked,uniprotkb
Q96HE7,280,N-linked,uniprotkb
Q9NZC2,20,N-linked,uniprotkb
Q8WWF5,229,N-linked,uniprotkb
Q9HCN6,92,N-linked,uniprotkb
Q9NQR9,92,N-linked,uniprotkb
Q8WWF5,107,N-linked,uniprotkb
Q8N6G6,312,O-linked,uniprotkb
Q9NPF2,223,N-linked,uniprotkb
Q9NUN5,88,N-linked,uniprotkb
Q9UQC9,522,N-linked,uniprotkb
Q969N2,291,N-linked,uniprotkb
Q9H306,55,N-linked,uniprotkb
Q9Y251,178,N-linked,uniprotkb
Q9Y251,238,N-linked,uniprotkb
Q96PS8,133,N-linked,uniprotkb
Q9BSA4,129,N-linked,uniprotkb
Q9H741,67,N-linked,uniprotkb
Q9BZJ8,12,N-linked,uniprotkb
Q9BSA4,31,N-linked,uniprotkb
Q9NZ20,280,N-linked,uniprotkb
Q9Y2C5,90,N-linked,uniprotkb
Q92186,60,N-linked,uniprotkb
Q96J66,838,N-linked,uniprotkb
Q9NZ20,167,N-linked,uniprotkb
Q9Y231,101,N-linked,uniprotkb
Q9UQC9,822,N-linked,uniprotkb
Q9NSA0,39,N-linked,uniprotkb
Q9NPF2,205,N-linked,uniprotkb
P10163,192,N-linked,uniprotkb
P41217,181,N-linked,uniprotkb
Q14624,207,N-linked,uniprotkb
Q8TCT8,126,N-linked,uniprotkb
Q4LDE5,3186,N-linked,uniprotkb
P10163,66,N-linked,uniprotkb
Q15155,618,N-linked,uniprotkb
P40225,131,O-linked,uniprotkb
Q13443,154,N-linked,uniprotkb
Q8WXI7,12897,N-linked,uniprotkb
P20742,753,N-linked,uniprotkb
Q14118,319,O-linked,uniprotkb
P48745,97,N-linked,uniprotkb
Q86UK0,826,N-linked,uniprotkb
P32926,110,N-linked,uniprotkb
Q02094,37,N-linked,uniprotkb
Q86UG4,300,N-linked,uniprotkb
Q8IZF2,272,N-linked,uniprotkb
P40197,267,N-linked,uniprotkb
P12259,741,N-linked,uniprotkb
P14207,115,N-linked,uniprotkb
Q92954,604,O-linked,uniprotkb
Q14515,116,O-linked,uniprotkb
P11678,113,N-linked,uniprotkb
Q06418,293,N-linked,uniprotkb
P10163,213,N-linked,uniprotkb
P07498,143,O-linked,unicarbkb
Q8WWV6,423,O-linked,unicarbkb
Q9NQ40,182,O-linked,unicarbkb
P00747,308,N-linked,unicarbkb
P07911,76,N-linked,unicarbkb
Q6UXB8,214,O-linked,unicarbkb
P01861,177,N-linked,unicarbkb
P25311,128,N-linked,unicarbkb
P16112,1599,O-linked,unicarbkb
P02724,36,O-linked,unicarbkb
P04278,36,O-linked,unicarbkb
P07911,396,N-linked,unicarbkb
P78509,184,O-linked,unicarbkb
Q92673,1413,O-linked,unicarbkb
P00742,188,O-linked,unicarbkb
P08603,822,N-linked,unicarbkb
P01588,51,N-linked,unicarbkb
P01730,296,N-linked,unicarbkb
P08861,114,N-linked,unicarbkb
P08519,16,O-linked,unicarbkb
P02724,41,O-linked,unicarbkb
P01588,110,N-linked,unicarbkb
P01588,65,N-linked,unicarbkb
Q05707,731,O-linked,unicarbkb
Q4LDE5,894,O-linked,unicarbkb
P07911,322,N-linked,unicarbkb
P08709,382,N-linked,unicarbkb
P00734,416,N-linked,unicarbkb
P01215,76,N-linked,unicarbkb
P16150,109,O-linked,unicarbkb
P02771,251,N-linked,unicarbkb
Q14766,461,O-linked,unicarbkb
Q14624,577,N-linked,unicarbkb
P02724,56,O-linked,unicarbkb
P04275,1515,N-linked,unicarbkb
P02786,727,N-linked,unicarbkb
O94905,106,N-linked,unicarbkb
Q9UFP1,58,O-linked,unicarbkb
P07911,513,N-linked,unicarbkb
P01876,144,N-linked,unicarbkb
P08603,882,N-linked,unicarbkb
P11279,249,N-linked,unicarbkb
P16150,35,O-linked,unicarbkb
Q5H9R7,682,N-linked,unicarbkb
P02679,78,N-linked,unicarbkb
P07911,80,N-linked,unicarbkb
P04114,4137,O-linked,unicarbkb
P02724,32,O-linked,unicarbkb
P16150,178,O-linked,unicarbkb
Q92876,134,N-linked,unicarbkb
Q9ULI3,43,O-linked,unicarbkb
P03952,127,N-linked,unicarbkb
P07911,275,N-linked,unicarbkb
Q9Y5L3,443,N-linked,unicarbkb
P07498,162,O-linked,unicarbkb
P07288,69,N-linked,unicarbkb
P04114,3411,N-linked,unicarbkb
P02724,31,O-linked,unicarbkb
P39060,696,O-linked,unicarbkb
P28300,146,O-linked,unicarbkb
O00220,126,O-linked,unicarbkb
P07498,157,O-linked,unicarbkb
P36955,36,O-linked,unicarbkb
P10646,195,N-linked,unicarbkb
P00750,483,N-linked,unicarbkb
P02724,22,O-linked,unicarbkb
Q14624,517,N-linked,unicarbkb
P05156,177,N-linked,unicarbkb
P16112,1895,O-linked,unicarbkb
P41222,78,N-linked,unicarbkb
P14625,62,N-linked,unicarbkb
P12110,785,N-linked,unicarbkb
P01588,153,O-linked,unicarbkb
P07711,221,N-linked,unicarbkb
P02790,187,N-linked,unicarbkb
Q00987,349,N-linked,unicarbkb
P09603,376,O-linked,unicarbkb
P07602,80,N-linked,unicarbkb
Q13296,53,N-linked,unicarbkb
Q9NQX5,164,O-linked,unicarbkb
P02787,432,N-linked,unicarbkb
P01042,137,O-linked,unicarbkb
O60487,118,N-linked,unicarbkb
P15586,279,N-linked,unicarbkb
P16150,29,O-linked,unicarbkb
P01591,71,N-linked,unicarbkb
P98164,2905,O-linked,unicarbkb
P15144,61,O-linked,unicarbkb
P19835,207,N-linked,unicarbkb
P05546,49,N-linked,unicarbkb
P04070,355,N-linked,unicarbkb
P53634,119,N-linked,unicarbkb
P02724,29,O-linked,unicarbkb
P16150,136,O-linked,unicarbkb
P11279,322,N-linked,unicarbkb
P02724,44,O-linked,unicarbkb
P59543,161,N-linked,unicarbkb
P01215,102,N-linked,unicarbkb
P13473,204,O-linked,unicarbkb
P00742,221,N-linked,unicarbkb
P02724,38,O-linked,unicarbkb
P04070,139,N-linked,unicarbkb
P07911,232,N-linked,unicarbkb
P16150,42,O-linked,unicarbkb
P13611,2958,O-linked,unicarbkb
P13611,869,O-linked,unicarbkb
P02751,1007,N-linked,unicarbkb
P16150,21,O-linked,unicarbkb
P16150,114,O-linked,unicarbkb
P60568,23,O-linked,unicarbkb
Q13275,713,O-linked,unicarbkb
Q7L0X0,541,O-linked,unicarbkb
P00750,152,N-linked,unicarbkb
P16150,58,O-linked,unicarbkb
O75096,184,O-linked,unicarbkb
Q75T13,402,N-linked,unicarbkb
P51888,56,O-linked,unicarbkb
P16150,26,O-linked,unicarbkb
P02724,21,O-linked,unicarbkb
P01876,111,O-linked,unicarbkb
Q9H8J5,151,O-linked,unicarbkb
P05067,652,O-linked,unicarbkb
P02724,23,O-linked,unicarbkb
P02790,29,O-linked,unicarbkb
P01732,158,O-linked,unicarbkb
P04004,169,N-linked,unicarbkb
P02787,630,N-linked,unicarbkb
P10253,925,N-linked,unicarbkb
Q8NHJ6,233,O-linked,unicarbkb
P02724,30,O-linked,unicarbkb
P07225,104,O-linked,unicarbkb
P13611,2857,O-linked,unicarbkb
P05546,453,O-linked,unicarbkb
Q92820,116,N-linked,unicarbkb
P07359,308,O-linked,unicarbkb
P17405,88,N-linked,unicarbkb
P01857,180,N-linked,unicarbkb
P06870,102,N-linked,unicarbkb
P16150,69,O-linked,unicarbkb
P17050,177,N-linked,unicarbkb
P01859,176,N-linked,unicarbkb
O95980,276,O-linked,unicarbkb
Q9UGT4,667,O-linked,unicarbkb
P01877,205,N-linked,unicarbkb
Q9GZP0,201,O-linked,unicarbkb
P05556,212,N-linked,unicarbkb
P00533,603,N-linked,unicarbkb
Q9GZM5,346,O-linked,unicarbkb
P01871,209,N-linked,unicarbkb
P07602,215,N-linked,unicarbkb
P04004,242,N-linked,unicarbkb
Q9UKZ4,1757,N-linked,unicarbkb
P16112,1720,O-linked,unicarbkb
P29965,240,N-linked,unicarbkb
P02724,63,O-linked,unicarbkb
P01563,129,O-linked,unicarbkb
P13611,362,O-linked,unicarbkb
Q96AY3,393,N-linked,unicarbkb
O95302,286,N-linked,unicarbkb
P01009,107,N-linked,unicarbkb
Q15155,618,N-linked,unicarbkb
P02724,69,O-linked,unicarbkb
P10646,145,N-linked,unicarbkb
Q14766,846,O-linked,unicarbkb
P05546,457,O-linked,unicarbkb
P01344,99,O-linked,unicarbkb
Q99715,2528,N-linked,unicarbkb
Q6ZXV5,865,N-linked,unicarbkb
P15260,79,N-linked,unicarbkb
P0DN86,50,N-linked,unicarbkb
P19652,33,N-linked,unicarbkb
Q9NS15,534,O-linked,unicarbkb
P0DN86,33,N-linked,unicarbkb
Q14624,723,O-linked,unicarbkb
P02763,93,N-linked,unicarbkb
Q6UXD5,45,O-linked,unicarbkb
Q14624,722,O-linked,unicarbkb
Q9NZP8,242,N-linked,unicarbkb
Q9UBV2,217,N-linked,unicarbkb
P13611,886,O-linked,unicarbkb
O60888,57,O-linked,unicarbkb
Q12797,280,O-linked,unicarbkb
Q8IUX7,203,O-linked,unicarbkb
Q9NPD5,306,N-linked,unicarbkb
P01229,50,N-linked,unicarbkb
Q9Y6C2,274,O-linked,unicarbkb
O15031,1002,N-linked,unicarbkb
P13987,43,N-linked,unicarbkb
P09603,420,O-linked,unicarbkb
Q7L1W4,106,O-linked,unicarbkb
P03971,353,O-linked,unicarbkb
Q5JRA6,589,N-linked,unicarbkb
P08648,868,N-linked,unicarbkb
P04070,371,N-linked,unicarbkb
Q9HCU0,530,O-linked,unicarbkb
P00742,231,N-linked,unicarbkb
P12259,1418,O-linked,unicarbkb
Q9UJJ9,228,O-linked,unicarbkb
Q86TY3,152,O-linked,unicarbkb
Q5VXJ0,271,N-linked,unicarbkb
P02765,176,N-linked,unicarbkb
P16112,2196,O-linked,unicarbkb
P50897,197,N-linked,unicarbkb
Q13231,392,O-linked,unicarbkb
P07996,1067,N-linked,unicarbkb
P01024,85,N-linked,unicarbkb
P06870,108,N-linked,unicarbkb
P01133,954,O-linked,unicarbkb
P0DN86,152,O-linked,unicarbkb
Q13444,237,N-linked,unicarbkb
Q14624,81,N-linked,unicarbkb
Q14767,303,O-linked,unicarbkb
P08603,911,N-linked,unicarbkb
P23229,997,N-linked,unicarbkb
P00738,241,N-linked,unicarbkb
P07686,327,N-linked,unicarbkb
Q24JP5,770,O-linked,unicarbkb
P01042,294,N-linked,unicarbkb
P04275,156,N-linked,unicarbkb
P02765,156,N-linked,unicarbkb
P16150,46,O-linked,unicarbkb
P0C0L4,1244,O-linked,unicarbkb
Q96HP8,165,O-linked,unicarbkb
P09466,46,N-linked,unicarbkb
O14594,122,N-linked,unicarbkb
P08123,1267,N-linked,unicarbkb
P13473,356,N-linked,unicarbkb
Q6IEE7,33,O-linked,unicarbkb
P02788,156,N-linked,unicarbkb
P17050,359,N-linked,unicarbkb
P01854,146,N-linked,unicarbkb
P36955,30,O-linked,unicarbkb
O76061,28,O-linked,unicarbkb
P98095,347,O-linked,unicarbkb
P16150,37,O-linked,unicarbkb
P50454,125,N-linked,unicarbkb
Q9UBP4,28,O-linked,unicarbkb
P09466,81,N-linked,unicarbkb
P08709,112,O-linked,unicarbkb
P98164,3074,O-linked,unicarbkb
P03956,120,N-linked,unicarbkb
Q9UHG2,228,O-linked,unicarbkb
P04278,396,N-linked,unicarbkb
Q02383,272,N-linked,unicarbkb
Q9NPD5,310,N-linked,unicarbkb
P04196,274,O-linked,unicarbkb
Q9Y4L1,869,N-linked,unicarbkb
P05090,98,N-linked,unicarbkb
Q96D42,205,O-linked,unicarbkb
Q13201,73,O-linked,unicarbkb
P16150,137,O-linked,unicarbkb
P16150,99,O-linked,unicarbkb
Q9H9B1,240,N-linked,unicarbkb
P01854,49,N-linked,unicarbkb
Q96HE7,280,N-linked,unicarbkb
O00468,1261,O-linked,unicarbkb
P13611,2983,O-linked,unicarbkb
P16150,48,O-linked,unicarbkb
P59542,161,N-linked,unicarbkb
P04921,31,O-linked,unicarbkb
O00754,930,N-linked,unicarbkb
Q9ULI3,401,O-linked,unicarbkb
Q9H330,575,N-linked,unicarbkb
P59541,161,N-linked,unicarbkb
P02763,72,N-linked,unicarbkb
Q9NPA2,306,O-linked,unicarbkb
P02751,430,N-linked,unicarbkb
P02751,279,O-linked,unicarbkb
P98160,260,O-linked,unicarbkb
P02768,342,N-linked,unicarbkb
P50454,120,N-linked,unicarbkb
P01024,939,N-linked,unicarbkb
P01854,99,N-linked,unicarbkb
P14314,293,O-linked,unicarbkb
P11717,1312,N-linked,unicarbkb
P01871,279,N-linked,unicarbkb
O75882,1043,N-linked,unicarbkb
P15309,94,N-linked,unicarbkb
P00750,219,N-linked,unicarbkb
P10153,111,N-linked,unicarbkb
Q14112,1012,O-linked,unicarbkb
P27169,253,N-linked,unicarbkb
P12259,1211,O-linked,unicarbkb
Q99075,37,O-linked,unicarbkb
P00747,365,O-linked,unicarbkb
P16150,103,O-linked,unicarbkb
P22105,1364,O-linked,unicarbkb
Q9NWK9,333,N-linked,unicarbkb
Q8NBJ5,96,N-linked,unicarbkb
P01023,654,O-linked,unicarbkb
Q99715,2679,N-linked,unicarbkb
P11279,103,N-linked,unicarbkb
Q6UX15,206,O-linked,unicarbkb
P13727,25,O-linked,unicarbkb
Q86TY3,473,O-linked,unicarbkb
P02749,253,N-linked,unicarbkb
P02724,52,O-linked,unicarbkb
P02763,33,N-linked,unicarbkb
Q96AY3,70,N-linked,unicarbkb
P51693,215,O-linked,unicarbkb
P00742,197,O-linked,unicarbkb
O00592,330,O-linked,unicarbkb
Q86TY3,135,O-linked,unicarbkb
Q9Y4L1,931,N-linked,unicarbkb
P14543,935,O-linked,unicarbkb
P16150,173,O-linked,unicarbkb
P02749,162,N-linked,unicarbkb
Q14767,813,O-linked,unicarbkb
Q5VU97,587,N-linked,unicarbkb
P10645,181,O-linked,unicarbkb
Q08380,398,N-linked,unicarbkb
P10451,147,O-linked,unicarbkb
P05155,113,O-linked,unicarbkb
P78423,199,O-linked,unicarbkb
P11279,261,N-linked,unicarbkb
P16150,47,O-linked,unicarbkb
P13611,670,O-linked,unicarbkb
Q8IV08,284,N-linked,unicarbkb
P0C0L4,1328,N-linked,unicarbkb
P05156,103,N-linked,unicarbkb
P01033,53,N-linked,unicarbkb
P25940,330,O-linked,unicarbkb
P16150,28,O-linked,unicarbkb
P19022,273,N-linked,unicarbkb
P11117,167,N-linked,unicarbkb
P02724,66,O-linked,unicarbkb
Q6W4X9,902,N-linked,unicarbkb
Q92673,1412,O-linked,unicarbkb
P98095,672,O-linked,unicarbkb
P55058,117,N-linked,unicarbkb
P10909,354,N-linked,unicarbkb
Q14508,44,N-linked,unicarbkb
P07602,332,N-linked,unicarbkb
P01871,46,N-linked,unicarbkb
P19883,124,N-linked,unicarbkb
P05155,27,O-linked,unicarbkb
P03951,491,N-linked,unicarbkb
P0DN86,147,O-linked,unicarbkb
P18084,347,N-linked,unicarbkb
P02788,497,N-linked,unicarbkb
P00734,121,N-linked,unicarbkb
P16112,374,O-linked,unicarbkb
P10253,470,N-linked,unicarbkb
P07602,101,N-linked,unicarbkb
P36980,126,N-linked,unicarbkb
Q07954,2773,O-linked,unicarbkb
P02765,256,O-linked,unicarbkb
Q92896,69,O-linked,unicarbkb
Q06828,166,N-linked,unicarbkb
P13611,2456,O-linked,unicarbkb
P07602,426,N-linked,unicarbkb
Q6UX71,427,O-linked,unicarbkb
P00748,337,O-linked,unicarbkb
P02751,528,N-linked,unicarbkb
P06870,165,N-linked,unicarbkb
P06396,411,O-linked,unicarbkb
Q99674,111,O-linked,unicarbkb
P01876,113,O-linked,unicarbkb
Q16363,104,N-linked,unicarbkb
O60888,59,O-linked,unicarbkb
Q63HQ2,312,O-linked,unicarbkb
P34741,101,O-linked,unicarbkb
Q8IZF2,236,O-linked,unicarbkb
Q92673,1608,N-linked,unicarbkb
P0DN86,141,O-linked,unicarbkb
P11279,84,N-linked,unicarbkb
Q96SM3,104,O-linked,unicarbkb
P04004,130,O-linked,unicarbkb
P00450,397,N-linked,unicarbkb
P00734,143,N-linked,unicarbkb
P09603,428,O-linked,unicarbkb
P13611,2701,O-linked,unicarbkb
P13611,2395,O-linked,unicarbkb
Q9Y4L1,862,N-linked,unicarbkb
Q8NFZ4,648,O-linked,unicarbkb
Q04756,94,O-linked,unicarbkb
P13611,2083,O-linked,unicarbkb
P16112,2101,O-linked,unicarbkb
P02765,328,O-linked,unicarbkb
P02765,346,O-linked,unicarbkb
O75629,160,N-linked,unicarbkb
P06756,74,N-linked,unicarbkb
O00468,204,O-linked,unicarbkb
P00751,285,N-linked,unicarbkb
Q86TY3,378,O-linked,unicarbkb
P17948,625,N-linked,unicarbkb
P00450,762,N-linked,unicarbkb
P16112,1693,O-linked,unicarbkb
P35354,130,N-linked,unicarbkb
Q6ZRP7,595,O-linked,unicarbkb
P08581,405,N-linked,unicarbkb
Q14112,1096,O-linked,unicarbkb
P16112,1842,O-linked,unicarbkb
P08842,259,N-linked,unicarbkb
Q96SM3,100,O-linked,unicarbkb
P10645,251,O-linked,unicarbkb
P00450,138,N-linked,unicarbkb
Q9Y6Z7,35,O-linked,unicarbkb
Q8WXD2,346,N-linked,unicarbkb
Q9NQ79,637,O-linked,unicarbkb
P01877,92,N-linked,unicarbkb
Q6UXB8,386,O-linked,unicarbkb
O43451,84,O-linked,unicarbkb
P19652,93,N-linked,unicarbkb
O75477,108,N-linked,unicarbkb
Q9UKP4,1342,O-linked,unicarbkb
P24821,1825,O-linked,unicarbkb
O60279,270,O-linked,unicarbkb
Q04756,92,O-linked,unicarbkb
Q86TY3,205,O-linked,unicarbkb
P39060,192,O-linked,unicarbkb
P35555,1581,N-linked,unicarbkb
Q99466,93,O-linked,unicarbkb
P39060,43,O-linked,unicarbkb
P13611,2152,O-linked,unicarbkb
P02671,562,O-linked,unicarbkb
O15230,95,N-linked,unicarbkb
P35542,94,N-linked,unicarbkb
P01009,271,N-linked,unicarbkb
P08709,205,N-linked,unicarbkb
P01730,325,N-linked,unicarbkb
P00738,184,N-linked,unicarbkb
P13611,1973,O-linked,unicarbkb
Q9UHG3,196,N-linked,unicarbkb
P16150,22,O-linked,unicarbkb
P25311,109,N-linked,unicarbkb
Q86TH1,909,O-linked,unicarbkb
P02743,51,N-linked,unicarbkb
Q9UBV2,195,N-linked,unicarbkb
P06396,408,O-linked,unicarbkb
Q8NFU4,78,O-linked,unicarbkb
P27169,324,N-linked,unicarbkb
P19823,690,O-linked,unicarbkb
Q6UY14,106,O-linked,unicarbkb
P21810,311,N-linked,unicarbkb
P15289,158,N-linked,unicarbkb
P01877,47,N-linked,unicarbkb
Q9Y6R7,2111,N-linked,unicarbkb
P08603,1095,N-linked,unicarbkb
P15144,56,O-linked,unicarbkb
P13611,3006,O-linked,unicarbkb
Q8IUK5,393,O-linked,unicarbkb
P36955,372,O-linked,unicarbkb
P10909,374,N-linked,unicarbkb
Q9NQS3,373,O-linked,unicarbkb
P35354,53,N-linked,unicarbkb
P16112,1080,O-linked,unicarbkb
P07498,148,O-linked,unicarbkb
P61812,140,N-linked,unicarbkb
Q92673,1460,O-linked,unicarbkb
P16150,113,O-linked,unicarbkb
P01011,106,N-linked,unicarbkb
O75718,363,N-linked,unicarbkb
P09486,116,N-linked,unicarbkb
P04275,666,N-linked,unicarbkb
P13611,2856,O-linked,unicarbkb
Q9ULI3,349,O-linked,unicarbkb
P11279,207,O-linked,unicarbkb
P02765,270,O-linked,unicarbkb
P07358,243,N-linked,unicarbkb
P02751,542,N-linked,unicarbkb
P07498,181,O-linked,unicarbkb
P0DN86,158,O-linked,unicarbkb
P02763,56,N-linked,unicarbkb
P19883,288,N-linked,unicarbkb
P02765,197,O-linked,unicarbkb
Q96P44,440,O-linked,unicarbkb
O43852,131,N-linked,unicarbkb
P05155,25,N-linked,unicarbkb
P43652,402,N-linked,unicarbkb
P21810,58,O-linked,unicarbkb
P04217,179,N-linked,unicarbkb
P16112,658,N-linked,unicarbkb
P78423,208,O-linked,unicarbkb
P0C0L4,1439,O-linked,unicarbkb
Q8N608,63,N-linked,unicarbkb
O95998,53,O-linked,unicarbkb
P08697,36,O-linked,unicarbkb
O95302,397,N-linked,unicarbkb
Q14624,207,N-linked,unicarbkb
Q9Y4L1,515,N-linked,unicarbkb
P27824,50,O-linked,unicarbkb
O00592,232,O-linked,unicarbkb
P04275,2298,O-linked,unicarbkb
P13611,2691,O-linked,unicarbkb
P02671,528,O-linked,unicarbkb
P08185,96,N-linked,unicarbkb
P00749,322,N-linked,unicarbkb
P04004,86,N-linked,unicarbkb
P02787,409,O-linked,unicarbkb
Q8WWV6,249,O-linked,unicarbkb
P13611,2135,O-linked,unicarbkb
P09603,407,O-linked,unicarbkb
Q9H4F8,184,O-linked,unicarbkb
P98164,3924,O-linked,unicarbkb
P05164,483,N-linked,unicarbkb
P02760,24,O-linked,unicarbkb
P80108,659,N-linked,unicarbkb
Q13586,171,N-linked,unicarbkb
P43251,349,N-linked,unicarbkb
P05546,188,N-linked,unicarbkb
Q12841,107,O-linked,unicarbkb
P15144,234,N-linked,unicarbkb
P0C0L5,1391,N-linked,unicarbkb
Q9NPC4,65,O-linked,unicarbkb
Q76LX8,1135,O-linked,unicarbkb
Q9Y240,101,O-linked,unicarbkb
Q2WGJ9,259,N-linked,unicarbkb
P98160,3780,N-linked,unicarbkb
Q8TDQ0,145,O-linked,unicarbkb
P98160,2145,O-linked,unicarbkb
Q92542,45,N-linked,unicarbkb
P30622,971,N-linked,unicarbkb
P98095,390,O-linked,unicarbkb
P14314,287,O-linked,unicarbkb
Q13308,405,N-linked,unicarbkb
P13611,2394,O-linked,unicarbkb
P01042,532,O-linked,unicarbkb
Q8WWI5,135,N-linked,unicarbkb
P16070,554,O-linked,unicarbkb
P00747,268,O-linked,unicarbkb
Q8IZJ1,41,O-linked,unicarbkb
O75882,914,N-linked,unicarbkb
P10909,86,N-linked,unicarbkb
P09758,120,N-linked,unicarbkb
Q02818,42,O-linked,unicarbkb
Q9Y639,229,N-linked,unicarbkb
P13611,2723,O-linked,unicarbkb
Q6EMK4,500,N-linked,unicarbkb
Q2M3M2,19,O-linked,unicarbkb
P10153,119,N-linked,unicarbkb
Q9NX61,416,O-linked,unicarbkb
P08514,878,O-linked,unicarbkb
P16150,36,O-linked,unicarbkb
Q14956,350,O-linked,unicarbkb
P05546,102,O-linked,unicarbkb
P04626,127,O-linked,unicarbkb
Q13087,516,N-linked,unicarbkb
P98164,107,O-linked,unicarbkb
Q8IUX7,1152,O-linked,unicarbkb
Q8NFW1,449,O-linked,unicarbkb
P02656,94,O-linked,unicarbkb
Q14767,278,O-linked,unicarbkb
Q9ULC0,165,O-linked,unicarbkb
P08697,45,O-linked,unicarbkb
Q8IVY1,18,O-linked,unicarbkb
O75556,68,N-linked,unicarbkb
Q9HCE0,137,N-linked,unicarbkb
P01011,271,N-linked,unicarbkb
Q6P4E1,232,O-linked,unicarbkb
P02760,115,N-linked,unicarbkb
P02790,30,O-linked,unicarbkb
P13611,1942,O-linked,unicarbkb
O75882,731,N-linked,unicarbkb
Q8WUT4,540,O-linked,unicarbkb
P19823,691,O-linked,unicarbkb
Q5JPE7,618,N-linked,unicarbkb
Q14112,994,O-linked,unicarbkb
P17050,201,N-linked,unicarbkb
P00450,507,O-linked,unicarbkb
P00747,710,O-linked,unicarbkb
P16870,390,N-linked,unicarbkb
Q9ULI3,529,O-linked,unicarbkb
O75056,264,O-linked,unicarbkb
Q9HDC9,160,N-linked,unicarbkb
P13611,2879,O-linked,unicarbkb
Q15113,311,O-linked,unicarbkb
P19823,118,N-linked,unicarbkb
O15204,184,N-linked,unicarbkb
Q68CP4,162,N-linked,unicarbkb
O75882,863,N-linked,unicarbkb
Q6P4E1,233,O-linked,unicarbkb
P16112,1856,O-linked,unicarbkb
P01042,205,N-linked,unicarbkb
P13611,1853,O-linked,unicarbkb
Q96PD5,485,N-linked,unicarbkb
O94925,620,N-linked,unicarbkb
P13473,203,O-linked,unicarbkb
P04196,271,O-linked,unicarbkb
P13473,275,N-linked,unicarbkb
P15291,115,O-linked,unicarbkb
P13611,2887,O-linked,unicarbkb
Q13510,286,N-linked,unicarbkb
P15291,79,O-linked,unicarbkb
P55268,1356,O-linked,unicarbkb
O95998,103,N-linked,unicarbkb
Q16880,333,N-linked,unicarbkb
Q6UXB8,395,O-linked,unicarbkb
Q8IUK5,372,O-linked,unicarbkb
P09603,433,O-linked,unicarbkb
Q07954,2117,N-linked,unicarbkb
P04003,221,N-linked,unicarbkb
Q6UXI7,277,O-linked,unicarbkb
P12111,3100,O-linked,unicarbkb
P00740,218,O-linked,unicarbkb
P19827,285,N-linked,unicarbkb
P17050,385,N-linked,unicarbkb
P20645,57,N-linked,unicarbkb
P51688,41,N-linked,unicarbkb
P01854,21,N-linked,unicarbkb
Q9UKP4,1391,O-linked,unicarbkb
P55056,63,N-linked,unicarbkb
Q9UJW2,112,O-linked,unicarbkb
Q8N695,499,O-linked,unicarbkb
P17050,124,N-linked,unicarbkb
P01023,885,O-linked,unicarbkb
Q68CJ9,379,O-linked,unicarbkb
P15144,457,O-linked,unicarbkb
Q9BX97,401,O-linked,unicarbkb
Q14767,831,O-linked,unicarbkb
P01033,101,N-linked,unicarbkb
P12259,900,O-linked,unicarbkb
P13611,2330,O-linked,unicarbkb
Q8NBJ5,381,N-linked,unicarbkb
O95428,897,O-linked,unicarbkb
P01266,1365,N-linked,unicarbkb
P48740,385,N-linked,unicarbkb
Q6PCB8,100,N-linked,unicarbkb
P10253,233,N-linked,unicarbkb
P24043,2741,O-linked,unicarbkb
O76095,43,O-linked,unicarbkb
P13611,3014,O-linked,unicarbkb
Q14112,369,O-linked,unicarbkb
P40225,197,N-linked,unicarbkb
P01042,150,O-linked,unicarbkb
P00533,56,N-linked,unicarbkb
P16112,2190,O-linked,unicarbkb
Q9HCU0,669,O-linked,unicarbkb
O15123,304,N-linked,unicarbkb
Q92954,234,O-linked,unicarbkb
P02675,394,N-linked,unicarbkb
Q15063,256,O-linked,unicarbkb
P10153,92,N-linked,unicarbkb
Q8TCJ2,623,N-linked,unicarbkb
Q7Z6K1,124,N-linked,unicarbkb
Q9Y4L1,634,O-linked,unicarbkb
Q14624,701,O-linked,unicarbkb
P38571,273,N-linked,unicarbkb
Q9HCU0,559,O-linked,unicarbkb
Q02818,39,O-linked,unicarbkb
P13611,2672,O-linked,unicarbkb
P13598,176,N-linked,unicarbkb
Q13201,344,N-linked,unicarbkb
P98160,89,N-linked,unicarbkb
P01011,127,N-linked,unicarbkb
P11168,69,O-linked,unicarbkb
Q92563,189,O-linked,unicarbkb
P04070,290,N-linked,unicarbkb
P98164,66,O-linked,unicarbkb
P05546,104,O-linked,unicarbkb
Q8TCJ2,641,N-linked,unicarbkb
P16112,2226,O-linked,unicarbkb
P00450,358,N-linked,unicarbkb
Q16610,130,O-linked,unicarbkb
P10451,152,O-linked,unicarbkb
O75056,324,O-linked,unicarbkb
Q12913,64,O-linked,unicarbkb
Q07954,3452,O-linked,unicarbkb
P11047,1170,O-linked,unicarbkb
Q8IUX7,1091,O-linked,unicarbkb
Q9Y5Z0,70,O-linked,unicarbkb
P13611,1688,O-linked,unicarbkb
P26927,407,O-linked,unicarbkb
O94892,140,N-linked,unicarbkb
P15144,128,N-linked,unicarbkb
P08236,631,N-linked,unicarbkb
O00469,63,N-linked,unicarbkb
P07359,37,N-linked,unicarbkb
Q8IUX7,232,O-linked,unicarbkb
Q9UHG3,353,N-linked,unicarbkb
P02790,64,N-linked,unicarbkb
P13591,347,N-linked,unicarbkb
P11717,400,N-linked,unicarbkb
P98160,2429,O-linked,unicarbkb
P08603,1029,N-linked,unicarbkb
Q16610,63,O-linked,unicarbkb
P16112,65,O-linked,unicarbkb
Q12805,109,O-linked,unicarbkb
Q14624,725,O-linked,unicarbkb
P02750,325,N-linked,unicarbkb
P22105,2324,O-linked,unicarbkb
P16150,50,O-linked,unicarbkb
P98160,1147,O-linked,unicarbkb
P01854,252,N-linked,unicarbkb
P02671,557,O-linked,unicarbkb
P00742,199,O-linked,unicarbkb
O14594,871,O-linked,unicarbkb
P15289,350,N-linked,unicarbkb
P16112,2049,O-linked,unicarbkb
P09603,185,O-linked,unicarbkb
P13611,3003,O-linked,unicarbkb
Q99999,51,O-linked,unicarbkb
P25311,112,N-linked,unicarbkb
Q92820,307,N-linked,unicarbkb
P06733,308,O-linked,unicarbkb
P13473,210,O-linked,unicarbkb
P15260,86,N-linked,unicarbkb
Q9NRN5,248,N-linked,unicarbkb
Q9Y2E5,984,O-linked,unicarbkb
P02790,453,N-linked,unicarbkb
P00748,299,O-linked,unicarbkb
Q8N131,149,O-linked,unicarbkb
O60637,127,N-linked,unicarbkb
Q9ULC0,140,O-linked,unicarbkb
Q07075,68,O-linked,unicarbkb
O75976,41,O-linked,unicarbkb
P01042,273,O-linked,unicarbkb
P07498,133,O-linked,unicarbkb
P12821,714,N-linked,unicarbkb
P19823,652,O-linked,unicarbkb
Q99523,162,N-linked,unicarbkb
P01833,469,N-linked,unicarbkb
Q5JXM2,91,O-linked,unicarbkb
P01854,275,N-linked,unicarbkb
P00738,211,N-linked,unicarbkb
P04217,198,O-linked,unicarbkb
Q8NCD3,231,N-linked,unicarbkb
P03956,143,N-linked,unicarbkb
P52803,37,N-linked,unicarbkb
P21810,270,N-linked,unicarbkb
P49641,45,O-linked,unicarbkb
Q13361,54,O-linked,unicarbkb
P51884,127,N-linked,unicarbkb
P00734,207,O-linked,unicarbkb
P98095,293,O-linked,unicarbkb
P11279,211,O-linked,unicarbkb
O75146,652,O-linked,unicarbkb
P24592,145,O-linked,unicarbkb
Q07954,935,O-linked,unicarbkb
P49908,236,O-linked,unicarbkb
Q9NRN5,177,N-linked,unicarbkb
O00468,167,O-linked,unicarbkb
Q3T906,657,O-linked,unicarbkb
P04004,88,O-linked,unicarbkb
P13473,38,N-linked,unicarbkb
P14543,327,O-linked,unicarbkb
P43251,150,N-linked,unicarbkb
P15260,34,N-linked,unicarbkb
Q6ZMJ4,76,N-linked,unicarbkb
P98164,3797,O-linked,unicarbkb
P10809,103,N-linked,unicarbkb
Q9HBR0,902,O-linked,unicarbkb
Q14520,289,O-linked,unicarbkb
P02748,258,O-linked,unicarbkb
P16070,637,O-linked,unicarbkb
P02748,24,O-linked,unicarbkb
P58166,239,O-linked,unicarbkb
Q8N695,498,O-linked,unicarbkb
P03952,453,N-linked,unicarbkb
P00533,175,N-linked,unicarbkb
P04114,1523,N-linked,unicarbkb
Q4LDE5,2647,O-linked,unicarbkb
P02751,278,O-linked,unicarbkb
Q13439,1612,N-linked,unicarbkb
P16150,41,O-linked,unicarbkb
P07498,167,O-linked,unicarbkb
P01042,169,N-linked,unicarbkb
Q9NYQ6,215,O-linked,unicarbkb
Q9ULC0,166,O-linked,unicarbkb
P01871,272,N-linked,unicarbkb
P15260,179,N-linked,unicarbkb
P01023,396,N-linked,unicarbkb
P48960,265,O-linked,unicarbkb
P81605,26,O-linked,unicarbkb
P00450,489,O-linked,unicarbkb
P49746,407,N-linked,unicarbkb
P01042,401,O-linked,unicarbkb
P10646,203,O-linked,unicarbkb
P69849,618,N-linked,unicarbkb
Q05707,1010,O-linked,unicarbkb
O60568,63,N-linked,unicarbkb
Q14112,393,O-linked,unicarbkb
O75339,631,N-linked,unicarbkb
P22105,1876,O-linked,unicarbkb
Q8N474,184,O-linked,unicarbkb
P02452,1365,N-linked,unicarbkb
O14786,830,O-linked,unicarbkb
Q99835,500,O-linked,unicarbkb
P00533,128,N-linked,unicarbkb
Q6WRI0,1471,O-linked,unicarbkb
P19021,46,O-linked,unicarbkb
Q04900,54,O-linked,unicarbkb
P02649,212,O-linked,unicarbkb
P02765,280,O-linked,unicarbkb
P12111,3101,O-linked,unicarbkb
P15151,120,N-linked,unicarbkb
P07339,263,N-linked,unicarbkb
Q6UW63,302,N-linked,unicarbkb
Q14766,378,N-linked,unicarbkb
Q19T08,69,O-linked,unicarbkb
P01860,227,N-linked,unicarbkb
P41222,51,N-linked,unicarbkb
Q9NR34,132,O-linked,unicarbkb
P07686,142,N-linked,unicarbkb
P13611,1943,O-linked,unicarbkb
P50897,232,N-linked,unicarbkb
O00592,202,O-linked,unicarbkb
Q14767,285,O-linked,unicarbkb
Q5UCC4,192,O-linked,unicarbkb
P10153,86,N-linked,unicarbkb
Q05707,1336,O-linked,unicarbkb
Q969V3,428,N-linked,unicarbkb
Q9HAB3,180,O-linked,unicarbkb
Q9HCU0,428,O-linked,unicarbkb
Q9BXX0,307,O-linked,unicarbkb
P02671,525,O-linked,unicarbkb
P04233,287,O-linked,unicarbkb
P04114,3605,O-linked,unicarbkb
P39060,731,O-linked,unicarbkb
O60279,455,O-linked,unicarbkb
P01344,96,O-linked,unicarbkb
P05155,119,O-linked,unicarbkb
P07498,151,O-linked,unicarbkb
O75309,65,O-linked,unicarbkb
Q9NS62,398,O-linked,unicarbkb
Q9BXX0,812,O-linked,unicarbkb
Q86X19,135,O-linked,unicarbkb
P13473,242,N-linked,unicarbkb
Q13510,342,N-linked,unicarbkb
P14314,343,O-linked,unicarbkb
P22105,937,O-linked,unicarbkb
P13611,1806,O-linked,unicarbkb
P13611,1734,O-linked,unicarbkb
P24821,1018,N-linked,unicarbkb
O00533,394,N-linked,unicarbkb
P98164,212,O-linked,unicarbkb
Q13724,657,N-linked,unicarbkb
P39060,733,O-linked,unicarbkb
P22105,948,O-linked,unicarbkb
P01008,187,N-linked,unicarbkb
P13611,1256,O-linked,unicarbkb
P39060,194,O-linked,unicarbkb
P98160,1145,O-linked,unicarbkb
Q06481,43,O-linked,unicarbkb
P02790,351,O-linked,unicarbkb
P80108,568,N-linked,unicarbkb
P13611,2571,O-linked,unicarbkb
P04275,1468,O-linked,unicarbkb
Q14766,869,O-linked,unicarbkb
P00738,207,N-linked,unicarbkb
P18827,166,O-linked,unicarbkb
P10253,390,N-linked,unicarbkb
Q99715,2303,O-linked,unicarbkb
P69849,369,N-linked,unicarbkb
P39059,514,O-linked,unicarbkb
P01222,43,N-linked,unicarbkb
O60353,38,N-linked,unicarbkb
Q6UXB8,372,O-linked,unicarbkb
Q92673,2054,N-linked,unicarbkb
A1L4H1,1462,O-linked,unicarbkb
Q13433,241,N-linked,unicarbkb
P10451,143,O-linked,unicarbkb
P05067,22,O-linked,unicarbkb
Q6UWD8,4,O-linked,unicarbkb
Q92484,356,N-linked,unicarbkb
Q92820,203,N-linked,unicarbkb
O75629,216,N-linked,unicarbkb
Q8WWB7,230,N-linked,unicarbkb
P02751,281,O-linked,unicarbkb
Q86T13,341,O-linked,unicarbkb
Q9UBR2,184,N-linked,unicarbkb
P78423,329,O-linked,unicarbkb
P13611,989,O-linked,unicarbkb
P43307,191,N-linked,unicarbkb
O60346,222,O-linked,unicarbkb
Q96PE1,386,O-linked,unicarbkb
Q9UGM5,222,O-linked,unicarbkb
Q14108,249,N-linked,unicarbkb
P01009,109,O-linked,unicarbkb
P15289,184,N-linked,unicarbkb
O75882,325,N-linked,unicarbkb
P16112,1946,O-linked,unicarbkb
P98095,316,O-linked,unicarbkb
Q13201,28,O-linked,unicarbkb
Q9ULI3,67,O-linked,unicarbkb
P13611,2153,O-linked,unicarbkb
Q86YL7,70,O-linked,unicarbkb
O43734,263,N-linked,unicarbkb
Q8IZA0,235,O-linked,unicarbkb
Q92954,830,O-linked,unicarbkb
P05067,366,O-linked,unicarbkb
Q8IUX7,1087,O-linked,unicarbkb
P12259,986,O-linked,unicarbkb
Q92673,1508,O-linked,unicarbkb
P13611,2724,O-linked,unicarbkb
Q92954,863,O-linked,unicarbkb
Q8N2K0,123,N-linked,unicarbkb
Q9UFP1,221,O-linked,unicarbkb
Q8TDQ1,135,O-linked,unicarbkb
Q8TCJ2,627,N-linked,unicarbkb
P39060,1556,O-linked,unicarbkb
Q6WRI0,1083,O-linked,unicarbkb
Q9HCN3,330,O-linked,unicarbkb
P40189,390,N-linked,unicarbkb
P19320,81,O-linked,unicarbkb
P16112,1929,O-linked,unicarbkb
Q9UHG2,247,O-linked,unicarbkb
P13611,1848,O-linked,unicarbkb
P07339,63,O-linked,unicarbkb
P17301,343,N-linked,unicarbkb
P12109,703,O-linked,unicarbkb
Q14767,312,O-linked,unicarbkb
Q13790,302,O-linked,unicarbkb
Q86X29,317,O-linked,unicarbkb
P02760,250,N-linked,unicarbkb
Q96PD5,181,O-linked,unicarbkb
O15460,272,O-linked,unicarbkb
Q9UKM7,230,O-linked,unicarbkb
P16112,2133,O-linked,unicarbkb
P49747,742,N-linked,unicarbkb
P05106,125,N-linked,unicarbkb
P13611,2505,O-linked,unicarbkb
P13611,2213,O-linked,unicarbkb
P07498,169,O-linked,unicarbkb
P05067,370,O-linked,unicarbkb
Q9NR99,1272,O-linked,unicarbkb
P18827,90,O-linked,unicarbkb
O00468,135,N-linked,unicarbkb
P12110,140,N-linked,unicarbkb
P12259,1120,O-linked,unicarbkb
P16112,376,O-linked,unicarbkb
P02675,58,O-linked,unicarbkb
P01009,70,N-linked,unicarbkb
Q5W064,240,N-linked,unicarbkb
P98160,2721,O-linked,unicarbkb
O75976,43,O-linked,unicarbkb
Q9Y5Y6,772,N-linked,unicarbkb
P98160,1876,O-linked,unicarbkb
O00592,334,O-linked,unicarbkb
O43493,236,O-linked,unicarbkb
P06213,786,O-linked,unicarbkb
Q86TH1,731,N-linked,unicarbkb
P98095,240,O-linked,unicarbkb
P05155,253,N-linked,unicarbkb
Q8N2S1,501,O-linked,unicarbkb
O75503,203,N-linked,unicarbkb
Q6UXB8,285,O-linked,unicarbkb
A1L4H1,1047,O-linked,unicarbkb
P01008,128,N-linked,unicarbkb
Q96KN2,146,O-linked,unicarbkb
P98160,3405,O-linked,unicarbkb
P14210,653,N-linked,unicarbkb
O75339,1135,O-linked,unicarbkb
P13611,1811,O-linked,unicarbkb
Q4FZB7,711,N-linked,unicarbkb
Q14108,412,N-linked,unicarbkb
P20908,540,O-linked,unicarbkb
Q13201,21,N-linked,unicarbkb
Q14767,308,O-linked,unicarbkb
P01024,1617,N-linked,unicarbkb
P10253,652,N-linked,unicarbkb
Q9NR99,1559,O-linked,unicarbkb
P16070,638,O-linked,unicarbkb
P02452,172,O-linked,unicarbkb
P05090,65,N-linked,unicarbkb
P16112,2035,O-linked,unicarbkb
Q8NBS9,174,O-linked,unicarbkb
P13611,2847,O-linked,unicarbkb
P15814,117,O-linked,unicarbkb
P80370,269,O-linked,unicarbkb
P16112,2132,O-linked,unicarbkb
P98164,2740,O-linked,unicarbkb
Q9NS15,532,O-linked,unicarbkb
Q9Y240,103,O-linked,unicarbkb
Q92673,1418,O-linked,unicarbkb
P10153,44,N-linked,unicarbkb
Q13740,361,N-linked,unicarbkb
P15941,919,O-linked,unicarbkb
Q2M3T9,368,N-linked,unicarbkb
P05155,28,O-linked,unicarbkb
P14210,294,N-linked,unicarbkb
P98095,210,O-linked,unicarbkb
O43508,198,O-linked,unicarbkb
Q96A83,172,O-linked,unicarbkb
P43652,33,N-linked,unicarbkb
O14786,150,N-linked,unicarbkb
O43852,224,O-linked,unicarbkb
P08185,31,N-linked,unicarbkb
Q14515,40,O-linked,unicarbkb
Q8N2S1,268,O-linked,unicarbkb
P22105,3257,O-linked,unicarbkb
P22105,3054,O-linked,unicarbkb
Q9BS26,381,O-linked,unicarbkb
Q9Y6R7,1743,N-linked,unicarbkb
Q8WXG9,3224,N-linked,unicarbkb
P00748,335,O-linked,unicarbkb
Q14624,733,O-linked,unicarbkb
Q5CZC0,2418,N-linked,unicarbkb
Q14112,359,O-linked,unicarbkb
P09603,426,O-linked,unicarbkb
Q9H5V8,577,N-linked,unicarbkb
O75976,489,O-linked,unicarbkb
Q5JTB6,87,O-linked,unicarbkb
Q8IWU6,197,N-linked,unicarbkb
Q07954,729,N-linked,unicarbkb
P19823,675,O-linked,unicarbkb
P04114,3895,N-linked,unicarbkb
Q9UBP4,39,O-linked,unicarbkb
Q15758,212,N-linked,unicarbkb
P98095,357,O-linked,unicarbkb
O95428,1141,O-linked,unicarbkb
Q5CZC0,1625,N-linked,unicarbkb
P00441,87,N-linked,unicarbkb
Q9ULC0,76,O-linked,unicarbkb
P09603,387,O-linked,unicarbkb
Q92628,724,N-linked,unicarbkb
Q13253,81,O-linked,unicarbkb
P01374,96,N-linked,unicarbkb
Q8NFI4,344,N-linked,unicarbkb
Q14766,845,O-linked,unicarbkb
Q99466,95,O-linked,unicarbkb
P18827,91,O-linked,unicarbkb
P13611,2144,O-linked,unicarbkb
O95998,147,N-linked,unicarbkb
P13611,1810,O-linked,unicarbkb
Q8N3X6,493,N-linked,unicarbkb
P22105,3541,O-linked,unicarbkb
Q9ULC0,77,O-linked,unicarbkb
P53634,276,N-linked,unicarbkb
Q9HBR0,429,O-linked,unicarbkb
P20851,71,N-linked,unicarbkb
Q9NZ53,312,O-linked,unicarbkb
P19827,588,N-linked,unicarbkb
Q96AY3,407,N-linked,unicarbkb
P0C0L4,226,N-linked,unicarbkb
P12109,804,N-linked,unicarbkb
P04275,1256,O-linked,unicarbkb
P0C0L5,226,N-linked,unicarbkb
P39060,95,O-linked,unicarbkb
P04217,371,N-linked,unicarbkb
Q01974,157,O-linked,unicarbkb
P22105,91,O-linked,unicarbkb
P16070,271,O-linked,unicarbkb
P01130,108,O-linked,unicarbkb
P04114,185,N-linked,unicarbkb
Q96FL9,41,O-linked,unicarbkb
P07498,178,O-linked,unicarbkb
Q76LX8,1158,O-linked,unicarbkb
P13611,2559,O-linked,unicarbkb
Q14112,419,O-linked,unicarbkb
P08123,632,O-linked,unicarbkb
Q9UKM7,242,O-linked,unicarbkb
P05543,36,N-linked,unicarbkb
P13611,2830,O-linked,unicarbkb
P12272,167,O-linked,unicarbkb
P42261,362,O-linked,unicarbkb
Q9UGM5,37,N-linked,unicarbkb
P01042,599,O-linked,unicarbkb
O75339,550,N-linked,unicarbkb
P22105,178,O-linked,unicarbkb
Q8TDW0,79,O-linked,unicarbkb
Q05707,727,O-linked,unicarbkb
Q9BUN1,304,O-linked,unicarbkb
Q9BYH1,88,O-linked,unicarbkb
Q5JPE7,369,N-linked,unicarbkb
P98164,146,O-linked,unicarbkb
Q9HAR2,410,O-linked,unicarbkb
Q14766,878,O-linked,unicarbkb
P98164,1066,O-linked,unicarbkb
Q13740,480,N-linked,unicarbkb
Q9UHG2,53,O-linked,unicarbkb
Q9GZM5,339,O-linked,unicarbkb
P01876,117,O-linked,unicarbkb
Q92954,813,O-linked,unicarbkb
Q6P4F1,433,O-linked,unicarbkb
P05160,545,N-linked,unicarbkb
P00734,315,O-linked,unicarbkb
A1L4H1,581,O-linked,unicarbkb
Q9Y6R7,1830,N-linked,unicarbkb
A1L4H1,884,O-linked,unicarbkb
O95445,135,N-linked,unicarbkb
P13611,1261,O-linked,unicarbkb
P26927,296,N-linked,unicarbkb
P98160,972,O-linked,unicarbkb
P13611,1747,O-linked,unicarbkb
Q92545,290,N-linked,unicarbkb
P43308,88,N-linked,unicarbkb
Q9UHI8,170,O-linked,unicarbkb
P02790,24,O-linked,unicarbkb
Q14118,661,N-linked,unicarbkb
P14543,887,O-linked,unicarbkb
P02765,325,O-linked,unicarbkb
Q86TY3,360,O-linked,unicarbkb
Q08722,73,N-linked,unicarbkb
Q9ULC0,64,O-linked,unicarbkb
Q14766,661,O-linked,unicarbkb
P15586,405,N-linked,unicarbkb
P13611,2034,O-linked,unicarbkb
P49908,83,N-linked,unicarbkb
Q6ZMP0,441,N-linked,unicarbkb
P39060,718,O-linked,unicarbkb
O75023,434,O-linked,unicarbkb
P35555,1902,N-linked,unicarbkb
Q13438,177,N-linked,unicarbkb
P49257,433,O-linked,unicarbkb
P22897,1221,O-linked,unicarbkb
P26842,127,O-linked,unicarbkb
Q6ZMP0,582,O-linked,unicarbkb
Q9HCU0,506,O-linked,unicarbkb
Q14515,116,O-linked,unicarbkb
P00751,25,O-linked,unicarbkb
P05154,262,N-linked,unicarbkb
Q9NT99,497,O-linked,unicarbkb
P39060,727,O-linked,unicarbkb
P07686,84,N-linked,unicarbkb
P49913,66,O-linked,unicarbkb
P39059,386,O-linked,unicarbkb
O43451,83,O-linked,unicarbkb
Q9ULC0,134,O-linked,unicarbkb
P98160,269,O-linked,unicarbkb
P08581,998,N-linked,unicarbkb
P39059,265,O-linked,unicarbkb
P43307,136,N-linked,unicarbkb
P39060,735,O-linked,unicarbkb
Q99075,44,O-linked,unicarbkb
P35555,1067,N-linked,unicarbkb
P98160,42,O-linked,unicarbkb
P07996,360,N-linked,unicarbkb
O60494,688,O-linked,unicarbkb
Q9NS15,570,O-linked,unicarbkb
P01008,418,O-linked,unicarbkb
P04275,2223,N-linked,unicarbkb
P55058,398,N-linked,unicarbkb
P20851,64,N-linked,unicarbkb
Q8TCT8,149,N-linked,unicarbkb
P04196,125,N-linked,unicarbkb
P16112,1683,O-linked,unicarbkb
P23142,489,O-linked,unicarbkb
Q9UKP4,1148,O-linked,unicarbkb
Q9UKM7,239,O-linked,unicarbkb
Q8NBN3,62,N-linked,unicarbkb
Q14520,292,O-linked,unicarbkb
P07225,530,N-linked,unicarbkb
Q8WXD2,359,O-linked,unicarbkb
Q6UXB8,393,O-linked,unicarbkb
Q86YL7,100,O-linked,unicarbkb
P13473,32,N-linked,unicarbkb
P55001,90,O-linked,unicarbkb
P16112,1959,O-linked,unicarbkb
Q9UP83,400,N-linked,unicarbkb
Q6UVK1,1449,N-linked,unicarbkb
P16671,417,N-linked,unicarbkb
Q9H5V8,122,N-linked,unicarbkb
P13284,63,N-linked,unicarbkb
P39060,1567,O-linked,unicarbkb
Q6P4F1,424,O-linked,unicarbkb
Q9NR34,98,O-linked,unicarbkb
Q9BY76,316,O-linked,unicarbkb
O43157,834,O-linked,unicarbkb
O00468,985,O-linked,unicarbkb
O00391,575,N-linked,unicarbkb
Q06828,67,O-linked,unicarbkb
P13611,2827,O-linked,unicarbkb
P98160,3398,O-linked,unicarbkb
P01042,533,O-linked,unicarbkb
P08571,336,O-linked,unicarbkb
O00592,200,O-linked,unicarbkb
Q8WWX8,7,O-linked,unicarbkb
P01042,604,O-linked,unicarbkb
Q5CZC0,3026,N-linked,unicarbkb
P01023,410,N-linked,unicarbkb
Q8IZJ3,1776,O-linked,unicarbkb
P15586,362,N-linked,unicarbkb
P13674,113,N-linked,unicarbkb
O60486,771,N-linked,unicarbkb
P06756,615,N-linked,unicarbkb
Q7Z3D4,253,O-linked,unicarbkb
O75509,227,O-linked,unicarbkb
P49257,432,O-linked,unicarbkb
Q5FWE3,254,O-linked,unicarbkb
Q96PQ0,21,O-linked,unicarbkb
Q6UXG2,717,N-linked,unicarbkb
P01011,93,N-linked,unicarbkb
Q07954,975,O-linked,unicarbkb
Q16849,441,O-linked,unicarbkb
Q9H1B5,154,O-linked,unicarbkb
Q9Y6C2,159,O-linked,unicarbkb
Q8IZA0,260,O-linked,unicarbkb
Q9Y6R7,1317,N-linked,unicarbkb
Q92859,434,O-linked,unicarbkb
Q14624,720,O-linked,unicarbkb
O43157,795,O-linked,unicarbkb
Q96PD5,168,O-linked,unicarbkb
P98164,1018,O-linked,unicarbkb
P10646,202,O-linked,unicarbkb
Q8TCJ2,616,N-linked,unicarbkb
P00747,371,O-linked,unicarbkb
Q8IVL1,1240,N-linked,unicarbkb
P13611,1503,O-linked,unicarbkb
P01042,550,O-linked,unicarbkb
P22897,937,O-linked,unicarbkb
P20908,313,O-linked,unicarbkb
P22455,260,O-linked,unicarbkb
Q9Y210,473,N-linked,unicarbkb
P29622,238,N-linked,unicarbkb
P17813,343,O-linked,unicarbkb
P13611,2036,O-linked,unicarbkb
P08138,60,N-linked,unicarbkb
Q9Y5C1,212,O-linked,unicarbkb
P16112,371,O-linked,unicarbkb
P02671,499,O-linked,unicarbkb
Q6P4A8,411,N-linked,unicarbkb
Q96DB9,127,O-linked,unicarbkb
Q8TBP5,52,O-linked,unicarbkb
P09871,174,N-linked,unicarbkb
Q96PE1,387,O-linked,unicarbkb
P16112,440,O-linked,unicarbkb
P10909,103,N-linked,unicarbkb
P01042,151,O-linked,unicarbkb
P13473,123,N-linked,unicarbkb
O00451,396,O-linked,unicarbkb
Q14767,311,O-linked,unicarbkb
O00468,994,O-linked,unicarbkb
P04275,1263,O-linked,unicarbkb
P02671,351,O-linked,unicarbkb
Q9UGM5,289,O-linked,unicarbkb
P01042,546,O-linked,unicarbkb
P13866,10,O-linked,unicarbkb
P01023,1424,N-linked,unicarbkb
P01880,113,O-linked,unicarbkb
Q9HCU0,459,O-linked,unicarbkb
P39060,719,O-linked,unicarbkb
Q9Y6C2,281,O-linked,unicarbkb
Q8TDG4,208,N-linked,unicarbkb
P48551,188,N-linked,unicarbkb
P13611,440,O-linked,unicarbkb
Q19T08,71,O-linked,unicarbkb
Q99715,2299,O-linked,unicarbkb
Q9NTU7,29,N-linked,unicarbkb
Q9UGT4,670,O-linked,unicarbkb
Q6UY14,266,O-linked,unicarbkb
Q6P9A2,93,O-linked,unicarbkb
P13611,1030,O-linked,unicarbkb
Q6UW56,44,N-linked,unicarbkb
P04921,15,O-linked,unicarbkb
P00742,476,O-linked,unicarbkb
Q9NXG6,176,O-linked,unicarbkb
P02790,40,O-linked,unicarbkb
P27487,685,N-linked,unicarbkb
P13688,378,N-linked,unicarbkb
P01375,80,O-linked,unicarbkb
Q8IZA0,299,O-linked,unicarbkb
P02652,42,O-linked,unicarbkb
Q9NQS3,367,O-linked,unicarbkb
P19823,668,O-linked,unicarbkb
Q12805,105,O-linked,unicarbkb
P00451,818,O-linked,unicarbkb
P07359,175,N-linked,unicarbkb
O95479,157,N-linked,unicarbkb
Q07954,2857,O-linked,unicarbkb
P01877,131,N-linked,unicarbkb
Q14767,509,O-linked,unicarbkb
P55058,64,N-linked,unicarbkb
Q9ULC0,168,O-linked,unicarbkb
P04156,197,N-linked,unicarbkb
P13611,1404,O-linked,unicarbkb
O60704,286,O-linked,unicarbkb
P04114,2982,N-linked,unicarbkb
P06213,790,O-linked,unicarbkb
Q04900,77,N-linked,unicarbkb
P33151,442,N-linked,unicarbkb
Q9UJU2,128,N-linked,unicarbkb
Q13873,137,O-linked,unicarbkb
P16112,30,O-linked,unicarbkb
Q9HCU0,401,O-linked,unicarbkb
O75144,225,N-linked,unicarbkb
P12259,1268,O-linked,unicarbkb
P13611,737,O-linked,unicarbkb
O60568,548,N-linked,unicarbkb
P24821,1265,O-linked,unicarbkb
Q14112,370,O-linked,unicarbkb
P26842,149,O-linked,unicarbkb
Q8WZ75,232,O-linked,unicarbkb
P49792,831,N-linked,unicarbkb
P01130,768,O-linked,unicarbkb
P12111,1619,O-linked,unicarbkb
O76061,212,O-linked,unicarbkb
Q86TY3,445,O-linked,unicarbkb
P05556,669,N-linked,unicarbkb
P02768,532,O-linked,unicarbkb
O60883,79,O-linked,unicarbkb
P10909,396,O-linked,unicarbkb
P15814,193,O-linked,unicarbkb
P39059,279,O-linked,unicarbkb
O00754,766,N-linked,unicarbkb
P36268,511,N-linked,unicarbkb
P98160,1862,O-linked,unicarbkb
Q6IEE7,31,O-linked,unicarbkb
P13611,728,O-linked,unicarbkb
Q16563,71,N-linked,unicarbkb
Q86VB7,701,O-linked,unicarbkb
P12259,1329,O-linked,unicarbkb
Q9H251,2129,N-linked,unicarbkb
Q04756,95,O-linked,unicarbkb
P15586,317,N-linked,unicarbkb
P01876,114,O-linked,unicarbkb
P02649,308,O-linked,unicarbkb
P10451,42,O-linked,unicarbkb
P16444,360,O-linked,unicarbkb
P13611,1031,O-linked,unicarbkb
Q92673,1198,O-linked,unicarbkb
O75056,225,O-linked,unicarbkb
P12111,1627,O-linked,unicarbkb
P12259,1129,O-linked,unicarbkb
Q9HCU0,519,O-linked,unicarbkb
Q15223,339,O-linked,unicarbkb
Q14767,468,O-linked,unicarbkb
P01042,48,N-linked,unicarbkb
Q02985,108,N-linked,unicarbkb
Q8TDX6,101,O-linked,unicarbkb
P02649,36,O-linked,unicarbkb
P01042,542,O-linked,unicarbkb
O95407,203,O-linked,unicarbkb
P19320,369,O-linked,unicarbkb
P16112,2063,O-linked,unicarbkb
P07686,190,N-linked,unicarbkb
Q14108,206,N-linked,unicarbkb
Q13433,190,O-linked,unicarbkb
P04275,746,O-linked,unicarbkb
Q6UXD5,86,O-linked,unicarbkb
Q9UP38,239,O-linked,unicarbkb
Q9BXN1,98,O-linked,unicarbkb
P04275,211,N-linked,unicarbkb
Q86TY3,376,O-linked,unicarbkb
Q8WXD2,350,N-linked,unicarbkb
P16112,2239,O-linked,unicarbkb
P01009,35,O-linked,unicarbkb
P16112,2061,O-linked,unicarbkb
P05154,39,O-linked,unicarbkb
Q9Y624,185,N-linked,unicarbkb
Q15155,369,N-linked,unicarbkb
P39059,411,O-linked,unicarbkb
P54289,781,N-linked,unicarbkb
P13611,2999,O-linked,unicarbkb
Q8TDD5,205,N-linked,unicarbkb
P35443,272,O-linked,unicarbkb
P46977,537,N-linked,unicarbkb
O95428,886,O-linked,unicarbkb
Q6W4X9,659,N-linked,unicarbkb
P15941,924,O-linked,unicarbkb
P98164,1103,O-linked,unicarbkb
Q6ZNA5,182,O-linked,unicarbkb
P08572,265,O-linked,unicarbkb
O75541,287,N-linked,unicarbkb
Q92954,235,O-linked,unicarbkb
P22105,1469,O-linked,unicarbkb
Q9BXX0,245,O-linked,unicarbkb
P06028,44,O-linked,unicarbkb
Q9HBR0,772,O-linked,unicarbkb
P98160,3393,O-linked,unicarbkb
P08514,876,O-linked,unicarbkb
Q96AY3,182,N-linked,unicarbkb
O00468,162,O-linked,unicarbkb
P04003,55,O-linked,unicarbkb
Q6ZMP0,583,O-linked,unicarbkb
P16112,2134,O-linked,unicarbkb
P11717,112,N-linked,unicarbkb
Q9Y6C2,417,O-linked,unicarbkb
Q96G23,19,N-linked,unicarbkb
Q9UK55,180,N-linked,unicarbkb
O60494,2904,O-linked,unicarbkb
Q76LX8,1153,O-linked,unicarbkb
P00747,742,O-linked,unicarbkb
Q92854,657,O-linked,unicarbkb
P17936,199,N-linked,unicarbkb
O00241,269,N-linked,unicarbkb
Q6UXB8,311,O-linked,unicarbkb
P60985,46,O-linked,unicarbkb
P01031,1115,N-linked,unicarbkb
P02751,280,O-linked,unicarbkb
Q9NZ53,144,O-linked,unicarbkb
P54646,388,N-linked,unicarbkb
Q9ULI3,261,O-linked,unicarbkb
O00391,243,N-linked,unicarbkb
Q7Z388,123,N-linked,unicarbkb
O15230,3287,N-linked,unicarbkb
Q10588,66,N-linked,unicarbkb
P04233,282,O-linked,unicarbkb
Q8IVL0,437,N-linked,unicarbkb
P00742,189,O-linked,unicarbkb
P78423,153,O-linked,unicarbkb
P13611,1001,O-linked,unicarbkb
Q8N6Y2,227,O-linked,unicarbkb
Q9NPR9,178,O-linked,unicarbkb
P02675,108,O-linked,unicarbkb
P13611,1262,O-linked,unicarbkb
P02745,146,N-linked,unicarbkb
Q8TDY8,483,N-linked,unicarbkb
P08254,286,O-linked,unicarbkb
P10645,183,O-linked,unicarbkb
Q02083,37,N-linked,unicarbkb
P39060,472,O-linked,unicarbkb
P26572,100,O-linked,unicarbkb
P26842,162,O-linked,unicarbkb
Q04721,1420,O-linked,unicarbkb
P51888,43,O-linked,unicarbkb
Q9Y240,95,O-linked,unicarbkb
Q12797,452,N-linked,unicarbkb
Q6ZMG9,18,N-linked,unicarbkb
P16112,2046,O-linked,unicarbkb
Q9P2N4,1662,O-linked,unicarbkb
Q08380,551,N-linked,unicarbkb
Q96DB9,123,O-linked,unicarbkb
P04275,1477,O-linked,unicarbkb
P25940,232,O-linked,unicarbkb
P13611,2515,O-linked,unicarbkb
P98160,2719,O-linked,unicarbkb
P13611,1490,O-linked,unicarbkb
Q9UQV4,215,O-linked,unicarbkb
P13611,586,O-linked,unicarbkb
P04114,3465,N-linked,unicarbkb
P05556,97,N-linked,unicarbkb
P04004,97,O-linked,unicarbkb
O14672,439,N-linked,unicarbkb
P15309,333,N-linked,unicarbkb
P78423,338,O-linked,unicarbkb
P14543,339,O-linked,unicarbkb
P20333,239,O-linked,unicarbkb
P14314,476,N-linked,unicarbkb
O95450,1127,O-linked,unicarbkb
O94856,973,N-linked,unicarbkb
Q16627,26,O-linked,unicarbkb
P02655,35,O-linked,unicarbkb
Q9UBV2,431,N-linked,unicarbkb
Q9ULI3,333,O-linked,unicarbkb
P15941,930,O-linked,unicarbkb
O95674,61,N-linked,unicarbkb
P00747,358,O-linked,unicarbkb
P13611,2050,O-linked,unicarbkb
P02649,26,O-linked,unicarbkb
O60883,85,O-linked,unicarbkb
Q12805,106,O-linked,unicarbkb
Q96KN2,382,N-linked,unicarbkb
Q3T906,1074,O-linked,unicarbkb
P08575,167,O-linked,unicarbkb
P20908,315,O-linked,unicarbkb
Q9BUN1,128,O-linked,unicarbkb
Q13439,585,N-linked,unicarbkb
P07093,359,O-linked,unicarbkb
Q9BZM4,213,O-linked,unicarbkb
P05556,50,N-linked,unicarbkb
O75446,209,N-linked,unicarbkb
P12259,1212,O-linked,unicarbkb
P13611,1566,O-linked,unicarbkb
P80370,256,O-linked,unicarbkb
Q9BXX0,238,O-linked,unicarbkb
Q96RJ3,17,O-linked,unicarbkb
Q14767,288,O-linked,unicarbkb
P39059,528,O-linked,unicarbkb
Q13740,167,N-linked,unicarbkb
P14210,476,O-linked,unicarbkb
P13611,2020,O-linked,unicarbkb
P31431,24,O-linked,unicarbkb
Q14112,431,O-linked,unicarbkb
P13611,2021,O-linked,unicarbkb
P16278,464,N-linked,unicarbkb
Q6P4E1,312,O-linked,unicarbkb
P22105,3158,O-linked,unicarbkb
P03952,494,N-linked,unicarbkb
P98160,2816,O-linked,unicarbkb
P22105,3880,O-linked,unicarbkb
P13473,49,N-linked,unicarbkb
Q96PD5,177,O-linked,unicarbkb
Q76LX8,1137,O-linked,unicarbkb
O95998,46,O-linked,unicarbkb
P22105,47,O-linked,unicarbkb
P00533,361,N-linked,unicarbkb
Q496F6,142,O-linked,unicarbkb
Q9Y644,54,O-linked,unicarbkb
Q7Z7D3,112,N-linked,unicarbkb
Q9BUN1,95,O-linked,unicarbkb
P13473,58,N-linked,unicarbkb
P13611,471,O-linked,unicarbkb
P08185,364,O-linked,unicarbkb
Q9BYJ0,186,O-linked,unicarbkb
Q9H2P0,315,N-linked,unicarbkb
P01042,400,O-linked,unicarbkb
O75173,813,O-linked,unicarbkb
P50897,212,N-linked,unicarbkb
P02765,293,O-linked,unicarbkb
Q969X5,138,O-linked,unicarbkb
Q7L0X0,538,O-linked,unicarbkb
P98164,110,O-linked,unicarbkb
Q9Y2D0,289,N-linked,unicarbkb
Q16610,84,O-linked,unicarbkb
P25445,46,O-linked,unicarbkb
P13611,2396,O-linked,unicarbkb
Q13873,827,N-linked,unicarbkb
Q6P3S6,274,N-linked,unicarbkb
O75882,264,N-linked,unicarbkb
P16112,1927,O-linked,unicarbkb
P00533,568,N-linked,unicarbkb
Q9ULI3,375,O-linked,unicarbkb
Q5MY95,363,N-linked,unicarbkb
Q6IQ55,819,O-linked,unicarbkb
P02649,307,O-linked,unicarbkb
Q92954,995,O-linked,unicarbkb
Q14767,1401,O-linked,unicarbkb
P19021,413,O-linked,unicarbkb
P00736,514,N-linked,unicarbkb
P04070,19,O-linked,unicarbkb
P13598,47,N-linked,unicarbkb
O43157,1253,N-linked,unicarbkb
Q14112,365,O-linked,unicarbkb
Q96PD5,367,N-linked,unicarbkb
P08069,684,O-linked,unicarbkb
P98160,2140,O-linked,unicarbkb
O94923,59,O-linked,unicarbkb
P06280,215,N-linked,unicarbkb
Q16270,31,O-linked,unicarbkb
Q99999,45,O-linked,unicarbkb
P18827,89,O-linked,unicarbkb
P02671,320,O-linked,unicarbkb
P06396,412,O-linked,unicarbkb
P23471,1050,N-linked,unicarbkb
P04114,3854,O-linked,unicarbkb
P05546,454,O-linked,unicarbkb
Q9P2S2,1554,O-linked,unicarbkb
Q8NBS9,308,O-linked,unicarbkb
Q8N474,183,O-linked,unicarbkb
Q14515,331,O-linked,unicarbkb
Q6P4E1,277,O-linked,unicarbkb
P02786,317,N-linked,unicarbkb
Q9NR99,1038,O-linked,unicarbkb
Q02809,538,N-linked,unicarbkb
P08887,329,O-linked,unicarbkb
Q9BXX0,310,O-linked,unicarbkb
Q9BRQ5,205,O-linked,unicarbkb
P08253,460,O-linked,unicarbkb
P16112,2240,O-linked,unicarbkb
P78423,253,O-linked,unicarbkb
O75976,45,O-linked,unicarbkb
Q8TEM1,1441,N-linked,unicarbkb
P05121,288,N-linked,unicarbkb
Q9UKZ9,293,O-linked,unicarbkb
Q08380,413,O-linked,unicarbkb
O43493,23,O-linked,unicarbkb
Q13508,346,O-linked,unicarbkb
Q9Y227,80,O-linked,unicarbkb
P00533,352,N-linked,unicarbkb
Q13201,154,O-linked,unicarbkb
P00450,492,O-linked,unicarbkb
Q8N474,175,O-linked,unicarbkb
O94769,58,O-linked,unicarbkb
Q9UEF7,115,O-linked,unicarbkb
Q68BL8,426,O-linked,unicarbkb
P11279,199,O-linked,unicarbkb
Q8N114,82,O-linked,unicarbkb
P78423,183,O-linked,unicarbkb
P13611,632,O-linked,unicarbkb
Q9H2A7,152,O-linked,unicarbkb
P12259,1194,O-linked,unicarbkb
Q9UBP4,26,O-linked,unicarbkb
P13611,1880,O-linked,unicarbkb
O75095,1524,O-linked,unicarbkb
P02751,771,O-linked,unicarbkb
P12110,58,O-linked,unicarbkb
P14543,922,O-linked,unicarbkb
Q70UQ0,144,N-linked,unicarbkb
O95502,81,O-linked,unicarbkb
Q9NY15,2424,N-linked,unicarbkb
Q8N2S1,497,O-linked,unicarbkb
Q6YHK3,337,N-linked,unicarbkb
Q06828,201,N-linked,unicarbkb
P13611,570,O-linked,unicarbkb
O00592,261,O-linked,unicarbkb
P05155,238,N-linked,unicarbkb
Q8IUX7,1083,O-linked,unicarbkb
P02751,41,O-linked,unicarbkb
Q8IXL6,41,O-linked,unicarbkb
P35354,580,N-linked,unicarbkb
O00461,308,O-linked,unicarbkb
Q9Y5L3,129,N-linked,unicarbkb
Q15904,273,N-linked,unicarbkb
P43005,185,O-linked,unicarbkb
Q16581,233,O-linked,unicarbkb
Q9NYQ6,1623,N-linked,unicarbkb
P01591,109,O-linked,unicarbkb
Q8TE99,53,O-linked,unicarbkb
Q86Y38,874,O-linked,unicarbkb
Q13740,499,N-linked,unicarbkb
P98095,309,O-linked,unicarbkb
P98164,2863,O-linked,unicarbkb
P07359,364,O-linked,unicarbkb
P22105,936,O-linked,unicarbkb
P22105,1180,O-linked,unicarbkb
P23435,79,N-linked,unicarbkb
P08581,930,N-linked,unicarbkb
Q5IJ48,560,O-linked,unicarbkb
O00468,987,O-linked,unicarbkb
Q96MK3,148,O-linked,unicarbkb
P25940,350,O-linked,unicarbkb
Q17RP2,444,N-linked,unicarbkb
O95171,562,N-linked,unicarbkb
Q4LDE5,891,O-linked,unicarbkb
P60985,33,O-linked,unicarbkb
P05067,659,O-linked,unicarbkb
Q5JPE7,218,N-linked,unicarbkb
P02786,104,O-linked,unicarbkb
Q58DX5,534,N-linked,unicarbkb
P98164,221,O-linked,unicarbkb
P13611,566,O-linked,unicarbkb
P04003,506,N-linked,unicarbkb
P01225,25,N-linked,unicarbkb
P04003,57,O-linked,unicarbkb
Q9UKP4,1095,O-linked,unicarbkb
P16112,1891,O-linked,unicarbkb
P18827,215,O-linked,unicarbkb
P21810,56,O-linked,unicarbkb
Q8N766,913,N-linked,unicarbkb
Q14112,1087,O-linked,unicarbkb
Q92859,846,O-linked,unicarbkb
P16112,1622,O-linked,unicarbkb
Q9UKP4,1286,O-linked,unicarbkb
P02671,297,O-linked,unicarbkb
P25445,40,O-linked,unicarbkb
P35556,1112,N-linked,unicarbkb
P13611,2936,O-linked,unicarbkb
Q99715,1763,N-linked,unicarbkb
Q14112,462,O-linked,unicarbkb
P17301,1074,N-linked,unicarbkb
Q9HC07,73,O-linked,unicarbkb
P05543,373,O-linked,unicarbkb
P13611,1602,O-linked,unicarbkb
P11362,317,N-linked,unicarbkb
P10909,291,N-linked,unicarbkb
O75718,87,N-linked,unicarbkb
Q99538,167,N-linked,unicarbkb
P13611,1847,O-linked,unicarbkb
O60353,136,O-linked,unicarbkb
O14656,158,N-linked,unicarbkb
Q6UY14,223,O-linked,unicarbkb
P05000,101,N-linked,unicarbkb
P04843,299,N-linked,unicarbkb
O43493,36,O-linked,unicarbkb
P02768,149,O-linked,unicarbkb
P16112,1950,O-linked,unicarbkb
Q96KN2,29,O-linked,unicarbkb
P02671,375,O-linked,unicarbkb
Q9NR99,882,O-linked,unicarbkb
O00468,496,O-linked,unicarbkb
Q15293,53,N-linked,unicarbkb
P15291,66,O-linked,unicarbkb
P02748,32,O-linked,unicarbkb
O43451,81,O-linked,unicarbkb
Q14766,920,O-linked,unicarbkb
P05546,51,O-linked,unicarbkb
Q9BS26,367,O-linked,unicarbkb
Q32P28,92,O-linked,unicarbkb
O60706,495,O-linked,unicarbkb
P16112,907,O-linked,unicarbkb
P69849,218,N-linked,unicarbkb
Q9ULI3,388,O-linked,unicarbkb
P01570,95,N-linked,unicarbkb
P04278,380,N-linked,unicarbkb
Q9HAT2,267,N-linked,unicarbkb
P38571,161,N-linked,unicarbkb
P16112,1915,O-linked,unicarbkb
Q9NPC4,68,O-linked,unicarbkb
P98160,2559,O-linked,unicarbkb
P01042,531,O-linked,unicarbkb
Q9ULI3,154,O-linked,unicarbkb
P51884,320,O-linked,unicarbkb
P13611,651,O-linked,unicarbkb
O60279,366,O-linked,unicarbkb
Q16790,115,O-linked,unicarbkb
A1L4H1,939,O-linked,unicarbkb
P98160,279,O-linked,unicarbkb
Q96JJ7,258,N-linked,unicarbkb
Q99808,63,O-linked,unicarbkb
P98160,1869,O-linked,unicarbkb
Q8TCZ2,114,O-linked,unicarbkb
P18827,220,O-linked,unicarbkb
P18827,92,O-linked,unicarbkb
Q09327,61,O-linked,unicarbkb
Q9Y6R7,1063,N-linked,unicarbkb
P05164,323,N-linked,unicarbkb
Q6EMK4,117,N-linked,unicarbkb
Q14624,719,O-linked,unicarbkb
P02452,948,O-linked,unicarbkb
P19801,276,O-linked,unicarbkb
P16870,139,N-linked,unicarbkb
P04921,42,O-linked,unicarbkb
P01133,807,O-linked,unicarbkb
Q75N90,1025,N-linked,unicarbkb
P13611,2740,O-linked,unicarbkb
P04233,203,O-linked,unicarbkb
Q9Y2G1,960,O-linked,unicarbkb
P00736,221,N-linked,unicarbkb
P05156,494,N-linked,unicarbkb
Q9Y4L1,155,N-linked,unicarbkb
P02671,357,O-linked,unicarbkb
Q9ULI3,492,O-linked,unicarbkb
Q92542,530,N-linked,unicarbkb
P01008,224,N-linked,unicarbkb
P02671,549,O-linked,unicarbkb
O60279,277,O-linked,unicarbkb
P12259,1200,O-linked,unicarbkb
Q8TDQ1,140,O-linked,unicarbkb
Q4ZHG4,888,O-linked,unicarbkb
O75369,2570,N-linked,unicarbkb
P98164,2821,O-linked,unicarbkb
O94910,464,O-linked,unicarbkb
Q6P4E1,313,O-linked,unicarbkb
Q02818,44,O-linked,unicarbkb
Q96J42,293,N-linked,unicarbkb
Q96PD5,182,O-linked,unicarbkb
P12259,1313,O-linked,unicarbkb
Q92854,419,N-linked,unicarbkb
Q96RQ1,154,O-linked,unicarbkb
Q92673,1463,O-linked,unicarbkb
P98160,915,O-linked,unicarbkb
Q9Y5L3,294,N-linked,unicarbkb
Q9Y5Y7,289,N-linked,unicarbkb
P08697,37,O-linked,unicarbkb
P13611,2671,O-linked,unicarbkb
P13611,642,O-linked,unicarbkb
Q92823,276,N-linked,unicarbkb
P13611,2661,O-linked,unicarbkb
O14791,59,O-linked,unicarbkb
Q96GW7,569,O-linked,unicarbkb
P04114,3748,O-linked,unicarbkb
P78552,151,N-linked,unicarbkb
P13611,545,O-linked,unicarbkb
Q5IJ48,1141,N-linked,unicarbkb
P10721,130,N-linked,unicarbkb
P09603,417,O-linked,unicarbkb
Q02325,28,O-linked,unicarbkb
Q07954,3493,O-linked,unicarbkb
P14209,86,O-linked,unicarbkb
P13611,1447,O-linked,unicarbkb
Q15848,22,O-linked,unicarbkb
P13611,3005,O-linked,unicarbkb
Q6UWJ1,151,O-linked,unicarbkb
Q13201,158,O-linked,unicarbkb
Q92542,612,N-linked,unicarbkb
P00747,263,O-linked,unicarbkb
P16112,2144,O-linked,unicarbkb
Q6UX72,79,O-linked,unicarbkb
O95428,555,O-linked,unicarbkb
Q96LR9,135,O-linked,unicarbkb
Q9NR99,1050,O-linked,unicarbkb
P39060,1539,O-linked,unicarbkb
P16112,408,O-linked,unicarbkb
P38398,247,N-linked,unicarbkb
Q9ULI3,356,O-linked,unicarbkb
P09466,82,N-linked,unicarbkb
P56159,59,N-linked,unicarbkb
P50120,6,N-linked,unicarbkb
Q9UGM5,160,O-linked,unicarbkb
P13611,2981,O-linked,unicarbkb
Q8TDW0,87,O-linked,unicarbkb
Q14112,475,O-linked,unicarbkb
P02768,446,O-linked,unicarbkb
P13611,393,O-linked,unicarbkb
P98095,370,O-linked,unicarbkb
P08236,173,N-linked,unicarbkb
P08697,397,O-linked,unicarbkb
O95998,47,O-linked,unicarbkb
P00742,190,O-linked,unicarbkb
P98164,3718,O-linked,unicarbkb
P16112,1383,O-linked,unicarbkb
Q5JRA6,1115,O-linked,unicarbkb
O00461,276,O-linked,unicarbkb
Q9NZ53,349,O-linked,unicarbkb
P22105,2838,O-linked,unicarbkb
P13611,1687,O-linked,unicarbkb
O15230,3107,N-linked,unicarbkb
Q6UVK1,2204,O-linked,unicarbkb
Q14332,179,O-linked,unicarbkb
Q6UXB8,390,O-linked,unicarbkb
Q07954,1056,O-linked,unicarbkb
P39060,697,O-linked,unicarbkb
Q92954,263,O-linked,unicarbkb
P04004,141,O-linked,unicarbkb
Q96FE7,66,N-linked,unicarbkb
Q8WUT4,44,O-linked,unicarbkb
P16070,627,O-linked,unicarbkb
P08571,364,O-linked,unicarbkb
Q6IQ55,817,O-linked,unicarbkb
P01225,42,N-linked,unicarbkb
P09603,365,O-linked,unicarbkb
Q13641,53,O-linked,unicarbkb
Q92954,254,O-linked,unicarbkb
P20908,426,O-linked,unicarbkb
Q9ULI3,956,O-linked,unicarbkb
P13611,1041,O-linked,unicarbkb
P08603,802,N-linked,unicarbkb
P14543,921,O-linked,unicarbkb
P98164,1108,O-linked,unicarbkb
P17301,112,N-linked,unicarbkb
Q9NR99,1185,O-linked,unicarbkb
Q12797,176,O-linked,unicarbkb
P24821,91,O-linked,unicarbkb
O75354,93,O-linked,unicarbkb
Q96LR9,133,O-linked,unicarbkb
P15502,86,O-linked,unicarbkb
P01023,869,N-linked,unicarbkb
O00339,860,O-linked,unicarbkb
Q9UBX5,106,O-linked,unicarbkb
Q9ULI3,952,O-linked,unicarbkb
O60486,871,N-linked,unicarbkb
Q8NI99,251,O-linked,unicarbkb
P09603,418,O-linked,unicarbkb
P12259,1263,O-linked,unicarbkb
P17936,148,O-linked,unicarbkb
P30622,1263,N-linked,unicarbkb
P12259,1290,O-linked,unicarbkb
P78324,292,N-linked,unicarbkb
P13611,500,O-linked,unicarbkb
P46977,544,N-linked,unicarbkb
Q6UY14,610,O-linked,unicarbkb
P38435,653,O-linked,unicarbkb
Q9UKU9,268,O-linked,unicarbkb
P02671,338,O-linked,unicarbkb
Q9BY76,315,O-linked,unicarbkb
P15144,265,N-linked,unicarbkb
P51991,334,N-linked,unicarbkb
P13611,1451,O-linked,unicarbkb
P54802,261,N-linked,unicarbkb
P17813,344,O-linked,unicarbkb
O95196,165,O-linked,unicarbkb
P20933,38,N-linked,unicarbkb
P00747,457,O-linked,unicarbkb
Q92954,635,O-linked,unicarbkb
P13611,2875,O-linked,unicarbkb
P16070,199,O-linked,unicarbkb
Q99941,685,O-linked,unicarbkb
Q99538,307,O-linked,unicarbkb
O43157,790,O-linked,unicarbkb
Q13790,303,O-linked,unicarbkb
Q13790,274,O-linked,unicarbkb
Q14515,365,O-linked,unicarbkb
P22105,83,O-linked,unicarbkb
P13611,1807,O-linked,unicarbkb
Q14767,802,O-linked,unicarbkb
O00391,130,N-linked,unicarbkb
Q96D15,140,N-linked,unicarbkb
Q99784,394,N-linked,unicarbkb
Q8N695,493,O-linked,unicarbkb
P17948,196,N-linked,unicarbkb
P35613,212,O-linked,unicarbkb
Q6UXD5,43,O-linked,unicarbkb
P02671,501,O-linked,unicarbkb
Q86VB7,704,O-linked,unicarbkb
P22897,1093,O-linked,unicarbkb
Q14520,293,O-linked,unicarbkb
Q10469,390,O-linked,unicarbkb
P16112,1933,O-linked,unicarbkb
P15144,57,O-linked,unicarbkb
P13611,855,O-linked,unicarbkb
Q9Y2H9,11,N-linked,unicarbkb
Q9HCU0,543,O-linked,unicarbkb
P34910,147,O-linked,unicarbkb
O00178,122,O-linked,unicarbkb
Q07075,63,O-linked,unicarbkb
P98164,2992,O-linked,unicarbkb
P13611,3025,O-linked,unicarbkb
P02461,96,O-linked,unicarbkb
B4DS77,66,O-linked,unicarbkb
Q86TY3,588,O-linked,unicarbkb
P13611,551,O-linked,unicarbkb
P24821,1034,N-linked,unicarbkb
Q6ZMP0,277,O-linked,unicarbkb
Q6UXG2,576,N-linked,unicarbkb
Q9ULC0,118,O-linked,unicarbkb
Q9BS26,380,O-linked,unicarbkb
P02461,1367,N-linked,unicarbkb
P24593,123,O-linked,unicarbkb
Q92820,163,N-linked,unicarbkb
Q9UNA0,215,O-linked,unicarbkb
P27658,577,O-linked,unicarbkb
Q13201,828,N-linked,unicarbkb
P12259,805,O-linked,unicarbkb
Q05707,353,O-linked,unicarbkb
Q6R2W3,490,N-linked,unicarbkb
Q99571,208,N-linked,unicarbkb
Q8IWV2,858,N-linked,unicarbkb
P39059,520,O-linked,unicarbkb
Q14112,448,O-linked,unicarbkb
Q92542,435,N-linked,unicarbkb
Q9BYJ0,159,O-linked,unicarbkb
O95274,118,N-linked,unicarbkb
P02461,152,O-linked,unicarbkb
O75487,375,O-linked,unicarbkb
O95208,578,O-linked,unicarbkb
P39060,474,O-linked,unicarbkb
P22105,1873,O-linked,unicarbkb
Q8N307,651,O-linked,unicarbkb
P01344,163,O-linked,unicarbkb
O00468,1258,O-linked,unicarbkb
P98160,3032,O-linked,unicarbkb
Q13790,59,O-linked,unicarbkb
Q07954,847,O-linked,unicarbkb
P12259,1308,O-linked,unicarbkb
O14672,194,O-linked,unicarbkb
O00339,905,O-linked,unicarbkb
Q6UXI9,327,O-linked,unicarbkb
Q92563,184,O-linked,unicarbkb
Q9Y282,130,O-linked,unicarbkb
Q16620,241,N-linked,unicarbkb
P98164,3031,O-linked,unicarbkb
P56856,116,N-linked,unicarbkb
Q8TDQ1,136,O-linked,unicarbkb
Q9NU53,214,O-linked,unicarbkb
Q6UXD5,48,O-linked,unicarbkb
P13611,3045,O-linked,unicarbkb
O60883,107,O-linked,unicarbkb
P01023,763,O-linked,unicarbkb
Q12805,121,O-linked,unicarbkb
Q9UKY0,47,O-linked,unicarbkb
O00584,212,N-linked,unicarbkb
P39059,37,O-linked,unicarbkb
P34810,137,O-linked,unicarbkb
Q9NR99,880,O-linked,unicarbkb
Q9NZV1,598,O-linked,unicarbkb
P00738,187,O-linked,unicarbkb
Q86TY3,242,O-linked,unicarbkb
Q14118,63,O-linked,unicarbkb
O75339,1140,O-linked,unicarbkb
P05155,69,N-linked,unicarbkb
P08709,120,O-linked,unicarbkb
P39059,513,O-linked,unicarbkb
Q8IUX7,188,O-linked,unicarbkb
P13611,1315,O-linked,unicarbkb
P24592,126,O-linked,unicarbkb
Q9UBX7,131,N-linked,unicarbkb
P02750,186,N-linked,unicarbkb
Q6UWH4,149,O-linked,unicarbkb
P00748,328,O-linked,unicarbkb
P98160,2815,O-linked,unicarbkb
P02671,546,O-linked,unicarbkb
Q96PD5,193,O-linked,unicarbkb
Q9HCU0,472,O-linked,unicarbkb
P39060,736,O-linked,unicarbkb
P12259,1202,O-linked,unicarbkb
Q6W4X9,667,N-linked,unicarbkb
Q13275,53,N-linked,unicarbkb
O43278,373,O-linked,unicarbkb
Q9BXX0,223,O-linked,unicarbkb
O95490,459,O-linked,unicarbkb
O95428,706,O-linked,unicarbkb
Q96GW7,384,O-linked,unicarbkb
Q14766,769,O-linked,unicarbkb
Q96PD5,151,O-linked,unicarbkb
P20851,160,O-linked,unicarbkb
O95727,272,O-linked,unicarbkb
P16150,94,O-linked,unicarbkb
Q9BXX0,163,O-linked,unicarbkb
Q9H8L6,512,O-linked,unicarbkb
P04233,130,N-linked,unicarbkb
P16112,910,O-linked,unicarbkb
P39060,1717,O-linked,unicarbkb
Q9UKP4,1364,O-linked,unicarbkb
Q9BZR6,390,O-linked,unicarbkb
P53671,372,O-linked,unicarbkb
Q9UBV2,272,N-linked,unicarbkb
Q8IZ83,751,O-linked,unicarbkb
P25445,28,O-linked,unicarbkb
P13611,2978,O-linked,unicarbkb
Q14314,119,O-linked,unicarbkb
P12259,1150,O-linked,unicarbkb
Q14515,149,O-linked,unicarbkb
Q9H8L6,692,O-linked,unicarbkb
O75309,666,O-linked,unicarbkb
Q92954,781,O-linked,unicarbkb
Q99674,159,O-linked,unicarbkb
P06734,314,O-linked,unicarbkb
Q14624,702,O-linked,unicarbkb
Q96IY4,73,N-linked,unicarbkb
P13611,1309,O-linked,unicarbkb
Q12866,442,N-linked,unicarbkb
P35443,273,O-linked,unicarbkb
O43155,407,O-linked,unicarbkb
O14657,64,N-linked,unicarbkb
P00742,203,O-linked,unicarbkb
Q96FE7,39,O-linked,unicarbkb
P25940,323,O-linked,unicarbkb
Q12866,45,O-linked,unicarbkb
O00461,283,O-linked,unicarbkb
Q14112,410,O-linked,unicarbkb
Q9UNW1,42,O-linked,unicarbkb
O60279,408,O-linked,unicarbkb
Q6UX72,345,O-linked,unicarbkb
P22105,1569,O-linked,unicarbkb
P28906,162,O-linked,unicarbkb
Q6EMK4,555,O-linked,unicarbkb
Q16880,442,N-linked,unicarbkb
Q9BXR6,283,O-linked,unicarbkb
Q9H4F8,197,O-linked,unicarbkb
Q76LX8,863,O-linked,unicarbkb
Q8NBJ4,239,O-linked,unicarbkb
Q96DN2,935,O-linked,unicarbkb
P16455,157,N-linked,unicarbkb
Q8IYS5,249,O-linked,unicarbkb
P04233,136,N-linked,unicarbkb
Q14767,839,O-linked,unicarbkb
O75976,226,O-linked,unicarbkb
P06865,157,N-linked,unicarbkb
O60279,343,O-linked,unicarbkb
P34741,88,O-linked,unicarbkb
P13611,544,O-linked,unicarbkb
Q96FL9,45,O-linked,unicarbkb
O75339,132,N-linked,unicarbkb
O43166,1411,N-linked,unicarbkb
P04844,106,N-linked,unicarbkb
P04433,25,O-linked,unicarbkb
Q14767,518,O-linked,unicarbkb
P10643,696,O-linked,unicarbkb
Q8NBK3,141,N-linked,unicarbkb
P22105,2649,O-linked,unicarbkb
Q92823,1009,N-linked,unicarbkb
Q12805,110,O-linked,unicarbkb
Q8TDR0,686,N-linked,unicarbkb
P20908,424,O-linked,unicarbkb
O60635,154,N-linked,unicarbkb
P22105,2514,O-linked,unicarbkb
O75976,172,N-linked,unicarbkb
P46379,260,O-linked,unicarbkb
P06213,791,O-linked,unicarbkb
P98095,241,O-linked,unicarbkb
Q6UVK1,2203,O-linked,unicarbkb
P00742,484,O-linked,unicarbkb
P13866,14,O-linked,unicarbkb
P02652,32,O-linked,unicarbkb
P13611,3083,O-linked,unicarbkb
Q14767,421,N-linked,unicarbkb
P16112,2258,O-linked,unicarbkb
Q92626,424,O-linked,unicarbkb
P01860,152,O-linked,unicarbkb
Q99715,1181,O-linked,unicarbkb
P01011,373,O-linked,unicarbkb
Q9Y6N7,555,O-linked,unicarbkb
P17948,323,N-linked,unicarbkb
Q96IY4,108,N-linked,unicarbkb
O75446,34,N-linked,unicarbkb
P05556,481,N-linked,unicarbkb
O43866,130,O-linked,unicarbkb
P98164,3834,O-linked,unicarbkb
Q5CZC0,629,N-linked,unicarbkb
O60494,1972,O-linked,unicarbkb
P08697,126,N-linked,unicarbkb
P98164,1270,O-linked,unicarbkb
P02751,1551,O-linked,unicarbkb
Q96F05,190,O-linked,unicarbkb
Q14515,356,O-linked,unicarbkb
P49257,425,O-linked,unicarbkb
Q10469,74,O-linked,unicarbkb
Q86T13,330,O-linked,unicarbkb
P19827,604,O-linked,unicarbkb
Q8N2S1,542,O-linked,unicarbkb
P54802,503,N-linked,unicarbkb
Q14112,391,O-linked,unicarbkb
P22105,2837,O-linked,unicarbkb
Q9BYH1,180,O-linked,unicarbkb
P13611,2017,O-linked,unicarbkb
P16112,61,O-linked,unicarbkb
Q15113,309,O-linked,unicarbkb
P23470,640,O-linked,unicarbkb
P13611,2784,O-linked,unicarbkb
P31431,97,O-linked,unicarbkb
P13611,1291,O-linked,unicarbkb
Q6UXB8,310,O-linked,unicarbkb
P07357,437,N-linked,unicarbkb
O00468,1095,O-linked,unicarbkb
P13611,1308,O-linked,unicarbkb
P61129,992,O-linked,unicarbkb
P98164,1148,O-linked,unicarbkb
Q8NHJ6,246,O-linked,unicarbkb
P02655,23,O-linked,unicarbkb
O14498,371,O-linked,unicarbkb
Q9ULI3,198,O-linked,unicarbkb
Q9UJJ9,274,O-linked,unicarbkb
P36269,442,O-linked,unicarbkb
P08294,29,O-linked,unicarbkb
P05121,359,O-linked,unicarbkb
Q9Y4L1,830,N-linked,unicarbkb
Q2UY09,1054,O-linked,unicarbkb
Q07075,66,O-linked,unicarbkb
P04275,1255,O-linked,unicarbkb
Q6UXB8,296,O-linked,unicarbkb
Q92954,822,O-linked,unicarbkb
Q9UGM5,136,N-linked,unicarbkb
Q6UY14,319,O-linked,unicarbkb
P36269,441,O-linked,unicarbkb
P04003,317,O-linked,unicarbkb
Q6PCB0,322,O-linked,unicarbkb
P25063,41,O-linked,unicarbkb
Q5JRA6,250,N-linked,unicarbkb
O94985,149,O-linked,unicarbkb
P13611,2540,O-linked,unicarbkb
P54753,445,N-linked,unicarbkb
P00747,264,O-linked,unicarbkb
P16112,1461,O-linked,unicarbkb
O75339,346,N-linked,unicarbkb
Q6UXB8,394,O-linked,unicarbkb
P43356,76,N-linked,unicarbkb
P22105,3052,O-linked,unicarbkb
P14210,402,N-linked,unicarbkb
P54802,435,N-linked,unicarbkb
P16112,1591,O-linked,unicarbkb
P05155,31,O-linked,unicarbkb
P01903,143,N-linked,unicarbkb
P13611,2215,O-linked,unicarbkb
Q8NBJ4,235,O-linked,unicarbkb
O00754,367,N-linked,unicarbkb
Q8TER0,1275,O-linked,unicarbkb
P80303,42,O-linked,unicarbkb
Q96B86,350,O-linked,unicarbkb
P16422,111,N-linked,unicarbkb
P26927,72,N-linked,unicarbkb
P02652,35,O-linked,unicarbkb
P16112,2083,O-linked,unicarbkb
P10253,140,N-linked,unicarbkb
P68871,45,O-linked,unicarbkb
P01833,499,N-linked,unicarbkb
Q86TY3,572,O-linked,unicarbkb
Q9HA82,19,N-linked,unicarbkb
O14786,638,O-linked,unicarbkb
Q07954,3535,O-linked,unicarbkb
Q6ZVL6,4,O-linked,unicarbkb
P14625,217,N-linked,unicarbkb
Q07954,1101,O-linked,unicarbkb
Q13308,116,N-linked,unicarbkb
P28827,131,N-linked,unicarbkb
P00451,1396,O-linked,unicarbkb
Q03164,1601,N-linked,unicarbkb
Q15847,57,O-linked,unicarbkb
Q02487,629,N-linked,unicarbkb
Q9HCU0,413,O-linked,unicarbkb
Q16581,266,O-linked,unicarbkb
Q8IUX7,228,O-linked,unicarbkb
Q16880,78,N-linked,unicarbkb
P00751,26,O-linked,unicarbkb
Q9UKP4,1186,O-linked,unicarbkb
Q8N2S1,231,O-linked,unicarbkb
P01593,27,O-linked,unicarbkb
Q70JA7,122,O-linked,unicarbkb
P16112,1930,O-linked,unicarbkb
Q86TY3,574,O-linked,unicarbkb
P98164,1023,O-linked,unicarbkb
Q9NUM4,223,N-linked,unicarbkb
Q96QR1,46,O-linked,unicarbkb
Q8NBL1,204,N-linked,unicarbkb
Q12866,84,O-linked,unicarbkb
P49747,121,N-linked,unicarbkb
P00734,192,O-linked,unicarbkb
P29622,108,N-linked,unicarbkb
Q12913,305,O-linked,unicarbkb
Q8TCZ2,69,O-linked,unicarbkb
Q9BRQ5,216,O-linked,unicarbkb
Q08397,283,O-linked,unicarbkb
P08571,362,O-linked,unicarbkb
O00391,592,O-linked,unicarbkb
P51888,68,O-linked,unicarbkb
P11597,266,O-linked,unicarbkb
P08123,860,O-linked,unicarbkb
Q16610,530,N-linked,unicarbkb
P35968,477,O-linked,unicarbkb
P13611,1271,O-linked,unicarbkb
Q68CJ9,347,O-linked,unicarbkb
P01160,75,O-linked,unicarbkb
P16112,22,O-linked,unicarbkb
Q8N2S1,535,O-linked,unicarbkb
P16112,447,O-linked,unicarbkb
Q76M96,516,O-linked,unicarbkb
P12259,1310,O-linked,unicarbkb
Q9NZR2,1983,N-linked,unicarbkb
P23435,43,O-linked,unicarbkb
P24821,1469,O-linked,unicarbkb
Q9HCU0,665,O-linked,unicarbkb
P50281,291,O-linked,unicarbkb
P01133,955,O-linked,unicarbkb
A1L4H1,764,O-linked,unicarbkb
P00533,528,N-linked,unicarbkb
P35052,515,O-linked,unicarbkb
P13611,464,O-linked,unicarbkb
P13473,207,O-linked,unicarbkb
P04070,382,O-linked,unicarbkb
P13611,2760,O-linked,unicarbkb
P24821,81,O-linked,unicarbkb
P09603,229,O-linked,unicarbkb
Q9UBY0,54,O-linked,unicarbkb
Q9BX67,104,N-linked,unicarbkb
O60494,2085,N-linked,unicarbkb
Q13201,921,N-linked,unicarbkb
P14314,363,O-linked,unicarbkb
P39060,93,O-linked,unicarbkb
Q92954,1076,O-linked,unicarbkb
Q92954,815,O-linked,unicarbkb
Q96KA5,229,N-linked,unicarbkb
O14594,725,O-linked,unicarbkb
P02671,397,O-linked,unicarbkb
Q9H1B5,782,O-linked,unicarbkb
P49765,187,O-linked,unicarbkb
Q05707,1214,O-linked,unicarbkb
P10645,48,O-linked,unicarbkb
Q6IQ55,820,O-linked,unicarbkb
Q15262,140,N-linked,unicarbkb
P06756,945,N-linked,unicarbkb
A6NC57,99,N-linked,unicarbkb
Q9H0B8,241,O-linked,unicarbkb
P11047,650,N-linked,unicarbkb
P98095,255,O-linked,unicarbkb
Q9HCU4,2212,O-linked,unicarbkb
P15941,911,O-linked,unicarbkb
Q6ZMI0,753,N-linked,unicarbkb
P02786,251,N-linked,unicarbkb
P16112,2188,O-linked,unicarbkb
P12109,212,N-linked,unicarbkb
Q12805,98,O-linked,unicarbkb
P05155,47,O-linked,unicarbkb
P39060,1711,O-linked,unicarbkb
Q07954,3571,O-linked,unicarbkb
P22792,74,N-linked,unicarbkb
Q9Y240,277,O-linked,unicarbkb
P10253,882,N-linked,unicarbkb
P24043,2747,O-linked,unicarbkb
P16112,2223,O-linked,unicarbkb
P18065,166,O-linked,unicarbkb
Q6UX73,147,O-linked,unicarbkb
Q8IZA0,238,O-linked,unicarbkb
P16112,2215,O-linked,unicarbkb
P15144,681,N-linked,unicarbkb
Q5UCC4,191,O-linked,unicarbkb
P26022,45,O-linked,unicarbkb
P13611,1052,O-linked,unicarbkb
P00748,43,O-linked,unicarbkb
P13611,1537,O-linked,unicarbkb
Q6UXG2,672,N-linked,unicarbkb
P13611,1295,O-linked,unicarbkb
P05121,360,O-linked,unicarbkb
P18827,240,O-linked,unicarbkb
Q8WWF1,51,O-linked,unicarbkb
Q16610,138,O-linked,unicarbkb
P05155,48,O-linked,unicarbkb
Q8TEM1,926,N-linked,unicarbkb
P35555,2711,O-linked,unicarbkb
Q9NR99,1022,O-linked,unicarbkb
Q8WWV6,182,O-linked,unicarbkb
P53801,54,N-linked,unicarbkb
Q86TY3,401,O-linked,unicarbkb
Q6WN34,217,O-linked,unicarbkb
Q9NX62,107,O-linked,unicarbkb
Q08380,69,N-linked,unicarbkb
Q08431,238,N-linked,unicarbkb
P39059,35,O-linked,unicarbkb
P09486,39,O-linked,unicarbkb
Q4LDE5,893,O-linked,unicarbkb
P09529,35,O-linked,unicarbkb
Q14766,831,O-linked,unicarbkb
O00592,269,O-linked,unicarbkb
Q9NR99,1115,O-linked,unicarbkb
P13611,1418,O-linked,unicarbkb
P16284,151,N-linked,unicarbkb
P01889,158,O-linked,unicarbkb
Q9ULI3,400,O-linked,unicarbkb
Q14766,278,O-linked,unicarbkb
Q8N2S1,1486,O-linked,unicarbkb
O75976,40,O-linked,unicarbkb
P22105,946,O-linked,unicarbkb
A1L4H1,453,O-linked,unicarbkb
P06396,431,O-linked,unicarbkb
Q6P4Q7,122,N-linked,unicarbkb
P41271,39,N-linked,unicarbkb
P16112,1630,O-linked,unicarbkb
P11717,581,N-linked,unicarbkb
P02743,195,O-linked,unicarbkb
P43155,238,N-linked,unicarbkb
P03952,396,N-linked,unicarbkb
P09603,414,O-linked,unicarbkb
Q96DN2,861,O-linked,unicarbkb
Q16363,1366,N-linked,unicarbkb
Q9H330,551,N-linked,unicarbkb
P22897,790,O-linked,unicarbkb
P98160,3392,O-linked,unicarbkb
Q14624,640,O-linked,unicarbkb
Q96KA5,91,N-linked,unicarbkb
Q11201,79,N-linked,unicarbkb
P00451,869,O-linked,unicarbkb
Q70Z35,64,N-linked,unicarbkb
Q9NY15,1178,N-linked,unicarbkb
Q12805,88,O-linked,unicarbkb
Q13740,265,N-linked,unicarbkb
O96005,295,N-linked,unicarbkb
O95428,872,O-linked,unicarbkb
P13473,196,O-linked,unicarbkb
P20908,1672,N-linked,unicarbkb
O95428,611,O-linked,unicarbkb
O43493,42,O-linked,unicarbkb
Q6EMK4,530,O-linked,unicarbkb
P11117,267,N-linked,unicarbkb
P29120,632,O-linked,unicarbkb
P16070,484,O-linked,unicarbkb
Q9UBS9,963,N-linked,unicarbkb
Q07954,4075,N-linked,unicarbkb
P30533,268,N-linked,unicarbkb
P18827,164,O-linked,unicarbkb
Q96MT3,544,N-linked,unicarbkb
P23229,323,N-linked,unicarbkb
P05546,100,O-linked,unicarbkb
O94927,236,O-linked,unicarbkb
P09529,47,O-linked,unicarbkb
Q13530,322,O-linked,unicarbkb
Q02487,392,N-linked,unicarbkb
P11047,1107,N-linked,unicarbkb
Q7L1W4,118,O-linked,unicarbkb
P05997,188,O-linked,unicarbkb
P10586,721,N-linked,unicarbkb
Q2UY09,1012,O-linked,unicarbkb
O75976,44,O-linked,unicarbkb
Q1L6U9,128,O-linked,unicarbkb
Q6UXI9,362,O-linked,unicarbkb
P98160,2716,O-linked,unicarbkb
P12273,105,N-linked,unicarbkb
O43451,80,O-linked,unicarbkb
P13611,1926,O-linked,unicarbkb
A1L4H1,758,O-linked,unicarbkb
Q6ZMH5,123,O-linked,unicarbkb
Q6PK18,215,N-linked,unicarbkb
Q8NHP8,88,N-linked,unicarbkb
Q14112,846,O-linked,unicarbkb
P11279,197,O-linked,unicarbkb
Q5VY43,64,O-linked,unicarbkb
Q09328,121,O-linked,unicarbkb
P08571,151,N-linked,unicarbkb
Q06481,371,O-linked,unicarbkb
P11362,264,N-linked,unicarbkb
P29317,435,N-linked,unicarbkb
P01880,347,O-linked,unicarbkb
P02751,2202,O-linked,unicarbkb
Q9HDC9,196,N-linked,unicarbkb
Q12980,465,N-linked,unicarbkb
Q9Y6R7,2634,O-linked,unicarbkb
Q15165,323,N-linked,unicarbkb
Q14767,267,O-linked,unicarbkb
Q13972,872,N-linked,unicarbkb
P16112,1623,O-linked,unicarbkb
Q9Y5F2,24,O-linked,unicarbkb
P53634,53,N-linked,unicarbkb
Q8IZC6,586,O-linked,unicarbkb
Q9UP38,241,O-linked,unicarbkb
P98164,3070,O-linked,unicarbkb
Q8NBJ4,218,O-linked,unicarbkb
O14798,38,O-linked,unicarbkb
O95727,271,O-linked,unicarbkb
Q99542,280,O-linked,unicarbkb
P05155,118,O-linked,unicarbkb
P23470,514,O-linked,unicarbkb
P13473,211,O-linked,unicarbkb
P12259,1148,O-linked,unicarbkb
P13611,563,O-linked,unicarbkb
Q15155,218,N-linked,unicarbkb
P22105,1872,O-linked,unicarbkb
Q14515,31,O-linked,unicarbkb
Q13018,1123,N-linked,unicarbkb
Q6UY14,232,O-linked,unicarbkb
P00734,145,O-linked,unicarbkb
O60513,69,O-linked,unicarbkb
Q14112,1113,O-linked,unicarbkb
P19021,45,O-linked,unicarbkb
P07942,677,N-linked,unicarbkb
Q8N2S1,31,O-linked,unicarbkb
Q16610,80,O-linked,unicarbkb
Q8N2S1,35,O-linked,unicarbkb
Q14767,380,O-linked,unicarbkb
P13611,2583,O-linked,unicarbkb
P02787,491,N-linked,unicarbkb
Q8TCT8,155,N-linked,unicarbkb
Q9ULI3,205,O-linked,unicarbkb
P13611,1473,O-linked,unicarbkb
Q6P4A8,366,N-linked,unicarbkb
Q5JRA6,246,N-linked,unicarbkb
P04004,429,O-linked,unicarbkb
P12110,218,O-linked,unicarbkb
P09603,431,O-linked,unicarbkb
Q92626,1178,N-linked,unicarbkb
P02748,277,N-linked,unicarbkb
Q9BXX0,309,O-linked,unicarbkb
P54855,316,N-linked,unicarbkb
P02671,341,O-linked,unicarbkb
Q6UY14,260,O-linked,unicarbkb
Q86TY3,167,O-linked,unicarbkb
P18827,86,O-linked,unicarbkb
Q14118,343,O-linked,unicarbkb
Q14956,200,N-linked,unicarbkb
O75976,42,O-linked,unicarbkb
Q15165,254,N-linked,unicarbkb
P98155,71,O-linked,unicarbkb
P18827,212,O-linked,unicarbkb
Q92626,731,N-linked,unicarbkb
Q9NR34,128,O-linked,unicarbkb
P78536,264,N-linked,unicarbkb
P11047,1241,N-linked,unicarbkb
P26022,41,O-linked,unicarbkb
P22105,947,O-linked,unicarbkb
P46977,548,N-linked,unicarbkb
Q9UKP4,1385,O-linked,unicarbkb
P04003,230,O-linked,unicarbkb
Q86Z14,391,N-linked,unicarbkb
Q08629,228,O-linked,unicarbkb
P06396,430,O-linked,unicarbkb
A6NGW2,964,N-linked,unicarbkb
Q9NYQ6,213,O-linked,unicarbkb
Q99523,406,N-linked,unicarbkb
Q9H4A9,69,O-linked,unicarbkb
Q6ZRP7,624,O-linked,unicarbkb
Q68BL8,36,O-linked,unicarbkb
Q12797,114,O-linked,unicarbkb
P13473,257,N-linked,unicarbkb
Q13790,57,O-linked,unicarbkb
P19827,623,O-linked,unicarbkb
Q15061,314,N-linked,unicarbkb
P13611,1074,O-linked,unicarbkb
Q9Y6I3,462,O-linked,unicarbkb
Q16853,47,O-linked,unicarbkb
P05160,162,N-linked,unicarbkb
P17936,116,N-linked,unicarbkb
Q8IUX7,1146,O-linked,unicarbkb
P35443,270,O-linked,unicarbkb
Q8IXL6,150,O-linked,unicarbkb
P49908,174,N-linked,unicarbkb
P01127,63,N-linked,unicarbkb
Q9BZQ6,195,N-linked,unicarbkb
O00754,497,N-linked,unicarbkb
Q9Y4L1,964,O-linked,unicarbkb
Q9UQP3,1149,N-linked,unicarbkb
Q9ULI3,161,O-linked,unicarbkb
Q13421,496,N-linked,unicarbkb
P02649,314,O-linked,unicarbkb
Q9NZ53,290,O-linked,unicarbkb
P04114,3264,O-linked,unicarbkb
P12259,1284,O-linked,unicarbkb
Q9H2A7,178,O-linked,unicarbkb
P13611,689,O-linked,unicarbkb
P39060,79,O-linked,unicarbkb
O43909,563,O-linked,unicarbkb
Q8N6G6,558,O-linked,unicarbkb
Q9UKY1,99,N-linked,unicarbkb
P25054,1818,N-linked,unicarbkb
Q96Q89,18,O-linked,unicarbkb
P19823,666,O-linked,unicarbkb
O75821,129,O-linked,unicarbkb
Q12907,183,N-linked,unicarbkb
P16112,2238,O-linked,unicarbkb
Q8N2S1,530,O-linked,unicarbkb
P22105,943,O-linked,unicarbkb
P13611,2331,O-linked,unicarbkb
Q9HCU0,494,O-linked,unicarbkb
O75096,70,O-linked,unicarbkb
Q99075,47,O-linked,unicarbkb
P39059,282,O-linked,unicarbkb
P14210,566,N-linked,unicarbkb
P15291,58,O-linked,unicarbkb
P01023,575,O-linked,unicarbkb
Q9BRK3,163,O-linked,unicarbkb
Q9Y6C2,483,O-linked,unicarbkb
P13473,195,O-linked,unicarbkb
Q96DN2,816,O-linked,unicarbkb
Q9HBB8,640,O-linked,unicarbkb
P13473,101,N-linked,unicarbkb
A1L4H1,1445,O-linked,unicarbkb
P20908,387,O-linked,unicarbkb
P16112,2255,O-linked,unicarbkb
A1L4H1,1458,O-linked,unicarbkb
P00747,28,O-linked,unicarbkb
P02751,617,O-linked,unicarbkb
O95428,702,O-linked,unicarbkb
Q9NPY3,553,O-linked,unicarbkb
P27824,49,O-linked,unicarbkb
P32004,979,N-linked,unicarbkb
P02751,2211,O-linked,unicarbkb
Q06481,367,O-linked,unicarbkb
O00451,401,O-linked,unicarbkb
Q6PIU2,287,N-linked,unicarbkb
P12259,1239,O-linked,unicarbkb
O60279,278,O-linked,unicarbkb
P08476,30,O-linked,unicarbkb
P20138,239,O-linked,unicarbkb
P42785,47,N-linked,unicarbkb
Q9ULI3,680,O-linked,unicarbkb
P98155,192,O-linked,unicarbkb
P98155,277,O-linked,unicarbkb
P12259,1238,O-linked,unicarbkb
Q13510,259,N-linked,unicarbkb
Q32P28,467,N-linked,unicarbkb
P01024,985,O-linked,unicarbkb
P78423,272,O-linked,unicarbkb
P04275,2546,N-linked,unicarbkb
P00734,78,O-linked,unicarbkb
Q86X29,326,O-linked,unicarbkb
P04114,983,N-linked,unicarbkb
Q03167,369,O-linked,unicarbkb
P13611,2457,O-linked,unicarbkb
Q8NBS9,306,O-linked,unicarbkb
Q9Y5Y7,216,O-linked,unicarbkb
O00391,593,O-linked,unicarbkb
O00461,259,O-linked,unicarbkb
O75636,189,N-linked,unicarbkb
P49591,427,N-linked,unicarbkb
P16070,200,O-linked,unicarbkb
Q16581,238,O-linked,unicarbkb
Q14112,479,O-linked,unicarbkb
Q9ULI3,715,O-linked,unicarbkb
P07359,494,O-linked,unicarbkb
Q14515,44,O-linked,unicarbkb
Q14766,1601,O-linked,unicarbkb
P02462,1532,O-linked,unicarbkb
Q6UY14,291,O-linked,unicarbkb
Q96DN2,911,O-linked,unicarbkb
P98160,251,O-linked,unicarbkb
P04004,99,O-linked,unicarbkb
Q969P0,463,N-linked,unicarbkb
O60883,23,O-linked,unicarbkb
P02750,269,N-linked,unicarbkb
P98164,109,O-linked,unicarbkb
P43155,586,N-linked,unicarbkb
P18827,165,O-linked,unicarbkb
P23470,561,O-linked,unicarbkb
Q92673,1464,O-linked,unicarbkb
Q9HCU0,448,O-linked,unicarbkb
P01023,247,N-linked,unicarbkb
Q2UY09,1055,O-linked,unicarbkb
P48740,178,N-linked,unicarbkb
P98095,350,O-linked,unicarbkb
Q9NY15,745,N-linked,unicarbkb
Q9HAR2,489,O-linked,unicarbkb
Q99715,1180,O-linked,unicarbkb
P11279,62,N-linked,unicarbkb
P14209,29,O-linked,unicarbkb
Q5FWE3,329,O-linked,unicarbkb
Q6UX71,419,O-linked,unicarbkb
Q9NU53,204,O-linked,unicarbkb
Q8WWZ8,259,N-linked,unicarbkb
O95866,73,O-linked,unicarbkb
P16112,2124,O-linked,unicarbkb
Q9UGM5,223,O-linked,unicarbkb
P16112,2103,O-linked,unicarbkb
Q8N2S1,45,O-linked,unicarbkb
A8MYU2,666,N-linked,unicarbkb
P09603,233,O-linked,unicarbkb
P01042,408,O-linked,unicarbkb
Q9BWG4,327,N-linked,unicarbkb
Q92626,1280,N-linked,unicarbkb
Q6UY14,268,O-linked,unicarbkb
Q7L0X0,495,O-linked,unicarbkb
Q8WXD2,216,O-linked,unicarbkb
P36955,285,N-linked,unicarbkb
Q96FE7,120,O-linked,unicarbkb
Q99835,55,O-linked,unicarbkb
P24394,176,N-linked,unicarbkb
P29122,683,O-linked,unicarbkb
Q9GZT5,319,O-linked,unicarbkb
Q9H173,73,O-linked,unicarbkb
Q5VUA4,1603,N-linked,unicarbkb
P01133,801,O-linked,unicarbkb
Q9NTJ3,193,N-linked,unicarbkb
P03971,367,O-linked,unicarbkb
Q9NZV1,904,O-linked,unicarbkb
Q9Y448,56,N-linked,unicarbkb
P11047,1175,N-linked,unicarbkb
P04062,58,N-linked,unicarbkb
Q10471,368,O-linked,unicarbkb
Q9NQX5,161,O-linked,unicarbkb
Q9BUN1,137,O-linked,unicarbkb
P55001,54,O-linked,unicarbkb
Q8NCW6,460,O-linked,unicarbkb
O60883,95,O-linked,unicarbkb
P02768,443,O-linked,unicarbkb
Q14314,118,O-linked,unicarbkb
P23142,98,N-linked,unicarbkb
Q15942,240,O-linked,unicarbkb
P13611,1015,O-linked,unicarbkb
P58397,1247,O-linked,unicarbkb
P13473,200,O-linked,unicarbkb
Q8N436,56,O-linked,unicarbkb
O60279,558,O-linked,unicarbkb
P02671,524,O-linked,unicarbkb
P23327,585,O-linked,unicarbkb
Q14515,315,O-linked,unicarbkb
P13611,1023,O-linked,unicarbkb
Q6YHK3,513,N-linked,unicarbkb
P14543,359,O-linked,unicarbkb
P42785,39,O-linked,unicarbkb
P00734,317,O-linked,unicarbkb
Q15848,21,O-linked,unicarbkb
Q13433,222,O-linked,unicarbkb
P01009,168,O-linked,unicarbkb
P19823,673,O-linked,unicarbkb
P39059,360,O-linked,unicarbkb
P13611,1996,O-linked,unicarbkb
P13611,2345,O-linked,unicarbkb
P16112,23,O-linked,unicarbkb
P39059,1188,O-linked,unicarbkb
P01023,588,O-linked,unicarbkb
Q9NX45,190,N-linked,unicarbkb
P16112,1889,O-linked,unicarbkb
P01574,101,N-linked,unicarbkb
P36955,374,O-linked,unicarbkb
P28222,265,O-linked,unicarbkb
P33151,112,N-linked,unicarbkb
Q92854,696,O-linked,unicarbkb
Q86SR1,43,O-linked,unicarbkb
P01042,571,O-linked,unicarbkb
Q8WXD2,231,O-linked,unicarbkb
P04921,33,O-linked,unicarbkb
P10619,145,N-linked,unicarbkb
P08254,277,O-linked,unicarbkb
Q07954,1616,N-linked,unicarbkb
P98160,3399,O-linked,unicarbkb
O15230,2707,N-linked,unicarbkb
O60486,1308,N-linked,unicarbkb
P04233,281,O-linked,unicarbkb
Q99650,176,N-linked,unicarbkb
P17948,474,N-linked,unicarbkb
Q86YW5,148,O-linked,unicarbkb
P13611,442,O-linked,unicarbkb
A1L4H1,760,O-linked,unicarbkb
O75882,1198,N-linked,unicarbkb
Q14108,224,N-linked,unicarbkb
P13611,1569,O-linked,unicarbkb
Q9UKP4,1339,O-linked,unicarbkb
Q99835,35,N-linked,unicarbkb
P34910,96,O-linked,unicarbkb
Q76LX8,1150,O-linked,unicarbkb
P02655,33,O-linked,unicarbkb
Q13641,124,N-linked,unicarbkb
P01042,407,O-linked,unicarbkb
Q96AY3,294,N-linked,unicarbkb
P13611,727,O-linked,unicarbkb
O75882,1073,N-linked,unicarbkb
Q8IVY1,16,O-linked,unicarbkb
P22105,2357,O-linked,unicarbkb
P13611,2503,O-linked,unicarbkb
P35858,32,O-linked,unicarbkb
P98160,2646,O-linked,unicarbkb
P16112,1888,O-linked,unicarbkb
Q04756,70,O-linked,unicarbkb
P25445,214,O-linked,unicarbkb
Q9NU53,203,O-linked,unicarbkb
A1L4H1,1558,O-linked,unicarbkb
Q53RD9,177,O-linked,unicarbkb
O95428,552,O-linked,unicarbkb
Q9BRK5,265,O-linked,unicarbkb
Q9BXX0,305,O-linked,unicarbkb
P00450,505,O-linked,unicarbkb
P02671,315,O-linked,unicarbkb
Q6YHK3,279,N-linked,unicarbkb
Q9H0B8,254,O-linked,unicarbkb
P13473,209,O-linked,unicarbkb
P07942,1279,N-linked,unicarbkb
Q13308,283,N-linked,unicarbkb
O60494,2531,N-linked,unicarbkb
P02787,637,N-linked,unicarbkb
P01011,381,O-linked,unicarbkb
O43278,334,O-linked,unicarbkb
Q86X29,141,O-linked,unicarbkb
Q9UKP4,1397,O-linked,unicarbkb
Q86TY3,680,O-linked,unicarbkb
O15031,1049,N-linked,unicarbkb
P13611,2826,O-linked,unicarbkb
P29474,78,O-linked,unicarbkb
P15884,301,N-linked,unicarbkb
Q14554,391,O-linked,unicarbkb
Q86SR1,39,O-linked,unicarbkb
Q9NT22,522,O-linked,unicarbkb
P13611,861,O-linked,unicarbkb
Q9UNA0,36,O-linked,unicarbkb
P28300,144,N-linked,unicarbkb
O60883,86,O-linked,unicarbkb
P98160,361,O-linked,unicarbkb
Q8NFU4,83,O-linked,unicarbkb
Q86YT9,196,O-linked,unicarbkb
P22105,2083,O-linked,unicarbkb
Q9P2B2,286,N-linked,unicarbkb
P01023,26,O-linked,unicarbkb
P16070,489,O-linked,unicarbkb
P05546,37,O-linked,unicarbkb
Q9BVT8,92,O-linked,unicarbkb
O15230,1259,O-linked,unicarbkb
P02671,359,O-linked,unicarbkb
O00461,222,O-linked,unicarbkb
Q6EMK4,454,O-linked,unicarbkb
P02751,818,O-linked,unicarbkb
O75309,705,O-linked,unicarbkb
P10645,191,O-linked,unicarbkb
P28324,235,O-linked,unicarbkb
P11047,1205,N-linked,unicarbkb
C9JH25,78,O-linked,unicarbkb
P13473,229,N-linked,unicarbkb
P12109,701,O-linked,unicarbkb
Q8IUX7,176,O-linked,unicarbkb
Q9Y5C1,225,O-linked,unicarbkb
Q9NZP8,296,N-linked,unicarbkb
P20774,80,O-linked,unicarbkb
Q07954,1995,N-linked,unicarbkb
Q9Y6R7,1432,O-linked,unicarbkb
P13611,2294,O-linked,unicarbkb
P13611,2793,O-linked,unicarbkb
Q9BU23,616,N-linked,unicarbkb
P22105,3923,O-linked,unicarbkb
Q9UKP4,1291,O-linked,unicarbkb
P14543,310,O-linked,unicarbkb
Q9UKJ1,242,O-linked,unicarbkb
Q9Y4L1,596,N-linked,unicarbkb
P00533,413,N-linked,unicarbkb
P10912,30,O-linked,unicarbkb
P01833,186,N-linked,unicarbkb
P13611,2811,O-linked,unicarbkb
Q13467,168,O-linked,unicarbkb
Q76LX8,779,O-linked,unicarbkb
P11047,576,N-linked,unicarbkb
P04114,4138,O-linked,unicarbkb
O95428,910,O-linked,unicarbkb
Q92542,264,N-linked,unicarbkb
Q86VB7,709,O-linked,unicarbkb
Q99715,2206,N-linked,unicarbkb
Q6UXB8,119,O-linked,unicarbkb
P13611,569,O-linked,unicarbkb
Q8NBJ4,362,O-linked,unicarbkb
Q9BWV1,454,O-linked,unicarbkb
Q9UQP3,27,O-linked,unicarbkb
O14513,585,N-linked,unicarbkb
Q9UK55,295,N-linked,unicarbkb
P12259,821,N-linked,unicarbkb
Q8IXL6,74,O-linked,unicarbkb
P08575,176,O-linked,unicarbkb
O75503,255,N-linked,unicarbkb
O14786,589,O-linked,unicarbkb
P36955,24,O-linked,unicarbkb
Q14766,872,O-linked,unicarbkb
P98160,3630,O-linked,unicarbkb
Q14112,1102,O-linked,unicarbkb
Q6PKC3,595,N-linked,unicarbkb
Q6PCB0,84,O-linked,unicarbkb
P49755,55,O-linked,unicarbkb
Q5CZC0,417,N-linked,unicarbkb
P41222,29,O-linked,unicarbkb
Q02487,546,N-linked,unicarbkb
P98095,348,O-linked,unicarbkb
P12109,537,N-linked,unicarbkb
Q8IWV2,764,N-linked,unicarbkb
Q8N474,38,O-linked,unicarbkb
Q99538,305,O-linked,unicarbkb
Q9UKP4,1189,O-linked,unicarbkb
Q16270,39,O-linked,unicarbkb
Q8WUM9,415,N-linked,unicarbkb
Q8NBS9,304,O-linked,unicarbkb
Q9BXX0,842,O-linked,unicarbkb
P26006,926,N-linked,unicarbkb
Q8NFU4,79,O-linked,unicarbkb
Q9BXN2,112,O-linked,unicarbkb
P11279,181,N-linked,unicarbkb
Q9HBG7,298,O-linked,unicarbkb
P17858,399,N-linked,unicarbkb
Q14766,801,O-linked,unicarbkb
Q19T08,68,O-linked,unicarbkb
Q9NR99,1377,O-linked,unicarbkb
O00339,866,O-linked,unicarbkb
Q6PKC3,558,O-linked,unicarbkb
O60565,66,O-linked,unicarbkb
Q70JA7,593,O-linked,unicarbkb
Q9Y639,197,N-linked,unicarbkb
Q6ZQN7,557,O-linked,unicarbkb
P13671,324,N-linked,unicarbkb
Q9Y6R7,3835,O-linked,unicarbkb
Q86SJ2,288,N-linked,unicarbkb
P02768,530,O-linked,unicarbkb
Q9H8L6,357,O-linked,unicarbkb
Q8WWT9,593,O-linked,unicarbkb
Q9UGM5,266,O-linked,unicarbkb
P02765,196,O-linked,unicarbkb
P13611,2699,O-linked,unicarbkb
O75339,129,N-linked,unicarbkb
Q6UXH1,251,N-linked,unicarbkb
Q9NS15,166,O-linked,unicarbkb
Q969N2,327,N-linked,unicarbkb
Q6ZWJ8,38,O-linked,unicarbkb
Q6UY14,235,O-linked,unicarbkb
Q86TY3,302,O-linked,unicarbkb
P10619,333,N-linked,unicarbkb
Q9HCB6,192,O-linked,unicarbkb
P16070,398,O-linked,unicarbkb
P17813,337,O-linked,unicarbkb
Q9BY07,436,N-linked,unicarbkb
O00468,159,O-linked,unicarbkb
P35613,268,N-linked,unicarbkb
P02452,103,O-linked,unicarbkb
Q9GZP0,197,O-linked,unicarbkb
Q96S52,370,N-linked,unicarbkb
Q6YHK3,1355,N-linked,unicarbkb
Q9GZP0,189,O-linked,unicarbkb
Q9GZP0,24,O-linked,unicarbkb
P20138,240,O-linked,unicarbkb
P13611,1615,O-linked,unicarbkb
O94769,84,O-linked,unicarbkb
Q8TDQ0,174,O-linked,unicarbkb
A1L4H1,157,O-linked,unicarbkb
P13611,1758,O-linked,unicarbkb
Q99999,44,O-linked,unicarbkb
Q969P0,327,N-linked,unicarbkb
Q07075,64,O-linked,unicarbkb
Q8TDQ0,178,O-linked,unicarbkb
Q8IWT6,89,O-linked,unicarbkb
Q9NX62,259,N-linked,unicarbkb
P80108,321,N-linked,unicarbkb
Q8WWV6,242,O-linked,unicarbkb
P04114,3512,O-linked,unicarbkb
P22105,2399,O-linked,unicarbkb
P98095,421,O-linked,unicarbkb
P19823,679,O-linked,unicarbkb
P49641,107,O-linked,unicarbkb
Q7L0X0,441,O-linked,unicarbkb
P13611,1027,O-linked,unicarbkb
Q9BY76,87,O-linked,unicarbkb
Q5VSG8,83,O-linked,unicarbkb
A5D8T8,356,O-linked,unicarbkb
Q4LDE5,887,O-linked,unicarbkb
P13611,2572,O-linked,unicarbkb
O60330,569,O-linked,unicarbkb
P27824,66,O-linked,unicarbkb
Q86X27,422,O-linked,unicarbkb
O60494,3591,O-linked,unicarbkb
Q96NZ9,104,O-linked,unicarbkb
O75054,700,N-linked,unicarbkb
P14314,263,O-linked,unicarbkb
Q9H8L6,626,O-linked,unicarbkb
P41271,148,O-linked,unicarbkb
P00533,444,N-linked,unicarbkb
Q9BXX0,790,O-linked,unicarbkb
P10643,754,N-linked,unicarbkb
Q96QR1,25,O-linked,unicarbkb
Q9P2N2,534,N-linked,unicarbkb
Q8IUX7,480,N-linked,unicarbkb
P13611,2893,O-linked,unicarbkb
P26006,656,N-linked,unicarbkb
P05556,406,N-linked,unicarbkb
P14209,85,O-linked,unicarbkb
P09603,406,O-linked,unicarbkb
P24592,152,O-linked,unicarbkb
P12107,508,O-linked,unicarbkb
P16112,466,O-linked,unicarbkb
P00747,359,O-linked,unicarbkb
P04003,340,O-linked,unicarbkb
P35520,434,O-linked,unicarbkb
Q12866,207,N-linked,unicarbkb
P16112,400,O-linked,unicarbkb
Q63HR2,445,N-linked,unicarbkb
P24821,84,O-linked,unicarbkb
O75976,811,N-linked,unicarbkb
P05067,371,O-linked,unicarbkb
P17812,420,N-linked,unicarbkb
P24592,146,O-linked,unicarbkb
P13611,1474,O-linked,unicarbkb
P18827,216,O-linked,unicarbkb
P28300,89,O-linked,unicarbkb
Q9UKA9,31,N-linked,unicarbkb
P16112,2214,O-linked,unicarbkb
Q9UJ37,217,O-linked,unicarbkb
Q7Z6B7,920,N-linked,unicarbkb
P06681,651,N-linked,unicarbkb
O75023,445,O-linked,unicarbkb
P19320,504,O-linked,unicarbkb
Q9H1B5,783,O-linked,unicarbkb
Q9NR99,1270,O-linked,unicarbkb
O14498,379,O-linked,unicarbkb
O43291,134,O-linked,unicarbkb
Q8NBJ4,299,O-linked,unicarbkb
O95490,408,O-linked,unicarbkb
P12259,1364,O-linked,unicarbkb
P13611,2069,O-linked,unicarbkb
Q15904,170,N-linked,unicarbkb
O75084,191,O-linked,unicarbkb
P02768,444,O-linked,unicarbkb
O95714,2790,N-linked,unicarbkb
P23229,966,N-linked,unicarbkb
Q8NI22,32,O-linked,unicarbkb
P51693,277,O-linked,unicarbkb
P55083,87,N-linked,unicarbkb
P39060,96,O-linked,unicarbkb
P13611,2086,O-linked,unicarbkb
Q9H8L6,518,O-linked,unicarbkb
P22105,3922,O-linked,unicarbkb
Q6UXI9,363,O-linked,unicarbkb
O95498,411,N-linked,unicarbkb
Q9NR34,58,O-linked,unicarbkb
Q9NUN5,78,N-linked,unicarbkb
P13611,364,O-linked,unicarbkb
Q6UY14,107,O-linked,unicarbkb
P01042,120,O-linked,unicarbkb
P02649,215,O-linked,unicarbkb
Q6UXD5,80,O-linked,unicarbkb
Q6ZMM2,354,O-linked,unicarbkb
P13611,1316,O-linked,unicarbkb
Q16363,264,O-linked,unicarbkb
Q6UWJ1,176,O-linked,unicarbkb
O95388,35,O-linked,unicarbkb
Q8IUX7,1147,O-linked,unicarbkb
Q8IUX7,1095,O-linked,unicarbkb
Q8N2S1,33,O-linked,unicarbkb
P16112,436,O-linked,unicarbkb
Q96IY4,85,N-linked,unicarbkb
Q13201,680,N-linked,unicarbkb
Q6GTX8,141,O-linked,unicarbkb
P02748,415,N-linked,unicarbkb
P22105,54,O-linked,unicarbkb
P06396,31,O-linked,unicarbkb
Q16787,477,O-linked,unicarbkb
P12259,1410,O-linked,unicarbkb
Q7L0X0,497,O-linked,unicarbkb
P02461,146,O-linked,unicarbkb
P16150,93,O-linked,unicarbkb
A1L4H1,1466,O-linked,unicarbkb
Q9HCU0,545,O-linked,unicarbkb
P12259,804,O-linked,unicarbkb
P98095,391,O-linked,unicarbkb
Q92954,994,O-linked,unicarbkb
P02730,642,N-linked,unicarbkb
P13611,2039,O-linked,unicarbkb
Q8NFW1,462,O-linked,unicarbkb
Q6ZWJ8,413,O-linked,unicarbkb
P55058,245,N-linked,unicarbkb
P09603,363,O-linked,unicarbkb
O60667,224,O-linked,unicarbkb
O75882,623,N-linked,unicarbkb
Q9Y240,279,O-linked,unicarbkb
Q6EMK4,532,O-linked,unicarbkb
P13611,716,O-linked,unicarbkb
Q96JF0,41,O-linked,unicarbkb
P16112,906,O-linked,unicarbkb
P98160,3401,O-linked,unicarbkb
P06396,426,O-linked,unicarbkb
A6NFA1,395,O-linked,unicarbkb
O14905,41,O-linked,unicarbkb
Q13061,303,O-linked,unicarbkb
Q04900,48,O-linked,unicarbkb
Q9ULC0,135,O-linked,unicarbkb
P13611,2977,O-linked,unicarbkb
Q8IZF2,301,N-linked,unicarbkb
Q9NPY3,473,O-linked,unicarbkb
O60486,548,N-linked,unicarbkb
Q14767,273,O-linked,unicarbkb
P22105,2943,O-linked,unicarbkb
P17813,336,O-linked,unicarbkb
P08603,217,N-linked,unicarbkb
P22105,2944,O-linked,unicarbkb
Q96F05,304,O-linked,unicarbkb
Q96LR9,136,O-linked,unicarbkb
Q99715,2295,O-linked,unicarbkb
Q04721,1419,O-linked,unicarbkb
P13611,2194,O-linked,unicarbkb
Q9NPG4,603,O-linked,unicarbkb
P06396,402,O-linked,unicarbkb
P05067,367,O-linked,unicarbkb
P05160,652,O-linked,unicarbkb
Q92542,506,N-linked,unicarbkb
P16112,1881,O-linked,unicarbkb
Q14515,34,O-linked,unicarbkb
Q6N022,394,O-linked,unicarbkb
O60353,141,O-linked,unicarbkb
Q14112,934,O-linked,unicarbkb
P13611,1480,O-linked,unicarbkb
P13611,939,O-linked,unicarbkb
P19823,665,O-linked,unicarbkb
Q96DT5,2523,O-linked,unicarbkb
Q9HCU0,456,O-linked,unicarbkb
P22105,2292,O-linked,unicarbkb
P10646,42,O-linked,unicarbkb
P16112,703,O-linked,unicarbkb
P13611,627,O-linked,unicarbkb
P78324,270,N-linked,unicarbkb
P98160,563,O-linked,unicarbkb
Q96DN2,833,O-linked,unicarbkb
Q8TDQ1,137,O-linked,unicarbkb
P05155,115,O-linked,unicarbkb
P12259,1265,O-linked,unicarbkb
Q86VZ4,366,O-linked,unicarbkb
Q9HBB8,650,O-linked,unicarbkb
P35499,1786,N-linked,unicarbkb
P08887,335,O-linked,unicarbkb
P01593,29,O-linked,unicarbkb
Q04900,72,N-linked,unicarbkb
P39060,799,O-linked,unicarbkb
Q86XX4,2076,O-linked,unicarbkb
O43157,693,O-linked,unicarbkb
Q7Z7M0,421,N-linked,unicarbkb
O00592,267,O-linked,unicarbkb
P01591,97,O-linked,unicarbkb
Q9BXX0,248,O-linked,unicarbkb
P25063,52,N-linked,unicarbkb
Q12965,127,O-linked,unicarbkb
P39059,33,O-linked,unicarbkb
Q8N436,58,O-linked,unicarbkb
Q04756,382,O-linked,unicarbkb
P02671,318,O-linked,unicarbkb
P02748,26,O-linked,unicarbkb
P01876,119,O-linked,unicarbkb
Q6UX72,352,O-linked,unicarbkb
Q92954,213,O-linked,unicarbkb
O15240,95,O-linked,unicarbkb
Q9BXX0,658,O-linked,unicarbkb
O60242,1456,N-linked,unicarbkb
Q8NCC3,273,N-linked,unicarbkb
Q14766,290,O-linked,unicarbkb
P14209,87,O-linked,unicarbkb
Q9BZA7,344,N-linked,unicarbkb
P02774,288,N-linked,unicarbkb
P05121,362,O-linked,unicarbkb
Q9HAR2,488,O-linked,unicarbkb
P21802,40,O-linked,unicarbkb
Q6ZP01,109,N-linked,unicarbkb
Q76LX8,843,O-linked,unicarbkb
Q9BUD6,216,O-linked,unicarbkb
P98160,1926,O-linked,unicarbkb
P11279,241,N-linked,unicarbkb
Q15262,462,N-linked,unicarbkb
P12259,1292,O-linked,unicarbkb
P04275,1574,N-linked,unicarbkb
P12259,832,O-linked,unicarbkb
O75146,651,O-linked,unicarbkb
P11117,133,N-linked,unicarbkb
P16112,1899,O-linked,unicarbkb
P18827,198,O-linked,unicarbkb
Q86TY3,538,O-linked,unicarbkb
P05155,30,O-linked,unicarbkb
P12259,1053,O-linked,unicarbkb
O14773,210,N-linked,unicarbkb
O00468,896,O-linked,unicarbkb
O14672,278,N-linked,unicarbkb
Q5CZC0,1877,N-linked,unicarbkb
P07225,122,O-linked,unicarbkb
Q9NQS3,374,O-linked,unicarbkb
Q9NPR2,582,O-linked,unicarbkb
P05156,464,N-linked,unicarbkb
Q63HQ2,319,O-linked,unicarbkb
O75023,443,O-linked,unicarbkb
Q9NY15,606,N-linked,unicarbkb
Q13641,50,O-linked,unicarbkb
O60609,77,O-linked,unicarbkb
O60486,407,N-linked,unicarbkb
Q86TY3,478,O-linked,unicarbkb
P13611,2860,O-linked,unicarbkb
Q9NZP8,209,O-linked,unicarbkb
P55899,346,O-linked,unicarbkb
O14786,637,O-linked,unicarbkb
Q8IXL6,214,O-linked,unicarbkb
P35442,1069,N-linked,unicarbkb
P01130,235,O-linked,unicarbkb
P12111,1423,O-linked,unicarbkb
Q8IW52,334,O-linked,unicarbkb
Q9NR99,842,O-linked,unicarbkb
O00178,119,O-linked,unicarbkb
Q9UBS9,530,N-linked,unicarbkb
P11717,770,O-linked,unicarbkb
Q8IXL6,75,O-linked,unicarbkb
P16112,905,O-linked,unicarbkb
O00461,229,O-linked,unicarbkb
P39059,1210,O-linked,unicarbkb
Q9ULC0,155,O-linked,unicarbkb
Q16651,184,O-linked,unicarbkb
Q7Z388,389,N-linked,unicarbkb
P28907,219,N-linked,unicarbkb
P15502,300,O-linked,unicarbkb
Q9UKP4,1131,O-linked,unicarbkb
P13611,2328,O-linked,unicarbkb
P13611,2767,O-linked,unicarbkb
Q9H1U4,54,O-linked,unicarbkb
Q9UFP1,53,O-linked,unicarbkb
Q8IZA0,234,O-linked,unicarbkb
P00742,483,O-linked,unicarbkb
P04196,273,O-linked,unicarbkb
Q14767,305,O-linked,unicarbkb
Q13361,68,O-linked,unicarbkb
P01042,577,O-linked,unicarbkb
P28300,97,N-linked,unicarbkb
Q8IV08,236,N-linked,unicarbkb
Q16270,188,O-linked,unicarbkb
Q8TE54,125,N-linked,unicarbkb
P02671,534,O-linked,unicarbkb
Q92823,223,N-linked,unicarbkb
P82987,51,O-linked,unicarbkb
Q92823,639,O-linked,unicarbkb
P13611,1654,O-linked,unicarbkb
O75339,1136,O-linked,unicarbkb
Q7LFX5,118,O-linked,unicarbkb
Q10588,192,N-linked,unicarbkb
O75022,430,O-linked,unicarbkb
P10909,145,N-linked,unicarbkb
P98160,2638,O-linked,unicarbkb
Q96MK3,308,O-linked,unicarbkb
P02765,202,O-linked,unicarbkb
Q9UKP4,1376,O-linked,unicarbkb
P13611,51,O-linked,unicarbkb
P13611,1403,O-linked,unicarbkb
P02462,1525,O-linked,unicarbkb
P00742,485,O-linked,unicarbkb
P19827,653,O-linked,unicarbkb
P31639,5,O-linked,unicarbkb
Q6NUT3,200,O-linked,unicarbkb
P00747,460,O-linked,unicarbkb
P13611,2791,O-linked,unicarbkb
P27487,520,N-linked,unicarbkb
Q86TY3,194,O-linked,unicarbkb
O00754,692,N-linked,unicarbkb
Q9H1B5,777,O-linked,unicarbkb
Q07108,166,N-linked,unicarbkb
Q13201,1020,N-linked,unicarbkb
P51884,88,N-linked,unicarbkb
Q9Y2L5,1340,N-linked,unicarbkb
Q92896,70,O-linked,unicarbkb
P05783,30,O-linked,unicarbkb
Q92954,903,O-linked,unicarbkb
Q7Z7M0,1149,O-linked,unicarbkb
P14543,311,O-linked,unicarbkb
P13611,589,O-linked,unicarbkb
O95428,604,O-linked,unicarbkb
Q9HBB8,609,O-linked,unicarbkb
Q9UBV2,608,N-linked,unicarbkb
P24043,2743,O-linked,unicarbkb
Q8WTU2,312,O-linked,unicarbkb
P12259,297,N-linked,unicarbkb
Q5JRA6,711,O-linked,unicarbkb
P17936,195,O-linked,unicarbkb
Q9P2N4,1164,O-linked,unicarbkb
Q9NR99,923,O-linked,unicarbkb
P13611,1742,O-linked,unicarbkb
Q9ULI3,259,O-linked,unicarbkb
P54108,29,O-linked,unicarbkb
O43278,317,O-linked,unicarbkb
P98160,2637,O-linked,unicarbkb
Q07954,1014,O-linked,unicarbkb
P16112,1969,O-linked,unicarbkb
P29622,157,N-linked,unicarbkb
P13611,1665,O-linked,unicarbkb
P20851,98,N-linked,unicarbkb
Q9BUN1,191,O-linked,unicarbkb
Q04756,468,N-linked,unicarbkb
P04062,185,N-linked,unicarbkb
P61201,333,N-linked,unicarbkb
P39059,263,O-linked,unicarbkb
Q9UBX5,86,O-linked,unicarbkb
P26022,220,N-linked,unicarbkb
Q7Z2Q7,500,O-linked,unicarbkb
Q6W4X9,486,N-linked,unicarbkb
Q8NFU4,75,O-linked,unicarbkb
Q14332,165,O-linked,unicarbkb
Q9Y279,264,O-linked,unicarbkb
P13611,3029,O-linked,unicarbkb
Q9BYF1,53,N-linked;o-linked,unicarbkb
Q9BYF1,53,N-linked,unicarbkb
Q9BYF1,90,N-linked,unicarbkb
Q9BYF1,90,N-linked;o-linked,unicarbkb
Q9BYF1,103,N-linked,unicarbkb
Q9BYF1,103,N-linked;o-linked,unicarbkb
Q9BYF1,322,N-linked,unicarbkb
Q9BYF1,322,N-linked;o-linked,unicarbkb
Q9BYF1,432,N-linked,unicarbkb
Q9BYF1,432,N-linked;o-linked,unicarbkb
Q9BYF1,546,N-linked,unicarbkb
Q9BYF1,546,N-linked;o-linked,unicarbkb
Q9BYF1,690,N-linked,unicarbkb
Q9BYF1,690,N-linked;o-linked,unicarbkb
Q9BYF1,43,O-linked,unicarbkb
Q9BYF1,44,O-linked,unicarbkb
Q9BYF1,129,O-linked,unicarbkb
Q9BYF1,155,O-linked,unicarbkb
Q9BYF1,257,O-linked,unicarbkb
Q9BYF1,294,O-linked,unicarbkb
Q9BYF1,334,O-linked,unicarbkb
Q9BYF1,496,O-linked,unicarbkb
Q9BYF1,602,O-linked,unicarbkb
Q9BYF1,611,O-linked,unicarbkb
P12259,851,O-linked,unicarbkb
P05067,381,O-linked,unicarbkb
P05067,352,O-linked,unicarbkb
P05067,353,O-linked,unicarbkb
P25445,42,O-linked,unicarbkb
P25445,43,O-linked,unicarbkb
Q86X29,435,O-linked,unicarbkb
Q86X29,530,O-linked,unicarbkb
Q86X29,321,O-linked,unicarbkb
Q86X29,453,O-linked,unicarbkb
Q86X29,379,O-linked,unicarbkb
Q86X29,401,O-linked,unicarbkb
Q86X29,316,O-linked,unicarbkb
Q86X29,396,O-linked,unicarbkb
Q86X29,382,O-linked,unicarbkb
Q86X29,571,O-linked,unicarbkb
Q86X29,336,O-linked,unicarbkb
Q86X29,467,O-linked,unicarbkb
Q86X29,385,O-linked,unicarbkb
Q86X29,327,O-linked,unicarbkb
Q86X29,528,O-linked,unicarbkb
Q86X29,444,O-linked,unicarbkb
Q86X29,579,O-linked,unicarbkb
Q86X29,389,O-linked,unicarbkb
Q86X29,447,O-linked,unicarbkb
Q86X29,381,O-linked,unicarbkb
Q86X29,371,O-linked,unicarbkb
Q86X29,464,O-linked,unicarbkb
Q86X29,332,O-linked,unicarbkb
Q9Y2G1,845,O-linked,unicarbkb
Q9Y2G1,846,O-linked,unicarbkb
Q9Y2G1,837,O-linked,unicarbkb
Q9Y2G1,854,O-linked,unicarbkb
Q9Y2G1,836,O-linked,unicarbkb
P08949,52,O-linked,unicarbkb
Q13438,302,O-linked,unicarbkb
Q13438,238,O-linked,unicarbkb
P19021,466,O-linked,unicarbkb
P19021,473,O-linked,unicarbkb
P19021,35,O-linked,unicarbkb
P19021,467,O-linked,unicarbkb
P04004,29,O-linked,unicarbkb
O00468,1913,O-linked,unicarbkb
O00468,754,O-linked,unicarbkb
O00468,1262,O-linked,unicarbkb
O00468,1270,O-linked,unicarbkb
O00468,952,O-linked,unicarbkb
P27824,79,O-linked,unicarbkb
P16070,577,O-linked,unicarbkb
P16070,330,O-linked,unicarbkb
P16070,318,O-linked,unicarbkb
P16070,581,O-linked,unicarbkb
P16070,197,O-linked,unicarbkb
P16070,578,O-linked,unicarbkb
P16070,583,O-linked,unicarbkb
P16070,458,O-linked,unicarbkb
P16070,572,O-linked,unicarbkb
P16070,325,O-linked,unicarbkb
P16070,332,O-linked,unicarbkb
P15529,326,O-linked,unicarbkb
P09603,326,O-linked,unicarbkb
P09603,445,O-linked,unicarbkb
P09603,383,O-linked,unicarbkb
P09603,332,O-linked,unicarbkb
P09603,446,O-linked,unicarbkb
P09603,391,O-linked,unicarbkb
P29279,193,O-linked,unicarbkb
O60888,168,O-linked,unicarbkb
O60888,176,O-linked,unicarbkb
Q14118,33,O-linked,unicarbkb
Q14118,49,O-linked,unicarbkb
Q14118,171,O-linked,unicarbkb
O94907,164,O-linked,unicarbkb
O94907,169,O-linked,unicarbkb
O94907,99,O-linked,unicarbkb
O94907,163,O-linked,unicarbkb
O94907,172,O-linked,unicarbkb
O94907,173,O-linked,unicarbkb
O94907,181,O-linked,unicarbkb
O94907,155,O-linked,unicarbkb
O94907,61,O-linked,unicarbkb
Q6E0U4,440,O-linked,unicarbkb
Q16610,26,O-linked,unicarbkb
Q16610,28,O-linked,unicarbkb
Q14517,1179,O-linked,unicarbkb
P22083,186,O-linked,unicarbkb
P22083,182,O-linked,unicarbkb
P35052,409,O-linked,unicarbkb
Q9ULI3,562,O-linked,unicarbkb
Q9ULI3,255,O-linked,unicarbkb
Q9ULI3,212,O-linked,unicarbkb
Q9ULI3,875,O-linked,unicarbkb
Q9ULI3,455,O-linked,unicarbkb
Q9ULI3,336,O-linked,unicarbkb
Q9ULI3,342,O-linked,unicarbkb
Q9ULI3,254,O-linked,unicarbkb
Q9ULI3,876,O-linked,unicarbkb
Q9ULI3,445,O-linked,unicarbkb
P09912,119,O-linked,unicarbkb
Q9Y5X9,41,O-linked,unicarbkb
Q9Y5X9,494,O-linked,unicarbkb
Q9Y5X9,496,O-linked,unicarbkb
Q07954,897,O-linked,unicarbkb
Q5JRA6,392,O-linked,unicarbkb
P16860,62,O-linked,unicarbkb
P16860,74,O-linked,unicarbkb
P16860,63,O-linked,unicarbkb
P16860,70,O-linked,unicarbkb
O60462,679,O-linked,unicarbkb
P07237,194,O-linked,unicarbkb
P07237,187,O-linked,unicarbkb
Q04941,145,O-linked,unicarbkb
Q04941,141,O-linked,unicarbkb
P18827,72,O-linked,unicarbkb
P18827,63,O-linked,unicarbkb
P18827,76,O-linked,unicarbkb
P18827,77,O-linked,unicarbkb
P18827,61,O-linked,unicarbkb
P18827,81,O-linked,unicarbkb
P18827,58,O-linked,unicarbkb
P18827,64,O-linked,unicarbkb
P31431,101,O-linked,unicarbkb
Q9H173,128,O-linked,unicarbkb
Q9H173,133,O-linked,unicarbkb
Q9H173,97,O-linked,unicarbkb
Q9H173,127,O-linked,unicarbkb
P10451,49,O-linked,unicarbkb
O14773,193,O-linked,unicarbkb
Q6PCB0,358,O-linked,unicarbkb
Q6PCB0,402,O-linked,unicarbkb
Q6PCB0,351,O-linked,unicarbkb
Q6PCB0,404,O-linked,unicarbkb
Q6PCB0,437,O-linked,unicarbkb
Q06481,381,O-linked,unicarbkb
Q06481,380,O-linked,unicarbkb
O14791,236,O-linked,unicarbkb
Q86UU0,250,O-linked,unicarbkb
P52799,208,O-linked,unicarbkb
Q9NZU0,511,O-linked,unicarbkb
Q9NZU0,510,O-linked,unicarbkb
Q99988,36,O-linked,unicarbkb
Q9UJJ9,271,O-linked,unicarbkb
P98160,2161,O-linked,unicarbkb
P98160,2223,O-linked,unicarbkb
P98160,914,O-linked,unicarbkb
P98160,2529,O-linked,unicarbkb
P98160,3521,O-linked,unicarbkb
P98160,2143,O-linked,unicarbkb
P98160,2138,O-linked,unicarbkb
P98160,2151,O-linked,unicarbkb
P98160,2541,O-linked,unicarbkb
P98160,4386,O-linked,unicarbkb
P98160,2591,O-linked,unicarbkb
P98160,2160,O-linked,unicarbkb
Q14773,44,O-linked,unicarbkb
P08476,26,O-linked,unicarbkb
P21583,178,O-linked,unicarbkb
P21583,180,O-linked,unicarbkb
P13645,48,O-linked,unicarbkb
P13645,49,O-linked,unicarbkb
P13645,42,O-linked,unicarbkb
P05783,4,O-linked,unicarbkb
P05783,5,O-linked,unicarbkb
P05783,18,O-linked,unicarbkb
Q9GZZ8,91,O-linked,unicarbkb
Q9GZZ8,86,O-linked,unicarbkb
Q16787,2980,O-linked,unicarbkb
Q16787,2963,O-linked,unicarbkb
Q16787,2975,O-linked,unicarbkb
P07942,1435,O-linked,unicarbkb
Q13753,886,O-linked,unicarbkb
Q13753,835,O-linked,unicarbkb
Q12907,91,O-linked,unicarbkb
Q96JA1,623,O-linked,unicarbkb
Q86VZ4,302,O-linked,unicarbkb
Q14766,296,O-linked,unicarbkb
Q9NS15,466,O-linked,unicarbkb
Q8N2S1,507,O-linked,unicarbkb
Q8N2S1,487,O-linked,unicarbkb
Q9BRK4,173,O-linked,unicarbkb
P26572,51,O-linked,unicarbkb
Q02818,162,O-linked,unicarbkb
Q02818,372,O-linked,unicarbkb
Q02818,160,O-linked,unicarbkb
Q02818,93,O-linked,unicarbkb
Q02818,378,O-linked,unicarbkb
P80303,408,O-linked,unicarbkb
P80303,163,O-linked,unicarbkb
O95428,1034,O-linked,unicarbkb
Q504Y2,149,O-linked,unicarbkb
O60568,25,O-linked,unicarbkb
Q92692,292,O-linked,unicarbkb
Q9H1B5,571,O-linked,unicarbkb
Q9GZM5,349,O-linked,unicarbkb
P54709,89,O-linked,unicarbkb
Q8NFL0,72,O-linked,unicarbkb
Q8NFL0,76,O-linked,unicarbkb
Q76M96,605,O-linked,unicarbkb
Q8TCZ2,41,O-linked,unicarbkb
Q8TCZ2,40,O-linked,unicarbkb
O94985,815,O-linked,unicarbkb
Q9H2A7,46,O-linked,unicarbkb
Q14512,179,O-linked,unicarbkb
Q14512,180,O-linked,unicarbkb
Q7Z7M9,648,O-linked,unicarbkb
Q7Z7M9,429,O-linked,unicarbkb
Q7Z7M9,370,O-linked,unicarbkb
Q7Z7M9,94,O-linked,unicarbkb
Q7Z7M9,369,O-linked,unicarbkb
P24592,143,O-linked,unicarbkb
P24592,184,O-linked,unicarbkb
Q9H8J5,179,O-linked,unicarbkb
Q9H8J5,147,O-linked,unicarbkb
Q9H8J5,173,O-linked,unicarbkb
Q9H8J5,178,O-linked,unicarbkb
P14314,134,O-linked,unicarbkb
Q92854,670,O-linked,unicarbkb
Q92854,663,O-linked,unicarbkb
Q6UXD5,77,O-linked,unicarbkb
Q6UXD5,666,O-linked,unicarbkb
Q9Y6I9,306,O-linked,unicarbkb
P49755,77,O-linked,unicarbkb
O43286,71,O-linked,unicarbkb
Q6UXA7,229,O-linked,unicarbkb
Q6UWH4,137,O-linked,unicarbkb
Q96TC7,152,O-linked,unicarbkb
Q9H5Y7,318,O-linked,unicarbkb
Q9H5Y7,322,O-linked,unicarbkb
Q6UW78,63,O-linked,unicarbkb
Q6UW78,70,O-linked,unicarbkb
Q6UW78,29,O-linked,unicarbkb
Q6UW78,69,O-linked,unicarbkb
Q9HCM3,239,O-linked,unicarbkb
Q9HCM3,245,O-linked,unicarbkb
Q9HCM3,238,O-linked,unicarbkb
P20333,248,O-linked,unicarbkb
P12259,985,O-linked,unicarbkb
P05067,600,O-linked,unicarbkb
P05067,667,O-linked,unicarbkb
P05067,656,O-linked,unicarbkb
P05067,651,O-linked,unicarbkb
P05067,663,O-linked,unicarbkb
Q86X29,514,O-linked,unicarbkb
Q86X29,501,O-linked,unicarbkb
Q86X29,504,O-linked,unicarbkb
Q86X29,510,O-linked,unicarbkb
Q86X29,424,O-linked,unicarbkb
Q86X29,436,O-linked,unicarbkb
Q86X29,515,O-linked,unicarbkb
Q86X29,505,O-linked,unicarbkb
Q86X29,363,O-linked,unicarbkb
Q86X29,418,O-linked,unicarbkb
Q86X29,512,O-linked,unicarbkb
Q86X29,432,O-linked,unicarbkb
Q86X29,546,O-linked,unicarbkb
Q9Y2G1,921,O-linked,unicarbkb
Q9Y2G1,938,O-linked,unicarbkb
Q9Y2G1,942,O-linked,unicarbkb
Q9Y2G1,932,O-linked,unicarbkb
Q86UD1,67,O-linked,unicarbkb
Q86UD1,72,O-linked,unicarbkb
P16070,570,O-linked,unicarbkb
P16070,433,O-linked,unicarbkb
P16070,423,O-linked,unicarbkb
P16070,430,O-linked,unicarbkb
P16070,422,O-linked,unicarbkb
P16070,561,O-linked,unicarbkb
P16070,555,O-linked,unicarbkb
P16070,567,O-linked,unicarbkb
P16070,550,O-linked,unicarbkb
P16070,562,O-linked,unicarbkb
P16070,420,O-linked,unicarbkb
P16070,424,O-linked,unicarbkb
P16070,553,O-linked,unicarbkb
P16070,434,O-linked,unicarbkb
P16070,426,O-linked,unicarbkb
P09603,451,O-linked,unicarbkb
P09603,257,O-linked,unicarbkb
P09603,461,O-linked,unicarbkb
P09603,256,O-linked,unicarbkb
P09603,430,O-linked,unicarbkb
Q14118,381,O-linked,unicarbkb
Q14118,367,O-linked,unicarbkb
Q14118,388,O-linked,unicarbkb
Q14118,734,O-linked,unicarbkb
Q14118,729,O-linked,unicarbkb
Q14118,379,O-linked,unicarbkb
O94907,153,O-linked,unicarbkb
Q16610,48,O-linked,unicarbkb
Q16610,52,O-linked,unicarbkb
Q16610,534,O-linked,unicarbkb
Q16610,119,O-linked,unicarbkb
P01350,36,O-linked,unicarbkb
P35052,512,O-linked,unicarbkb
Q9ULI3,548,O-linked,unicarbkb
Q9ULI3,549,O-linked,unicarbkb
Q9ULI3,552,O-linked,unicarbkb
Q9ULI3,377,O-linked,unicarbkb
Q9ULI3,367,O-linked,unicarbkb
Q9ULI3,369,O-linked,unicarbkb
Q9ULI3,328,O-linked,unicarbkb
Q9ULI3,559,O-linked,unicarbkb
Q9ULI3,555,O-linked,unicarbkb
Q9ULI3,560,O-linked,unicarbkb
Q9ULI3,368,O-linked,unicarbkb
Q9ULI3,558,O-linked,unicarbkb
Q9ULI3,547,O-linked,unicarbkb
P01130,721,O-linked,unicarbkb
P01130,725,O-linked,unicarbkb
P01130,726,O-linked,unicarbkb
P01130,724,O-linked,unicarbkb
Q14114,85,O-linked,unicarbkb
P36941,423,O-linked,unicarbkb
P36941,415,O-linked,unicarbkb
P36941,421,O-linked,unicarbkb
P14543,347,O-linked,unicarbkb
P55058,490,O-linked,unicarbkb
P55058,484,O-linked,unicarbkb
P55058,489,O-linked,unicarbkb
P55058,483,O-linked,unicarbkb
P55058,487,O-linked,unicarbkb
P07602,397,O-linked,unicarbkb
P07602,401,O-linked,unicarbkb
P04843,50,O-linked,unicarbkb
P04843,64,O-linked,unicarbkb
P04843,228,O-linked,unicarbkb
P04843,62,O-linked,unicarbkb
O75056,221,O-linked,unicarbkb
O75056,265,O-linked,unicarbkb
O75056,218,O-linked,unicarbkb
O75056,217,O-linked,unicarbkb
Q9H173,47,O-linked,unicarbkb
Q9H173,48,O-linked,unicarbkb
Q9H173,41,O-linked,unicarbkb
Q9H173,46,O-linked,unicarbkb
Q96S66,474,O-linked,unicarbkb
Q96S66,469,O-linked,unicarbkb
Q96S66,407,O-linked,unicarbkb
Q96S66,482,O-linked,unicarbkb
P56747,208,O-linked,unicarbkb
P56747,201,O-linked,unicarbkb
P56747,202,O-linked,unicarbkb
P56747,203,O-linked,unicarbkb
Q9UGM3,225,O-linked,unicarbkb
Q9UGM3,1499,O-linked,unicarbkb
Q9UGM3,1500,O-linked,unicarbkb
Q9UGM3,1503,O-linked,unicarbkb
Q9UGM3,220,O-linked,unicarbkb
P98172,178,O-linked,unicarbkb
P98172,201,O-linked,unicarbkb
P98172,177,O-linked,unicarbkb
P98172,211,O-linked,unicarbkb
P98172,179,O-linked,unicarbkb
P98172,172,O-linked,unicarbkb
P52799,189,O-linked,unicarbkb
P52799,180,O-linked,unicarbkb
Q99988,44,O-linked,unicarbkb
Q99988,39,O-linked,unicarbkb
P98160,3152,O-linked,unicarbkb
P05783,302,O-linked,unicarbkb
Q86VZ4,357,O-linked,unicarbkb
Q86VZ4,367,O-linked,unicarbkb
Q86VZ4,355,O-linked,unicarbkb
Q86VZ4,386,O-linked,unicarbkb
Q86VZ4,360,O-linked,unicarbkb
Q8WUT4,423,O-linked,unicarbkb
Q8WUT4,416,O-linked,unicarbkb
Q14766,469,O-linked,unicarbkb
Q14766,460,O-linked,unicarbkb
Q14766,768,O-linked,unicarbkb
Q14766,785,O-linked,unicarbkb
Q14766,467,O-linked,unicarbkb
Q9NS15,514,O-linked,unicarbkb
Q9NS15,513,O-linked,unicarbkb
Q9NS15,519,O-linked,unicarbkb
Q9NS15,239,O-linked,unicarbkb
Q8N2S1,476,O-linked,unicarbkb
O00339,40,O-linked,unicarbkb
O00339,902,O-linked,unicarbkb
O00339,901,O-linked,unicarbkb
O15232,66,O-linked,unicarbkb
O15232,53,O-linked,unicarbkb
O15232,65,O-linked,unicarbkb
Q9H3R2,471,O-linked,unicarbkb
Q9H3R2,505,O-linked,unicarbkb
Q9NQX5,114,O-linked,unicarbkb
Q9NQX5,115,O-linked,unicarbkb
Q02818,426,O-linked,unicarbkb
Q02818,224,O-linked,unicarbkb
Q02818,148,O-linked,unicarbkb
Q02818,47,O-linked,unicarbkb
O95428,701,O-linked,unicarbkb
O00592,172,O-linked,unicarbkb
O00592,193,O-linked,unicarbkb
O00592,167,O-linked,unicarbkb
O00592,405,O-linked,unicarbkb
O00592,339,O-linked,unicarbkb
O00592,332,O-linked,unicarbkb
O00592,194,O-linked,unicarbkb
O00592,168,O-linked,unicarbkb
O00592,203,O-linked,unicarbkb
O00592,401,O-linked,unicarbkb
O00592,171,O-linked,unicarbkb
O00592,195,O-linked,unicarbkb
O00592,204,O-linked,unicarbkb
O00592,407,O-linked,unicarbkb
Q96NZ9,73,O-linked,unicarbkb
Q96NZ9,72,O-linked,unicarbkb
Q9UQ72,232,O-linked,unicarbkb
Q9UBV2,50,O-linked,unicarbkb
Q9UBV2,49,O-linked,unicarbkb
P07996,302,O-linked,unicarbkb
P18887,440,O-linked,unicarbkb
P18887,446,O-linked,unicarbkb
P18887,453,O-linked,unicarbkb
P18887,447,O-linked,unicarbkb
Q9H1B5,87,O-linked,unicarbkb
Q76M96,411,O-linked,unicarbkb
Q76M96,409,O-linked,unicarbkb
Q76M96,418,O-linked,unicarbkb
Q9BQT9,693,O-linked,unicarbkb
Q7Z7M9,296,O-linked,unicarbkb
Q7Z7M9,292,O-linked,unicarbkb
Q7Z7M9,302,O-linked,unicarbkb
Q7Z7M9,420,O-linked,unicarbkb
Q7Z7M9,300,O-linked,unicarbkb
P24592,144,O-linked,unicarbkb
P24592,236,O-linked,unicarbkb
P24592,120,O-linked,unicarbkb
Q7L1W4,68,O-linked,unicarbkb
Q7L1W4,76,O-linked,unicarbkb
Q7L1W4,77,O-linked,unicarbkb
O43493,123,O-linked,unicarbkb
O43493,41,O-linked,unicarbkb
O43493,54,O-linked,unicarbkb
O43493,118,O-linked,unicarbkb
O43493,124,O-linked,unicarbkb
O43493,119,O-linked,unicarbkb
O43493,126,O-linked,unicarbkb
O43493,132,O-linked,unicarbkb
O43493,53,O-linked,unicarbkb
O43493,47,O-linked,unicarbkb
O43493,137,O-linked,unicarbkb
Q9ULC8,754,O-linked,unicarbkb
Q9ULC8,760,O-linked,unicarbkb
Q9ULC8,759,O-linked,unicarbkb
Q13433,227,O-linked,unicarbkb
Q13433,219,O-linked,unicarbkb
Q13433,221,O-linked,unicarbkb
Q8NBR0,224,O-linked,unicarbkb
Q8NBR0,226,O-linked,unicarbkb
O75752,225,O-linked,unicarbkb
Q96F05,209,O-linked,unicarbkb
Q96F05,204,O-linked,unicarbkb
Q96F05,183,O-linked,unicarbkb
Q96F05,212,O-linked,unicarbkb
Q96F05,187,O-linked,unicarbkb
Q96F05,206,O-linked,unicarbkb
Q96F05,180,O-linked,unicarbkb
Q96F05,177,O-linked,unicarbkb
Q96F05,179,O-linked,unicarbkb
Q96F05,181,O-linked,unicarbkb
Q96F05,189,O-linked,unicarbkb
Q9HCM3,234,O-linked,unicarbkb
Q9ULF5,210,O-linked,unicarbkb
Q9ULF5,215,O-linked,unicarbkb
Q9ULF5,49,O-linked,unicarbkb
Q9ULF5,248,O-linked,unicarbkb
P20333,222,O-linked,unicarbkb
P20333,208,O-linked,unicarbkb
P20333,221,O-linked,unicarbkb
Q8IZA0,201,O-linked,unicarbkb
Q8IZA0,197,O-linked,unicarbkb
P05067,679,O-linked,unicarbkb
P35613,145,O-linked,unicarbkb
O75976,487,O-linked,unicarbkb
O75976,490,O-linked,unicarbkb
Q15125,2,O-linked,unicarbkb
Q15125,3,O-linked,unicarbkb
O00468,1033,O-linked,unicarbkb
O00468,1034,O-linked,unicarbkb
O00468,980,O-linked,unicarbkb
Q12797,256,O-linked,unicarbkb
O43852,22,O-linked,unicarbkb
O43852,60,O-linked,unicarbkb
O43852,19,O-linked,unicarbkb
Q9Y624,30,O-linked,unicarbkb
P22083,184,O-linked,unicarbkb
Q14332,32,O-linked,unicarbkb
O60353,150,O-linked,unicarbkb
Q92896,37,O-linked,unicarbkb
Q92896,48,O-linked,unicarbkb
Q92896,739,O-linked,unicarbkb
Q9ULI3,500,O-linked,unicarbkb
Q8NC54,51,O-linked,unicarbkb
Q8NC54,55,O-linked,unicarbkb
Q8NC54,53,O-linked,unicarbkb
P02750,37,O-linked,unicarbkb
Q07954,894,O-linked,unicarbkb
Q5JRA6,206,O-linked,unicarbkb
Q5JRA6,911,O-linked,unicarbkb
Q5JRA6,215,O-linked,unicarbkb
Q5JRA6,211,O-linked,unicarbkb
Q5JRA6,666,O-linked,unicarbkb
Q5JRA6,1040,O-linked,unicarbkb
Q5JRA6,768,O-linked,unicarbkb
O60462,673,O-linked,unicarbkb
P07237,117,O-linked,unicarbkb
Q92643,283,O-linked,unicarbkb
Q8TBF5,31,O-linked,unicarbkb
P07602,289,O-linked,unicarbkb
P07602,281,O-linked,unicarbkb
Q13308,675,O-linked,unicarbkb
Q13308,602,O-linked,unicarbkb
P04844,521,O-linked,unicarbkb
Q12770,677,O-linked,unicarbkb
Q9BRK5,357,O-linked,unicarbkb
Q9Y5Z0,46,O-linked,unicarbkb
Q13145,114,O-linked,unicarbkb
Q13145,137,O-linked,unicarbkb
Q6P4E1,345,O-linked,unicarbkb
Q6P4E1,350,O-linked,unicarbkb
Q9UEE9,239,O-linked,unicarbkb
Q9UEE9,240,O-linked,unicarbkb
P16220,40,O-linked,unicarbkb
P98172,188,O-linked,unicarbkb
Q9BS26,398,O-linked,unicarbkb
O43909,138,O-linked,unicarbkb
P55085,54,O-linked,unicarbkb
P55085,49,O-linked,unicarbkb
Q9NZU0,512,O-linked,unicarbkb
P85037,505,O-linked,unicarbkb
Q6P4F1,57,O-linked,unicarbkb
Q96DB9,106,O-linked,unicarbkb
Q96DB9,95,O-linked,unicarbkb
Q12891,32,O-linked,unicarbkb
Q12891,26,O-linked,unicarbkb
Q9Y4L1,580,O-linked,unicarbkb
Q969P0,169,O-linked,unicarbkb
P26006,127,O-linked,unicarbkb
P11279,200,O-linked,unicarbkb
P11279,218,O-linked,unicarbkb
P11279,216,O-linked,unicarbkb
P11279,209,O-linked,unicarbkb
P13473,194,O-linked,unicarbkb
Q8NI22,95,O-linked,unicarbkb
Q8NI22,98,O-linked,unicarbkb
Q6N075,440,O-linked,unicarbkb
Q10469,59,O-linked,unicarbkb
O60502,405,O-linked,unicarbkb
P30101,219,O-linked,unicarbkb
O00592,414,O-linked,unicarbkb
O00592,387,O-linked,unicarbkb
O00592,244,O-linked,unicarbkb
Q2KHR3,310,O-linked,unicarbkb
Q6ZRP7,635,O-linked,unicarbkb
Q9NTZ6,122,O-linked,unicarbkb
Q9P273,360,O-linked,unicarbkb
P10600,357,O-linked,unicarbkb
Q15363,123,O-linked,unicarbkb
O60507,49,O-linked,unicarbkb
O60507,50,O-linked,unicarbkb
O60704,278,O-linked,unicarbkb
Q9NYU2,1241,O-linked,unicarbkb
O94766,311,O-linked,unicarbkb
Q6UXH1,58,O-linked,unicarbkb
Q96RQ1,152,O-linked,unicarbkb
Q7Z7M9,108,O-linked,unicarbkb
Q7Z7M9,431,O-linked,unicarbkb
Q7Z7M9,367,O-linked,unicarbkb
Q7Z7M9,368,O-linked,unicarbkb
Q8NCL4,48,O-linked,unicarbkb
Q8NCL4,333,O-linked,unicarbkb
Q8NCL4,81,O-linked,unicarbkb
Q86SF2,121,O-linked,unicarbkb
Q3T906,484,O-linked,unicarbkb
Q3T906,486,O-linked,unicarbkb
O00461,302,O-linked,unicarbkb
O00461,405,O-linked,unicarbkb
Q5VW38,184,O-linked,unicarbkb
Q5VW38,183,O-linked,unicarbkb
Q5VW38,187,O-linked,unicarbkb
Q9NX62,98,O-linked,unicarbkb
Q68DH5,85,O-linked,unicarbkb
P30533,318,O-linked,unicarbkb
P30533,134,O-linked,unicarbkb
P30533,45,O-linked,unicarbkb
Q7L1W4,114,O-linked,unicarbkb
Q8NI32,54,O-linked,unicarbkb
Q9UKM7,219,O-linked,unicarbkb
Q16706,105,O-linked,unicarbkb
Q16706,100,O-linked,unicarbkb
Q9H8J5,161,O-linked,unicarbkb
Q9H8J5,164,O-linked,unicarbkb
Q9H8J5,167,O-linked,unicarbkb
Q9UQ53,490,O-linked,unicarbkb
Q9UQ53,94,O-linked,unicarbkb
Q9UNW1,122,O-linked,unicarbkb
Q96HC4,141,O-linked,unicarbkb
Q9UIW2,726,O-linked,unicarbkb
O43157,1224,O-linked,unicarbkb
Q12837,335,O-linked,unicarbkb
Q9P2B2,150,O-linked,unicarbkb
Q9HB40,279,O-linked,unicarbkb
Q9HCN8,211,O-linked,unicarbkb
O95487,139,O-linked,unicarbkb
O95487,140,O-linked,unicarbkb
O94979,964,O-linked,unicarbkb
Q68CR1,68,O-linked,unicarbkb
O43493,290,O-linked,unicarbkb
Q8NBS9,72,O-linked,unicarbkb
Q14157,878,O-linked,unicarbkb
Q14157,731,O-linked,unicarbkb
P15291,123,O-linked,unicarbkb
P15291,122,O-linked,unicarbkb
Q9H6E4,193,O-linked,unicarbkb
Q9H6E4,192,O-linked,unicarbkb
P40199,241,O-linked,unicarbkb
Q9BQ69,91,O-linked,unicarbkb
Q5VU65,130,O-linked,unicarbkb
Q13433,194,O-linked,unicarbkb
Q13433,196,O-linked,unicarbkb
Q9HC07,80,O-linked,unicarbkb
Q5SNT2,244,O-linked,unicarbkb
Q9NV96,285,O-linked,unicarbkb
Q6L9W6,767,O-linked,unicarbkb
Q6L9W6,70,O-linked,unicarbkb
C9J069,543,O-linked,unicarbkb
Q8IYS2,224,O-linked,unicarbkb
O00220,117,O-linked,unicarbkb
O00220,120,O-linked,unicarbkb
O14763,57,O-linked,unicarbkb
Q8NDV1,45,O-linked,unicarbkb
P02675,360,O-linked,unicarbkb
P10253,61,O-linked,unicarbkb
P28799,182,O-linked,unicarbkb
P08949,64,O-linked,unicarbkb
P08949,71,O-linked,unicarbkb
Q13438,529,O-linked,unicarbkb
Q13438,533,O-linked,unicarbkb
P15151,81,O-linked,unicarbkb
Q9H6U8,509,O-linked,unicarbkb
O75882,146,O-linked,unicarbkb
O43852,35,O-linked,unicarbkb
P08174,307,O-linked,unicarbkb
P08174,306,O-linked,unicarbkb
P13987,77,O-linked,unicarbkb
P13987,76,O-linked,unicarbkb
Q13286,80,O-linked,unicarbkb
Q14118,431,O-linked,unicarbkb
Q14118,436,O-linked,unicarbkb
Q14118,369,O-linked,unicarbkb
Q14517,2410,O-linked,unicarbkb
Q14517,3760,O-linked,unicarbkb
Q14517,3761,O-linked,unicarbkb
Q9BYC5,274,O-linked,unicarbkb
Q9BYC5,564,O-linked,unicarbkb
P35052,510,O-linked,unicarbkb
P35052,509,O-linked,unicarbkb
O75487,381,O-linked,unicarbkb
O75487,376,O-linked,unicarbkb
O75487,380,O-linked,unicarbkb
Q9ULI3,347,O-linked,unicarbkb
Q9ULI3,363,O-linked,unicarbkb
Q9ULI3,354,O-linked,unicarbkb
Q9BQS7,1076,O-linked,unicarbkb
Q9BQS7,1070,O-linked,unicarbkb
Q9BQS7,1073,O-linked,unicarbkb
Q5JRA6,282,O-linked,unicarbkb
Q5JRA6,293,O-linked,unicarbkb
Q5JRA6,1104,O-linked,unicarbkb
Q5JRA6,1099,O-linked,unicarbkb
Q5JRA6,608,O-linked,unicarbkb
Q5JRA6,1093,O-linked,unicarbkb
Q5JRA6,838,O-linked,unicarbkb
P07237,85,O-linked,unicarbkb
Q92643,282,O-linked,unicarbkb
Q92643,288,O-linked,unicarbkb
Q6NW40,127,O-linked,unicarbkb
Q6NW40,129,O-linked,unicarbkb
Q9BT09,268,O-linked,unicarbkb
P20827,152,O-linked,unicarbkb
Q9Y653,51,O-linked,unicarbkb
P10321,214,O-linked,unicarbkb
P11021,637,O-linked,unicarbkb
P11021,643,O-linked,unicarbkb
P11021,203,O-linked,unicarbkb
Q9Y4L1,589,O-linked,unicarbkb
Q9Y4L1,590,O-linked,unicarbkb
O15230,2845,O-linked,unicarbkb
P11047,1603,O-linked,unicarbkb
P11279,331,O-linked,unicarbkb
Q86VZ4,303,O-linked,unicarbkb
Q14766,463,O-linked,unicarbkb
Q86Y78,40,O-linked,unicarbkb
Q86Y78,41,O-linked,unicarbkb
Q86Y78,39,O-linked,unicarbkb
Q6N075,442,O-linked,unicarbkb
P26572,320,O-linked,unicarbkb
Q09327,72,O-linked,unicarbkb
Q09327,76,O-linked,unicarbkb
Q09327,87,O-linked,unicarbkb
Q685J3,3862,O-linked,unicarbkb
Q685J3,3856,O-linked,unicarbkb
Q685J3,3863,O-linked,unicarbkb
Q9NQX5,130,O-linked,unicarbkb
Q9NQX5,134,O-linked,unicarbkb
Q02818,444,O-linked,unicarbkb
P80303,96,O-linked,unicarbkb
P80303,172,O-linked,unicarbkb
P13674,375,O-linked,unicarbkb
Q9NXG6,107,O-linked,unicarbkb
Q14554,439,O-linked,unicarbkb
Q02809,714,O-linked,unicarbkb
O00592,118,O-linked,unicarbkb
O00592,117,O-linked,unicarbkb
O00592,188,O-linked,unicarbkb
O00592,180,O-linked,unicarbkb
O00592,417,O-linked,unicarbkb
O00592,319,O-linked,unicarbkb
O00592,179,O-linked,unicarbkb
O00592,119,O-linked,unicarbkb
Q6ZRP7,600,O-linked,unicarbkb
Q6ZRP7,149,O-linked,unicarbkb
Q6ZRP7,153,O-linked,unicarbkb
Q6ZRP7,154,O-linked,unicarbkb
Q9UBV2,38,O-linked,unicarbkb
Q9UBV2,37,O-linked,unicarbkb
O15533,372,O-linked,unicarbkb
Q9P273,1726,O-linked,unicarbkb
Q9Y2B1,91,O-linked,unicarbkb
Q9Y2B1,92,O-linked,unicarbkb
O60507,287,O-linked,unicarbkb
O60507,47,O-linked,unicarbkb
O60507,286,O-linked,unicarbkb
O60704,285,O-linked,unicarbkb
Q96AE7,878,O-linked,unicarbkb
Q9BZM4,209,O-linked,unicarbkb
Q86Y38,126,O-linked,unicarbkb
Q86Y38,133,O-linked,unicarbkb
Q86Y38,139,O-linked,unicarbkb
Q86Y38,130,O-linked,unicarbkb
P10696,429,O-linked,unicarbkb
Q9NY97,53,O-linked,unicarbkb
O96005,323,O-linked,unicarbkb
Q13217,288,O-linked,unicarbkb
Q96DZ1,323,O-linked,unicarbkb
Q96DZ1,324,O-linked,unicarbkb
O94905,336,O-linked,unicarbkb
Q7Z7M9,208,O-linked,unicarbkb
Q7Z7M9,207,O-linked,unicarbkb
Q7Z7M9,204,O-linked,unicarbkb
Q7Z7M9,202,O-linked,unicarbkb
Q7Z7M9,200,O-linked,unicarbkb
Q7Z7M9,138,O-linked,unicarbkb
Q7Z7M9,134,O-linked,unicarbkb
Q3T906,844,O-linked,unicarbkb
Q3T906,847,O-linked,unicarbkb
Q3T906,837,O-linked,unicarbkb
O00461,246,O-linked,unicarbkb
Q86V85,32,O-linked,unicarbkb
Q86V85,31,O-linked,unicarbkb
Q4G148,72,O-linked,unicarbkb
Q13261,87,O-linked,unicarbkb
Q13261,88,O-linked,unicarbkb
Q7Z4H8,158,O-linked,unicarbkb
P30533,207,O-linked,unicarbkb
Q7Z3D4,285,O-linked,unicarbkb
Q9UKM7,186,O-linked,unicarbkb
Q9UKM7,370,O-linked,unicarbkb
Q9UKM7,223,O-linked,unicarbkb
Q9UKM7,174,O-linked,unicarbkb
Q14703,896,O-linked,unicarbkb
Q14696,88,O-linked,unicarbkb
P14314,282,O-linked,unicarbkb
P14314,298,O-linked,unicarbkb
Q8WTV0,481,O-linked,unicarbkb
Q92854,716,O-linked,unicarbkb
Q6UXD5,108,O-linked,unicarbkb
Q6UXD5,96,O-linked,unicarbkb
Q6UXD5,104,O-linked,unicarbkb
Q6UXD5,100,O-linked,unicarbkb
Q6UXD5,105,O-linked,unicarbkb
Q6UXD5,717,O-linked,unicarbkb
P13866,11,O-linked,unicarbkb
Q9HAU4,76,O-linked,unicarbkb
O43278,323,O-linked,unicarbkb
O43278,312,O-linked,unicarbkb
O43493,66,O-linked,unicarbkb
O43493,68,O-linked,unicarbkb
O43493,267,O-linked,unicarbkb
O43493,62,O-linked,unicarbkb
O43493,270,O-linked,unicarbkb
O43493,263,O-linked,unicarbkb
P49755,91,O-linked,unicarbkb
P49755,86,O-linked,unicarbkb
P63313,31,O-linked,unicarbkb
Q9H6E4,187,O-linked,unicarbkb
Q8TEY5,349,O-linked,unicarbkb
Q8TEY5,339,O-linked,unicarbkb
Q8TEY5,344,O-linked,unicarbkb
Q8IXK2,556,O-linked,unicarbkb
Q8IXK2,289,O-linked,unicarbkb
Q13433,225,O-linked,unicarbkb
Q9NUM3,83,O-linked,unicarbkb
Q7Z3S9,218,O-linked,unicarbkb
Q9HBR0,886,O-linked,unicarbkb
Q9HBR0,806,O-linked,unicarbkb
Q9HBR0,965,O-linked,unicarbkb
Q9HBR0,795,O-linked,unicarbkb
Q9HBR0,802,O-linked,unicarbkb
Q9ULF5,308,O-linked,unicarbkb
Q9UBN6,77,O-linked,unicarbkb
Q8NDV1,112,O-linked,unicarbkb
P12259,1196,O-linked,unicarbkb
P12259,1223,O-linked,unicarbkb
P12259,1295,O-linked,unicarbkb
P12259,1302,O-linked,unicarbkb
P12259,1184,O-linked,unicarbkb
P12259,1232,O-linked,unicarbkb
P12259,1299,O-linked,unicarbkb
P12259,1322,O-linked,unicarbkb
P12259,1187,O-linked,unicarbkb
P12259,1398,O-linked,unicarbkb
P12259,1277,O-linked,unicarbkb
P12259,1403,O-linked,unicarbkb
P12259,1191,O-linked,unicarbkb
P12259,1304,O-linked,unicarbkb
P08581,918,O-linked,unicarbkb
P04004,113,O-linked,unicarbkb
P04004,69,O-linked,unicarbkb
P04004,100,O-linked,unicarbkb
P04004,63,O-linked,unicarbkb
O00468,1584,O-linked,unicarbkb
O00468,1902,O-linked,unicarbkb
O00468,1540,O-linked,unicarbkb
O95996,1455,O-linked,unicarbkb
Q12797,299,O-linked,unicarbkb
P18850,663,O-linked,unicarbkb
P18850,664,O-linked,unicarbkb
P18850,659,O-linked,unicarbkb
P14209,181,O-linked,unicarbkb
P12830,544,O-linked,unicarbkb
P09603,321,O-linked,unicarbkb
P09603,313,O-linked,unicarbkb
P29279,173,O-linked,unicarbkb
Q14118,52,O-linked,unicarbkb
Q14118,463,O-linked,unicarbkb
Q14118,464,O-linked,unicarbkb
Q14118,469,O-linked,unicarbkb
Q14118,169,O-linked,unicarbkb
O94907,175,O-linked,unicarbkb
O94907,76,O-linked,unicarbkb
Q14126,53,O-linked,unicarbkb
Q9Y2E6,103,O-linked,unicarbkb
Q9Y2E6,101,O-linked,unicarbkb
P05305,100,O-linked,unicarbkb
Q9ULI3,197,O-linked,unicarbkb
Q9ULI3,194,O-linked,unicarbkb
Q9ULI3,606,O-linked,unicarbkb
Q9ULI3,443,O-linked,unicarbkb
Q9ULI3,934,O-linked,unicarbkb
Q9ULI3,232,O-linked,unicarbkb
Q9ULI3,929,O-linked,unicarbkb
Q9ULI3,900,O-linked,unicarbkb
Q9ULI3,230,O-linked,unicarbkb
Q9ULI3,901,O-linked,unicarbkb
Q9ULI3,600,O-linked,unicarbkb
Q9ULI3,200,O-linked,unicarbkb
Q9ULI3,928,O-linked,unicarbkb
Q9ULI3,894,O-linked,unicarbkb
Q9ULI3,599,O-linked,unicarbkb
Q9ULI3,226,O-linked,unicarbkb
Q9ULI3,895,O-linked,unicarbkb
Q9ULI3,243,O-linked,unicarbkb
Q9ULI3,441,O-linked,unicarbkb
Q9ULI3,236,O-linked,unicarbkb
P46695,147,O-linked,unicarbkb
P46695,146,O-linked,unicarbkb
P01130,766,O-linked,unicarbkb
Q5JRA6,152,O-linked,unicarbkb
Q5JRA6,292,O-linked,unicarbkb
Q5JRA6,297,O-linked,unicarbkb
O60462,600,O-linked,unicarbkb
O60462,607,O-linked,unicarbkb
P07237,221,O-linked,unicarbkb
P04843,144,O-linked,unicarbkb
P04843,237,O-linked,unicarbkb
P18827,197,O-linked,unicarbkb
Q9UBS9,110,O-linked,unicarbkb
Q9UBS9,162,O-linked,unicarbkb
Q9UBS9,155,O-linked,unicarbkb
Q9UBS9,113,O-linked,unicarbkb
Q6PCB0,442,O-linked,unicarbkb
Q6PCB0,315,O-linked,unicarbkb
P02652,73,O-linked,unicarbkb
P02652,81,O-linked,unicarbkb
Q07065,499,O-linked,unicarbkb
Q8IUH2,73,O-linked,unicarbkb
Q9NZV1,882,O-linked,unicarbkb
Q9NZV1,889,O-linked,unicarbkb
Q9UGM3,86,O-linked,unicarbkb
Q9UGM3,209,O-linked,unicarbkb
Q9UGM3,208,O-linked,unicarbkb
Q9UGM3,84,O-linked,unicarbkb
Q9UGM3,87,O-linked,unicarbkb
Q9UGM3,80,O-linked,unicarbkb
P98172,193,O-linked,unicarbkb
Q5UCC4,198,O-linked,unicarbkb
Q96L91,1411,O-linked,unicarbkb
Q9BS26,393,O-linked,unicarbkb
Q96DB9,58,O-linked,unicarbkb
Q96DB9,75,O-linked,unicarbkb
Q96DB9,60,O-linked,unicarbkb
Q96DB9,44,O-linked,unicarbkb
Q96DB9,52,O-linked,unicarbkb
Q96DB9,62,O-linked,unicarbkb
Q96DB9,68,O-linked,unicarbkb
Q96DB9,73,O-linked,unicarbkb
Q96DB9,57,O-linked,unicarbkb
Q9UJJ9,291,O-linked,unicarbkb
Q9UJJ9,286,O-linked,unicarbkb
Q8NBJ4,307,O-linked,unicarbkb
Q8NBJ4,37,O-linked,unicarbkb
Q8NBJ4,309,O-linked,unicarbkb
Q8NBJ4,36,O-linked,unicarbkb
P98160,1896,O-linked,unicarbkb
P98160,261,O-linked,unicarbkb
P98160,49,O-linked,unicarbkb
P98160,2627,O-linked,unicarbkb
O15230,3690,O-linked,unicarbkb
P07942,1678,O-linked,unicarbkb
Q13753,1094,O-linked,unicarbkb
Q14767,777,O-linked,unicarbkb
Q8N2S1,273,O-linked,unicarbkb
Q8N2S1,221,O-linked,unicarbkb
Q8NI22,94,O-linked,unicarbkb
Q5JPE7,189,O-linked,unicarbkb
Q5JPE7,186,O-linked,unicarbkb
Q02818,369,O-linked,unicarbkb
Q02818,321,O-linked,unicarbkb
P80303,32,O-linked,unicarbkb
P01127,190,O-linked,unicarbkb
O75381,287,O-linked,unicarbkb
O75381,286,O-linked,unicarbkb
O00592,295,O-linked,unicarbkb
O00592,82,O-linked,unicarbkb
O00592,258,O-linked,unicarbkb
O00592,303,O-linked,unicarbkb
O00592,77,O-linked,unicarbkb
O00592,253,O-linked,unicarbkb
O00592,81,O-linked,unicarbkb
O00592,238,O-linked,unicarbkb
O00592,252,O-linked,unicarbkb
O00592,299,O-linked,unicarbkb
O00592,300,O-linked,unicarbkb
Q96NZ9,89,O-linked,unicarbkb
Q12913,59,O-linked,unicarbkb
Q12913,63,O-linked,unicarbkb
Q12913,62,O-linked,unicarbkb
Q92692,111,O-linked,unicarbkb
Q92692,107,O-linked,unicarbkb
Q9P2E9,1334,O-linked,unicarbkb
Q9BZR6,396,O-linked,unicarbkb
Q9BZR6,386,O-linked,unicarbkb
Q0VAQ4,23,O-linked,unicarbkb
Q0VAQ4,17,O-linked,unicarbkb
Q0VAQ4,16,O-linked,unicarbkb
O95793,467,O-linked,unicarbkb
O95793,465,O-linked,unicarbkb
O95793,464,O-linked,unicarbkb
P35443,824,O-linked,unicarbkb
Q15363,142,O-linked,unicarbkb
Q86Y38,249,O-linked,unicarbkb
Q9H1B5,146,O-linked,unicarbkb
Q9H1B5,159,O-linked,unicarbkb
Q8NFL0,342,O-linked,unicarbkb
P04632,153,O-linked,unicarbkb
Q76M96,404,O-linked,unicarbkb
Q76M96,513,O-linked,unicarbkb
Q76M96,518,O-linked,unicarbkb
Q9BQT9,691,O-linked,unicarbkb
Q9H2A7,170,O-linked,unicarbkb
Q9H2A7,171,O-linked,unicarbkb
Q9H2A7,119,O-linked,unicarbkb
Q9H2A7,127,O-linked,unicarbkb
Q9H2A7,174,O-linked,unicarbkb
Q9H2A7,124,O-linked,unicarbkb
Q9H2A7,131,O-linked,unicarbkb
Q9H2A7,136,O-linked,unicarbkb
Q9H2A7,132,O-linked,unicarbkb
Q9H2A7,120,O-linked,unicarbkb
Q8N8Z6,447,O-linked,unicarbkb
Q7Z7M9,69,O-linked,unicarbkb
Q7Z7M9,326,O-linked,unicarbkb
Q7Z7M9,249,O-linked,unicarbkb
Q7Z7M9,244,O-linked,unicarbkb
Q7Z7M9,243,O-linked,unicarbkb
Q3T906,873,O-linked,unicarbkb
O00461,216,O-linked,unicarbkb
P18065,196,O-linked,unicarbkb
P24593,172,O-linked,unicarbkb
P24593,179,O-linked,unicarbkb
Q13261,188,O-linked,unicarbkb
Q13261,190,O-linked,unicarbkb
Q13261,186,O-linked,unicarbkb
Q7Z3D4,264,O-linked,unicarbkb
Q9H8J5,192,O-linked,unicarbkb
O43674,136,O-linked,unicarbkb
Q9NRN5,99,O-linked,unicarbkb
Q14242,123,O-linked,unicarbkb
Q14242,129,O-linked,unicarbkb
Q14242,124,O-linked,unicarbkb
O43493,146,O-linked,unicarbkb
O43493,76,O-linked,unicarbkb
Q8NBS9,323,O-linked,unicarbkb
Q8NBS9,328,O-linked,unicarbkb
Q9NZJ5,57,O-linked,unicarbkb
Q9NZJ5,55,O-linked,unicarbkb
Q9NZJ5,54,O-linked,unicarbkb
Q96FE7,141,O-linked,unicarbkb
Q8N2H3,191,O-linked,unicarbkb
Q13433,188,O-linked,unicarbkb
Q13433,189,O-linked,unicarbkb
Q13433,185,O-linked,unicarbkb
Q8N131,60,O-linked,unicarbkb
Q8N131,63,O-linked,unicarbkb
Q86TH1,490,O-linked,unicarbkb
Q86TH1,347,O-linked,unicarbkb
Q6UW78,56,O-linked,unicarbkb
Q9HCM3,700,O-linked,unicarbkb
Q9HCM3,745,O-linked,unicarbkb
Q9HCM3,694,O-linked,unicarbkb
Q9HCM3,746,O-linked,unicarbkb
Q9HCM3,699,O-linked,unicarbkb
O60309,684,O-linked,unicarbkb
O60309,688,O-linked,unicarbkb
O60309,683,O-linked,unicarbkb
O60309,689,O-linked,unicarbkb
Q9HBR0,904,O-linked,unicarbkb
O75509,259,O-linked,unicarbkb
O75509,261,O-linked,unicarbkb
O75509,258,O-linked,unicarbkb
Q8IZA0,261,O-linked,unicarbkb
Q8IZA0,270,O-linked,unicarbkb
Q8IZA0,284,O-linked,unicarbkb
P20933,134,O-linked,unicarbkb
P05067,633,O-linked,unicarbkb
P05067,279,O-linked,unicarbkb
P05067,280,O-linked,unicarbkb
P05067,276,O-linked,unicarbkb
P35613,277,O-linked,unicarbkb
Q86UD1,44,O-linked,unicarbkb
P15151,402,O-linked,unicarbkb
Q8WZ42,4922,O-linked,unicarbkb
P50895,328,O-linked,unicarbkb
P27797,350,O-linked,unicarbkb
P27824,59,O-linked,unicarbkb
P27824,54,O-linked,unicarbkb
P14209,48,O-linked,unicarbkb
P14209,41,O-linked,unicarbkb
Q14118,391,O-linked,unicarbkb
Q9UNE0,100,O-linked,unicarbkb
O75460,417,O-linked,unicarbkb
Q9ULI3,36,O-linked,unicarbkb
P36941,433,O-linked,unicarbkb
Q5JRA6,907,O-linked,unicarbkb
Q5JRA6,910,O-linked,unicarbkb
Q5JRA6,1083,O-linked,unicarbkb
Q5JRA6,903,O-linked,unicarbkb
Q5JRA6,672,O-linked,unicarbkb
P15941,29,O-linked,unicarbkb
P15941,30,O-linked,unicarbkb
O60462,603,O-linked,unicarbkb
P07237,428,O-linked,unicarbkb
P07602,391,O-linked,unicarbkb
Q15293,192,O-linked,unicarbkb
P18827,171,O-linked,unicarbkb
O75056,344,O-linked,unicarbkb
O75056,291,O-linked,unicarbkb
O75056,293,O-linked,unicarbkb
Q9BRK5,347,O-linked,unicarbkb
Q06481,303,O-linked,unicarbkb
Q6P4E1,93,O-linked,unicarbkb
Q6P4E1,275,O-linked,unicarbkb
Q6P4E1,358,O-linked,unicarbkb
Q04900,55,O-linked,unicarbkb
Q04900,49,O-linked,unicarbkb
Q5ZPR3,236,O-linked,unicarbkb
Q14028,188,O-linked,unicarbkb
Q9BT09,271,O-linked,unicarbkb
P29317,277,O-linked,unicarbkb
Q9BS26,386,O-linked,unicarbkb
Q6P4F1,50,O-linked,unicarbkb
Q9UJJ9,211,O-linked,unicarbkb
Q99075,85,O-linked,unicarbkb
Q99075,78,O-linked,unicarbkb
Q99075,75,O-linked,unicarbkb
Q9Y4L1,988,O-linked,unicarbkb
P21583,170,O-linked,unicarbkb
P21583,167,O-linked,unicarbkb
Q14766,859,O-linked,unicarbkb
Q9NS15,533,O-linked,unicarbkb
Q6DN12,287,O-linked,unicarbkb
Q6DN12,288,O-linked,unicarbkb
Q09328,33,O-linked,unicarbkb
Q09328,38,O-linked,unicarbkb
Q02818,343,O-linked,unicarbkb
O95428,274,O-linked,unicarbkb
Q12913,98,O-linked,unicarbkb
Q6ZRP7,628,O-linked,unicarbkb
Q6ZRP7,583,O-linked,unicarbkb
Q9Y5M8,18,O-linked,unicarbkb
Q9P273,364,O-linked,unicarbkb
Q9BX73,46,O-linked,unicarbkb
Q9BX73,45,O-linked,unicarbkb
Q6UWJ1,208,O-linked,unicarbkb
Q5T6F2,303,O-linked,unicarbkb
O14672,397,O-linked,unicarbkb
Q96A33,51,O-linked,unicarbkb
Q96A33,60,O-linked,unicarbkb
Q9Y282,116,O-linked,unicarbkb
Q7Z7M9,320,O-linked,unicarbkb
Q8NCL4,67,O-linked,unicarbkb
Q3T906,778,O-linked,unicarbkb
Q3T906,782,O-linked,unicarbkb
O00461,396,O-linked,unicarbkb
P30533,337,O-linked,unicarbkb
Q9UKM7,144,O-linked,unicarbkb
Q9UKM7,697,O-linked,unicarbkb
Q9UKM7,204,O-linked,unicarbkb
Q16706,80,O-linked,unicarbkb
Q9H8J5,363,O-linked,unicarbkb
O43157,793,O-linked,unicarbkb
O15031,1138,O-linked,unicarbkb
Q9Y520,2454,O-linked,unicarbkb
Q9P2B2,156,O-linked,unicarbkb
Q6UXD5,834,O-linked,unicarbkb
Q6UXD5,831,O-linked,unicarbkb
Q6UXD5,833,O-linked,unicarbkb
Q4ZJI4,38,O-linked,unicarbkb
Q8IYF1,646,O-linked,unicarbkb
Q8IYF1,624,O-linked,unicarbkb
Q8IYF1,623,O-linked,unicarbkb
Q9BXS4,314,O-linked,unicarbkb
Q8TEY5,333,O-linked,unicarbkb
Q9UBS4,178,O-linked,unicarbkb
Q9UBS4,177,O-linked,unicarbkb
Q13433,33,O-linked,unicarbkb
Q13433,32,O-linked,unicarbkb
Q9NQ40,178,O-linked,unicarbkb
Q8N131,35,O-linked,unicarbkb
Q69YN4,1432,O-linked,unicarbkb
Q9C0D2,2375,O-linked,unicarbkb
Q9C0D2,2374,O-linked,unicarbkb
Q9HBR0,612,O-linked,unicarbkb
Q9HBR0,685,O-linked,unicarbkb
Q8IZA0,217,O-linked,unicarbkb
Q8IZA0,216,O-linked,unicarbkb
O00391,643,O-linked,unicarbkb
O00391,289,O-linked,unicarbkb
O00391,590,O-linked,unicarbkb
O00391,647,O-linked,unicarbkb
O00391,655,O-linked,unicarbkb
O00391,588,O-linked,unicarbkb
O00391,604,O-linked,unicarbkb
O00468,1292,O-linked,unicarbkb
O00468,1295,O-linked,unicarbkb
O00468,1294,O-linked,unicarbkb
O43291,108,O-linked,unicarbkb
O43291,109,O-linked,unicarbkb
O43291,112,O-linked,unicarbkb
P15514,53,O-linked,unicarbkb
P15514,52,O-linked,unicarbkb
P18827,122,O-linked,unicarbkb
P30533,346,O-linked,unicarbkb
P61769,106,O-linked,unicarbkb
Q14112,360,O-linked,unicarbkb
Q14242,292,O-linked,unicarbkb
Q14242,290,O-linked,unicarbkb
Q14242,287,O-linked,unicarbkb
Q14242,289,O-linked,unicarbkb
Q5T7M9,141,O-linked,unicarbkb
Q6P4E1,338,O-linked,unicarbkb
Q6UXI9,376,O-linked,unicarbkb
Q7Z7M9,192,O-linked,unicarbkb
Q7Z7M9,70,O-linked,unicarbkb
Q86SR1,62,O-linked,unicarbkb
Q86VP1,157,O-linked,unicarbkb
Q92854,722,O-linked,unicarbkb
Q92932,220,O-linked,unicarbkb
Q92932,230,O-linked,unicarbkb
Q96NZ9,111,O-linked,unicarbkb
Q99795,50,O-linked,unicarbkb
Q9BYJ0,155,O-linked,unicarbkb
Q9BYJ0,147,O-linked,unicarbkb
Q9BYJ0,149,O-linked,unicarbkb
Q9BYJ0,136,O-linked,unicarbkb
Q9GZZ8,75,O-linked,unicarbkb
Q9GZZ8,76,O-linked,unicarbkb
Q9GZZ8,77,O-linked,unicarbkb
Q9H4F8,163,O-linked,unicarbkb
Q9HBR0,1106,O-linked,unicarbkb
Q9HBR0,524,O-linked,unicarbkb
Q9HBR0,997,O-linked,unicarbkb
Q9NZV1,596,O-linked,unicarbkb
Q9Y240,69,O-linked,unicarbkb
Q9Y5L2,49,O-linked,unicarbkb
Q9Y5L2,60,O-linked,unicarbkb
Q9Y5L2,52,O-linked,unicarbkb
P35318,178,O-linked,unicarbkb
P35318,165,O-linked,unicarbkb
P35318,54,O-linked,unicarbkb
P02751,2061,O-linked,unicarbkb
P02751,287,O-linked,unicarbkb
P06396,35,O-linked,unicarbkb
P28300,130,O-linked,unicarbkb
P28300,131,O-linked,unicarbkb
P48745,352,O-linked,unicarbkb
P48745,353,O-linked,unicarbkb
Q5T4W7,60,O-linked,unicarbkb
P09603,473,O-linked,unicarbkb
P20800,123,O-linked,unicarbkb
P20800,139,O-linked,unicarbkb
Q14332,194,O-linked,unicarbkb
Q9Y625,374,O-linked,unicarbkb
Q9ULI3,938,O-linked,unicarbkb
P14543,330,O-linked,unicarbkb
Q14112,456,O-linked,unicarbkb
Q14112,455,O-linked,unicarbkb
P18827,188,O-linked,unicarbkb
P18827,180,O-linked,unicarbkb
P18827,177,O-linked,unicarbkb
P13611,2531,O-linked,unicarbkb
P55290,200,O-linked,unicarbkb
Q8IUL8,236,O-linked,unicarbkb
Q9UHF1,55,O-linked,unicarbkb
Q9UHF1,54,O-linked,unicarbkb
P55085,45,O-linked,unicarbkb
Q86TE4,245,O-linked,unicarbkb
Q9NR99,1332,O-linked,unicarbkb
Q9NR99,1049,O-linked,unicarbkb
Q9NR99,1046,O-linked,unicarbkb
Q9NR99,1844,O-linked,unicarbkb
Q9NR99,1047,O-linked,unicarbkb
O00592,184,O-linked,unicarbkb
O00592,185,O-linked,unicarbkb
P12272,108,O-linked,unicarbkb
Q9Y6N7,660,O-linked,unicarbkb
O60279,471,O-linked,unicarbkb
O60279,470,O-linked,unicarbkb
P07996,638,O-linked,unicarbkb
Q6ZMP0,553,O-linked,unicarbkb
Q6ZMP0,121,O-linked,unicarbkb
Q6ZMP0,127,O-linked,unicarbkb
Q6ZMP0,151,O-linked,unicarbkb
Q76M96,65,O-linked,unicarbkb
Q76M96,89,O-linked,unicarbkb
Q76M96,64,O-linked,unicarbkb
Q76M96,323,O-linked,unicarbkb
P08572,1403,O-linked,unicarbkb
P08572,111,O-linked,unicarbkb
P08572,1361,O-linked,unicarbkb
P08572,1446,O-linked,unicarbkb
Q96PD2,490,O-linked,unicarbkb
Q14512,46,O-linked,unicarbkb
Q14512,37,O-linked,unicarbkb
P17936,153,O-linked,unicarbkb
P17936,155,O-linked,unicarbkb
P17936,277,O-linked,unicarbkb
P17936,161,O-linked,unicarbkb
P17936,192,O-linked,unicarbkb
P17936,156,O-linked,unicarbkb
P17936,157,O-linked,unicarbkb
Q16270,264,O-linked,unicarbkb
O60512,45,O-linked,unicarbkb
Q99715,2309,O-linked,unicarbkb
Q99715,1106,O-linked,unicarbkb
Q9Y5T4,104,O-linked,unicarbkb
P09758,93,O-linked,unicarbkb
Q6UY14,304,O-linked,unicarbkb
Q6UY14,181,O-linked,unicarbkb
O75071,412,O-linked,unicarbkb
P35318,128,O-linked,unicarbkb
P35318,162,O-linked,unicarbkb
P35318,66,O-linked,unicarbkb
P35318,49,O-linked,unicarbkb
P35318,51,O-linked,unicarbkb
P35318,180,O-linked,unicarbkb
P35318,50,O-linked,unicarbkb
P35637,19,O-linked,unicarbkb
P28300,132,O-linked,unicarbkb
P01138,46,O-linked,unicarbkb
P01138,43,O-linked,unicarbkb
P08949,75,O-linked,unicarbkb
P08949,67,O-linked,unicarbkb
P08949,76,O-linked,unicarbkb
P48745,49,O-linked,unicarbkb
P48745,46,O-linked,unicarbkb
O15240,266,O-linked,unicarbkb
O00468,1725,O-linked,unicarbkb
O00468,1720,O-linked,unicarbkb
O00468,1285,O-linked,unicarbkb
O00468,1281,O-linked,unicarbkb
O00468,1282,O-linked,unicarbkb
Q96GW7,542,O-linked,unicarbkb
Q96GW7,540,O-linked,unicarbkb
P12645,68,O-linked,unicarbkb
P12645,69,O-linked,unicarbkb
P12645,83,O-linked,unicarbkb
P12645,75,O-linked,unicarbkb
P22004,398,O-linked,unicarbkb
O43852,261,O-linked,unicarbkb
P55283,88,O-linked,unicarbkb
Q4KMG0,932,O-linked,unicarbkb
O43405,257,O-linked,unicarbkb
O43405,124,O-linked,unicarbkb
Q8NFT8,169,O-linked,unicarbkb
Q8NFT8,177,O-linked,unicarbkb
Q8NFT8,172,O-linked,unicarbkb
Q8NFT8,174,O-linked,unicarbkb
O43768,93,O-linked,unicarbkb
O43768,99,O-linked,unicarbkb
P35556,51,O-linked,unicarbkb
P35556,1066,O-linked,unicarbkb
Q14332,166,O-linked,unicarbkb
O75084,42,O-linked,unicarbkb
O94923,44,O-linked,unicarbkb
P51654,359,O-linked,unicarbkb
Q9ULI3,147,O-linked,unicarbkb
Q9ULI3,694,O-linked,unicarbkb
Q9ULI3,695,O-linked,unicarbkb
Q9ULI3,146,O-linked,unicarbkb
Q9ULI3,534,O-linked,unicarbkb
Q9ULI3,690,O-linked,unicarbkb
Q9ULI3,150,O-linked,unicarbkb
Q9ULI3,689,O-linked,unicarbkb
Q9Y5L2,44,O-linked,unicarbkb
Q9Y5L2,62,O-linked,unicarbkb
Q9H910,159,O-linked,unicarbkb
Q6UX15,195,O-linked,unicarbkb
P98164,1273,O-linked,unicarbkb
Q5JRA6,161,O-linked,unicarbkb
Q9UMX5,96,O-linked,unicarbkb
Q9UMX5,92,O-linked,unicarbkb
Q9UMX5,48,O-linked,unicarbkb
P14543,350,O-linked,unicarbkb
Q14112,358,O-linked,unicarbkb
P23582,34,O-linked,unicarbkb
P56975,280,O-linked,unicarbkb
P56975,278,O-linked,unicarbkb
P56975,281,O-linked,unicarbkb
P56975,277,O-linked,unicarbkb
P56975,276,O-linked,unicarbkb
P42857,145,O-linked,unicarbkb
P04156,95,O-linked,unicarbkb
Q6NW40,135,O-linked,unicarbkb
Q8WXD2,144,O-linked,unicarbkb
P34741,80,O-linked,unicarbkb
P34741,107,O-linked,unicarbkb
P34741,89,O-linked,unicarbkb
P34741,90,O-linked,unicarbkb
P34741,81,O-linked,unicarbkb
Q9BRK5,349,O-linked,unicarbkb
Q9BRK5,108,O-linked,unicarbkb
Q53EL9,60,O-linked,unicarbkb
Q53EL9,59,O-linked,unicarbkb
P37840,54,O-linked,unicarbkb
O76061,232,O-linked,unicarbkb
Q6EMK4,516,O-linked,unicarbkb
P13611,2458,O-linked,unicarbkb
P13611,1772,O-linked,unicarbkb
P13611,518,O-linked,unicarbkb
P13611,1743,O-linked,unicarbkb
P13611,888,O-linked,unicarbkb
P13611,2200,O-linked,unicarbkb
P13611,2785,O-linked,unicarbkb
P13611,1763,O-linked,unicarbkb
P13611,1093,O-linked,unicarbkb
P13611,643,O-linked,unicarbkb
P13611,1101,O-linked,unicarbkb
P13611,1212,O-linked,unicarbkb
P13611,1716,O-linked,unicarbkb
P13611,1935,O-linked,unicarbkb
P13611,1221,O-linked,unicarbkb
P13611,976,O-linked,unicarbkb
P13611,1744,O-linked,unicarbkb
P13611,510,O-linked,unicarbkb
P13611,1769,O-linked,unicarbkb
P13611,1110,O-linked,unicarbkb
P13611,1103,O-linked,unicarbkb
P13611,799,O-linked,unicarbkb
P13611,522,O-linked,unicarbkb
P13611,1765,O-linked,unicarbkb
P13611,2509,O-linked,unicarbkb
P13611,2455,O-linked,unicarbkb
P13611,1116,O-linked,unicarbkb
P13611,1123,O-linked,unicarbkb
P13611,1419,O-linked,unicarbkb
P13611,2085,O-linked,unicarbkb
P13611,641,O-linked,unicarbkb
P13611,1780,O-linked,unicarbkb
P13611,1778,O-linked,unicarbkb
P13611,1131,O-linked,unicarbkb
P13611,1133,O-linked,unicarbkb
P13611,2063,O-linked,unicarbkb
P13611,1191,O-linked,unicarbkb
P13611,2448,O-linked,unicarbkb
P13611,889,O-linked,unicarbkb
P13611,1945,O-linked,unicarbkb
P13611,2417,O-linked,unicarbkb
P13611,1121,O-linked,unicarbkb
P13611,3024,O-linked,unicarbkb
P13611,2781,O-linked,unicarbkb
P13611,687,O-linked,unicarbkb
P13611,2516,O-linked,unicarbkb
P13611,1777,O-linked,unicarbkb
P13611,1092,O-linked,unicarbkb
P13611,1909,O-linked,unicarbkb
P13611,1731,O-linked,unicarbkb
P13611,2058,O-linked,unicarbkb
P13611,2950,O-linked,unicarbkb
P13611,2656,O-linked,unicarbkb
P13611,2091,O-linked,unicarbkb
P13611,1219,O-linked,unicarbkb
P13611,801,O-linked,unicarbkb
P13611,2416,O-linked,unicarbkb
P13611,2159,O-linked,unicarbkb
P13611,2059,O-linked,unicarbkb
P13611,2473,O-linked,unicarbkb
P13611,981,O-linked,unicarbkb
P13611,1719,O-linked,unicarbkb
P13611,2422,O-linked,unicarbkb
P13611,1925,O-linked,unicarbkb
P13611,792,O-linked,unicarbkb
P13611,887,O-linked,unicarbkb
P13611,1220,O-linked,unicarbkb
P13611,516,O-linked,unicarbkb
P13611,1775,O-linked,unicarbkb
P13611,2530,O-linked,unicarbkb
P13611,2203,O-linked,unicarbkb
P13611,2160,O-linked,unicarbkb
Q8NAT1,43,O-linked,unicarbkb
P01258,109,O-linked,unicarbkb
P01258,105,O-linked,unicarbkb
P10092,115,O-linked,unicarbkb
P10092,111,O-linked,unicarbkb
P10092,35,O-linked,unicarbkb
P10092,40,O-linked,unicarbkb
P10092,34,O-linked,unicarbkb
P10092,106,O-linked,unicarbkb
Q9H2A9,76,O-linked,unicarbkb
Q9H2A9,80,O-linked,unicarbkb
Q9H2A9,81,O-linked,unicarbkb
Q7L1S5,52,O-linked,unicarbkb
Q70JA7,100,O-linked,unicarbkb
Q70JA7,101,O-linked,unicarbkb
Q07065,512,O-linked,unicarbkb
O95196,328,O-linked,unicarbkb
O95196,162,O-linked,unicarbkb
Q96A83,358,O-linked,unicarbkb
P55085,46,O-linked,unicarbkb
Q4ZHG4,762,O-linked,unicarbkb
Q4ZHG4,846,O-linked,unicarbkb
Q4ZHG4,759,O-linked,unicarbkb
Q4ZHG4,738,O-linked,unicarbkb
Q4ZHG4,761,O-linked,unicarbkb
Q4ZHG4,717,O-linked,unicarbkb
Q4ZHG4,737,O-linked,unicarbkb
Q4ZHG4,852,O-linked,unicarbkb
Q4ZHG4,732,O-linked,unicarbkb
Q4ZHG4,855,O-linked,unicarbkb
Q4ZHG4,713,O-linked,unicarbkb
Q4ZHG4,847,O-linked,unicarbkb
Q4ZHG4,851,O-linked,unicarbkb
Q4ZHG4,741,O-linked,unicarbkb
Q6MZW2,57,O-linked,unicarbkb
Q6MZW2,56,O-linked,unicarbkb
Q495W5,59,O-linked,unicarbkb
Q495W5,64,O-linked,unicarbkb
P56159,432,O-linked,unicarbkb
P56159,433,O-linked,unicarbkb
Q8NBJ4,231,O-linked,unicarbkb
Q8NBJ4,111,O-linked,unicarbkb
Q8IZP9,277,O-linked,unicarbkb
Q8IZP9,268,O-linked,unicarbkb
Q8IZP9,271,O-linked,unicarbkb
Q99075,77,O-linked,unicarbkb
P13473,213,O-linked,unicarbkb
P49257,276,O-linked,unicarbkb
Q86VZ4,197,O-linked,unicarbkb
Q14766,304,O-linked,unicarbkb
Q14766,533,O-linked,unicarbkb
Q14766,438,O-linked,unicarbkb
Q14766,537,O-linked,unicarbkb
Q14766,536,O-linked,unicarbkb
Q14766,810,O-linked,unicarbkb
Q14766,326,O-linked,unicarbkb
Q14767,731,O-linked,unicarbkb
Q9NS15,978,O-linked,unicarbkb
Q8N2S1,468,O-linked,unicarbkb
Q5SRI9,73,O-linked,unicarbkb
Q9H1U4,64,O-linked,unicarbkb
P26572,88,O-linked,unicarbkb
Q8N2Q7,665,O-linked,unicarbkb
Q8N2Q7,664,O-linked,unicarbkb
Q8N2Q7,660,O-linked,unicarbkb
O95428,1225,O-linked,unicarbkb
O95428,904,O-linked,unicarbkb
O95428,1221,O-linked,unicarbkb
P29120,643,O-linked,unicarbkb
P29120,640,O-linked,unicarbkb
O43660,97,O-linked,unicarbkb
C9JH25,206,O-linked,unicarbkb
C9JH25,143,O-linked,unicarbkb
C9JH25,139,O-linked,unicarbkb
P26599,25,O-linked,unicarbkb
P23470,649,O-linked,unicarbkb
P23470,656,O-linked,unicarbkb
P23470,633,O-linked,unicarbkb
P23470,653,O-linked,unicarbkb
Q3MIT2,171,O-linked,unicarbkb
Q3MIT2,173,O-linked,unicarbkb
O00391,276,O-linked,unicarbkb
O00391,277,O-linked,unicarbkb
O00391,281,O-linked,unicarbkb
O00391,282,O-linked,unicarbkb
O00391,576,O-linked,unicarbkb
O00391,577,O-linked,unicarbkb
Q9UBV2,41,O-linked,unicarbkb
O75094,1295,O-linked,unicarbkb
Q9H4F8,301,O-linked,unicarbkb
Q9H4F8,300,O-linked,unicarbkb
Q9H4F8,37,O-linked,unicarbkb
Q9H4F8,172,O-linked,unicarbkb
Q9H4F8,168,O-linked,unicarbkb
Q9H4F8,351,O-linked,unicarbkb
O95793,362,O-linked,unicarbkb
Q96A49,82,O-linked,unicarbkb
Q96A49,73,O-linked,unicarbkb
Q96A49,79,O-linked,unicarbkb
P35442,259,O-linked,unicarbkb
P35442,251,O-linked,unicarbkb
P35442,252,O-linked,unicarbkb
Q6ZMP0,588,O-linked,unicarbkb
Q6ZXV5,844,O-linked,unicarbkb
O14657,41,O-linked,unicarbkb
O14657,38,O-linked,unicarbkb
O60507,199,O-linked,unicarbkb
P18887,296,O-linked,unicarbkb
O14672,130,O-linked,unicarbkb
Q99674,181,O-linked,unicarbkb
Q99674,175,O-linked,unicarbkb
Q99674,170,O-linked,unicarbkb
Q99674,61,O-linked,unicarbkb
Q6WN34,343,O-linked,unicarbkb
Q6WN34,345,O-linked,unicarbkb
Q6WN34,100,O-linked,unicarbkb
Q6WN34,347,O-linked,unicarbkb
Q6WN34,342,O-linked,unicarbkb
O43529,66,O-linked,unicarbkb
Q9H467,255,O-linked,unicarbkb
Q9H467,254,O-linked,unicarbkb
O75354,89,O-linked,unicarbkb
Q8IXL6,47,O-linked,unicarbkb
Q8TAT2,158,O-linked,unicarbkb
Q10471,70,O-linked,unicarbkb
Q10471,67,O-linked,unicarbkb
Q8NCL4,38,O-linked,unicarbkb
O00461,194,O-linked,unicarbkb
O00461,270,O-linked,unicarbkb
Q96MM7,528,O-linked,unicarbkb
P24593,131,O-linked,unicarbkb
Q16270,206,O-linked,unicarbkb
Q16270,220,O-linked,unicarbkb
Q16270,230,O-linked,unicarbkb
Q6WRI0,1630,O-linked,unicarbkb
O00151,94,O-linked,unicarbkb
Q9GZP4,204,O-linked,unicarbkb
Q9GZP4,207,O-linked,unicarbkb
Q6UX71,86,O-linked,unicarbkb
Q9NZ53,212,O-linked,unicarbkb
Q9NZ53,210,O-linked,unicarbkb
Q9NZ53,211,O-linked,unicarbkb
Q9NZ53,218,O-linked,unicarbkb
Q9NZ53,214,O-linked,unicarbkb
Q9NZ53,209,O-linked,unicarbkb
P23471,690,O-linked,unicarbkb
P23471,724,O-linked,unicarbkb
P23471,482,O-linked,unicarbkb
P23471,604,O-linked,unicarbkb
P23471,689,O-linked,unicarbkb
P23471,1338,O-linked,unicarbkb
P23471,479,O-linked,unicarbkb
P23471,686,O-linked,unicarbkb
P23471,600,O-linked,unicarbkb
P23471,1339,O-linked,unicarbkb
P23471,1396,O-linked,unicarbkb
P23471,1340,O-linked,unicarbkb
P23471,721,O-linked,unicarbkb
P23471,484,O-linked,unicarbkb
O95487,149,O-linked,unicarbkb
Q8NFY4,613,O-linked,unicarbkb
O00267,917,O-linked,unicarbkb
Q9UHI8,197,O-linked,unicarbkb
Q9UHI8,208,O-linked,unicarbkb
O95450,64,O-linked,unicarbkb
O15072,1088,O-linked,unicarbkb
O15072,1094,O-linked,unicarbkb
O15072,1087,O-linked,unicarbkb
O15072,1146,O-linked,unicarbkb
O15072,1149,O-linked,unicarbkb
O15072,1150,O-linked,unicarbkb
O15072,1153,O-linked,unicarbkb
O15072,1096,O-linked,unicarbkb
Q9UNA0,214,O-linked,unicarbkb
Q9UNA0,208,O-linked,unicarbkb
Q9UKP4,1214,O-linked,unicarbkb
Q9UKP4,1135,O-linked,unicarbkb
Q9UKP4,1129,O-linked,unicarbkb
O60512,49,O-linked,unicarbkb
Q8NBI6,77,O-linked,unicarbkb
Q9NU53,199,O-linked,unicarbkb
Q9NU53,205,O-linked,unicarbkb
Q9NU53,197,O-linked,unicarbkb
Q99715,1120,O-linked,unicarbkb
Q99715,1748,O-linked,unicarbkb
Q99715,1749,O-linked,unicarbkb
Q99715,1124,O-linked,unicarbkb
Q05707,643,O-linked,unicarbkb
Q14993,272,O-linked,unicarbkb
Q14993,273,O-linked,unicarbkb
Q8TEY5,354,O-linked,unicarbkb
Q9BXX0,161,O-linked,unicarbkb
Q9BXX0,159,O-linked,unicarbkb
Q9BXX0,144,O-linked,unicarbkb
Q4G0M1,69,O-linked,unicarbkb
Q6UXT8,85,O-linked,unicarbkb
Q9UFP1,123,O-linked,unicarbkb
Q9UFP1,125,O-linked,unicarbkb
Q8N428,55,O-linked,unicarbkb
Q8N428,63,O-linked,unicarbkb
Q8N428,61,O-linked,unicarbkb
Q8WX77,268,O-linked,unicarbkb
Q68BL8,343,O-linked,unicarbkb
Q68BL8,357,O-linked,unicarbkb
Q68BL8,361,O-linked,unicarbkb
Q68BL8,358,O-linked,unicarbkb
Q68BL8,346,O-linked,unicarbkb
Q86UN3,316,O-linked,unicarbkb
Q8TD20,433,O-linked,unicarbkb
Q8TD20,434,O-linked,unicarbkb
Q8TD20,432,O-linked,unicarbkb
Q8TD20,445,O-linked,unicarbkb
Q13433,228,O-linked,unicarbkb
Q6P9G4,53,O-linked,unicarbkb
Q6P9G4,57,O-linked,unicarbkb
P28908,209,O-linked,unicarbkb
P28908,206,O-linked,unicarbkb
Q8NBR0,187,O-linked,unicarbkb
Q8NBR0,190,O-linked,unicarbkb
Q8NBR0,191,O-linked,unicarbkb
Q6ZVL6,650,O-linked,unicarbkb
Q6ZVL6,656,O-linked,unicarbkb
Q6ZVL6,651,O-linked,unicarbkb
Q8WUH6,46,O-linked,unicarbkb
Q9H741,185,O-linked,unicarbkb
Q86TY3,138,O-linked,unicarbkb
Q86TY3,91,O-linked,unicarbkb
Q86TY3,389,O-linked,unicarbkb
Q86TY3,96,O-linked,unicarbkb
Q8NBI3,84,O-linked,unicarbkb
Q9Y662,84,O-linked,unicarbkb
Q9Y662,79,O-linked,unicarbkb
Q9HBR0,905,O-linked,unicarbkb
Q9HBR0,921,O-linked,unicarbkb
Q8IZA0,177,O-linked,unicarbkb
A1L4H1,696,O-linked,unicarbkb
A1L4H1,701,O-linked,unicarbkb
A1L4H1,697,O-linked,unicarbkb
A1L4H1,693,O-linked,unicarbkb
A1L4H1,694,O-linked,unicarbkb
A1L4H1,699,O-linked,unicarbkb
O00468,1313,O-linked,unicarbkb
O00468,1306,O-linked,unicarbkb
O00468,1302,O-linked,unicarbkb
O00468,1307,O-linked,unicarbkb
O00468,1301,O-linked,unicarbkb
O00468,1312,O-linked,unicarbkb
O00592,163,O-linked,unicarbkb
O00592,309,O-linked,unicarbkb
O00592,322,O-linked,unicarbkb
O00592,125,O-linked,unicarbkb
O00592,173,O-linked,unicarbkb
O00592,324,O-linked,unicarbkb
O00592,162,O-linked,unicarbkb
O00592,126,O-linked,unicarbkb
O00592,316,O-linked,unicarbkb
O00592,323,O-linked,unicarbkb
O00592,315,O-linked,unicarbkb
O00592,307,O-linked,unicarbkb
O00592,317,O-linked,unicarbkb
O14786,827,O-linked,unicarbkb
O14786,829,O-linked,unicarbkb
O14786,844,O-linked,unicarbkb
O43405,140,O-linked,unicarbkb
O43405,139,O-linked,unicarbkb
O43493,318,O-linked,unicarbkb
O43493,56,O-linked,unicarbkb
O60507,53,O-linked,unicarbkb
O75056,250,O-linked,unicarbkb
O75056,253,O-linked,unicarbkb
O75056,251,O-linked,unicarbkb
P02452,1234,O-linked,unicarbkb
P02452,478,O-linked,unicarbkb
P02461,1145,O-linked,unicarbkb
P02751,2345,O-linked,unicarbkb
P16070,174,O-linked,unicarbkb
P20800,116,O-linked,unicarbkb
P28300,113,O-linked,unicarbkb
P28300,120,O-linked,unicarbkb
P98095,361,O-linked,unicarbkb
Q07954,3735,O-linked,unicarbkb
Q14118,444,O-linked,unicarbkb
Q14118,483,O-linked,unicarbkb
Q14118,441,O-linked,unicarbkb
Q14118,430,O-linked,unicarbkb
Q14118,443,O-linked,unicarbkb
Q14118,482,O-linked,unicarbkb
Q14118,450,O-linked,unicarbkb
Q14118,445,O-linked,unicarbkb
Q14118,442,O-linked,unicarbkb
Q14118,439,O-linked,unicarbkb
Q14118,438,O-linked,unicarbkb
Q14118,485,O-linked,unicarbkb
Q14118,446,O-linked,unicarbkb
Q14118,484,O-linked,unicarbkb
Q6EMK4,319,O-linked,unicarbkb
Q86VF2,593,O-linked,unicarbkb
Q8IW52,307,O-linked,unicarbkb
Q8IW52,306,O-linked,unicarbkb
Q8IW52,301,O-linked,unicarbkb
Q8N2S1,346,O-linked,unicarbkb
Q8TCZ2,107,O-linked,unicarbkb
Q8TCZ2,108,O-linked,unicarbkb
Q8TCZ2,102,O-linked,unicarbkb
Q8TCZ2,101,O-linked,unicarbkb
Q8TCZ2,99,O-linked,unicarbkb
Q8TCZ2,100,O-linked,unicarbkb
Q8WXI7,6950,O-linked,unicarbkb
Q8WXI7,912,O-linked,unicarbkb
Q8WXI7,8723,O-linked,unicarbkb
Q8WXI7,3396,O-linked,unicarbkb
Q8WXI7,8248,O-linked,unicarbkb
Q8WXI7,709,O-linked,unicarbkb
Q8WXI7,6688,O-linked,unicarbkb
Q8WXI7,3397,O-linked,unicarbkb
Q8WXI7,3814,O-linked,unicarbkb
Q8WXI7,8645,O-linked,unicarbkb
Q8WXI7,3835,O-linked,unicarbkb
Q8WXI7,8721,O-linked,unicarbkb
Q8WXI7,3815,O-linked,unicarbkb
Q8WXI7,10681,O-linked,unicarbkb
Q8WXI7,9009,O-linked,unicarbkb
Q8WXI7,3822,O-linked,unicarbkb
Q8WXI7,7830,O-linked,unicarbkb
Q8WXI7,10693,O-linked,unicarbkb
Q8WXI7,5905,O-linked,unicarbkb
Q8WXI7,10692,O-linked,unicarbkb
Q8WXI7,4257,O-linked,unicarbkb
Q8WXI7,6948,O-linked,unicarbkb
Q8WXI7,908,O-linked,unicarbkb
Q8WXI7,9010,O-linked,unicarbkb
Q8WXI7,3821,O-linked,unicarbkb
Q8WXI7,8644,O-linked,unicarbkb
Q8WXI7,7541,O-linked,unicarbkb
Q8WXI7,718,O-linked,unicarbkb
Q8WXI7,8716,O-linked,unicarbkb
Q8WXI7,5907,O-linked,unicarbkb
Q8WXI7,3820,O-linked,unicarbkb
Q8WXI7,3402,O-linked,unicarbkb
Q8WXI7,6691,O-linked,unicarbkb
Q8WXI7,708,O-linked,unicarbkb
Q8WXI7,913,O-linked,unicarbkb
Q8WXI7,8239,O-linked,unicarbkb
Q8WXI7,10003,O-linked,unicarbkb
Q8WXI7,8543,O-linked,unicarbkb
Q99674,69,O-linked,unicarbkb
Q9NPR9,177,O-linked,unicarbkb
Q9NYQ6,2306,O-linked,unicarbkb
Q9NYQ6,2307,O-linked,unicarbkb
Q9NYQ6,2311,O-linked,unicarbkb
Q9NYQ6,2310,O-linked,unicarbkb
Q9UBG0,370,O-linked,unicarbkb
Q9ULI3,941,O-linked,unicarbkb
P02671,283,O-linked,unicarbkb
P02671,616,O-linked,unicarbkb
P02671,586,O-linked,unicarbkb
P02671,252,O-linked,unicarbkb
P02671,107,O-linked,unicarbkb
P02751,1999,O-linked,unicarbkb
O00468,1277,O-linked,unicarbkb
O00468,1275,O-linked,unicarbkb
O00468,1274,O-linked,unicarbkb
P04114,3220,O-linked,unicarbkb
Q10589,131,O-linked,unicarbkb
P80370,260,O-linked,unicarbkb
Q6H9L7,200,O-linked,unicarbkb
Q6H9L7,203,O-linked,unicarbkb
Q6H9L7,202,O-linked,unicarbkb
Q6H9L7,211,O-linked,unicarbkb
P01130,741,O-linked,unicarbkb
P01130,750,O-linked,unicarbkb
P01130,743,O-linked,unicarbkb
P01130,738,O-linked,unicarbkb
P01130,742,O-linked,unicarbkb
Q96DN2,885,O-linked,unicarbkb
Q96DN2,879,O-linked,unicarbkb
P02647,221,O-linked,unicarbkb
P02647,228,O-linked,unicarbkb
Q6Q788,80,O-linked,unicarbkb
P05362,62,O-linked,unicarbkb
P19823,601,O-linked,unicarbkb
Q6ZRS2,2416,O-linked,unicarbkb
Q6UX72,329,O-linked,unicarbkb
P78423,318,O-linked,unicarbkb
Q8IXL6,148,O-linked,unicarbkb
A6NH11,64,O-linked,unicarbkb
Q3T906,794,O-linked,unicarbkb
Q3T906,789,O-linked,unicarbkb
Q9UNF1,52,O-linked,unicarbkb
Q92932,398,O-linked,unicarbkb
P37173,39,O-linked,unicarbkb
O43493,245,O-linked,unicarbkb
Q8NBI6,67,O-linked,unicarbkb
Q9Y6C2,622,O-linked,unicarbkb
Q6ZMH5,135,O-linked,unicarbkb
P15907,68,O-linked,unicarbkb
A1A5C7,143,O-linked,unicarbkb
P33316,124,O-linked,unicarbkb
P33316,127,O-linked,unicarbkb
P10253,52,O-linked,unicarbkb
P22466,35,O-linked,unicarbkb
P21741,119,O-linked,unicarbkb
Q9Y2G1,954,O-linked,unicarbkb
P08949,60,O-linked,unicarbkb
P08949,65,O-linked,unicarbkb
O00468,1750,O-linked,unicarbkb
O00468,1899,O-linked,unicarbkb
P15514,169,O-linked,unicarbkb
Q9Y624,175,O-linked,unicarbkb
Q14517,1188,O-linked,unicarbkb
Q9BQS7,1079,O-linked,unicarbkb
P14543,333,O-linked,unicarbkb
Q6UXI9,264,O-linked,unicarbkb
O60462,672,O-linked,unicarbkb
P07237,442,O-linked,unicarbkb
Q6UWP8,59,O-linked,unicarbkb
Q06481,658,O-linked,unicarbkb
P16422,171,O-linked,unicarbkb
P16422,172,O-linked,unicarbkb
Q12849,114,O-linked,unicarbkb
Q12849,105,O-linked,unicarbkb
Q12849,100,O-linked,unicarbkb
P98160,2150,O-linked,unicarbkb
P98160,3412,O-linked,unicarbkb
Q13753,762,O-linked,unicarbkb
Q13753,831,O-linked,unicarbkb
Q6UXK5,571,O-linked,unicarbkb
Q8WXI7,6577,O-linked,unicarbkb
Q8WXI7,5560,O-linked,unicarbkb
Q8WXI7,1515,O-linked,unicarbkb
Q8WXI7,1512,O-linked,unicarbkb
Q8WXI7,3807,O-linked,unicarbkb
Q8WXI7,3796,O-linked,unicarbkb
Q8WXI7,1516,O-linked,unicarbkb
Q685J3,56,O-linked,unicarbkb
Q8N307,69,O-linked,unicarbkb
Q8N307,652,O-linked,unicarbkb
Q8N307,80,O-linked,unicarbkb
Q8N307,553,O-linked,unicarbkb
Q8N307,70,O-linked,unicarbkb
Q8N307,648,O-linked,unicarbkb
Q8N307,558,O-linked,unicarbkb
Q8N307,547,O-linked,unicarbkb
O00391,549,O-linked,unicarbkb
O60687,222,O-linked,unicarbkb
Q15582,28,O-linked,unicarbkb
Q9H013,194,O-linked,unicarbkb
Q9H013,191,O-linked,unicarbkb
Q9H013,183,O-linked,unicarbkb
Q9NRB3,88,O-linked,unicarbkb
Q14512,73,O-linked,unicarbkb
Q14512,189,O-linked,unicarbkb
Q14512,192,O-linked,unicarbkb
Q14512,187,O-linked,unicarbkb
Q7Z7M9,381,O-linked,unicarbkb
Q7Z7M9,386,O-linked,unicarbkb
Q7Z7M9,379,O-linked,unicarbkb
P17936,151,O-linked,unicarbkb
P24592,176,O-linked,unicarbkb
Q9H9K5,431,O-linked,unicarbkb
Q7Z3D4,252,O-linked,unicarbkb
Q7Z3D4,261,O-linked,unicarbkb
Q14703,177,O-linked,unicarbkb
Q14703,168,O-linked,unicarbkb
Q14703,166,O-linked,unicarbkb
Q8NEF3,409,O-linked,unicarbkb
Q9UMD9,1284,O-linked,unicarbkb
Q9Y5T4,106,O-linked,unicarbkb
Q9NPA0,113,O-linked,unicarbkb
P15514,41,O-linked,unicarbkb
O43405,145,O-linked,unicarbkb
P13727,23,O-linked,unicarbkb
P13727,24,O-linked,unicarbkb
Q9BRK5,343,O-linked,unicarbkb
P10646,116,O-linked,unicarbkb
P10646,115,O-linked,unicarbkb
P04083,37,O-linked,unicarbkb
Q9BS26,369,O-linked,unicarbkb
P13224,83,O-linked,unicarbkb
P11021,69,O-linked,unicarbkb
P49257,385,O-linked,unicarbkb
P30101,485,O-linked,unicarbkb
P49593,448,O-linked,unicarbkb
Q92692,95,O-linked,unicarbkb
O14672,36,O-linked,unicarbkb
O94905,334,O-linked,unicarbkb
Q7Z3D4,279,O-linked,unicarbkb
Q15904,184,O-linked,unicarbkb
Q5VU43,852,O-linked,unicarbkb
Q9NSC7,595,O-linked,unicarbkb
O00238,109,O-linked,unicarbkb
O00391,493,O-linked,unicarbkb
O15240,253,O-linked,unicarbkb
O15240,180,O-linked,unicarbkb
O15240,193,O-linked,unicarbkb
O15240,191,O-linked,unicarbkb
O15240,189,O-linked,unicarbkb
O15240,252,O-linked,unicarbkb
O15240,187,O-linked,unicarbkb
O15240,256,O-linked,unicarbkb
O95274,289,O-linked,unicarbkb
O95274,297,O-linked,unicarbkb
P01011,347,O-linked,unicarbkb
P02751,283,O-linked,unicarbkb
P07996,293,O-linked,unicarbkb
P07996,292,O-linked,unicarbkb
P07996,289,O-linked,unicarbkb
P12830,217,O-linked,unicarbkb
P16070,541,O-linked,unicarbkb
P80303,322,O-linked,unicarbkb
P80303,314,O-linked,unicarbkb
Q02818,313,O-linked,unicarbkb
Q02818,320,O-linked,unicarbkb
Q13214,611,O-linked,unicarbkb
Q14766,1333,O-linked,unicarbkb
Q14766,501,O-linked,unicarbkb
Q14766,470,O-linked,unicarbkb
Q15517,325,O-linked,unicarbkb
Q15517,49,O-linked,unicarbkb
Q15517,37,O-linked,unicarbkb
Q641Q3,215,O-linked,unicarbkb
Q6E0U4,109,O-linked,unicarbkb
Q6ZMP0,286,O-linked,unicarbkb
Q6ZMP0,287,O-linked,unicarbkb
Q6ZMP0,598,O-linked,unicarbkb
Q8TER0,1247,O-linked,unicarbkb
Q8WUA8,152,O-linked,unicarbkb
Q8WUA8,153,O-linked,unicarbkb
Q92854,666,O-linked,unicarbkb
Q9BYJ0,162,O-linked,unicarbkb
Q9GZM5,333,O-linked,unicarbkb
Q9GZM5,334,O-linked,unicarbkb
Q9NR99,1583,O-linked,unicarbkb
Q9NS15,561,O-linked,unicarbkb
P05067,107,O-linked,unicarbkb
P02751,1565,O-linked,unicarbkb
P28300,413,O-linked,unicarbkb
P04233,197,O-linked,unicarbkb
P55283,84,O-linked,unicarbkb
P09603,266,O-linked,unicarbkb
P09603,477,O-linked,unicarbkb
Q9P2X0,63,O-linked,unicarbkb
Q16610,391,O-linked,unicarbkb
Q9ULI3,77,O-linked,unicarbkb
Q9ULI3,91,O-linked,unicarbkb
Q9ULI3,96,O-linked,unicarbkb
Q6UXB8,336,O-linked,unicarbkb
Q6UXB8,330,O-linked,unicarbkb
P00750,487,O-linked,unicarbkb
P00749,158,O-linked,unicarbkb
O75056,349,O-linked,unicarbkb
P78539,240,O-linked,unicarbkb
P78539,328,O-linked,unicarbkb
P52823,237,O-linked,unicarbkb
Q6EMK4,487,O-linked,unicarbkb
Q13443,758,O-linked,unicarbkb
Q13443,761,O-linked,unicarbkb
Q13443,777,O-linked,unicarbkb
O43854,336,O-linked,unicarbkb
Q9UHF1,190,O-linked,unicarbkb
P05556,394,O-linked,unicarbkb
P18084,199,O-linked,unicarbkb
Q13751,712,O-linked,unicarbkb
Q14766,357,O-linked,unicarbkb
Q14767,1397,O-linked,unicarbkb
P50281,77,O-linked,unicarbkb
P13591,125,O-linked,unicarbkb
Q9C002,38,O-linked,unicarbkb
Q9C002,57,O-linked,unicarbkb
Q9C002,53,O-linked,unicarbkb
P21453,4,O-linked,unicarbkb
P21453,5,O-linked,unicarbkb
P08123,1138,O-linked,unicarbkb
Q7Z7M9,274,O-linked,unicarbkb
Q7Z7M9,275,O-linked,unicarbkb
P22692,173,O-linked,unicarbkb
Q16270,236,O-linked,unicarbkb
Q96J84,740,O-linked,unicarbkb
Q96J84,739,O-linked,unicarbkb
Q9NR12,241,O-linked,unicarbkb
Q9NR12,239,O-linked,unicarbkb
Q9NR12,240,O-linked,unicarbkb
O95084,73,O-linked,unicarbkb
Q96PQ0,65,O-linked,unicarbkb
Q8NCW5,34,O-linked,unicarbkb
P39060,1527,O-linked,unicarbkb
Q99969,157,O-linked,unicarbkb
Q8N6G6,1143,O-linked,unicarbkb
Q8N6G6,1123,O-linked,unicarbkb
Q8N6G6,1144,O-linked,unicarbkb
Q8N6G6,1131,O-linked,unicarbkb
Q8N6G6,1142,O-linked,unicarbkb
Q8N6G6,1139,O-linked,unicarbkb
Q8N6G6,1127,O-linked,unicarbkb
Q8WUH6,39,O-linked,unicarbkb
Q86X29,185,O-linked,unicarbkb
P48645,109,O-linked,unicarbkb
P16070,480,O-linked,unicarbkb
O75339,105,O-linked,unicarbkb
O75339,97,O-linked,unicarbkb
O75339,96,O-linked,unicarbkb
O75339,1145,O-linked,unicarbkb
Q14118,475,O-linked,unicarbkb
Q14118,478,O-linked,unicarbkb
Q14118,473,O-linked,unicarbkb
Q9NYQ8,4036,O-linked,unicarbkb
Q9ULI3,803,O-linked,unicarbkb
Q9UMX5,76,O-linked,unicarbkb
Q14112,459,O-linked,unicarbkb
Q14112,452,O-linked,unicarbkb
O14511,334,O-linked,unicarbkb
O14511,333,O-linked,unicarbkb
O95631,460,O-linked,unicarbkb
O95631,461,O-linked,unicarbkb
Q9Y6L7,327,O-linked,unicarbkb
Q8WUA8,248,O-linked,unicarbkb
Q6EMK4,567,O-linked,unicarbkb
P13611,751,O-linked,unicarbkb
P13611,754,O-linked,unicarbkb
Q6P4E1,366,O-linked,unicarbkb
Q86X52,770,O-linked,unicarbkb
Q86X52,769,O-linked,unicarbkb
Q96A83,339,O-linked,unicarbkb
Q96A83,343,O-linked,unicarbkb
Q9UJJ9,276,O-linked,unicarbkb
Q9UJJ9,277,O-linked,unicarbkb
P10321,224,O-linked,unicarbkb
Q9HAR2,423,O-linked,unicarbkb
Q14766,539,O-linked,unicarbkb
P51511,320,O-linked,unicarbkb
P51511,305,O-linked,unicarbkb
P51511,313,O-linked,unicarbkb
P51511,318,O-linked,unicarbkb
Q8WXI7,9716,O-linked,unicarbkb
Q8WXI7,9553,O-linked,unicarbkb
Q8WXI7,477,O-linked,unicarbkb
Q8WXI7,8413,O-linked,unicarbkb
Q8WXI7,11838,O-linked,unicarbkb
Q8WXI7,5778,O-linked,unicarbkb
Q8WXI7,3147,O-linked,unicarbkb
Q8WXI7,7616,O-linked,unicarbkb
Q8WXI7,4060,O-linked,unicarbkb
Q8WXI7,509,O-linked,unicarbkb
Q8WXI7,7610,O-linked,unicarbkb
Q8WXI7,7242,O-linked,unicarbkb
Q8WXI7,8118,O-linked,unicarbkb
Q8WXI7,918,O-linked,unicarbkb
Q8WXI7,10426,O-linked,unicarbkb
Q8WXI7,914,O-linked,unicarbkb
Q8WXI7,3211,O-linked,unicarbkb
Q8WXI7,6440,O-linked,unicarbkb
Q8WXI7,475,O-linked,unicarbkb
Q8WXI7,11840,O-linked,unicarbkb
Q8WXI7,480,O-linked,unicarbkb
Q8WXI7,6383,O-linked,unicarbkb
Q8WXI7,5776,O-linked,unicarbkb
Q8WXI7,9554,O-linked,unicarbkb
Q8WXI7,5093,O-linked,unicarbkb
Q8WXI7,5779,O-linked,unicarbkb
Q8WXI7,472,O-linked,unicarbkb
Q8WXI7,7245,O-linked,unicarbkb
Q8WXI7,6275,O-linked,unicarbkb
Q8WXI7,11965,O-linked,unicarbkb
Q8WXI7,1514,O-linked,unicarbkb
Q9BRQ5,213,O-linked,unicarbkb
Q9BRQ5,220,O-linked,unicarbkb
Q9BRQ5,214,O-linked,unicarbkb
P30101,456,O-linked,unicarbkb
P30101,452,O-linked,unicarbkb
P30101,102,O-linked,unicarbkb
P23470,715,O-linked,unicarbkb
Q9Y6N7,661,O-linked,unicarbkb
Q6ZMP0,140,O-linked,unicarbkb
Q9H1B5,64,O-linked,unicarbkb
P05997,1015,O-linked,unicarbkb
Q5VUD6,144,O-linked,unicarbkb
Q14435,130,O-linked,unicarbkb
Q14435,131,O-linked,unicarbkb
Q9UKM7,381,O-linked,unicarbkb
O43157,696,O-linked,unicarbkb
O43157,691,O-linked,unicarbkb
Q9NZ53,134,O-linked,unicarbkb
Q08629,131,O-linked,unicarbkb
P63313,28,O-linked,unicarbkb
Q9UKU9,229,O-linked,unicarbkb
O43286,59,O-linked,unicarbkb
Q6UWJ8,116,O-linked,unicarbkb
Q99715,1099,O-linked,unicarbkb
Q6IQ26,482,O-linked,unicarbkb
Q6IQ26,479,O-linked,unicarbkb
Q96JF0,69,O-linked,unicarbkb
Q96JF0,523,O-linked,unicarbkb
Q96JF0,102,O-linked,unicarbkb
Q8WXS8,1220,O-linked,unicarbkb
Q6ZVL6,759,O-linked,unicarbkb
Q6ZVL6,105,O-linked,unicarbkb
Q6ZVL6,753,O-linked,unicarbkb
Q08380,444,O-linked,unicarbkb
O00468,1316,O-linked,unicarbkb
O60462,595,O-linked,unicarbkb
O60507,46,O-linked,unicarbkb
O75096,1688,O-linked,unicarbkb
O75096,1689,O-linked,unicarbkb
P01130,734,O-linked,unicarbkb
P01130,732,O-linked,unicarbkb
P01130,733,O-linked,unicarbkb
P08174,343,O-linked,unicarbkb
P08174,344,O-linked,unicarbkb
P16070,528,O-linked,unicarbkb
P16070,478,O-linked,unicarbkb
P16070,514,O-linked,unicarbkb
P16070,415,O-linked,unicarbkb
P16070,529,O-linked,unicarbkb
P16070,515,O-linked,unicarbkb
P18827,129,O-linked,unicarbkb
P18827,128,O-linked,unicarbkb
P18827,143,O-linked,unicarbkb
P18827,144,O-linked,unicarbkb
P18827,139,O-linked,unicarbkb
P18827,140,O-linked,unicarbkb
P18827,150,O-linked,unicarbkb
P18827,141,O-linked,unicarbkb
P18827,134,O-linked,unicarbkb
P18827,151,O-linked,unicarbkb
P18827,133,O-linked,unicarbkb
P18827,138,O-linked,unicarbkb
P32926,602,O-linked,unicarbkb
P32926,601,O-linked,unicarbkb
P50281,300,O-linked,unicarbkb
P50281,301,O-linked,unicarbkb
P50281,299,O-linked,unicarbkb
P50281,304,O-linked,unicarbkb
P52823,205,O-linked,unicarbkb
Q14512,182,O-linked,unicarbkb
Q5JUQ0,26,O-linked,unicarbkb
Q5SRI9,86,O-linked,unicarbkb
Q5SRI9,78,O-linked,unicarbkb
Q5SRI9,82,O-linked,unicarbkb
Q6ZVL6,638,O-linked,unicarbkb
Q6ZVL6,644,O-linked,unicarbkb
Q7Z7M9,159,O-linked,unicarbkb
Q7Z7M9,164,O-linked,unicarbkb
Q7Z7M9,155,O-linked,unicarbkb
Q7Z7M9,149,O-linked,unicarbkb
Q7Z7M9,163,O-linked,unicarbkb
Q7Z7M9,205,O-linked,unicarbkb
Q7Z7M9,154,O-linked,unicarbkb
Q8WXI7,6385,O-linked,unicarbkb
Q8WXI7,6449,O-linked,unicarbkb
Q8WXI7,624,O-linked,unicarbkb
Q8WXI7,5249,O-linked,unicarbkb
Q8WXI7,9876,O-linked,unicarbkb
Q8WXI7,9811,O-linked,unicarbkb
Q8WXI7,1864,O-linked,unicarbkb
Q8WXI7,6360,O-linked,unicarbkb
Q8WXI7,9874,O-linked,unicarbkb
Q8WXI7,6363,O-linked,unicarbkb
Q8WXI7,5264,O-linked,unicarbkb
Q8WXI7,1867,O-linked,unicarbkb
Q8WXI7,10457,O-linked,unicarbkb
Q8WXI7,8817,O-linked,unicarbkb
Q8WXI7,10301,O-linked,unicarbkb
Q8WXI7,8120,O-linked,unicarbkb
Q8WXI7,1870,O-linked,unicarbkb
Q8WXI7,3416,O-linked,unicarbkb
Q8WXI7,628,O-linked,unicarbkb
Q8WXI7,620,O-linked,unicarbkb
Q8WXI7,10303,O-linked,unicarbkb
Q8WXI7,623,O-linked,unicarbkb
Q8WXI7,10456,O-linked,unicarbkb
Q8WXI7,5259,O-linked,unicarbkb
Q8WXI7,4132,O-linked,unicarbkb
Q9BRN9,46,O-linked,unicarbkb
Q9BS26,385,O-linked,unicarbkb
Q9BZA7,856,O-linked,unicarbkb
Q9UBV2,44,O-linked,unicarbkb
Q9Y4C4,696,O-linked,unicarbkb
P10909,210,O-linked,unicarbkb
P10253,46,O-linked,unicarbkb
Q9ULI3,81,O-linked,unicarbkb
Q9ULI3,345,O-linked,unicarbkb
P15941,990,O-linked,unicarbkb
P15941,1009,O-linked,unicarbkb
P15941,1001,O-linked,unicarbkb
P15941,1004,O-linked,unicarbkb
P15941,1010,O-linked,unicarbkb
P15941,999,O-linked,unicarbkb
P15941,993,O-linked,unicarbkb
P15941,1003,O-linked,unicarbkb
P15941,989,O-linked,unicarbkb
P18827,186,O-linked,unicarbkb
Q9Y5Y6,209,O-linked,unicarbkb
Q8NBJ4,233,O-linked,unicarbkb
Q5FWE3,324,O-linked,unicarbkb
Q5FWE3,336,O-linked,unicarbkb
Q9H1B5,61,O-linked,unicarbkb
Q9H1B5,67,O-linked,unicarbkb
Q8IXL6,87,O-linked,unicarbkb
Q68CQ7,365,O-linked,unicarbkb
O43493,136,O-linked,unicarbkb
O43493,122,O-linked,unicarbkb
Q9UFP1,192,O-linked,unicarbkb
Q9UFP1,188,O-linked,unicarbkb
Q9UFP1,197,O-linked,unicarbkb
O94991,366,O-linked,unicarbkb
Q14667,97,O-linked,unicarbkb
O00469,209,N-linked,unicarbkb
O00469,522,N-linked,unicarbkb
O00469,696,N-linked,unicarbkb
O00754,133,N-linked,unicarbkb
O00754,133,N-linked;o-linked,unicarbkb
O00754,651,N-linked,unicarbkb
O00754,766,N-linked;o-linked,unicarbkb
O15230,2209,N-linked,unicarbkb
O15230,2423,N-linked,unicarbkb
O75882,383,N-linked,unicarbkb
O75882,428,N-linked,unicarbkb
O95479,282,N-linked,unicarbkb
P01857,180,N-linked;o-linked,unicarbkb
P02458,1388,N-linked,unicarbkb
P06276,85,N-linked,unicarbkb
P06276,284,N-linked,unicarbkb
P06276,369,N-linked,unicarbkb
P06731,197,N-linked;o-linked,unicarbkb
P06731,197,N-linked,unicarbkb
P06731,204,N-linked,unicarbkb
P06731,204,N-linked;o-linked,unicarbkb
P06731,246,N-linked,unicarbkb
P06731,246,N-linked;o-linked,unicarbkb
P06731,375,N-linked,unicarbkb
P06731,375,N-linked;o-linked,unicarbkb
P06731,480,N-linked;o-linked,unicarbkb
P06731,553,N-linked,unicarbkb
P06731,553,N-linked;o-linked,unicarbkb
P06731,560,N-linked,unicarbkb
P06731,560,N-linked;o-linked,unicarbkb
P07339,263,N-linked;o-linked,unicarbkb
P07602,80,N-linked;o-linked,unicarbkb
P07602,215,N-linked;o-linked,unicarbkb
P08236,272,N-linked,unicarbkb
P08236,272,N-linked;o-linked,unicarbkb
P08962,130,N-linked,unicarbkb
P08962,130,N-linked;o-linked,unicarbkb
P10253,390,N-linked;o-linked,unicarbkb
P10253,882,N-linked;o-linked,unicarbkb
P10253,925,N-linked;o-linked,unicarbkb
P11047,1223,N-linked,unicarbkb
P11047,1395,N-linked,unicarbkb
P11117,92,N-linked;o-linked,unicarbkb
P11117,92,N-linked,unicarbkb
P11117,133,N-linked;o-linked,unicarbkb
P11117,177,N-linked,unicarbkb
P11117,177,N-linked;o-linked,unicarbkb
P11117,191,N-linked;o-linked,unicarbkb
P11117,331,N-linked,unicarbkb
P11279,84,N-linked;o-linked,unicarbkb
P13473,101,N-linked;o-linked,unicarbkb
P15586,183,N-linked,unicarbkb
P15586,183,N-linked;o-linked,unicarbkb
P15586,210,N-linked;o-linked,unicarbkb
P15586,198,N-linked;o-linked,unicarbkb
P15586,387,N-linked,unicarbkb
P15586,387,N-linked;o-linked,unicarbkb
P22304,115,N-linked,unicarbkb
P22304,280,N-linked,unicarbkb
P40199,152,N-linked,unicarbkb
P40199,152,N-linked;o-linked,unicarbkb
P40199,197,N-linked,unicarbkb
P40199,224,N-linked,unicarbkb
P40199,224,N-linked;o-linked,unicarbkb
P40199,256,N-linked;o-linked,unicarbkb
P43251,119,N-linked,unicarbkb
P43251,203,N-linked,unicarbkb
P50897,197,N-linked;o-linked,unicarbkb
P50897,232,N-linked;o-linked,unicarbkb
Q08380,69,N-linked;o-linked,unicarbkb
Q08380,125,N-linked,unicarbkb
Q08380,125,N-linked;o-linked,unicarbkb
Q08380,398,N-linked;o-linked,unicarbkb
Q08380,551,N-linked;o-linked,unicarbkb
Q8IV08,387,N-linked;o-linked,unicarbkb
Q8NHP8,515,N-linked;o-linked,unicarbkb
Q92820,203,N-linked;o-linked,unicarbkb
Q96AY3,310,N-linked,unicarbkb
Q9HC84,145,N-linked,unicarbkb
Q9HC84,1774,N-linked,unicarbkb
Q9HC84,4804,N-linked,unicarbkb
Q9HC84,4960,N-linked,unicarbkb
Q9HC84,5046,N-linked,unicarbkb
Q9UHL4,315,N-linked,unicarbkb
Q9UHL4,428,N-linked,unicarbkb
Q9UMR5,206,N-linked,unicarbkb
P01375,80,O-linked,glyconnect
P00747,268,O-linked,glyconnect
P00747,308,N-linked,glyconnect
P00747,365,O-linked,glyconnect
P19827,285,N-linked,glyconnect
P19827,588,N-linked,glyconnect
P19827,653,O-linked,glyconnect
P19823,118,N-linked,glyconnect
P19823,666,O-linked,glyconnect
P19823,673,O-linked,glyconnect
P19823,675,O-linked,glyconnect
P19823,691,O-linked,glyconnect
P02786,104,O-linked,glyconnect
P04278,36,O-linked,glyconnect
P01563,129,O-linked,glyconnect
P02765,156,N-linked,glyconnect
P02765,176,N-linked,glyconnect
P02765,270,O-linked,glyconnect
P02765,346,O-linked,glyconnect
P60568,23,O-linked,glyconnect
P00740,107,O-linked,glyconnect
P11831,277,O-linked,glyconnect
P11831,316,O-linked,glyconnect
P05783,30,O-linked,glyconnect
P05783,49,O-linked,glyconnect
P00749,38,O-linked,glyconnect
P00750,96,O-linked,glyconnect
O14639,452,O-linked,glyconnect
P00749,322,N-linked,glyconnect
P09466,46,N-linked,glyconnect
P09466,81,N-linked,glyconnect
P00750,219,N-linked,glyconnect
P00750,483,N-linked,glyconnect
P01857,180,N-linked,glyconnect
P01215,102,N-linked,glyconnect
P01215,76,N-linked,glyconnect
P0DN86,33,N-linked,glyconnect
P0DN86,50,N-linked,glyconnect
P01229,50,N-linked,glyconnect
P01730,296,N-linked,glyconnect
P01730,325,N-linked,glyconnect
P00742,221,N-linked,glyconnect
P00742,231,N-linked,glyconnect
P01859,176,N-linked,glyconnect
P01861,177,N-linked,glyconnect
P14210,294,N-linked,glyconnect
P14210,402,N-linked,glyconnect
P14210,566,N-linked,glyconnect
P14210,653,N-linked,glyconnect
P10645,181,O-linked,glyconnect
P10645,183,O-linked,glyconnect
P10645,251,O-linked,glyconnect
P05000,101,N-linked,glyconnect
P19835,207,N-linked,glyconnect
P01588,51,N-linked,glyconnect
P01374,96,N-linked,glyconnect
P01033,101,N-linked,glyconnect
P01033,53,N-linked,glyconnect
P02787,432,N-linked,glyconnect
P02787,630,N-linked,glyconnect
P14210,476,O-linked,glyconnect
P39060,1567,O-linked,glyconnect
P03956,120,N-linked,glyconnect
P02771,251,N-linked,glyconnect
P19652,103,N-linked,glyconnect
P07911,275,N-linked,glyconnect
P02656,94,O-linked,glyconnect
P02743,51,N-linked,glyconnect
P02760,24,O-linked,glyconnect
P01588,110,N-linked,glyconnect
P01588,65,N-linked,glyconnect
P02786,727,N-linked,glyconnect
P07602,215,N-linked,glyconnect
P08861,114,N-linked,glyconnect
P08709,120,O-linked,glyconnect
Q14766,1366,N-linked,glyconnect
P07996,394,O-linked,glyconnect
P07996,450,O-linked,glyconnect
P07996,507,O-linked,glyconnect
P01591,71,N-linked,glyconnect
P05164,483,N-linked,glyconnect
P02768,342,N-linked,glyconnect
P00533,56,N-linked,glyconnect
P01876,105,O-linked,glyconnect
P01876,111,O-linked,glyconnect
P01876,113,O-linked,glyconnect
P01876,119,O-linked,glyconnect
P01876,121,O-linked,glyconnect
P03951,126,N-linked,glyconnect
P03951,163,N-linked,glyconnect
P03951,450,N-linked,glyconnect
P03951,491,N-linked,glyconnect
P03951,90,N-linked,glyconnect
P20333,206,O-linked,glyconnect
P20333,221,O-linked,glyconnect
P20333,30,O-linked,glyconnect
P00740,205,O-linked,glyconnect
P00740,215,O-linked,glyconnect
P00740,225,O-linked,glyconnect
P00740,85,O-linked,glyconnect
Q9GZM5,339,O-linked,glyconnect
Q9GZM5,346,O-linked,glyconnect
P02649,212,O-linked,glyconnect
P02649,26,O-linked,glyconnect
P02649,308,O-linked,glyconnect
P02649,314,O-linked,glyconnect
P02649,36,O-linked,glyconnect
P0C0L4,1244,O-linked,glyconnect
P24592,126,O-linked,glyconnect
O95196,165,O-linked,glyconnect
P04233,203,O-linked,glyconnect
O60883,107,O-linked,glyconnect
O60883,23,O-linked,glyconnect
O60883,79,O-linked,glyconnect
O60883,85,O-linked,glyconnect
O60883,86,O-linked,glyconnect
O60883,95,O-linked,glyconnect
P29120,632,O-linked,glyconnect
P41222,29,O-linked,glyconnect
Q9NZ53,144,O-linked,glyconnect
Q16849,441,O-linked,glyconnect
Q14118,63,O-linked,glyconnect
Q08629,228,O-linked,glyconnect
Q5FWE3,329,O-linked,glyconnect
Q14515,116,O-linked,glyconnect
Q14515,31,O-linked,glyconnect
Q14515,331,O-linked,glyconnect
Q14515,40,O-linked,glyconnect
Q14515,44,O-linked,glyconnect
Q8WXD2,216,O-linked,glyconnect
Q8WXD2,231,O-linked,glyconnect
Q8WXD2,359,O-linked,glyconnect
Q9UHG2,228,O-linked,glyconnect
Q9UHG2,247,O-linked,glyconnect
Q9UHG2,53,O-linked,glyconnect
P02790,24,O-linked,glyconnect
P01344,163,O-linked,glyconnect
P01344,99,O-linked,glyconnect
P20774,80,O-linked,glyconnect
Q16581,266,O-linked,glyconnect
Q9UBP4,26,O-linked,glyconnect
Q9UBP4,28,O-linked,glyconnect
P01024,85,N-linked,glyconnect
P02751,1007,N-linked,glyconnect
P02751,528,N-linked,glyconnect
P02751,542,N-linked,glyconnect
P01011,106,N-linked,glyconnect
P01009,271,N-linked,glyconnect
P00734,143,N-linked,glyconnect
P00734,416,N-linked,glyconnect
P04004,169,N-linked,glyconnect
P04004,242,N-linked,glyconnect
P36955,285,N-linked,glyconnect
P02750,186,N-linked,glyconnect
P02749,253,N-linked,glyconnect
P05546,188,N-linked,glyconnect
P05546,49,N-linked,glyconnect
Q14624,517,N-linked,glyconnect
P00736,514,N-linked,glyconnect
P03952,127,N-linked,glyconnect
P03952,396,N-linked,glyconnect
P02763,72,N-linked,glyconnect
P08603,1029,N-linked,glyconnect
P08603,882,N-linked,glyconnect
P08603,911,N-linked,glyconnect
P27169,253,N-linked,glyconnect
P27169,324,N-linked,glyconnect
P01023,1424,N-linked,glyconnect
P01023,869,N-linked,glyconnect
P00738,184,N-linked,glyconnect
P00738,241,N-linked,glyconnect
P05155,238,N-linked,glyconnect
P02790,187,N-linked,glyconnect
P02790,453,N-linked,glyconnect
P10909,374,N-linked,glyconnect
P01008,128,N-linked,glyconnect
P01008,187,N-linked,glyconnect
P04217,179,N-linked,glyconnect
P04217,371,N-linked,glyconnect
Q96PD5,367,N-linked,glyconnect
Q96PD5,485,N-linked,glyconnect
P08185,96,N-linked,glyconnect
P13671,324,N-linked,glyconnect
P04196,125,N-linked,glyconnect
P01042,294,N-linked,glyconnect
P00450,138,N-linked,glyconnect
P00450,358,N-linked,glyconnect
P00450,397,N-linked,glyconnect
P00450,762,N-linked,glyconnect
P05556,97,N-linked,glyconnect
P07602,332,N-linked,glyconnect
P07602,426,N-linked,glyconnect
P03956,143,N-linked,glyconnect
P11279,103,N-linked,glyconnect
P11279,249,N-linked,glyconnect
P11279,322,N-linked,glyconnect
P13473,229,N-linked,glyconnect
P02771,197,N-linked,glyconnect
P07996,1067,N-linked,glyconnect
P33151,112,N-linked,glyconnect
P33151,442,N-linked,glyconnect
P04275,156,N-linked,glyconnect
P04275,1574,N-linked,glyconnect
P04275,211,N-linked,glyconnect
P04275,2546,N-linked,glyconnect
P04275,666,N-linked,glyconnect
P05121,288,N-linked,glyconnect
P30622,1263,N-linked,glyconnect
P30622,971,N-linked,glyconnect
P40189,390,N-linked,glyconnect
P78324,292,N-linked,glyconnect
Q13308,116,N-linked,glyconnect
Q13308,283,N-linked,glyconnect
Q13308,405,N-linked,glyconnect
P50454,120,N-linked,glyconnect
P50454,125,N-linked,glyconnect
O15123,304,N-linked,glyconnect
Q13201,1020,N-linked,glyconnect
Q13201,21,N-linked,glyconnect
Q13201,344,N-linked,glyconnect
Q13201,680,N-linked,glyconnect
Q13201,828,N-linked,glyconnect
Q13201,921,N-linked,glyconnect
Q9BX67,104,N-linked,glyconnect
Q13018,1123,N-linked,glyconnect
O75882,1198,N-linked,glyconnect
O75882,325,N-linked,glyconnect
P08581,405,N-linked,glyconnect
P08581,930,N-linked,glyconnect
Q9NY15,1178,N-linked,glyconnect
Q9NY15,2424,N-linked,glyconnect
Q9NY15,606,N-linked,glyconnect
Q9NY15,745,N-linked,glyconnect
P13598,47,N-linked,glyconnect
P55058,117,N-linked,glyconnect
P55058,398,N-linked,glyconnect
Q13439,1612,N-linked,glyconnect
Q13439,585,N-linked,glyconnect
P26022,220,N-linked,glyconnect
P09486,116,N-linked,glyconnect
O60637,127,N-linked,glyconnect
P10253,390,N-linked,glyconnect
P10253,882,N-linked,glyconnect
O60486,1308,N-linked,glyconnect
O60486,548,N-linked,glyconnect
O60486,771,N-linked,glyconnect
O60486,871,N-linked,glyconnect
P43652,33,N-linked,glyconnect
P19022,273,N-linked,glyconnect
Q9Y5Y7,289,N-linked,glyconnect
P26006,656,N-linked,glyconnect
P26006,926,N-linked,glyconnect
O75144,225,N-linked,glyconnect
P05156,103,N-linked,glyconnect
P05156,494,N-linked,glyconnect
O00469,63,N-linked,glyconnect
P01127,63,N-linked,glyconnect
O14513,585,N-linked,glyconnect
Q9UBG0,69,N-linked,glyconnect
Q9UBG0,954,N-linked,glyconnect
P17948,196,N-linked,glyconnect
P17948,323,N-linked,glyconnect
P17948,474,N-linked,glyconnect
P17948,625,N-linked,glyconnect
O00754,497,N-linked,glyconnect
P29317,435,N-linked,glyconnect
O75446,209,N-linked,glyconnect
P13987,43,N-linked,glyconnect
Q8WWB7,230,N-linked,glyconnect
Q6YHK3,1355,N-linked,glyconnect
Q6YHK3,279,N-linked,glyconnect
Q6YHK3,513,N-linked,glyconnect
P15586,317,N-linked,glyconnect
P15586,362,N-linked,glyconnect
P54802,503,N-linked,glyconnect
P15144,128,N-linked,glyconnect
P28300,144,N-linked,glyconnect
P28300,97,N-linked,glyconnect
Q92823,1009,N-linked,glyconnect
Q92823,223,N-linked,glyconnect
Q92823,276,N-linked,glyconnect
Q92954,1039,O-linked,glyconnect
Q92954,1161,O-linked,glyconnect
Q92954,123,O-linked,glyconnect
Q92954,136,O-linked,glyconnect
Q92954,240,O-linked,glyconnect
Q92954,253,O-linked,glyconnect
Q92954,277,O-linked,glyconnect
Q92954,291,O-linked,glyconnect
Q92954,305,O-linked,glyconnect
Q92954,306,O-linked,glyconnect
Q92954,310,O-linked,glyconnect
Q92954,317,O-linked,glyconnect
Q92954,324,O-linked,glyconnect
Q92954,332,O-linked,glyconnect
Q92954,338,O-linked,glyconnect
Q92954,367,O-linked,glyconnect
Q92954,407,O-linked,glyconnect
Q92954,415,O-linked,glyconnect
Q92954,427,O-linked,glyconnect
Q92954,430,O-linked,glyconnect
Q92954,485,O-linked,glyconnect
Q92954,529,O-linked,glyconnect
Q92954,532,O-linked,glyconnect
Q92954,540,O-linked,glyconnect
Q92954,541,O-linked,glyconnect
Q92954,553,O-linked,glyconnect
Q92954,555,O-linked,glyconnect
Q92954,619,O-linked,glyconnect
Q92954,627,O-linked,glyconnect
Q92954,676,O-linked,glyconnect
Q92954,812,O-linked,glyconnect
Q92954,829,O-linked,glyconnect
Q92954,892,O-linked,glyconnect
Q92954,900,O-linked,glyconnect
Q92954,930,O-linked,glyconnect
Q92954,931,O-linked,glyconnect
Q92954,962,O-linked,glyconnect
Q92954,963,O-linked,glyconnect
Q92954,968,O-linked,glyconnect
Q92954,975,O-linked,glyconnect
Q92954,978,O-linked,glyconnect
Q92954,979,O-linked,glyconnect
Q92954,980,O-linked,glyconnect
P04004,86,N-linked,glyconnect
P19652,33,N-linked,glyconnect
P06028,42,O-linked,glyconnect
P04921,42,O-linked,glyconnect
P02724,42,O-linked,glyconnect
P01009,70,N-linked,glyconnect
P02760,115,N-linked,glyconnect
P02760,250,N-linked,glyconnect
P01876,144,N-linked,glyconnect
P00734,121,N-linked,glyconnect
P07911,232,N-linked,glyconnect
P07911,322,N-linked,glyconnect
P07911,396,N-linked,glyconnect
P04070,19,O-linked,glyconnect
P98160,42,O-linked,glyconnect
P05154,39,O-linked,glyconnect
O95998,103,N-linked,glyconnect
O95998,147,N-linked,glyconnect
O95998,53,O-linked,glyconnect
Q6EMK4,117,N-linked,glyconnect
P05090,65,N-linked,glyconnect
P05090,98,N-linked,glyconnect
P41222,78,N-linked,glyconnect
Q96FE7,39,O-linked,glyconnect
Q96FE7,66,N-linked,glyconnect
P25311,128,N-linked,glyconnect
P78423,183,O-linked,glyconnect
P78423,253,O-linked,glyconnect
Q96IY4,108,N-linked,glyconnect
Q13790,274,O-linked,glyconnect
P34741,101,O-linked,glyconnect
Q8TDQ0,145,O-linked,glyconnect
P02763,33,N-linked,glyconnect
P39059,265,O-linked,glyconnect
P80370,256,O-linked,glyconnect
P05155,25,N-linked,glyconnect
Q13361,54,O-linked,glyconnect
P01344,96,O-linked,glyconnect
Q9ULI3,67,O-linked,glyconnect
P25445,28,O-linked,glyconnect
P15151,120,N-linked,glyconnect
Q6UWD8,4,O-linked,glyconnect
P26842,127,O-linked,glyconnect
Q68CJ9,379,O-linked,glyconnect
P10643,696,O-linked,glyconnect
Q13508,346,O-linked,glyconnect
Q99075,44,O-linked,glyconnect
P01871,209,N-linked,glyconnect
P01877,131,N-linked,glyconnect
P01877,205,N-linked,glyconnect
P02763,56,N-linked,glyconnect
P02763,93,N-linked,glyconnect
P43652,402,N-linked,glyconnect
P01008,224,N-linked,glyconnect
P08603,1095,N-linked,glyconnect
P08603,529,N-linked,glyconnect
P08603,718,N-linked,glyconnect
P02790,64,N-linked,glyconnect
P01042,169,N-linked,glyconnect
P01042,205,N-linked,glyconnect
P01042,48,N-linked,glyconnect
P02763,103,N-linked,glyconnect
P01871,46,N-linked,glyconnect
P01877,47,N-linked,glyconnect
Q76LX8,1087,O-linked,glyconnect
Q76LX8,698,O-linked,glyconnect
Q76LX8,907,O-linked,glyconnect
P01009,107,N-linked,glyconnect
P02750,79,N-linked,glyconnect
P02749,162,N-linked,glyconnect
P41222,51,N-linked,glyconnect
P78423,329,O-linked,glyconnect
P51693,215,O-linked,glyconnect
P43652,109,N-linked,glyconnect
P43652,383,N-linked,glyconnect
P05155,352,N-linked,glyconnect
P05543,36,N-linked,glyconnect
P08571,336,O-linked,glyconnect
P04217,44,N-linked,glyconnect
P02790,246,N-linked,glyconnect
P04217,363,N-linked,glyconnect
P01042,542,O-linked,glyconnect
P01854,146,N-linked,glyconnect
P01854,21,N-linked,glyconnect
P01854,252,N-linked,glyconnect
P01854,275,N-linked,glyconnect
P01854,49,N-linked,glyconnect
P01854,99,N-linked,glyconnect
P02788,156,N-linked,glyconnect
P02788,497,N-linked,glyconnect
P02788,642,N-linked,glyconnect
P01833,135,N-linked,glyconnect
P01833,186,N-linked,glyconnect
P01833,421,N-linked,glyconnect
P01833,469,N-linked,glyconnect
P01833,499,N-linked,glyconnect
P01833,83,N-linked,glyconnect
P01833,90,N-linked,glyconnect
P19652,72,N-linked,glyconnect
P01011,271,N-linked,glyconnect
P01011,93,N-linked,glyconnect
P0C0L4,1328,N-linked,glyconnect
P0C0L4,226,N-linked,glyconnect
P05155,253,N-linked,glyconnect
P00751,122,N-linked,glyconnect
P10909,103,N-linked,glyconnect
P01588,153,O-linked,glyconnect
Q14624,207,N-linked,glyconnect
Q14624,274,N-linked,glyconnect
Q14624,577,N-linked,glyconnect
Q14624,81,N-linked,glyconnect
P00738,207,N-linked,glyconnect
P00738,211,N-linked,glyconnect
Q6UW56,157,N-linked,glyconnect
Q6UW56,44,N-linked,glyconnect
P08697,126,N-linked,glyconnect
A8K2U0,1020,N-linked,glyconnect
A8K2U0,120,N-linked,glyconnect
A8K2U0,857,N-linked,glyconnect
A8K2U0,867,N-linked,glyconnect
P30533,268,N-linked,glyconnect
P06280,139,N-linked,glyconnect
P06280,192,N-linked,glyconnect
P06280,215,N-linked,glyconnect
P35475,110,N-linked,glyconnect
Q86SJ2,288,N-linked,glyconnect
Q06481,541,N-linked,glyconnect
Q9UKU9,164,N-linked,glyconnect
Q9UKU9,192,N-linked,glyconnect
Q9Y5C1,115,N-linked,glyconnect
P12821,509,N-linked,glyconnect
P12821,714,N-linked,glyconnect
Q9BYF1,103,N-linked,glyconnect
Q9BYF1,546,N-linked,glyconnect
Q9BYF1,690,N-linked,glyconnect
Q4KMQ2,361,N-linked,glyconnect
Q4KMQ2,493,N-linked,glyconnect
O95445,135,N-linked,glyconnect
P15848,188,N-linked,glyconnect
P15848,366,N-linked,glyconnect
P15848,426,N-linked,glyconnect
P51689,128,N-linked,glyconnect
P51689,347,N-linked,glyconnect
Q12797,452,N-linked,glyconnect
Q9BXN1,282,N-linked,glyconnect
O95477,1637,N-linked,glyconnect
Q9BZC7,628,N-linked,glyconnect
Q8IZY2,1518,N-linked,glyconnect
P20160,171,N-linked,glyconnect
P02730,642,N-linked,glyconnect
Q9Y2J2,734,N-linked,glyconnect
P50895,419,N-linked,glyconnect
P50895,439,N-linked,glyconnect
P35613,160,N-linked,glyconnect
P35613,268,N-linked,glyconnect
P11912,112,N-linked,glyconnect
Q16620,121,N-linked,glyconnect
Q96L58,131,N-linked,glyconnect
Q8NES3,167,N-linked,glyconnect
O60512,166,N-linked,glyconnect
O60512,337,N-linked,glyconnect
O43505,300,N-linked,glyconnect
P35626,648,N-linked,glyconnect
Q96KN2,382,N-linked,glyconnect
P16278,247,N-linked,glyconnect
P16278,464,N-linked,glyconnect
P16278,498,N-linked,glyconnect
P08236,173,N-linked,glyconnect
P08236,272,N-linked,glyconnect
P08236,631,N-linked,glyconnect
P06865,157,N-linked,glyconnect
P07686,190,N-linked,glyconnect
P07686,327,N-linked,glyconnect
P07686,84,N-linked,glyconnect
Q86Z14,391,N-linked,glyconnect
O00462,77,N-linked,glyconnect
P21810,270,N-linked,glyconnect
P21810,311,N-linked,glyconnect
P43251,119,N-linked,glyconnect
P43251,203,N-linked,glyconnect
P43251,349,N-linked,glyconnect
P43251,402,N-linked,glyconnect
Q10589,65,N-linked,glyconnect
Q10589,92,N-linked,glyconnect
P13497,142,N-linked,glyconnect
P13497,599,N-linked,glyconnect
Q13873,55,N-linked,glyconnect
Q8TDL5,401,N-linked,glyconnect
Q8TDL5,48,N-linked,glyconnect
P04003,221,N-linked,glyconnect
P04003,506,N-linked,glyconnect
P20851,154,N-linked,glyconnect
P20851,64,N-linked,glyconnect
P20851,98,N-linked,glyconnect
Q9NYQ6,1287,N-linked,glyconnect
Q9NYQ6,1623,N-linked,glyconnect
Q9NYQ6,1640,N-linked,glyconnect
Q9NYQ6,1979,N-linked,glyconnect
Q9NYQ6,2122,N-linked,glyconnect
Q9NYQ6,403,N-linked,glyconnect
Q9HCU4,1076,N-linked,glyconnect
Q9HCU4,1501,N-linked,glyconnect
Q9HCU4,1565,N-linked,glyconnect
Q9HCU4,1900,N-linked,glyconnect
Q9HCU4,2061,N-linked,glyconnect
P05937,230,N-linked,glyconnect
Q9UQC9,637,N-linked,glyconnect
Q9UQC9,74,N-linked,glyconnect
Q9UQC9,822,N-linked,glyconnect
Q12791,780,N-linked,glyconnect
Q15417,240,N-linked,glyconnect
P27797,344,N-linked,glyconnect
Q9H4D0,716,N-linked,glyconnect
Q9H4D0,98,N-linked,glyconnect
O43852,131,N-linked,glyconnect
O43570,80,N-linked,glyconnect
Q9UI42,260,N-linked,glyconnect
O75976,1070,N-linked,glyconnect
O75976,172,N-linked,glyconnect
O75976,522,N-linked,glyconnect
O75976,626,N-linked,glyconnect
O75976,811,N-linked,glyconnect
O75976,867,N-linked,glyconnect
O75976,955,N-linked,glyconnect
P16870,139,N-linked,glyconnect
P22792,228,N-linked,glyconnect
P22792,74,N-linked,glyconnect
Q9Y646,179,N-linked,glyconnect
P13688,197,N-linked,glyconnect
P13688,363,N-linked,glyconnect
P13688,378,N-linked,glyconnect
P06731,197,N-linked,glyconnect
P31997,173,N-linked,glyconnect
P31997,197,N-linked,glyconnect
P43155,238,N-linked,glyconnect
O75718,363,N-linked,glyconnect
O75718,87,N-linked,glyconnect
O75339,129,N-linked,glyconnect
O75339,346,N-linked,glyconnect
O75339,420,N-linked,glyconnect
O75339,550,N-linked,glyconnect
O75339,631,N-linked,glyconnect
P49747,121,N-linked,glyconnect
P49747,742,N-linked,glyconnect
Q96PB1,241,N-linked,glyconnect
O60716,641,N-linked,glyconnect
P07339,134,N-linked,glyconnect
P07339,263,N-linked,glyconnect
Q9UBX1,195,N-linked,glyconnect
Q9UBX1,378,N-linked,glyconnect
P07711,221,N-linked,glyconnect
Q9UBR2,184,N-linked,glyconnect
P20645,57,N-linked,glyconnect
P20645,83,N-linked,glyconnect
P11717,1246,N-linked,glyconnect
P11717,1312,N-linked,glyconnect
P11717,1656,N-linked,glyconnect
P11717,1757,N-linked,glyconnect
P11717,2136,N-linked,glyconnect
P11717,400,N-linked,glyconnect
P11717,435,N-linked,glyconnect
P11717,581,N-linked,glyconnect
P11717,626,N-linked,glyconnect
P11717,747,N-linked,glyconnect
P11717,871,N-linked,glyconnect
Q13740,167,N-linked,glyconnect
Q13740,265,N-linked,glyconnect
Q13740,306,N-linked,glyconnect
Q13740,361,N-linked,glyconnect
Q13740,480,N-linked,glyconnect
Q13740,91,N-linked,glyconnect
P25063,52,N-linked,glyconnect
Q5ZPR3,104,N-linked,glyconnect
Q5ZPR3,215,N-linked,glyconnect
Q5ZPR3,91,N-linked,glyconnect
P08962,130,N-linked,glyconnect
P08962,150,N-linked,glyconnect
P08962,172,N-linked,glyconnect
P27701,198,N-linked,glyconnect
P48960,108,N-linked,glyconnect
P48960,33,N-linked,glyconnect
P48960,453,N-linked,glyconnect
P01024,939,N-linked,glyconnect
Q9BY67,101,N-linked,glyconnect
Q9BY67,113,N-linked,glyconnect
Q8NFZ8,286,N-linked,glyconnect
Q8NFZ8,67,N-linked,glyconnect
P43121,418,N-linked,glyconnect
Q96G23,19,N-linked,glyconnect
Q9HA82,19,N-linked,glyconnect
Q6ZMG9,18,N-linked,glyconnect
O75503,178,N-linked,glyconnect
O75503,203,N-linked,glyconnect
O75503,255,N-linked,glyconnect
O75503,271,N-linked,glyconnect
P06276,85,N-linked,glyconnect
Q8WWI5,135,N-linked,glyconnect
Q8WWI5,180,N-linked,glyconnect
Q8IWA5,200,N-linked,glyconnect
Q8IWA5,417,N-linked,glyconnect
Q53GD3,69,N-linked,glyconnect
Q9P2E5,121,N-linked,glyconnect
Q9NY35,42,N-linked,glyconnect
Q9NY35,72,N-linked,glyconnect
O96005,295,N-linked,glyconnect
Q96KA5,229,N-linked,glyconnect
Q96KA5,91,N-linked,glyconnect
Q11201,114,N-linked,glyconnect
Q11201,201,N-linked,glyconnect
Q11201,79,N-linked,glyconnect
Q16842,211,N-linked,glyconnect
P12259,2209,N-linked,glyconnect
P00748,433,N-linked,glyconnect
P05160,162,N-linked,glyconnect
P05160,545,N-linked,glyconnect
Q96M89,279,N-linked,glyconnect
Q76M96,667,N-linked,glyconnect
Q76M96,835,N-linked,glyconnect
P02452,1365,N-linked,glyconnect
P02458,1388,N-linked,glyconnect
P02461,1367,N-linked,glyconnect
P20908,1672,N-linked,glyconnect
P20908,1741,N-linked,glyconnect
P20908,176,N-linked,glyconnect
P12109,212,N-linked,glyconnect
P12109,537,N-linked,glyconnect
P12109,804,N-linked,glyconnect
P12107,1640,N-linked,glyconnect
Q99715,1763,N-linked,glyconnect
Q99715,2206,N-linked,glyconnect
Q99715,2528,N-linked,glyconnect
Q99715,2679,N-linked,glyconnect
Q05707,137,N-linked,glyconnect
Q05707,1384,N-linked,glyconnect
Q05707,372,N-linked,glyconnect
Q05707,94,N-linked,glyconnect
Q07092,47,N-linked,glyconnect
P08123,1267,N-linked,glyconnect
P05997,1262,N-linked,glyconnect
P05997,1400,N-linked,glyconnect
P12110,140,N-linked,glyconnect
P12110,630,N-linked,glyconnect
P12110,785,N-linked,glyconnect
P12110,954,N-linked,glyconnect
P25940,102,N-linked,glyconnect
P12111,2079,N-linked,glyconnect
P12111,2558,N-linked,glyconnect
P12111,2677,N-linked,glyconnect
P12111,3037,N-linked,glyconnect
A6NMZ7,2034,N-linked,glyconnect
A6NMZ7,275,N-linked,glyconnect
A6NMZ7,400,N-linked,glyconnect
A6NMZ7,930,N-linked,glyconnect
Q5KU26,386,N-linked,glyconnect
P02745,146,N-linked,glyconnect
Q9NZP8,166,N-linked,glyconnect
Q9NZP8,242,N-linked,glyconnect
Q9NZP8,296,N-linked,glyconnect
P09871,174,N-linked,glyconnect
P09871,406,N-linked,glyconnect
P06681,112,N-linked,glyconnect
P06681,333,N-linked,glyconnect
P06681,621,N-linked,glyconnect
P06681,651,N-linked,glyconnect
P0C0L5,1328,N-linked,glyconnect
P0C0L5,1391,N-linked,glyconnect
P0C0L5,226,N-linked,glyconnect
P0C0L5,862,N-linked,glyconnect
P07357,437,N-linked,glyconnect
P07358,243,N-linked,glyconnect
P02748,277,N-linked,glyconnect
P02748,415,N-linked,glyconnect
P08174,95,N-linked,glyconnect
Q03591,126,N-linked,glyconnect
Q03591,194,N-linked,glyconnect
P36980,126,N-linked,glyconnect
Q02985,108,N-linked,glyconnect
Q02985,309,N-linked,glyconnect
Q9BXR6,126,N-linked,glyconnect
Q9BXR6,400,N-linked,glyconnect
Q8IWV2,858,N-linked,glyconnect
Q9ULV4,185,N-linked,glyconnect
P28845,123,N-linked,glyconnect
P28845,162,N-linked,glyconnect
P78310,106,N-linked,glyconnect
Q9H5V8,122,N-linked,glyconnect
Q9H5V8,180,N-linked,glyconnect
Q9H5V8,205,N-linked,glyconnect
Q9H5V8,270,N-linked,glyconnect
Q9H5V8,310,N-linked,glyconnect
Q9H5V8,39,N-linked,glyconnect
Q9H5V8,512,N-linked,glyconnect
Q9H5V8,577,N-linked,glyconnect
Q9H6B4,74,N-linked,glyconnect
P18850,472,N-linked,glyconnect
P54108,239,N-linked,glyconnect
Q6UXH1,190,N-linked,glyconnect
Q6UXH1,251,N-linked,glyconnect
P04839,149,N-linked,glyconnect
O75462,292,N-linked,glyconnect
Q7L576,672,N-linked,glyconnect
P07585,211,N-linked,glyconnect
P07585,262,N-linked,glyconnect
P07585,303,N-linked,glyconnect
O00115,266,N-linked,glyconnect
O00115,86,N-linked,glyconnect
Q02487,34,N-linked,glyconnect
Q02487,392,N-linked,glyconnect
Q02487,546,N-linked,glyconnect
Q02487,629,N-linked,glyconnect
Q14126,112,N-linked,glyconnect
Q14126,182,N-linked,glyconnect
Q14126,309,N-linked,glyconnect
Q14126,462,N-linked,glyconnect
Q01459,299,N-linked,glyconnect
P16444,332,N-linked,glyconnect
P53634,119,N-linked,glyconnect
P53634,276,N-linked,glyconnect
P53634,29,N-linked,glyconnect
P53634,53,N-linked,glyconnect
Q9UHL4,315,N-linked,glyconnect
Q9UHL4,428,N-linked,glyconnect
P27487,520,N-linked,glyconnect
P27487,685,N-linked,glyconnect
O14672,278,N-linked,glyconnect
O14672,439,N-linked,glyconnect
Q13444,237,N-linked,glyconnect
Q13444,389,N-linked,glyconnect
P78536,157,N-linked,glyconnect
P78536,264,N-linked,glyconnect
P78536,452,N-linked,glyconnect
P78536,539,N-linked,glyconnect
P78536,551,N-linked,glyconnect
Q13443,381,N-linked,glyconnect
Q12959,566,N-linked,glyconnect
P78527,1350,N-linked,glyconnect
Q9UBS4,261,N-linked,glyconnect
P04843,299,N-linked,glyconnect
P04844,106,N-linked,glyconnect
P46977,537,N-linked,glyconnect
P46977,544,N-linked,glyconnect
Q8TCJ2,616,N-linked,glyconnect
Q8TCJ2,623,N-linked,glyconnect
Q8TCJ2,641,N-linked,glyconnect
Q96DT5,3201,N-linked,glyconnect
O95714,3746,N-linked,glyconnect
P49961,371,N-linked,glyconnect
Q9Y5L3,129,N-linked,glyconnect
Q9Y5L3,294,N-linked,glyconnect
Q9Y5L3,378,N-linked,glyconnect
Q9Y5L3,443,N-linked,glyconnect
Q9Y5L3,64,N-linked,glyconnect
O75356,232,N-linked,glyconnect
P22413,285,N-linked,glyconnect
P22413,341,N-linked,glyconnect
Q13822,411,N-linked,glyconnect
O75071,347,N-linked,glyconnect
O95967,198,N-linked,glyconnect
Q9Y6C2,766,N-linked,glyconnect
Q9Y6C2,794,N-linked,glyconnect
Q14264,105,N-linked,glyconnect
Q9NZ08,414,N-linked,glyconnect
Q6P179,103,N-linked,glyconnect
Q6P179,119,N-linked,glyconnect
Q6P179,219,N-linked,glyconnect
Q6P179,85,N-linked,glyconnect
Q7Z2K6,819,N-linked,glyconnect
P14625,107,N-linked,glyconnect
P14625,217,N-linked,glyconnect
P14625,445,N-linked,glyconnect
P14625,502,N-linked,glyconnect
P14625,62,N-linked,glyconnect
P42892,166,N-linked,glyconnect
P42892,187,N-linked,glyconnect
P42892,210,N-linked,glyconnect
P42892,270,N-linked,glyconnect
P42892,316,N-linked,glyconnect
P42892,539,N-linked,glyconnect
P42892,632,N-linked,glyconnect
P11678,363,N-linked,glyconnect
P20827,26,N-linked,glyconnect
P52797,100,N-linked,glyconnect
P52797,38,N-linked,glyconnect
P52798,33,N-linked,glyconnect
P52803,37,N-linked,glyconnect
P54753,351,N-linked,glyconnect
P54753,445,N-linked,glyconnect
P54760,203,N-linked,glyconnect
P61916,58,N-linked,glyconnect
Q9Y2E5,336,N-linked,glyconnect
Q9Y2E5,516,N-linked,glyconnect
P16422,111,N-linked,glyconnect
P16422,198,N-linked,glyconnect
P16422,74,N-linked,glyconnect
O43556,200,N-linked,glyconnect
Q99808,48,N-linked,glyconnect
Q9BZQ6,195,N-linked,glyconnect
O75477,108,N-linked,glyconnect
O94905,106,N-linked,glyconnect
Q8N766,913,N-linked,glyconnect
Q5UCC4,182,N-linked,glyconnect
Q96HE7,280,N-linked,glyconnect
Q86YB8,140,N-linked,glyconnect
P41180,446,N-linked,glyconnect
Q16610,354,N-linked,glyconnect
Q16610,444,N-linked,glyconnect
Q16610,530,N-linked,glyconnect
O94769,378,N-linked,glyconnect
Q8IXL6,335,N-linked,glyconnect
Q8IWU6,111,N-linked,glyconnect
Q8IWU6,131,N-linked,glyconnect
Q8IWU6,170,N-linked,glyconnect
Q8IWU6,197,N-linked,glyconnect
Q8IWU6,623,N-linked,glyconnect
Q8IWU5,112,N-linked,glyconnect
Q8IWU5,132,N-linked,glyconnect
Q8IWU5,198,N-linked,glyconnect
P08294,107,N-linked,glyconnect
Q9UGM5,136,N-linked,glyconnect
Q9UGM5,37,N-linked,glyconnect
P35555,1067,N-linked,glyconnect
P35555,1369,N-linked,glyconnect
P35555,1581,N-linked,glyconnect
P35555,1703,N-linked,glyconnect
P35555,1902,N-linked,glyconnect
P35555,2178,N-linked,glyconnect
P35556,1112,N-linked,glyconnect
P35556,2120,N-linked,glyconnect
Q75N90,1025,N-linked,glyconnect
Q75N90,2033,N-linked,glyconnect
P02671,686,N-linked,glyconnect
P11362,317,N-linked,glyconnect
Q8N441,231,N-linked,glyconnect
Q14314,179,N-linked,glyconnect
Q14314,263,N-linked,glyconnect
Q14314,336,N-linked,glyconnect
Q06828,166,N-linked,glyconnect
Q06828,201,N-linked,glyconnect
Q06828,291,N-linked,glyconnect
P23142,535,N-linked,glyconnect
P23142,98,N-linked,glyconnect
Q9UBX5,296,N-linked,glyconnect
Q53RD9,124,N-linked,glyconnect
P15328,161,N-linked,glyconnect
P15328,201,N-linked,glyconnect
P15328,69,N-linked,glyconnect
P19883,288,N-linked,glyconnect
Q12841,144,N-linked,glyconnect
O43524,431,N-linked,glyconnect
Q9P2W7,140,N-linked,glyconnect
Q08380,125,N-linked,glyconnect
Q08380,398,N-linked,glyconnect
Q08380,551,N-linked,glyconnect
Q08380,580,N-linked,glyconnect
Q08380,69,N-linked,glyconnect
Q92820,116,N-linked,glyconnect
Q92820,163,N-linked,glyconnect
Q92820,203,N-linked,glyconnect
Q92820,307,N-linked,glyconnect
Q9UJ14,394,N-linked,glyconnect
Q9BX51,167,N-linked,glyconnect
Q14390,160,N-linked,glyconnect
P19440,120,N-linked,glyconnect
P19440,297,N-linked,glyconnect
P19440,344,N-linked,glyconnect
P19440,511,N-linked,glyconnect
P13284,63,N-linked,glyconnect
P13284,95,N-linked,glyconnect
Q16666,178,N-linked,glyconnect
O95479,157,N-linked,glyconnect
P56159,59,N-linked,glyconnect
Q9H488,160,N-linked,glyconnect
P35575,96,N-linked,glyconnect
P06744,91,N-linked,glyconnect
P14314,476,N-linked,glyconnect
P14314,72,N-linked,glyconnect
Q4G148,278,N-linked,glyconnect
P39060,129,N-linked,glyconnect
P04062,185,N-linked,glyconnect
P04062,309,N-linked,glyconnect
P04062,58,N-linked,glyconnect
P04062,98,N-linked,glyconnect
O75063,193,N-linked,glyconnect
Q68CQ7,103,N-linked,glyconnect
Q8N3Y3,80,N-linked,glyconnect
P35052,116,N-linked,glyconnect
Q92896,165,N-linked,glyconnect
Q92896,210,N-linked,glyconnect
Q92896,581,N-linked,glyconnect
Q92896,786,N-linked,glyconnect
Q8NBJ4,109,N-linked,glyconnect
Q8NBJ4,144,N-linked,glyconnect
A7E2F4,117,N-linked,glyconnect
A8MQT2,89,N-linked,glyconnect
O95427,128,N-linked,glyconnect
Q96S52,370,N-linked,glyconnect
Q969N2,327,N-linked,glyconnect
Q86SQ4,750,N-linked,glyconnect
Q9Y653,234,N-linked,glyconnect
Q9Y653,324,N-linked,glyconnect
Q8WXG9,2139,N-linked,glyconnect
Q8WXG9,3224,N-linked,glyconnect
P28799,530,N-linked,glyconnect
P20718,179,N-linked,glyconnect
Q8NCC3,273,N-linked,glyconnect
Q8NCC3,289,N-linked,glyconnect
P48723,137,N-linked,glyconnect
P48723,184,N-linked,glyconnect
P0DMV8,417,N-linked,glyconnect
P0DMV9,417,N-linked,glyconnect
P34931,419,N-linked,glyconnect
P07900,397,N-linked,glyconnect
P08238,389,N-linked,glyconnect
P08238,46,N-linked,glyconnect
P28906,194,N-linked,glyconnect
Q96RW7,2887,N-linked,glyconnect
Q68CP4,162,N-linked,glyconnect
Q68CP4,461,N-linked,glyconnect
Q7LGA3,108,N-linked,glyconnect
Q04756,468,N-linked,glyconnect
P26927,296,N-linked,glyconnect
P26927,615,N-linked,glyconnect
P51991,334,N-linked,glyconnect
P30825,226,N-linked,glyconnect
P04439,110,N-linked,glyconnect
P13747,107,N-linked,glyconnect
P01889,110,N-linked,glyconnect
P10321,110,N-linked,glyconnect
P20036,149,N-linked,glyconnect
P04440,48,N-linked,glyconnect
P01903,103,N-linked,glyconnect
P01903,143,N-linked,glyconnect
P00533,196,N-linked,glyconnect
P00533,352,N-linked,glyconnect
P00533,361,N-linked,glyconnect
P00533,413,N-linked,glyconnect
P00533,603,N-linked,glyconnect
P79483,48,N-linked,glyconnect
Q30154,48,N-linked,glyconnect
P10915,56,N-linked,glyconnect
Q2M3T9,368,N-linked,glyconnect
Q9Y4L1,155,N-linked,glyconnect
Q9Y4L1,222,N-linked,glyconnect
Q9Y4L1,515,N-linked,glyconnect
Q9Y4L1,596,N-linked,glyconnect
Q9Y4L1,830,N-linked,glyconnect
Q9Y4L1,862,N-linked,glyconnect
Q9Y4L1,869,N-linked,glyconnect
Q9Y4L1,931,N-linked,glyconnect
P01860,227,N-linked,glyconnect
P01860,322,N-linked,glyconnect
Q9Y6R7,1317,N-linked,glyconnect
Q9Y6R7,3312,N-linked,glyconnect
P55899,125,N-linked,glyconnect
O14498,120,N-linked,glyconnect
O14498,309,N-linked,glyconnect
O75054,700,N-linked,glyconnect
O75054,842,N-linked,glyconnect
Q9NSI5,231,N-linked,glyconnect
Q969P0,327,N-linked,glyconnect
Q969P0,463,N-linked,glyconnect
Q8N436,231,N-linked,glyconnect
Q8N436,337,N-linked,glyconnect
P36268,297,N-linked,glyconnect
P36268,344,N-linked,glyconnect
Q58DX5,295,N-linked,glyconnect
Q58DX5,534,N-linked,glyconnect
Q70UQ0,328,N-linked,glyconnect
Q14643,2512,N-linked,glyconnect
Q9NX62,259,N-linked,glyconnect
P19652,56,N-linked,glyconnect
P19652,93,N-linked,glyconnect
P35858,368,N-linked,glyconnect
P35858,580,N-linked,glyconnect
P06213,242,N-linked,glyconnect
P06213,424,N-linked,glyconnect
P06213,445,N-linked,glyconnect
P06213,541,N-linked,glyconnect
P06213,633,N-linked,glyconnect
P06213,920,N-linked,glyconnect
Q9Y287,170,N-linked,glyconnect
P98153,149,N-linked,glyconnect
P56199,1113,N-linked,glyconnect
P56199,317,N-linked,glyconnect
P56199,418,N-linked,glyconnect
P56199,460,N-linked,glyconnect
P17301,105,N-linked,glyconnect
P17301,1057,N-linked,glyconnect
P17301,1074,N-linked,glyconnect
P17301,112,N-linked,glyconnect
P17301,343,N-linked,glyconnect
P17301,699,N-linked,glyconnect
P08648,182,N-linked,glyconnect
P08648,868,N-linked,glyconnect
P23229,323,N-linked,glyconnect
P23229,770,N-linked,glyconnect
P23229,966,N-linked,glyconnect
P23229,997,N-linked,glyconnect
P20701,89,N-linked,glyconnect
P11215,1021,N-linked,glyconnect
P11215,1044,N-linked,glyconnect
P11215,1050,N-linked,glyconnect
P11215,240,N-linked,glyconnect
P11215,391,N-linked,glyconnect
P11215,734,N-linked,glyconnect
P11215,801,N-linked,glyconnect
P11215,900,N-linked,glyconnect
P06756,488,N-linked,glyconnect
P06756,615,N-linked,glyconnect
P06756,74,N-linked,glyconnect
P06756,945,N-linked,glyconnect
P20702,735,N-linked,glyconnect
P20702,899,N-linked,glyconnect
P20702,939,N-linked,glyconnect
P05556,212,N-linked,glyconnect
P05556,406,N-linked,glyconnect
P05556,481,N-linked,glyconnect
P05556,50,N-linked,glyconnect
P05556,520,N-linked,glyconnect
P05556,669,N-linked,glyconnect
P05107,212,N-linked,glyconnect
P05107,50,N-linked,glyconnect
P05107,642,N-linked,glyconnect
P05106,680,N-linked,glyconnect
P18084,347,N-linked,glyconnect
P18084,586,N-linked,glyconnect
P18564,463,N-linked,glyconnect
P18564,97,N-linked,glyconnect
Q06033,91,N-linked,glyconnect
Q86UX2,97,N-linked,glyconnect
P05362,267,N-linked,glyconnect
Q9NPH3,118,N-linked,glyconnect
Q9Y624,185,N-linked,glyconnect
Q9Y337,208,N-linked,glyconnect
P29622,108,N-linked,glyconnect
P29622,157,N-linked,glyconnect
P29622,238,N-linked,glyconnect
Q6UW63,302,N-linked,glyconnect
Q7Z4H8,306,N-linked,glyconnect
Q7Z4H8,61,N-linked,glyconnect
O60938,167,N-linked,glyconnect
Q9UEF7,159,N-linked,glyconnect
Q08431,238,N-linked,glyconnect
Q08431,325,N-linked,glyconnect
P25391,2098,N-linked,glyconnect
P24043,2028,N-linked,glyconnect
P24043,2126,N-linked,glyconnect
P24043,303,N-linked,glyconnect
P24043,55,N-linked,glyconnect
Q16363,104,N-linked,glyconnect
Q16363,1366,N-linked,glyconnect
Q16363,215,N-linked,glyconnect
Q16363,315,N-linked,glyconnect
Q16363,557,N-linked,glyconnect
Q16363,742,N-linked,glyconnect
Q16363,787,N-linked,glyconnect
O15230,1330,N-linked,glyconnect
O15230,2019,N-linked,glyconnect
O15230,2196,N-linked,glyconnect
O15230,2209,N-linked,glyconnect
O15230,2423,N-linked,glyconnect
O15230,2568,N-linked,glyconnect
O15230,2707,N-linked,glyconnect
O15230,3107,N-linked,glyconnect
O15230,3287,N-linked,glyconnect
O15230,479,N-linked,glyconnect
O15230,95,N-linked,glyconnect
P07942,1041,N-linked,glyconnect
P07942,1279,N-linked,glyconnect
P07942,677,N-linked,glyconnect
P55268,1085,N-linked,glyconnect
P55268,1308,N-linked,glyconnect
P55268,1348,N-linked,glyconnect
P55268,1499,N-linked,glyconnect
P11047,1022,N-linked,glyconnect
P11047,1107,N-linked,glyconnect
P11047,1205,N-linked,glyconnect
P11047,1223,N-linked,glyconnect
P11047,1241,N-linked,glyconnect
P11047,1395,N-linked,glyconnect
P11047,576,N-linked,glyconnect
P11047,650,N-linked,glyconnect
Q13753,342,N-linked,glyconnect
Q13753,942,N-linked,glyconnect
Q96RQ9,134,N-linked,glyconnect
Q96RQ9,54,N-linked,glyconnect
Q14767,343,N-linked,glyconnect
Q14767,421,N-linked,glyconnect
Q14767,616,N-linked,glyconnect
Q99538,167,N-linked,glyconnect
Q99538,263,N-linked,glyconnect
Q8TF66,369,N-linked,glyconnect
Q2I0M4,147,N-linked,glyconnect
Q9HBW1,363,N-linked,glyconnect
Q9NZU0,226,N-linked,glyconnect
Q9UIQ6,834,N-linked,glyconnect
Q9UIQ6,850,N-linked,glyconnect
Q08722,73,N-linked,glyconnect
Q9BU23,616,N-linked,glyconnect
Q5W064,240,N-linked,glyconnect
Q5VXJ0,271,N-linked,glyconnect
O43688,139,N-linked,glyconnect
P23141,79,N-linked,glyconnect
O75015,82,N-linked,glyconnect
Q7Z4F1,56,N-linked,glyconnect
Q9NZR2,1983,N-linked,glyconnect
P98164,1383,N-linked,glyconnect
P98164,3355,N-linked,glyconnect
P98164,4068,N-linked,glyconnect
O75197,138,N-linked,glyconnect
P51884,127,N-linked,glyconnect
P51884,160,N-linked,glyconnect
P51884,252,N-linked,glyconnect
P51884,88,N-linked,glyconnect
O60449,1642,N-linked,glyconnect
O95711,156,N-linked,glyconnect
P19256,169,N-linked,glyconnect
P38571,161,N-linked,glyconnect
P38571,273,N-linked,glyconnect
P38571,321,N-linked,glyconnect
P11117,133,N-linked,glyconnect
P11117,167,N-linked,glyconnect
P11117,177,N-linked,glyconnect
P11117,267,N-linked,glyconnect
P11117,92,N-linked,glyconnect
P10619,145,N-linked,glyconnect
P10619,333,N-linked,glyconnect
P42785,415,N-linked,glyconnect
P42785,47,N-linked,glyconnect
Q14108,105,N-linked,glyconnect
Q14108,206,N-linked,glyconnect
Q14108,249,N-linked,glyconnect
Q14108,304,N-linked,glyconnect
Q14108,325,N-linked,glyconnect
Q14108,412,N-linked,glyconnect
Q14108,68,N-linked,glyconnect
Q9Y4K0,288,N-linked,glyconnect
P58215,390,N-linked,glyconnect
P34810,199,N-linked,glyconnect
P34810,279,N-linked,glyconnect
Q6ZSS7,243,N-linked,glyconnect
Q13296,53,N-linked,glyconnect
O75556,68,N-linked,glyconnect
P48740,178,N-linked,glyconnect
P48740,385,N-linked,glyconnect
P48740,407,N-linked,glyconnect
Q13724,657,N-linked,glyconnect
P15088,255,N-linked,glyconnect
P10721,130,N-linked,glyconnect
P10721,486,N-linked,glyconnect
O95460,69,N-linked,glyconnect
Q9NR99,1735,N-linked,glyconnect
Q9NR99,2007,N-linked,glyconnect
Q9NR99,2056,N-linked,glyconnect
Q9NR99,2203,N-linked,glyconnect
Q9NR99,2415,N-linked,glyconnect
Q9NR99,2500,N-linked,glyconnect
Q9NR99,2693,N-linked,glyconnect
P43356,76,N-linked,glyconnect
Q5JRA6,246,N-linked,glyconnect
Q5JRA6,250,N-linked,glyconnect
Q5JRA6,589,N-linked,glyconnect
P08582,135,N-linked,glyconnect
P08582,515,N-linked,glyconnect
Q14703,148,N-linked,glyconnect
P15529,273,N-linked,glyconnect
P15529,83,N-linked,glyconnect
Q16853,137,N-linked,glyconnect
Q16853,592,N-linked,glyconnect
Q16853,618,N-linked,glyconnect
Q13421,496,N-linked,glyconnect
Q6P4Q7,122,N-linked,glyconnect
Q6P4Q7,127,N-linked,glyconnect
P16455,157,N-linked,glyconnect
Q29983,125,N-linked,glyconnect
Q29983,210,N-linked,glyconnect
P55083,137,N-linked,glyconnect
P55083,87,N-linked,glyconnect
Q9P2G4,694,N-linked,glyconnect
P45984,384,N-linked,glyconnect
O60566,983,N-linked,glyconnect
Q8N2K0,123,N-linked,glyconnect
Q9HC84,145,N-linked,glyconnect
Q9HC84,1556,N-linked,glyconnect
Q9HC84,1774,N-linked,glyconnect
Q9HC84,254,N-linked,glyconnect
Q9HC84,4804,N-linked,glyconnect
Q9HC84,4960,N-linked,glyconnect
Q9HC84,5046,N-linked,glyconnect
Q9HC84,5096,N-linked,glyconnect
Q9HC84,805,N-linked,glyconnect
Q6W4X9,2366,N-linked,glyconnect
Q6W4X9,268,N-linked,glyconnect
Q6W4X9,902,N-linked,glyconnect
Q8TDD5,205,N-linked,glyconnect
Q9H8L6,439,N-linked,glyconnect
Q9UNW1,242,N-linked,glyconnect
P25189,122,N-linked,glyconnect
O95297,130,N-linked,glyconnect
O95297,50,N-linked,glyconnect
O60487,118,N-linked,glyconnect
O60487,39,N-linked,glyconnect
P24158,174,N-linked,glyconnect
P20933,38,N-linked,glyconnect
P34059,204,N-linked,glyconnect
P34059,423,N-linked,glyconnect
Q3T906,179,N-linked,glyconnect
Q3T906,287,N-linked,glyconnect
Q3T906,642,N-linked,glyconnect
Q9NY97,219,N-linked,glyconnect
Q02083,37,N-linked,glyconnect
P16435,175,N-linked,glyconnect
Q15223,139,N-linked,glyconnect
Q15223,202,N-linked,glyconnect
Q15223,297,N-linked,glyconnect
Q92692,137,N-linked,glyconnect
Q96NY8,281,N-linked,glyconnect
Q6UXI9,273,N-linked,glyconnect
P08473,145,N-linked,glyconnect
O95631,417,N-linked,glyconnect
O00634,387,N-linked,glyconnect
P13591,347,N-linked,glyconnect
O15394,474,N-linked,glyconnect
P32004,294,N-linked,glyconnect
P32004,505,N-linked,glyconnect
P32004,671,N-linked,glyconnect
Q9ULB1,125,N-linked,glyconnect
O14594,122,N-linked,glyconnect
P16519,524,N-linked,glyconnect
O94856,305,N-linked,glyconnect
O94856,446,N-linked,glyconnect
O94856,752,N-linked,glyconnect
O94856,778,N-linked,glyconnect
O94856,973,N-linked,glyconnect
O94856,984,N-linked,glyconnect
Q04721,46,N-linked,glyconnect
O95502,42,N-linked,glyconnect
O14786,150,N-linked,glyconnect
O14786,522,N-linked,glyconnect
Q9Y639,197,N-linked,glyconnect
Q9Y639,229,N-linked,glyconnect
Q99574,321,N-linked,glyconnect
Q15758,212,N-linked,glyconnect
Q6PIU2,270,N-linked,glyconnect
Q6PIU2,287,N-linked,glyconnect
P08246,173,N-linked,glyconnect
P08246,88,N-linked,glyconnect
P80188,85,N-linked,glyconnect
Q969V3,428,N-linked,glyconnect
Q92542,264,N-linked,glyconnect
Q92542,417,N-linked,glyconnect
Q92542,435,N-linked,glyconnect
Q92542,45,N-linked,glyconnect
Q92542,506,N-linked,glyconnect
Q92542,530,N-linked,glyconnect
Q92542,612,N-linked,glyconnect
Q14112,658,N-linked,glyconnect
Q14112,693,N-linked,glyconnect
Q14112,703,N-linked,glyconnect
O15118,185,N-linked,glyconnect
O15118,222,N-linked,glyconnect
Q15155,218,N-linked,glyconnect
Q15155,369,N-linked,glyconnect
Q15155,618,N-linked,glyconnect
Q5JPE7,218,N-linked,glyconnect
Q5JPE7,369,N-linked,glyconnect
Q5JPE7,618,N-linked,glyconnect
P69849,218,N-linked,glyconnect
P69849,369,N-linked,glyconnect
P69849,618,N-linked,glyconnect
P51688,41,N-linked,glyconnect
O14524,125,N-linked,glyconnect
P52948,606,N-linked,glyconnect
Q8TEM1,1441,N-linked,glyconnect
Q8TEM1,405,N-linked,glyconnect
Q8TEM1,44,N-linked,glyconnect
Q8TEM1,801,N-linked,glyconnect
Q8TEM1,926,N-linked,glyconnect
O00567,207,N-linked,glyconnect
Q9H173,193,N-linked,glyconnect
Q6UX06,193,N-linked,glyconnect
Q6UX06,352,N-linked,glyconnect
Q6UX06,72,N-linked,glyconnect
Q6UWY5,138,N-linked,glyconnect
Q6UWY5,183,N-linked,glyconnect
Q9NRN5,177,N-linked,glyconnect
Q9NRN5,248,N-linked,glyconnect
Q99983,242,N-linked,glyconnect
Q86WC4,128,N-linked,glyconnect
Q86WC4,216,N-linked,glyconnect
Q86WC4,263,N-linked,glyconnect
Q86WC4,93,N-linked,glyconnect
Q99571,153,N-linked,glyconnect
Q99571,184,N-linked,glyconnect
Q99571,208,N-linked,glyconnect
Q99571,75,N-linked,glyconnect
P02675,394,N-linked,glyconnect
Q99572,187,N-linked,glyconnect
P50897,197,N-linked,glyconnect
P50897,212,N-linked,glyconnect
P50897,232,N-linked,glyconnect
P55259,291,N-linked,glyconnect
Q13219,429,N-linked,glyconnect
P45877,190,N-linked,glyconnect
Q96AY3,182,N-linked,glyconnect
Q96AY3,294,N-linked,glyconnect
Q96AY3,310,N-linked,glyconnect
Q96AY3,393,N-linked,glyconnect
Q96AY3,407,N-linked,glyconnect
Q96AY3,70,N-linked,glyconnect
O95302,174,N-linked,glyconnect
O95302,286,N-linked,glyconnect
O95302,397,N-linked,glyconnect
Q15063,599,N-linked,glyconnect
Q92626,1178,N-linked,glyconnect
Q92626,1280,N-linked,glyconnect
Q92626,1425,N-linked,glyconnect
Q92626,731,N-linked,glyconnect
P02679,78,N-linked,glyconnect
P80108,321,N-linked,glyconnect
P80108,568,N-linked,glyconnect
P80108,659,N-linked,glyconnect
Q9BVG9,181,N-linked,glyconnect
Q6P4A8,366,N-linked,glyconnect
Q6P4A8,411,N-linked,glyconnect
Q6P4A8,71,N-linked,glyconnect
Q8IV08,236,N-linked,glyconnect
Q8IV08,284,N-linked,glyconnect
Q8IV08,387,N-linked,glyconnect
Q96BZ4,417,N-linked,glyconnect
Q63HM9,83,N-linked,glyconnect
P53801,54,N-linked,glyconnect
Q9BTY2,377,N-linked,glyconnect
Q15198,219,N-linked,glyconnect
P16284,151,N-linked,glyconnect
P02751,1236,N-linked,glyconnect
P02751,1291,N-linked,glyconnect
P02751,430,N-linked,glyconnect
P16671,321,N-linked,glyconnect
P16671,417,N-linked,glyconnect
P16671,79,N-linked,glyconnect
O15031,1002,N-linked,glyconnect
O15031,1049,N-linked,glyconnect
O15031,1068,N-linked,glyconnect
O15031,1099,N-linked,glyconnect
O15031,127,N-linked,glyconnect
O15031,528,N-linked,glyconnect
O15031,733,N-linked,glyconnect
O15031,759,N-linked,glyconnect
O15031,844,N-linked,glyconnect
Q9ULL4,900,N-linked,glyconnect
Q9Y4D7,500,N-linked,glyconnect
Q9Y4D7,696,N-linked,glyconnect
Q6UX71,160,N-linked,glyconnect
Q6UX71,316,N-linked,glyconnect
Q6UX71,345,N-linked,glyconnect
O00592,104,N-linked,glyconnect
O00592,360,N-linked,glyconnect
Q7Z5L7,281,N-linked,glyconnect
Q7Z5L7,299,N-linked,glyconnect
Q14435,132,N-linked,glyconnect
Q96FM1,40,N-linked,glyconnect
Q96AQ6,455,N-linked,glyconnect
P20742,932,N-linked,glyconnect
P20742,997,N-linked,glyconnect
Q9UHG3,196,N-linked,glyconnect
Q9UHG3,323,N-linked,glyconnect
Q9UHG3,353,N-linked,glyconnect
Q7Z3G6,551,N-linked,glyconnect
Q96SM3,318,N-linked,glyconnect
Q7Z388,123,N-linked,glyconnect
Q7Z388,389,N-linked,glyconnect
Q9NUN5,78,N-linked,glyconnect
Q9H3G5,307,N-linked,glyconnect
Q9H3G5,346,N-linked,glyconnect
Q9H3G5,81,N-linked,glyconnect
Q8NBJ5,184,N-linked,glyconnect
Q8NBJ5,381,N-linked,glyconnect
Q8NBJ5,96,N-linked,glyconnect
Q8IYK4,382,N-linked,glyconnect
Q02809,197,N-linked,glyconnect
Q02809,538,N-linked,glyconnect
Q02809,686,N-linked,glyconnect
O60568,548,N-linked,glyconnect
O60568,63,N-linked,glyconnect
P12273,105,N-linked,glyconnect
P51888,124,N-linked,glyconnect
P51888,289,N-linked,glyconnect
P51888,327,N-linked,glyconnect
Q07954,136,N-linked,glyconnect
Q07954,1511,N-linked,glyconnect
Q07954,1575,N-linked,glyconnect
Q07954,1616,N-linked,glyconnect
Q07954,1645,N-linked,glyconnect
Q07954,1763,N-linked,glyconnect
Q07954,1825,N-linked,glyconnect
Q07954,1995,N-linked,glyconnect
Q07954,2117,N-linked,glyconnect
Q07954,2127,N-linked,glyconnect
Q07954,239,N-linked,glyconnect
Q07954,2472,N-linked,glyconnect
Q07954,2601,N-linked,glyconnect
Q07954,2620,N-linked,glyconnect
Q07954,2638,N-linked,glyconnect
Q07954,2905,N-linked,glyconnect
Q07954,3048,N-linked,glyconnect
Q07954,3089,N-linked,glyconnect
Q07954,3333,N-linked,glyconnect
Q07954,3488,N-linked,glyconnect
Q07954,357,N-linked,glyconnect
Q07954,3662,N-linked,glyconnect
Q07954,3788,N-linked,glyconnect
Q07954,3839,N-linked,glyconnect
Q07954,3953,N-linked,glyconnect
Q07954,4075,N-linked,glyconnect
Q07954,446,N-linked,glyconnect
Q07954,729,N-linked,glyconnect
Q32P28,467,N-linked,glyconnect
Q32P28,540,N-linked,glyconnect
P13674,113,N-linked,glyconnect
Q12884,99,N-linked,glyconnect
O43490,220,N-linked,glyconnect
O43490,274,N-linked,glyconnect
Q8N271,707,N-linked,glyconnect
Q8N271,725,N-linked,glyconnect
Q5JU69,149,N-linked,glyconnect
P07602,101,N-linked,glyconnect
P07602,80,N-linked,glyconnect
Q9P2B2,286,N-linked,glyconnect
Q9P2B2,300,N-linked,glyconnect
Q9P2B2,413,N-linked,glyconnect
Q9P2B2,525,N-linked,glyconnect
Q9P2B2,600,N-linked,glyconnect
P23219,67,N-linked,glyconnect
P35354,130,N-linked,glyconnect
P35354,53,N-linked,glyconnect
P35354,580,N-linked,glyconnect
Q9BT09,153,N-linked,glyconnect
Q6P4E1,150,N-linked,glyconnect
O75629,160,N-linked,glyconnect
O75629,193,N-linked,glyconnect
O75629,216,N-linked,glyconnect
Q13087,516,N-linked,glyconnect
Q96JJ7,258,N-linked,glyconnect
Q7Z589,1199,N-linked,glyconnect
A8MVW0,265,N-linked,glyconnect
A8MVW0,66,N-linked,glyconnect
Q96BQ1,107,N-linked,glyconnect
Q5VW38,169,N-linked,glyconnect
A0A075B7F1,95,N-linked,glyconnect
Q9H0X4,389,N-linked,glyconnect
Q8NBL1,204,N-linked,glyconnect
Q9H5K3,67,N-linked,glyconnect
Q9UKY4,583,N-linked,glyconnect
Q9UKY4,98,N-linked,glyconnect
Q13438,177,N-linked,glyconnect
Q9UBV2,195,N-linked,glyconnect
Q9UBV2,217,N-linked,glyconnect
Q9UBV2,272,N-linked,glyconnect
Q9UBV2,431,N-linked,glyconnect
Q9UBV2,608,N-linked,glyconnect
Q9P2J2,188,N-linked,glyconnect
Q9C0H2,144,N-linked,glyconnect
P41221,114,N-linked,glyconnect
Q9UK55,180,N-linked,glyconnect
Q9UK55,295,N-linked,glyconnect
Q9UN75,257,N-linked,glyconnect
Q9UN67,567,N-linked,glyconnect
Q9Y5F2,567,N-linked,glyconnect
Q9Y5E9,567,N-linked,glyconnect
Q9Y5E8,567,N-linked,glyconnect
Q9NRJ7,567,N-linked,glyconnect
Q9Y5E7,569,N-linked,glyconnect
Q9Y5E6,567,N-linked,glyconnect
Q9Y5E4,566,N-linked,glyconnect
Q9UN66,568,N-linked,glyconnect
Q9Y5E1,567,N-linked,glyconnect
Q9Y5G3,541,N-linked,glyconnect
Q9Y5G2,545,N-linked,glyconnect
Q9UN71,543,N-linked,glyconnect
Q9Y5G0,541,N-linked,glyconnect
Q9Y5F8,545,N-linked,glyconnect
Q9H792,589,N-linked,glyconnect
A6NGU5,297,N-linked,glyconnect
A6NGU5,344,N-linked,glyconnect
Q58FF7,331,N-linked,glyconnect
Q58FF7,46,N-linked,glyconnect
Q8NHP8,465,N-linked,glyconnect
Q8NHP8,515,N-linked,glyconnect
Q8NHP8,88,N-linked,glyconnect
Q12913,501,N-linked,glyconnect
P10586,721,N-linked,glyconnect
P10586,966,N-linked,glyconnect
Q15262,140,N-linked,glyconnect
Q15262,211,N-linked,glyconnect
Q15262,416,N-linked,glyconnect
P04626,124,N-linked,glyconnect
P04626,187,N-linked,glyconnect
P04626,259,N-linked,glyconnect
P04626,530,N-linked,glyconnect
P04626,629,N-linked,glyconnect
P21860,250,N-linked,glyconnect
P21860,353,N-linked,glyconnect
P21860,437,N-linked,glyconnect
Q15293,53,N-linked,glyconnect
Q96D15,140,N-linked,glyconnect
O75106,133,N-linked,glyconnect
Q9HB40,126,N-linked,glyconnect
Q9BRR9,330,N-linked,glyconnect
O94955,407,N-linked,glyconnect
O00584,106,N-linked,glyconnect
O00584,212,N-linked,glyconnect
O00472,500,N-linked,glyconnect
Q8WTV0,227,N-linked,glyconnect
Q86VB7,1027,N-linked,glyconnect
Q86VB7,123,N-linked,glyconnect
Q86VB7,445,N-linked,glyconnect
O95171,562,N-linked,glyconnect
Q92765,49,N-linked,glyconnect
Q6FHJ7,194,N-linked,glyconnect
P05060,315,N-linked,glyconnect
Q96G97,88,N-linked,glyconnect
P49908,174,N-linked,glyconnect
P49908,83,N-linked,glyconnect
Q99985,123,N-linked,glyconnect
Q99985,585,N-linked,glyconnect
Q13275,126,N-linked,glyconnect
Q9NS98,44,N-linked,glyconnect
Q9C0C4,522,N-linked,glyconnect
Q92854,419,N-linked,glyconnect
Q9NTN9,55,N-linked,glyconnect
O95084,207,N-linked,glyconnect
O95084,93,N-linked,glyconnect
Q16512,154,N-linked,glyconnect
P49591,427,N-linked,glyconnect
P35542,94,N-linked,glyconnect
Q15165,254,N-linked,glyconnect
Q15165,323,N-linked,glyconnect
Q9HAT2,267,N-linked,glyconnect
Q9HAT2,401,N-linked,glyconnect
Q99519,186,N-linked,glyconnect
Q04900,146,N-linked,glyconnect
Q04900,72,N-linked,glyconnect
Q9NQ36,761,N-linked,glyconnect
Q8TCT8,149,N-linked,glyconnect
O00241,244,N-linked,glyconnect
O00241,269,N-linked,glyconnect
O75094,1181,N-linked,glyconnect
Q9UN76,174,N-linked,glyconnect
Q9UN76,189,N-linked,glyconnect
Q9UN76,302,N-linked,glyconnect
P35499,1205,N-linked,glyconnect
Q01118,309,N-linked,glyconnect
P05026,158,N-linked,glyconnect
P05026,193,N-linked,glyconnect
P05026,265,N-linked,glyconnect
P14415,118,N-linked,glyconnect
P54709,124,N-linked,glyconnect
P54709,240,N-linked,glyconnect
Q8WVQ1,88,N-linked,glyconnect
P55011,553,N-linked,glyconnect
Q9UHW9,398,N-linked,glyconnect
Q9Y666,312,N-linked,glyconnect
Q8IVN8,227,N-linked,glyconnect
Q99523,162,N-linked,glyconnect
Q99523,274,N-linked,glyconnect
Q99523,406,N-linked,glyconnect
Q99523,98,N-linked,glyconnect
Q92673,1068,N-linked,glyconnect
Q92673,158,N-linked,glyconnect
Q92673,1608,N-linked,glyconnect
Q92673,1733,N-linked,glyconnect
Q92673,1854,N-linked,glyconnect
Q92673,1894,N-linked,glyconnect
Q92673,2010,N-linked,glyconnect
Q92673,2054,N-linked,glyconnect
Q92673,871,N-linked,glyconnect
Q8N412,327,N-linked,glyconnect
Q9HCB6,214,N-linked,glyconnect
O76061,73,N-linked,glyconnect
P08842,259,N-linked,glyconnect
Q13586,171,N-linked,glyconnect
Q8NBK3,141,N-linked,glyconnect
Q8NBJ7,191,N-linked,glyconnect
O00391,130,N-linked,glyconnect
Q9UBS9,202,N-linked,glyconnect
Q9UBS9,524,N-linked,glyconnect
Q9UBS9,530,N-linked,glyconnect
Q9UBS9,928,N-linked,glyconnect
Q9UBS9,963,N-linked,glyconnect
Q9UH99,636,N-linked,glyconnect
P00441,87,N-linked,glyconnect
Q9Y5Y6,109,N-linked,glyconnect
Q9Y5Y6,485,N-linked,glyconnect
Q9Y5Y6,772,N-linked,glyconnect
Q9UGT4,162,N-linked,glyconnect
Q92791,361,N-linked,glyconnect
Q16563,71,N-linked,glyconnect
O15533,253,N-linked,glyconnect
Q7Z7G0,878,N-linked,glyconnect
Q8TB96,139,N-linked,glyconnect
Q5UIP0,105,N-linked,glyconnect
P24821,1018,N-linked,glyconnect
P24821,1034,N-linked,glyconnect
P24821,1093,N-linked,glyconnect
P24821,1119,N-linked,glyconnect
P24821,1210,N-linked,glyconnect
P24821,1366,N-linked,glyconnect
P24821,1392,N-linked,glyconnect
P24821,1485,N-linked,glyconnect
P24821,166,N-linked,glyconnect
P24821,1809,N-linked,glyconnect
P24821,184,N-linked,glyconnect
P24821,327,N-linked,glyconnect
Q9UQP3,1149,N-linked,glyconnect
Q9UQP3,1168,N-linked,glyconnect
Q9NT68,2197,N-linked,glyconnect
O60635,141,N-linked,glyconnect
O60635,154,N-linked,glyconnect
O95857,137,N-linked,glyconnect
Q96AE7,634,N-linked,glyconnect
Q6PKC3,595,N-linked,glyconnect
Q96J42,181,N-linked,glyconnect
Q96J42,293,N-linked,glyconnect
Q9H1E5,46,N-linked,glyconnect
P40238,117,N-linked,glyconnect
P35442,1069,N-linked,glyconnect
P35442,151,N-linked,glyconnect
P35442,316,N-linked,glyconnect
P35442,330,N-linked,glyconnect
P49746,407,N-linked,glyconnect
P49746,937,N-linked,glyconnect
Q6ZMP0,373,N-linked,glyconnect
Q6ZMP0,441,N-linked,glyconnect
Q6ZMP0,709,N-linked,glyconnect
P04216,119,N-linked,glyconnect
P04216,79,N-linked,glyconnect
P04066,268,N-linked,glyconnect
P04066,382,N-linked,glyconnect
P13726,156,N-linked,glyconnect
Q9BX74,197,N-linked,glyconnect
Q9BRN9,140,N-linked,glyconnect
Q9BRN9,157,N-linked,glyconnect
Q9BRN9,169,N-linked,glyconnect
Q9BRN9,87,N-linked,glyconnect
O60603,414,N-linked,glyconnect
O43897,169,N-linked,glyconnect
Q9Y6L7,171,N-linked,glyconnect
O14656,158,N-linked,glyconnect
Q5JTV8,399,N-linked,glyconnect
Q8NFQ8,286,N-linked,glyconnect
O14657,64,N-linked,glyconnect
Q9Y2L5,1340,N-linked,glyconnect
P20061,216,N-linked,glyconnect
P01137,82,N-linked,glyconnect
P61812,140,N-linked,glyconnect
P10600,135,N-linked,glyconnect
Q15629,355,N-linked,glyconnect
P43307,136,N-linked,glyconnect
P43307,191,N-linked,glyconnect
P43308,104,N-linked,glyconnect
P43308,88,N-linked,glyconnect
O15321,178,N-linked,glyconnect
Q9HD45,174,N-linked,glyconnect
Q7Z7H5,117,N-linked,glyconnect
Q9Y3B3,103,N-linked,glyconnect
Q9BVK6,125,N-linked,glyconnect
Q14956,200,N-linked,glyconnect
Q14956,249,N-linked,glyconnect
Q14956,275,N-linked,glyconnect
Q14956,93,N-linked,glyconnect
O15393,213,N-linked,glyconnect
O15393,249,N-linked,glyconnect
Q9NUM4,183,N-linked,glyconnect
Q9NUM4,256,N-linked,glyconnect
Q92545,168,N-linked,glyconnect
Q92545,290,N-linked,glyconnect
Q92545,959,N-linked,glyconnect
Q9UHN6,1005,N-linked,glyconnect
Q9UHN6,914,N-linked,glyconnect
Q9H6L2,221,N-linked,glyconnect
Q9H330,551,N-linked,glyconnect
Q9H330,575,N-linked,glyconnect
Q8NBN3,127,N-linked,glyconnect
Q8NBN3,62,N-linked,glyconnect
Q96K49,68,N-linked,glyconnect
Q9HCN3,535,N-linked,glyconnect
Q9P0T7,47,N-linked,glyconnect
O14773,210,N-linked,glyconnect
O14773,313,N-linked,glyconnect
O14773,443,N-linked,glyconnect
Q08J23,130,N-linked,glyconnect
Q13641,124,N-linked,glyconnect
Q13641,275,N-linked,glyconnect
Q15661,132,N-linked,glyconnect
Q15661,233,N-linked,glyconnect
P20231,233,N-linked,glyconnect
Q9UJT0,401,N-linked,glyconnect
Q9GZM7,161,N-linked,glyconnect
Q9GZM7,78,N-linked,glyconnect
P09758,120,N-linked,glyconnect
P09758,168,N-linked,glyconnect
P09758,208,N-linked,glyconnect
P25942,180,N-linked,glyconnect
Q9GZX9,81,N-linked,glyconnect
Q9Y274,308,N-linked,glyconnect
P23458,769,N-linked,glyconnect
Q12866,207,N-linked,glyconnect
Q9NYU2,269,N-linked,glyconnect
Q9NYU1,920,N-linked,glyconnect
P22309,347,N-linked,glyconnect
Q9HAW8,344,N-linked,glyconnect
P35503,348,N-linked,glyconnect
P22310,348,N-linked,glyconnect
P35504,348,N-linked,glyconnect
P19224,346,N-linked,glyconnect
Q9HAW7,344,N-linked,glyconnect
Q9HAW9,344,N-linked,glyconnect
O60656,344,N-linked,glyconnect
Q6NSJ0,511,N-linked,glyconnect
Q6UXG2,576,N-linked,glyconnect
Q6UXG2,672,N-linked,glyconnect
Q6UXG2,717,N-linked,glyconnect
Q7Z4R8,53,N-linked,glyconnect
Q8IYL3,154,N-linked,glyconnect
Q9Y2C2,173,N-linked,glyconnect
B0FP48,110,N-linked,glyconnect
B0FP48,140,N-linked,glyconnect
Q96RL7,1071,N-linked,glyconnect
P13611,330,N-linked,glyconnect
O75396,172,N-linked,glyconnect
Q12907,183,N-linked,glyconnect
P09327,526,N-linked,glyconnect
P38435,627,N-linked,glyconnect
P54289,324,N-linked,glyconnect
Q96PQ0,830,N-linked,glyconnect
Q7Z7D3,112,N-linked,glyconnect
Q9Y487,505,N-linked,glyconnect
O15342,70,N-linked,glyconnect
Q15904,170,N-linked,glyconnect
Q15904,273,N-linked,glyconnect
P01011,127,N-linked,glyconnect
P01011,186,N-linked,glyconnect
Q5VU97,587,N-linked,glyconnect
Q14508,44,N-linked,glyconnect
O76024,661,N-linked,glyconnect
O76024,746,N-linked,glyconnect
Q7Z739,175,N-linked,glyconnect
Q7Z739,21,N-linked,glyconnect
Q13433,241,N-linked,glyconnect
Q13433,266,N-linked,glyconnect
Q13433,67,N-linked,glyconnect
P01909,103,N-linked,glyconnect
P15260,179,N-linked,glyconnect
P05783,423,N-linked,glyconnect
P05787,408,N-linked,glyconnect
Q14766,347,N-linked,glyconnect
Q14766,378,N-linked,glyconnect
P08575,234,N-linked,glyconnect
P08575,337,N-linked,glyconnect
P08575,380,N-linked,glyconnect
P08575,421,N-linked,glyconnect
P08575,470,N-linked,glyconnect
P08575,490,N-linked,glyconnect
P01130,272,N-linked,glyconnect
P01130,657,N-linked,glyconnect
P14151,104,N-linked,glyconnect
P11279,181,N-linked,glyconnect
P11279,241,N-linked,glyconnect
P11279,261,N-linked,glyconnect
P11279,293,N-linked,glyconnect
P11279,62,N-linked,glyconnect
P11279,84,N-linked,glyconnect
P13473,101,N-linked,glyconnect
P13473,123,N-linked,glyconnect
P13473,242,N-linked,glyconnect
P13473,257,N-linked,glyconnect
P13473,275,N-linked,glyconnect
P13473,300,N-linked,glyconnect
P13473,32,N-linked,glyconnect
P13473,356,N-linked,glyconnect
P13473,49,N-linked,glyconnect
P13473,58,N-linked,glyconnect
P13473,75,N-linked,glyconnect
P15941,1055,N-linked,glyconnect
P05164,323,N-linked,glyconnect
P05164,355,N-linked,glyconnect
P05164,391,N-linked,glyconnect
P17050,124,N-linked,glyconnect
P17050,177,N-linked,glyconnect
P04278,380,N-linked,glyconnect
P04278,396,N-linked,glyconnect
P04114,185,N-linked,glyconnect
P04114,2779,N-linked,glyconnect
P04114,2982,N-linked,glyconnect
P04114,3224,N-linked,glyconnect
P04114,3336,N-linked,glyconnect
P04114,34,N-linked,glyconnect
P04114,3411,N-linked,glyconnect
P04114,3465,N-linked,glyconnect
P04114,3895,N-linked,glyconnect
P04114,983,N-linked,glyconnect
P07996,248,N-linked,glyconnect
P07996,360,N-linked,glyconnect
P07996,708,N-linked,glyconnect
P01266,1365,N-linked,glyconnect
P14780,120,N-linked,glyconnect
P00750,152,N-linked,glyconnect
P02786,251,N-linked,glyconnect
P33151,535,N-linked,glyconnect
P04070,139,N-linked,glyconnect
P04070,290,N-linked,glyconnect
P04275,2223,N-linked,glyconnect
P04275,2585,N-linked,glyconnect
P04275,857,N-linked,glyconnect
Q9GZM5,337,N-linked,glyconnect
P01877,92,N-linked,glyconnect
P40189,83,N-linked,glyconnect
P78324,110,N-linked,glyconnect
P78324,245,N-linked,glyconnect
P78324,270,N-linked,glyconnect
P0C0L4,1391,N-linked,glyconnect
P0C0L4,862,N-linked,glyconnect
P98160,3780,N-linked,glyconnect
P98160,3836,N-linked,glyconnect
P98160,4068,N-linked,glyconnect
P98160,554,N-linked,glyconnect
P98160,89,N-linked,glyconnect
Q13308,567,N-linked,glyconnect
Q13308,646,N-linked,glyconnect
P04233,130,N-linked,glyconnect
P04233,136,N-linked,glyconnect
P05154,262,N-linked,glyconnect
Q6EMK4,273,N-linked,glyconnect
Q6EMK4,500,N-linked,glyconnect
P02750,269,N-linked,glyconnect
P02750,325,N-linked,glyconnect
P02749,183,N-linked,glyconnect
O75882,1043,N-linked,glyconnect
O75882,1073,N-linked,glyconnect
O75882,1082,N-linked,glyconnect
O75882,264,N-linked,glyconnect
O75882,300,N-linked,glyconnect
O75882,383,N-linked,glyconnect
O75882,416,N-linked,glyconnect
O75882,731,N-linked,glyconnect
O75882,914,N-linked,glyconnect
Q9NY15,413,N-linked,glyconnect
Q9NY15,816,N-linked,glyconnect
P55058,143,N-linked,glyconnect
P55058,64,N-linked,glyconnect
P25311,109,N-linked,glyconnect
P78423,33,N-linked,glyconnect
Q96IY4,73,N-linked,glyconnect
Q13790,118,N-linked,glyconnect
Q13790,139,N-linked,glyconnect
P01133,104,N-linked,glyconnect
O60637,167,N-linked,glyconnect
P00736,221,N-linked,glyconnect
P03952,308,N-linked,glyconnect
P03952,453,N-linked,glyconnect
P03952,494,N-linked,glyconnect
Q14118,661,N-linked,glyconnect
P08603,217,N-linked,glyconnect
P10253,140,N-linked,glyconnect
P10253,233,N-linked,glyconnect
P10253,470,N-linked,glyconnect
P10253,652,N-linked,glyconnect
P10253,925,N-linked,glyconnect
P01023,247,N-linked,glyconnect
P01023,55,N-linked,glyconnect
P01023,991,N-linked,glyconnect
P43652,488,N-linked,glyconnect
Q8WXD2,346,N-linked,glyconnect
Q9Y5Y7,53,N-linked,glyconnect
P16070,25,N-linked,glyconnect
P16070,57,N-linked,glyconnect
P05156,177,N-linked,glyconnect
P05156,464,N-linked,glyconnect
P05156,536,N-linked,glyconnect
P05156,70,N-linked,glyconnect
O00469,209,N-linked,glyconnect
O00469,696,N-linked,glyconnect
P05155,69,N-linked,glyconnect
P05543,165,N-linked,glyconnect
P05543,253,N-linked,glyconnect
P98095,1035,N-linked,glyconnect
P98095,507,N-linked,glyconnect
Q13361,79,N-linked,glyconnect
P00751,285,N-linked,glyconnect
P00751,378,N-linked,glyconnect
P10909,145,N-linked,glyconnect
P10909,291,N-linked,glyconnect
P10909,354,N-linked,glyconnect
P10909,86,N-linked,glyconnect
Q92954,1159,N-linked,glyconnect
Q9UBG0,492,N-linked,glyconnect
Q9UBG0,497,N-linked,glyconnect
Q9UBG0,634,N-linked,glyconnect
P20774,214,N-linked,glyconnect
P17948,164,N-linked,glyconnect
P17948,251,N-linked,glyconnect
P08571,282,N-linked,glyconnect
O00754,367,N-linked,glyconnect
O00754,692,N-linked,glyconnect
O00754,766,N-linked,glyconnect
O00754,832,N-linked,glyconnect
O00754,930,N-linked,glyconnect
Q96PD5,77,N-linked,glyconnect
P08185,260,N-linked,glyconnect
P08185,31,N-linked,glyconnect
P08185,330,N-linked,glyconnect
P08185,369,N-linked,glyconnect
P13671,855,N-linked,glyconnect
Q8WWB7,134,N-linked,glyconnect
Q6YHK3,118,N-linked,glyconnect
Q6YHK3,247,N-linked,glyconnect
Q6YHK3,287,N-linked,glyconnect
Q6YHK3,337,N-linked,glyconnect
Q6YHK3,41,N-linked,glyconnect
Q6YHK3,419,N-linked,glyconnect
Q6YHK3,68,N-linked,glyconnect
P15586,111,N-linked,glyconnect
P15586,183,N-linked,glyconnect
P15586,279,N-linked,glyconnect
P15586,387,N-linked,glyconnect
P15586,405,N-linked,glyconnect
P15586,422,N-linked,glyconnect
Q9HDC9,160,N-linked,glyconnect
Q9HDC9,196,N-linked,glyconnect
P54802,261,N-linked,glyconnect
P04196,344,N-linked,glyconnect
P04196,63,N-linked,glyconnect
P10643,202,N-linked,glyconnect
Q13508,248,N-linked,glyconnect
P15144,234,N-linked,glyconnect
P15144,42,N-linked,glyconnect
P15144,681,N-linked,glyconnect
P15144,735,N-linked,glyconnect
P15144,818,N-linked,glyconnect
P28300,81,N-linked,glyconnect
Q16880,333,N-linked,glyconnect
Q16880,442,N-linked,glyconnect
Q16880,78,N-linked,glyconnect
Q6PK18,215,N-linked,glyconnect
Q6PK18,267,N-linked,glyconnect
P04035,281,N-linked,glyconnect
P08195,365,N-linked,glyconnect
P08195,381,N-linked,glyconnect
P08195,424,N-linked,glyconnect
P54646,388,N-linked,glyconnect
Q13510,259,N-linked,glyconnect
Q13510,286,N-linked,glyconnect
Q13510,342,N-linked,glyconnect
Q13510,348,N-linked,glyconnect
Q92484,263,N-linked,glyconnect
Q6UY14,1001,N-linked,glyconnect
P30542,159,N-linked,glyconnect
Q9UHX3,111,N-linked,glyconnect
Q9UHX3,41,N-linked,glyconnect
O95490,731,N-linked,glyconnect
Q8IUX7,528,N-linked,glyconnect
Q8IUX7,922,N-linked,glyconnect
P58397,125,N-linked,glyconnect
P58397,1276,N-linked,glyconnect
P58397,215,N-linked,glyconnect
O00468,135,N-linked,glyconnect
O00468,250,N-linked,glyconnect
O00468,777,N-linked,glyconnect
O00468,932,N-linked,glyconnect
Q9UKA4,208,N-linked,glyconnect
P12821,1225,N-linked,glyconnect
P12821,146,N-linked,glyconnect
P12821,445,N-linked,glyconnect
P12821,523,N-linked,glyconnect
P12821,695,N-linked,glyconnect
Q16620,178,N-linked,glyconnect
Q16620,241,N-linked,glyconnect
Q16620,254,N-linked,glyconnect
Q16620,325,N-linked,glyconnect
Q16620,61,N-linked,glyconnect
Q16620,95,N-linked,glyconnect
P43251,150,N-linked,glyconnect
P20851,214,N-linked,glyconnect
P20851,71,N-linked,glyconnect
P22792,348,N-linked,glyconnect
P13688,475,N-linked,glyconnect
P11717,112,N-linked,glyconnect
P11717,210,N-linked,glyconnect
P11717,2348,N-linked,glyconnect
P11717,517,N-linked,glyconnect
P11717,67,N-linked,glyconnect
Q9BY67,308,N-linked,glyconnect
P06276,284,N-linked,glyconnect
P06276,369,N-linked,glyconnect
P06276,509,N-linked,glyconnect
P12259,1559,N-linked,glyconnect
P12259,1698,N-linked,glyconnect
P12259,2064,N-linked,glyconnect
P12259,297,N-linked,glyconnect
P12259,382,N-linked,glyconnect
P12259,468,N-linked,glyconnect
P12259,938,N-linked,glyconnect
P00748,181,N-linked,glyconnect
P12111,1150,N-linked,glyconnect
P12111,2324,N-linked,glyconnect
P06681,467,N-linked,glyconnect
P06681,703,N-linked,glyconnect
P01031,1630,N-linked,glyconnect
P01031,741,N-linked,glyconnect
Q8IWV2,1006,N-linked,glyconnect
Q8IWV2,466,N-linked,glyconnect
Q8IWV2,65,N-linked,glyconnect
Q8IWV2,705,N-linked,glyconnect
Q8IWV2,764,N-linked,glyconnect
Q8IWV2,929,N-linked,glyconnect
Q02487,675,N-linked,glyconnect
Q14126,789,N-linked,glyconnect
P27487,150,N-linked,glyconnect
P27487,263,N-linked,glyconnect
Q6P179,294,N-linked,glyconnect
Q6P179,714,N-linked,glyconnect
Q6P179,879,N-linked,glyconnect
Q9Y2E5,748,N-linked,glyconnect
Q16610,311,N-linked,glyconnect
Q8IXL6,470,N-linked,glyconnect
P35555,1713,N-linked,glyconnect
P35555,2346,N-linked,glyconnect
P35555,2767,N-linked,glyconnect
P35555,448,N-linked,glyconnect
P35555,57,N-linked,glyconnect
P35555,78,N-linked,glyconnect
P11362,586,N-linked,glyconnect
P11362,724,N-linked,glyconnect
Q08380,192,N-linked,glyconnect
Q86SQ4,1169,N-linked,glyconnect
Q86SQ4,143,N-linked,glyconnect
Q86SQ4,314,N-linked,glyconnect
Q86SQ4,324,N-linked,glyconnect
Q86SQ4,505,N-linked,glyconnect
Q86SQ4,667,N-linked,glyconnect
Q86SQ4,776,N-linked,glyconnect
Q04756,290,N-linked,glyconnect
Q04756,492,N-linked,glyconnect
Q04756,546,N-linked,glyconnect
P26927,155,N-linked,glyconnect
P26927,238,N-linked,glyconnect
P26927,72,N-linked,glyconnect
P00533,175,N-linked,glyconnect
P00533,271,N-linked,glyconnect
P00533,468,N-linked,glyconnect
P00533,816,N-linked,glyconnect
Q9Y6R7,1063,N-linked,glyconnect
Q9Y6R7,1743,N-linked,glyconnect
Q9Y6R7,1830,N-linked,glyconnect
Q9Y6R7,2138,N-linked,glyconnect
Q9Y6R7,5186,N-linked,glyconnect
Q9Y6R7,5242,N-linked,glyconnect
Q9Y6R7,91,N-linked,glyconnect
P19652,88,N-linked,glyconnect
P08648,297,N-linked,glyconnect
P08648,518,N-linked,glyconnect
P08648,675,N-linked,glyconnect
P08648,773,N-linked,glyconnect
Q9NPH3,299,N-linked,glyconnect
Q9NPH3,57,N-linked,glyconnect
P24043,1597,N-linked,glyconnect
P24043,1614,N-linked,glyconnect
P24043,1700,N-linked,glyconnect
P24043,1810,N-linked,glyconnect
P24043,1916,N-linked,glyconnect
P24043,2017,N-linked,glyconnect
P24043,2045,N-linked,glyconnect
P24043,2240,N-linked,glyconnect
P24043,2360,N-linked,glyconnect
P24043,2478,N-linked,glyconnect
P24043,2558,N-linked,glyconnect
P24043,2648,N-linked,glyconnect
P24043,2893,N-linked,glyconnect
P24043,363,N-linked,glyconnect
P24043,470,N-linked,glyconnect
P24043,89,N-linked,glyconnect
Q16363,465,N-linked,glyconnect
Q16363,531,N-linked,glyconnect
Q16363,810,N-linked,glyconnect
P07942,1336,N-linked,glyconnect
P07942,1542,N-linked,glyconnect
P07942,330,N-linked,glyconnect
Q13421,388,N-linked,glyconnect
Q13421,523,N-linked,glyconnect
Q9H8L6,205,N-linked,glyconnect
Q9H8L6,249,N-linked,glyconnect
Q9H8L6,261,N-linked,glyconnect
Q9H8L6,379,N-linked,glyconnect
Q9H8L6,56,N-linked,glyconnect
Q9NY97,127,N-linked,glyconnect
Q9NY97,170,N-linked,glyconnect
Q9NY97,365,N-linked,glyconnect
Q9NY97,79,N-linked,glyconnect
Q9NY97,89,N-linked,glyconnect
Q92859,1146,N-linked,glyconnect
Q92859,1298,N-linked,glyconnect
Q92859,210,N-linked,glyconnect
Q92859,470,N-linked,glyconnect
Q92859,639,N-linked,glyconnect
O15394,445,N-linked,glyconnect
O15394,562,N-linked,glyconnect
O14786,261,N-linked,glyconnect
O14786,892,N-linked,glyconnect
Q92626,640,N-linked,glyconnect
Q92626,964,N-linked,glyconnect
P80108,307,N-linked,glyconnect
Q96BZ4,171,N-linked,glyconnect
Q96BZ4,249,N-linked,glyconnect
Q96BZ4,281,N-linked,glyconnect
Q96BZ4,403,N-linked,glyconnect
P16284,344,N-linked,glyconnect
P16284,453,N-linked,glyconnect
P16284,551,N-linked,glyconnect
P16284,84,N-linked,glyconnect
O43157,1183,N-linked,glyconnect
O43157,1253,N-linked,glyconnect
O15031,328,N-linked,glyconnect
O15031,795,N-linked,glyconnect
Q9UHG3,288,N-linked,glyconnect
Q07954,1733,N-linked,glyconnect
Q07954,2048,N-linked,glyconnect
Q07954,2157,N-linked,glyconnect
Q07954,2942,N-linked,glyconnect
Q07954,3303,N-linked,glyconnect
Q07954,3858,N-linked,glyconnect
Q07954,4149,N-linked,glyconnect
Q12884,49,N-linked,glyconnect
Q12884,679,N-linked,glyconnect
P07602,136,N-linked,glyconnect
Q9UK55,197,N-linked,glyconnect
Q12913,231,N-linked,glyconnect
Q12913,342,N-linked,glyconnect
Q12913,413,N-linked,glyconnect
P10586,1696,N-linked,glyconnect
P10586,1731,N-linked,glyconnect
Q15262,101,N-linked,glyconnect
Q15262,462,N-linked,glyconnect
Q15262,833,N-linked,glyconnect
Q86VB7,1001,N-linked,glyconnect
Q86VB7,105,N-linked,glyconnect
Q86VB7,140,N-linked,glyconnect
Q92854,191,N-linked,glyconnect
Q92854,379,N-linked,glyconnect
Q92854,77,N-linked,glyconnect
P07359,362,N-linked,glyconnect
P07359,37,N-linked,glyconnect
O00391,575,N-linked,glyconnect
O00391,591,N-linked,glyconnect
Q4LDE5,1092,N-linked,glyconnect
Q4LDE5,2779,N-linked,glyconnect
Q4LDE5,2876,N-linked,glyconnect
Q4LDE5,2984,N-linked,glyconnect
Q4LDE5,3018,N-linked,glyconnect
Q4LDE5,3379,N-linked,glyconnect
Q4LDE5,847,N-linked,glyconnect
Q4LDE5,931,N-linked,glyconnect
P24821,1079,N-linked,glyconnect
Q9UQP3,1052,N-linked,glyconnect
P22105,3855,N-linked,glyconnect
P22105,3920,N-linked,glyconnect
P20061,369,N-linked,glyconnect
Q12866,114,N-linked,glyconnect
Q12866,170,N-linked,glyconnect
Q12866,316,N-linked,glyconnect
Q12866,442,N-linked,glyconnect
Q12866,454,N-linked,glyconnect
Q12866,625,N-linked,glyconnect
P13611,1442,N-linked,glyconnect
P13611,1663,N-linked,glyconnect
P13611,1898,N-linked,glyconnect
P13611,3354,N-linked,glyconnect
P13611,3369,N-linked,glyconnect
P13611,3379,N-linked,glyconnect
P13611,57,N-linked,glyconnect
P13611,782,N-linked,glyconnect
P54289,1042,N-linked,glyconnect
P54289,348,N-linked,glyconnect
P54289,675,N-linked,glyconnect
P54289,824,N-linked,glyconnect
P54289,888,N-linked,glyconnect
O15204,184,N-linked,glyconnect
O15204,237,N-linked,glyconnect
Q86TH1,428,N-linked,glyconnect
Q86TH1,475,N-linked,glyconnect
Q86TH1,931,N-linked,glyconnect
Q9NZK5,127,N-linked,glyconnect
Q9NZK5,174,N-linked,glyconnect
Q9NZK5,185,N-linked,glyconnect
Q9NZK5,378,N-linked,glyconnect
Q6QNK2,185,N-linked,glyconnect
Q6QNK2,319,N-linked,glyconnect
Q6QNK2,394,N-linked,glyconnect
Q6QNK2,845,N-linked,glyconnect
Q8IZF2,1160,N-linked,glyconnect
Q8IZF2,179,N-linked,glyconnect
Q8IZF2,256,N-linked,glyconnect
Q8IZF2,301,N-linked,glyconnect
Q8IZF2,315,N-linked,glyconnect
Q8IZF2,328,N-linked,glyconnect
Q8IZF2,339,N-linked,glyconnect
Q8IZF2,398,N-linked,glyconnect
Q8IZF2,505,N-linked,glyconnect
Q8IZF2,540,N-linked,glyconnect
Q8IZF2,627,N-linked,glyconnect
Q8IZF2,650,N-linked,glyconnect
Q8IZF2,718,N-linked,glyconnect
Q8IZF2,820,N-linked,glyconnect
Q9HBW9,15,N-linked,glyconnect
Q9HBW9,177,N-linked,glyconnect
Q9HBW9,188,N-linked,glyconnect
Q9HBW9,249,N-linked,glyconnect
P05186,140,N-linked,glyconnect
P05186,430,N-linked,glyconnect
Q16706,78,N-linked,glyconnect
Q9BY76,177,N-linked,glyconnect
Q8NI99,145,N-linked,glyconnect
Q8NI99,58,N-linked,glyconnect
P07307,170,N-linked,glyconnect
P55290,382,N-linked,glyconnect
P55290,598,N-linked,glyconnect
P55290,638,N-linked,glyconnect
P55290,671,N-linked,glyconnect
P55290,86,N-linked,glyconnect
Q9BYE9,182,N-linked,glyconnect
Q9BYE9,300,N-linked,glyconnect
Q9HBB8,140,N-linked,glyconnect
Q9HBB8,198,N-linked,glyconnect
Q9HBB8,405,N-linked,glyconnect
P23280,60,N-linked,glyconnect
P04040,244,N-linked,glyconnect
P04040,439,N-linked,glyconnect
P04040,481,N-linked,glyconnect
P09326,104,N-linked,glyconnect
P09326,178,N-linked,glyconnect
P09326,206,N-linked,glyconnect
P11597,105,N-linked,glyconnect
P11597,358,N-linked,glyconnect
Q92496,557,N-linked,glyconnect
P17927,1908,N-linked,glyconnect
P17927,315,N-linked,glyconnect
P17927,447,N-linked,glyconnect
P17927,578,N-linked,glyconnect
P17927,897,N-linked,glyconnect
Q12860,258,N-linked,glyconnect
Q12860,457,N-linked,glyconnect
Q12860,473,N-linked,glyconnect
Q12860,494,N-linked,glyconnect
Q12860,591,N-linked,glyconnect
Q12860,630,N-linked,glyconnect
Q9P232,375,N-linked,glyconnect
Q9P232,468,N-linked,glyconnect
Q9P232,489,N-linked,glyconnect
Q9P232,624,N-linked,glyconnect
Q9P232,765,N-linked,glyconnect
Q9P232,860,N-linked,glyconnect
Q9P232,895,N-linked,glyconnect
Q9P232,909,N-linked,glyconnect
Q9P232,931,N-linked,glyconnect
P24387,204,N-linked,glyconnect
P09172,184,N-linked,glyconnect
Q93070,178,N-linked,glyconnect
Q93070,257,N-linked,glyconnect
Q93070,274,N-linked,glyconnect
Q96AP7,169,N-linked,glyconnect
Q96AP7,213,N-linked,glyconnect
Q96AP7,307,N-linked,glyconnect
Q9UNN8,136,N-linked,glyconnect
P52799,282,N-linked,glyconnect
P52799,36,N-linked,glyconnect
P22455,177,N-linked,glyconnect
P22455,290,N-linked,glyconnect
P22455,311,N-linked,glyconnect
P22455,508,N-linked,glyconnect
Q6ZMI3,130,N-linked,glyconnect
Q6ZMI3,464,N-linked,glyconnect
Q07075,324,N-linked,glyconnect
Q07075,567,N-linked,glyconnect
Q07075,589,N-linked,glyconnect
Q07075,607,N-linked,glyconnect
Q07075,793,N-linked,glyconnect
Q07075,828,N-linked,glyconnect
P04406,149,N-linked,glyconnect
P04406,239,N-linked,glyconnect
P14651,122,N-linked,glyconnect
P14651,226,N-linked,glyconnect
P14651,70,N-linked,glyconnect
P01880,367,N-linked,glyconnect
Q8TDY8,157,N-linked,glyconnect
Q8TDY8,582,N-linked,glyconnect
Q8TDY8,761,N-linked,glyconnect
Q8TDY8,782,N-linked,glyconnect
Q8TDY8,794,N-linked,glyconnect
P17936,116,N-linked,glyconnect
P17936,136,N-linked,glyconnect
P17936,199,N-linked,glyconnect
P17181,172,N-linked,glyconnect
P17181,254,N-linked,glyconnect
P17181,433,N-linked,glyconnect
P17181,58,N-linked,glyconnect
P17181,81,N-linked,glyconnect
P17181,88,N-linked,glyconnect
P18510,109,N-linked,glyconnect
Q01638,101,N-linked,glyconnect
Q01638,191,N-linked,glyconnect
Q01638,232,N-linked,glyconnect
Q01638,254,N-linked,glyconnect
Q01638,273,N-linked,glyconnect
P27930,219,N-linked,glyconnect
P27930,66,N-linked,glyconnect
P14923,195,N-linked,glyconnect
P14923,211,N-linked,glyconnect
P14923,321,N-linked,glyconnect
P14923,378,N-linked,glyconnect
P35527,200,N-linked,glyconnect
P35527,266,N-linked,glyconnect
P04264,500,N-linked,glyconnect
Q9BRS8,405,N-linked,glyconnect
P48357,206,N-linked,glyconnect
P48357,276,N-linked,glyconnect
P48357,347,N-linked,glyconnect
P48357,624,N-linked,glyconnect
P48357,659,N-linked,glyconnect
P48357,670,N-linked,glyconnect
P48357,73,N-linked,glyconnect
P48357,98,N-linked,glyconnect
P07333,153,N-linked,glyconnect
P07333,353,N-linked,glyconnect
P07333,805,N-linked,glyconnect
P22897,104,N-linked,glyconnect
P22897,1160,N-linked,glyconnect
P22897,1205,N-linked,glyconnect
P22897,147,N-linked,glyconnect
P22897,926,N-linked,glyconnect
Q9UEW3,136,N-linked,glyconnect
O43451,135,N-linked,glyconnect
O43451,1603,N-linked,glyconnect
O43451,1672,N-linked,glyconnect
O43451,707,N-linked,glyconnect
O43451,885,N-linked,glyconnect
O43451,912,N-linked,glyconnect
Q7Z7M0,1201,N-linked,glyconnect
Q7Z7M0,1271,N-linked,glyconnect
Q7Z7M0,134,N-linked,glyconnect
Q7Z7M0,1600,N-linked,glyconnect
Q7Z7M0,421,N-linked,glyconnect
O00533,1026,N-linked,glyconnect
O00533,1197,N-linked,glyconnect
O00533,225,N-linked,glyconnect
O00533,367,N-linked,glyconnect
O00533,476,N-linked,glyconnect
O00533,562,N-linked,glyconnect
O00533,767,N-linked,glyconnect
O00533,87,N-linked,glyconnect
Q8IVL1,1240,N-linked,glyconnect
Q8IVL1,1282,N-linked,glyconnect
Q8IVL1,137,N-linked,glyconnect
Q8IVL1,1784,N-linked,glyconnect
Q8IVL1,1875,N-linked,glyconnect
Q8IVL1,2280,N-linked,glyconnect
Q8IVL1,784,N-linked,glyconnect
Q99784,103,N-linked,glyconnect
Q99784,288,N-linked,glyconnect
Q99784,394,N-linked,glyconnect
O95897,74,N-linked,glyconnect
Q8WWZ8,116,N-linked,glyconnect
Q8WWZ8,184,N-linked,glyconnect
Q8WWZ8,259,N-linked,glyconnect
Q8WWZ8,291,N-linked,glyconnect
Q8WWZ8,299,N-linked,glyconnect
Q99650,176,N-linked,glyconnect
Q99650,221,N-linked,glyconnect
Q99650,326,N-linked,glyconnect
Q99650,345,N-linked,glyconnect
Q99650,361,N-linked,glyconnect
Q99650,380,N-linked,glyconnect
Q99650,42,N-linked,glyconnect
Q99650,84,N-linked,glyconnect
O95497,130,N-linked,glyconnect
O95497,283,N-linked,glyconnect
O95497,353,N-linked,glyconnect
O95497,487,N-linked,glyconnect
P09619,215,N-linked,glyconnect
P09619,307,N-linked,glyconnect
P09619,371,N-linked,glyconnect
P40197,181,N-linked,glyconnect
P40197,243,N-linked,glyconnect
Q9HC56,306,N-linked,glyconnect
Q9HC56,368,N-linked,glyconnect
Q9HC56,681,N-linked,glyconnect
Q9HC56,754,N-linked,glyconnect
P23470,1181,N-linked,glyconnect
P23470,1207,N-linked,glyconnect
P23470,444,N-linked,glyconnect
P23470,619,N-linked,glyconnect
P23470,722,N-linked,glyconnect
P23470,813,N-linked,glyconnect
P28827,1182,N-linked,glyconnect
P28827,131,N-linked,glyconnect
P28827,246,N-linked,glyconnect
P28827,406,N-linked,glyconnect
P28827,414,N-linked,glyconnect
P28827,534,N-linked,glyconnect
P78509,1266,N-linked,glyconnect
P78509,257,N-linked,glyconnect
P78509,289,N-linked,glyconnect
P78509,2961,N-linked,glyconnect
P78509,3015,N-linked,glyconnect
P78509,3088,N-linked,glyconnect
P07998,104,N-linked,glyconnect
P07998,62,N-linked,glyconnect
Q6UXD5,247,N-linked,glyconnect
Q6UXD5,373,N-linked,glyconnect
Q9NPR2,410,N-linked,glyconnect
Q9NPR2,69,N-linked,glyconnect
Q9H2E6,282,N-linked,glyconnect
Q9H2E6,65,N-linked,glyconnect
Q9H2E6,785,N-linked,glyconnect
Q9H2E6,937,N-linked,glyconnect
O75326,154,N-linked,glyconnect
O75326,258,N-linked,glyconnect
Q08ET2,100,N-linked,glyconnect
Q08ET2,210,N-linked,glyconnect
Q08ET2,231,N-linked,glyconnect
Q08ET2,247,N-linked,glyconnect
Q08ET2,294,N-linked,glyconnect
P37173,266,N-linked,glyconnect
P37173,564,N-linked,glyconnect
P37173,94,N-linked,glyconnect
Q5T2D2,89,N-linked,glyconnect
O75509,252,N-linked,glyconnect
O75509,278,N-linked,glyconnect
O75509,439,N-linked,glyconnect
O75509,573,N-linked,glyconnect
O75509,82,N-linked,glyconnect
Q06418,230,N-linked,glyconnect
Q06418,240,N-linked,glyconnect
Q06418,366,N-linked,glyconnect
Q06418,380,N-linked,glyconnect
Q06418,63,N-linked,glyconnect
P30530,345,N-linked,glyconnect
P30530,40,N-linked,glyconnect
P19320,225,N-linked,glyconnect
P19320,417,N-linked,glyconnect
P18428,386,N-linked,glyconnect
P01009,414,N-linked,glyconnect
P58166,198,N-linked,glyconnect
P16109,272,N-linked,glyconnect
P16109,411,N-linked,glyconnect
P16109,460,N-linked,glyconnect
P19823,715,N-linked,glyconnect
Q14766,1163,N-linked,glyconnect
Q14766,167,N-linked,glyconnect
P08575,1019,N-linked,glyconnect
P08575,1124,N-linked,glyconnect
P08575,278,N-linked,glyconnect
P01130,515,N-linked,glyconnect
P01130,665,N-linked,glyconnect
P11279,37,N-linked,glyconnect
P05164,729,N-linked,glyconnect
P04180,296,N-linked,glyconnect
P04180,44,N-linked,glyconnect
P00747,150,N-linked,glyconnect
P00747,424,N-linked,glyconnect
P00734,260,N-linked,glyconnect
P02787,523,N-linked,glyconnect
P08519,183,N-linked,glyconnect
P08519,75,N-linked,glyconnect
P04114,1523,N-linked,glyconnect
P04114,4351,N-linked,glyconnect
P07996,1051,N-linked,glyconnect
P07996,521,N-linked,glyconnect
P02786,50,N-linked,glyconnect
P02786,55,N-linked,glyconnect
P02786,722,N-linked,glyconnect
P07911,513,N-linked,glyconnect
P33151,61,N-linked,glyconnect
P04275,2290,N-linked,glyconnect
P04275,368,N-linked,glyconnect
Q76LX8,1235,N-linked,glyconnect
Q76LX8,1345,N-linked,glyconnect
Q76LX8,552,N-linked,glyconnect
Q76LX8,614,N-linked,glyconnect
Q76LX8,707,N-linked,glyconnect
P40189,131,N-linked,glyconnect
P40189,157,N-linked,glyconnect
P40189,246,N-linked,glyconnect
P40189,379,N-linked,glyconnect
P40189,553,N-linked,glyconnect
P40189,687,N-linked,glyconnect
Q13308,175,N-linked,glyconnect
Q13201,209,N-linked,glyconnect
Q13201,431,N-linked,glyconnect
Q13201,576,N-linked,glyconnect
Q13201,618,N-linked,glyconnect
Q13201,783,N-linked,glyconnect
Q13201,816,N-linked,glyconnect
Q13201,840,N-linked,glyconnect
Q13201,97,N-linked,glyconnect
Q13201,981,N-linked,glyconnect
P02750,306,N-linked,glyconnect
O75882,1250,N-linked,glyconnect
O75882,428,N-linked,glyconnect
P08581,106,N-linked,glyconnect
P08581,1171,N-linked,glyconnect
P08581,785,N-linked,glyconnect
P08581,998,N-linked,glyconnect
P13598,105,N-linked,glyconnect
P13598,153,N-linked,glyconnect
P13598,176,N-linked,glyconnect
P13598,187,N-linked,glyconnect
P55058,245,N-linked,glyconnect
P41222,87,N-linked,glyconnect
Q13790,267,N-linked,glyconnect
P00736,125,N-linked,glyconnect
P03952,164,N-linked,glyconnect
P03952,254,N-linked,glyconnect
P03952,316,N-linked,glyconnect
P27169,227,N-linked,glyconnect
P43652,338,N-linked,glyconnect
P19022,402,N-linked,glyconnect
P19022,651,N-linked,glyconnect
P19022,692,N-linked,glyconnect
Q9ULI3,1080,N-linked,glyconnect
Q9ULI3,1101,N-linked,glyconnect
Q9ULI3,1122,N-linked,glyconnect
Q9ULI3,1317,N-linked,glyconnect
Q9ULI3,159,N-linked,glyconnect
Q9ULI3,279,N-linked,glyconnect
Q9ULI3,313,N-linked,glyconnect
Q9ULI3,574,N-linked,glyconnect
Q9ULI3,592,N-linked,glyconnect
P01008,460,N-linked,glyconnect
Q02763,1104,N-linked,glyconnect
Q02763,140,N-linked,glyconnect
Q02763,158,N-linked,glyconnect
Q02763,691,N-linked,glyconnect
P13671,59,N-linked,glyconnect
P13671,910,N-linked,glyconnect
Q6YHK3,1086,N-linked,glyconnect
Q6YHK3,1295,N-linked,glyconnect
P54802,134,N-linked,glyconnect
P54802,526,N-linked,glyconnect
P01042,626,N-linked,glyconnect
P28300,381,N-linked,glyconnect
Q92823,1115,N-linked,glyconnect
Q92823,716,N-linked,glyconnect
Q92823,749,N-linked,glyconnect
Q92823,802,N-linked,glyconnect
Q92823,83,N-linked,glyconnect
Q92823,855,N-linked,glyconnect
Q9UBP4,106,N-linked,glyconnect
Q9UBP4,121,N-linked,glyconnect
P00450,716,N-linked,glyconnect
P00451,1074,N-linked,glyconnect
P00451,1274,N-linked,glyconnect
P00451,1301,N-linked,glyconnect
P00451,1319,N-linked,glyconnect
P00451,1461,N-linked,glyconnect
P00451,1824,N-linked,glyconnect
P00451,2137,N-linked,glyconnect
P00451,776,N-linked,glyconnect
P00451,803,N-linked,glyconnect
P00451,982,N-linked,glyconnect
Q9Y5C1,23,N-linked,glyconnect
Q9Y5C1,296,N-linked,glyconnect
Q16610,534,O-linked,glyconnect
Q8IWU5,149,N-linked,glyconnect
P28799,532,O-linked,glyconnect
P11117,179,O-linked,glyconnect
P41271,39,N-linked,glyconnect
Q6UX06,253,N-linked,glyconnect
Q6UX06,411,N-linked,glyconnect
Q07954,4362,O-linked,glyconnect
Q07954,4364,N-linked,glyconnect
P07602,214,O-linked,glyconnect
P07602,216,O-linked,glyconnect
P07602,217,O-linked,glyconnect
P04626,998,O-linked,glyconnect
P02724,56,O-linked,glyconnect
P13611,3024,O-linked,glyconnect
Q14508,33,O-linked,glyconnect
P30530,198,N-linked,glyconnect
P78325,91,N-linked,glyconnect
P21802,83,N-linked,glyconnect
Q6GTX8,69,N-linked,glyconnect
P01009,273,O-linked,glyconnect
P15309,333,N-linked,glyconnect
P15309,94,N-linked,glyconnect
P16112,658,N-linked,glyconnect
Q9ULV1,144,N-linked,glyconnect
Q8WZ75,246,N-linked,glyconnect
P24855,40,N-linked,glyconnect
Q9UNA0,36,O-linked,glyconnect
O00175,115,N-linked,glyconnect
Q9H6D8,147,N-linked,glyconnect
Q9NU22,602,N-linked,glyconnect
Q7RTY7,965,O-linked,glyconnect
Q02383,519,O-linked,glyconnect
P02760,252,O-linked,glyconnect
P02760,258,O-linked,glyconnect
P02788,436,O-linked,glyconnect
P05164,481,O-linked,glyconnect
P10451,185,O-linked,glyconnect
P01833,614,O-linked,glyconnect
P01833,624,O-linked,glyconnect
P01833,627,O-linked,glyconnect
P01833,630,O-linked,glyconnect
P07911,154,O-linked,glyconnect
P07911,225,O-linked,glyconnect
P07911,252,O-linked,glyconnect
P07911,277,O-linked,glyconnect
P07911,292,O-linked,glyconnect
P07911,296,O-linked,glyconnect
P07911,504,O-linked,glyconnect
P07911,511,O-linked,glyconnect
Q9GZM5,349,O-linked,glyconnect
P98160,40,O-linked,glyconnect
Q13201,136,N-linked,glyconnect
P41222,67,O-linked,glyconnect
P41222,73,O-linked,glyconnect
P41222,80,O-linked,glyconnect
Q96FE7,38,O-linked,glyconnect
Q14624,725,O-linked,glyconnect
Q14624,733,O-linked,glyconnect
Q14515,350,O-linked,glyconnect
O75144,102,N-linked,glyconnect
O75144,70,N-linked,glyconnect
P05155,36,O-linked,glyconnect
P05155,47,O-linked,glyconnect
P01344,95,O-linked,glyconnect
Q96PD5,569,O-linked,glyconnect
P13987,105,O-linked,glyconnect
P13987,106,O-linked,glyconnect
P13987,40,O-linked,glyconnect
P26842,95,N-linked,glyconnect
Q99075,46,O-linked,glyconnect
Q99075,47,O-linked,glyconnect
P00450,360,O-linked,glyconnect
Q13873,827,N-linked,glyconnect
P43155,586,N-linked,glyconnect
Q13740,499,N-linked,glyconnect
P01024,1617,N-linked,glyconnect
P12259,821,N-linked,glyconnect
P01031,1115,N-linked,glyconnect
O95714,2790,N-linked,glyconnect
P11362,264,N-linked,glyconnect
O75636,189,N-linked,glyconnect
Q9Y6R7,2111,N-linked,glyconnect
Q70UQ0,144,N-linked,glyconnect
P05106,125,N-linked,glyconnect
P11047,1175,N-linked,glyconnect
P32004,979,N-linked,glyconnect
Q13275,53,N-linked,glyconnect
P35499,1786,N-linked,glyconnect
O00391,243,N-linked,glyconnect
Q9UKZ4,1757,N-linked,glyconnect
P54289,781,N-linked,glyconnect
Q86TH1,731,N-linked,glyconnect
Q8TDY8,483,N-linked,glyconnect
O00533,394,N-linked,glyconnect
Q9H2P0,315,N-linked,glyconnect
O43734,263,N-linked,glyconnect
O60242,1456,N-linked,glyconnect
Q10588,192,N-linked,glyconnect
Q10588,66,N-linked,glyconnect
Q8TE54,125,N-linked,glyconnect
A6NC57,99,N-linked,glyconnect
P55056,63,N-linked,glyconnect
P17858,399,N-linked,glyconnect
P38398,247,N-linked,glyconnect
Q9H251,2129,N-linked,glyconnect
P23435,79,N-linked,glyconnect
Q9NTU7,29,N-linked,glyconnect
Q6UVK1,1449,N-linked,glyconnect
P56856,116,N-linked,glyconnect
Q9UP83,400,N-linked,glyconnect
P61201,333,N-linked,glyconnect
P17812,420,N-linked,glyconnect
O60494,2531,N-linked,glyconnect
Q00987,349,N-linked,glyconnect
Q07108,166,N-linked,glyconnect
Q06889,80,N-linked,glyconnect
Q9HCE0,137,N-linked,glyconnect
Q9BY07,436,N-linked,glyconnect
Q6P3S6,274,N-linked,glyconnect
Q2WGJ9,259,N-linked,glyconnect
O75369,2570,N-linked,glyconnect
O60353,38,N-linked,glyconnect
O94925,620,N-linked,glyconnect
Q75T13,402,N-linked,glyconnect
Q8TDG4,208,N-linked,glyconnect
Q03164,1601,N-linked,glyconnect
Q4FZB7,711,N-linked,glyconnect
Q8NCD3,231,N-linked,glyconnect
Q8N608,63,N-linked,glyconnect
P48551,188,N-linked,glyconnect
P78552,151,N-linked,glyconnect
P24394,176,N-linked,glyconnect
Q8N3X6,493,N-linked,glyconnect
Q9UJU2,128,N-linked,glyconnect
P04156,197,N-linked,glyconnect
Q9Y2H9,11,N-linked,glyconnect
Q8IVL0,437,N-linked,glyconnect
Q12980,465,N-linked,glyconnect
Q9UKA9,31,N-linked,glyconnect
Q96MT3,544,N-linked,glyconnect
Q5IJ48,1141,N-linked,glyconnect
Q6ZMI0,753,N-linked,glyconnect
Q9BZA7,344,N-linked,glyconnect
Q8NFI4,344,N-linked,glyconnect
Q13972,872,N-linked,glyconnect
P23471,1050,N-linked,glyconnect
P50120,6,N-linked,glyconnect
Q9P2N2,534,N-linked,glyconnect
Q6R2W3,490,N-linked,glyconnect
Q5H9R7,682,N-linked,glyconnect
Q9Y210,473,N-linked,glyconnect
O43166,1411,N-linked,glyconnect
Q9BWG4,327,N-linked,glyconnect
Q7Z6B7,920,N-linked,glyconnect
Q9Y448,56,N-linked,glyconnect
Q99835,35,N-linked,glyconnect
Q8WUM9,415,N-linked,glyconnect
P17405,88,N-linked,glyconnect
Q9NTJ3,193,N-linked,glyconnect
Q63HR2,445,N-linked,glyconnect
Q7Z6K1,124,N-linked,glyconnect
Q17RP2,444,N-linked,glyconnect
P15884,301,N-linked,glyconnect
P54855,316,N-linked,glyconnect
Q92628,724,N-linked,glyconnect
O95498,411,N-linked,glyconnect
P07225,530,N-linked,glyconnect
Q5VUA4,1603,N-linked,glyconnect
O94892,140,N-linked,glyconnect
Q9UKY1,99,N-linked,glyconnect
P01871,272,N-linked,glyconnect
P02774,288,N-linked,glyconnect
P04275,1515,N-linked,glyconnect
O75882,623,N-linked,glyconnect
O75882,863,N-linked,glyconnect
Q96IY4,85,N-linked,glyconnect
P08603,802,N-linked,glyconnect
P08603,822,N-linked,glyconnect
P01023,396,N-linked,glyconnect
P01023,410,N-linked,glyconnect
P08571,151,N-linked,glyconnect
P54802,435,N-linked,glyconnect
P10643,754,N-linked,glyconnect
Q92484,356,N-linked,glyconnect
Q8IUX7,480,N-linked,glyconnect
B7ZC32,280,N-linked,glyconnect
Q9NZC9,203,N-linked,glyconnect
Q9BYF1,730,O-linked,glyconnect
P02730,162,O-linked,glyconnect
P02730,224,O-linked,glyconnect
P02730,745,O-linked,glyconnect
Q99808,63,O-linked,glyconnect
P04040,114,O-linked,glyconnect
P04040,254,O-linked,glyconnect
P00915,130,O-linked,glyconnect
P00915,218,O-linked,glyconnect
P69905,134,O-linked,glyconnect
P69905,36,O-linked,glyconnect
P69905,4,O-linked,glyconnect
P78417,13,O-linked,glyconnect
P11277,1297,O-linked,glyconnect
P11277,1652,O-linked,glyconnect
P11277,1936,O-linked,glyconnect
P11277,671,O-linked,glyconnect
P11277,767,O-linked,glyconnect
P68871,50,O-linked,glyconnect
P68871,73,O-linked,glyconnect
P68871,85,O-linked,glyconnect
P02549,1250,O-linked,glyconnect
P02549,1737,O-linked,glyconnect
P02549,844,O-linked,glyconnect
P16157,1162,O-linked,glyconnect
P16157,288,O-linked,glyconnect
P16157,794,O-linked,glyconnect
P16157,960,O-linked,glyconnect
P37840,87,O-linked,glyconnect
P16452,82,O-linked,glyconnect
P11171,491,O-linked,glyconnect
P11166,465,O-linked,glyconnect
Q12778,317,O-linked,glyconnect
Q12778,550,O-linked,glyconnect
Q12778,648,O-linked,glyconnect
Q12778,654,O-linked,glyconnect
O14920,733,O-linked,glyconnect
Q7Z589,1120,O-linked,glyconnect
Q7Z589,228,O-linked,glyconnect
Q7Z589,236,O-linked,glyconnect
Q7Z589,271,O-linked,glyconnect
Q7Z589,501,O-linked,glyconnect
Q7Z589,506,O-linked,glyconnect
Q7Z589,534,O-linked,glyconnect
Q7Z589,535,O-linked,glyconnect
Q7Z589,557,O-linked,glyconnect
Q7Z739,205,O-linked,glyconnect
Q9UKY1,450,O-linked,glyconnect
P35658,1056,O-linked,glyconnect
P35658,1201,O-linked,glyconnect
P35658,1354,O-linked,glyconnect
P35658,580,O-linked,glyconnect
Q9UKD1,404,O-linked,glyconnect
Q04637,61,O-linked,glyconnect
Q6PJT7,369,O-linked,glyconnect
Q6MZP7,238,O-linked,glyconnect
P12270,1676,O-linked,glyconnect
P18146,119,O-linked,glyconnect
Q9BYJ9,196,O-linked,glyconnect
Q2KHR3,104,O-linked,glyconnect
Q2KHR3,105,O-linked,glyconnect
Q9Y520,2243,O-linked,glyconnect
Q9Y520,2693,O-linked,glyconnect
Q14684,731,O-linked,glyconnect
Q09666,5603,O-linked,glyconnect
Q8IWI9,1557,O-linked,glyconnect
P18583,252,O-linked,glyconnect
P18583,253,O-linked,glyconnect
Q14814,275,O-linked,glyconnect
Q8NDX5,283,O-linked,glyconnect
Q9Y2X9,891,O-linked,glyconnect
Q96KX2,2,O-linked,glyconnect
P08670,33,O-linked,glyconnect
P08670,34,O-linked,glyconnect
P08670,7,O-linked,glyconnect
Q96KR1,148,O-linked,glyconnect
Q96KR1,149,O-linked,glyconnect
Q96KR1,195,O-linked,glyconnect
Q96KR1,202,O-linked,glyconnect
Q96PK6,244,O-linked,glyconnect
Q96PK6,254,O-linked,glyconnect
Q96PK6,256,O-linked,glyconnect
Q96PK6,280,O-linked,glyconnect
O00268,528,O-linked,glyconnect
Q9HAU0,382,O-linked,glyconnect
Q9UQ35,2236,O-linked,glyconnect
A3KN83,112,O-linked,glyconnect
Q9NYV4,592,O-linked,glyconnect
Q9NYV4,597,O-linked,glyconnect
P49790,1112,O-linked,glyconnect
P49790,1156,O-linked,glyconnect
P49790,1179,O-linked,glyconnect
P49790,1180,O-linked,glyconnect
P49790,534,O-linked,glyconnect
P49790,544,O-linked,glyconnect
P49790,908,O-linked,glyconnect
P49790,909,O-linked,glyconnect
P51610,1150,O-linked,glyconnect
P51610,1239,O-linked,glyconnect
P51610,490,O-linked,glyconnect
P51610,562,O-linked,glyconnect
P51610,563,O-linked,glyconnect
P51610,579,O-linked,glyconnect
P51610,685,O-linked,glyconnect
P51610,694,O-linked,glyconnect
P51610,726,O-linked,glyconnect
P51610,739,O-linked,glyconnect
P51610,760,O-linked,glyconnect
P51610,801,O-linked,glyconnect
P51610,806,O-linked,glyconnect
P51610,808,O-linked,glyconnect
P51610,861,O-linked,glyconnect
Q8WXI9,584,O-linked,glyconnect
Q14980,1844,O-linked,glyconnect
Q6P4R8,750,O-linked,glyconnect
Q6P4R8,841,O-linked,glyconnect
Q8N3V7,165,O-linked,glyconnect
P49792,1399,O-linked,glyconnect
Q5VT52,399,O-linked,glyconnect
Q5VT52,400,O-linked,glyconnect
Q8WWM7,678,O-linked,glyconnect
Q8WWM7,684,O-linked,glyconnect
Q14157,782,O-linked,glyconnect
Q14157,783,O-linked,glyconnect
P15822,2325,O-linked,glyconnect
Q9P2N5,546,O-linked,glyconnect
Q9P2N5,738,O-linked,glyconnect
Q7Z3J3,919,O-linked,glyconnect
P52948,184,O-linked,glyconnect
P52948,567,O-linked,glyconnect
P52948,568,O-linked,glyconnect
Q12830,1749,O-linked,glyconnect
Q12830,1753,O-linked,glyconnect
Q12830,2081,O-linked,glyconnect
Q12830,2094,O-linked,glyconnect
Q12830,2103,O-linked,glyconnect
Q9NXV6,323,O-linked,glyconnect
Q9NXV6,349,O-linked,glyconnect
Q9NXV6,379,O-linked,glyconnect
O75376,1487,O-linked,glyconnect
Q70E73,784,O-linked,glyconnect
Q9P2N6,860,O-linked,glyconnect
Q96T58,2529,O-linked,glyconnect
Q96T58,2530,O-linked,glyconnect
Q96T58,2811,O-linked,glyconnect
Q96T58,2924,O-linked,glyconnect
Q9NR12,89,O-linked,glyconnect
Q96HA1,693,O-linked,glyconnect
Q96HA1,694,O-linked,glyconnect
Q96HA1,738,O-linked,glyconnect
P05787,13,O-linked,glyconnect
P05787,15,O-linked,glyconnect
P68431,11,O-linked,glyconnect
P51610,1030,O-linked,glyconnect
P51610,1031,O-linked,glyconnect
P51610,1143,O-linked,glyconnect
P51610,1273,O-linked,glyconnect
P51610,1335,O-linked,glyconnect
P51610,1743,O-linked,glyconnect
P51610,495,O-linked,glyconnect
P51610,569,O-linked,glyconnect
P51610,620,O-linked,glyconnect
P51610,622,O-linked,glyconnect
P51610,623,O-linked,glyconnect
P51610,625,O-linked,glyconnect
P51610,651,O-linked,glyconnect
P51610,652,O-linked,glyconnect
P51610,779,O-linked,glyconnect
P11171,792,O-linked,glyconnect
P10636,123,O-linked,glyconnect
P10636,400,O-linked,glyconnect
P10636,238,O-linked,glyconnect
Q8TBP5,52,O-linked,glyconnect
Q9ULI3,349,O-linked,glyconnect
P35475,372,N-linked,glyconnect
Q08431,329,N-linked,glyconnect
Q6UX06,136,N-linked,glyconnect
P49908,119,N-linked,glyconnect
P24821,38,N-linked,glyconnect
O60603,199,N-linked,glyconnect
P23280,256,N-linked,glyconnect
P23280,67,N-linked,glyconnect
P22897,344,N-linked,glyconnect
P47710,69,N-linked,glyconnect
Q13410,215,N-linked,glyconnect
Q13410,55,N-linked,glyconnect
P07858,38,N-linked,glyconnect
Q6WN34,114,N-linked,glyconnect
O75355,81,N-linked,glyconnect
Q92876,134,N-linked,glyconnect
P33176,308,N-linked,glyconnect
P22079,322,N-linked,glyconnect
P06858,70,N-linked,glyconnect
Q9NZM1,1754,N-linked,glyconnect
Q9UJJ9,88,N-linked,glyconnect
P23284,148,N-linked,glyconnect
Q6X4U4,47,N-linked,glyconnect
O43493,39,N-linked,glyconnect
O75888,124,N-linked,glyconnect
O00300,152,N-linked,glyconnect
O00300,289,N-linked,glyconnect
P04114,2239,N-linked,glyconnect
Q68D85,208,N-linked,glyconnect
P25311,112,N-linked,glyconnect
Q14515,176,N-linked,glyconnect
P00751,142,N-linked,glyconnect
P02790,240,N-linked,glyconnect
P0C0L5,1244,O-linked,glyconnect
P01876,106,O-linked,glyconnect
P01876,109,O-linked,glyconnect
P01876,117,O-linked,glyconnect
P0C0L4,1224,O-linked,glyconnect
P02790,40,O-linked,glyconnect
P07288,69,N-linked,glyconnect
P01871,279,N-linked,glyconnect
P01854,264,N-linked,glyconnect
P01860,122,O-linked,glyconnect
P01860,137,O-linked,glyconnect
P01876,114,O-linked,glyconnect
P01860,152,O-linked,glyconnect
P12259,1302,O-linked,glyconnect
P12259,1047,O-linked,glyconnect
P12259,1211,O-linked,glyconnect
P12259,310,O-linked,glyconnect
P12259,1990,O-linked,glyconnect
P12259,1150,O-linked,glyconnect
P12259,1247,O-linked,glyconnect
P12259,1221,N-linked,glyconnect
P12259,1926,O-linked,glyconnect
P12259,1594,O-linked,glyconnect
P12259,1703,N-linked,glyconnect
P12259,1283,O-linked,glyconnect
P12259,554,N-linked,glyconnect
P12259,1238,O-linked,glyconnect
P12259,1074,N-linked,glyconnect
Q02223,42,N-linked,glyconnect
P12259,752,N-linked,glyconnect
P12259,1044,O-linked,glyconnect
P12259,1053,O-linked,glyconnect
P12259,985,O-linked,glyconnect
P12259,1481,O-linked,glyconnect
P12259,805,O-linked,glyconnect
P12259,917,O-linked,glyconnect
P12259,1868,O-linked,glyconnect
P12259,2053,O-linked,glyconnect
P12259,1520,O-linked,glyconnect
P12259,898,O-linked,glyconnect
P08637,180,N-linked,glyconnect
P08637,187,N-linked,glyconnect
P08637,63,N-linked,glyconnect
P08637,56,N-linked,glyconnect
P08637,92,N-linked,glyconnect
O60911,221,N-linked,literature
Q08174,305,N-linked,literature
P01137,136,N-linked,literature
P01137,176,N-linked,literature
O95858,189,N-linked,literature
Q06828,166,N-linked,literature
A6NKQ9,63,N-linked,literature
Q9Y4L1,931,N-linked,literature
Q9Y4L1,869,N-linked,literature
Q9Y4L1,515,N-linked,literature
Q9Y4L1,862,N-linked,literature
Q9Y5Y6,772,N-linked,literature
P50851,851,N-linked,literature
Q9UM47,851,N-linked,literature
P50895,439,N-linked,literature
P42892,166,N-linked,literature
Q9UBP4,204,N-linked,literature
Q9UBR2,184,N-linked,literature
Q9UBX1,195,N-linked,literature
Q16620,241,N-linked,literature
Q16620,95,N-linked,literature
Q15223,202,N-linked,literature
P11117,167,N-linked,literature
P11117,92,N-linked,literature
Q9BY67,101,N-linked,literature
Q9BY67,113,N-linked,literature
P11169,43,N-linked,literature
Q16769,49,N-linked,literature
O95274,118,N-linked,literature
O95274,163,N-linked,literature
O75509,82,N-linked,literature
Q16853,618,N-linked,literature
Q16853,592,N-linked,literature
P01833,469,N-linked,literature
P01833,499,N-linked,literature
P01889,110,N-linked,literature
Q9Y5C1,296,N-linked,literature
Q8WWI5,135,N-linked,literature
P52797,38,N-linked,literature
P52797,100,N-linked,literature
P52798,33,N-linked,literature
P52799,139,N-linked,literature
Q9GZN4,70,N-linked,literature
P52803,37,N-linked,literature
Q9GZM7,161,N-linked,literature
Q9UBG0,140,N-linked,literature
Q9UBG0,69,N-linked,literature
Q9UBG0,497,N-linked,literature
P28906,194,N-linked,literature
Q92563,225,N-linked,literature
Q92563,287,N-linked,literature
P11597,358,N-linked,literature
O43157,1183,N-linked,literature
O43157,1253,N-linked,literature
P05154,249,N-linked,literature
P05154,338,N-linked,literature
P05154,262,N-linked,literature
P05160,162,N-linked,literature
P05160,545,N-linked,literature
Q01459,299,N-linked,literature
P05362,145,N-linked,literature
P05362,183,N-linked,literature
P05362,267,N-linked,literature
P03951,126,N-linked,literature
P03951,491,N-linked,literature
P03951,450,N-linked,literature
Q15762,198,N-linked,literature
P54802,503,N-linked,literature
P54802,261,N-linked,literature
Q9UI42,260,N-linked,literature
P13473,257,N-linked,literature
P13473,356,N-linked,literature
P13473,49,N-linked,literature
P13497,599,N-linked,literature
Q13641,124,N-linked,literature
P48357,276,N-linked,literature
P21589,333,N-linked,literature
P13598,153,N-linked,literature
P13598,82,N-linked,literature
P13598,105,N-linked,literature
Q16563,71,N-linked,literature
Q9UEW3,136,N-linked,literature
Q11201,114,N-linked,literature
Q11201,323,N-linked,literature
P15018,138,N-linked,literature
Q9NZP8,242,N-linked,literature
Q9NZP8,296,N-linked,literature
Q9NZP8,147,N-linked,literature
Q12907,183,N-linked,literature
P13726,169,N-linked,literature
P13726,156,N-linked,literature
Q03405,222,N-linked,literature
P23229,323,N-linked,literature
P23229,997,N-linked,literature
P23229,966,N-linked,literature
P23229,770,N-linked,literature
Q9HAT2,401,N-linked,literature
Q9HAT2,422,N-linked,literature
Q9HAT2,267,N-linked,literature
P58166,198,N-linked,literature
P48745,280,N-linked,literature
P07307,170,N-linked,literature
P07333,153,N-linked,literature
P07333,275,N-linked,literature
P07339,263,N-linked,literature
P07357,437,N-linked,literature
P36980,126,N-linked,literature
Q03591,126,N-linked,literature
P08603,1095,N-linked,literature
P13942,1604,N-linked,literature
P13987,43,N-linked,literature
Q8IUK8,110,N-linked,literature
P23470,444,N-linked,literature
O43291,94,N-linked,literature
Q13201,816,N-linked,literature
Q13201,136,N-linked,literature
Q13201,783,N-linked,literature
Q13201,114,N-linked,literature
Q13201,120,N-linked,literature
Q13201,344,N-linked,literature
Q13201,1020,N-linked,literature
Q13201,840,N-linked,literature
Q13201,828,N-linked,literature
Q13201,431,N-linked,literature
Q13201,507,N-linked,literature
Q13201,981,N-linked,literature
Q9BTY2,377,N-linked,literature
P07602,332,N-linked,literature
P07602,426,N-linked,literature
P07602,101,N-linked,literature
P07602,215,N-linked,literature
P33151,61,N-linked,literature
P33151,442,N-linked,literature
P07711,221,N-linked,literature
O00754,367,N-linked,literature
O00754,766,N-linked,literature
Q9Y6C2,766,N-linked,literature
P41221,114,N-linked,literature
P41222,78,N-linked,literature
P41222,51,N-linked,literature
Q13402,1237,N-linked,literature
Q13449,66,N-linked,literature
P17301,1074,N-linked,literature
P17301,105,N-linked,literature
P17301,1057,N-linked,literature
P17301,112,N-linked,literature
O14672,551,N-linked,literature
O14672,278,N-linked,literature
O14672,439,N-linked,literature
P07998,116,N-linked,literature
P09486,116,N-linked,literature
Q13740,265,N-linked,literature
Q13740,167,N-linked,literature
Q13740,480,N-linked,literature
Q13740,95,N-linked,literature
Q13740,361,N-linked,literature
Q9H8L6,845,N-linked,literature
P35052,156,N-linked,literature
Q15262,140,N-linked,literature
Q92626,1425,N-linked,literature
Q92626,1368,N-linked,literature
Q92626,731,N-linked,literature
Q92626,1178,N-linked,literature
Q6P4A8,411,N-linked,literature
Q6P4A8,71,N-linked,literature
P43121,56,N-linked,literature
O75054,101,N-linked,literature
P00450,358,N-linked,literature
P00450,138,N-linked,literature
P00450,762,N-linked,literature
P00450,397,N-linked,literature
P09871,174,N-linked,literature
Q99784,307,N-linked,literature
Q99784,288,N-linked,literature
Q99784,103,N-linked,literature
P00533,361,N-linked,literature
P17936,136,N-linked,literature
P17936,116,N-linked,literature
P17936,199,N-linked,literature
Q9NTU7,88,N-linked,literature
P35442,1069,N-linked,literature
Q6H3X3,82,N-linked,literature
Q9BZM5,82,N-linked,literature
Q5VY80,68,N-linked,literature
Q9BZM5,68,N-linked,literature
O95866,32,N-linked,literature
P51575,153,N-linked,literature
P51575,184,N-linked,literature
P35542,94,N-linked,literature
P35590,596,N-linked,literature
P00734,121,N-linked,literature
P00734,143,N-linked,literature
P00734,416,N-linked,literature
P00747,308,N-linked,literature
P00748,433,N-linked,literature
P00748,249,N-linked,literature
P35613,268,N-linked,literature
P35613,160,N-linked,literature
P43652,33,N-linked,literature
P43652,383,N-linked,literature
P43652,109,N-linked,literature
P43652,402,N-linked,literature
P19652,103,N-linked,literature
P19652,93,N-linked,literature
P02763,72,N-linked,literature
P19652,72,N-linked,literature
P02763,56,N-linked,literature
P19652,56,N-linked,literature
Q07954,1511,N-linked,literature
Q07954,2905,N-linked,literature
Q07954,3839,N-linked,literature
Q07954,446,N-linked,literature
Q07954,729,N-linked,literature
Q07954,4075,N-linked,literature
Q07954,3788,N-linked,literature
Q07954,1763,N-linked,literature
Q07954,3048,N-linked,literature
Q07954,3089,N-linked,literature
Q07954,1825,N-linked,literature
Q07954,3333,N-linked,literature
P51884,160,N-linked,literature
P51884,127,N-linked,literature
P29323,265,N-linked,literature
Q9UGT4,162,N-linked,literature
P27918,428,N-linked,literature
P27930,219,N-linked,literature
P27930,72,N-linked,literature
P35968,96,N-linked,literature
O75635,68,N-linked,literature
Q92496,374,N-linked,literature
Q92496,557,N-linked,literature
P04003,221,N-linked,literature
P04003,506,N-linked,literature
P04003,528,N-linked,literature
P04003,385,N-linked,literature
P10619,351,N-linked,literature
P10646,145,N-linked,literature
P02671,686,N-linked,literature
P02679,78,N-linked,literature
P02679,33,N-linked,literature
O15389,100,N-linked,literature
Q08ET2,100,N-linked,literature
O75629,216,N-linked,literature
Q9P2B2,300,N-linked,literature
Q9P2B2,618,N-linked,literature
P04114,3336,N-linked,literature
P04114,3895,N-linked,literature
P04114,1523,N-linked,literature
P04114,3411,N-linked,literature
P04114,185,N-linked,literature
P04114,3224,N-linked,literature
P04114,983,N-linked,literature
P04114,3465,N-linked,literature
P04114,3358,N-linked,literature
P04114,2982,N-linked,literature
P10721,145,N-linked,literature
P10721,486,N-linked,literature
P10721,130,N-linked,literature
P04180,44,N-linked,literature
P04180,296,N-linked,literature
P04196,344,N-linked,literature
P04196,63,N-linked,literature
P04196,125,N-linked,literature
P02743,51,N-linked,literature
P02745,146,N-linked,literature
P02748,415,N-linked,literature
P02748,123,N-linked,literature
P02748,277,N-linked,literature
P02750,325,N-linked,literature
P02750,186,N-linked,literature
P02750,269,N-linked,literature
P02750,79,N-linked,literature
P02760,250,N-linked,literature
P02763,93,N-linked,literature
P02763,103,N-linked,literature
P02786,251,N-linked,literature
P02786,727,N-linked,literature
P02787,432,N-linked,literature
P02787,523,N-linked,literature
P02787,630,N-linked,literature
P02790,453,N-linked,literature
P02790,64,N-linked,literature
P02790,416,N-linked,literature
Q92673,1854,N-linked,literature
Q92673,1733,N-linked,literature
Q99650,176,N-linked,literature
P55056,63,N-linked,literature
P53634,53,N-linked,literature
P53634,119,N-linked,literature
P04217,179,N-linked,literature
P04217,44,N-linked,literature
P12259,460,N-linked,literature
P12273,105,N-linked,literature
P04275,211,N-linked,literature
P04275,2357,N-linked,literature
P04275,666,N-linked,literature
P04275,2223,N-linked,literature
P04275,156,N-linked,literature
P04275,1515,N-linked,literature
P04275,2635,N-linked,literature
P04275,857,N-linked,literature
P04275,2585,N-linked,literature
P04275,1147,N-linked,literature
P04275,1574,N-linked,literature
P04278,380,N-linked,literature
P04278,396,N-linked,literature
Q9BVK6,125,N-linked,literature
Q08380,551,N-linked,literature
Q08380,69,N-linked,literature
Q08380,125,N-linked,literature
Q08380,192,N-linked,literature
Q08380,398,N-linked,literature
Q08380,580,N-linked,literature
Q92820,203,N-linked,literature
Q92859,73,N-linked,literature
Q92876,134,N-linked,literature
P53801,54,N-linked,literature
P55285,437,N-linked,literature
P98160,89,N-linked,literature
P98160,3836,N-linked,literature
P98160,3780,N-linked,literature
P98172,139,N-linked,literature
O60487,118,N-linked,literature
Q92954,1159,N-linked,literature
P20645,83,N-linked,literature
O95633,73,N-linked,literature
O75326,258,N-linked,literature
O75326,157,N-linked,literature
P20742,932,N-linked,literature
P20742,246,N-linked,literature
Q02413,110,N-linked,literature
P20827,26,N-linked,literature
P20851,71,N-linked,literature
P20851,98,N-linked,literature
P20851,64,N-linked,literature
O95084,207,N-linked,literature
O95084,93,N-linked,literature
O75882,914,N-linked,literature
O75882,923,N-linked,literature
O75882,1082,N-linked,literature
O75882,1073,N-linked,literature
O75882,1198,N-linked,literature
O75882,383,N-linked,literature
O75882,325,N-linked,literature
O75882,300,N-linked,literature
O75882,416,N-linked,literature
O75882,264,N-linked,literature
O75882,1043,N-linked,literature
O75882,731,N-linked,literature
O75882,428,N-linked,literature
O75882,575,N-linked,literature
O75882,1054,N-linked,literature
Q7Z7M0,1201,N-linked,literature
Q7Z7M0,421,N-linked,literature
P16112,658,N-linked,literature
P40197,181,N-linked,literature
P40199,224,N-linked,literature
P08185,96,N-linked,literature
P08185,369,N-linked,literature
P08185,330,N-linked,literature
P06731,650,N-linked,literature
P06731,480,N-linked,literature
P06731,204,N-linked,literature
P06756,74,N-linked,literature
Q02985,108,N-linked,literature
Q02985,309,N-linked,literature
P22897,1205,N-linked,literature
P49747,121,N-linked,literature
P49747,742,N-linked,literature
Q06033,580,N-linked,literature
O60243,320,N-linked,literature
Q9UNW1,242,N-linked,literature
Q14112,703,N-linked,literature
Q14118,141,N-linked,literature
Q14126,182,N-linked,literature
Q14126,462,N-linked,literature
Q04756,290,N-linked,literature
Q04756,468,N-linked,literature
P08571,151,N-linked,literature
P08581,106,N-linked,literature
P08581,399,N-linked,literature
P08582,38,N-linked,literature
P34059,423,N-linked,literature
Q12841,144,N-linked,literature
P08603,882,N-linked,literature
P08603,911,N-linked,literature
P08603,1029,N-linked,literature
P08603,217,N-linked,literature
P08603,802,N-linked,literature
P08603,822,N-linked,literature
Q12860,494,N-linked,literature
Q12860,457,N-linked,literature
Q12866,207,N-linked,literature
Q12866,170,N-linked,literature
Q99519,352,N-linked,literature
O60568,63,N-linked,literature
Q9H6X2,184,N-linked,literature
O95445,135,N-linked,literature
Q9HD45,174,N-linked,literature
O95497,353,N-linked,literature
O95497,283,N-linked,literature
O60635,154,N-linked,literature
O60635,141,N-linked,literature
P24821,166,N-linked,literature
P24821,184,N-linked,literature
P24821,1034,N-linked,literature
P24821,788,N-linked,literature
Q06481,541,N-linked,literature
Q9HDC9,160,N-linked,literature
P08887,93,N-linked,literature
Q14517,1551,N-linked,literature
Q14517,998,N-linked,literature
P32942,295,N-linked,literature
P50454,120,N-linked,literature
P01008,224,N-linked,literature
P01008,128,N-linked,literature
P01008,187,N-linked,literature
P0C0L4,226,N-linked,literature
P0C0L5,226,N-linked,literature
P0C0L4,1328,N-linked,literature
P0C0L5,1328,N-linked,literature
P0C0L4,1391,N-linked,literature
P0C0L5,1391,N-linked,literature
P01031,741,N-linked,literature
P01033,53,N-linked,literature
P01033,101,N-linked,literature
P01042,169,N-linked,literature
P01042,294,N-linked,literature
P01042,205,N-linked,literature
P01042,48,N-linked,literature
Q9Y337,252,N-linked,literature
Q9Y337,173,N-linked,literature
Q9Y337,69,N-linked,literature
Q9Y337,208,N-linked,literature
Q96KN2,322,N-linked,literature
Q96KN2,382,N-linked,literature
P78504,559,N-linked,literature
P98088,415,N-linked,literature
P98088,1308,N-linked,literature
P98088,1675,N-linked,literature
Q8WZ75,246,N-linked,literature
Q86VB7,105,N-linked,literature
Q86VB7,1001,N-linked,literature
Q86VB7,320,N-linked,literature
P10586,966,N-linked,literature
P10586,721,N-linked,literature
Q96J42,293,N-linked,literature
P08174,95,N-linked,literature
Q6YHK3,247,N-linked,literature
Q6YHK3,419,N-linked,literature
Q86YD3,106,N-linked,literature
Q96PD5,485,N-linked,literature
Q96PD5,367,N-linked,literature
O14786,261,N-linked,literature
O14786,150,N-linked,literature
P25311,109,N-linked,literature
P25311,112,N-linked,literature
P25311,128,N-linked,literature
Q8NBJ5,96,N-linked,literature
Q6P9A2,320,N-linked,literature
Q8NHP8,88,N-linked,literature
Q8NHP8,515,N-linked,literature
P09172,566,N-linked,literature
P09172,344,N-linked,literature
P09172,184,N-linked,literature
Q8NFZ8,67,N-linked,literature
Q8NFZ8,262,N-linked,literature
Q8N271,540,N-linked,literature
P01591,71,N-linked,literature
Q9HBB8,405,N-linked,literature
P28799,236,N-linked,literature
P02458,1388,N-linked,literature
P54760,203,N-linked,literature
P26006,86,N-linked,literature
P26006,656,N-linked,literature
P26006,265,N-linked,literature
P26006,511,N-linked,literature
P26006,969,N-linked,literature
P26006,935,N-linked,literature
P08962,130,N-linked,literature
Q08722,73,N-linked,literature
Q9NY97,219,N-linked,literature
Q86SQ4,143,N-linked,literature
Q86SQ4,324,N-linked,literature
P05556,481,N-linked,literature
P05556,669,N-linked,literature
P05556,212,N-linked,literature
P05556,520,N-linked,literature
Q99523,406,N-linked,literature
Q99523,98,N-linked,literature
Q14624,81,N-linked,literature
Q14624,517,N-linked,literature
P09603,172,N-linked,literature
P09603,154,N-linked,literature
P08514,711,N-linked,literature
P24043,89,N-linked,literature
P27169,253,N-linked,literature
P27169,324,N-linked,literature
P23142,98,N-linked,literature
O75144,70,N-linked,literature
P15151,120,N-linked,literature
Q8NES3,167,N-linked,literature
P05106,478,N-linked,literature
P05106,680,N-linked,literature
P05106,125,N-linked,literature
P05106,585,N-linked,literature
P15144,234,N-linked,literature
P15144,265,N-linked,literature
P15144,128,N-linked,literature
Q99715,2679,N-linked,literature
Q99715,2528,N-linked,literature
Q99715,1763,N-linked,literature
Q9Y6R7,1063,N-linked,literature
Q9Y6R7,91,N-linked,literature
Q9Y6R7,2138,N-linked,literature
Q9Y6R7,1317,N-linked,literature
Q9Y6R7,1743,N-linked,literature
Q9Y6R7,5186,N-linked,literature
P54753,445,N-linked,literature
Q8NI99,145,N-linked,literature
P11717,1312,N-linked,literature
P11717,112,N-linked,literature
P11717,581,N-linked,literature
Q13332,733,N-linked,literature
Q9H5V8,39,N-linked,literature
Q9H5V8,180,N-linked,literature
Q9H5V8,512,N-linked,literature
Q9H5V8,386,N-linked,literature
P19022,651,N-linked,literature
P19022,692,N-linked,literature
P48740,178,N-linked,literature
P48740,407,N-linked,literature
P48740,385,N-linked,literature
P02787,491,N-linked,literature
Q9Y5Y7,53,N-linked,literature
P12109,212,N-linked,literature
P10909,155,N-linked,literature
P05155,238,N-linked,literature
P05155,352,N-linked,literature
P05155,253,N-linked,literature
P05156,103,N-linked,literature
P05156,177,N-linked,literature
P05156,70,N-linked,literature
P05156,464,N-linked,literature
P19827,588,N-linked,literature
P19827,285,N-linked,literature
Q9P232,931,N-linked,literature
Q9P232,489,N-linked,literature
P05543,165,N-linked,literature
P05543,36,N-linked,literature
Q96IY4,73,N-linked,literature
P10253,470,N-linked,literature
P10253,140,N-linked,literature
P10253,882,N-linked,literature
P10253,390,N-linked,literature
Q16394,330,N-linked,literature
Q99538,167,N-linked,literature
P28827,249,N-linked,literature
O75636,189,N-linked,literature
P07358,243,N-linked,literature
Q9UBX5,387,N-linked,literature
O00187,547,N-linked,literature
P16109,411,N-linked,literature
P16109,54,N-linked,literature
Q12884,49,N-linked,literature
Q12884,99,N-linked,literature
P16284,151,N-linked,literature
P07996,248,N-linked,literature
Q9UHL4,315,N-linked,literature
Q9UHL4,50,N-linked,literature
P10643,202,N-linked,literature
P10643,754,N-linked,literature
Q8N4F0,293,N-linked,literature
Q14515,169,N-linked,literature
Q14515,412,N-linked,literature
P55268,1499,N-linked,literature
P55268,1085,N-linked,literature
P55268,1308,N-linked,literature
P09529,93,N-linked,literature
P40189,83,N-linked,literature
P40189,157,N-linked,literature
P40189,390,N-linked,literature
P16070,57,N-linked,literature
Q8IWU5,608,N-linked,literature
Q8IWU5,171,N-linked,literature
Q8IWU5,132,N-linked,literature
Q8IWU5,149,N-linked,literature
Q8IWU5,112,N-linked,literature
Q9ULI3,520,N-linked,literature
P09668,72,N-linked,literature
P09668,101,N-linked,literature
P46977,548,N-linked,literature
Q04721,46,N-linked,literature
P09758,168,N-linked,literature
P09758,120,N-linked,literature
Q13275,126,N-linked,literature
P11047,1022,N-linked,literature
P11047,1439,N-linked,literature
P11047,650,N-linked,literature
P11047,1107,N-linked,literature
P11047,1241,N-linked,literature
P11047,576,N-linked,literature
P11047,1380,N-linked,literature
P11047,1205,N-linked,literature
P11047,1223,N-linked,literature
P21860,353,N-linked,literature
P21860,250,N-linked,literature
Q96FE7,66,N-linked,literature
P02675,435,N-linked,literature
P02675,394,N-linked,literature
P02675,314,N-linked,literature
Q13433,266,N-linked,literature
Q13433,67,N-linked,literature
P02749,253,N-linked,literature
P02749,183,N-linked,literature
P02749,193,N-linked,literature
P02749,162,N-linked,literature
P04004,242,N-linked,literature
P04004,86,N-linked,literature
O00533,87,N-linked,literature
O00533,498,N-linked,literature
Q13586,171,N-linked,literature
Q9UQC9,580,N-linked,literature
Q13751,604,N-linked,literature
P55259,291,N-linked,literature
P55259,216,N-linked,literature
Q13790,118,N-linked,literature
P80108,94,N-linked,literature
P80108,659,N-linked,literature
P80108,307,N-linked,literature
P80108,321,N-linked,literature
P80188,85,N-linked,literature
Q15166,323,N-linked,literature
P04626,530,N-linked,literature
P04626,571,N-linked,literature
P04626,259,N-linked,literature
P04626,187,N-linked,literature
Q6UXB8,114,N-linked,literature
Q9H3G5,81,N-linked,literature
Q8NCC3,289,N-linked,literature
P61916,58,N-linked,literature
Q9H4F8,214,N-linked,literature
Q24JP5,280,N-linked,literature
Q24JP5,71,N-linked,literature
Q96AP7,169,N-linked,literature
Q96AY3,182,N-linked,literature
P06681,112,N-linked,literature
P08123,1267,N-linked,literature
P19823,118,N-linked,literature
Q99988,70,N-linked,literature
P08648,868,N-linked,literature
P35555,1581,N-linked,literature
Q8WWZ8,299,N-linked,literature
P29622,238,N-linked,literature
P29622,157,N-linked,literature
P29622,108,N-linked,literature
P69849,369,N-linked,literature
Q15155,369,N-linked,literature
Q5JPE7,369,N-linked,literature
Q16363,742,N-linked,literature
Q16363,810,N-linked,literature
P08709,382,N-linked,literature
P78324,270,N-linked,literature
P78324,245,N-linked,literature
P32004,671,N-linked,literature
P02751,528,N-linked,literature
P02751,1007,N-linked,literature
P02751,430,N-linked,literature
P02751,542,N-linked,literature
O00468,932,N-linked,literature
O00468,135,N-linked,literature
Q6UW32,71,N-linked,literature
O15394,445,N-linked,literature
O15394,219,N-linked,literature
O15394,474,N-linked,literature
Q9UHG3,353,N-linked,literature
Q9UHG3,196,N-linked,literature
O94856,446,N-linked,literature
P04066,382,N-linked,literature
Q96HE7,280,N-linked,literature
Q8NBP7,533,N-linked,literature
Q6EMK4,117,N-linked,literature
Q9NUM4,183,N-linked,literature
Q9Y653,324,N-linked,literature
P01854,275,N-linked,literature
P49788,142,N-linked,literature
Q5ZPR3,91,N-linked,literature
Q5ZPR3,215,N-linked,literature
Q9Y4D7,696,N-linked,literature
Q92896,165,N-linked,literature
Q6GTS8,442,N-linked,literature
Q6GTS8,72,N-linked,literature
P16671,321,N-linked,literature
P16671,220,N-linked,literature
Q9NPR2,69,N-linked,literature
Q9NPR2,525,N-linked,literature
Q76LX8,1354,N-linked,literature
Q76LX8,614,N-linked,literature
Q76LX8,707,N-linked,literature
Q76LX8,667,N-linked,literature
Q8IZF2,256,N-linked,literature
Q8IZF2,627,N-linked,literature
Q8IZF2,820,N-linked,literature
P12821,146,N-linked,literature
P54289,324,N-linked,literature
P10321,110,N-linked,literature
P01023,55,N-linked,literature
P01023,396,N-linked,literature
P01023,410,N-linked,literature
P01023,247,N-linked,literature
P01023,869,N-linked,literature
P01023,1424,N-linked,literature
Q6UWL2,253,N-linked,literature
P22792,74,N-linked,literature
P22792,228,N-linked,literature
Q00839,57,N-linked,literature
Q9UGM5,37,N-linked,literature
Q9UGM5,136,N-linked,literature
P01009,107,N-linked,literature
P01009,70,N-linked,literature
P01009,271,N-linked,literature
P02774,451,N-linked,literature
P23284,148,N-linked,literature
P03952,127,N-linked,literature
P03952,316,N-linked,literature
P03952,494,N-linked,literature
P03952,396,N-linked,literature
P03952,308,N-linked,literature
P03952,453,N-linked,literature
P05997,1400,N-linked,literature
P56199,460,N-linked,literature
Q14520,113,N-linked,literature
P05026,158,N-linked,literature
O15230,2019,N-linked,literature
O15230,2423,N-linked,literature
O15230,2196,N-linked,literature
O15230,2707,N-linked,literature
O15230,2209,N-linked,literature
O15230,3107,N-linked,literature
O15230,95,N-linked,literature
O15230,2303,N-linked,literature
O15230,3287,N-linked,literature
O15230,1330,N-linked,literature
P01024,85,N-linked,literature
Q14766,347,N-linked,literature
Q6ZNF0,211,N-linked,literature
Q6ZMP0,441,N-linked,literature
Q6ZMP0,373,N-linked,literature
P20908,176,N-linked,literature
P20908,1672,N-linked,literature
Q6V0I7,615,N-linked,literature
O15031,127,N-linked,literature
O15031,759,N-linked,literature
O15031,733,N-linked,literature
O15031,528,N-linked,literature
O15031,1002,N-linked,literature
P11279,165,N-linked,literature
P11279,181,N-linked,literature
P11279,84,N-linked,literature
P11279,103,N-linked,literature
P11279,62,N-linked,literature
P11279,76,N-linked,literature
P30101,90,N-linked,literature
P01871,209,N-linked,literature
P01127,63,N-linked,literature
O95857,137,N-linked,literature
Q06828,201,N-linked,literature
Q9Y4L1,830,N-linked,literature
P42785,47,N-linked,literature
Q9Y644,113,N-linked,literature
Q9UN70,424,N-linked,literature
Q9UN70,245,N-linked,literature
O60245,79,N-linked,literature
Q9Y5Y6,485,N-linked,literature
Q9H9K5,225,N-linked,literature
Q9H9K5,234,N-linked,literature
Q9H9K5,449,N-linked,literature
Q9H9K5,192,N-linked,literature
Q9H9K5,196,N-linked,literature
Q9H9K5,89,N-linked,literature
Q9H9K5,333,N-linked,literature
Q08431,325,N-linked,literature
Q08431,329,N-linked,literature
P28300,144,N-linked,literature
P28300,81,N-linked,literature
Q9UBX7,197,N-linked,literature
Q16620,254,N-linked,literature
Q16620,121,N-linked,literature
Q9NYQ6,1576,N-linked,literature
Q9NYQ6,1979,N-linked,literature
Q9NYQ6,2122,N-linked,literature
Q9NYQ6,1640,N-linked,literature
O00391,130,N-linked,literature
O00391,575,N-linked,literature
Q15223,139,N-linked,literature
P11117,133,N-linked,literature
P11117,267,N-linked,literature
P11117,177,N-linked,literature
Q16769,296,N-linked,literature
Q93063,288,N-linked,literature
O95274,129,N-linked,literature
O75509,141,N-linked,literature
O75509,278,N-linked,literature
Q14435,132,N-linked,literature
Q8WWI5,180,N-linked,literature
P52799,36,N-linked,literature
Q08629,286,N-linked,literature
Q7Z7M9,845,N-linked,literature
Q9H4D0,729,N-linked,literature
Q9H4D0,98,N-linked,literature
Q9H4D0,716,N-linked,literature
P52803,162,N-linked,literature
Q9GZM7,78,N-linked,literature
Q9UBG0,364,N-linked,literature
Q9Y646,179,N-linked,literature
P36941,177,N-linked,literature
P22304,280,N-linked,literature
P22304,115,N-linked,literature
O75071,347,N-linked,literature
O94813,623,N-linked,literature
O94813,1300,N-linked,literature
Q7L0X0,209,N-linked,literature
P05067,542,N-linked,literature
O95631,95,N-linked,literature
O95631,417,N-linked,literature
P05120,339,N-linked,literature
P05121,232,N-linked,literature
P21217,154,N-linked,literature
Q9UKP4,94,N-linked,literature
Q15063,599,N-linked,literature
P54709,124,N-linked,literature
P54764,235,N-linked,literature
P54826,117,N-linked,literature
P13473,101,N-linked,literature
Q9UN73,257,N-linked,literature
Q9UN75,257,N-linked,literature
P13497,91,N-linked,literature
P13497,363,N-linked,literature
P13497,142,N-linked,literature
Q13641,275,N-linked,literature
P48307,170,N-linked,literature
Q9NZV1,746,N-linked,literature
P21589,311,N-linked,literature
P13598,176,N-linked,literature
Q11201,201,N-linked,literature
Q11201,79,N-linked,literature
Q11206,131,N-linked,literature
P15018,118,N-linked,literature
P13611,330,N-linked,literature
P13611,1442,N-linked,literature
P13611,1898,N-linked,literature
P13674,113,N-linked,literature
P13688,197,N-linked,literature
P06731,197,N-linked,literature
P31997,197,N-linked,literature
O43505,204,N-linked,literature
O00115,266,N-linked,literature
O00115,290,N-linked,literature
Q01973,315,N-linked,literature
Q03405,184,N-linked,literature
P23229,930,N-linked,literature
P07204,115,N-linked,literature
P07204,116,N-linked,literature
P21810,311,N-linked,literature
P21810,270,N-linked,literature
P15260,179,N-linked,literature
O00299,42,N-linked,literature
Q9HAT2,107,N-linked,literature
P23352,470,N-linked,literature
P23470,156,N-linked,literature
O00451,52,N-linked,literature
P15514,113,N-linked,literature
P15529,83,N-linked,literature
P15586,405,N-linked,literature
P15586,362,N-linked,literature
P15586,279,N-linked,literature
P15586,111,N-linked,literature
P15586,117,N-linked,literature
P15586,183,N-linked,literature
P07585,211,N-linked,literature
P07585,262,N-linked,literature
Q9NR99,2415,N-linked,literature
Q9NR99,2693,N-linked,literature
O43405,100,N-linked,literature
P07602,80,N-linked,literature
O43490,274,N-linked,literature
O43490,395,N-linked,literature
O43490,220,N-linked,literature
P07686,327,N-linked,literature
P17181,81,N-linked,literature
O00754,692,N-linked,literature
O00754,133,N-linked,literature
O43657,134,N-linked,literature
Q13508,248,N-linked,literature
P17301,343,N-linked,literature
P17342,394,N-linked,literature
Q13591,142,N-linked,literature
Q13591,717,N-linked,literature
P07998,104,N-linked,literature
Q07075,324,N-linked,literature
Q13753,942,N-linked,literature
Q13753,362,N-linked,literature
Q9HCU4,1501,N-linked,literature
Q9HCU4,1900,N-linked,literature
Q9HCU4,1565,N-linked,literature
Q9HCU4,2043,N-linked,literature
Q9HCU4,2061,N-linked,literature
Q9H741,67,N-linked,literature
P35052,79,N-linked,literature
P35052,116,N-linked,literature
Q15293,53,N-linked,literature
P19075,118,N-linked,literature
Q92626,640,N-linked,literature
Q92626,1280,N-linked,literature
Q99574,321,N-linked,literature
Q99574,157,N-linked,literature
Q6P4A8,366,N-linked,literature
P43121,418,N-linked,literature
P43121,449,N-linked,literature
O94907,131,N-linked,literature
Q15389,154,N-linked,literature
Q9UM21,77,N-linked,literature
P19256,169,N-linked,literature
P00533,352,N-linked,literature
P00533,603,N-linked,literature
P00533,623,N-linked,literature
Q6UXD5,641,N-linked,literature
Q6UXD5,247,N-linked,literature
Q6UXD5,373,N-linked,literature
O43897,125,N-linked,literature
O43897,390,N-linked,literature
Q9BRN9,157,N-linked,literature
P35442,316,N-linked,literature
P19440,511,N-linked,literature
P35556,2808,N-linked,literature
P35556,1112,N-linked,literature
Q15758,212,N-linked,literature
P00750,483,N-linked,literature
P00750,152,N-linked,literature
P00750,177,N-linked,literature
P00750,219,N-linked,literature
Q15828,137,N-linked,literature
Q09328,447,N-linked,literature
P27701,198,N-linked,literature
Q68CQ7,257,N-linked,literature
Q07954,2620,N-linked,literature
Q07954,2127,N-linked,literature
Q07954,1575,N-linked,literature
Q07954,3953,N-linked,literature
Q07954,2502,N-linked,literature
Q07954,1767,N-linked,literature
Q07954,4364,N-linked,literature
Q07954,3662,N-linked,literature
P29279,225,N-linked,literature
P19801,538,N-linked,literature
Q9Y561,75,N-linked,literature
P19883,124,N-linked,literature
P19883,288,N-linked,literature
P19883,141,N-linked,literature
P29317,435,N-linked,literature
P29323,482,N-linked,literature
Q9UGT4,494,N-linked,literature
P27930,66,N-linked,literature
O75752,198,N-linked,literature
O75635,215,N-linked,literature
O75635,88,N-linked,literature
O75635,148,N-linked,literature
Q14703,939,N-linked,literature
Q14703,148,N-linked,literature
P45452,152,N-linked,literature
P10600,135,N-linked,literature
Q9Y6Q6,105,N-linked,literature
Q92542,530,N-linked,literature
Q92542,264,N-linked,literature
O75629,193,N-linked,literature
O75629,160,N-linked,literature
Q9P2B2,383,N-linked,literature
Q9P2B2,525,N-linked,literature
Q9P2B2,600,N-linked,literature
P12111,3037,N-linked,literature
Q9H1J7,93,N-linked,literature
Q6UX06,411,N-linked,literature
Q6UX06,352,N-linked,literature
P02751,139,N-linked,literature
P02751,1244,N-linked,literature
Q92673,1706,N-linked,literature
Q92673,1246,N-linked,literature
Q92673,158,N-linked,literature
Q92673,871,N-linked,literature
Q92673,1164,N-linked,literature
Q92673,1894,N-linked,literature
Q92673,1986,N-linked,literature
Q92673,674,N-linked,literature
Q99650,380,N-linked,literature
Q99650,326,N-linked,literature
Q92729,75,N-linked,literature
Q92729,410,N-linked,literature
Q92729,134,N-linked,literature
Q92854,379,N-linked,literature
Q92854,419,N-linked,literature
Q92859,639,N-linked,literature
Q92859,470,N-linked,literature
P98095,180,N-linked,literature
Q9P2J2,188,N-linked,literature
Q9P2J2,524,N-linked,literature
P98153,149,N-linked,literature
P98160,210,N-linked,literature
P98160,1755,N-linked,literature
P98160,3072,N-linked,literature
O60487,39,N-linked,literature
Q9NQ36,790,N-linked,literature
P22003,211,N-linked,literature
P30040,187,N-linked,literature
Q9H6B4,74,N-linked,literature
P20645,57,N-linked,literature
Q13421,388,N-linked,literature
O95633,215,N-linked,literature
Q02388,786,N-linked,literature
O75493,260,N-linked,literature
O75493,118,N-linked,literature
Q02487,34,N-linked,literature
P06280,192,N-linked,literature
P06280,139,N-linked,literature
P22303,381,N-linked,literature
P14314,72,N-linked,literature
P20933,38,N-linked,literature
P14384,164,N-linked,literature
P14384,384,N-linked,literature
P14384,38,N-linked,literature
P47972,148,N-linked,literature
P47972,189,N-linked,literature
O75976,1070,N-linked,literature
O75976,522,N-linked,literature
O75976,811,N-linked,literature
O75976,955,N-linked,literature
O75976,172,N-linked,literature
O75976,626,N-linked,literature
O75976,867,N-linked,literature
Q02817,670,N-linked,literature
Q02817,423,N-linked,literature
Q02817,770,N-linked,literature
Q02817,1215,N-linked,literature
Q02817,1139,N-linked,literature
P14625,62,N-linked,literature
P14625,217,N-linked,literature
P08069,747,N-linked,literature
P08069,900,N-linked,literature
Q7Z7M0,217,N-linked,literature
Q7Z7M0,1271,N-linked,literature
Q7Z7M0,637,N-linked,literature
Q7Z7M0,1115,N-linked,literature
P16112,333,N-linked,literature
O60449,1103,N-linked,literature
O60449,1076,N-linked,literature
P40199,197,N-linked,literature
P06731,580,N-linked,literature
P06731,375,N-linked,literature
P06731,152,N-linked,literature
P06731,246,N-linked,literature
P06731,208,N-linked,literature
P06756,945,N-linked,literature
P06756,874,N-linked,literature
P14778,193,N-linked,literature
P49641,1093,N-linked,literature
P08236,272,N-linked,literature
Q9H0B8,41,N-linked,literature
P49767,175,N-linked,literature
P49767,205,N-linked,literature
P49767,240,N-linked,literature
O95980,352,N-linked,literature
Q9H159,74,N-linked,literature
Q6UY11,157,N-linked,literature
Q14118,641,N-linked,literature
Q14118,649,N-linked,literature
Q14126,112,N-linked,literature
Q9HAV5,74,N-linked,literature
P16519,375,N-linked,literature
P16519,524,N-linked,literature
P08581,785,N-linked,literature
P08581,607,N-linked,literature
P08582,135,N-linked,literature
P34059,204,N-linked,literature
P78536,539,N-linked,literature
P78536,594,N-linked,literature
P78536,264,N-linked,literature
P78536,174,N-linked,literature
P78536,103,N-linked,literature
P18084,586,N-linked,literature
P18084,654,N-linked,literature
Q12860,208,N-linked,literature
Q12866,442,N-linked,literature
Q9UM47,1179,N-linked,literature
O95390,94,N-linked,literature
O60568,548,N-linked,literature
O60637,167,N-linked,literature
O60637,127,N-linked,literature
P24821,327,N-linked,literature
P24821,1018,N-linked,literature
P24821,1485,N-linked,literature
P24821,1093,N-linked,literature
P24821,1119,N-linked,literature
P24821,38,N-linked,literature
P24821,1392,N-linked,literature
Q14517,40,N-linked,literature
P32926,459,N-linked,literature
P32926,545,N-linked,literature
P32926,110,N-linked,literature
Q14574,546,N-linked,literature
Q9Y287,170,N-linked,literature
Q96G27,8,N-linked,literature
Q9NPC4,121,N-linked,literature
Q9NPC4,203,N-linked,literature
P58397,1276,N-linked,literature
Q96JP9,385,N-linked,literature
Q7LGA3,108,N-linked,literature
Q8N6C5,1223,N-linked,literature
Q8N6C5,747,N-linked,literature
Q96NY8,281,N-linked,literature
Q6UX71,316,N-linked,literature
Q6UX71,160,N-linked,literature
Q96PQ0,328,N-linked,literature
O43852,131,N-linked,literature
Q96RT7,1228,N-linked,literature
Q96RW7,573,N-linked,literature
Q32P28,540,N-linked,literature
Q86VZ4,164,N-linked,literature
Q86VZ4,291,N-linked,literature
Q96TA2,592,N-linked,literature
Q969P0,463,N-linked,literature
Q969P0,327,N-linked,literature
Q8IVN8,227,N-linked,literature
Q96KG7,678,N-linked,literature
Q96KG7,807,N-linked,literature
Q96KG7,580,N-linked,literature
Q9NS15,89,N-linked,literature
Q9NS15,349,N-linked,literature
Q9C0C4,522,N-linked,literature
Q9C0C4,106,N-linked,literature
Q9C0C4,419,N-linked,literature
P78504,217,N-linked,literature
Q9NPF2,223,N-linked,literature
Q9NRA1,55,N-linked,literature
Q96D15,140,N-linked,literature
P98088,883,N-linked,literature
P98088,205,N-linked,literature
Q7Z4H8,61,N-linked,literature
Q8TCJ2,641,N-linked,literature
Q6YHK3,41,N-linked,literature
Q6YHK3,1086,N-linked,literature
Q6YHK3,291,N-linked,literature
Q6YHK3,337,N-linked,literature
Q6YHK3,397,N-linked,literature
Q6YHK3,513,N-linked,literature
Q6YHK3,68,N-linked,literature
Q6YHK3,118,N-linked,literature
Q8TE58,141,N-linked,literature
Q9BY76,177,N-linked,literature
Q8TCT8,149,N-linked,literature
O14786,522,N-linked,literature
P11362,264,N-linked,literature
Q8N0V5,41,N-linked,literature
Q3ZCQ3,53,N-linked,literature
Q8NFQ8,286,N-linked,literature
Q8NHP8,465,N-linked,literature
Q9UHN6,980,N-linked,literature
Q9HCB6,214,N-linked,literature
Q9BX97,113,N-linked,literature
O43827,44,N-linked,literature
O43827,58,N-linked,literature
O43827,253,N-linked,literature
O43827,267,N-linked,literature
Q92484,263,N-linked,literature
Q5SZK8,2121,N-linked,literature
Q5SZK8,2427,N-linked,literature
Q9NT68,1773,N-linked,literature
Q7LFX5,441,N-linked,literature
O94910,531,N-linked,literature
P22413,341,N-linked,literature
Q5VW38,169,N-linked,literature
Q6UWU2,486,N-linked,literature
Q13438,177,N-linked,literature
P54760,335,N-linked,literature
P26006,926,N-linked,literature
P26006,573,N-linked,literature
P26006,605,N-linked,literature
P21926,151,N-linked,literature
P08962,150,N-linked,literature
Q08722,111,N-linked,literature
Q9NY97,127,N-linked,literature
Q9NY97,173,N-linked,literature
Q9NY97,89,N-linked,literature
Q86SQ4,750,N-linked,literature
Q86SQ4,505,N-linked,literature
Q86SQ4,314,N-linked,literature
Q86SQ4,818,N-linked,literature
Q86SQ4,811,N-linked,literature
P05556,406,N-linked,literature
P05556,50,N-linked,literature
Q4G148,278,N-linked,literature
Q14108,249,N-linked,literature
Q99523,162,N-linked,literature
Q01638,232,N-linked,literature
Q01638,101,N-linked,literature
O75144,102,N-linked,literature
O75144,173,N-linked,literature
O75144,186,N-linked,literature
P15151,405,N-linked,literature
Q9NXG6,348,N-linked,literature
Q9Y6N7,160,N-linked,literature
O43451,1323,N-linked,literature
P61812,72,N-linked,literature
P06213,445,N-linked,literature
Q96AQ6,455,N-linked,literature
Q15818,154,N-linked,literature
P15144,818,N-linked,literature
Q9UIQ6,184,N-linked,literature
Q86SJ2,104,N-linked,literature
Q5VU97,587,N-linked,literature
Q5VU97,905,N-linked,literature
O75339,129,N-linked,literature
P11717,2136,N-linked,literature
P11717,747,N-linked,literature
P11717,543,N-linked,literature
P11717,435,N-linked,literature
Q13332,940,N-linked,literature
Q9H5V8,270,N-linked,literature
Q9H5V8,339,N-linked,literature
Q8TAB3,546,N-linked,literature
Q8TAB3,420,N-linked,literature
Q9UMF0,195,N-linked,literature
Q9UMF0,646,N-linked,literature
P12109,804,N-linked,literature
P12109,537,N-linked,literature
Q8TDL5,48,N-linked,literature
Q8TDL5,401,N-linked,literature
Q14508,44,N-linked,literature
Q8TEM1,1441,N-linked,literature
P05155,272,N-linked,literature
Q8WX77,166,N-linked,literature
Q14767,421,N-linked,literature
Q14767,343,N-linked,literature
Q14767,181,N-linked,literature
Q9P232,956,N-linked,literature
Q9P232,765,N-linked,literature
Q16394,89,N-linked,literature
Q99538,263,N-linked,literature
Q99538,272,N-linked,literature
P55287,540,N-linked,literature
Q8IZJ1,222,N-linked,literature
P28827,131,N-linked,literature
P28827,406,N-linked,literature
Q9UBX5,296,N-linked,literature
Q12797,452,N-linked,literature
Q9Y4K0,644,N-linked,literature
Q02742,58,N-linked,literature
Q12884,679,N-linked,literature
Q12884,314,N-linked,literature
P07858,192,N-linked,literature
P07858,38,N-linked,literature
Q6UXG2,717,N-linked,literature
P07996,708,N-linked,literature
Q9UHL4,428,N-linked,literature
P00749,322,N-linked,literature
Q9H173,193,N-linked,literature
Q7Z7H5,117,N-linked,literature
Q9UJ37,161,N-linked,literature
Q8N441,231,N-linked,literature
Q8N441,293,N-linked,literature
Q8N4F0,332,N-linked,literature
Q8N4F0,96,N-linked,literature
P28799,265,N-linked,literature
P28799,530,N-linked,literature
P55268,1348,N-linked,literature
P55268,248,N-linked,literature
P55268,1249,N-linked,literature
P30530,198,N-linked,literature
P09529,369,N-linked,literature
O60279,354,N-linked,literature
Q8IWU5,198,N-linked,literature
Q8IWU5,241,N-linked,literature
Q9ULI3,314,N-linked,literature
P11047,1395,N-linked,literature
P21860,437,N-linked,literature
P21860,469,N-linked,literature
P21860,616,N-linked,literature
O00300,152,N-linked,literature
O00300,178,N-linked,literature
O00300,183,N-linked,literature
O00300,165,N-linked,literature
Q13433,241,N-linked,literature
O00462,280,N-linked,literature
O00462,77,N-linked,literature
P48509,159,N-linked,literature
Q9UQC9,556,N-linked,literature
Q9UQC9,822,N-linked,literature
Q9UQC9,150,N-linked,literature
P48723,184,N-linked,literature
Q13751,220,N-linked,literature
Q13751,810,N-linked,literature
P48960,371,N-linked,literature
P48960,453,N-linked,literature
P48960,38,N-linked,literature
O00241,269,N-linked,literature
O00241,244,N-linked,literature
P20061,216,N-linked,literature
Q9NRB3,134,N-linked,literature
Q9NRB3,280,N-linked,literature
P04626,629,N-linked,literature
Q8NBK3,141,N-linked,literature
Q8NBL1,373,N-linked,literature
Q8NBL1,204,N-linked,literature
Q9H3G5,307,N-linked,literature
Q9H3G5,346,N-linked,literature
Q8NCG5,329,N-linked,literature
Q9H4F8,153,N-linked,literature
Q9NYQ8,996,N-linked,literature
Q9NYQ8,1904,N-linked,literature
Q9NYQ8,2597,N-linked,literature
Q9NYQ8,2470,N-linked,literature
Q9NYQ8,3125,N-linked,literature
Q9NYQ8,3840,N-linked,literature
Q9NYQ8,2547,N-linked,literature
Q9NYQ8,3873,N-linked,literature
Q9NYQ8,568,N-linked,literature
Q9NYQ8,655,N-linked,literature
Q9NYQ8,627,N-linked,literature
Q9NYQ8,1417,N-linked,literature
Q9NYQ8,2183,N-linked,literature
Q96AY3,393,N-linked,literature
Q96AY3,407,N-linked,literature
Q96AY3,294,N-linked,literature
Q96AY3,70,N-linked,literature
Q9H7M9,128,N-linked,literature
P22455,258,N-linked,literature
P12110,140,N-linked,literature
P12110,785,N-linked,literature
Q6P4E1,115,N-linked,literature
Q96F46,265,N-linked,literature
P08648,773,N-linked,literature
Q7LGC8,256,N-linked,literature
Q7LGC8,464,N-linked,literature
Q7LGC8,420,N-linked,literature
O75173,68,N-linked,literature
P35555,1369,N-linked,literature
P35555,2767,N-linked,literature
P35555,448,N-linked,literature
Q8IV08,387,N-linked,literature
Q8IV08,236,N-linked,literature
Q9Y2E5,336,N-linked,literature
Q9Y2E5,748,N-linked,literature
Q9Y2E5,890,N-linked,literature
Q86UN2,303,N-linked,literature
Q86VR7,144,N-linked,literature
P69849,618,N-linked,literature
Q15155,618,N-linked,literature
Q5JPE7,618,N-linked,literature
Q16363,787,N-linked,literature
Q16363,315,N-linked,literature
Q16363,578,N-linked,literature
Q16363,557,N-linked,literature
P49746,937,N-linked,literature
P49746,407,N-linked,literature
P78324,110,N-linked,literature
P78324,292,N-linked,literature
Q8NFT8,223,N-linked,literature
Q8NFT8,361,N-linked,literature
Q92823,223,N-linked,literature
P32004,490,N-linked,literature
P32004,479,N-linked,literature
P32004,726,N-linked,literature
P32004,849,N-linked,literature
P32004,979,N-linked,literature
Q16563,96,N-linked,literature
O00469,209,N-linked,literature
Q8N8Z6,277,N-linked,literature
Q8N8Z6,64,N-linked,literature
O00468,250,N-linked,literature
P25391,555,N-linked,literature
P25391,2852,N-linked,literature
P25391,1991,N-linked,literature
P25391,2384,N-linked,literature
A2RU67,237,N-linked,literature
Q6ZRP7,178,N-linked,literature
O15394,177,N-linked,literature
Q68BL7,183,N-linked,literature
P04066,268,N-linked,literature
Q9HCK4,782,N-linked,literature
Q5NDL2,354,N-linked,literature
Q68D85,208,N-linked,literature
Q68D85,242,N-linked,literature
Q07092,47,N-linked,literature
Q9GZX9,52,N-linked,literature
Q9GZX9,81,N-linked,literature
Q5ZPR3,104,N-linked,literature
O00567,207,N-linked,literature
Q9Y4D7,500,N-linked,literature
Q5KU26,386,N-linked,literature
Q92896,210,N-linked,literature
Q92896,581,N-linked,literature
O00584,76,N-linked,literature
P17050,177,N-linked,literature
P17050,201,N-linked,literature
O43184,111,N-linked,literature
A8K2U0,1020,N-linked,literature
A8K2U0,867,N-linked,literature
A8K2U0,120,N-linked,literature
A8K2U0,857,N-linked,literature
Q9NZ53,480,N-linked,literature
Q9NPR2,410,N-linked,literature
Q6UXH1,190,N-linked,literature
Q96PD2,155,N-linked,literature
P05186,140,N-linked,literature
P05186,230,N-linked,literature
Q13444,237,N-linked,literature
Q86YB8,140,N-linked,literature
Q86YB8,145,N-linked,literature
P12821,714,N-linked,literature
P12821,509,N-linked,literature
P12821,445,N-linked,literature
Q13443,144,N-linked,literature
Q13443,154,N-linked,literature
Q13443,125,N-linked,literature
P15328,69,N-linked,literature
O94856,984,N-linked,literature
Q8IWK6,592,N-linked,literature
Q86XX4,1504,N-linked,literature
Q86XX4,1948,N-linked,literature
Q86XX4,1093,N-linked,literature
Q5JRA6,589,N-linked,literature
Q5JRA6,250,N-linked,literature
Q6P179,119,N-linked,literature
Q6P179,431,N-linked,literature
Q96J84,140,N-linked,literature
Q96J84,297,N-linked,literature
P54289,136,N-linked,literature
Q8IXL6,470,N-linked,literature
Q68BL8,187,N-linked,literature
P55259,260,N-linked,literature
P55259,88,N-linked,literature
Q15262,462,N-linked,literature
Q15262,101,N-linked,literature
Q15262,436,N-linked,literature
Q15262,416,N-linked,literature
Q15262,211,N-linked,literature
Q00888,299,N-linked,literature
P11464,303,N-linked,literature
Q00888,303,N-linked,literature
O15230,479,N-linked,literature
O15230,327,N-linked,literature
O15230,243,N-linked,literature
Q8N6Y1,135,N-linked,literature
Q8N6Y1,803,N-linked,literature
Q8WWB7,187,N-linked,literature
Q53GD3,69,N-linked,literature
Q9UIW2,77,N-linked,literature
Q9UIW2,1043,N-linked,literature
O14773,443,N-linked,literature
Q17RR3,338,N-linked,literature
O95479,157,N-linked,literature
O95965,405,N-linked,literature
Q8N766,913,N-linked,literature
Q5JTV8,399,N-linked,literature
O14917,566,N-linked,literature
Q29980,164,N-linked,literature
Q96JA1,74,N-linked,literature
O75197,138,N-linked,literature
P23471,134,N-linked,literature
P23471,677,N-linked,literature
P23471,105,N-linked,literature
Q9C0H2,144,N-linked,literature
Q86WI1,124,N-linked,literature
P04439,110,N-linked,literature
O15230,2568,N-linked,literature
O15230,1555,N-linked,literature
O15230,921,N-linked,literature
Q15904,170,N-linked,literature
Q14766,378,N-linked,literature
Q9NX62,259,N-linked,literature
Q6ZNF0,404,N-linked,literature
Q6ZNF0,350,N-linked,literature
P33908,513,N-linked,literature
Q6V0I7,1828,N-linked,literature
O15031,1049,N-linked,literature
O15031,844,N-linked,literature
P02751,1291,N-linked,literature
P11279,107,N-linked,literature
P11279,261,N-linked,literature
P11279,121,N-linked,literature
P11279,130,N-linked,literature
Q9UBP4,96,N-linked,literature
Q9UBP4,106,N-linked,literature
P07093,130,N-linked,literature
A8MVW0,66,N-linked,literature
O14657,64,N-linked,literature
A1A5B4,641,N-linked,literature
A1A5B4,652,N-linked,literature
Q9NTN9,55,N-linked,literature
P28068,110,N-linked,literature
P04440,48,N-linked,literature
Q8NHL6,302,N-linked,literature
Q8NHL6,281,N-linked,literature
O76082,91,N-linked,literature
Q9H015,91,N-linked,literature
A2RU67,396,N-linked,literature
A2RU67,399,N-linked,literature
A2VDJ0,343,N-linked,literature
A2VDJ0,593,N-linked,literature
A2VDJ0,809,N-linked,literature
A2VDJ0,439,N-linked,literature
A2VDJ0,709,N-linked,literature
A2VDJ0,708,N-linked,literature
A2VDJ0,225,N-linked,literature
A2VDJ0,239,N-linked,literature
Q7LGA3,127,N-linked,literature
O60637,183,N-linked,literature
O60637,152,N-linked,literature
O60637,158,N-linked,literature
O60637,130,N-linked,literature
Q8TCT7,129,N-linked,literature
P05026,265,N-linked,literature
P43251,119,N-linked,literature
P43251,150,N-linked,literature
P43251,349,N-linked,literature
Q8IUI4,50,N-linked,literature
Q96RD9,132,N-linked,literature
Q96RD9,133,N-linked,literature
Q96RD9,795,N-linked,literature
O75054,825,N-linked,literature
O75054,655,N-linked,literature
O75054,842,N-linked,literature
O75054,700,N-linked,literature
Q9Y2I2,320,N-linked,literature
Q96RL6,366,N-linked,literature
A6NMB1,338,N-linked,literature
Q96LC7,355,N-linked,literature
Q15004,34,N-linked,literature
A7MBM2,792,N-linked,literature
P14314,79,N-linked,literature
P14314,90,N-linked,literature
P14314,476,N-linked,literature
Q9NQ25,172,N-linked,literature
Q9NQ25,176,N-linked,literature
Q9NQ25,204,N-linked,literature
P62195,36,N-linked,literature
Q9ULG6,498,N-linked,literature
P57087,187,N-linked,literature
Q8NC56,311,N-linked,literature
Q86TL2,7,N-linked,literature
Q9NYQ6,1639,N-linked,literature
P55083,87,N-linked,literature
P55083,137,N-linked,literature
P55083,138,N-linked,literature
A8MVS5,73,N-linked,literature
P30511,107,N-linked,literature
Q96F46,49,N-linked,literature
Q96F46,54,N-linked,literature
Q2MV58,295,N-linked,literature
Q2MV58,235,N-linked,literature
O95490,520,N-linked,literature
O95490,813,N-linked,literature
P19022,687,N-linked,literature
P19022,324,N-linked,literature
P19022,325,N-linked,literature
P19022,402,N-linked,literature
A8MWY0,732,N-linked,literature
A8MWY0,733,N-linked,literature
A8MWY0,716,N-linked,literature
Q8NBJ7,191,N-linked,literature
Q8NBJ7,194,N-linked,literature
Q8NBJ7,106,N-linked,literature
Q6GTX8,69,N-linked,literature
Q9UH99,636,N-linked,literature
P14784,43,N-linked,literature
P14784,149,N-linked,literature
O95461,122,N-linked,literature
O75477,108,N-linked,literature
Q9UMR5,289,N-linked,literature
P01920,51,N-linked,literature
P01920,114,N-linked,literature
P18075,187,N-linked,literature
P18075,321,N-linked,literature
Q9P0T7,38,N-linked,literature
Q9P0T7,45,N-linked,literature
Q9P0T7,47,N-linked,literature
P19256,195,N-linked,literature
P81408,160,N-linked,literature
P07602,331,N-linked,literature
Q9Y6M7,786,N-linked,literature
Q9Y6M7,791,N-linked,literature
Q9Y6M7,776,N-linked,literature
Q9Y6M7,796,N-linked,literature
Q8NBS9,386,N-linked,literature
Q9Y6N7,820,N-linked,literature
Q9NX78,568,N-linked,literature
Q9BRN9,169,N-linked,literature
Q9BRN9,87,N-linked,literature
Q9BRN9,122,N-linked,literature
P54762,477,N-linked,literature
P54762,480,N-linked,literature
Q9BRK3,306,N-linked,literature
P55058,64,N-linked,literature
P55058,398,N-linked,literature
P55058,143,N-linked,literature
Q8WTV0,102,N-linked,literature
Q8WTV0,106,N-linked,literature
Q8WTV0,107,N-linked,literature
Q8WTV0,108,N-linked,literature
Q8WTV0,54,N-linked,literature
P35475,372,N-linked,literature
P35475,110,N-linked,literature
Q9UHW9,379,N-linked,literature
O96005,241,N-linked,literature
O96005,245,N-linked,literature
O96005,295,N-linked,literature
P52849,802,N-linked,literature
Q13286,71,N-linked,literature
Q13286,85,N-linked,literature
Q9H0X4,116,N-linked,literature
Q9H0X4,120,N-linked,literature
Q9H0X4,314,N-linked,literature
Q9H0X4,389,N-linked,literature
Q96FM1,40,N-linked,literature
P23219,143,N-linked,literature
P23219,67,N-linked,literature
Q9Y6A1,471,N-linked,literature
P07093,159,N-linked,literature
Q9NV96,107,N-linked,literature
Q9NV96,294,N-linked,literature
P05067,571,N-linked,literature
O76024,746,N-linked,literature
O76024,661,N-linked,literature
P01130,272,N-linked,literature
P01130,657,N-linked,literature
P42892,187,N-linked,literature
P42892,270,N-linked,literature
P42892,274,N-linked,literature
P42892,383,N-linked,literature
P42892,539,N-linked,literature
P42892,210,N-linked,literature
P42892,316,N-linked,literature
P42892,247,N-linked,literature
P42892,249,N-linked,literature
P42892,251,N-linked,literature
P21453,30,N-linked,literature
Q7KYR7,114,N-linked,literature
Q7KYR7,120,N-linked,literature
Q8NBN3,157,N-linked,literature
Q8NBN3,160,N-linked,literature
Q8NBN3,127,N-linked,literature
Q32P28,467,N-linked,literature
Q32P28,281,N-linked,literature
P17181,416,N-linked,literature
Q8N5B7,26,N-linked,literature
Q02809,538,N-linked,literature
Q02809,197,N-linked,literature
Q96FE7,72,N-linked,literature
Q96J42,278,N-linked,literature
Q96J42,181,N-linked,literature
Q96J42,165,N-linked,literature
Q96J42,187,N-linked,literature
Q9H0V9,180,N-linked,literature
Q9H0V9,181,N-linked,literature
P15586,106,N-linked,literature
P15586,112,N-linked,literature
P15586,198,N-linked,literature
P15586,210,N-linked,literature
Q13740,91,N-linked,literature
Q13740,306,N-linked,literature
Q96LA5,204,N-linked,literature
Q92791,361,N-linked,literature
P25774,318,N-linked,literature
P25774,315,N-linked,literature
P78562,736,N-linked,literature
P78562,238,N-linked,literature
Q12907,182,N-linked,literature
P50897,197,N-linked,literature
P50897,212,N-linked,literature
Q92611,342,N-linked,literature
Q86TD4,389,N-linked,literature
P24394,176,N-linked,literature
P24394,53,N-linked,literature
P26006,107,N-linked,literature
O00754,774,N-linked,literature
O00754,832,N-linked,literature
O00754,930,N-linked,literature
O00754,645,N-linked,literature
O00754,310,N-linked,literature
O75503,178,N-linked,literature
O75503,255,N-linked,literature
O75503,203,N-linked,literature
Q13291,102,N-linked,literature
Q13291,125,N-linked,literature
Q6UWV2,123,N-linked,literature
Q95460,107,N-linked,literature
Q9NZK5,378,N-linked,literature
Q9NZK5,174,N-linked,literature
O43556,200,N-linked,literature
O14773,210,N-linked,literature
O14773,222,N-linked,literature
O14773,223,N-linked,literature
O95302,286,N-linked,literature
P13994,28,N-linked,literature
P18433,36,N-linked,literature
P05186,430,N-linked,literature
P05186,439,N-linked,literature
P05186,440,N-linked,literature
P05186,302,N-linked,literature
P05186,303,N-linked,literature
Q9UHG3,323,N-linked,literature
Q9H813,148,N-linked,literature
Q9H813,155,N-linked,literature
Q9H813,162,N-linked,literature
O00115,212,N-linked,literature
O00115,86,N-linked,literature
P48067,250,N-linked,literature
P48067,66,N-linked,literature
P48067,256,N-linked,literature
Q8NCW6,428,N-linked,literature
Q16585,211,N-linked,literature
Q5T4D3,497,N-linked,literature
Q9UL01,642,N-linked,literature
Q9UL01,648,N-linked,literature
Q92896,677,N-linked,literature
Q6PCB8,189,N-linked,literature
Q6PCB8,196,N-linked,literature
Q6PCB8,213,N-linked,literature
Q6PCB8,218,N-linked,literature
P11049,170,N-linked,literature
P11049,183,N-linked,literature
P11049,188,N-linked,literature
O75449,9,N-linked,literature
Q92859,210,N-linked,literature
Q9BZQ6,691,N-linked,literature
Q9BZQ6,195,N-linked,literature
P16871,151,N-linked,literature
O43529,99,N-linked,literature
Q53QZ3,15,N-linked,literature
Q9UK76,29,N-linked,literature
Q4KMQ2,802,N-linked,literature
Q4KMQ2,361,N-linked,literature
Q4KMQ2,493,N-linked,literature
P51790,476,N-linked,literature
P51790,479,N-linked,literature
Q7Z3C6,99,N-linked,literature
P43307,181,N-linked,literature
P43307,183,N-linked,literature
P43307,191,N-linked,literature
P43307,136,N-linked,literature
P43307,109,N-linked,literature
P43307,143,N-linked,literature
P20023,623,N-linked,literature
P20023,962,N-linked,literature
P20023,911,N-linked,literature
P20023,861,N-linked,literature
Q9UJ42,8,N-linked,literature
Q9NZJ5,254,N-linked,literature
Q9NZJ5,258,N-linked,literature
Q9H1U4,218,N-linked,literature
Q9H1U4,296,N-linked,literature
Q9H1U4,304,N-linked,literature
Q9H1U4,305,N-linked,literature
Q14435,297,N-linked,literature
O43567,88,N-linked,literature
O43567,70,N-linked,literature
O43567,75,N-linked,literature
O00478,115,N-linked,literature
O00481,115,N-linked,literature
P78410,115,N-linked,literature
P08069,638,N-linked,literature
P08069,640,N-linked,literature
Q7Z2W4,352,N-linked,literature
Q8N587,73,N-linked,literature
Q6UXG2,672,N-linked,literature
Q6UXG2,678,N-linked,literature
Q6UXG2,390,N-linked,literature
Q6UXG2,391,N-linked,literature
Q6UXG2,404,N-linked,literature
P41221,120,N-linked,literature
P28039,207,N-linked,literature
Q9BVX2,186,N-linked,literature
O43699,258,N-linked,literature
O43699,103,N-linked,literature
O43699,233,N-linked,literature
Q12891,103,N-linked,literature
Q8NBJ9,165,N-linked,literature
Q8NBJ9,54,N-linked,literature
Q9BXB1,362,N-linked,literature
Q9BVT8,111,N-linked,literature
P25311,127,N-linked,literature
P05090,98,N-linked,literature
P05090,65,N-linked,literature
Q9P2E5,121,N-linked,literature
Q6P9F7,78,N-linked,literature
Q6P9F7,82,N-linked,literature
P07339,209,N-linked,literature
P07339,210,N-linked,literature
Q96LC7,100,N-linked,literature
Q96LC7,361,N-linked,literature
Q96LC7,364,N-linked,literature
P23229,927,N-linked,literature
P23229,951,N-linked,literature
P23229,726,N-linked,literature
P23229,891,N-linked,literature
P13674,259,N-linked,literature
Q96BD0,557,N-linked,literature
O75718,363,N-linked,literature
Q6UWL2,308,N-linked,literature
O14626,3,N-linked,literature
O75096,1415,N-linked,literature
O75096,1418,N-linked,literature
O75096,1467,N-linked,literature
O75096,1468,N-linked,literature
Q5HYA8,179,N-linked,literature
Q02083,37,N-linked,literature
Q96NT5,58,N-linked,literature
Q6DD88,520,N-linked,literature
P08962,129,N-linked,literature
P08962,172,N-linked,literature
P08962,79,N-linked,literature
Q92823,276,N-linked,literature
Q92823,279,N-linked,literature
Q92823,507,N-linked,literature
Q92823,1019,N-linked,literature
Q92823,802,N-linked,literature
Q92823,858,N-linked,literature
Q92823,993,N-linked,literature
Q9NP61,472,N-linked,literature
Q9NR97,285,N-linked,literature
Q9NR97,247,N-linked,literature
Q9NR97,582,N-linked,literature
Q9NR97,443,N-linked,literature
Q9NR97,590,N-linked,literature
Q9NR97,293,N-linked,literature
P00736,221,N-linked,literature
Q15800,42,N-linked,literature
Q15800,43,N-linked,literature
Q04900,146,N-linked,literature
Q04900,147,N-linked,literature
P08887,55,N-linked,literature
Q9NY35,42,N-linked,literature
Q9NY35,72,N-linked,literature
P01591,67,N-linked,literature
P01591,68,N-linked,literature
P52803,40,N-linked,literature
P31785,180,N-linked,literature
P31785,159,N-linked,literature
Q9GZM5,337,N-linked,literature
O00584,106,N-linked,literature
O00584,212,N-linked,literature
P43007,201,N-linked,literature
P43007,206,N-linked,literature
Q8WVJ2,144,N-linked,literature
Q15043,77,N-linked,literature
O94905,106,N-linked,literature
Q13510,286,N-linked,literature
Q13510,195,N-linked,literature
Q13510,170,N-linked,literature
Q13510,348,N-linked,literature
Q13510,259,N-linked,literature
Q8IZA0,883,N-linked,literature
Q8IZA0,890,N-linked,literature
Q8IZA0,207,N-linked,literature
Q8IZA0,71,N-linked,literature
Q92542,531,N-linked,literature
Q92542,435,N-linked,literature
Q92542,612,N-linked,literature
Q92542,417,N-linked,literature
Q92542,387,N-linked,literature
Q29983,220,N-linked,literature
Q29983,125,N-linked,literature
P16070,595,N-linked,literature
P16070,282,N-linked,literature
P16070,597,N-linked,literature
P16070,599,N-linked,literature
P16070,548,N-linked,literature
P16070,350,N-linked,literature
Q10589,65,N-linked,literature
Q10589,92,N-linked,literature
Q99571,184,N-linked,literature
Q99571,153,N-linked,literature
Q99571,75,N-linked,literature
Q99571,208,N-linked,literature
Q14643,2512,N-linked,literature
Q02223,42,N-linked,literature
P16278,464,N-linked,literature
Q8NBI5,56,N-linked,literature
Q9NQ36,761,N-linked,literature
P21854,136,N-linked,literature
O14836,128,N-linked,literature
P02751,427,N-linked,literature
P02751,428,N-linked,literature
P13688,378,N-linked,literature
P13688,152,N-linked,literature
P40199,152,N-linked,literature
P13688,153,N-linked,literature
P40199,153,N-linked,literature
P13688,155,N-linked,literature
P40199,155,N-linked,literature
P13688,208,N-linked,literature
P13688,224,N-linked,literature
P13688,345,N-linked,literature
P13688,351,N-linked,literature
P13688,363,N-linked,literature
P01909,103,N-linked,literature
P01906,104,N-linked,literature
P01909,109,N-linked,literature
P01906,110,N-linked,literature
Q9BZC7,1549,N-linked,literature
Q9BZC7,1557,N-linked,literature
P42081,177,N-linked,literature
Q9UQV4,266,N-linked,literature
Q9UQV4,232,N-linked,literature
Q8IWA5,187,N-linked,literature
Q8IWA5,200,N-linked,literature
Q8IWA5,417,N-linked,literature
Q7KZI7,574,N-linked,literature
Q7KZI7,541,N-linked,literature
Q8IU80,216,N-linked,literature
Q9UBP4,107,N-linked,literature
Q92508,2294,N-linked,literature
Q92508,2331,N-linked,literature
P38571,321,N-linked,literature
P38571,161,N-linked,literature
O14656,158,N-linked,literature
P06756,704,N-linked,literature
P06756,615,N-linked,literature
Q99572,213,N-linked,literature
P51788,403,N-linked,literature
Q9P0K1,519,N-linked,literature
P09668,66,N-linked,literature
P09668,69,N-linked,literature
P09668,70,N-linked,literature
Q96HA4,104,N-linked,literature
Q96HA4,111,N-linked,literature
Q96HA4,128,N-linked,literature
Q96HA4,92,N-linked,literature
P08575,255,N-linked,literature
P08575,327,N-linked,literature
P27701,129,N-linked,literature
Q9Y251,162,N-linked,literature
Q9Y251,217,N-linked,literature
Q9Y251,238,N-linked,literature
Q9Y251,456,N-linked,literature
Q9Y251,459,N-linked,literature
Q9Y2E5,226,N-linked,literature
Q9HBU6,107,N-linked,literature
P38435,627,N-linked,literature
O14786,521,N-linked,literature
P50897,232,N-linked,literature
O60462,152,N-linked,literature
O60462,157,N-linked,literature
P01589,70,N-linked,literature
Q92854,74,N-linked,literature
Q92854,77,N-linked,literature
Q9Y6Y1,1218,N-linked,literature
Q13308,283,N-linked,literature
Q13308,567,N-linked,literature
Q13308,175,N-linked,literature
Q13308,463,N-linked,literature
Q13308,646,N-linked,literature
Q13308,405,N-linked,literature
Q13308,116,N-linked,literature
P29017,75,N-linked,literature
P29017,78,N-linked,literature
P48509,160,N-linked,literature
P04216,119,N-linked,literature
P04216,42,N-linked,literature
P04216,79,N-linked,literature
Q13586,97,N-linked,literature
Q96G97,88,N-linked,literature
O15321,178,N-linked,literature
Q9Y210,473,N-linked,literature
Q5JTV8,268,N-linked,literature
P11836,9,N-linked,literature
Q86YT9,231,N-linked,literature
Q9Y4L1,222,N-linked,literature
Q9Y4L1,227,N-linked,literature
Q9Y4L1,922,N-linked,literature
Q9Y4L1,827,N-linked,literature
P16671,79,N-linked,literature
P16671,417,N-linked,literature
P13765,45,N-linked,literature
Q9H1C4,101,N-linked,literature
P02794,112,N-linked,literature
Q8TDW7,668,N-linked,literature
Q8TDW7,1007,N-linked,literature
P43308,88,N-linked,literature
P04839,240,N-linked,literature
P04839,149,N-linked,literature
P04839,154,N-linked,literature
P04839,132,N-linked,literature
P04839,133,N-linked,literature
P25445,132,N-linked,literature
P25445,136,N-linked,literature
P25445,118,N-linked,literature
O00592,360,N-linked,literature
O00592,364,N-linked,literature
Q99808,48,N-linked,literature
Q15116,116,N-linked,literature
Q15116,74,N-linked,literature
Q13740,496,N-linked,literature
Q13740,499,N-linked,literature
P04156,197,N-linked,literature
Q10472,95,N-linked,literature
P04062,309,N-linked,literature
P04062,98,N-linked,literature
P04062,185,N-linked,literature
P04035,281,N-linked,literature
Q9H1J7,99,N-linked,literature
Q13651,110,N-linked,literature
Q13651,177,N-linked,literature
Q13651,154,N-linked,literature
Q12879,444,N-linked,literature
Q12879,380,N-linked,literature
P11021,59,N-linked,literature
P11142,35,N-linked,literature
P54652,36,N-linked,literature
Q9Y639,229,N-linked,literature
Q9Y639,171,N-linked,literature
Q9Y639,284,N-linked,literature
Q9Y639,197,N-linked,literature
Q9Y639,200,N-linked,literature
P08195,365,N-linked,literature
P08195,381,N-linked,literature
P08195,395,N-linked,literature
P08195,424,N-linked,literature
Q96S52,370,N-linked,literature
P32004,100,N-linked,literature
P32004,931,N-linked,literature
P32004,247,N-linked,literature
P32004,433,N-linked,literature
P32004,588,N-linked,literature
P32004,203,N-linked,literature
Q9BY67,165,N-linked,literature
Q9BY67,67,N-linked,literature
Q9BY67,78,N-linked,literature
Q9BY67,80,N-linked,literature
Q9BY67,297,N-linked,literature
Q9BY67,301,N-linked,literature
Q9BY67,302,N-linked,literature
Q9BY67,304,N-linked,literature
Q9BY67,308,N-linked,literature
Q9BY67,317,N-linked,literature
Q9H159,419,N-linked,literature
O75326,105,N-linked,literature
Q99985,585,N-linked,literature
Q99985,586,N-linked,literature
Q99985,123,N-linked,literature
Q96E93,150,N-linked,literature
Q06828,165,N-linked,literature
Q96BZ4,249,N-linked,literature
Q96BZ4,403,N-linked,literature
Q96BZ4,281,N-linked,literature
Q96BZ4,417,N-linked,literature
Q96BZ4,427,N-linked,literature
Q96BZ4,420,N-linked,literature
P55287,538,N-linked,literature
P34059,431,N-linked,literature
Q8IYK4,382,N-linked,literature
Q96JJ7,258,N-linked,literature
Q9Y4L1,596,N-linked,literature
Q8NHP8,91,N-linked,literature
Q8NHP8,512,N-linked,literature
P15391,125,N-linked,literature
P15391,138,N-linked,literature
Q12797,706,N-linked,literature
Q12797,458,N-linked,literature
P51688,264,N-linked,literature
Q9UQ52,895,N-linked,literature
Q9UQ52,931,N-linked,literature
Q9UQ52,659,N-linked,literature
Q9UQ52,193,N-linked,literature
Q9UQ52,860,N-linked,literature
Q9UQ52,865,N-linked,literature
Q6PIU2,287,N-linked,literature
P54132,633,N-linked,literature
Q8WVQ1,85,N-linked,literature
Q8WVQ1,88,N-linked,literature
O15455,247,N-linked,literature
Q9BXP2,243,N-linked,literature
Q9NX18,82,N-linked,literature
P53634,276,N-linked,literature
P53634,277,N-linked,literature
P20036,109,N-linked,literature
P20036,115,N-linked,literature
O95498,347,N-linked,literature
O95498,357,N-linked,literature
O95498,466,N-linked,literature
O95498,468,N-linked,literature
O95498,411,N-linked,literature
P07585,255,N-linked,literature
P07585,115,N-linked,literature
P54756,299,N-linked,literature
P54756,461,N-linked,literature
P54756,465,N-linked,literature
Q96RQ1,212,N-linked,literature
P13747,107,N-linked,literature
Q6J4K2,60,N-linked,literature
Q9UIW2,1098,N-linked,literature
Q99435,53,N-linked,literature
P05538,51,N-linked,literature
P01903,143,N-linked,literature
P01903,103,N-linked,literature
P01903,109,N-linked,literature
P01903,119,N-linked,literature
P04920,882,N-linked,literature
P04920,868,N-linked,literature
Q9Y274,304,N-linked,literature
Q9Y274,308,N-linked,literature
Q7Z5N4,1024,N-linked,literature
Q7Z5N4,1748,N-linked,literature
Q14157,19,N-linked,literature
Q14157,21,N-linked,literature
O00461,257,N-linked,literature
O60512,57,N-linked,literature
O60512,337,N-linked,literature
O60512,166,N-linked,literature
O60512,170,N-linked,literature
O60512,385,N-linked,literature
P41217,157,N-linked,literature
P41217,206,N-linked,literature
P41217,181,N-linked,literature
P41217,190,N-linked,literature
Q30201,234,N-linked,literature
Q15417,240,N-linked,literature
P20138,113,N-linked,literature
P20138,99,N-linked,literature
P20138,100,N-linked,literature
P20138,209,N-linked,literature
Q9Y680,45,N-linked,literature
O43493,39,N-linked,literature
O43493,152,N-linked,literature
P11166,45,N-linked,literature
Q8NC42,131,N-linked,literature
Q9BS91,190,N-linked,literature
P06276,369,N-linked,literature
P06276,483,N-linked,literature
P06276,284,N-linked,literature
P06276,85,N-linked,literature
Q96JC9,2,N-linked,literature
P46778,66,N-linked,literature
Q9Y2B1,312,N-linked,literature
Q15165,252,N-linked,literature
Q15165,254,N-linked,literature
Q8WW33,83,N-linked,literature
Q8TC12,174,N-linked,literature
Q9UIG8,153,N-linked,literature
Q9P055,22,N-linked,literature
Q9P1W3,16,N-linked,literature
O75356,232,N-linked,literature
Q13258,90,N-linked,literature
Q13258,10,N-linked,literature
Q9UBX8,307,N-linked,literature
Q96AE7,634,N-linked,literature
P49961,73,N-linked,literature
P49961,371,N-linked,literature
P49961,292,N-linked,literature
P55011,551,N-linked,literature
P55011,553,N-linked,literature
P55011,562,N-linked,literature
Q6P4E1,114,N-linked,literature
Q6P4E1,150,N-linked,literature
Q6P4E1,151,N-linked,literature
Q14542,48,N-linked,literature
P30203,345,N-linked,literature
P30203,49,N-linked,literature
Q9ULT0,181,N-linked,literature
Q5JRA6,602,N-linked,literature
Q969N2,327,N-linked,literature
Q969N2,328,N-linked,literature
Q969N2,164,N-linked,literature
O75129,770,N-linked,literature
O75129,493,N-linked,literature
O75129,782,N-linked,literature
O75129,783,N-linked,literature
Q13635,414,N-linked,literature
Q9Y6Q6,174,N-linked,literature
Q6PJF5,584,N-linked,literature
Q08334,68,N-linked,literature
Q08334,49,N-linked,literature
P48551,192,N-linked,literature
P48551,205,N-linked,literature
Q08334,161,N-linked,literature
Q9HDC9,196,N-linked,literature
Q9NR96,694,N-linked,literature
Q9NR96,300,N-linked,literature
Q9NR96,731,N-linked,literature
Q9NR96,64,N-linked,literature
Q9NR96,242,N-linked,literature
Q9NR96,340,N-linked,literature
Q9NR96,513,N-linked,literature
Q9NR96,200,N-linked,literature
Q9NR96,209,N-linked,literature
Q9NR96,210,N-linked,literature
Q9BU23,616,N-linked,literature
P04233,270,N-linked,literature
P04233,130,N-linked,literature
P04233,136,N-linked,literature
P04233,148,N-linked,literature
Q9H6U8,465,N-linked,literature
Q9BX67,104,N-linked,literature
Q9UJJ9,88,N-linked,literature
Q9UHP7,95,N-linked,literature
Q9UHP7,147,N-linked,literature
Q9P2K2,460,N-linked,literature
Q96G23,19,N-linked,literature
Q9HA82,19,N-linked,literature
P49641,305,N-linked,literature
P78325,436,N-linked,literature
P78325,91,N-linked,literature
P78325,612,N-linked,literature
P78325,67,N-linked,literature
Q8TCT8,155,N-linked,literature
Q6N043,890,N-linked,literature
O00151,121,N-linked,literature
O00220,156,N-linked,literature
O00220,159,N-linked,literature
O00220,160,N-linked,literature
O00533,562,N-linked,literature
O00533,767,N-linked,literature
O00587,173,N-linked,literature
O00587,185,N-linked,literature
O00587,109,N-linked,literature
O14495,170,N-linked,literature
O14524,125,N-linked,literature
O14638,687,N-linked,literature
O14638,699,N-linked,literature
O14638,532,N-linked,literature
O14638,533,N-linked,literature
O14638,540,N-linked,literature
O14672,556,N-linked,literature
O15031,795,N-linked,literature
O15031,391,N-linked,literature
O15031,401,N-linked,literature
O15031,402,N-linked,literature
O15031,328,N-linked,literature
O15031,1099,N-linked,literature
O15118,185,N-linked,literature
O15118,188,N-linked,literature
O15118,154,N-linked,literature
O15118,158,N-linked,literature
O15118,1064,N-linked,literature
O15118,1072,N-linked,literature
O15118,596,N-linked,literature
O15118,598,N-linked,literature
O15118,593,N-linked,literature
O15118,122,N-linked,literature
O15118,135,N-linked,literature
O15118,961,N-linked,literature
O15118,968,N-linked,literature
O15342,70,N-linked,literature
O15389,375,N-linked,literature
O15389,210,N-linked,literature
O15389,231,N-linked,literature
O15394,448,N-linked,literature
O15394,468,N-linked,literature
O15394,479,N-linked,literature
O15394,562,N-linked,literature
O15399,92,N-linked,literature
O15440,897,N-linked,literature
O15440,890,N-linked,literature
O15460,264,N-linked,literature
O43405,221,N-linked,literature
O43462,336,N-linked,literature
O43462,337,N-linked,literature
O43889,348,N-linked,literature
O43909,290,N-linked,literature
O43921,42,N-linked,literature
O60449,377,N-linked,literature
O60449,380,N-linked,literature
O60449,1535,N-linked,literature
O60449,1642,N-linked,literature
O60449,135,N-linked,literature
O60449,1592,N-linked,literature
O60449,1593,N-linked,literature
O60449,865,N-linked,literature
O60449,934,N-linked,literature
O60449,527,N-linked,literature
O60449,529,N-linked,literature
O60449,345,N-linked,literature
O60449,346,N-linked,literature
O60449,1225,N-linked,literature
O60486,692,N-linked,literature
O60486,86,N-linked,literature
O60486,871,N-linked,literature
O60486,141,N-linked,literature
O60486,715,N-linked,literature
O60486,686,N-linked,literature
O60486,920,N-linked,literature
O60486,407,N-linked,literature
O60486,411,N-linked,literature
O60503,206,N-linked,literature
O60503,964,N-linked,literature
O60603,199,N-linked,literature
O60603,442,N-linked,literature
O60704,58,N-linked,literature
O60704,366,N-linked,literature
O60704,368,N-linked,literature
O60858,353,N-linked,literature
O75051,163,N-linked,literature
O75051,655,N-linked,literature
O75051,76,N-linked,literature
O75063,193,N-linked,literature
O75063,194,N-linked,literature
O75071,324,N-linked,literature
O75071,296,N-linked,literature
O75071,301,N-linked,literature
O75071,153,N-linked,literature
O75093,189,N-linked,literature
O75093,190,N-linked,literature
O75093,191,N-linked,literature
O75093,192,N-linked,literature
O75093,72,N-linked,literature
O75093,630,N-linked,literature
O75093,623,N-linked,literature
O75093,1306,N-linked,literature
O75339,420,N-linked,literature
O75629,196,N-linked,literature
O75752,153,N-linked,literature
O75752,154,N-linked,literature
O75976,1069,N-linked,literature
O75976,399,N-linked,literature
O75976,408,N-linked,literature
O75976,410,N-linked,literature
O75976,949,N-linked,literature
O75976,958,N-linked,literature
O75976,855,N-linked,literature
O75976,1142,N-linked,literature
O75976,1147,N-linked,literature
O75976,978,N-linked,literature
O76096,62,N-linked,literature
O76096,115,N-linked,literature
O94769,377,N-linked,literature
O94769,378,N-linked,literature
O94886,28,N-linked,literature
O94898,441,N-linked,literature
O94898,728,N-linked,literature
O94898,173,N-linked,literature
O95136,19,N-linked,literature
O95158,72,N-linked,literature
O95158,143,N-linked,literature
O95158,149,N-linked,literature
O95297,121,N-linked,literature
O95297,124,N-linked,literature
O95297,130,N-linked,literature
O95297,139,N-linked,literature
O95297,50,N-linked,literature
O95427,128,N-linked,literature
O95427,191,N-linked,literature
O95427,192,N-linked,literature
O95477,489,N-linked,literature
O95477,1637,N-linked,literature
O95477,244,N-linked,literature
O95477,98,N-linked,literature
O95479,282,N-linked,literature
O95711,156,N-linked,literature
O95754,509,N-linked,literature
O95857,127,N-linked,literature
O95857,135,N-linked,literature
O95977,30,N-linked,literature
O96009,133,N-linked,literature
P01137,82,N-linked,literature
P01857,180,N-linked,literature
P01859,176,N-linked,literature
P01861,177,N-linked,literature
P01871,46,N-linked,literature
P01871,47,N-linked,literature
P01871,272,N-linked,literature
P01871,279,N-linked,literature
P01880,316,N-linked,literature
P01880,367,N-linked,literature
P01911,48,N-linked,literature
P02671,684,N-linked,literature
P02786,148,N-linked,literature
P02786,615,N-linked,literature
P04843,299,N-linked,literature
P04844,106,N-linked,literature
P05107,501,N-linked,literature
P05107,502,N-linked,literature
P05107,50,N-linked,literature
P05107,642,N-linked,literature
P05107,212,N-linked,literature
P05107,213,N-linked,literature
P05107,215,N-linked,literature
P05107,116,N-linked,literature
P05107,545,N-linked,literature
P05198,217,N-linked,literature
P05362,406,N-linked,literature
P05362,412,N-linked,literature
P05362,385,N-linked,literature
P05362,130,N-linked,literature
P05556,44,N-linked,literature
P06127,241,N-linked,literature
P06213,282,N-linked,literature
P06213,138,N-linked,literature
P06213,424,N-linked,literature
P06213,920,N-linked,literature
P06213,242,N-linked,literature
P06213,698,N-linked,literature
P06213,651,N-linked,literature
P06280,215,N-linked,literature
P06865,157,N-linked,literature
P07686,323,N-linked,literature
P07686,84,N-linked,literature
P07737,100,N-linked,literature
P08236,631,N-linked,literature
P08236,173,N-linked,literature
P08236,174,N-linked,literature
P08238,46,N-linked,literature
Q58FF7,46,N-linked,literature
Q58FF8,46,N-linked,literature
P14625,107,N-linked,literature
P08240,44,N-linked,literature
P08473,285,N-linked,literature
P08473,294,N-linked,literature
P08473,145,N-linked,literature
P08581,393,N-linked,literature
P08581,199,N-linked,literature
P08581,149,N-linked,literature
P08582,515,N-linked,literature
P08842,333,N-linked,literature
P08842,259,N-linked,literature
P08842,459,N-linked,literature
P09326,104,N-linked,literature
P09326,189,N-linked,literature
P09326,162,N-linked,literature
P09326,206,N-linked,literature
P09382,119,N-linked,literature
P09603,173,N-linked,literature
P0C7U0,349,N-linked,literature
P10253,883,N-linked,literature
P10619,145,N-linked,literature
P10619,153,N-linked,literature
P10619,244,N-linked,literature
P10619,333,N-linked,literature
P10909,374,N-linked,literature
P11215,900,N-linked,literature
P11215,240,N-linked,literature
P11215,1021,N-linked,literature
P11215,391,N-linked,literature
P11215,911,N-linked,literature
P11215,940,N-linked,literature
P11215,946,N-linked,literature
P11279,322,N-linked,literature
P11279,164,N-linked,literature
P11279,249,N-linked,literature
P11362,296,N-linked,literature
P11362,317,N-linked,literature
P11717,2141,N-linked,literature
P11717,951,N-linked,literature
P11717,957,N-linked,literature
P11717,2085,N-linked,literature
P11717,1757,N-linked,literature
P11717,1246,N-linked,literature
P11717,431,N-linked,literature
P11717,440,N-linked,literature
P11717,400,N-linked,literature
P11912,73,N-linked,literature
P11912,88,N-linked,literature
P11912,95,N-linked,literature
P11912,97,N-linked,literature
P11912,57,N-linked,literature
P11912,60,N-linked,literature
P11912,61,N-linked,literature
P11912,63,N-linked,literature
P11912,112,N-linked,literature
P12259,821,N-linked,literature
P12259,1559,N-linked,literature
P12259,1703,N-linked,literature
P12645,175,N-linked,literature
P12645,117,N-linked,literature
P12645,463,N-linked,literature
P12931,68,N-linked,literature
P13284,191,N-linked,literature
P13284,58,N-linked,literature
P13284,63,N-linked,literature
P13473,75,N-linked,literature
P13473,58,N-linked,literature
P13598,187,N-linked,literature
P13598,47,N-linked,literature
P13598,53,N-linked,literature
P13598,103,N-linked,literature
P13612,626,N-linked,literature
P13612,645,N-linked,literature
P13612,138,N-linked,literature
P13612,480,N-linked,literature
P13612,75,N-linked,literature
P13612,79,N-linked,literature
P13762,48,N-linked,literature
P14151,60,N-linked,literature
P14151,104,N-linked,literature
P14222,205,N-linked,literature
P14384,163,N-linked,literature
P14625,445,N-linked,literature
P14625,216,N-linked,literature
P14625,228,N-linked,literature
P14625,481,N-linked,literature
P14625,502,N-linked,literature
Q58FF3,159,N-linked,literature
P15144,681,N-linked,literature
P15309,94,N-linked,literature
P15309,220,N-linked,literature
P15813,38,N-linked,literature
P15813,60,N-linked,literature
P15848,188,N-linked,literature
P15848,366,N-linked,literature
P16284,84,N-linked,literature
P16284,551,N-linked,literature
P16444,279,N-linked,literature
P16444,57,N-linked,literature
P16444,332,N-linked,literature
P18850,584,N-linked,literature
P19397,148,N-linked,literature
P19440,120,N-linked,literature
Q9BX51,167,N-linked,literature
Q14390,160,N-linked,literature
P20273,61,N-linked,literature
P20273,65,N-linked,literature
P20273,67,N-linked,literature
P20273,445,N-linked,literature
P20273,574,N-linked,literature
P20273,575,N-linked,literature
P20273,231,N-linked,literature
P20273,135,N-linked,literature
P20273,101,N-linked,literature
P20273,112,N-linked,literature
P20273,99,N-linked,literature
P20273,621,N-linked,literature
P20273,633,N-linked,literature
P20273,634,N-linked,literature
P20645,107,N-linked,literature
P20645,113,N-linked,literature
P20645,116,N-linked,literature
P20701,862,N-linked,literature
P20701,670,N-linked,literature
P20701,65,N-linked,literature
P20702,1050,N-linked,literature
Q13349,1045,N-linked,literature
P20702,899,N-linked,literature
P20702,939,N-linked,literature
P20774,258,N-linked,literature
P21757,102,N-linked,literature
P21757,249,N-linked,literature
P21757,221,N-linked,literature
P22001,279,N-linked,literature
P22413,731,N-linked,literature
P22794,73,N-linked,literature
P22897,104,N-linked,literature
P23435,79,N-linked,literature
P23470,109,N-linked,literature
P23470,113,N-linked,literature
P25116,35,N-linked,literature
P25942,180,N-linked,literature
P25942,153,N-linked,literature
P26010,531,N-linked,literature
P26010,590,N-linked,literature
P26010,68,N-linked,literature
P26196,52,N-linked,literature
P26842,95,N-linked,literature
P26951,44,N-linked,literature
P26951,46,N-linked,literature
P26951,218,N-linked,literature
P27487,520,N-linked,literature
P27487,150,N-linked,literature
P27487,151,N-linked,literature
P27487,321,N-linked,literature
P27487,679,N-linked,literature
P27487,685,N-linked,literature
P27797,344,N-linked,literature
P28799,537,N-linked,literature
P28907,209,N-linked,literature
P28907,100,N-linked,literature
P28907,219,N-linked,literature
P28907,229,N-linked,literature
P28908,276,N-linked,literature
P28908,101,N-linked,literature
P28908,295,N-linked,literature
P30533,268,N-linked,literature
P30825,235,N-linked,literature
P30825,226,N-linked,literature
P31995,187,N-linked,literature
P31994,187,N-linked,literature
P31994,180,N-linked,literature
P31995,199,N-linked,literature
P31994,199,N-linked,literature
P32302,28,N-linked,literature
P32302,196,N-linked,literature
P32302,197,N-linked,literature
P32927,58,N-linked,literature
P32942,84,N-linked,literature
P32942,87,N-linked,literature
P32942,453,N-linked,literature
P32942,457,N-linked,literature
P32942,101,N-linked,literature
P32942,110,N-linked,literature
P32942,134,N-linked,literature
P32942,206,N-linked,literature
P32970,63,N-linked,literature
P32970,170,N-linked,literature
P32971,81,N-linked,literature
P33681,53,N-linked,literature
P33681,207,N-linked,literature
P33681,211,N-linked,literature
P33681,226,N-linked,literature
P33681,232,N-linked,literature
P34810,279,N-linked,literature
P34810,199,N-linked,literature
P35556,1745,N-linked,literature
P35556,1756,N-linked,literature
P35613,302,N-linked,literature
P37173,70,N-linked,literature
P38570,954,N-linked,literature
P38570,271,N-linked,literature
P40259,127,N-linked,literature
P40259,128,N-linked,literature
P40259,101,N-linked,literature
P40259,68,N-linked,literature
P40259,73,N-linked,literature
P42166,23,N-linked,literature
P42166,24,N-linked,literature
P42785,63,N-linked,literature
P43121,445,N-linked,literature
P46531,1489,N-linked,literature
P46977,544,N-linked,literature
P46977,545,N-linked,literature
P46977,549,N-linked,literature
P46977,537,N-linked,literature
P48960,454,N-linked,literature
P48960,108,N-linked,literature
Q9UHX3,111,N-linked,literature
P48960,33,N-linked,literature
P51168,484,N-linked,literature
P51168,449,N-linked,literature
P51168,135,N-linked,literature
P51531,1333,N-linked,literature
P51679,194,N-linked,literature
P51795,475,N-linked,literature
P51795,478,N-linked,literature
P51805,59,N-linked,literature
P52569,227,N-linked,literature
P53675,1220,N-linked,literature
P53675,1223,N-linked,literature
P54709,240,N-linked,literature
P54709,241,N-linked,literature
P54802,526,N-linked,literature
P54802,532,N-linked,literature
P54852,46,N-linked,literature
P54852,47,N-linked,literature
P55081,370,N-linked,literature
P55286,463,N-linked,literature
P55899,125,N-linked,literature
P56199,883,N-linked,literature
P56199,418,N-linked,literature
P56199,217,N-linked,literature
P56199,1113,N-linked,literature
P56199,840,N-linked,literature
P56199,1102,N-linked,literature
P56199,532,N-linked,literature
P56703,301,N-linked,literature
P59901,279,N-linked,literature
P59901,239,N-linked,literature
P60174,196,N-linked,literature
P68104,284,N-linked,literature
Q5VTE0,284,N-linked,literature
Q5JPE7,568,N-linked,literature
P69849,568,N-linked,literature
Q15155,568,N-linked,literature
Q5JPE7,218,N-linked,literature
P69849,218,N-linked,literature
Q15155,218,N-linked,literature
P78310,106,N-linked,literature
P78310,109,N-linked,literature
P78324,267,N-linked,literature
O00241,266,N-linked,literature
P78324,290,N-linked,literature
O00241,289,N-linked,literature
O00241,291,N-linked,literature
P78357,948,N-linked,literature
P78357,956,N-linked,literature
P78357,804,N-linked,literature
P78357,276,N-linked,literature
P78357,120,N-linked,literature
P78357,128,N-linked,literature
P78357,763,N-linked,literature
P78357,1147,N-linked,literature
P78357,597,N-linked,literature
P78357,518,N-linked,literature
P78357,843,N-linked,literature
P78357,499,N-linked,literature
P78536,598,N-linked,literature
P79483,48,N-linked,literature
P80108,568,N-linked,literature
P82979,160,N-linked,literature
P98073,682,N-linked,literature
P98073,848,N-linked,literature
Q01151,117,N-linked,literature
Q01151,79,N-linked,literature
Q01151,96,N-linked,literature
Q03167,492,N-linked,literature
Q05C16,313,N-linked,literature
Q05C16,318,N-linked,literature
Q06643,222,N-linked,literature
Q07065,249,N-linked,literature
Q07065,251,N-linked,literature
Q07954,3840,N-linked,literature
Q07954,3092,N-linked,literature
Q07954,3663,N-linked,literature
Q07954,2117,N-linked,literature
Q08ET2,210,N-linked,literature
Q09327,259,N-linked,literature
Q09327,241,N-linked,literature
Q0P6H9,180,N-linked,literature
Q0P6H9,223,N-linked,literature
Q11201,111,N-linked,literature
Q11201,112,N-linked,literature
Q11206,61,N-linked,literature
Q11206,310,N-linked,literature
Q12770,263,N-linked,literature
Q12770,590,N-linked,literature
Q12864,250,N-linked,literature
Q12864,81,N-linked,literature
Q12864,722,N-linked,literature
Q12864,419,N-linked,literature
Q12864,587,N-linked,literature
Q12864,546,N-linked,literature
Q12866,266,N-linked,literature
Q12866,454,N-linked,literature
Q12913,229,N-linked,literature
Q12913,231,N-linked,literature
Q12913,937,N-linked,literature
Q12913,525,N-linked,literature
Q12913,582,N-linked,literature
Q12913,411,N-linked,literature
Q12913,413,N-linked,literature
Q12913,258,N-linked,literature
Q12913,278,N-linked,literature
Q12913,824,N-linked,literature
Q12913,831,N-linked,literature
Q12913,142,N-linked,literature
Q12913,431,N-linked,literature
Q12913,104,N-linked,literature
Q12913,391,N-linked,literature
Q12913,396,N-linked,literature
Q12913,342,N-linked,literature
Q12913,351,N-linked,literature
Q13177,110,N-linked,literature
Q13153,111,N-linked,literature
O75914,121,N-linked,literature
Q13433,283,N-linked,literature
Q13433,288,N-linked,literature
Q13433,68,N-linked,literature
Q13449,40,N-linked,literature
Q13449,300,N-linked,literature
Q13449,279,N-linked,literature
Q13449,287,N-linked,literature
Q13478,203,N-linked,literature
Q13563,299,N-linked,literature
Q13563,305,N-linked,literature
Q13873,55,N-linked,literature
Q14108,105,N-linked,literature
Q14108,412,N-linked,literature
Q14114,518,N-linked,literature
Q14314,263,N-linked,literature
Q14314,336,N-linked,literature
Q14314,179,N-linked,literature
Q14392,271,N-linked,literature
Q14392,203,N-linked,literature
Q14571,2456,N-linked,literature
Q14573,2404,N-linked,literature
Q14573,2405,N-linked,literature
Q14766,1366,N-linked,literature
Q14766,1251,N-linked,literature
Q14766,1250,N-linked,literature
Q14766,1262,N-linked,literature
Q14DG7,85,N-linked,literature
Q15223,286,N-linked,literature
Q15223,200,N-linked,literature
Q15223,307,N-linked,literature
Q15223,297,N-linked,literature
Q15375,525,N-linked,literature
Q15399,330,N-linked,literature
Q15399,163,N-linked,literature
Q15904,261,N-linked,literature
Q16549,167,N-linked,literature
Q16549,511,N-linked,literature
Q16602,110,N-linked,literature
Q16602,118,N-linked,literature
Q16602,66,N-linked,literature
Q16602,123,N-linked,literature
Q16610,353,N-linked,literature
Q16610,354,N-linked,literature
Q16706,78,N-linked,literature
Q16842,123,N-linked,literature
Q16880,442,N-linked,literature
Q16880,78,N-linked,literature
Q2M385,184,N-linked,literature
Q2M385,185,N-linked,literature
Q2M385,255,N-linked,literature
Q2M385,608,N-linked,literature
Q2M385,375,N-linked,literature
Q2VWP7,754,N-linked,literature
Q2VWP7,630,N-linked,literature
Q30154,48,N-linked,literature
Q6ZMG9,18,N-linked,literature
Q3T906,457,N-linked,literature
Q3T906,458,N-linked,literature
Q3T906,699,N-linked,literature
Q3T906,642,N-linked,literature
Q3T906,1056,N-linked,literature
Q3T906,759,N-linked,literature
Q3T906,287,N-linked,literature
Q3T906,179,N-linked,literature
Q3T906,1129,N-linked,literature
Q3T906,67,N-linked,literature
Q3T906,551,N-linked,literature
Q3T906,148,N-linked,literature
Q495W5,317,N-linked,literature
Q495W5,318,N-linked,literature
Q495W5,166,N-linked,literature
Q4G0T1,514,N-linked,literature
Q4G0T1,332,N-linked,literature
Q4G0T1,94,N-linked,literature
Q4G148,387,N-linked,literature
Q4G148,237,N-linked,literature
Q9HC73,55,N-linked,literature
Q4ZIN3,189,N-linked,literature
Q53F39,259,N-linked,literature
Q5DJT8,97,N-linked,literature
Q5HYN5,97,N-linked,literature
Q8NHU0,97,N-linked,literature
Q9UBS9,928,N-linked,literature
Q9UBS9,530,N-linked,literature
Q9UBS9,524,N-linked,literature
Q5JS37,206,N-linked,literature
Q5JS37,278,N-linked,literature
Q5JU69,149,N-linked,literature
Q5R3F8,371,N-linked,literature
Q5R3F8,117,N-linked,literature
Q5SGD2,117,N-linked,literature
Q86YB8,122,N-linked,literature
Q5T2D2,89,N-linked,literature
Q9H3S1,496,N-linked,literature
Q9H3S1,120,N-linked,literature
Q5UCC4,182,N-linked,literature
Q9HC56,48,N-linked,literature
Q9HC56,53,N-linked,literature
Q9HC56,734,N-linked,literature
Q9HC56,306,N-linked,literature
Q9HC56,307,N-linked,literature
Q9HC56,450,N-linked,literature
Q9HC56,754,N-linked,literature
Q9HC56,511,N-linked,literature
Q9HC56,368,N-linked,literature
Q9HBG7,95,N-linked,literature
Q9HBG7,421,N-linked,literature
Q9HBG7,424,N-linked,literature
Q9HBG7,285,N-linked,literature
Q9Y2H2,805,N-linked,literature
Q68CP4,142,N-linked,literature
Q68CP4,114,N-linked,literature
Q68CP4,162,N-linked,literature
Q68CP4,461,N-linked,literature
Q68CQ7,249,N-linked,literature
Q68CQ7,103,N-linked,literature
Q68CQ7,104,N-linked,literature
Q68CR1,818,N-linked,literature
Q68CR1,394,N-linked,literature
Q68CR1,527,N-linked,literature
Q68CR1,201,N-linked,literature
Q68CR1,382,N-linked,literature
Q68D85,216,N-linked,literature
Q6BAA4,152,N-linked,literature
Q9Y3B3,103,N-linked,literature
Q6N022,1884,N-linked,literature
Q6N022,1705,N-linked,literature
Q6NSJ0,511,N-linked,literature
Q6NSJ0,240,N-linked,literature
Q6NSJ0,250,N-linked,literature
Q6NSJ0,396,N-linked,literature
Q6NSJ0,398,N-linked,literature
Q6NUS6,165,N-linked,literature
Q6NUS6,166,N-linked,literature
Q6NUS6,347,N-linked,literature
Q6P179,103,N-linked,literature
Q6P179,85,N-linked,literature
Q6P179,294,N-linked,literature
Q6P179,714,N-linked,literature
Q6P4A8,72,N-linked,literature
Q6P4Q7,122,N-linked,literature
Q6P4Q7,127,N-linked,literature
Q6P4Q7,85,N-linked,literature
Q6P4Q7,89,N-linked,literature
Q6PK18,267,N-linked,literature
Q6PK18,215,N-linked,literature
Q6PKC3,337,N-linked,literature
Q6PKC3,326,N-linked,literature
Q6UW63,414,N-linked,literature
Q6UWJ1,230,N-linked,literature
Q6UWW8,105,N-linked,literature
Q6UWY0,498,N-linked,literature
Q6UXN8,223,N-linked,literature
Q6YBV0,194,N-linked,literature
Q6YBV0,495,N-linked,literature
Q6ZNA5,138,N-linked,literature
Q6ZPD9,118,N-linked,literature
Q6ZQN7,544,N-linked,literature
Q6ZRP7,266,N-linked,literature
Q6ZRP7,273,N-linked,literature
Q6ZS10,237,N-linked,literature
Q6ZS10,285,N-linked,literature
Q6ZS10,215,N-linked,literature
Q6ZXV5,541,N-linked,literature
Q70SY1,504,N-linked,literature
Q70SY1,480,N-linked,literature
Q70UQ0,328,N-linked,literature
Q70UQ0,144,N-linked,literature
Q70UQ0,145,N-linked,literature
Q75T13,234,N-linked,literature
Q75T13,558,N-linked,literature
Q75T13,559,N-linked,literature
Q7L0J3,573,N-linked,literature
Q7RTX0,130,N-linked,literature
Q7RTX0,84,N-linked,literature
Q7RTX0,85,N-linked,literature
Q7Z2K6,730,N-linked,literature
Q7Z2K6,819,N-linked,literature
Q7Z388,122,N-linked,literature
Q7Z388,123,N-linked,literature
Q7Z4F1,299,N-linked,literature
Q7Z4F1,56,N-linked,literature
Q7Z4H8,306,N-linked,literature
Q7Z4H8,251,N-linked,literature
Q7Z4H8,56,N-linked,literature
Q7Z6A9,75,N-linked,literature
Q7Z6M3,89,N-linked,literature
Q7Z6M3,51,N-linked,literature
Q7Z6M3,60,N-linked,literature
Q7Z6M3,151,N-linked,literature
Q7Z6M3,157,N-linked,literature
Q7Z6M3,182,N-linked,literature
Q7Z7M0,1048,N-linked,literature
Q7Z7M0,1887,N-linked,literature
Q7Z7M9,776,N-linked,literature
Q7Z7N9,48,N-linked,literature
Q7Z7N9,136,N-linked,literature
Q86SJ2,103,N-linked,literature
Q86T13,189,N-linked,literature
Q86UF1,172,N-linked,literature
Q86VZ1,5,N-linked,literature
Q86VZ1,11,N-linked,literature
Q86WC4,135,N-linked,literature
Q86WC4,263,N-linked,literature
Q86WC4,93,N-linked,literature
Q86WD7,390,N-linked,literature
Q86X52,189,N-linked,literature
Q86YC3,292,N-linked,literature
Q8IUL8,308,N-linked,literature
Q8IUX7,922,N-linked,literature
Q8IUX7,528,N-linked,literature
Q8IWB1,27,N-linked,literature
Q8IWF2,143,N-linked,literature
Q8IWT6,66,N-linked,literature
Q8IWV2,929,N-linked,literature
Q8IWV2,191,N-linked,literature
Q8IWV2,65,N-linked,literature
Q8IYL9,166,N-linked,literature
Q8IYR6,63,N-linked,literature
Q8IZY2,1518,N-linked,literature
Q8IZY2,340,N-linked,literature
Q8IZY2,312,N-linked,literature
Q8IZY2,98,N-linked,literature
Q8IZY2,96,N-linked,literature
Q8IZY2,1335,N-linked,literature
Q8N0W4,102,N-linked,literature
Q8N614,182,N-linked,literature
Q8N697,140,N-linked,literature
Q8N7X8,90,N-linked,literature
Q8NAT1,276,N-linked,literature
Q8NBJ4,109,N-linked,literature
Q8NBJ4,144,N-linked,literature
Q8NBJ4,147,N-linked,literature
Q8NBJ5,381,N-linked,literature
Q8NBJ5,93,N-linked,literature
Q8NBL1,53,N-linked,literature
Q8NBL1,40,N-linked,literature
Q8NCC3,273,N-linked,literature
Q8NCW0,87,N-linked,literature
Q8NE01,73,N-linked,literature
Q8NFP4,235,N-linked,literature
Q8NFQ8,428,N-linked,literature
Q8NFQ8,289,N-linked,literature
Q8NFZ8,259,N-linked,literature
Q8NI32,71,N-linked,literature
Q8NI32,73,N-linked,literature
Q8NI32,147,N-linked,literature
Q8NI32,150,N-linked,literature
Q8NI99,58,N-linked,literature
Q8TBP5,83,N-linked,literature
Q8TBP5,86,N-linked,literature
Q8TCJ2,623,N-linked,literature
Q8TCJ2,624,N-linked,literature
Q8TCJ2,627,N-linked,literature
Q8TCJ2,628,N-linked,literature
Q8TCJ2,616,N-linked,literature
Q8TD46,116,N-linked,literature
Q8TD46,122,N-linked,literature
Q8TD46,218,N-linked,literature
Q8TD46,60,N-linked,literature
Q8TD46,69,N-linked,literature
Q8TEM1,484,N-linked,literature
Q8TEM1,1442,N-linked,literature
Q8TEM1,926,N-linked,literature
Q8TEM1,681,N-linked,literature
Q8TEM1,405,N-linked,literature
Q8TEM1,337,N-linked,literature
Q8TEM1,44,N-linked,literature
Q8WTR4,352,N-linked,literature
Q8WTR4,301,N-linked,literature
Q8WXX0,2223,N-linked,literature
Q92187,204,N-linked,literature
Q92187,74,N-linked,literature
Q92187,219,N-linked,literature
Q92187,119,N-linked,literature
Q92542,55,N-linked,literature
Q92542,45,N-linked,literature
Q92545,290,N-linked,literature
Q92545,947,N-linked,literature
Q92545,1012,N-linked,literature
Q92545,905,N-linked,literature
Q92545,1059,N-linked,literature
Q92611,624,N-linked,literature
Q92611,628,N-linked,literature
Q92611,630,N-linked,literature
Q92626,1426,N-linked,literature
Q92626,730,N-linked,literature
Q92673,616,N-linked,literature
Q92673,1068,N-linked,literature
Q92673,1069,N-linked,literature
Q92673,1191,N-linked,literature
Q92673,1203,N-linked,literature
Q92673,2054,N-linked,literature
Q92673,367,N-linked,literature
Q92673,368,N-linked,literature
Q92673,2010,N-linked,literature
Q92673,2092,N-linked,literature
Q92673,1036,N-linked,literature
Q92673,99,N-linked,literature
Q92673,103,N-linked,literature
Q92673,1181,N-linked,literature
Q92673,1608,N-linked,literature
Q92673,1611,N-linked,literature
Q92673,430,N-linked,literature
Q92673,1809,N-linked,literature
Q93033,598,N-linked,literature
Q93033,823,N-linked,literature
Q93086,202,N-linked,literature
Q93086,77,N-linked,literature
Q93091,55,N-linked,literature
Q969V3,428,N-linked,literature
Q96DU3,87,N-linked,literature
Q96DU3,178,N-linked,literature
Q96EE4,134,N-linked,literature
Q96G91,179,N-linked,literature
Q96JA1,317,N-linked,literature
Q96JA1,318,N-linked,literature
Q96JP0,439,N-linked,literature
Q96JQ0,1996,N-linked,literature
Q96K49,159,N-linked,literature
Q96K49,162,N-linked,literature
Q96K49,68,N-linked,literature
Q96KA5,229,N-linked,literature
Q96KA5,91,N-linked,literature
Q96LA6,293,N-linked,literature
Q96NH3,1251,N-linked,literature
Q96P31,561,N-linked,literature
Q96PB1,241,N-linked,literature
Q96PB1,175,N-linked,literature
Q96PB1,187,N-linked,literature
Q96PB1,141,N-linked,literature
Q96QE2,485,N-linked,literature
Q96QE2,433,N-linked,literature
Q96QE2,471,N-linked,literature
Q96RD7,255,N-linked,literature
Q96RQ9,559,N-linked,literature
Q96RQ9,220,N-linked,literature
Q96RQ9,156,N-linked,literature
Q96RQ9,134,N-linked,literature
Q96RQ9,54,N-linked,literature
Q96SM3,318,N-linked,literature
Q96SM3,57,N-linked,literature
Q96SM3,210,N-linked,literature
Q96T83,145,N-linked,literature
Q99439,242,N-linked,literature
Q99467,78,N-linked,literature
Q99467,201,N-linked,literature
Q99523,163,N-linked,literature
Q99523,99,N-linked,literature
Q99523,684,N-linked,literature
Q99523,274,N-linked,literature
Q99835,188,N-linked,literature
Q99941,610,N-linked,literature
Q99941,505,N-linked,literature
Q99941,676,N-linked,literature
Q99941,627,N-linked,literature
Q9BT09,153,N-linked,literature
Q9BTN0,339,N-linked,literature
Q9P244,343,N-linked,literature
Q9BTV4,4,N-linked,literature
Q9BTY2,113,N-linked,literature
Q9BVA6,275,N-linked,literature
Q9BX74,96,N-linked,literature
Q9BX74,72,N-linked,literature
Q9BX74,75,N-linked,literature
Q9BX74,87,N-linked,literature
Q9BX74,197,N-linked,literature
Q9BXN1,282,N-linked,literature
Q9BXR5,33,N-linked,literature
Q9BXR5,189,N-linked,literature
Q9BXX0,395,N-linked,literature
Q9BXX0,616,N-linked,literature
Q9BXX0,620,N-linked,literature
Q9BXX0,587,N-linked,literature
Q9BZR6,179,N-linked,literature
Q9C0C4,105,N-linked,literature
Q9C0H2,351,N-linked,literature
Q9GZT5,106,N-linked,literature
Q9GZU1,159,N-linked,literature
Q9H1A3,35,N-linked,literature
Q9H330,551,N-linked,literature
Q9H330,552,N-linked,literature
Q9H3W5,579,N-linked,literature
Q9H497,121,N-linked,literature
Q9H497,122,N-linked,literature
Q9H5I5,2572,N-linked,literature
Q9H5K3,220,N-linked,literature
Q9H5K3,235,N-linked,literature
Q9H5Y7,409,N-linked,literature
Q9H6L2,194,N-linked,literature
Q9H6L2,199,N-linked,literature
Q9H741,101,N-linked,literature
Q9H741,105,N-linked,literature
Q9H741,107,N-linked,literature
Q9H741,73,N-linked,literature
Q9H7M9,49,N-linked,literature
Q9H8M5,111,N-linked,literature
Q9H8M5,112,N-linked,literature
Q9H9S5,172,N-linked,literature
Q9H9S5,209,N-linked,literature
Q9HCN3,232,N-linked,literature
Q9NPF2,205,N-linked,literature
Q9NPG1,521,N-linked,literature
Q9NQ34,52,N-linked,literature
Q9NQ34,58,N-linked,literature
Q9NQ34,60,N-linked,literature
Q9NQZ7,330,N-linked,literature
Q9NRB3,209,N-linked,literature
Q9NRM6,183,N-linked,literature
Q9NRM6,103,N-linked,literature
Q9NRM6,197,N-linked,literature
Q9NRN5,177,N-linked,literature
Q9NS40,600,N-linked,literature
Q9NU53,46,N-linked,literature
Q9NUM4,182,N-linked,literature
Q9NUN5,88,N-linked,literature
Q9NUN5,457,N-linked,literature
Q9NUN5,76,N-linked,literature
Q9NUN5,78,N-linked,literature
Q9NWD8,80,N-linked,literature
Q9NWD8,132,N-linked,literature
Q9NWM8,176,N-linked,literature
Q9NXH8,314,N-linked,literature
Q9NY97,79,N-linked,literature
Q9NYK1,488,N-linked,literature
Q9NYK1,413,N-linked,literature
Q9NYU2,269,N-linked,literature
Q9NYU2,276,N-linked,literature
Q9NZ08,414,N-linked,literature
Q9NZC3,166,N-linked,literature
Q9NZC3,168,N-linked,literature
Q9NZQ7,219,N-linked,literature
Q9NZQ7,192,N-linked,literature
Q9NZQ7,200,N-linked,literature
Q9NZQ7,204,N-linked,literature
Q9NZV5,190,N-linked,literature
Q9P244,87,N-linked,literature
Q9P258,18,N-linked,literature
Q9P273,419,N-linked,literature
Q9P273,380,N-linked,literature
Q9P273,2124,N-linked,literature
Q9P273,860,N-linked,literature
Q9P273,1640,N-linked,literature
Q9UBV2,608,N-linked,literature
Q9UBV2,272,N-linked,literature
Q9UBV2,195,N-linked,literature
Q9UBV2,323,N-linked,literature
Q9UBV2,431,N-linked,literature
Q9UGH3,188,N-linked,literature
Q9UGH3,196,N-linked,literature
Q9UGM3,737,N-linked,literature
Q9UHJ3,278,N-linked,literature
Q9UHN6,292,N-linked,literature
Q9UHN6,1234,N-linked,literature
Q9UHN6,1299,N-linked,literature
Q9UHN6,248,N-linked,literature
Q9UHN6,739,N-linked,literature
Q9UHN6,676,N-linked,literature
Q9UIQ6,525,N-linked,literature
Q9UIQ6,448,N-linked,literature
Q9UIQ6,850,N-linked,literature
Q9UIQ6,831,N-linked,literature
Q9UIQ6,145,N-linked,literature
Q9UIQ6,682,N-linked,literature
Q9UIQ6,374,N-linked,literature
Q9UIQ6,256,N-linked,literature
Q9UIQ6,834,N-linked,literature
Q9UJ14,283,N-linked,literature
Q9UJ14,198,N-linked,literature
Q9UJ14,523,N-linked,literature
Q9UJA9,292,N-linked,literature
Q9UJA9,329,N-linked,literature
Q9UK23,366,N-linked,literature
Q9UKQ2,268,N-linked,literature
Q9UKQ2,89,N-linked,literature
Q9UKQ2,602,N-linked,literature
Q9UKY4,583,N-linked,literature
Q9UKY4,330,N-linked,literature
Q9UKY4,98,N-linked,literature
Q9ULF5,329,N-linked,literature
Q9ULF5,339,N-linked,literature
Q9ULF5,218,N-linked,literature
Q9ULQ1,611,N-linked,literature
Q9ULQ1,616,N-linked,literature
Q9UMF0,214,N-linked,literature
Q9UMF0,583,N-linked,literature
Q9UMF0,54,N-linked,literature
Q9UMF0,303,N-linked,literature
Q9UNP4,236,N-linked,literature
Q9UPN7,477,N-linked,literature
Q9Y2C2,140,N-linked,literature
Q9Y2C2,173,N-linked,literature
Q9Y2G5,259,N-linked,literature
Q9Y2U8,576,N-linked,literature
Q9Y314,7,N-linked,literature
Q9Y487,505,N-linked,literature
Q9Y487,477,N-linked,literature
Q9Y487,484,N-linked,literature
Q9Y4D7,583,N-linked,literature
Q9Y4D7,155,N-linked,literature
Q9Y4D7,123,N-linked,literature
Q9Y5G0,541,N-linked,literature
Q9Y5G2,545,N-linked,literature
Q9Y5F8,545,N-linked,literature
Q9Y5G3,541,N-linked,literature
Q9UN71,543,N-linked,literature
Q9Y5G0,415,N-linked,literature
Q9Y5G6,419,N-linked,literature
Q9Y5Y6,98,N-linked,literature
Q9Y5Y6,100,N-linked,literature
Q9Y5Y6,107,N-linked,literature
Q9Y5Y6,109,N-linked,literature
Q9Y5Y6,421,N-linked,literature
Q9Y5Y6,423,N-linked,literature
Q9Y5Y6,212,N-linked,literature
Q9Y5Y6,778,N-linked,literature
Q9Y666,312,N-linked,literature
Q9Y6M0,167,N-linked,literature
Q9Y6X5,128,N-linked,literature
Q9Y6X5,286,N-linked,literature
Q9Y6X5,276,N-linked,literature
Q9Y6X5,327,N-linked,literature
Q9Y6X5,155,N-linked,literature
Q9Y6X5,202,N-linked,literature
O94901,561,N-linked,literature
O94901,705,N-linked,literature
Q96RL6,338,N-linked,literature
O95490,731,N-linked,literature
P15586,48,N-linked,literature
P15586,178,N-linked,literature
Q8WXI7,12414,N-linked,literature
Q16585,141,N-linked,literature
Q92859,377,N-linked,literature
P20023,834,N-linked,literature
Q9NR97,303,N-linked,literature
Q13510,342,N-linked,literature
Q92542,392,N-linked,literature
Q92542,142,N-linked,literature
P13688,115,N-linked,literature
P40199,115,N-linked,literature
P01909,87,N-linked,literature
Q9BZC7,1587,N-linked,literature
P38571,119,N-linked,literature
P08575,374,N-linked,literature
P08575,375,N-linked,literature
P08575,380,N-linked,literature
P08575,257,N-linked,literature
P08575,262,N-linked,literature
P08575,263,N-linked,literature
P08575,267,N-linked,literature
P08575,199,N-linked,literature
P08575,268,N-linked,literature
P08575,272,N-linked,literature
P08575,278,N-linked,literature
P08575,286,N-linked,literature
P08575,337,N-linked,literature
P08575,440,N-linked,literature
P08575,490,N-linked,literature
P08575,499,N-linked,literature
P08575,421,N-linked,literature
P08575,470,N-linked,literature
P08575,234,N-linked,literature
P08575,526,N-linked,literature
P08575,531,N-linked,literature
P08575,536,N-linked,literature
P38435,570,N-linked,literature
P04839,122,N-linked,literature
Q08431,285,N-linked,literature
P55287,523,N-linked,literature
P13747,148,N-linked,literature
Q6P4E1,31,N-linked,literature
Q08334,289,N-linked,literature
O75093,167,N-linked,literature
O75976,711,N-linked,literature
P05107,158,N-linked,literature
P05362,95,N-linked,literature
P10909,239,N-linked,literature
Q14390,167,N-linked,literature
P20273,546,N-linked,literature
P28908,165,N-linked,literature
P31995,180,N-linked,literature
O75914,22,N-linked,literature
Q9H741,77,N-linked,literature
O00555,283,N-linked,literature_mining_manually_verified
O00622,242,O-linked,literature_mining_manually_verified
O14672,267,N-linked,literature_mining_manually_verified
O43490,548,N-linked,literature_mining_manually_verified
O60779,314,N-linked,literature_mining_manually_verified
O60779,63,N-linked,literature_mining_manually_verified
O75355,149,N-linked,literature_mining_manually_verified
O94856,467,N-linked,literature_mining_manually_verified
O95180,1466,N-linked,literature_mining_manually_verified
O95180,192,N-linked,literature_mining_manually_verified
O95832,192,O-linked,literature_mining_manually_verified
O95832,205,O-linked,literature_mining_manually_verified
O95832,206,O-linked,literature_mining_manually_verified
O95832,191,O-linked,literature_mining_manually_verified
O95980,200,N-linked,literature_mining_manually_verified
O95980,297,N-linked,literature_mining_manually_verified
O95980,86,N-linked,literature_mining_manually_verified
P01042,180,N-linked,literature_mining_manually_verified
P01876,225,O-linked,literature_mining_manually_verified
P04141,5,O-linked,literature_mining_manually_verified
P05186,271,N-linked,literature_mining_manually_verified
P05231,89,N-linked,literature_mining_manually_verified
P07204,382,N-linked,literature_mining_manually_verified
P07204,409,N-linked,literature_mining_manually_verified
P17342,349,N-linked,literature_mining_manually_verified
P13473,181,O-linked,literature_mining_manually_verified
P07196,34,O-linked,literature_mining_manually_verified
P61073,176,N-linked,literature_mining_manually_verified
P21731,16,N-linked,literature_mining_manually_verified
P21731,4,N-linked,literature_mining_manually_verified
P12259,2181,N-linked,literature_mining_manually_verified
P47872,72,N-linked,literature_mining_manually_verified
P14679,371,N-linked,literature_mining_manually_verified
P14679,86,N-linked,literature_mining_manually_verified
P11678,327,N-linked,literature_mining_manually_verified
P56817,153,N-linked,literature_mining_manually_verified
P56817,172,N-linked,literature_mining_manually_verified
P56817,223,N-linked,literature_mining_manually_verified
P56817,354,N-linked,literature_mining_manually_verified
P21217,185,N-linked,literature_mining_manually_verified
P14679,290,N-linked,literature_mining_manually_verified
P37288,14,N-linked,literature_mining_manually_verified
P37288,27,N-linked,literature_mining_manually_verified
P43119,78,N-linked,literature_mining_manually_verified
P08588,15,N-linked,literature_mining_manually_verified
P07988,129,N-linked,literature_mining_manually_verified
P07988,311,N-linked,literature_mining_manually_verified
P07204,287,O-linked,literature_mining_manually_verified
P21462,10,N-linked,literature_mining_manually_verified
P21462,4,N-linked,literature_mining_manually_verified
P15151,105,N-linked,literature_mining_manually_verified
P51124,160,O-linked,literature_mining_manually_verified
P58743,163,N-linked,literature_mining_manually_verified
P58743,166,N-linked,literature_mining_manually_verified
P46098,147,N-linked,literature_mining_manually_verified
P46098,163,N-linked,literature_mining_manually_verified
P51575,242,N-linked,literature_mining_manually_verified
P21754,156,O-linked,literature_mining_manually_verified
P0DN86,138,O-linked,literature_mining_manually_verified
P16671,247,N-linked,literature_mining_manually_verified
P09958,387,N-linked,literature_mining_manually_verified
P09958,440,N-linked,literature_mining_manually_verified
P24592,204,O-linked,literature_mining_manually_verified
P25116,259,N-linked,literature_mining_manually_verified
P25116,62,N-linked,literature_mining_manually_verified
P25116,75,N-linked,literature_mining_manually_verified
P16662,315,N-linked,literature_mining_manually_verified
P40238,298,N-linked,literature_mining_manually_verified
P16070,100,N-linked,literature_mining_manually_verified
P12643,135,N-linked,literature_mining_manually_verified
P42262,413,N-linked,literature_mining_manually_verified
P60508,133,N-linked,literature_mining_manually_verified
P60508,146,N-linked,literature_mining_manually_verified
P60508,177,N-linked,literature_mining_manually_verified
P60508,220,N-linked,literature_mining_manually_verified
P60508,241,N-linked,literature_mining_manually_verified
P60508,247,N-linked,literature_mining_manually_verified
P60508,312,N-linked,literature_mining_manually_verified
P60508,332,N-linked,literature_mining_manually_verified
P60508,443,N-linked,literature_mining_manually_verified
P23396,165,N-linked,literature_mining_manually_verified
P08648,712,N-linked,literature_mining_manually_verified
P06858,417,C-linked,literature_mining_manually_verified
P07550,15,N-linked,literature_mining_manually_verified
P07550,187,N-linked,literature_mining_manually_verified
P07550,6,N-linked,literature_mining_manually_verified
P30988,125,N-linked,literature_mining_manually_verified
P30988,130,N-linked,literature_mining_manually_verified
P30988,73,N-linked,literature_mining_manually_verified
P19801,168,N-linked,literature_mining_manually_verified
P57103,45,N-linked,literature_mining_manually_verified
Q02742,95,N-linked,literature_mining_manually_verified
Q05586,368,N-linked,literature_mining_manually_verified
Q08345,371,N-linked,literature_mining_manually_verified
Q09328,334,N-linked,literature_mining_manually_verified
Q11128,105,N-linked,literature_mining_manually_verified
Q11128,167,N-linked,literature_mining_manually_verified
Q11128,198,N-linked,literature_mining_manually_verified
Q11128,60,N-linked,literature_mining_manually_verified
Q12809,629,N-linked,literature_mining_manually_verified
Q13061,75,N-linked,literature_mining_manually_verified
Q13336,211,N-linked,literature_mining_manually_verified
Q13822,524,N-linked,literature_mining_manually_verified
Q14162,289,N-linked,literature_mining_manually_verified
Q14162,382,N-linked,literature_mining_manually_verified
Q14162,393,N-linked,literature_mining_manually_verified
Q14973,11,N-linked,literature_mining_manually_verified
Q15109,25,N-linked,literature_mining_manually_verified
Q15109,81,N-linked,literature_mining_manually_verified
Q15758,163,N-linked,literature_mining_manually_verified
Q16552,68,N-linked,literature_mining_manually_verified
Q16552,26,O-linked,literature_mining_manually_verified
Q16625,408,O-linked,literature_mining_manually_verified
Q16625,490,O-linked,literature_mining_manually_verified
Q2MKA7,153,C-linked,literature_mining_manually_verified
Q2MKA7,156,C-linked,literature_mining_manually_verified
Q30201,110,N-linked,literature_mining_manually_verified
Q30201,130,N-linked,literature_mining_manually_verified
Q6PIU2,389,N-linked,literature_mining_manually_verified
Q6UXX9,160,N-linked,literature_mining_manually_verified
Q6ZPD9,319,N-linked,literature_mining_manually_verified
Q6ZPD9,439,N-linked,literature_mining_manually_verified
Q6ZPD9,704,N-linked,literature_mining_manually_verified
Q7Z2H8,174,N-linked,literature_mining_manually_verified
Q7Z2H8,183,N-linked,literature_mining_manually_verified
Q7Z2H8,470,N-linked,literature_mining_manually_verified
Q86VE9,294,N-linked,literature_mining_manually_verified
Q8NBJ4,398,N-linked,literature_mining_manually_verified
Q8TDS4,17,N-linked,literature_mining_manually_verified
Q8WXS5,53,N-linked,literature_mining_manually_verified
Q8WXS5,56,N-linked,literature_mining_manually_verified
Q99574,401,N-linked,literature_mining_manually_verified
Q99758,124,N-linked,literature_mining_manually_verified
Q99758,140,N-linked,literature_mining_manually_verified
Q99895,52,N-linked,literature_mining_manually_verified
Q9BXY4,137,N-linked,literature_mining_manually_verified
Q9BXY4,153,C-linked,literature_mining_manually_verified
Q9BXY4,156,C-linked,literature_mining_manually_verified
Q9HBG4,489,N-linked,literature_mining_manually_verified
Q9NPF0,126,N-linked,literature_mining_manually_verified
Q9NPF0,195,N-linked,literature_mining_manually_verified
Q9NPF0,213,N-linked,literature_mining_manually_verified
Q9P126,134,N-linked,literature_mining_manually_verified
Q9UHI7,230,N-linked,literature_mining_manually_verified
Q9UP52,240,N-linked,literature_mining_manually_verified
Q9UP52,540,N-linked,literature_mining_manually_verified
Q9Y231,101,N-linked,literature_mining_manually_verified
Q9Y231,153,N-linked,literature_mining_manually_verified
Q9Y231,62,N-linked,literature_mining_manually_verified
Q9Y289,138,N-linked,literature_mining_manually_verified
Q9Y289,489,N-linked,literature_mining_manually_verified
Q9Y5Q5,1022,N-linked,literature_mining_manually_verified
Q9Y5Q5,231,N-linked,literature_mining_manually_verified
Q9Y5Q5,697,N-linked,literature_mining_manually_verified
Q9Y5Q5,80,N-linked,literature_mining_manually_verified
Q9Y6W8,89,N-linked,literature_mining_manually_verified
O00754,692,N-linked,gptwiki
O00754,930,N-linked,gptwiki
O14672,278,N-linked,gptwiki
O43405,100,N-linked,gptwiki
O43852,131,N-linked,gptwiki
O75636,189,N-linked,gptwiki
O75882,325,N-linked,gptwiki
O75882,416,N-linked,gptwiki
O75882,428,N-linked,gptwiki
O75882,731,N-linked,gptwiki
O75882,1043,N-linked,gptwiki
O95302,174,N-linked,gptwiki
O95302,286,N-linked,gptwiki
O95445,135,N-linked,gptwiki
P00450,138,N-linked,gptwiki
P00450,358,N-linked,gptwiki
P00450,397,N-linked,gptwiki
P00450,762,N-linked,gptwiki
P00734,121,N-linked,gptwiki
P00734,143,N-linked,gptwiki
P00734,416,N-linked,gptwiki
P00736,514,N-linked,gptwiki
P00738,184,N-linked,gptwiki
P00738,207,N-linked,gptwiki
P00738,211,N-linked,gptwiki
P00738,241,N-linked,gptwiki
P00747,308,N-linked,gptwiki
P00748,433,N-linked,gptwiki
P00751,122,N-linked,gptwiki
P00751,285,N-linked,gptwiki
P00751,378,N-linked,gptwiki
P01008,128,N-linked,gptwiki
P01008,187,N-linked,gptwiki
P01008,224,N-linked,gptwiki
P01009,70,N-linked,gptwiki
P01009,107,N-linked,gptwiki
P01009,271,N-linked,gptwiki
P01011,93,N-linked,gptwiki
P01011,106,N-linked,gptwiki
P01011,127,N-linked,gptwiki
P01011,186,N-linked,gptwiki
P01011,271,N-linked,gptwiki
P01023,55,N-linked,gptwiki
P01023,247,N-linked,gptwiki
P01023,869,N-linked,gptwiki
P01023,1424,N-linked,gptwiki
P01024,85,N-linked,gptwiki
P01031,741,N-linked,gptwiki
P01033,53,N-linked,gptwiki
P01042,169,N-linked,gptwiki
P01042,205,N-linked,gptwiki
P01042,294,N-linked,gptwiki
P01591,71,N-linked,gptwiki
P01857,180,N-linked,gptwiki
P01859,176,N-linked,gptwiki
P01860,227,N-linked,gptwiki
P01861,177,N-linked,gptwiki
P01871,46,N-linked,gptwiki
P01871,209,N-linked,gptwiki
P01876,144,N-linked,gptwiki
P01877,47,N-linked,gptwiki
P01877,205,N-linked,gptwiki
P02675,394,N-linked,gptwiki
P02679,78,N-linked,gptwiki
P02745,146,N-linked,gptwiki
P02748,277,N-linked,gptwiki
P02748,415,N-linked,gptwiki
P02749,162,N-linked,gptwiki
P02749,183,N-linked,gptwiki
P02749,253,N-linked,gptwiki
P02750,79,N-linked,gptwiki
P02750,186,N-linked,gptwiki
P02750,269,N-linked,gptwiki
P02751,430,N-linked,gptwiki
P02751,528,N-linked,gptwiki
P02751,542,N-linked,gptwiki
P02751,1007,N-linked,gptwiki
P02751,1244,N-linked,gptwiki
P02760,115,N-linked,gptwiki
P02763,33,N-linked,gptwiki
P02763,93,N-linked,gptwiki
P02763,103,N-linked,gptwiki
P02765,156,N-linked,gptwiki
P02765,176,N-linked,gptwiki
P02787,432,N-linked,gptwiki
P02787,630,N-linked,gptwiki
P02790,64,N-linked,gptwiki
P02790,187,N-linked,gptwiki
P02790,246,N-linked,gptwiki
P02790,453,N-linked,gptwiki
P03951,491,N-linked,gptwiki
P03952,127,N-linked,gptwiki
P03952,308,N-linked,gptwiki
P03952,396,N-linked,gptwiki
P03952,453,N-linked,gptwiki
P03952,494,N-linked,gptwiki
P04003,221,N-linked,gptwiki
P04004,86,N-linked,gptwiki
P04004,169,N-linked,gptwiki
P04004,242,N-linked,gptwiki
P04114,1523,N-linked,gptwiki
P04114,2239,N-linked,gptwiki
P04114,2982,N-linked,gptwiki
P04114,3358,N-linked,gptwiki
P04114,3411,N-linked,gptwiki
P04114,3465,N-linked,gptwiki
P04114,3895,N-linked,gptwiki
P04114,4237,N-linked,gptwiki
P04196,63,N-linked,gptwiki
P04196,125,N-linked,gptwiki
P04196,344,N-linked,gptwiki
P04196,345,N-linked,gptwiki
P04217,179,N-linked,gptwiki
P04217,371,N-linked,gptwiki
P04278,380,N-linked,gptwiki
P05090,65,N-linked,gptwiki
P05090,98,N-linked,gptwiki
P05154,262,N-linked,gptwiki
P05155,69,N-linked,gptwiki
P05155,238,N-linked,gptwiki
P05155,253,N-linked,gptwiki
P05155,352,N-linked,gptwiki
P05156,70,N-linked,gptwiki
P05156,103,N-linked,gptwiki
P05156,177,N-linked,gptwiki
P05156,464,N-linked,gptwiki
P05156,536,N-linked,gptwiki
P05160,162,N-linked,gptwiki
P05543,36,N-linked,gptwiki
P05543,253,N-linked,gptwiki
P05546,49,N-linked,gptwiki
P05546,188,N-linked,gptwiki
P06681,29,N-linked,gptwiki
P06681,621,N-linked,gptwiki
P06756,615,N-linked,gptwiki
P07339,263,N-linked,gptwiki
P07357,437,N-linked,gptwiki
P07358,243,N-linked,gptwiki
P07602,80,N-linked,gptwiki
P08185,96,N-linked,gptwiki
P08603,217,N-linked,gptwiki
P08603,529,N-linked,gptwiki
P08603,718,N-linked,gptwiki
P08603,822,N-linked,gptwiki
P08603,882,N-linked,gptwiki
P08603,911,N-linked,gptwiki
P08603,1029,N-linked,gptwiki
P09486,116,N-linked,gptwiki
P09871,174,N-linked,gptwiki
P09871,406,N-linked,gptwiki
P0C0L5,226,N-linked,gptwiki
P0C0L5,1328,N-linked,gptwiki
P0C0L5,1391,N-linked,gptwiki
P10253,470,N-linked,gptwiki
P10909,86,N-linked,gptwiki
P10909,103,N-linked,gptwiki
P10909,145,N-linked,gptwiki
P10909,291,N-linked,gptwiki
P10909,354,N-linked,gptwiki
P10909,374,N-linked,gptwiki
P11279,103,N-linked,gptwiki
P11279,322,N-linked,gptwiki
P12259,821,N-linked,gptwiki
P12259,1703,N-linked,gptwiki
P13473,101,N-linked,gptwiki
P13473,257,N-linked,gptwiki
P13473,275,N-linked,gptwiki
P13473,356,N-linked,gptwiki
P14625,62,N-linked,gptwiki
P14625,217,N-linked,gptwiki
P15586,279,N-linked,gptwiki
P15586,362,N-linked,gptwiki
P16870,139,N-linked,gptwiki
P16870,390,N-linked,gptwiki
P19652,93,N-linked,gptwiki
P19823,118,N-linked,gptwiki
P19827,285,N-linked,gptwiki
P19827,588,N-linked,gptwiki
P20851,98,N-linked,gptwiki
P23142,98,N-linked,gptwiki
P25311,109,N-linked,gptwiki
P25311,112,N-linked,gptwiki
P25311,128,N-linked,gptwiki
P25311,259,N-linked,gptwiki
P26927,72,N-linked,gptwiki
P26927,615,N-linked,gptwiki
P27169,253,N-linked,gptwiki
P27918,428,N-linked,gptwiki
P29622,157,N-linked,gptwiki
P29622,238,N-linked,gptwiki
P35556,2808,N-linked,gptwiki
P36955,285,N-linked,gptwiki
P43251,150,N-linked,gptwiki
P43251,402,N-linked,gptwiki
P43307,136,N-linked,gptwiki
P43308,88,N-linked,gptwiki
P43308,104,N-linked,gptwiki
P43652,33,N-linked,gptwiki
P43652,109,N-linked,gptwiki
P43652,402,N-linked,gptwiki
P46977,548,N-linked,gptwiki
P48723,184,N-linked,gptwiki
P48960,453,N-linked,gptwiki
P49908,83,N-linked,gptwiki
P49908,174,N-linked,gptwiki
P51884,127,N-linked,gptwiki
P55058,398,N-linked,gptwiki
P80108,307,N-linked,gptwiki
P80108,568,N-linked,gptwiki
P80108,659,N-linked,gptwiki
Q03591,126,N-linked,gptwiki
Q08380,69,N-linked,gptwiki
Q08380,125,N-linked,gptwiki
Q08380,398,N-linked,gptwiki
Q08380,551,N-linked,gptwiki
Q08722,73,N-linked,gptwiki
Q12907,183,N-linked,gptwiki
Q14108,412,N-linked,gptwiki
Q14624,81,N-linked,gptwiki
Q14624,207,N-linked,gptwiki
Q14624,517,N-linked,gptwiki
Q14624,577,N-linked,gptwiki
Q15165,254,N-linked,gptwiki
Q15165,323,N-linked,gptwiki
Q15293,53,N-linked,gptwiki
Q16769,49,N-linked,gptwiki
Q5JTV8,399,N-linked,gptwiki
Q6ZXV5,541,N-linked,gptwiki
Q7Z4H8,61,N-linked,gptwiki
Q7Z4H8,306,N-linked,gptwiki
Q8IWU5,112,N-linked,gptwiki
Q8IWU5,198,N-linked,gptwiki
Q8IWU5,241,N-linked,gptwiki
Q8N766,913,N-linked,gptwiki
Q8NFQ8,286,N-linked,gptwiki
Q8NHP8,465,N-linked,gptwiki
Q8TC99,106,N-linked,gptwiki
Q8TCJ2,627,N-linked,gptwiki
Q8TEM1,405,N-linked,gptwiki
Q8TEM1,926,N-linked,gptwiki
Q92542,45,N-linked,gptwiki
Q92542,55,N-linked,gptwiki
Q92542,530,N-linked,gptwiki
Q92626,1178,N-linked,gptwiki
Q92820,203,N-linked,gptwiki
Q969N2,327,N-linked,gptwiki
Q96AY3,182,N-linked,gptwiki
Q96AY3,294,N-linked,gptwiki
Q96AY3,407,N-linked,gptwiki
Q96HE7,280,N-linked,gptwiki
Q96IY4,73,N-linked,gptwiki
Q96JJ7,258,N-linked,gptwiki
Q96KA5,229,N-linked,gptwiki
Q96PD5,77,N-linked,gptwiki
Q96PD5,367,N-linked,gptwiki
Q96PD5,485,N-linked,gptwiki
Q9BU23,616,N-linked,gptwiki
Q9BWF2,317,N-linked,gptwiki
Q9BYF1,53,N-linked,gptwiki
Q9BYF1,90,N-linked,gptwiki
Q9BYF1,103,N-linked,gptwiki
Q9BYF1,322,N-linked,gptwiki
Q9BYF1,432,N-linked,gptwiki
Q9BYF1,546,N-linked,gptwiki
Q9BYF1,690,N-linked,gptwiki
Q9H3G5,81,N-linked,gptwiki
Q9H3G5,346,N-linked,gptwiki
Q9HDC9,160,N-linked,gptwiki
Q9HDC9,196,N-linked,gptwiki
Q9NUM4,183,N-linked,gptwiki
Q9NYU2,269,N-linked,gptwiki
Q9UBV2,217,N-linked,gptwiki
Q9UBV2,431,N-linked,gptwiki
Q9UBV2,608,N-linked,gptwiki
Q9UGM5,37,N-linked,gptwiki
Q9UGM5,136,N-linked,gptwiki
Q9UHG3,196,N-linked,gptwiki
Q9UHG3,353,N-linked,gptwiki
Q9Y4L1,515,N-linked,gptwiki
Q9Y4L1,830,N-linked,gptwiki
Q6ZSR9,150,O-linked,harvard
Q6ZSR9,221,O-linked,harvard
Q2M2I8,448,O-linked,harvard
O14639,452,O-linked,harvard
Q15027,258,O-linked,harvard
Q15027,306,O-linked,harvard
P62736,370,O-linked,harvard
P60709,271,O-linked,harvard
P12814,293,O-linked,harvard
P55265,397,O-linked,harvard
P35611,558,O-linked,harvard
Q9H2P0,763,O-linked,harvard
Q16186,221,O-linked,harvard
Q16186,213,O-linked,harvard
Q16186,211,O-linked,harvard
Q08117,161,O-linked,harvard
Q08117,158,O-linked,harvard
P52594,367,O-linked,harvard
P52594,302,O-linked,harvard
P52594,142,O-linked,harvard
P52594,362,O-linked,harvard
O95081,191,O-linked,harvard
O95081,193,O-linked,harvard
O95081,192,O-linked,harvard
O95081,194,O-linked,harvard
Q09666,5603,O-linked,harvard
Q09666,5552,O-linked,harvard
Q09666,5555,O-linked,harvard
Q9UKA4,1255,O-linked,harvard
Q9UKA4,1059,O-linked,harvard
O43823,217,O-linked,harvard
Q8IWZ3,1817,O-linked,harvard
Q8IWZ3,1813,O-linked,harvard
Q8IWZ3,1799,O-linked,harvard
Q8IWZ3,1846,O-linked,harvard
O75179,2382,O-linked,harvard
O75179,2379,O-linked,harvard
O75179,2001,O-linked,harvard
P07355,153,O-linked,harvard
Q9BXS5,28,O-linked,harvard
P27695,19,O-linked,harvard
Q6ZUM4,786,O-linked,harvard
P98171,203,O-linked,harvard
P98171,686,O-linked,harvard
O15085,1331,O-linked,harvard
Q15052,201,O-linked,harvard
O14497,254,O-linked,harvard
O14497,258,O-linked,harvard
O14497,255,O-linked,harvard
O14497,256,O-linked,harvard
O14497,58,O-linked,harvard
Q8IVW6,408,O-linked,harvard
Q5T2S8,1015,O-linked,harvard
P27540,643,O-linked,harvard
P18846,189,O-linked,harvard
P15336,290,O-linked,harvard
P15336,236,O-linked,harvard
P15336,112,O-linked,harvard
P15336,136,O-linked,harvard
Q6VMQ6,914,O-linked,harvard
Q6VMQ6,869,O-linked,harvard
Q6VMQ6,834,O-linked,harvard
Q13315,2608,O-linked,harvard
Q13315,601,O-linked,harvard
O15265,443,O-linked,harvard
Q9ULK2,649,O-linked,harvard
Q9BYV9,444,O-linked,harvard
Q9BYV9,389,O-linked,harvard
Q9BYV9,832,O-linked,harvard
Q8WY36,258,O-linked,harvard
Q86UU0,946,O-linked,harvard
Q12830,2233,O-linked,harvard
Q12830,2237,O-linked,harvard
P25440,219,O-linked,harvard
O60885,1215,O-linked,harvard
O60885,658,O-linked,harvard
Q9H0E9,287,O-linked,harvard
Q9H0E9,284,O-linked,harvard
Q9BUH6,192,O-linked,harvard
Q9BTV7,475,O-linked,harvard
O75155,929,O-linked,harvard
Q01518,459,O-linked,harvard
P20807,202,O-linked,harvard
P55212,79,O-linked,harvard
P22681,601,O-linked,harvard
Q8IX12,253,O-linked,harvard
Q8IX12,116,O-linked,harvard
Q8IX12,118,O-linked,harvard
Q8IX12,22,O-linked,harvard
Q8IX12,120,O-linked,harvard
O75909,340,O-linked,harvard
Q14004,1287,O-linked,harvard
Q14004,1286,O-linked,harvard
Q14004,1288,O-linked,harvard
Q9NXV6,349,O-linked,harvard
O95319,296,O-linked,harvard
Q7Z7K6,104,O-linked,harvard
Q9C0D2,1616,O-linked,harvard
Q86XR8,7,O-linked,harvard
Q96JM3,366,O-linked,harvard
Q9HCK8,123,O-linked,harvard
P0CG12,372,O-linked,harvard
Q14008,1904,O-linked,harvard
P30622,143,O-linked,harvard
A5YKK6,1051,O-linked,harvard
O95628,316,O-linked,harvard
Q96LI5,468,O-linked,harvard
Q96NU0,260,O-linked,harvard
P16220,40,O-linked,harvard
Q53ET0,504,O-linked,harvard
Q6UUV7,353,O-linked,harvard
Q6UUV7,352,O-linked,harvard
Q9H175,72,O-linked,harvard
Q13620,152,O-linked,harvard
Q13620,148,O-linked,harvard
Q8IZD4,518,O-linked,harvard
Q92841,55,O-linked,harvard
Q92841,52,O-linked,harvard
Q92841,665,O-linked,harvard
Q92841,663,O-linked,harvard
Q92841,667,O-linked,harvard
P17844,536,O-linked,harvard
O95786,785,O-linked,harvard
Q9BTC0,1291,O-linked,harvard
Q9BTC0,1292,O-linked,harvard
Q9Y485,2504,O-linked,harvard
Q9P2D7,485,O-linked,harvard
Q8IVF4,2279,O-linked,harvard
Q5JSL3,375,O-linked,harvard
Q9H069,7,O-linked,harvard
Q14204,260,O-linked,harvard
P18146,120,O-linked,harvard
P11161,78,O-linked,harvard
O43432,1050,O-linked,harvard
P32519,474,O-linked,harvard
Q15723,500,O-linked,harvard
Q15723,422,O-linked,harvard
Q15723,375,O-linked,harvard
Q15723,376,O-linked,harvard
Q15723,572,O-linked,harvard
P41970,200,O-linked,harvard
P41970,205,O-linked,harvard
P41970,211,O-linked,harvard
Q6PJG2,59,O-linked,harvard
Q6PJG2,69,O-linked,harvard
Q6PJG2,58,O-linked,harvard
P50402,53,O-linked,harvard
Q7Z589,228,O-linked,harvard
Q7Z589,264,O-linked,harvard
Q7Z589,271,O-linked,harvard
Q7Z589,574,O-linked,harvard
Q7Z589,506,O-linked,harvard
Q7Z589,876,O-linked,harvard
Q7Z589,283,O-linked,harvard
Q7Z589,1120,O-linked,harvard
Q7Z589,535,O-linked,harvard
Q96L91,2696,O-linked,harvard
Q96L91,2710,O-linked,harvard
Q96L91,2734,O-linked,harvard
Q96L91,1527,O-linked,harvard
P07814,613,O-linked,harvard
P07814,631,O-linked,harvard
Q9BS26,367,O-linked,harvard
Q9BS26,380,O-linked,harvard
Q9BSJ8,1011,O-linked,harvard
Q01844,239,O-linked,harvard
Q01844,53,O-linked,harvard
Q01844,95,O-linked,harvard
Q01844,51,O-linked,harvard
Q01844,108,O-linked,harvard
Q01844,149,O-linked,harvard
Q01844,87,O-linked,harvard
Q01844,60,O-linked,harvard
Q99504,86,O-linked,harvard
Q9UK61,1124,O-linked,harvard
Q5VWN6,1097,O-linked,harvard
Q2WGJ9,1041,O-linked,harvard
Q6UN15,253,O-linked,harvard
Q01543,411,O-linked,harvard
Q01543,412,O-linked,harvard
Q01543,424,O-linked,harvard
P21333,1557,O-linked,harvard
P21333,1558,O-linked,harvard
Q8N3X1,797,O-linked,harvard
Q8N3X1,843,O-linked,harvard
Q8N3X1,833,O-linked,harvard
P01100,83,O-linked,harvard
P15408,57,O-linked,harvard
P15408,269,O-linked,harvard
P85037,651,O-linked,harvard
P85037,662,O-linked,harvard
P85037,505,O-linked,harvard
P85037,530,O-linked,harvard
P85037,534,O-linked,harvard
Q9H334,415,O-linked,harvard
Q9H334,418,O-linked,harvard
Q9H334,448,O-linked,harvard
P35637,107,O-linked,harvard
Q06546,275,O-linked,harvard
Q06547,291,O-linked,harvard
Q8N4A0,379,O-linked,harvard
P04406,83,O-linked,harvard
Q86YP4,210,O-linked,harvard
Q86YP4,330,O-linked,harvard
Q86YP4,589,O-linked,harvard
Q86YP4,327,O-linked,harvard
Q8WXI9,494,O-linked,harvard
Q8WXI9,584,O-linked,harvard
Q8WXI9,287,O-linked,harvard
Q8NHV1,82,O-linked,harvard
Q14161,556,O-linked,harvard
Q14161,557,O-linked,harvard
P35754,65,O-linked,harvard
Q9NZM4,260,O-linked,harvard
Q6AI39,582,O-linked,harvard
Q9Y692,453,O-linked,harvard
Q9UKD1,421,O-linked,harvard
Q9UKD1,404,O-linked,harvard
P04899,111,O-linked,harvard
P52655,251,O-linked,harvard
P52655,239,O-linked,harvard
P52655,238,O-linked,harvard
P10144,175,O-linked,harvard
O75367,170,O-linked,harvard
P40939,501,O-linked,harvard
P51610,531,O-linked,harvard
P51610,539,O-linked,harvard
P51610,1238,O-linked,harvard
P51610,1239,O-linked,harvard
P51610,563,O-linked,harvard
P51610,562,O-linked,harvard
P51610,861,O-linked,harvard
P51610,726,O-linked,harvard
P51610,739,O-linked,harvard
P51610,761,O-linked,harvard
P51610,749,O-linked,harvard
P51610,734,O-linked,harvard
P51610,742,O-linked,harvard
P51610,737,O-linked,harvard
P51610,738,O-linked,harvard
P51610,651,O-linked,harvard
P51610,652,O-linked,harvard
P51610,446,O-linked,harvard
P51610,466,O-linked,harvard
P51610,458,O-linked,harvard
P51610,459,O-linked,harvard
P51610,801,O-linked,harvard
P51610,620,O-linked,harvard
P51610,623,O-linked,harvard
P51610,622,O-linked,harvard
P51610,625,O-linked,harvard
P51610,628,O-linked,harvard
P51610,629,O-linked,harvard
P51610,779,O-linked,harvard
P51610,788,O-linked,harvard
P51610,579,O-linked,harvard
P51610,588,O-linked,harvard
P51610,490,O-linked,harvard
P51610,685,O-linked,harvard
P51610,689,O-linked,harvard
P51610,694,O-linked,harvard
P51610,808,O-linked,harvard
P51610,806,O-linked,harvard
P51610,495,O-linked,harvard
P51610,405,O-linked,harvard
P51610,893,O-linked,harvard
P51610,678,O-linked,harvard
P51610,980,O-linked,harvard
P51610,498,O-linked,harvard
P51610,1743,O-linked,harvard
P14317,312,O-linked,harvard
Q9ULT8,891,O-linked,harvard
P33778,79,O-linked,harvard
P31629,2157,O-linked,harvard
P31629,924,O-linked,harvard
P31629,1283,O-linked,harvard
P31629,392,O-linked,harvard
P31629,1062,O-linked,harvard
P31629,1328,O-linked,harvard
P31629,420,O-linked,harvard
P31629,511,O-linked,harvard
Q92619,166,O-linked,harvard
Q13151,19,O-linked,harvard
P22626,48,O-linked,harvard
Q9BUJ2,738,O-linked,harvard
Q9BUJ2,742,O-linked,harvard
Q9BUJ2,739,O-linked,harvard
Q9BUJ2,746,O-linked,harvard
Q9BUJ2,743,O-linked,harvard
P08238,365,O-linked,harvard
Q58FF7,307,O-linked,harvard
Q13422,88,O-linked,harvard
Q13422,361,O-linked,harvard
Q9UKS7,342,O-linked,harvard
P08476,50,O-linked,harvard
Q92835,988,O-linked,harvard
O15357,276,O-linked,harvard
Q96CB8,324,O-linked,harvard
Q96CB8,318,O-linked,harvard
Q96CB8,323,O-linked,harvard
O95373,102,O-linked,harvard
P46940,435,O-linked,harvard
Q13576,373,O-linked,harvard
Q86VI3,201,O-linked,harvard
Q8IU81,458,O-linked,harvard
Q7Z5L9,217,O-linked,harvard
Q7Z5L9,383,O-linked,harvard
Q9H1B7,179,O-linked,harvard
Q9NZM3,216,O-linked,harvard
Q15652,2031,O-linked,harvard
Q15652,912,O-linked,harvard
Q15652,913,O-linked,harvard
P05412,84,O-linked,harvard
P17275,95,O-linked,harvard
P17275,212,O-linked,harvard
P17275,204,O-linked,harvard
P17535,120,O-linked,harvard
P17535,117,O-linked,harvard
Q7LBC6,425,O-linked,harvard
Q7LBC6,426,O-linked,harvard
Q7LBC6,386,O-linked,harvard
Q7LBC6,654,O-linked,harvard
Q03164,3238,O-linked,harvard
Q03164,775,O-linked,harvard
Q03164,1858,O-linked,harvard
Q14657,142,O-linked,harvard
P11279,381,O-linked,harvard
Q14847,167,O-linked,harvard
O43561,173,O-linked,harvard
P00338,137,O-linked,harvard
Q8N135,337,O-linked,harvard
Q99538,10,O-linked,harvard
Q9H9Z2,183,O-linked,harvard
Q6MZP7,109,O-linked,harvard
Q6MZP7,288,O-linked,harvard
Q15334,123,O-linked,harvard
P02545,612,O-linked,harvard
P20700,28,O-linked,harvard
Q8WWI1,1584,O-linked,harvard
Q93052,11,O-linked,harvard
Q93052,209,O-linked,harvard
Q93052,211,O-linked,harvard
Q5T3J3,85,O-linked,harvard
Q32MZ4,477,O-linked,harvard
O94822,706,O-linked,harvard
O60675,134,O-linked,harvard
O60675,133,O-linked,harvard
Q8N7X4,106,O-linked,harvard
Q8N7X4,120,O-linked,harvard
P49641,516,O-linked,harvard
P27816,797,O-linked,harvard
Q8NDC0,48,O-linked,harvard
Q9UPT6,563,O-linked,harvard
P43243,33,O-linked,harvard
Q7Z434,366,O-linked,harvard
O60318,117,O-linked,harvard
O60318,167,O-linked,harvard
P40926,276,O-linked,harvard
Q15648,1036,O-linked,harvard
Q14814,258,O-linked,harvard
Q14814,153,O-linked,harvard
Q14814,157,O-linked,harvard
Q14814,149,O-linked,harvard
Q14814,275,O-linked,harvard
Q8N6R0,463,O-linked,harvard
O60502,405,O-linked,harvard
P55198,540,O-linked,harvard
P55198,542,O-linked,harvard
Q9HAP2,487,O-linked,harvard
Q99583,450,O-linked,harvard
Q9BXT6,35,O-linked,harvard
Q13613,292,O-linked,harvard
P35580,1145,O-linked,harvard
P35749,1347,O-linked,harvard
Q7Z406,35,O-linked,harvard
Q7Z406,51,O-linked,harvard
P35579,759,O-linked,harvard
O75113,802,O-linked,harvard
P49321,678,O-linked,harvard
O14513,1376,O-linked,harvard
Q9HCD5,449,O-linked,harvard
Q9HCD5,427,O-linked,harvard
Q9HCD5,426,O-linked,harvard
Q9HCD5,418,O-linked,harvard
Q14686,1235,O-linked,harvard
Q14686,1933,O-linked,harvard
Q14686,1232,O-linked,harvard
Q14686,967,O-linked,harvard
O75376,1453,O-linked,harvard
O75376,1454,O-linked,harvard
O75376,1040,O-linked,harvard
O75376,2079,O-linked,harvard
O75376,1487,O-linked,harvard
O75376,1861,O-linked,harvard
O75376,51,O-linked,harvard
O75376,123,O-linked,harvard
O75376,24,O-linked,harvard
O75376,1812,O-linked,harvard
O75376,1926,O-linked,harvard
O75376,2078,O-linked,harvard
Q96PU5,256,O-linked,harvard
Q14511,104,O-linked,harvard
Q13469,633,O-linked,harvard
Q13469,850,O-linked,harvard
Q12857,367,O-linked,harvard
Q6P4R8,1273,O-linked,harvard
Q6P4R8,1168,O-linked,harvard
Q6P4R8,1175,O-linked,harvard
Q6P4R8,1154,O-linked,harvard
Q6P4R8,1151,O-linked,harvard
P23511,188,O-linked,harvard
Q13952,258,O-linked,harvard
Q76FK4,1065,O-linked,harvard
P46087,573,O-linked,harvard
P46531,2280,O-linked,harvard
P46531,2282,O-linked,harvard
P04150,42,O-linked,harvard
P04150,44,O-linked,harvard
P04150,47,O-linked,harvard
Q16656,457,O-linked,harvard
Q02818,42,O-linked,harvard
Q02818,39,O-linked,harvard
P49790,1134,O-linked,harvard
P49790,908,O-linked,harvard
P49790,920,O-linked,harvard
P49790,915,O-linked,harvard
P49790,911,O-linked,harvard
P49790,894,O-linked,harvard
P49790,632,O-linked,harvard
P49790,481,O-linked,harvard
P49790,497,O-linked,harvard
P49790,482,O-linked,harvard
P49790,1017,O-linked,harvard
P49790,1018,O-linked,harvard
P49790,1113,O-linked,harvard
P49790,153,O-linked,harvard
P49790,1154,O-linked,harvard
P49790,938,O-linked,harvard
P49790,1112,O-linked,harvard
P49790,893,O-linked,harvard
P49790,630,O-linked,harvard
P49790,1268,O-linked,harvard
P49790,1271,O-linked,harvard
P49790,1264,O-linked,harvard
P49790,1262,O-linked,harvard
P49790,1263,O-linked,harvard
P49790,624,O-linked,harvard
P49790,219,O-linked,harvard
P49790,937,O-linked,harvard
P49790,1042,O-linked,harvard
P49790,1041,O-linked,harvard
P49790,498,O-linked,harvard
P49790,535,O-linked,harvard
P49790,544,O-linked,harvard
P35658,566,O-linked,harvard
P35658,564,O-linked,harvard
P35658,1354,O-linked,harvard
P35658,1904,O-linked,harvard
P35658,1916,O-linked,harvard
P35658,1913,O-linked,harvard
P35658,1907,O-linked,harvard
P35658,1087,O-linked,harvard
P35658,1198,O-linked,harvard
P35658,1202,O-linked,harvard
P35658,469,O-linked,harvard
P35658,1325,O-linked,harvard
P35658,1146,O-linked,harvard
P35658,1056,O-linked,harvard
P35658,440,O-linked,harvard
P35658,1944,O-linked,harvard
P35658,1956,O-linked,harvard
P35658,1937,O-linked,harvard
P35658,1246,O-linked,harvard
P35658,1353,O-linked,harvard
P35658,1201,O-linked,harvard
Q9BVL2,15,O-linked,harvard
Q9BVL2,449,O-linked,harvard
Q9BVL2,490,O-linked,harvard
Q9BVL2,14,O-linked,harvard
Q9BVL2,487,O-linked,harvard
Q9BVL2,56,O-linked,harvard
Q9BVL2,57,O-linked,harvard
Q9BVL2,61,O-linked,harvard
P37198,23,O-linked,harvard
P37198,26,O-linked,harvard
P37198,244,O-linked,harvard
P37198,245,O-linked,harvard
P37198,131,O-linked,harvard
P37198,25,O-linked,harvard
P52948,235,O-linked,harvard
P52948,238,O-linked,harvard
P52948,245,O-linked,harvard
P52948,234,O-linked,harvard
P52948,294,O-linked,harvard
P52948,295,O-linked,harvard
P52948,462,O-linked,harvard
P52948,494,O-linked,harvard
P22061,202,O-linked,harvard
Q96JY6,142,O-linked,harvard
Q96HC4,110,O-linked,harvard
Q96HC4,111,O-linked,harvard
Q96HC4,319,O-linked,harvard
Q96HC4,141,O-linked,harvard
Q96HC4,151,O-linked,harvard
Q96HC4,159,O-linked,harvard
Q9NR12,89,O-linked,harvard
Q9NTI5,140,O-linked,harvard
O95336,233,O-linked,harvard
Q8NDX5,236,O-linked,harvard
Q8NDX5,240,O-linked,harvard
Q8NDX5,673,O-linked,harvard
O43189,488,O-linked,harvard
Q96BD5,277,O-linked,harvard
Q96BD5,276,O-linked,harvard
Q13492,356,O-linked,harvard
Q13492,297,O-linked,harvard
Q13492,585,O-linked,harvard
Q13492,586,O-linked,harvard
Q15149,1435,O-linked,harvard
Q15149,4539,O-linked,harvard
Q15149,305,O-linked,harvard
Q9HB21,322,O-linked,harvard
Q9HB21,323,O-linked,harvard
Q8NA72,83,O-linked,harvard
Q7Z3K3,297,O-linked,harvard
Q7Z3K3,300,O-linked,harvard
Q7Z3K3,699,O-linked,harvard
A8CG34,670,O-linked,harvard
A8CG34,671,O-linked,harvard
A8CG34,699,O-linked,harvard
A8CG34,715,O-linked,harvard
A8CG34,984,O-linked,harvard
P14859,728,O-linked,harvard
P14859,737,O-linked,harvard
P62937,21,O-linked,harvard
P35813,261,O-linked,harvard
O14974,570,O-linked,harvard
O14974,571,O-linked,harvard
O14974,566,O-linked,harvard
O14974,564,O-linked,harvard
O14974,565,O-linked,harvard
O14974,774,O-linked,harvard
O14974,775,O-linked,harvard
O14974,773,O-linked,harvard
O14974,776,O-linked,harvard
O14974,379,O-linked,harvard
O14974,464,O-linked,harvard
O75170,919,O-linked,harvard
Q9NQV6,1071,O-linked,harvard
Q9NQV6,930,O-linked,harvard
P14314,287,O-linked,harvard
P78527,1300,O-linked,harvard
Q13976,151,O-linked,harvard
Q9UMS4,149,O-linked,harvard
Q9UMS4,148,O-linked,harvard
Q9UMS4,152,O-linked,harvard
Q13523,20,O-linked,harvard
Q96M27,159,O-linked,harvard
Q96M27,172,O-linked,harvard
Q96M27,254,O-linked,harvard
Q5JSZ5,1982,O-linked,harvard
Q9Y520,2196,O-linked,harvard
Q9Y520,2243,O-linked,harvard
Q9Y520,2242,O-linked,harvard
Q9Y520,2238,O-linked,harvard
Q9Y520,2469,O-linked,harvard
Q9Y520,2477,O-linked,harvard
Q9Y520,2271,O-linked,harvard
Q9Y520,2061,O-linked,harvard
Q9Y520,2272,O-linked,harvard
Q9Y520,2013,O-linked,harvard
Q9Y520,2268,O-linked,harvard
Q7RTY9,92,O-linked,harvard
O75475,37,O-linked,harvard
O00487,188,O-linked,harvard
P29350,250,O-linked,harvard
Q14671,799,O-linked,harvard
Q14671,721,O-linked,harvard
Q2TAL8,257,O-linked,harvard
Q2TAL8,255,O-linked,harvard
Q15032,377,O-linked,harvard
P54727,253,O-linked,harvard
P54727,261,O-linked,harvard
P49792,1047,O-linked,harvard
P49792,1048,O-linked,harvard
P49792,1399,O-linked,harvard
P49792,1894,O-linked,harvard
P49792,867,O-linked,harvard
P49792,871,O-linked,harvard
P49792,561,O-linked,harvard
P49792,1045,O-linked,harvard
P10826,369,O-linked,harvard
Q09028,190,O-linked,harvard
Q9NTZ6,121,O-linked,harvard
Q9NTZ6,137,O-linked,harvard
Q9NTZ6,139,O-linked,harvard
Q9NTZ6,138,O-linked,harvard
Q96PK6,244,O-linked,harvard
Q96PK6,280,O-linked,harvard
Q96PK6,599,O-linked,harvard
Q5T8P6,78,O-linked,harvard
Q9P2N5,546,O-linked,harvard
Q9P2N5,523,O-linked,harvard
Q9BWF3,297,O-linked,harvard
Q9BWF3,279,O-linked,harvard
Q9BWF3,280,O-linked,harvard
Q9BWF3,285,O-linked,harvard
Q04864,378,O-linked,harvard
Q04206,337,O-linked,harvard
Q9P2R6,1237,O-linked,harvard
Q9P2R6,1238,O-linked,harvard
O00584,103,O-linked,harvard
Q63HN8,830,O-linked,harvard
P05387,74,O-linked,harvard
P04843,367,O-linked,harvard
Q5VT52,422,O-linked,harvard
Q5VT52,399,O-linked,harvard
Q5VT52,400,O-linked,harvard
Q5VT52,396,O-linked,harvard
Q5VT52,991,O-linked,harvard
Q5VT52,501,O-linked,harvard
Q5VT52,554,O-linked,harvard
Q5VT52,547,O-linked,harvard
P62249,104,O-linked,harvard
Q96DX4,144,O-linked,harvard
Q01196,362,O-linked,harvard
Q9H0E3,327,O-linked,harvard
Q9H0E3,508,O-linked,harvard
Q9H0E3,509,O-linked,harvard
Q9H0E3,122,O-linked,harvard
Q9UHR5,233,O-linked,harvard
Q9UHR5,237,O-linked,harvard
Q9UHR5,232,O-linked,harvard
Q9UHR5,241,O-linked,harvard
Q9UHR5,264,O-linked,harvard
Q9UHR5,270,O-linked,harvard
Q9UHR5,274,O-linked,harvard
Q01826,354,O-linked,harvard
A3KN83,126,O-linked,harvard
A3KN83,130,O-linked,harvard
Q99590,680,O-linked,harvard
Q9UPN6,824,O-linked,harvard
Q9UPN6,821,O-linked,harvard
Q14160,764,O-linked,harvard
Q9Y6Y8,486,O-linked,harvard
Q9Y6Y8,190,O-linked,harvard
Q9Y6Y8,41,O-linked,harvard
O95487,235,O-linked,harvard
O95487,226,O-linked,harvard
O95487,232,O-linked,harvard
O95487,315,O-linked,harvard
O95487,341,O-linked,harvard
O94979,904,O-linked,harvard
Q14563,228,O-linked,harvard
Q15637,328,O-linked,harvard
Q96ST3,287,O-linked,harvard
P12755,387,O-linked,harvard
Q5SVS4,39,O-linked,harvard
Q08AF3,656,O-linked,harvard
Q8WU79,197,O-linked,harvard
Q92925,299,O-linked,harvard
Q92540,627,O-linked,harvard
Q9NY99,87,O-linked,harvard
P18583,253,O-linked,harvard
P08047,120,O-linked,harvard
P08047,446,O-linked,harvard
P08047,394,O-linked,harvard
P08047,507,O-linked,harvard
P08047,273,O-linked,harvard
P23497,639,O-linked,harvard
Q02447,408,O-linked,harvard
Q02447,407,O-linked,harvard
Q02447,389,O-linked,harvard
Q02447,390,O-linked,harvard
Q02446,579,O-linked,harvard
Q96T58,2924,O-linked,harvard
Q96T58,2921,O-linked,harvard
Q96T58,2530,O-linked,harvard
Q96T58,2965,O-linked,harvard
Q96T58,2810,O-linked,harvard
Q96T58,2533,O-linked,harvard
Q96T58,3040,O-linked,harvard
Q96T58,3047,O-linked,harvard
Q96T58,3284,O-linked,harvard
Q96T58,3290,O-linked,harvard
Q01082,2324,O-linked,harvard
Q01082,2323,O-linked,harvard
Q01082,2328,O-linked,harvard
Q01082,2320,O-linked,harvard
Q6ZRS2,2416,O-linked,harvard
Q6ZRS2,1388,O-linked,harvard
Q6ZRS2,2932,O-linked,harvard
Q7Z6B7,622,O-linked,harvard
Q9UQ35,2388,O-linked,harvard
P40763,716,O-linked,harvard
P40763,717,O-linked,harvard
Q8IWZ8,107,O-linked,harvard
Q8IWZ8,108,O-linked,harvard
Q8IWZ8,111,O-linked,harvard
Q9Y5B9,220,O-linked,harvard
Q8NEM7,499,O-linked,harvard
Q7KZ85,1526,O-linked,harvard
Q8NF91,1951,O-linked,harvard
Q8WXH0,1008,O-linked,harvard
Q8WXH0,6234,O-linked,harvard
Q15750,395,O-linked,harvard
Q9NYJ8,456,O-linked,harvard
O00268,528,O-linked,harvard
O00268,714,O-linked,harvard
Q15542,435,O-linked,harvard
P49848,595,O-linked,harvard
P49848,586,O-linked,harvard
Q16594,207,O-linked,harvard
Q9HBM6,153,O-linked,harvard
Q9UGU0,240,O-linked,harvard
Q9UGU0,696,O-linked,harvard
Q9P016,76,O-linked,harvard
Q07157,1366,O-linked,harvard
Q04727,330,O-linked,harvard
Q8NDV7,1712,O-linked,harvard
O94842,406,O-linked,harvard
O43399,103,O-linked,harvard
P12270,2176,O-linked,harvard
P12270,1676,O-linked,harvard
Q9BZY9,281,O-linked,harvard
O94972,195,O-linked,harvard
P10155,138,O-linked,harvard
O75157,571,O-linked,harvard
O75157,548,O-linked,harvard
Q8WZ42,10385,O-linked,harvard
Q8WZ42,4651,O-linked,harvard
Q8WZ42,4659,O-linked,harvard
P68366,439,O-linked,harvard
O95881,136,O-linked,harvard
P83876,132,O-linked,harvard
Q5T6F2,494,O-linked,harvard
Q5T6F2,303,O-linked,harvard
Q5T6F2,306,O-linked,harvard
Q5T6F2,394,O-linked,harvard
Q14157,325,O-linked,harvard
Q14157,445,O-linked,harvard
Q14157,380,O-linked,harvard
Q14157,731,O-linked,harvard
Q14157,946,O-linked,harvard
Q14157,691,O-linked,harvard
Q14157,878,O-linked,harvard
Q14157,972,O-linked,harvard
Q14157,733,O-linked,harvard
Q05086,372,O-linked,harvard
Q9NPG3,879,O-linked,harvard
Q9NPG3,878,O-linked,harvard
Q9NPG3,1004,O-linked,harvard
Q9UHD9,113,O-linked,harvard
Q9UHD9,124,O-linked,harvard
Q9NRR5,340,O-linked,harvard
Q5T4S7,1343,O-linked,harvard
Q70J99,44,O-linked,harvard
Q14119,118,O-linked,harvard
Q14119,117,O-linked,harvard
Q14119,138,O-linked,harvard
Q14119,142,O-linked,harvard
Q14119,111,O-linked,harvard
P08670,25,O-linked,harvard
P08670,49,O-linked,harvard
P08670,27,O-linked,harvard
P08670,22,O-linked,harvard
Q9H269,545,O-linked,harvard
Q8NEZ2,174,O-linked,harvard
Q9H4A3,1849,O-linked,harvard
Q9H4A3,2306,O-linked,harvard
Q9H4A3,1235,O-linked,harvard
Q9H4A3,1521,O-linked,harvard
Q9H4A3,1276,O-linked,harvard
Q9H4A3,1562,O-linked,harvard
Q9H4A3,1285,O-linked,harvard
A4UGR9,2838,O-linked,harvard
Q9ULM3,604,O-linked,harvard
P49750,228,O-linked,harvard
Q86U90,150,O-linked,harvard
Q9BYJ9,196,O-linked,harvard
Q9BYJ9,197,O-linked,harvard
Q9BYJ9,198,O-linked,harvard
Q9BYJ9,157,O-linked,harvard
Q9BYJ9,130,O-linked,harvard
Q7Z739,229,O-linked,harvard
Q7Z739,205,O-linked,harvard
Q7Z739,161,O-linked,harvard
Q9HC78,465,O-linked,harvard
Q6PJT7,220,O-linked,harvard
Q6PJT7,360,O-linked,harvard
Q9UPT8,899,O-linked,harvard
Q96KR1,202,O-linked,harvard
Q96KR1,195,O-linked,harvard
Q96KR1,56,O-linked,harvard
Q96KR1,77,O-linked,harvard
Q96KR1,63,O-linked,harvard
Q96KR1,65,O-linked,harvard
Q96KR1,300,O-linked,harvard
Q96KR1,135,O-linked,harvard
Q96KR1,136,O-linked,harvard
Q96KR1,142,O-linked,harvard
Q96K21,165,O-linked,harvard
Q9Y6X8,401,O-linked,harvard
P17030,439,O-linked,harvard
Q9Y2X9,694,O-linked,harvard
Q9Y2X9,447,O-linked,harvard
Q9Y2X9,445,O-linked,harvard
Q9Y2X9,864,O-linked,harvard
Q8TF68,80,O-linked,harvard
Q8TF68,85,O-linked,harvard
Q96KM6,237,O-linked,harvard
Q96KM6,267,O-linked,harvard
Q6NX49,52,O-linked,harvard
Q92610,514,O-linked,harvard
O43264,314,O-linked,harvard
Q15942,258,O-linked,harvard
Q15942,246,O-linked,harvard
Q15942,11,O-linked,harvard
Q15942,15,O-linked,harvard
Q15942,240,O-linked,harvard
Q15942,169,O-linked,harvard
Q15942,13,O-linked,harvard
P12821,625,O-linked,pdb
Q9H227,373,O-linked,pdb
O15118,1067,O-linked,pdb
P14384,240,O-linked,pdb
P04746,212,O-linked,pdb
P08637,82,O-linked,pdb
P05121,288,N-linked,pdb
P05121,232,N-linked,pdb
P20160,140,N-linked,pdb
P20160,171,N-linked,pdb
P20933,38,N-linked,pdb
P01574,101,N-linked,pdb
P01008,187,N-linked,pdb
P01008,224,N-linked,pdb
Q29983,31,N-linked,pdb
P02760,250,N-linked,pdb
Q13477,83,N-linked,pdb
P04746,476,N-linked,pdb
P02749,193,N-linked,pdb
P02749,253,N-linked,pdb
P02749,162,N-linked,pdb
P02749,183,N-linked,pdb
P13987,43,N-linked,pdb
P15529,83,N-linked,pdb
P15529,114,N-linked,pdb
P02786,372,N-linked,pdb
P01903,143,N-linked,pdb
P80188,85,N-linked,pdb
P08473,681,N-linked,pdb
P07204,382,N-linked,pdb
P07204,409,N-linked,pdb
P33681,186,N-linked,pdb
P33681,226,N-linked,pdb
P33681,207,N-linked,pdb
P01008,128,N-linked,pdb
P01008,167,N-linked,pdb
P02751,430,N-linked,pdb
P01215,76,N-linked,pdb
P01215,102,N-linked,pdb
P05187,144,N-linked,pdb
P12319,67,N-linked,pdb
P12319,46,N-linked,pdb
P12319,191,N-linked,pdb
P29460,222,N-linked,pdb
P22303,381,N-linked,pdb
P01225,25,N-linked,pdb
P24158,186,N-linked,pdb
P20160,126,N-linked,pdb
P01903,103,N-linked,pdb
P06729,89,N-linked,pdb
P36222,81,N-linked,pdb
P06729,141,N-linked,pdb
P06729,150,N-linked,pdb
P0DN86,33,N-linked,pdb
P0DN86,50,N-linked,pdb
P05362,202,N-linked,pdb
P05362,130,N-linked,pdb
P05362,145,N-linked,pdb
P05362,183,N-linked,pdb
P08069,51,N-linked,pdb
P08069,135,N-linked,pdb
P08069,244,N-linked,pdb
P08069,314,N-linked,pdb
P36955,285,N-linked,pdb
Q10588,192,N-linked,pdb
P16444,57,N-linked,pdb
P16444,332,N-linked,pdb
P00533,56,N-linked,pdb
P00533,175,N-linked,pdb
P00533,196,N-linked,pdb
P00533,352,N-linked,pdb
P00533,361,N-linked,pdb
P00533,444,N-linked,pdb
P10619,145,N-linked,pdb
P10619,333,N-linked,pdb
P12319,160,N-linked,pdb
P12319,99,N-linked,pdb
P12319,165,N-linked,pdb
P12319,75,N-linked,pdb
P05546,387,N-linked,pdb
P05546,188,N-linked,pdb
P06756,74,N-linked,pdb
P05106,346,N-linked,pdb
P05106,397,N-linked,pdb
P05106,585,N-linked,pdb
P05106,680,N-linked,pdb
P06756,290,N-linked,pdb
P06756,296,N-linked,pdb
P06756,488,N-linked,pdb
P06756,615,N-linked,pdb
P06756,973,N-linked,pdb
P06756,980,N-linked,pdb
P53634,29,N-linked,pdb
P00450,138,N-linked,pdb
P00450,762,N-linked,pdb
Q9UNN8,47,N-linked,pdb
Q9UNN8,64,N-linked,pdb
Q9UNN8,136,N-linked,pdb
P02788,156,N-linked,pdb
P02788,497,N-linked,pdb
Q9UNN8,172,N-linked,pdb
P18075,372,N-linked,pdb
P07339,134,N-linked,pdb
P21860,250,N-linked,pdb
P21860,353,N-linked,pdb
P21860,408,N-linked,pdb
P21860,437,N-linked,pdb
P21860,469,N-linked,pdb
P21860,522,N-linked,pdb
P21860,566,N-linked,pdb
P21860,414,N-linked,pdb
Q9UHD0,56,N-linked,pdb
P08887,55,N-linked,pdb
P08887,93,N-linked,pdb
P08887,221,N-linked,pdb
P08887,245,N-linked,pdb
P01130,272,N-linked,pdb
P01130,156,N-linked,pdb
P04626,187,N-linked,pdb
P04626,259,N-linked,pdb
P15309,220,N-linked,pdb
P15309,333,N-linked,pdb
P00533,528,N-linked,pdb
P00533,568,N-linked,pdb
P00533,603,N-linked,pdb
P04062,58,N-linked,pdb
P06126,37,N-linked,pdb
P06126,74,N-linked,pdb
P06126,145,N-linked,pdb
P07359,175,N-linked,pdb
P24071,141,N-linked,pdb
P24071,177,N-linked,pdb
P24071,65,N-linked,pdb
P24071,79,N-linked,pdb
P06276,85,N-linked,pdb
P06276,134,N-linked,pdb
P06276,269,N-linked,pdb
P06276,369,N-linked,pdb
P06276,513,N-linked,pdb
P00734,416,N-linked,pdb
Q16853,137,N-linked,pdb
Q16853,232,N-linked,pdb
Q9BYF1,90,N-linked,pdb
Q9BYF1,103,N-linked,pdb
Q9BYF1,546,N-linked,pdb
P04626,530,N-linked,pdb
P04626,571,N-linked,pdb
P32942,52,N-linked,pdb
P32942,110,N-linked,pdb
P25311,259,N-linked,pdb
P25311,128,N-linked,pdb
P05106,125,N-linked,pdb
P08514,46,N-linked,pdb
P06756,851,N-linked,pdb
P14384,115,N-linked,pdb
P13686,110,N-linked,pdb
P06276,284,N-linked,pdb
P01225,42,N-linked,pdb
Q8NBJ7,217,N-linked,pdb
P17342,349,N-linked,pdb
Q03405,74,N-linked,pdb
Q03405,184,N-linked,pdb
Q03405,194,N-linked,pdb
Q03405,255,N-linked,pdb
P00533,413,N-linked,pdb
P05362,267,N-linked,pdb
P05362,296,N-linked,pdb
P05362,385,N-linked,pdb
Q04609,195,N-linked,pdb
P05187,271,N-linked,pdb
O15455,291,N-linked,pdb
P13598,47,N-linked,pdb
P13598,187,N-linked,pdb
P13598,82,N-linked,pdb
P13598,105,N-linked,pdb
P13598,153,N-linked,pdb
P13598,176,N-linked,pdb
P01024,85,N-linked,pdb
P04626,68,N-linked,pdb
P01011,93,N-linked,pdb
P01011,127,N-linked,pdb
P14784,149,N-linked,pdb
P28067,41,N-linked,pdb
Q04609,519,N-linked,pdb
P12821,54,N-linked,pdb
P12821,74,N-linked,pdb
P12821,146,N-linked,pdb
P12821,509,N-linked,pdb
P12821,318,N-linked,pdb
P28827,92,N-linked,pdb
P53634,53,N-linked,pdb
P53634,119,N-linked,pdb
P10721,130,N-linked,pdb
P10721,293,N-linked,pdb
P10721,300,N-linked,pdb
P10721,320,N-linked,pdb
P10721,367,N-linked,pdb
P31785,66,N-linked,pdb
P01008,176,N-linked,pdb
P29016,38,N-linked,pdb
P29016,75,N-linked,pdb
P06213,43,N-linked,pdb
P06213,445,N-linked,pdb
P06213,138,N-linked,pdb
P06213,242,N-linked,pdb
P06213,282,N-linked,pdb
P06213,364,N-linked,pdb
P06213,424,N-linked,pdb
P06213,52,N-linked,pdb
Q96FE5,144,N-linked,pdb
Q96FE5,264,N-linked,pdb
Q96FE5,274,N-linked,pdb
Q96FE5,293,N-linked,pdb
Q96FE5,341,N-linked,pdb
Q96FE5,492,N-linked,pdb
Q96FE5,202,N-linked,pdb
P04062,185,N-linked,pdb
P04062,98,N-linked,pdb
Q9H227,46,N-linked,pdb
Q08722,34,N-linked,pdb
Q08722,50,N-linked,pdb
Q08722,111,N-linked,pdb
Q08722,73,N-linked,pdb
P05155,326,N-linked,pdb
P11597,413,N-linked,pdb
P05107,50,N-linked,pdb
P05107,116,N-linked,pdb
P05107,501,N-linked,pdb
P27352,413,N-linked,pdb
O43451,295,N-linked,pdb
O43451,479,N-linked,pdb
O43451,827,N-linked,pdb
P27487,85,N-linked,pdb
P27487,92,N-linked,pdb
P27487,150,N-linked,pdb
P27487,219,N-linked,pdb
P27487,229,N-linked,pdb
P27487,281,N-linked,pdb
P27487,321,N-linked,pdb
P27487,520,N-linked,pdb
P00797,141,N-linked,pdb
P28827,72,N-linked,pdb
P28827,131,N-linked,pdb
P28827,406,N-linked,pdb
P28827,414,N-linked,pdb
P28827,454,N-linked,pdb
P28827,544,N-linked,pdb
P08514,280,N-linked,pdb
P02743,51,N-linked,pdb
P01911,48,N-linked,pdb
P07949,179,N-linked,pdb
P05156,70,N-linked,pdb
P05156,464,N-linked,pdb
P05156,494,N-linked,pdb
P05156,536,N-linked,pdb
P05156,103,N-linked,pdb
P05156,177,N-linked,pdb
P00751,378,N-linked,pdb
P16473,198,N-linked,pdb
P12821,445,N-linked,pdb
Q16853,592,N-linked,pdb
Q16853,666,N-linked,pdb
O60603,114,N-linked,pdb
O95633,215,N-linked,pdb
Q9UMF0,54,N-linked,pdb
Q9UMF0,74,N-linked,pdb
Q9UMF0,137,N-linked,pdb
Q9UMF0,195,N-linked,pdb
Q9UMF0,214,N-linked,pdb
P00451,258,N-linked,pdb
P01031,741,N-linked,pdb
P01031,911,N-linked,pdb
Q96IY4,85,N-linked,pdb
P48740,178,N-linked,pdb
P42702,131,N-linked,pdb
P42702,303,N-linked,pdb
P42702,407,N-linked,pdb
P42702,426,N-linked,pdb
O14773,210,N-linked,pdb
O14773,286,N-linked,pdb
O14773,313,N-linked,pdb
O14773,443,N-linked,pdb
P12273,105,N-linked,pdb
P08514,601,N-linked,pdb
P05106,478,N-linked,pdb
P39905,126,N-linked,pdb
P00797,71,N-linked,pdb
P02675,394,N-linked,pdb
Q9UK55,295,N-linked,pdb
Q9UK55,197,N-linked,pdb
P00751,122,N-linked,pdb
P00751,142,N-linked,pdb
P06756,554,N-linked,pdb
P06756,835,N-linked,pdb
P01589,70,N-linked,pdb
P07711,221,N-linked,pdb
P15151,313,N-linked,pdb
P15151,120,N-linked,pdb
P15151,218,N-linked,pdb
P15151,237,N-linked,pdb
P15151,105,N-linked,pdb
P15151,307,N-linked,pdb
P15151,188,N-linked,pdb
P15151,147,N-linked,pdb
O15118,122,N-linked,pdb
O15118,222,N-linked,pdb
O15118,1064,N-linked,pdb
Q96PD4,83,N-linked,pdb
Q96F46,49,N-linked,pdb
Q96F46,54,N-linked,pdb
Q96F46,67,N-linked,pdb
Q96F46,225,N-linked,pdb
Q96F46,265,N-linked,pdb
P20702,61,N-linked,pdb
P20702,735,N-linked,pdb
P20702,899,N-linked,pdb
P20702,392,N-linked,pdb
P20702,697,N-linked,pdb
O60494,2148,N-linked,pdb
O43451,458,N-linked,pdb
Q14627,215,N-linked,pdb
Q9NZK5,127,N-linked,pdb
Q9NZK5,185,N-linked,pdb
Q9NZK5,378,N-linked,pdb
P07686,190,N-linked,pdb
P07686,327,N-linked,pdb
P07686,142,N-linked,pdb
P14410,455,N-linked,pdb
P14410,99,N-linked,pdb
P14410,855,N-linked,pdb
P14410,904,N-linked,pdb
P20036,149,N-linked,pdb
P20036,109,N-linked,pdb
P00533,73,N-linked,pdb
Q9NPH3,206,N-linked,pdb
Q8IU57,142,N-linked,pdb
Q8IU57,29,N-linked,pdb
P16410,113,N-linked,pdb
P53634,276,N-linked,pdb
P02787,432,N-linked,pdb
P02787,630,N-linked,pdb
Q04609,132,N-linked,pdb
P13224,65,N-linked,pdb
P23946,103,N-linked,pdb
P23946,80,N-linked,pdb
O75581,1486,N-linked,pdb
P35968,534,N-linked,pdb
O75581,1312,N-linked,pdb
Q6P179,219,N-linked,pdb
Q6P179,650,N-linked,pdb
Q6P179,85,N-linked,pdb
Q6P179,405,N-linked,pdb
O95633,82,N-linked,pdb
P08637,180,N-linked,pdb
P08637,63,N-linked,pdb
P13671,324,N-linked,pdb
Q96CW9,128,N-linked,pdb
Q96CW9,122,N-linked,pdb
Q9HBE5,73,N-linked,pdb
Q15303,495,N-linked,pdb
Q15303,253,N-linked,pdb
Q15303,358,N-linked,pdb
Q15303,138,N-linked,pdb
Q15303,410,N-linked,pdb
Q03405,222,N-linked,pdb
Q15303,473,N-linked,pdb
Q15303,548,N-linked,pdb
O15455,140,N-linked,pdb
O00300,178,N-linked,pdb
P13612,518,N-linked,pdb
P13612,79,N-linked,pdb
P13612,229,N-linked,pdb
P13612,480,N-linked,pdb
P26010,279,N-linked,pdb
P13612,138,N-linked,pdb
P26010,434,N-linked,pdb
P08648,316,N-linked,pdb
P05556,406,N-linked,pdb
P08648,84,N-linked,pdb
P08648,609,N-linked,pdb
P08648,307,N-linked,pdb
P08648,297,N-linked,pdb
P08648,182,N-linked,pdb
P05556,269,N-linked,pdb
Q9NR97,604,N-linked,pdb
Q92673,758,N-linked,pdb
Q9HBW1,363,N-linked,pdb
P06276,507,N-linked,pdb
P24855,40,N-linked,pdb
P24855,128,N-linked,pdb
O75473,84,N-linked,pdb
Q16853,618,N-linked,pdb
P16581,25,N-linked,pdb
P16581,145,N-linked,pdb
P16581,160,N-linked,pdb
P16581,179,N-linked,pdb
P16581,199,N-linked,pdb
P16581,203,N-linked,pdb
P16581,265,N-linked,pdb
Q08722,23,N-linked,pdb
Q13641,331,N-linked,pdb
Q9UGM1,57,N-linked,pdb
Q9UGM1,170,N-linked,pdb
Q9NPH3,207,N-linked,pdb
O75581,281,N-linked,pdb
O75581,433,N-linked,pdb
O75581,486,N-linked,pdb
Q6P179,103,N-linked,pdb
Q6P179,431,N-linked,pdb
Q9NQS3,279,N-linked,pdb
P15144,799,N-linked,pdb
P06756,874,N-linked,pdb
P06756,704,N-linked,pdb
P14778,233,N-linked,pdb
P14778,249,N-linked,pdb
P14778,263,N-linked,pdb
P14778,193,N-linked,pdb
P19440,266,N-linked,pdb
P19440,230,N-linked,pdb
P19440,120,N-linked,pdb
P19440,344,N-linked,pdb
P19440,95,N-linked,pdb
P06340,144,N-linked,pdb
P06340,104,N-linked,pdb
Q9P1W8,268,N-linked,pdb
Q6P179,294,N-linked,pdb
P26951,99,N-linked,pdb
P26951,65,N-linked,pdb
P20061,314,N-linked,pdb
P14207,216,N-linked,pdb
Q07075,415,N-linked,pdb
P21860,616,N-linked,pdb
P15328,161,N-linked,pdb
P15328,69,N-linked,pdb
P15328,201,N-linked,pdb
Q04609,69,N-linked,pdb
P51688,151,N-linked,pdb
P51688,41,N-linked,pdb
P51688,413,N-linked,pdb
P51688,264,N-linked,pdb
P35475,372,N-linked,pdb
P35475,110,N-linked,pdb
P35475,415,N-linked,pdb
P20702,1050,N-linked,pdb
P05107,642,N-linked,pdb
P20702,89,N-linked,pdb
P00734,143,N-linked,pdb
P00734,121,N-linked,pdb
Q9UMF0,303,N-linked,pdb
Q9UMF0,397,N-linked,pdb
Q9UMF0,316,N-linked,pdb
Q9UMF0,371,N-linked,pdb
P22362,52,N-linked,pdb
Q9UIQ6,368,N-linked,pdb
P01730,98,N-linked,pdb
Q99523,206,N-linked,pdb
P06276,256,N-linked,pdb
O95069,134,N-linked,pdb
O43291,57,N-linked,pdb
Q96JA1,149,N-linked,pdb
Q96JA1,245,N-linked,pdb
Q96JA1,317,N-linked,pdb
P18564,97,N-linked,pdb
P18564,260,N-linked,pdb
P18564,387,N-linked,pdb
P18564,48,N-linked,pdb
Q6ZN44,218,N-linked,pdb
Q9NR71,315,N-linked,pdb
Q9NR71,249,N-linked,pdb
P05556,363,N-linked,pdb
P05556,417,N-linked,pdb
P05556,212,N-linked,pdb
P06126,77,N-linked,pdb
P06276,45,N-linked,pdb
P06276,483,N-linked,pdb
P06276,509,N-linked,pdb
P06276,514,N-linked,pdb
P06213,322,N-linked,pdb
P78423,33,N-linked,pdb
P04180,108,N-linked,pdb
P04180,296,N-linked,pdb
P04180,408,N-linked,pdb
P54802,526,N-linked,pdb
Q13822,525,N-linked,pdb
P06213,541,N-linked,pdb
P06213,633,N-linked,pdb
P30203,229,N-linked,pdb
Q13740,95,N-linked,pdb
Q13740,167,N-linked,pdb
Q92542,45,N-linked,pdb
Q92542,562,N-linked,pdb
Q92542,573,N-linked,pdb
Q92542,55,N-linked,pdb
Q92542,187,N-linked,pdb
Q92542,264,N-linked,pdb
Q92542,387,N-linked,pdb
Q92542,435,N-linked,pdb
Q92542,464,N-linked,pdb
Q92542,506,N-linked,pdb
Q92542,530,N-linked,pdb
Q6P179,714,N-linked,pdb
Q6P179,119,N-linked,pdb
P43629,92,N-linked,pdb
P43629,179,N-linked,pdb
P43629,273,N-linked,pdb
Q14114,428,N-linked,pdb
P07686,232,N-linked,pdb
P01833,83,N-linked,pdb
P01833,90,N-linked,pdb
P01833,186,N-linked,pdb
P01833,499,N-linked,pdb
P24394,98,N-linked,pdb
P24394,176,N-linked,pdb
P20701,89,N-linked,pdb
P05107,212,N-linked,pdb
P38484,110,N-linked,pdb
P32926,110,N-linked,pdb
P32926,180,N-linked,pdb
Q14126,112,N-linked,pdb
Q14126,182,N-linked,pdb
Q14126,309,N-linked,pdb
Q14126,462,N-linked,pdb
Q14126,514,N-linked,pdb
P05107,254,N-linked,pdb
P20702,939,N-linked,pdb
P35354,161,N-linked,pdb
P08575,709,N-linked,pdb
P08575,272,N-linked,pdb
P08575,278,N-linked,pdb
P08575,337,N-linked,pdb
P08575,380,N-linked,pdb
P08575,234,N-linked,pdb
P22304,350,N-linked,pdb
Q96IY4,44,N-linked,pdb
Q96IY4,73,N-linked,pdb
Q96IY4,108,N-linked,pdb
P17405,383,N-linked,pdb
P35354,86,N-linked,pdb
Q08554,165,N-linked,pdb
Q08554,546,N-linked,pdb
Q9HC73,55,N-linked,pdb
Q9HC73,169,N-linked,pdb
Q969D9,119,N-linked,pdb
Q9HC73,47,N-linked,pdb
P17405,440,N-linked,pdb
O15118,572,N-linked,pdb
O15118,524,N-linked,pdb
O15118,158,N-linked,pdb
O15118,185,N-linked,pdb
O15118,135,N-linked,pdb
O15118,598,N-linked,pdb
O15118,70,N-linked,pdb
O15118,557,N-linked,pdb
O15118,459,N-linked,pdb
O15118,452,N-linked,pdb
O15118,478,N-linked,pdb
P41180,90,N-linked,pdb
P41180,287,N-linked,pdb
P41180,488,N-linked,pdb
P41180,541,N-linked,pdb
P41180,261,N-linked,pdb
P41180,446,N-linked,pdb
P41180,468,N-linked,pdb
P41180,594,N-linked,pdb
P23435,134,N-linked,pdb
P43681,174,N-linked,pdb
Q14416,203,N-linked,pdb
Q14416,286,N-linked,pdb
P16671,79,N-linked,pdb
P16671,102,N-linked,pdb
P16671,134,N-linked,pdb
P16671,205,N-linked,pdb
P16671,220,N-linked,pdb
P16671,235,N-linked,pdb
P16671,247,N-linked,pdb
P16671,321,N-linked,pdb
P16671,417,N-linked,pdb
P14784,43,N-linked,pdb
P14784,71,N-linked,pdb
P31785,71,N-linked,pdb
P31785,84,N-linked,pdb
P31785,159,N-linked,pdb
Q13822,411,N-linked,pdb
Q13563,305,N-linked,pdb
Q13563,362,N-linked,pdb
Q13563,375,N-linked,pdb
Q13563,328,N-linked,pdb
P08637,92,N-linked,pdb
P08637,187,N-linked,pdb
P08637,56,N-linked,pdb
Q5VWK5,47,N-linked,pdb
Q5VWK5,81,N-linked,pdb
Q5VWK5,141,N-linked,pdb
Q5VWK5,180,N-linked,pdb
Q5VWK5,262,N-linked,pdb
Q5VWK5,273,N-linked,pdb
P10253,470,N-linked,pdb
P43220,82,N-linked,pdb
P21860,126,N-linked,pdb
P43652,402,N-linked,pdb
P43652,488,N-linked,pdb
P26842,95,N-linked,pdb
O15118,968,N-linked,pdb
O15118,916,N-linked,pdb
O15118,931,N-linked,pdb
O15118,961,N-linked,pdb
P08069,534,N-linked,pdb
P08069,607,N-linked,pdb
P08069,900,N-linked,pdb
P08069,913,N-linked,pdb
P08069,640,N-linked,pdb
P14151,104,N-linked,pdb
Q9UEF7,159,N-linked,pdb
Q9UEF7,283,N-linked,pdb
Q9UEF7,344,N-linked,pdb
Q9UEF7,607,N-linked,pdb
Q9UEF7,612,N-linked,pdb
Q9UEF7,630,N-linked,pdb
Q9UEF7,694,N-linked,pdb
Q86Z14,262,N-linked,pdb
Q15116,58,N-linked,pdb
O95970,212,N-linked,pdb
Q9Y639,284,N-linked,pdb
P35499,1162,N-linked,pdb
Q07699,110,N-linked,pdb
Q07699,114,N-linked,pdb
Q9UJ37,85,N-linked,pdb
Q9UJ37,161,N-linked,pdb
Q9UJ37,130,N-linked,pdb
P15144,296,N-linked,pdb
Q8TDD5,167,N-linked,pdb
O14638,619,N-linked,pdb
Q14332,53,N-linked,pdb
P55899,125,N-linked,pdb
Q9NT68,2534,N-linked,pdb
P09668,101,N-linked,pdb
P09668,230,N-linked,pdb
P26012,456,N-linked,pdb
P26012,233,N-linked,pdb
P26012,402,N-linked,pdb
P26012,421,N-linked,pdb
P26012,431,N-linked,pdb
Q13635,120,N-linked,pdb
Q13635,979,N-linked,pdb
Q9P0L9,207,N-linked,pdb
Q99523,162,N-linked,pdb
Q99523,406,N-linked,pdb
Q99523,582,N-linked,pdb
Q9UNQ0,596,N-linked,pdb
P00736,125,N-linked,pdb
P00736,221,N-linked,pdb
P09871,174,N-linked,pdb
Q687X5,323,N-linked,pdb
P08709,112,O-linked,pdb
P08709,120,O-linked,pdb
Q15750,395,O-linked,pdb
P08514,603,O-linked,pdb
Q08554,558,O-linked,pdb
Q08554,260,O-linked,pdb
O15294,594,O-linked,pdb
P61586,34,O-linked,pdb
O15118,475,O-linked,pdb
P05451,27,O-linked,pdb
Q14118,422,O-linked,pdb
Q14118,424,O-linked,pdb
Q14118,423,O-linked,pdb
Q14118,421,O-linked,pdb
P04062,60,O-linked,pdb
P13671,38,O-linked,pdb
P13671,392,O-linked,pdb
Q86YL7,89,O-linked,pdb
P00747,365,O-linked,pdb
P98088,4567,O-linked,pdb
P98088,4577,O-linked,pdb
P32926,476,O-linked,pdb
P32926,478,O-linked,pdb
P32926,480,O-linked,pdb
Q14126,480,O-linked,pdb
Q14126,482,O-linked,pdb
Q14126,484,O-linked,pdb
Q14118,319,O-linked,pdb
Q08554,562,O-linked,pdb
Q08554,337,O-linked,pdb
Q08554,339,O-linked,pdb
Q08554,560,O-linked,pdb
P15941,924,O-linked,pdb
P02748,518,O-linked,pdb
P13671,38,O-linked,rcsb_pdb
Q76LX8,399,O-linked,rcsb_pdb
P27918,272,O-linked,rcsb_pdb
P27918,92,O-linked,rcsb_pdb
P27918,151,O-linked,rcsb_pdb
P00751,378,N-linked,rcsb_pdb
P27918,428,N-linked,rcsb_pdb
P01031,911,N-linked,rcsb_pdb
P51654,241,N-linked,rcsb_pdb
Q02487,546,N-linked,rcsb_pdb
Q02487,629,N-linked,rcsb_pdb
Q02487,166,N-linked,rcsb_pdb
Q14126,514,N-linked,rcsb_pdb
P0C0L4,862,N-linked,rcsb_pdb
P0C0L4,1391,N-linked,rcsb_pdb
O14917,266,N-linked,rcsb_pdb
Q9P2E7,273,N-linked,rcsb_pdb
Q9BYF1,690,N-linked,rcsb_pdb
P08709,112,O-linked,rcsb_pdb
Q14242,57,O-linked,rcsb_pdb
Q86YL7,52,O-linked,rcsb_pdb
P00747,365,O-linked,rcsb_pdb
Q86YL7,76,O-linked,rcsb_pdb
P08236,173,N-linked,rcsb_pdb
P15529,114,N-linked,rcsb_pdb
P15529,83,N-linked,rcsb_pdb
P15309,220,N-linked,rcsb_pdb
P15309,333,N-linked,rcsb_pdb
P15309,94,N-linked,rcsb_pdb
P05164,483,N-linked,rcsb_pdb
P01857,180,N-linked,rcsb_pdb
P01008,224,N-linked,rcsb_pdb
P06729,89,N-linked,rcsb_pdb
P01215,102,N-linked,rcsb_pdb
P08069,314,N-linked,rcsb_pdb
P12319,67,N-linked,rcsb_pdb
P02788,156,N-linked,rcsb_pdb
P18075,372,N-linked,rcsb_pdb
P07339,134,N-linked,rcsb_pdb
P00533,352,N-linked,rcsb_pdb
P08887,245,N-linked,rcsb_pdb
P01130,156,N-linked,rcsb_pdb
P01130,272,N-linked,rcsb_pdb
P01854,275,N-linked,rcsb_pdb
Q9Y286,105,N-linked,rcsb_pdb
P24071,177,N-linked,rcsb_pdb
P08246,173,N-linked,rcsb_pdb
P08246,124,N-linked,rcsb_pdb
P01008,187,N-linked,rcsb_pdb
P27487,229,N-linked,rcsb_pdb
O95206,616,N-linked,rcsb_pdb
P27918,208,O-linked,rcsb_pdb
P46531,466,O-linked,rcsb_pdb
P00734,416,N-linked,rcsb_pdb
P25311,259,N-linked,rcsb_pdb
Q16853,592,N-linked,rcsb_pdb
Q16853,137,N-linked,rcsb_pdb
Q04609,638,N-linked,rcsb_pdb
P01008,128,N-linked,rcsb_pdb
Q03405,184,N-linked,rcsb_pdb
O60609,309,N-linked,rcsb_pdb
P06213,138,N-linked,rcsb_pdb
P06213,242,N-linked,rcsb_pdb
Q15485,240,N-linked,rcsb_pdb
P04062,58,N-linked,rcsb_pdb
P00751,122,N-linked,rcsb_pdb
Q12794,350,N-linked,rcsb_pdb
P00451,258,N-linked,rcsb_pdb
P01903,143,N-linked,rcsb_pdb
P16473,198,N-linked,rcsb_pdb
P08637,180,N-linked,rcsb_pdb
Q99467,402,N-linked,rcsb_pdb
Q8N6P7,172,N-linked,rcsb_pdb
P12273,105,N-linked,rcsb_pdb
P02675,394,N-linked,rcsb_pdb
P17050,177,N-linked,rcsb_pdb
P06280,192,N-linked,rcsb_pdb
P29460,222,N-linked,rcsb_pdb
Q16790,346,N-linked,rcsb_pdb
P15151,120,N-linked,rcsb_pdb
P14410,855,N-linked,rcsb_pdb
P06280,215,N-linked,rcsb_pdb
P20827,26,N-linked,rcsb_pdb
Q9NZ08,70,N-linked,rcsb_pdb
O60494,1092,N-linked,rcsb_pdb
P27352,413,N-linked,rcsb_pdb
P06756,296,N-linked,rcsb_pdb
P06756,74,N-linked,rcsb_pdb
P00533,528,N-linked,rcsb_pdb
P00533,56,N-linked,rcsb_pdb
P06280,139,N-linked,rcsb_pdb
P05106,346,N-linked,rcsb_pdb
P29016,75,N-linked,rcsb_pdb
Q9HBE5,73,N-linked,rcsb_pdb
O15455,413,N-linked,rcsb_pdb
P13612,229,N-linked,rcsb_pdb
P02787,432,N-linked,rcsb_pdb
P02787,630,N-linked,rcsb_pdb
P08648,316,N-linked,rcsb_pdb
Q9NR97,293,N-linked,rcsb_pdb
Q9NR97,590,N-linked,rcsb_pdb
P35475,372,N-linked,rcsb_pdb
P35475,190,N-linked,rcsb_pdb
Q13478,197,N-linked,rcsb_pdb
Q13478,297,N-linked,rcsb_pdb
Q13478,236,N-linked,rcsb_pdb
O95256,152,N-linked,rcsb_pdb
P48740,178,N-linked,rcsb_pdb
P48740,49,N-linked,rcsb_pdb
P02743,51,N-linked,rcsb_pdb
P01861,177,N-linked,rcsb_pdb
P05106,585,N-linked,rcsb_pdb
P05164,355,N-linked,rcsb_pdb
Q14108,304,N-linked,rcsb_pdb
Q14108,68,N-linked,rcsb_pdb
Q14108,412,N-linked,rcsb_pdb
Q9NQS3,186,N-linked,rcsb_pdb
Q9NQS3,222,N-linked,rcsb_pdb
Q9NQS3,73,N-linked,rcsb_pdb
P05106,680,N-linked,rcsb_pdb
P05106,397,N-linked,rcsb_pdb
P06756,488,N-linked,rcsb_pdb
P06756,874,N-linked,rcsb_pdb
Q16820,370,N-linked,rcsb_pdb
Q16820,547,N-linked,rcsb_pdb
P01859,176,N-linked,rcsb_pdb
O95407,173,N-linked,rcsb_pdb
P15907,149,N-linked,rcsb_pdb
P26951,80,N-linked,rcsb_pdb
P15692,281,N-linked,rcsb_pdb
Q9ULX7,213,N-linked,rcsb_pdb
Q99523,406,N-linked,rcsb_pdb
P10619,145,N-linked,rcsb_pdb
P20702,392,N-linked,rcsb_pdb
P06756,973,N-linked,rcsb_pdb
Q9UMF0,316,N-linked,rcsb_pdb
Q9UMF0,303,N-linked,rcsb_pdb
Q9UMF0,137,N-linked,rcsb_pdb
Q9UMF0,74,N-linked,rcsb_pdb
Q14108,325,N-linked,rcsb_pdb
Q14108,206,N-linked,rcsb_pdb
P18564,387,N-linked,rcsb_pdb
P06756,290,N-linked,rcsb_pdb
P06756,554,N-linked,rcsb_pdb
P12314,159,N-linked,rcsb_pdb
P05556,417,N-linked,rcsb_pdb
P08648,84,N-linked,rcsb_pdb
Q8N608,257,N-linked,rcsb_pdb
P08648,182,N-linked,rcsb_pdb
P08648,297,N-linked,rcsb_pdb
P09172,344,N-linked,rcsb_pdb
P06213,424,N-linked,rcsb_pdb
P01903,103,N-linked,rcsb_pdb
P36544,133,N-linked,rcsb_pdb
O43173,113,N-linked,rcsb_pdb
P08637,63,N-linked,rcsb_pdb
P20702,89,N-linked,rcsb_pdb
P20702,735,N-linked,rcsb_pdb
P20702,899,N-linked,rcsb_pdb
P01137,82,N-linked,rcsb_pdb
P02708,161,N-linked,rcsb_pdb
O15118,557,N-linked,rcsb_pdb
Q96IY4,44,N-linked,rcsb_pdb
P17405,397,N-linked,rcsb_pdb
P06213,282,N-linked,rcsb_pdb
O75129,783,N-linked,rcsb_pdb
Q6P179,85,N-linked,rcsb_pdb
A6ND01,73,N-linked,rcsb_pdb
O15118,478,N-linked,rcsb_pdb
P04626,259,N-linked,rcsb_pdb
Q13822,525,N-linked,rcsb_pdb
Q9UIQ6,184,N-linked,rcsb_pdb
Q9UIQ6,850,N-linked,rcsb_pdb
Q9UIQ6,374,N-linked,rcsb_pdb
Q02763,560,N-linked,rcsb_pdb
P10253,470,N-linked,rcsb_pdb
P04626,68,N-linked,rcsb_pdb
P28472,174,N-linked,rcsb_pdb
Q04609,476,N-linked,rcsb_pdb
Q08722,50,N-linked,rcsb_pdb
P20273,101,N-linked,rcsb_pdb
P29016,146,N-linked,rcsb_pdb
Q9NZN1,138,N-linked,rcsb_pdb
P31644,145,N-linked,rcsb_pdb
O14638,699,N-linked,rcsb_pdb
O14638,594,N-linked,rcsb_pdb
O14638,279,N-linked,rcsb_pdb
P09668,230,N-linked,rcsb_pdb
P14867,138,N-linked,rcsb_pdb
P38484,110,N-linked,rcsb_pdb
P38484,137,N-linked,rcsb_pdb
Q6P179,219,N-linked,rcsb_pdb
P12821,445,N-linked,rcsb_pdb
A6NGN9,67,N-linked,rcsb_pdb
P01860,227,N-linked,rcsb_pdb
P00736,221,N-linked,rcsb_pdb
P12821,714,N-linked,rcsb_pdb
O75581,859,N-linked,rcsb_pdb
O75581,1039,N-linked,rcsb_pdb
Q9UL01,336,N-linked,rcsb_pdb
O94923,225,N-linked,rcsb_pdb
O94923,393,N-linked,rcsb_pdb
P01019,38,N-linked,rcsb_pdb
Q9HCK4,426,N-linked,rcsb_pdb
P53634,119,N-linked,rcsb_pdb
Q14392,345,N-linked,rcsb_pdb
Q15116,58,N-linked,rcsb_pdb
P00451,2137,N-linked,rcsb_pdb
P41594,445,N-linked,rcsb_pdb
P41594,378,N-linked,rcsb_pdb
Q14626,194,N-linked,rcsb_pdb
P26012,456,N-linked,rcsb_pdb
P12643,338,N-linked,rcsb_pdb
P32297,172,N-linked,rcsb_pdb
P30926,166,N-linked,rcsb_pdb
P11717,626,N-linked,rcsb_pdb
P01024,939,N-linked,rcsb_pdb
P46977,548,N-linked,rcsb_pdb
P04843,299,N-linked,rcsb_pdb
Q8TCJ2,627,N-linked,rcsb_pdb
P01023,991,N-linked,rcsb_pdb
P01023,55,N-linked,rcsb_pdb
P01023,396,N-linked,rcsb_pdb
Q9NXG6,382,N-linked,rcsb_pdb
P07911,396,N-linked,rcsb_pdb
P02749,193,N-linked,rcsb_pdb
P02749,162,N-linked,rcsb_pdb
Q9HCL0,269,N-linked,rcsb_pdb
P29965,240,N-linked,rcsb_pdb
Q9NY97,219,N-linked,rcsb_pdb
P02786,317,N-linked,rcsb_pdb
Q9Y6W8,110,N-linked,rcsb_pdb
O75144,173,N-linked,rcsb_pdb
P11717,1312,N-linked,rcsb_pdb
O43909,790,N-linked,rcsb_pdb
Q16820,436,N-linked,rcsb_pdb
Q16820,218,N-linked,rcsb_pdb
P01266,2582,N-linked,rcsb_pdb
P01266,2295,N-linked,rcsb_pdb
Q9NR97,511,N-linked,rcsb_pdb
Q12864,250,N-linked,rcsb_pdb
Q1HG43,109,N-linked,rcsb_pdb
Q07011,138,N-linked,rcsb_pdb
Q9BYF1,546,N-linked,rcsb_pdb
Q9BYF1,53,N-linked,rcsb_pdb
P00748,433,N-linked,rcsb_pdb
Q9NY97,173,N-linked,rcsb_pdb
Q9H1J5,103,N-linked,rcsb_pdb
P78363,1529,N-linked,rcsb_pdb
P08648,307,N-linked,rcsb_pdb
P05556,406,N-linked,rcsb_pdb
P60508,312,N-linked,rcsb_pdb
Q9UNN8,136,N-linked,rcsb_pdb
P61009,141,N-linked,rcsb_pdb
P07911,232,N-linked,rcsb_pdb
P07911,275,N-linked,rcsb_pdb
P07911,513,N-linked,rcsb_pdb
P12821,677,N-linked,rcsb_pdb
P12821,54,N-linked,rcsb_pdb
P12821,318,N-linked,rcsb_pdb
P12821,74,N-linked,rcsb_pdb
Q02817,4737,N-linked,rcsb_pdb
Q02817,4726,N-linked,rcsb_pdb
Q02817,4991,N-linked,rcsb_pdb
Q02817,4862,N-linked,rcsb_pdb
Q02817,4998,N-linked,rcsb_pdb
P48169,144,N-linked,rcsb_pdb
P04439,110,N-linked,rcsb_pdb
Q6NSJ0,511,N-linked,rcsb_pdb
O95477,1504,N-linked,rcsb_pdb
Q9BYF1,322,N-linked,rcsb_pdb
Q9BYF1,90,N-linked,rcsb_pdb
Q9BYF1,103,N-linked,rcsb_pdb
P20036,149,N-linked,rcsb_pdb
P40189,83,N-linked,rcsb_pdb
P01871,279,N-linked,rcsb_pdb
P05164,391,N-linked,rcsb_pdb
Q9UIQ6,760,N-linked,rcsb_pdb
P28827,544,N-linked,rcsb_pdb
Q15262,140,N-linked,rcsb_pdb
P06681,112,N-linked,rcsb_pdb
Q15116,116,N-linked,rcsb_pdb
P06731,612,N-linked,rcsb_pdb
Q9UHN6,1234,N-linked,rcsb_pdb
Q9UIQ6,664,N-linked,rcsb_pdb
Q9UIQ6,682,N-linked,rcsb_pdb
Q9UIQ6,256,N-linked,rcsb_pdb
P12318,178,N-linked,rcsb_pdb
Q9Y231,153,N-linked,rcsb_pdb
Q14697,97,N-linked,rcsb_pdb
P36222,60,N-linked,rcsb_pdb
Q7KYR7,120,N-linked,rcsb_pdb
Q6V0I7,435,N-linked,rcsb_pdb
Q7Z6A9,110,N-linked,rcsb_pdb
Q9UQD0,326,N-linked,rcsb_pdb
Q02246,498,N-linked,rcsb_pdb
Q8IV08,284,N-linked,rcsb_pdb
P01137,136,N-linked,rcsb_pdb
Q96PD4,83,N-linked,rcsb_pdb
Q9UIQ6,368,N-linked,rcsb_pdb
P17787,168,N-linked,rcsb_pdb
P16066,45,N-linked,rcsb_pdb
P16066,427,N-linked,rcsb_pdb
P43628,84,N-linked,rcsb_pdb
P56704,298,N-linked,rcsb_pdb
Q15303,576,N-linked,rcsb_pdb
Q15303,253,N-linked,rcsb_pdb
Q15303,358,N-linked,rcsb_pdb
Q15303,138,N-linked,rcsb_pdb
O00755,295,N-linked,rcsb_pdb
P47870,173,N-linked,rcsb_pdb
P27487,150,N-linked,rcsb_pdb
P27487,219,N-linked,rcsb_pdb
P27487,321,N-linked,rcsb_pdb
P27487,281,N-linked,rcsb_pdb
P98073,440,N-linked,rcsb_pdb
P98073,470,N-linked,rcsb_pdb
P98073,534,N-linked,rcsb_pdb
P98073,887,N-linked,rcsb_pdb
P98073,682,N-linked,rcsb_pdb
P98073,848,N-linked,rcsb_pdb
P98073,335,N-linked,rcsb_pdb
P98073,388,N-linked,rcsb_pdb
Q9Y2C3,174,N-linked,rcsb_pdb
P18627,188,N-linked,rcsb_pdb
P47869,138,N-linked,rcsb_pdb
P11230,164,N-linked,rcsb_pdb
Q07001,164,N-linked,rcsb_pdb
Q04844,161,N-linked,rcsb_pdb
P12319,46,N-linked,rcsb_pdb
P12319,75,N-linked,rcsb_pdb
P12319,165,N-linked,rcsb_pdb
P12319,191,N-linked,rcsb_pdb
Q9HB29,41,N-linked,rcsb_pdb
P17643,96,N-linked,rcsb_pdb
P17643,385,N-linked,rcsb_pdb
P17643,304,N-linked,rcsb_pdb
P17643,104,N-linked,rcsb_pdb
P17643,350,N-linked,rcsb_pdb
Q7L1I2,516,N-linked,rcsb_pdb
P01880,225,N-linked,rcsb_pdb
P23946,103,N-linked,rcsb_pdb
Q8TD46,69,N-linked,rcsb_pdb
Q8TD46,122,N-linked,rcsb_pdb
P06276,85,N-linked,rcsb_pdb
P21860,408,N-linked,rcsb_pdb
P12259,297,N-linked,rcsb_pdb
P12259,2010,N-linked,rcsb_pdb
P12259,239,N-linked,rcsb_pdb
O15393,213,N-linked,rcsb_pdb
P02730,642,N-linked,rcsb_pdb
P38570,444,N-linked,rcsb_pdb
P05186,430,N-linked,rcsb_pdb
P06681,467,N-linked,rcsb_pdb
P07996,580,O-linked,platelet
Q14766,801,O-linked,platelet
P02671,562,O-linked,platelet
P07996,450,O-linked,platelet
P07996,507,O-linked,platelet
P02675,251,O-linked,platelet
P07996,553,O-linked,platelet
Q13201,216,O-linked,platelet
P02675,214,O-linked,platelet
Q14766,1141,O-linked,platelet
Q13201,1055,O-linked,platelet
P07996,441,C-linked,c_man
P10153,34,C-linked,c_man
P98088,2122,C-linked,c_man
Q9UNA0,573,C-linked,c_man
P10643,503,C-linked,c_man
P02748,51,C-linked,c_man
P27918,83,C-linked,c_man
P13671,90,C-linked,c_man
Q2MKA7,153,C-linked,c_man
P07357,545,C-linked,c_man
P27918,263,C-linked,c_man
P27918,142,C-linked,c_man
P13671,29,C-linked,c_man
P07358,551,C-linked,c_man
P07358,554,C-linked,c_man
Q9UNA0,570,C-linked,c_man
P27918,382,C-linked,c_man
P27918,388,C-linked,c_man
P02748,48,C-linked,c_man
Q9HCB6,564,C-linked,c_man
P07358,73,C-linked,c_man
P13671,574,C-linked,c_man
Q9HCB6,510,C-linked,c_man
P13671,568,C-linked,c_man
P27918,385,C-linked,c_man
P07996,385,C-linked,c_man
Q8N6G6,42,C-linked,c_man
P10643,509,C-linked,c_man
P27918,139,C-linked,c_man
Q8N6G6,39,C-linked,c_man
P27918,199,C-linked,c_man
P10643,36,C-linked,c_man
Q9HBE5,214,C-linked,c_man
Q9HCB6,448,C-linked,c_man
P27918,324,C-linked,c_man
P29460,319,C-linked,c_man
P10643,506,C-linked,c_man
P27918,202,C-linked,c_man
Q9HCB6,507,C-linked,c_man
Q9HCB6,451,C-linked,c_man
P27918,86,C-linked,c_man
Q9HCB6,674,C-linked,c_man
P07996,498,C-linked,c_man
P13671,32,C-linked,c_man
P27918,321,C-linked,c_man
P07358,70,C-linked,c_man
P13671,571,C-linked,c_man
P27918,196,C-linked,c_man
P07357,542,C-linked,c_man
P27918,260,C-linked,c_man
P07357,44,C-linked,c_man
P07996,438,C-linked,c_man
Q9HCB6,623,C-linked,c_man
Q9HCB6,620,C-linked,c_man
Q2MKA7,156,C-linked,c_man
Q9BUD6,283,C-linked,c_man
P27918,145,C-linked,c_man
P07357,548,C-linked,c_man
