Clan_y,clan_name,height_clan,height_pfam,Pfam,query_name_y,height,source
CL0192,GPCR_A,61.321635356404734,48.791688555435755,PF00001,7tm_1,48.791688555435755,2026 measurement
CL0192,GPCR_A,61.321635356404734,61.0139994161819,PF00002,7tm_2,61.0139994161819,2026 measurement
CL0192,GPCR_A,61.321635356404734,65.26715718970387,PF00003,7tm_3,65.26715718970387,2026 measurement
CL0023,P-loop_NTPase,49.395498104103346,46.096056021098576,PF00005,ABC_tran,46.096056021098576,2026 measurement
CL0001,EGF,28.046989523881532,28.828580116727007,PF00008,EGF,28.828580116727007,2026 measurement
CL0894,CL0894,24.2352748558654,24.2352748558654,PF00014,Kunitz_BPTI,24.2352748558654,2026 measurement
CL0607,TNF_receptor,25.633068775086123,28.69948819757909,PF00020,TNFR_c6,28.69948819757909,2026 measurement
CL0117,uPAR_Ly6_toxin,34.73212915719407,26.72751799795499,PF00021,UPAR_LY6,26.72751799795499,2026 measurement
CL0168,PAN,28.44032639879515,26.68231942709291,PF00024,PAN_1,26.68231942709291,2026 measurement
CL0129,Peptidase_AA,31.398146505186542,42.698453691270615,PF00026,Asp,42.698453691270615,2026 measurement
CL0159,E-set,39.30318005993802,48.587871223353744,PF00028,Cadherin,48.587871223353744,2026 measurement
CL0220,CL0220,19.573838134150012,18.013410028430755,PF00036,EF-hand_1,18.013410028430755,2026 measurement
,,,353.9001770019531,PF00038,Filament,353.9001770019531,2026 measurement
CL0451,FnI-like,34.112830676908786,26.845886074405307,PF00039,fn1,26.845886074405307,2026 measurement
CL0602,Kringle,23.506497836035617,21.32751098933019,PF00040,fn2,21.32751098933019,2026 measurement
CL0159,E-set,39.30318005993802,37.618715495956536,PF00041,fn3,37.618715495956536,2026 measurement
,,,18.26780296040003,PF00045,Hemopexin,18.26780296040003,2026 measurement
CL0159,E-set,39.30318005993802,35.16606413782266,PF00047,ig,35.16606413782266,2026 measurement
CL0730,CL0730,37.20880608945279,37.20880608945279,PF00048,IL8,37.20880608945279,2026 measurement
CL0005,Kazal,23.145482477154836,18.203869094233784,PF00050,Kazal_1,18.203869094233784,2026 measurement
CL0602,Kringle,23.506497836035617,27.248670898855817,PF00051,Kringle,27.248670898855817,2026 measurement
CL0202,GBD,38.45146891966387,42.68494585544408,PF00052,Laminin_B,42.68494585544408,2026 measurement
CL0001,EGF,28.046989523881532,30.586896994247553,PF00053,EGF_laminin,30.586896994247553,2026 measurement
CL0004,Concanavalin,41.06090890681649,46.42057281243997,PF00054,Laminin_G_1,46.42057281243997,2026 measurement
CL0202,GBD,38.45146891966387,45.4127046620366,PF00055,Laminin_N,45.4127046620366,2026 measurement
,,,22.24619763646395,PF00057,Ldl_recept_a,22.24619763646395,2026 measurement
CL0186,Beta_propeller,21.67085124951681,17.919109424223787,PF00058,Ldl_recept_b,17.919109424223787,2026 measurement
CL0056,C_Lectin,29.746108227159635,30.756176008957546,PF00059,Lectin_C,30.756176008957546,2026 measurement
CL0030,Ion_channel,45.46700182135369,74.54986373407854,PF00060,Lig_chan,74.54986373407854,2026 measurement
CL0037,Lysozyme,33.344959264069,28.713851804318637,PF00062,Lys,28.713851804318637,2026 measurement
,,,19.25099283153988,PF00066,Notch,19.25099283153988,2026 measurement
CL0016,PKinase,54.43067383486503,42.02222607885635,PF00069,Pkinase,42.02222607885635,2026 measurement
CL0129,Peptidase_AA,31.398146505186542,26.557805941655086,PF00077,RVP,26.557805941655086,2026 measurement
,,,35.099346935749054,PF00080,Sod_Cu,35.099346935749054,2026 measurement
,,,38.16293263402738,PF00082,Peptidase_S8,38.16293263402738,2026 measurement
CL0001,EGF,28.046989523881532,34.906722085640595,PF00084,Sushi,34.906722085640595,2026 measurement
CL0172,Thioredoxin,39.25019227930494,37.24213948743097,PF00085,Thioredoxin,37.24213948743097,2026 measurement
,,,23.369659817806504,PF00086,Thyroglobulin_1,23.369659817806504,2026 measurement
CL0117,uPAR_Ly6_toxin,34.73212915719407,40.490897621427266,PF00087,Toxin_TOLIP,40.490897621427266,2026 measurement
CL0630,PSI,24.292384766783574,21.84535988575709,PF00088,Trefoil,21.84535988575709,2026 measurement
CL0124,Peptidase_PA,45.31439166881245,37.37117607215999,PF00089,Trypsin,37.37117607215999,2026 measurement
CL0692,CL0692,36.82067810752304,34.48282292660957,PF00090,TSP_1,34.48282292660957,2026 measurement
CL0128,vWA-like,49.95459311089533,50.2705556001295,PF00092,VWA,50.2705556001295,2026 measurement
CL0451,FnI-like,34.112830676908786,50.87371265754271,PF00093,VWC,50.87371265754271,2026 measurement
CL0741,CL0741,33.26590141298113,33.26590141298113,PF00094,VWD,33.26590141298113,2026 measurement
,,,16.11948251724243,PF00095,WAP,16.11948251724243,2026 measurement
CL0229,RING,23.531313780228857,27.554625266594567,PF00097,zf-C3HC4,27.554625266594567,2026 measurement
CL0159,E-set,39.30318005993802,70.96128651857305,PF00100,Zona_pellucida,70.96128651857305,2026 measurement
CL0063,NADP_Rossmann,39.26278572618697,34.955272333962576,PF00106,adh_short,34.955272333962576,2026 measurement
CL0063,NADP_Rossmann,39.26278572618697,34.28554633458455,PF00107,ADH_zinc_N,34.28554633458455,2026 measurement
CL0046,CL0046,27.33374421173006,36.6819074818216,PF00109,ketoacyl-synt,36.6819074818216,2026 measurement
,,,38.92933544636243,PF00122,E1-E2_ATPase,38.92933544636243,2026 measurement
CL0343,MHC,35.221248300773084,35.164114266241164,PF00129,MHC_I,35.164114266241164,2026 measurement
CL0028,AB_hydrolase,52.59920164328964,63.17357995933105,PF00135,COesterase,63.17357995933105,2026 measurement
CL0422,Fibrinogen_C,59.83428328687494,54.41309555717137,PF00147,Fibrinogen_C,54.41309555717137,2026 measurement
CL0163,Calcineurin,33.14147429971037,33.14147429971037,PF00149,Metallophos,33.14147429971037,2026 measurement
CL0091,NAD_Ferredoxin,28.793387318886015,28.37189384922269,PF00175,NAD_binding_1,28.37189384922269,2026 measurement
CL0659,CAP,47.19299964904785,47.19299964904785,PF00188,CAP,47.19299964904785,2026 measurement
CL0056,C_Lectin,29.746108227159635,22.830556181869817,PF00193,Xlink,22.830556181869817,2026 measurement
,,,43.50546092987061,PF00194,Carb_anhydrase,43.50546092987061,2026 measurement
,,,19.36902837783039,PF00200,Disintegrin,19.36902837783039,2026 measurement
CL0159,E-set,39.30318005993802,43.86716980082468,PF00207,A2M,43.86716980082468,2026 measurement
CL0547,GF_recep_C-rich,31.57696397288371,26.091518507717765,PF00219,IGFBP,26.091518507717765,2026 measurement
CL0392,CL0392,29.819412117374405,29.819412117374405,PF00226,DnaJ,29.819412117374405,2026 measurement
CL0100,C1q_TNF,28.56269966287816,28.56269966287816,PF00229,TNF,28.56269966287816,2026 measurement
CL0036,CL0036,47.817104032709544,48.263206005096436,PF00232,Glyco_hydro_1,48.263206005096436,2026 measurement
CL0088,Alk_phosphatase,45.54647203577954,49.73102056980133,PF00245,Alk_phosphatase,49.73102056980133,2026 measurement
CL0865,CL0865,40.222714415703074,39.908385071131974,PF00246,Peptidase_M14,39.908385071131974,2026 measurement
CL0028,AB_hydrolase,52.59920164328964,55.84748751322429,PF00326,Peptidase_S9,55.84748751322429,2026 measurement
CL0071,His_phosphatase,39.90151269095285,39.90151269095285,PF00328,His_Phos_2,39.90151269095285,2026 measurement
CL0135,CL0135,46.046028838419694,42.08854237291908,PF00339,Arrestin_N,42.08854237291908,2026 measurement
CL0004,Concanavalin,41.06090890681649,46.021841674201234,PF00354,Pentaxin,46.021841674201234,2026 measurement
CL0128,vWA-like,49.95459311089533,61.19950419108073,PF00362,Integrin_beta,61.19950419108073,2026 measurement
,,,26.515862729814316,PF00377,Prion,26.515862729814316,2026 measurement
CL0026,CU_oxidase,37.06352279668489,27.58253712984874,PF00394,Cu-oxidase,27.58253712984874,2026 measurement
CL0186,Beta_propeller,21.67085124951681,24.1385760307312,PF00400,WD40,24.1385760307312,2026 measurement
CL0177,PBP,42.38186464548598,45.89790508065887,PF00405,Transferrin,45.89790508065887,2026 measurement
CL0126,Peptidase_MA,36.71989303811342,33.0149973745848,PF00413,Peptidase_M10,33.0149973745848,2026 measurement
CL0164,CUB,37.19532806928234,32.13922258797908,PF00431,CUB,32.13922258797908,2026 measurement
CL0172,Thioredoxin,39.25019227930494,37.29098558425903,PF00462,Glutaredoxin,37.29098558425903,2026 measurement
CL0177,PBP,42.38186464548598,40.270459900299706,PF00497,SBP_bac_3,40.270459900299706,2026 measurement
CL0020,TPR,20.933170225539683,15.436804639432856,PF00515,TPR_1,15.436804639432856,2026 measurement
CL0550,SRCR,31.67242160632358,31.77740546229918,PF00530,SRCR,31.77740546229918,2026 measurement
CL0110,GT-A,34.54581239323872,39.11306921151968,PF00535,Glycos_transf_2,39.11306921151968,2026 measurement
CL0003,SAM,26.063478920372884,25.22021415961813,PF00536,SAM_1,25.22021415961813,2026 measurement
CL0314,CL0314,39.7510323495026,39.7510323495026,PF00550,PP-binding,39.7510323495026,2026 measurement
,,,61.39179093497141,PF00557,Peptidase_M24,61.39179093497141,2026 measurement
CL0028,AB_hydrolase,52.59920164328964,54.16132201218024,PF00561,Abhydrolase_1,54.16132201218024,2026 measurement
CL0172,Thioredoxin,39.25019227930494,36.010924524676504,PF00578,AhpC-TSA,36.010924524676504,2026 measurement
CL0001,EGF,28.046989523881532,28.1162728185912,PF00594,Gla,28.1162728185912,2026 measurement
CL0004,Concanavalin,41.06090890681649,25.536570184449044,PF00622,SPRY,25.536570184449044,2026 measurement
CL0004,Concanavalin,41.06090890681649,14.392094439818118,PF00629,MAM,14.392094439818118,2026 measurement
CL0782,CL0782,25.599053828546072,25.599053828546072,PF00643,zf-B_box,25.599053828546072,2026 measurement
CL0033,CL0033,32.491583815673984,40.514804559218994,PF00651,BTB,40.514804559218994,2026 measurement
CL0066,Trefoil,35.92321202056283,38.196805541897994,PF00652,Ricin_B_lectin,38.196805541897994,2026 measurement
CL0264,SGNH_hydrolase,54.3363812310355,56.51785034603543,PF00657,Lipase_GDSL,56.51785034603543,2026 measurement
,,,16.959731719576226,PF00683,TB,16.959731719576226,2026 measurement
CL0323,CL0323,58.23729116253491,58.23729116253491,PF00698,Acyl_transf_1,58.23729116253491,2026 measurement
CL0137,HAD,36.67203203138414,36.098521359761556,PF00702,Hydrolase,36.098521359761556,2026 measurement
CL0299,Peptidase_SF,57.835466384887695,57.835466384887695,PF00717,Peptidase_S24,57.835466384887695,2026 measurement
CL0202,GBD,38.45146891966387,33.73894113333898,PF00754,F5_F8_type_C,33.73894113333898,2026 measurement
CL0547,GF_recep_C-rich,31.57696397288371,18.935767082428956,PF00757,Furin-like,18.935767082428956,2026 measurement
,,,26.045962141386795,PF00787,PX,26.045962141386795,2026 measurement
,,,40.41776989177522,PF00795,CN_hydrolase,40.41776989177522,2026 measurement
CL0159,E-set,39.30318005993802,46.74827345854331,PF00801,PKD,46.74827345854331,2026 measurement
CL0026,CU_oxidase,37.06352279668489,48.05820269333689,PF00812,Ephrin,48.05820269333689,2026 measurement
CL0375,Transporter,56.91298176266927,45.55881472081843,PF00822,PMP22_Claudin,45.55881472081843,2026 measurement
,,,113.99289648873466,PF00858,ASC,113.99289648873466,2026 measurement
CL0226,CL0226,43.485679190335,39.87394608926913,PF00878,CIMR,39.87394608926913,2026 measurement
CL0529,FMN-dep-NRtase,37.721297921805544,37.721297921805544,PF00881,Nitroreductase,37.721297921805544,2026 measurement
CL0088,Alk_phosphatase,45.54647203577954,33.02785901559661,PF00884,Sulfatase,33.02785901559661,2026 measurement
CL0062,APC,53.52314572334289,53.52314572334289,PF00916,Sulfate_transp,53.52314572334289,2026 measurement
CL0186,Beta_propeller,21.67085124951681,56.57656434377034,PF00930,DPPIV_N,56.57656434377034,2026 measurement
CL0037,Lysozyme,33.344959264069,40.986673049707335,PF00959,Phage_lysozyme,40.986673049707335,2026 measurement
CL0343,MHC,35.221248300773084,37.88119183853228,PF00969,MHC_II_beta,37.88119183853228,2026 measurement
CL0343,MHC,35.221248300773084,23.93777910099365,PF00993,MHC_II_alpha,23.93777910099365,2026 measurement
CL0762,CL0762,59.452568493865854,59.45256849386585,PF01018,GTP1_OBG,59.45256849386585,2026 measurement
CL0022,LRR,19.64065866466926,32.27185354664299,PF01030,Recep_L_domain,32.27185354664299,2026 measurement
,,,23.63613143509358,PF01033,Somatomedin_B,23.63613143509358,2026 measurement
CL0036,CL0036,47.817104032709544,45.15992583359069,PF01055,Glyco_hydro_31_2nd,45.15992583359069,2026 measurement
CL0117,uPAR_Ly6_toxin,34.73212915719407,41.09603558754434,PF01064,Activin_recp,41.09603558754434,2026 measurement
CL0612,PHM_PNGase_F,30.227696180343628,25.92535924911499,PF01082,Cu2_monooxygen,25.92535924911499,2026 measurement
CL0144,Periplas_BP,59.400154176035784,61.13138514103712,PF01094,ANF_receptor,61.13138514103712,2026 measurement
CL0521,GOLD-like,100.92140126228333,100.92140126228333,PF01105,EMP24_GP25L,100.92140126228333,2026 measurement
CL0159,E-set,39.30318005993802,36.855756669619616,PF01108,Tissue_fac,36.855756669619616,2026 measurement
CL0108,Actin_ATPase,53.90403366088867,53.90403366088867,PF01150,GDA1_CD39,53.90403366088867,2026 measurement
CL0644,Fz,53.45498884291876,134.2850799560547,PF01153,Glypican,134.2850799560547,2026 measurement
CL0103,Gal_mutarotase,47.39329832829262,56.34441859618947,PF01179,Cu_amine_oxid,56.34441859618947,2026 measurement
CL0263,His-Me_finger,42.13259963155944,42.13259963155944,PF01223,Endonuclease_NS,42.13259963155944,2026 measurement
CL0036,CL0036,47.817104032709544,56.27686309814453,PF01244,Peptidase_M19,56.27686309814453,2026 measurement
CL0721,CL0721,57.776428767613005,57.776428767613005,PF01299,Lamp2-like_luminal,57.776428767613005,2026 measurement
CL0356,AMP_N-like,47.05576038360596,42.93067741394043,PF01321,Creatinase_N,42.93067741394043,2026 measurement
CL0186,Beta_propeller,21.67085124951681,11.898000882501227,PF01344,Kelch_1,11.898000882501227,2026 measurement
CL0063,NADP_Rossmann,39.26278572618697,34.90374553594252,PF01370,Epimerase,34.90374553594252,2026 measurement
CL0960,CL0960,22.044313265744545,46.67178153991699,PF01390,SEA,46.67178153991699,2026 measurement
CL0644,Fz,53.45498884291876,45.20384554068247,PF01392,Fz,45.20384554068247,2026 measurement
CL0126,Peptidase_MA,36.71989303811342,37.62839916168406,PF01400,Astacin,37.62839916168406,2026 measurement
CL0126,Peptidase_MA,36.71989303811342,55.19932575883536,PF01401,Peptidase_M2,55.19932575883536,2026 measurement
CL0186,Beta_propeller,21.67085124951681,46.69326745880296,PF01403,Sema,46.69326745880296,2026 measurement
CL0202,GBD,38.45146891966387,41.69589103551086,PF01404,Ephrin_lbd,41.69589103551086,2026 measurement
CL0422,Fibrinogen_C,59.83428328687494,79.52175451579846,PF01410,COLFI,79.52175451579846,2026 measurement
CL0001,EGF,28.046989523881532,34.01399601634598,PF01414,DSL,34.01399601634598,2026 measurement
CL0126,Peptidase_MA,36.71989303811342,34.189276695452385,PF01421,Reprolysin,34.189276695452385,2026 measurement
CL0126,Peptidase_MA,36.71989303811342,42.423718738555905,PF01431,Peptidase_M13,42.423718738555905,2026 measurement
CL0126,Peptidase_MA,36.71989303811342,35.69483826632684,PF01433,Peptidase_M1,35.69483826632684,2026 measurement
CL0186,Beta_propeller,21.67085124951681,9.639817465432456,PF01436,NHL,9.639817465432456,2026 measurement
CL0630,PSI,24.292384766783574,27.692466571892684,PF01437,PSI,27.692466571892684,2026 measurement
,,,17.40416308407582,PF01462,LRRNT,17.40416308407582,2026 measurement
,,,20.44102692506883,PF01463,LRRCT,20.44102692506883,2026 measurement
CL0244,PGBD,25.772495084462324,25.772495084462324,PF01471,PG_binding_1,25.772495084462324,2026 measurement
CL0187,LysM,31.901580333709717,31.49947834014893,PF01476,LysM,31.49947834014893,2026 measurement
CL0202,GBD,38.45146891966387,42.78137058681912,PF01483,P_proprotein,42.78137058681912,2026 measurement
CL0229,RING,23.531313780228857,26.615895660872816,PF01485,IBR,26.615895660872816,2026 measurement
CL0192,GPCR_A,61.321635356404734,65.47999779496172,PF01534,Frizzled,65.47999779496172,2026 measurement
CL0177,PBP,42.38186464548598,41.38078019113251,PF01547,SBP_bac_1,41.38078019113251,2026 measurement
,,,67.94806834071181,PF01595,CNNM,67.94806834071181,2026 measurement
CL0063,NADP_Rossmann,39.26278572618697,40.21210193634033,PF01596,Methyltransf_3,40.21210193634033,2026 measurement
CL0036,CL0036,47.817104032709544,51.83962631225586,PF01630,Glyco_hydro_56,51.83962631225586,2026 measurement
CL0088,Alk_phosphatase,45.54647203577954,52.08149651336629,PF01663,Phosphodiest,52.08149651336629,2026 measurement
,,,74.05667243480632,PF01699,Na_Ca_ex,74.05667243480632,2026 measurement
CL0186,Beta_propeller,21.67085124951681,51.04572868347168,PF01731,Arylesterase,51.04572868347168,2026 measurement
CL0028,AB_hydrolase,52.59920164328964,39.07578418872975,PF01738,DLH,39.07578418872975,2026 measurement
CL0502,STAS,56.35005836486816,56.35005836486816,PF01740,STAS,56.35005836486816,2026 measurement
CL0353,CL0353,41.99184670405509,41.99184670405509,PF01759,NTR,41.99184670405509,2026 measurement
CL0328,CL0328,44.210308118770655,44.210308118770655,PF01794,Ferric_reduct,44.210308118770655,2026 measurement
,,,34.93192831783723,PF01821,ANATO,34.93192831783723,2026 measurement
,,,15.856580652839371,PF01822,WSC,15.856580652839371,2026 measurement
CL0293,CL0293,108.55528087486567,108.55528087486567,PF01823,MACPF,108.55528087486567,2026 measurement
CL0661,Gain,28.363798955819796,28.90255779985803,PF01825,GPS,28.90255779985803,2026 measurement
CL0819,CL0819,29.19702126991178,28.961311110155847,PF01826,TIL,28.961311110155847,2026 measurement
CL0159,E-set,39.30318005993802,30.428991255312468,PF01833,TIG,30.428991255312468,2026 measurement
CL0159,E-set,39.30318005993802,30.705935094049817,PF01835,MG2,30.705935094049817,2026 measurement
CL0186,Beta_propeller,21.67085124951681,13.665703313718575,PF01839,FG-GAP,13.665703313718575,2026 measurement
CL0023,P-loop_NTPase,49.395498104103346,37.63949902325288,PF01926,MMR_HSR1,37.63949902325288,2026 measurement
CL0159,E-set,39.30318005993802,45.81767177581787,PF02014,Reeler,45.81767177581787,2026 measurement
CL0159,E-set,39.30318005993802,40.11637862627329,PF02019,WIF,40.11637862627329,2026 measurement
CL0881,CL0881,31.450309655414124,31.450309655414124,PF02140,SUEL_Lectin,31.450309655414124,2026 measurement
,,,34.626750882253916,PF02177,APP_N,34.626750882253916,2026 measurement
,,,13.65466581640754,PF02188,GoLoco,13.65466581640754,2026 measurement
CL0186,Beta_propeller,21.67085124951681,40.530323244824416,PF02191,OLF,40.530323244824416,2026 measurement
CL0004,Concanavalin,41.06090890681649,33.07830974907809,PF02210,Laminin_G_2,33.07830974907809,2026 measurement
CL0364,Leu-IlvD,34.406701321504556,34.02404525544908,PF02225,PA,34.02404525544908,2026 measurement
CL0570,CL0570,28.707923080342724,28.707923080342724,PF02244,Propep_M14,28.707923080342724,2026 measurement
,,,27.29817535065141,PF02262,Cbl_N,27.29817535065141,2026 measurement
CL0023,P-loop_NTPase,49.395498104103346,57.222566569464554,PF02263,GBP,57.222566569464554,2026 measurement
CL0498,Nribosyltransf,43.3914988381522,43.3914988381522,PF02267,Rib_hydrolayse,43.3914988381522,2026 measurement
,,,25.79029170709434,PF02351,GDNF,25.79029170709434,2026 measurement
CL0689,CL0689,19.73081378481974,19.73081378481974,PF02412,TSP_3,19.73081378481974,2026 measurement
,,,32.2747292465952,PF02469,Fasciclin,32.2747292465952,2026 measurement
CL0110,GT-A,34.54581239323872,40.88740899462492,PF02485,Branch,40.88740899462492,2026 measurement
CL0110,GT-A,34.54581239323872,26.658595774723935,PF02709,Glyco_transf_7C,26.658595774723935,2026 measurement
CL0063,NADP_Rossmann,39.26278572618697,39.54543344179789,PF02719,Polysacc_synt_2,39.54543344179789,2026 measurement
CL0047,CuAO_N2_N3,26.752118387238067,38.291054366195254,PF02727,Cu_amine_oxidN2,38.291054366195254,2026 measurement
CL0047,CuAO_N2_N3,26.752118387238067,15.21318240828088,PF02728,Cu_amine_oxidN3,15.21318240828088,2026 measurement
CL0165,Cache,45.265474438507106,43.81056138743525,PF02743,dCache_1,43.81056138743525,2026 measurement
CL0135,CL0135,46.046028838419694,50.0035153039203,PF02752,Arrestin_C,50.0035153039203,2026 measurement
CL0220,CL0220,19.573838134150012,15.420646873591265,PF02761,Cbl_N2,15.420646873591265,2026 measurement
CL0541,CL0541,14.440437147122662,14.440437147122662,PF02762,Cbl_N3,14.440437147122662,2026 measurement
,,,35.39206384258462,PF02793,HRM,35.39206384258462,2026 measurement
CL0046,CL0046,27.33374421173006,9.926517485128354,PF02801,Ketoacyl-synt_C,9.926517485128354,2026 measurement
CL0369,GHD,27.770430530606422,25.308955049514772,PF02806,Alpha-amylase_C,25.308955049514772,2026 measurement
CL0023,P-loop_NTPase,49.395498104103346,88.94025561102424,PF02841,GBP_C,88.94025561102424,2026 measurement
CL0781,CL0781,34.058738496568466,34.058738496568466,PF02872,5_nucleotid_C,34.058738496568466,2026 measurement
,,,52.91200268349984,PF02888,CaMBD,52.91200268349984,2026 measurement
CL0974,CL0974,69.30794604988985,69.30794604988985,PF02931,Neur_chan_LBD,69.30794604988985,2026 measurement
CL0053,4H_Cytokine,43.86631444784311,43.86631444784311,PF02947,Flt3_lig,43.86631444784311,2026 measurement
CL0113,GT-B,39.69306779022893,39.833908382215,PF03016,Exostosin_GT47,39.833908382215,2026 measurement
CL0644,Fz,53.45498884291876,49.52004033868963,PF03024,Folate_rec,49.52004033868963,2026 measurement
CL0617,Peroxidase,75.7142861464928,75.7142861464928,PF03098,An_peroxidase,75.7142861464928,2026 measurement
CL0159,E-set,39.30318005993802,50.05469275750566,PF03160,Calx-beta,50.05469275750566,2026 measurement
CL0059,6_Hairpin,36.79082130018444,57.56576633453369,PF03200,Glyco_hydro_63,57.56576633453369,2026 measurement
CL0063,NADP_Rossmann,39.26278572618697,27.277922757466634,PF03435,Sacchrp_dh_NADP,27.277922757466634,2026 measurement
,,,9.306482149736723,PF03494,Beta-APP,9.306482149736723,2026 measurement
CL0612,PHM_PNGase_F,30.227696180343628,34.530033111572266,PF03712,Cu2_monoox_C,34.530033111572266,2026 measurement
CL0186,Beta_propeller,21.67085124951681,11.2372163904429,PF03736,EPTP,11.2372163904429,2026 measurement
CL0513,LCCL-domain,38.76346778869629,38.76346778869629,PF03815,LCCL,38.76346778869629,2026 measurement
CL0159,E-set,39.30318005993802,52.08526793770168,PF03921,ICAM_N,52.08526793770168,2026 measurement
CL0028,AB_hydrolase,52.59920164328964,44.30587100982666,PF04083,Abhydro_lipase,44.30587100982666,2026 measurement
CL0814,CL0814,29.13750098733341,29.13750098733341,PF04089,BRICHOS,29.13750098733341,2026 measurement
,,,24.887264755037094,PF04253,TFR_dimer,24.887264755037094,2026 measurement
CL0063,NADP_Rossmann,39.26278572618697,43.50235388014052,PF04321,RmlD_sub_bind,43.50235388014052,2026 measurement
CL0865,CL0865,40.222714415703074,41.808815710885185,PF04389,Peptidase_M28,41.808815710885185,2026 measurement
CL0229,RING,23.531313780228857,23.219407176971437,PF04564,U-box,23.219407176971437,2026 measurement
,,,25.247417736053468,PF04901,RAMP,25.247417736053468,2026 measurement
CL0105,CL0105,30.879097315387945,30.87909731538795,PF04952,AstE_AspA_hybrid,30.87909731538795,2026 measurement
CL0159,E-set,39.30318005993802,37.60098025701815,PF05345,He_PIG,37.60098025701815,2026 measurement
CL0451,FnI-like,34.112830676908786,17.196002133124697,PF05375,Pacifastin_I,17.196002133124697,2026 measurement
CL0117,uPAR_Ly6_toxin,34.73212915719407,47.30236625671387,PF05444,DUF753,47.30236625671387,2026 measurement
CL0865,CL0865,40.222714415703074,42.70853624343872,PF05450,Nicastrin,42.70853624343872,2026 measurement
CL0192,GPCR_A,61.321635356404734,62.084659576416016,PF05462,Dicty_CAR,62.084659576416016,2026 measurement
CL0056,C_Lectin,29.746108227159635,62.16109848022461,PF05473,UL45,62.16109848022461,2026 measurement
CL0159,E-set,39.30318005993802,45.770721435546875,PF05510,Sarcoglycan_2,45.770721435546875,2026 measurement
CL0126,Peptidase_MA,36.71989303811342,31.610180414639988,PF05572,Peptidase_M43,31.610180414639988,2026 measurement
CL0159,E-set,39.30318005993802,36.29308572575909,PF05587,Anth_Ig,36.29308572575909,2026 measurement
CL0877,CL0877,54.29560356429129,36.0313731323589,PF05593,RHS_repeat,36.0313731323589,2026 measurement
,,,58.46842441558838,PF05649,Peptidase_M13_N,58.46842441558838,2026 measurement
CL0023,P-loop_NTPase,49.395498104103346,39.02584134637078,PF05729,NACHT,39.02584134637078,2026 measurement
CL0004,Concanavalin,41.06090890681649,49.01997470855713,PF05735,TSP_C,49.01997470855713,2026 measurement
CL0159,E-set,39.30318005993802,32.019698576387896,PF05790,C2-set,32.019698576387896,2026 measurement
,,,34.72648783567773,PF05986,ADAMTS_spacer1,34.72648783567773,2026 measurement
CL0202,GBD,38.45146891966387,68.58972930908203,PF06201,PITH,68.58972930908203,2026 measurement
CL0001,EGF,28.046989523881532,19.474233150482178,PF06247,Plasmod_Pvs28,19.474233150482178,2026 measurement
CL0159,E-set,39.30318005993802,23.906477678654383,PF06328,Lep_receptor_Ig,23.906477678654383,2026 measurement
CL0004,Concanavalin,41.06090890681649,74.78256607055664,PF06439,3keto-disac_hyd,74.78256607055664,2026 measurement
,,,23.21012101854597,PF06535,RGM_N,23.21012101854597,2026 measurement
CL0202,GBD,38.45146891966387,76.21344089508057,PF06588,Muskelin_N,76.21344089508057,2026 measurement
CL0016,PKinase,54.43067383486503,67.95056686401367,PF06702,Fam20C,67.95056686401367,2026 measurement
CL0113,GT-B,39.69306779022893,29.960736632347107,PF06722,EryCIII-like_C,29.960736632347107,2026 measurement
CL0960,CL0960,22.044313265744545,9.325537450103884,PF06816,NOD,9.325537450103884,2026 measurement
CL0159,E-set,39.30318005993802,40.86882962269328,PF07140,IFNGR1_D2,40.86882962269328,2026 measurement
,,,72.38374786376953,PF07303,Occludin_ELL,72.38374786376953,2026 measurement
,,,49.145603784526216,PF07361,Cytochrom_B562,49.145603784526216,2026 measurement
,,,27.86887395727005,PF07452,CHRD,27.86887395727005,2026 measurement
CL0168,PAN,28.44032639879515,43.38338565826416,PF07502,MANEC,43.38338565826416,2026 measurement
CL0607,TNF_receptor,25.633068775086123,51.15109522058464,PF07562,NCD3G,51.15109522058464,2026 measurement
CL0340,PTase-anion_tr,56.89746258475564,56.89746258475564,PF07565,Band_3_cyto,56.89746258475564,2026 measurement
CL0159,E-set,39.30318005993802,50.871795654296875,PF07610,DUF1573,50.871795654296875,2026 measurement
CL0001,EGF,28.046989523881532,29.24423362769333,PF07645,EGF_CA,29.24423362769333,2026 measurement
CL0186,Beta_propeller,21.67085124951681,18.532015137339748,PF07646,Kelch_2,18.532015137339748,2026 measurement
CL0003,SAM,26.063478920372884,27.031543669489444,PF07647,SAM_2,27.031543669489444,2026 measurement
CL0005,Kazal,23.145482477154836,28.968662378508267,PF07648,Kazal_2,28.968662378508267,2026 measurement
CL0159,E-set,39.30318005993802,37.83581444432834,PF07654,C1-set,37.83581444432834,2026 measurement
CL0154,C2,44.17300686820718,44.17300686820718,PF07657,MNNL,44.17300686820718,2026 measurement
CL0159,E-set,39.30318005993802,30.188987423368488,PF07677,A2M_recep,30.188987423368488,2026 measurement
CL0059,6_Hairpin,36.79082130018444,31.581203109587467,PF07678,TED_complement,31.581203109587467,2026 measurement
CL0159,E-set,39.30318005993802,42.93974126665613,PF07679,I-set,42.93974126665613,2026 measurement
,,,19.804042049076756,PF07684,NODP,19.804042049076756,2026 measurement
CL0159,E-set,39.30318005993802,39.91048834249645,PF07686,V-set,39.91048834249645,2026 measurement
CL0015,CL0015,64.824742054381,64.824742054381,PF07690,MFS_1,64.824742054381,2026 measurement
CL0001,EGF,28.046989523881532,32.56028618615841,PF07699,Ephrin_rec_like,32.56028618615841,2026 measurement
CL0159,E-set,39.30318005993802,31.888789783859153,PF07703,A2M_BRD,31.888789783859153,2026 measurement
CL0033,CL0033,32.491583815673984,21.793956157613973,PF07707,BACK,21.793956157613973,2026 measurement
CL0016,PKinase,54.43067383486503,62.173712684994655,PF07714,PK_Tyr_Ser-Thr,62.173712684994655,2026 measurement
CL0020,TPR,20.933170225539683,23.344206960833077,PF07719,TPR_2,23.344206960833077,2026 measurement
CL0026,CU_oxidase,37.06352279668489,38.962491539869035,PF07731,Cu-oxidase_2,38.962491539869035,2026 measurement
CL0026,CU_oxidase,37.06352279668489,29.966442680373852,PF07732,Cu-oxidase_3,29.966442680373852,2026 measurement
CL0028,AB_hydrolase,52.59920164328964,39.43261818885803,PF07859,Abhydrolase_3,39.43261818885803,2026 measurement
CL0030,Ion_channel,45.46700182135369,26.095637244757945,PF07885,Ion_trans_2,26.095637244757945,2026 measurement
,,,32.14937614193339,PF07965,Integrin_B_tail,32.14937614193339,2026 measurement
CL0001,EGF,28.046989523881532,25.74496601279559,PF07974,EGF_2,25.74496601279559,2026 measurement
CL0030,Ion_channel,45.46700182135369,50.922659164269646,PF08016,PKD_channel,50.922659164269646,2026 measurement
CL0866,CL0866,22.986264376796857,22.986264376796857,PF08022,FAD_binding_8,22.986264376796857,2026 measurement
CL0091,NAD_Ferredoxin,28.793387318886015,28.94665767149086,PF08030,NAD_binding_6,28.94665767149086,2026 measurement
CL0159,E-set,39.30318005993802,54.75292935864679,PF08204,V-set_CD47,54.75292935864679,2026 measurement
CL0159,E-set,39.30318005993802,42.23829465433539,PF08205,C2-set_2,42.23829465433539,2026 measurement
CL0020,TPR,20.933170225539683,17.069883334317563,PF08238,Sel1,17.069883334317563,2026 measurement
CL0063,NADP_Rossmann,39.26278572618697,29.161371132423135,PF08241,Methyltransf_11,29.161371132423135,2026 measurement
CL0063,NADP_Rossmann,39.26278572618697,28.656728711621515,PF08242,Methyltransf_12,28.656728711621515,2026 measurement
CL0159,E-set,39.30318005993802,46.128753477757115,PF08266,Cadherin_2,46.128753477757115,2026 measurement
CL0129,Peptidase_AA,31.398146505186542,29.88872003555298,PF08284,RVP_2,29.88872003555298,2026 measurement
CL0020,TPR,20.933170225539683,15.886358080839416,PF08321,PPP5,15.886358080839416,2026 measurement
,,,18.77463125125239,PF08338,DUF1731,18.77463125125239,2026 measurement
,,,33.634823715261135,PF08399,VWA_N,33.634823715261135,2026 measurement
CL0159,E-set,39.30318005993802,25.93932391177536,PF08441,Integrin_A_Ig_1,25.93932391177536,2026 measurement
CL0186,Beta_propeller,21.67085124951681,43.82393211788602,PF08450,SGL,43.82393211788602,2026 measurement
,,,20.382075394073176,PF08515,TGF_beta_GS,20.382075394073176,2026 measurement
CL0750,CL0750,22.880354385213312,13.800545279082272,PF08516,ADAM_CR,13.800545279082272,2026 measurement
CL0172,Thioredoxin,39.25019227930494,45.14208323614938,PF08534,Redoxin,45.14208323614938,2026 measurement
CL0063,NADP_Rossmann,39.26278572618697,51.13551751726475,PF08659,KR,51.13551751726475,2026 measurement
,,,42.25614525743745,PF08674,AChE_tetra,42.25614525743745,2026 measurement
,,,26.897693724406547,PF08742,C8,26.897693724406547,2026 measurement
CL0159,E-set,39.30318005993802,50.58679389953613,PF08758,Cadherin_pro,50.58679389953613,2026 measurement
,,,28.305635770161945,PF08831,MHCassoc_trimer,28.305635770161945,2026 measurement
CL0117,uPAR_Ly6_toxin,34.73212915719407,41.580893392148226,PF08917,ecTbetaR2,41.580893392148226,2026 measurement
,,,41.51367367423598,PF09006,Surfac_D-trimer,41.51367367423598,2026 measurement
CL0001,EGF,28.046989523881532,44.353464126586914,PF09014,Sushi_2,44.353464126586914,2026 measurement
CL0001,EGF,28.046989523881532,25.227202598802567,PF09064,EGF_Tme5,25.227202598802567,2026 measurement
CL0159,E-set,39.30318005993802,33.233490421297034,PF09067,EpoR_lig-bind,33.233490421297034,2026 measurement
CL0159,E-set,39.30318005993802,52.73157081604004,PF09085,Adhes-Ig_like,52.73157081604004,2026 measurement
CL0020,TPR,20.933170225539683,28.150573128148128,PF09127,Leuk-A4-hydro_C,28.150573128148128,2026 measurement
,,,24.792542775472004,PF09177,STX6_10_61_N,24.792542775472004,2026 measurement
CL0159,E-set,39.30318005993802,27.45451483006947,PF09191,CD4-extracel,27.45451483006947,2026 measurement
CL0159,E-set,39.30318005993802,31.74065761099419,PF09238,IL4Ra_N,31.74065761099419,2026 measurement
CL0159,E-set,39.30318005993802,31.268224238544303,PF09240,IL6Ra-bind,31.268224238544303,2026 measurement
CL0607,TNF_receptor,25.633068775086123,16.326409417755748,PF09256,BaffR-Tall_bind,16.326409417755748,2026 measurement
CL0607,TNF_receptor,25.633068775086123,19.40807196299235,PF09257,BCMA-Tall_bind,19.40807196299235,2026 measurement
CL0110,GT-A,34.54581239323872,38.02623094831194,PF09258,Glyco_transf_64,38.02623094831194,2026 measurement
CL0550,SRCR,31.67242160632358,38.44098439918298,PF09272,Hepsin-SRCR,38.44098439918298,2026 measurement
CL0001,EGF,28.046989523881532,21.14635477039851,PF09289,FOLN,21.14635477039851,2026 measurement
CL0159,E-set,39.30318005993802,39.82915115356445,PF09291,DUF1968,39.82915115356445,2026 measurement
CL0159,E-set,39.30318005993802,37.123925576815246,PF09294,Interfer-bind,37.123925576815246,2026 measurement
CL0607,TNF_receptor,25.633068775086123,19.58467222662533,PF09305,TACI-CRD2,19.58467222662533,2026 measurement
CL0145,Golgi-transport,23.901661429406698,23.901661429406698,PF09325,Vps5,23.901661429406698,2026 measurement
CL0124,Peptidase_PA,45.31439166881245,54.43502365459096,PF09342,Nudel,54.43502365459096,2026 measurement
,,,20.8286634390532,PF09408,bCoV_S1_RBD,20.8286634390532,2026 measurement
CL0287,Transthyretin,45.35773909364972,72.86295827229817,PF09430,EMC7_beta-sandw,72.86295827229817,2026 measurement
CL0001,EGF,28.046989523881532,37.72711181640625,PF09443,CFC,37.72711181640625,2026 measurement
CL0129,Peptidase_AA,31.398146505186542,29.393300719883133,PF09668,Asp_protease,29.393300719883133,2026 measurement
CL0110,GT-A,34.54581239323872,40.36846137046814,PF10111,Glyco_tranf_2_2,40.36846137046814,2026 measurement
CL0268,Pec_lyase-like,59.950592041015625,57.649789810180664,PF10162,G8,57.649789810180664,2026 measurement
CL0113,GT-B,39.69306779022893,50.91629981994629,PF10250,O-FucT,50.91629981994629,2026 measurement
CL0192,GPCR_A,61.321635356404734,69.66678078969319,PF10320,7TM_GPCR_Srsx,69.66678078969319,2026 measurement
CL0192,GPCR_A,61.321635356404734,69.05219576908992,PF10323,7TM_GPCR_Srv,69.05219576908992,2026 measurement
CL0192,GPCR_A,61.321635356404734,69.14403519263634,PF10324,7TM_GPCR_Srw,69.14403519263634,2026 measurement
CL0192,GPCR_A,61.321635356404734,69.30381059646606,PF10328,7TM_GPCR_Srx,69.30381059646606,2026 measurement
,,,24.062029664154544,PF10413,Rhodopsin_N,24.062029664154544,2026 measurement
,,,30.590793442149767,PF10417,1-cysPrx_C,30.590793442149767,2026 measurement
CL0159,E-set,39.30318005993802,33.10625618344465,PF10420,IL12p40_C,33.10625618344465,2026 measurement
CL0159,E-set,39.30318005993802,45.32960367202759,PF10430,Ig_Tie2_1,45.32960367202759,2026 measurement
CL0661,Gain,28.363798955819796,33.18047539393107,PF10577,FAM171A1-2-B_N,33.18047539393107,2026 measurement
CL0220,CL0220,19.573838134150012,33.393478655397196,PF10591,SPARC_Ca_bdg,33.393478655397196,2026 measurement
CL0177,PBP,42.38186464548598,44.04777920461165,PF10613,Lig_chan-Glu_bd,44.04777920461165,2026 measurement
,,,9.702983266389309,PF11380,Stealth_CR2,9.702983266389309,2026 measurement
CL0159,E-set,39.30318005993802,50.3952500542929,PF11465,Receptor_2B4,50.3952500542929,2026 measurement
,,,24.587454591478625,PF11548,Receptor_IA-2,24.587454591478625,2026 measurement
CL0229,RING,23.531313780228857,22.878091621398926,PF11789,zf-Nse,22.878091621398926,2026 measurement
CL0159,E-set,39.30318005993802,65.74065753391811,PF11838,ERAP1_C,65.74065753391811,2026 measurement
,,,20.33696617398943,PF12109,CXCR4_N,20.33696617398943,2026 measurement
CL0028,AB_hydrolase,52.59920164328964,55.90545646817076,PF12146,Hydrolase_4,55.90545646817076,2026 measurement
CL0322,CL0322,58.84219196478643,59.0693552257348,PF12349,Sterol-sensing,59.0693552257348,2026 measurement
,,,44.40470638905301,PF12529,Xylo_C,44.40470638905301,2026 measurement
CL0159,E-set,39.30318005993802,44.51585878644671,PF12567,CD45,44.51585878644671,2026 measurement
CL0001,EGF,28.046989523881532,24.69274164718564,PF12661,hEGF,24.69274164718564,2026 measurement
CL0001,EGF,28.046989523881532,23.136979599766256,PF12662,cEGF,23.136979599766256,2026 measurement
CL0229,RING,23.531313780228857,22.134211480617523,PF12678,zf-rbx1,22.134211480617523,2026 measurement
CL0028,AB_hydrolase,52.59920164328964,53.893160787122,PF12697,Abhydrolase_6,53.893160787122,2026 measurement
CL0181,ABC-2,93.01661087463258,93.01661087463258,PF12698,ABC2_membrane_3,93.01661087463258,2026 measurement
CL0137,HAD,36.67203203138414,36.06573333740234,PF12710,HAD,36.06573333740234,2026 measurement
CL0451,FnI-like,34.112830676908786,24.598425290946818,PF12714,TILa,24.598425290946818,2026 measurement
CL0022,LRR,19.64065866466926,14.92677081569715,PF12799,LRR_4,14.92677081569715,2026 measurement
CL0020,TPR,20.933170225539683,20.888169288635257,PF12854,PPR_1,20.888169288635257,2026 measurement
CL0229,RING,23.531313780228857,25.11455943367698,PF12861,zf-ANAPC11,25.11455943367698,2026 measurement
CL0020,TPR,20.933170225539683,30.637603384625343,PF12895,ANAPC3,30.637603384625343,2026 measurement
,,,24.050898325188275,PF12924,APP_Cu_bd,24.050898325188275,2026 measurement
,,,94.54852811027976,PF12925,APP_E2,94.54852811027976,2026 measurement
CL0001,EGF,28.046989523881532,30.660479096805343,PF12946,EGF_MSP1_1,30.660479096805343,2026 measurement
CL0001,EGF,28.046989523881532,26.575811086673227,PF12947,EGF_3,26.575811086673227,2026 measurement
CL0020,TPR,20.933170225539683,21.1402104695638,PF13041,PPR_2,21.1402104695638,2026 measurement
CL0186,Beta_propeller,21.67085124951681,57.54783384005229,PF13088,BNR_2,57.54783384005229,2026 measurement
CL0172,Thioredoxin,39.25019227930494,36.67881442882396,PF13098,Thioredoxin_2,36.67881442882396,2026 measurement
,,,30.62319783612141,PF13167,GTP-bdg_N,30.62319783612141,2026 measurement
CL0020,TPR,20.933170225539683,18.07803432380452,PF13176,TPR_7,18.07803432380452,2026 measurement
CL0020,TPR,20.933170225539683,19.58752645510758,PF13181,TPR_8,19.58752645510758,2026 measurement
CL0172,Thioredoxin,39.25019227930494,36.4903826713562,PF13192,Thioredoxin_3,36.4903826713562,2026 measurement
CL0220,CL0220,19.573838134150012,11.571921825408936,PF13202,EF-hand_5,11.571921825408936,2026 measurement
CL0137,HAD,36.67203203138414,21.357415199279785,PF13242,Hydrolase_like,21.357415199279785,2026 measurement
CL0137,HAD,36.67203203138414,39.37378783847975,PF13246,Cation_ATPase,39.37378783847975,2026 measurement
CL0022,LRR,19.64065866466926,28.430356529608947,PF13306,LRR_5,28.430356529608947,2026 measurement
,,,93.42699906803604,PF13330,Mucin2_WxxW,93.42699906803604,2026 measurement
CL0124,Peptidase_PA,45.31439166881245,48.62984976476552,PF13365,Trypsin_2,48.62984976476552,2026 measurement
CL0020,TPR,20.933170225539683,24.23004630304152,PF13371,TPR_9,24.23004630304152,2026 measurement
CL0020,TPR,20.933170225539683,15.941945540905,PF13374,TPR_10,15.941945540905,2026 measurement
CL0004,Concanavalin,41.06090890681649,43.31942111313945,PF13385,Laminin_G_3,43.31942111313945,2026 measurement
CL0220,CL0220,19.573838134150012,15.0646253994533,PF13405,EF-hand_6,15.0646253994533,2026 measurement
CL0020,TPR,20.933170225539683,18.475944495478434,PF13414,TPR_11,18.475944495478434,2026 measurement
CL0177,PBP,42.38186464548598,41.69561351429332,PF13416,SBP_bac_8,41.69561351429332,2026 measurement
CL0186,Beta_propeller,21.67085124951681,39.09467363357544,PF13418,Beta-prop_TYW4,39.09467363357544,2026 measurement
CL0137,HAD,36.67203203138414,30.881117820739743,PF13419,HAD_2,30.881117820739743,2026 measurement
CL0020,TPR,20.933170225539683,25.55327429624633,PF13424,TPR_12,25.55327429624633,2026 measurement
CL0020,TPR,20.933170225539683,18.725356497358987,PF13428,TPR_14,18.725356497358987,2026 measurement
CL0020,TPR,20.933170225539683,17.714955196004784,PF13431,TPR_17,17.714955196004784,2026 measurement
CL0229,RING,23.531313780228857,33.81195812520093,PF13445,zf-RING_UBOX,33.81195812520093,2026 measurement
CL0144,Periplas_BP,59.400154176035784,45.87491226196289,PF13458,Peripla_BP_6,45.87491226196289,2026 measurement
CL0063,NADP_Rossmann,39.26278572618697,38.07218049367269,PF13460,NAD_binding_10,38.07218049367269,2026 measurement
CL0264,SGNH_hydrolase,54.3363812310355,50.40973682403565,PF13472,Lipase_GDSL_2,50.40973682403565,2026 measurement
CL0063,NADP_Rossmann,39.26278572618697,37.905883328668,PF13489,Methyltransf_23,37.905883328668,2026 measurement
CL0220,CL0220,19.573838134150012,24.97031089237758,PF13499,EF-hand_7,24.97031089237758,2026 measurement
CL0022,LRR,19.64065866466926,15.278427746675858,PF13516,LRR_6,15.278427746675858,2026 measurement
CL0186,Beta_propeller,21.67085124951681,23.152502516905468,PF13517,FG-GAP_3,23.152502516905468,2026 measurement
CL0128,vWA-like,49.95459311089533,43.636371877919075,PF13519,VWA_2,43.636371877919075,2026 measurement
CL0661,Gain,28.363798955819796,31.640954971313477,PF13553,FIIND,31.640954971313477,2026 measurement
CL0063,NADP_Rossmann,39.26278572618697,41.23418154243294,PF13561,adh_short_C2,41.23418154243294,2026 measurement
CL0126,Peptidase_MA,36.71989303811342,36.77844711980616,PF13574,Reprolysin_2,36.77844711980616,2026 measurement
CL0505,Pentapeptide,35.01249810087072,15.721493085225424,PF13576,Pentapeptide_3,15.721493085225424,2026 measurement
CL0063,NADP_Rossmann,39.26278572618697,31.024507271616084,PF13578,Methyltransf_24,31.024507271616084,2026 measurement
CL0126,Peptidase_MA,36.71989303811342,34.883783019956994,PF13582,Reprolysin_3,34.883783019956994,2026 measurement
CL0126,Peptidase_MA,36.71989303811342,36.720640644882664,PF13583,Reprolysin_4,36.720640644882664,2026 measurement
CL0505,Pentapeptide,35.01249810087072,24.74818655160757,PF13599,Pentapeptide_4,24.74818655160757,2026 measurement
CL0063,NADP_Rossmann,39.26278572618697,52.02778870990487,PF13602,ADH_zinc_N_2,52.02778870990487,2026 measurement
CL0287,Transthyretin,45.35773909364972,27.73165896388771,PF13620,CarboxypepD_reg,27.73165896388771,2026 measurement
CL0229,RING,23.531313780228857,20.63318606622205,PF13639,zf-RING_2,20.63318606622205,2026 measurement
CL0063,NADP_Rossmann,39.26278572618697,27.284609285990395,PF13649,Methyltransf_25,27.284609285990395,2026 measurement
CL0129,Peptidase_AA,31.398146505186542,25.36187109739884,PF13650,Asp_protease_2,25.36187109739884,2026 measurement
CL0126,Peptidase_MA,36.71989303811342,37.42311369988226,PF13688,Reprolysin_5,37.42311369988226,2026 measurement
CL0287,Transthyretin,45.35773909364972,40.63715807596842,PF13715,CarbopepD_reg_2,40.63715807596842,2026 measurement
CL0004,Concanavalin,41.06090890681649,22.248095455705084,PF13765,PRY,22.248095455705084,2026 measurement
CL0128,vWA-like,49.95459311089533,43.830250091552735,PF13768,VWA_3,43.830250091552735,2026 measurement
CL0103,Gal_mutarotase,47.39329832829262,32.355416278225924,PF13802,Gal_mutarotas_2,32.355416278225924,2026 measurement
CL0020,TPR,20.933170225539683,27.139295033602252,PF13812,PPR_3,27.139295033602252,2026 measurement
CL0220,CL0220,19.573838134150012,19.33473038673401,PF13833,EF-hand_8,19.33473038673401,2026 measurement
CL0113,GT-B,39.69306779022893,42.41379410729016,PF13844,Glyco_transf_41,42.41379410729016,2026 measurement
CL0063,NADP_Rossmann,39.26278572618697,33.80360820770264,PF13847,Methyltransf_31,33.80360820770264,2026 measurement
CL0022,LRR,19.64065866466926,19.31287162913484,PF13855,LRR_8,19.31287162913484,2026 measurement
CL0186,Beta_propeller,21.67085124951681,48.1679490407308,PF13859,BNR_3,48.1679490407308,2026 measurement
CL0159,E-set,39.30318005993802,29.4776708586422,PF13895,Ig_2,29.4776708586422,2026 measurement
CL0172,Thioredoxin,39.25019227930494,35.84550108228411,PF13899,Thioredoxin_7,35.84550108228411,2026 measurement
CL0375,Transporter,56.91298176266927,70.72210384059596,PF13903,Claudin_2,70.72210384059596,2026 measurement
CL0172,Thioredoxin,39.25019227930494,39.71015453338623,PF13905,Thioredoxin_8,39.71015453338623,2026 measurement
CL0229,RING,23.531313780228857,20.511548497993957,PF13920,zf-C3HC4_3,20.511548497993957,2026 measurement
CL0229,RING,23.531313780228857,24.418197596792364,PF13923,zf-C3HC4_2,24.418197596792364,2026 measurement
CL0159,E-set,39.30318005993802,41.25522334785136,PF13927,Ig_3,41.25522334785136,2026 measurement
CL0129,Peptidase_AA,31.398146505186542,26.165873427140085,PF13975,gag-asp_proteas,26.165873427140085,2026 measurement
CL0229,RING,23.531313780228857,20.821112613155417,PF14447,Prok-RING_4,20.821112613155417,2026 measurement
,,,26.538232026001324,PF14484,FISNA,26.538232026001324,2026 measurement
CL0129,Peptidase_AA,31.398146505186542,31.35557187687267,PF14541,TAXi_C,31.35557187687267,2026 measurement
CL0129,Peptidase_AA,31.398146505186542,33.97840881347656,PF14543,TAXi_N,33.97840881347656,2026 measurement
CL0020,TPR,20.933170225539683,24.49317308648212,PF14559,TPR_19,24.49317308648212,2026 measurement
CL0020,TPR,20.933170225539683,21.81632073720296,PF14561,TPR_20,21.81632073720296,2026 measurement
CL0229,RING,23.531313780228857,22.20346975326538,PF14569,zf-UDP,22.20346975326538,2026 measurement
CL0229,RING,23.531313780228857,21.961933675019637,PF14570,zf-RING_4,21.961933675019637,2026 measurement
CL0022,LRR,19.64065866466926,29.42027295154074,PF14580,LRR_9,29.42027295154074,2026 measurement
CL0343,MHC,35.221248300773084,53.55285517374674,PF14586,MHC_I_2,53.55285517374674,2026 measurement
CL0229,RING,23.531313780228857,23.442369289733687,PF14634,zf-RING_5,23.442369289733687,2026 measurement
CL0001,EGF,28.046989523881532,30.57875098321525,PF14670,FXa_inhibition,30.57875098321525,2026 measurement
CL0088,Alk_phosphatase,45.54647203577954,36.0306780929652,PF14707,Sulfatase_C,36.0306780929652,2026 measurement
CL0229,RING,23.531313780228857,23.470343589782715,PF14835,zf-RING_6,23.470343589782715,2026 measurement
CL0547,GF_recep_C-rich,31.57696397288371,52.9228039491104,PF14843,GF_recep_IV,52.9228039491104,2026 measurement
CL1015,CL1015,55.43874182367057,55.43874182367057,PF15005,IZUMO,55.43874182367057,2026 measurement
CL0186,Beta_propeller,21.67085124951681,39.43933266534548,PF15020,Beta-prop_CATSPERD,39.43933266534548,2026 measurement
CL0159,E-set,39.30318005993802,43.55877876281738,PF15028,PTCRA,43.55877876281738,2026 measurement
CL0186,Beta_propeller,21.67085124951681,48.740228647207054,PF15064,CATSPERG_beta-prop,48.740228647207054,2026 measurement
CL0159,E-set,39.30318005993802,44.067519187927246,PF15096,G6B,44.067519187927246,2026 measurement
CL0941,CL0941,75.90516572314347,75.57959880772285,PF15149,CATSPERB_C,75.57959880772285,2026 measurement
CL0229,RING,23.531313780228857,21.25864713191986,PF15227,zf-C3HC4_4,21.25864713191986,2026 measurement
CL0550,SRCR,31.67242160632358,27.98160544681894,PF15494,SRCR_2,27.98160544681894,2026 measurement
,,,37.20378913204705,PF15636,Tox-GHH,37.20378913204705,2026 measurement
,,,41.5849421289232,PF15711,ILEI,41.5849421289232,2026 measurement
CL0186,Beta_propeller,21.67085124951681,22.487652233668737,PF15899,BNR_6,22.487652233668737,2026 measurement
,,,39.021663374299536,PF15901,Sortilin_C,39.021663374299536,2026 measurement
CL0159,E-set,39.30318005993802,47.06560843331473,PF15910,V-set_2,47.06560843331473,2026 measurement
CL0547,GF_recep_C-rich,31.57696397288371,24.84005765353932,PF15913,Furin-like_2,24.84005765353932,2026 measurement
CL0159,E-set,39.30318005993802,48.604997634887695,PF16184,Cadherin_3,48.604997634887695,2026 measurement
,,,19.349337577819824,PF16188,Peptidase_M24_C,19.349337577819824,2026 measurement
CL0356,AMP_N-like,47.05576038360596,51.18084335327149,PF16189,Creatinase_N_2,51.18084335327149,2026 measurement
CL0046,CL0046,27.33374421173006,35.39280766824022,PF16197,KAsynt_C_assoc,35.39280766824022,2026 measurement
,,,56.00445046907672,PF16209,PhoLip_ATPase_N,56.00445046907672,2026 measurement
CL0137,HAD,36.67203203138414,37.586055199305214,PF16212,PhoLip_ATPase_C,37.586055199305214,2026 measurement
,,,14.47372187794143,PF16360,GTP-bdg_M,14.47372187794143,2026 measurement
CL0063,NADP_Rossmann,39.26278572618697,41.79575993464543,PF16363,GDP_Man_Dehyd,41.79575993464543,2026 measurement
CL0644,Fz,53.45498884291876,94.15186564127605,PF16414,NPC1_N,94.15186564127605,2026 measurement
CL0073,CL0073,55.31204220338533,55.31204220338533,PF16422,COE1_DBD,55.31204220338533,2026 measurement
CL0827,CL0827,29.83104044387508,29.83104044387508,PF16423,COE1_HLH,29.83104044387508,2026 measurement
CL0004,Concanavalin,41.06090890681649,62.942600886923,PF16451,bCoV_S1_N,62.942600886923,2026 measurement
CL0661,Gain,28.363798955819796,19.738641483387312,PF16489,GAIN,19.738641483387312,2026 measurement
CL0343,MHC,35.221248300773084,37.96113590253368,PF16497,MHC_I_3,37.96113590253368,2026 measurement
CL0159,E-set,39.30318005993802,50.930992078346094,PF16556,IL17R_fnIII_D1,50.930992078346094,2026 measurement
CL0159,E-set,39.30318005993802,42.179443710989744,PF16578,IL17R_fnIII_D2,42.179443710989744,2026 measurement
CL0159,E-set,39.30318005993802,46.165911523919355,PF16656,Pur_ac_phosph_N,46.165911523919355,2026 measurement
CL0159,E-set,39.30318005993802,46.1703015240756,PF16680,Ig_4,46.1703015240756,2026 measurement
CL0159,E-set,39.30318005993802,31.875685420236447,PF16681,Ig_5,31.875685420236447,2026 measurement
CL0229,RING,23.531313780228857,24.20537567138672,PF16685,zf-RING_10,24.20537567138672,2026 measurement
CL0750,CL0750,22.880354385213312,34.3981116458817,PF16698,ADAM17_MPD,34.3981116458817,2026 measurement
CL0159,E-set,39.30318005993802,43.94040187083034,PF16706,Izumo-Ig,43.94040187083034,2026 measurement
,,,130.30671164568733,PF16716,BST2,130.30671164568733,2026 measurement
,,,24.65677045751114,PF16891,STPPase_N,24.65677045751114,2026 measurement
,,,16.265095572439986,PF16920,LRRCT_2,16.265095572439986,2026 measurement
CL0117,uPAR_Ly6_toxin,34.73212915719407,46.76888275146485,PF16975,UPAR_LY6_2,46.76888275146485,2026 measurement
CL0159,E-set,39.30318005993802,76.53952693939209,PF17048,Ceramidse_alk_C,76.53952693939209,2026 measurement
CL0117,uPAR_Ly6_toxin,34.73212915719407,48.099615732828774,PF17064,QVR,48.099615732828774,2026 measurement
,,,33.81360390493926,PF17101,Stealth_CR1,33.81360390493926,2026 measurement
,,,21.169074059966164,PF17102,Stealth_CR3,21.169074059966164,2026 measurement
CL0229,RING,23.531313780228857,23.616215229034424,PF17120,zf-RING_16,23.616215229034424,2026 measurement
CL0229,RING,23.531313780228857,16.93737626720119,PF17123,zf-RING_11,16.93737626720119,2026 measurement
,,,27.32530773252429,PF17137,DUF5110,27.32530773252429,2026 measurement
CL0630,PSI,24.292384766783574,20.054177412346228,PF17205,PSI_integrin,20.054177412346228,2026 measurement
CL0159,E-set,39.30318005993802,30.251320798852625,PF17756,RET_CLD1,30.251320798852625,2026 measurement
CL0750,CL0750,22.880354385213312,24.65461240384355,PF17771,ADAMTS_CR_2,24.65461240384355,2026 measurement
,,,33.11993190234181,PF17776,NLRC4_HD2,33.11993190234181,2026 measurement
CL0123,CL0123,26.143931567951604,26.143931567951604,PF17779,WHD_NOD2,26.143931567951604,2026 measurement
CL0159,E-set,39.30318005993802,25.877005878833643,PF17789,MG4,25.877005878833643,2026 measurement
CL0159,E-set,39.30318005993802,40.58457687781609,PF17790,MG1,40.58457687781609,2026 measurement
CL0159,E-set,39.30318005993802,36.75418421835128,PF17791,MG3,36.75418421835128,2026 measurement
CL0159,E-set,39.30318005993802,42.32962231079854,PF17812,RET_CLD3,42.32962231079854,2026 measurement
CL0159,E-set,39.30318005993802,24.76594389673516,PF17813,RET_CLD4,24.76594389673516,2026 measurement
CL0669,NOG1_N,69.55464532640245,69.55464532640245,PF17835,NOG1_N,69.55464532640245,2026 measurement
CL0672,p35,32.40707711163074,32.40707711163074,PF17900,Peptidase_M1_N,32.40707711163074,2026 measurement
CL0159,E-set,39.30318005993802,23.629676785770897,PF17960,TIG_plexin,23.629676785770897,2026 measurement
CL0159,E-set,39.30318005993802,49.30244091578892,PF17963,Big_9,49.30244091578892,2026 measurement
CL0159,E-set,39.30318005993802,36.92188405373004,PF17971,LIFR_D2,36.92188405373004,2026 measurement
CL0159,E-set,39.30318005993802,40.75202940704553,PF18001,Il13Ra_Ig,40.75202940704553,2026 measurement
CL0159,E-set,39.30318005993802,25.879099383511782,PF18020,TIG_2,25.879099383511782,2026 measurement
,,,27.406796340882615,PF18026,Exog_C,27.406796340882615,2026 measurement
CL0349,SLOG,41.81280368953556,43.98751310868697,PF18139,LSDAT_euk,43.98751310868697,2026 measurement
CL0349,SLOG,41.81280368953556,39.63809427038416,PF18171,LSDAT_prok,39.63809427038416,2026 measurement
CL0159,E-set,39.30318005993802,33.98294612001284,PF18207,LIFR_N,33.98294612001284,2026 measurement
CL0364,Leu-IlvD,34.406701321504556,33.80906917935326,PF18212,ZNRF_3_ecto,33.80906917935326,2026 measurement
CL0364,Leu-IlvD,34.406701321504556,36.35050973892212,PF18266,Ncstrn_small,36.35050973892212,2026 measurement
CL0607,TNF_receptor,25.633068775086123,33.934557975609465,PF18278,RANK_CRD_2,33.934557975609465,2026 measurement
CL0001,EGF,28.046989523881532,22.681790745171604,PF18372,I-EGF_1,22.681790745171604,2026 measurement
,,,7.020941779973762,PF18411,Annexin_2,7.020941779973762,2026 measurement
CL0960,CL0960,22.044313265744545,33.35345061820949,PF18424,a_DG1_N2,33.35345061820949,2026 measurement
CL0159,E-set,39.30318005993802,49.806372029208816,PF18432,ECD,49.806372029208816,2026 measurement
CL0005,Kazal,23.145482477154836,19.455957412719727,PF18434,Kazal_3,19.455957412719727,2026 measurement
CL0159,E-set,39.30318005993802,29.900093748974484,PF18447,FN3_7,29.900093748974484,2026 measurement
CL0159,E-set,39.30318005993802,33.47622389744465,PF18452,Ig_6,33.47622389744465,2026 measurement
CL0726,CL0726,17.73996816235374,22.055780670692528,PF18459,PCSK9_C1,22.055780670692528,2026 measurement
CL0726,CL0726,17.73996816235374,20.90930212298973,PF18463,PCSK9_C3,20.90930212298973,2026 measurement
CL0726,CL0726,17.73996816235374,7.759772870387378,PF18464,PCSK9_C2,7.759772870387378,2026 measurement
CL0361,CL0361,19.612287324340578,19.612287324340578,PF18574,zf_C2HC_14,19.612287324340578,2026 measurement
,,,47.41125258634627,PF18577,ASTN_2_hairpin,47.41125258634627,2026 measurement
,,,45.355037689208984,PF18587,PLL,45.355037689208984,2026 measurement
CL0159,E-set,39.30318005993802,38.87395015463913,PF18589,ObR_Ig,38.87395015463913,2026 measurement
CL0159,E-set,39.30318005993802,33.60065292678044,PF18611,IL3Ra_N,33.60065292678044,2026 measurement
,,,20.855216780144985,PF18619,GAIN_A,20.855216780144985,2026 measurement
,,,27.517349925097445,PF18635,EpCAM_N,27.517349925097445,2026 measurement
CL0159,E-set,39.30318005993802,32.302300115592715,PF18707,IL2RB_N1,32.302300115592715,2026 measurement
CL0001,EGF,28.046989523881532,24.628687858581543,PF18720,EGF_Tenascin,24.628687858581543,2026 measurement
CL0022,LRR,19.64065866466926,12.695744216442108,PF18779,LRR_RI_capping,12.695744216442108,2026 measurement
CL0186,Beta_propeller,21.67085124951681,12.588526802403589,PF18811,DPPIV_rep,12.588526802403589,2026 measurement
CL0022,LRR,19.64065866466926,12.35523557662964,PF18831,LRR_11,12.35523557662964,2026 measurement
CL0022,LRR,19.64065866466926,12.361238420009611,PF18837,LRR_12,12.361238420009611,2026 measurement
CL0037,Lysozyme,33.344959264069,27.473735697129193,PF18896,SLT_3,27.473735697129193,2026 measurement
CL0159,E-set,39.30318005993802,44.956728299458824,PF18911,PKD_4,44.956728299458824,2026 measurement
,,,33.04399690187164,PF19018,Vanin_C,33.04399690187164,2026 measurement
CL0692,CL0692,36.82067810752304,37.49374067362115,PF19028,TSP1_spondin,37.49374067362115,2026 measurement
CL0692,CL0692,36.82067810752304,56.416167894999184,PF19030,TSP1_ADAMTS,56.416167894999184,2026 measurement
,,,34.206832836381764,PF19209,CoV_S1_C,34.206832836381764,2026 measurement
CL0750,CL0750,22.880354385213312,21.76184105989553,PF19236,ADAMTS_CR_3,21.76184105989553,2026 measurement
CL0159,E-set,39.30318005993802,45.31258561308836,PF19743,ASTN1_2_fn3,45.31258561308836,2026 measurement
CL0172,Thioredoxin,39.25019227930494,37.00217496431791,PF20207,PedC-like,37.00217496431791,2026 measurement
CL0030,Ion_channel,45.46700182135369,37.03048691813736,PF20519,Polycystin_dom,37.03048691813736,2026 measurement
CL0159,E-set,39.30318005993802,36.95263086758271,PF20805,Integrin_A_Ig_2,36.95263086758271,2026 measurement
CL0159,E-set,39.30318005993802,66.26188278198242,PF20806,Integrin_A_Ig_3,66.26188278198242,2026 measurement
CL0159,E-set,39.30318005993802,43.349042892456055,PF20989,Sarcoglycan_2_C,43.349042892456055,2026 measurement
CL0050,CL0050,69.57307925406917,69.57307925406917,PF21089,PKS_DH_N,69.57307925406917,2026 measurement
CL0202,GBD,38.45146891966387,52.08886241912842,PF21114,DDR1-2_DS-like,52.08886241912842,2026 measurement
CL0159,E-set,39.30318005993802,47.45486016706987,PF21146,ICAM1_3_5_D2,47.45486016706987,2026 measurement
CL0063,NADP_Rossmann,39.26278572618697,32.86801234884619,PF21149,FAS_pseudo-KR,32.86801234884619,2026 measurement
CL0159,E-set,39.30318005993802,24.590244000416096,PF21177,LIF-R_Ig-like,24.590244000416096,2026 measurement
CL0001,EGF,28.046989523881532,21.994907993048244,PF21195,EGF_C8A_B_C6,21.994907993048244,2026 measurement
CL0229,RING,23.531313780228857,25.98751735687256,PF21202,SLX1_C,25.98751735687256,2026 measurement
CL0214,CL0214,28.487959910306852,28.48795991030685,PF21235,UBA_ARI1,28.48795991030685,2026 measurement
,,,30.220068673616545,PF21283,EPCAM-Trop-2_C,30.220068673616545,2026 measurement
CL0001,EGF,28.046989523881532,20.31178332367805,PF21286,CFAI_FIMAC_N,20.31178332367805,2026 measurement
CL0005,Kazal,23.145482477154836,14.496044421725832,PF21287,Kazal_CFAI,14.496044421725832,2026 measurement
CL0005,Kazal,23.145482477154836,33.30051790312492,PF21288,Kazal_C6,33.30051790312492,2026 measurement
CL0750,CL0750,22.880354385213312,33.76258720696563,PF21299,ADAM10_Cys-rich,33.76258720696563,2026 measurement
CL0164,CUB,37.19532806928234,47.84796704145329,PF21308,C3_CUB2,47.84796704145329,2026 measurement
CL0164,CUB,37.19532806928234,21.251963999049032,PF21309,C5_CUB,21.251963999049032,2026 measurement
CL0005,Kazal,23.145482477154836,18.33774216969808,PF21330,Kazal_C7,18.33774216969808,2026 measurement
,,,31.80151867776508,PF21333,FST_N,31.80151867776508,2026 measurement
CL0159,E-set,39.30318005993802,40.58837390990838,PF21339,VEGFR-1-like_Ig-like,40.58837390990838,2026 measurement
CL0229,RING,23.531313780228857,21.50940558115641,PF21363,TRAF3_RING,21.50940558115641,2026 measurement
CL0369,GHD,27.770430530606422,29.52862730281475,PF21365,Glyco_hydro_31_3rd,29.52862730281475,2026 measurement
CL0164,CUB,37.19532806928234,50.433104248459415,PF21406,C3_CUB1,50.433104248459415,2026 measurement
CL0159,E-set,39.30318005993802,46.297219059303195,PF21460,IL3Rb_N,46.297219059303195,2026 measurement
CL0202,GBD,38.45146891966387,31.770325621772372,PF21471,Reelin_subrepeat-B,31.770325621772372,2026 measurement
CL0159,E-set,39.30318005993802,55.35447342221494,PF21520,ITGAX-like_Ig_3,55.35447342221494,2026 measurement
,,,38.732967109167745,PF21541,CATSPERB_1st,38.732967109167745,2026 measurement
CL0186,Beta_propeller,21.67085124951681,29.75426204451269,PF21548,CATSPERB_2nd,29.75426204451269,2026 measurement
CL0159,E-set,39.30318005993802,42.01185700832269,PF21604,CRLF2_D1,42.01185700832269,2026 measurement
CL0159,E-set,39.30318005993802,39.08234506482442,PF21605,CRLF2-like_D2,39.08234506482442,2026 measurement
CL0001,EGF,28.046989523881532,25.694231862787575,PF21700,EGF_DL_JAG,25.694231862787575,2026 measurement
CL0001,EGF,28.046989523881532,28.205420152196343,PF21795,JAG1-like_EGF2,28.205420152196343,2026 measurement
CL0159,E-set,39.30318005993802,34.304595829696865,PF22012,TSLPR_D1,34.304595829696865,2026 measurement
CL0159,E-set,39.30318005993802,51.55000114440918,PF22073,Cep192_D4,51.55000114440918,2026 measurement
CL0159,E-set,39.30318005993802,61.68057441711426,PF22074,Cep192_D5,61.68057441711426,2026 measurement
CL0229,RING,23.531313780228857,35.9439250083454,PF22191,IBR_1,35.9439250083454,2026 measurement
CL0692,CL0692,36.82067810752304,68.42887496948242,PF22195,TSP1_CFP_C,68.42887496948242,2026 measurement
CL0322,CL0322,58.84219196478643,58.615028703838064,PF22314,NPC1_MLD,58.615028703838064,2026 measurement
CL0159,E-set,39.30318005993802,46.2591609954834,PF22325,CR4_N,46.2591609954834,2026 measurement
CL0159,E-set,39.30318005993802,45.78184377230131,PF22352,K319L-like_PKD,45.78184377230131,2026 measurement
CL0059,6_Hairpin,36.79082130018444,55.0880126953125,PF22422,MGH1-like_GH,55.0880126953125,2026 measurement
CL0389,CL0389,34.599674329762465,34.599674329762465,PF22486,MATH_2,34.599674329762465,2026 measurement
,,,30.2100828746034,PF22540,RET_CRD,30.2100828746034,2026 measurement
CL0159,E-set,39.30318005993802,50.905412673950195,PF22544,HYDIN_VesB_CFA65-like_Ig,50.905412673950195,2026 measurement
CL0165,Cache,45.265474438507106,73.9661426985017,PF22572,GPR158_179_EC,73.9661426985017,2026 measurement
CL0229,RING,23.531313780228857,20.283832550048828,PF22605,IBR_2,20.283832550048828,2026 measurement
CL0202,GBD,38.45146891966387,31.304724192619325,PF22633,F5_F8_type_C_2,31.304724192619325,2026 measurement
CL0159,E-set,39.30318005993802,41.08893669509267,PF22705,C2-set_3,41.08893669509267,2026 measurement
,,,15.684743765518794,PF22830,CATSPERB_head,15.684743765518794,2026 measurement
CL0159,E-set,39.30318005993802,47.818465149333335,PF22831,CATSPERB_Ig-like,47.818465149333335,2026 measurement
,,,40.032996816446584,PF22840,CATSPERG_NTD,40.032996816446584,2026 measurement
,,,34.00249358726644,PF22841,CATSPERE_NTD1,34.00249358726644,2026 measurement
,,,33.46743315198226,PF22843,CATSPERE_NTD2,33.46743315198226,2026 measurement
CL0186,Beta_propeller,21.67085124951681,44.000180514636654,PF22844,Beta-prop_CATSPERE,44.000180514636654,2026 measurement
CL0941,CL0941,75.90516572314347,73.75450396241445,PF22846,CATSPERG_C,73.75450396241445,2026 measurement
CL0159,E-set,39.30318005993802,33.18044978288748,PF22849,CATSPERE_Ig-like,33.18044978288748,2026 measurement
CL0941,CL0941,75.90516572314347,77.14328006121829,PF22850,CATSPERD-E_C,77.14328006121829,2026 measurement
CL0159,E-set,39.30318005993802,56.96208950889851,PF22851,CATSPERG_Ig-like,56.96208950889851,2026 measurement
CL0159,E-set,39.30318005993802,34.017846782733045,PF22854,VEGFR1-3_N_Ig-like,34.017846782733045,2026 measurement
CL0003,SAM,26.063478920372884,25.113725662231445,PF22931,SAM_TNK,25.113725662231445,2026 measurement
CL0020,TPR,20.933170225539683,40.00273132324219,PF22956,PIK3R4-like_middle,40.00273132324219,2026 measurement
CL0159,E-set,39.30318005993802,37.8355639577369,PF22971,Ig_VEGFR-1-like_5th,37.8355639577369,2026 measurement
CL0003,SAM,26.063478920372884,21.375349521636963,PF22993,SAM_EPH,21.375349521636963,2026 measurement
CL0202,GBD,38.45146891966387,35.43633107821405,PF23031,GBD_ELAPOR1,35.43633107821405,2026 measurement
CL0202,GBD,38.45146891966387,49.11894162495931,PF23032,GBD_ELAPOR1-like_3rd,49.11894162495931,2026 measurement
CL0226,CL0226,43.485679190335,47.69936780824517,PF23087,MRH_ELAPOR1_9th,47.69936780824517,2026 measurement
,,,38.68188150617002,PF23089,ELAPOR1_C,38.68188150617002,2026 measurement
,,,21.865623756206105,PF23091,TNFR_ELAPOR1_6th,21.865623756206105,2026 measurement
CL0001,EGF,28.046989523881532,21.733702959310868,PF23105,EGF_integrin,21.733702959310868,2026 measurement
CL0001,EGF,28.046989523881532,20.635876488941875,PF23106,EGF_Teneurin,20.635876488941875,2026 measurement
CL0159,E-set,39.30318005993802,44.08154682830816,PF23144,Fn3_PTPRU,44.08154682830816,2026 measurement
CL0287,Transthyretin,45.35773909364972,47.26456832885742,PF23192,NOMO_12th,47.26456832885742,2026 measurement
CL0020,TPR,20.933170225539683,34.977463032540996,PF23233,HAT_Syf1_CNRKL1_N,34.977463032540996,2026 measurement
CL0020,TPR,20.933170225539683,23.556227525075276,PF23240,HAT_PRP39_N,23.556227525075276,2026 measurement
CL0020,TPR,20.933170225539683,21.962728945414224,PF23241,HAT_PRP39_C,21.962728945414224,2026 measurement
CL0451,FnI-like,34.112830676908786,28.545410095143986,PF23244,VWF,28.545410095143986,2026 measurement
CL0001,EGF,28.046989523881532,23.65735778530955,PF23301,EGF_PEAR1L,23.65735778530955,2026 measurement
CL0451,FnI-like,34.112830676908786,33.26223595937093,PF23333,VWC2L_1st,33.26223595937093,2026 measurement
CL0451,FnI-like,34.112830676908786,49.16900873184204,PF23334,VWC2L_2nd,49.16900873184204,2026 measurement
CL0159,E-set,39.30318005993802,65.54401830111559,PF23344,ZP-N,65.54401830111559,2026 measurement
CL0159,E-set,39.30318005993802,45.09699696507947,PF23376,Fn3_VIN3,45.09699696507947,2026 measurement
CL0186,Beta_propeller,21.67085124951681,37.3870735168457,PF23381,Beta-prop_IFT122_1st,37.3870735168457,2026 measurement
CL0229,RING,23.531313780228857,22.027767658233643,PF23412,zf_RING_Vps8,22.027767658233643,2026 measurement
CL0063,NADP_Rossmann,39.26278572618697,43.158894101778664,PF23441,SDR,43.158894101778664,2026 measurement
CL0187,LysM,31.901580333709717,32.30368232727051,PF23473,LysM3_LYK4_5,32.30368232727051,2026 measurement
CL0104,CL0104,35.83032244851205,35.83032244851205,PF23538,Teneurin_ABD,35.83032244851205,2026 measurement
CL0229,RING,23.531313780228857,21.845821653093612,PF23555,zf-RING_Vps41,21.845821653093612,2026 measurement
CL0159,E-set,39.30318005993802,58.85125398635864,PF23592,Cadherin_CELSR2_9th,58.85125398635864,2026 measurement
CL0159,E-set,39.30318005993802,52.26424580812454,PF23643,TRAPPC13_C,52.26424580812454,2026 measurement
CL0159,E-set,39.30318005993802,37.27317548419772,PF23736,Ig_ZP2,37.27317548419772,2026 measurement
CL0159,E-set,39.30318005993802,30.420903808286138,PF23738,Ig_ZP2_N,30.420903808286138,2026 measurement
CL0159,E-set,39.30318005993802,29.902631850432066,PF23740,Ig_ZP2_3rd,29.902631850432066,2026 measurement
CL0159,E-set,39.30318005993802,29.363423451645147,PF23747,Ig-like_CATSPERD,29.363423451645147,2026 measurement
CL0186,Beta_propeller,21.67085124951681,41.49151802062988,PF23775,Beta-prop_RIG_2nd,41.49151802062988,2026 measurement
CL0505,Pentapeptide,35.01249810087072,42.664860708365,PF23894,LD_SV2,42.664860708365,2026 measurement
CL0159,E-set,39.30318005993802,33.56750449636823,PF24031,FN3_IL27B_N,33.56750449636823,2026 measurement
CL0159,E-set,39.30318005993802,51.17402666265314,PF24329,FN-plug_TEN1-4,51.17402666265314,2026 measurement
CL0001,EGF,28.046989523881532,35.22982174310929,PF24468,EGF_LRP2,35.22982174310929,2026 measurement
CL0630,PSI,24.292384766783574,24.668316217366765,PF24479,PSI_PlexinA-B,24.668316217366765,2026 measurement
CL0159,E-set,39.30318005993802,38.606060259926615,PF24518,Ig_CD22,38.606060259926615,2026 measurement
CL0066,Trefoil,35.92321202056283,30.945885663045324,PF24562,CysR_MRC2_N,30.945885663045324,2026 measurement
CL0268,Pec_lyase-like,59.950592041015625,62.251394271850586,PF24606,CEMIP_beta-hel,62.251394271850586,2026 measurement
CL0865,CL0865,40.222714415703074,32.704181473372344,PF24827,AstE_AspA_cat,32.704181473372344,2026 measurement
CL0229,RING,23.531313780228857,20.267851698888492,PF24921,RING_XB3-XBAT31,20.267851698888492,2026 measurement
CL0001,EGF,28.046989523881532,30.254905540308975,PF24973,EGF_LMN_ATRN,30.254905540308975,2026 measurement
CL0287,Transthyretin,45.35773909364972,42.5122236772017,PF25020,TTR_TEN1-4,42.5122236772017,2026 measurement
CL0186,Beta_propeller,21.67085124951681,60.70117759483773,PF25021,TEN_NHL,60.70117759483773,2026 measurement
CL0451,FnI-like,34.112830676908786,37.581819870892694,PF25028,FnI_RECK,37.581819870892694,2026 measurement
CL0020,TPR,20.933170225539683,28.029397392272948,PF25058,ARM_TT21,28.029397392272948,2026 measurement
CL0159,E-set,39.30318005993802,45.013130245786726,PF25059,FN3_DSCAM-DSCAML_C,45.013130245786726,2026 measurement
CL0020,TPR,20.933170225539683,42.794240951538086,PF25060,ARM_TT21_2nd,42.794240951538086,2026 measurement
CL0020,TPR,20.933170225539683,37.47411870956421,PF25062,ARM_TT21_N,37.47411870956421,2026 measurement
CL0020,TPR,20.933170225539683,30.137690570218066,PF25064,ARM_TT21_5th,30.137690570218066,2026 measurement
CL0117,uPAR_Ly6_toxin,34.73212915719407,38.01300151531513,PF25152,CD59,38.01300151531513,2026 measurement
CL0186,Beta_propeller,21.67085124951681,37.3386287689209,PF25171,Beta-prop_WDR36-Utp21_1st,37.3386287689209,2026 measurement
CL0186,Beta_propeller,21.67085124951681,33.87192153930664,PF25173,Beta-prop_WDR3_1st,33.87192153930664,2026 measurement
CL0186,Beta_propeller,21.67085124951681,36.74974632263184,PF25175,Beta-prop_WDR5,36.74974632263184,2026 measurement
CL0159,E-set,39.30318005993802,48.59707768758138,PF25305,Ig_PDGFR_d4,48.59707768758138,2026 measurement
CL0159,E-set,39.30318005993802,47.845355336259054,PF25374,Cadherin_FAT4_N,47.845355336259054,2026 measurement
CL0229,RING,23.531313780228857,23.961660194396973,PF25447,RING_ZNF598,23.961660194396973,2026 measurement
CL0229,RING,23.531313780228857,22.39199988047282,PF25454,zf-C3HC4_IRF-2BP1_2,22.39199988047282,2026 measurement
CL0159,E-set,39.30318005993802,48.812764167785645,PF25456,Ig_PVRIG,48.812764167785645,2026 measurement
CL0001,EGF,28.046989523881532,31.00973510685874,PF25478,EGF_Mua-3,31.00973510685874,2026 measurement
CL0159,E-set,39.30318005993802,54.19442109220552,PF25511,Ig_CNNM4_N,54.19442109220552,2026 measurement
CL0159,E-set,39.30318005993802,48.2365779876709,PF25519,ILCR1_N,48.2365779876709,2026 measurement
CL0159,E-set,39.30318005993802,49.30034192403158,PF25523,Ig_RIMBP2,49.30034192403158,2026 measurement
CL0159,E-set,39.30318005993802,36.73971862984256,PF25552,LIFR_D4,36.73971862984256,2026 measurement
CL0220,CL0220,19.573838134150012,25.80205774307251,PF25578,EF-hand_STIM1,25.80205774307251,2026 measurement
CL0001,EGF,28.046989523881532,30.788873802073372,PF25599,Ephrin_CRD,30.788873802073372,2026 measurement
CL0159,E-set,39.30318005993802,48.82593250274658,PF25609,Unc5_NetrinR_N,48.82593250274658,2026 measurement
CL0159,E-set,39.30318005993802,38.56879957698928,PF25788,Ig_Rha78A_N,38.56879957698928,2026 measurement
CL0004,Concanavalin,41.06090890681649,55.926087299982704,PF25900,PAPPA,55.926087299982704,2026 measurement
CL0819,CL0819,29.19702126991178,29.64352069147588,PF25962,TIL_OTOGL_Mucin,29.64352069147588,2026 measurement
CL0229,RING,23.531313780228857,31.043625831604004,PF26200,Rcat_RNF216,31.043625831604004,2026 measurement
CL0003,SAM,26.063478920372884,26.031044006347656,PF26701,SAM_ARHGAP18_N,26.031044006347656,2026 measurement
CL0070,CL0070,66.56825862975452,66.56825862975452,PF26955,ACT_13,66.56825862975452,2026 measurement
CL0172,Thioredoxin,39.25019227930494,42.047237396240234,PF26959,Thioredoxin-like_N,42.047237396240234,2026 measurement
CL0001,EGF,28.046989523881532,33.43965435028076,PF27506,EGF_ATRAID_C,33.43965435028076,2026 measurement
CL0159,E-set,39.30318005993802,46.00263023376465,PF28033,Fn3_ROS1,46.00263023376465,2026 measurement
CL0159,E-set,39.30318005993802,49.01727981567383,PF28354,Ig_SEMA-3_4_7A,49.01727981567383,2026 measurement
CL0159,E-set,39.30318005993802,55.0670445090846,PF28393,Ig_Cad99C_N,55.0670445090846,2026 measurement
CL0159,E-set,39.30318005993802,58.7118782043457,PF28399,Ig_CLSTN,58.7118782043457,2026 measurement
CL0001,EGF,28.046989523881532,34.315239906311035,PF29136,SPE9_EGF_3rd,34.315239906311035,2026 measurement
CL0001,EGF,28.046989523881532,37.400288581848145,PF29137,SPE9_EGF_4th,37.400288581848145,2026 measurement
CL0004,Concanavalin,41.06090890681649,44.43518218994141,PF29322,ConA_2nd_BAM2,44.43518218994141,2026 measurement
CL0001,EGF,28.046989523881532,31.660042762756348,PF30144,Gigasin_N,31.660042762756348,2026 measurement
CL0020,TPR,20.933170225539683,20.809431330120237,PF30154,TPR_YpiA,20.809431330120237,2026 measurement
CL0124,Peptidase_PA,45.31439166881245,55.81255292892456,PF30586,LYSC_C,55.81255292892456,2026 measurement
CL0165,Cache,45.265474438507106,26.754705221756645,PF30670,CACHD1_middle,26.754705221756645,2026 measurement
CL0003,SAM,26.063478920372884,27.97730255126953,PF30784,SAM_7,27.97730255126953,2026 measurement
CL0129,Peptidase_AA,31.398146505186542,26.44728146659003,PF30863,PRO_PEG10-RTL1,26.44728146659003,2026 measurement
CL0159,E-set,39.30318005993802,42.37293338775635,PF31255,Fn3_PBP1,42.37293338775635,2026 measurement
CL0023,P-loop_NTPase,49.395498104103346,,PF00004,AAA,49.395498104103346,clan average
CL0023,P-loop_NTPase,49.395498104103346,,PF00006,ATP-synt_ab,49.395498104103346,clan average
CL0023,P-loop_NTPase,49.395498104103346,,PF00009,GTP_EFTU,49.395498104103346,clan average
CL0827,CL0827,29.83104044387508,,PF00010,HLH,29.83104044387508,clan average
CL0108,Actin_ATPase,53.90403366088867,,PF00012,HSP70,53.90403366088867,clan average
CL0036,CL0036,47.817104032709544,,PF00016,RuBisCO_large,47.817104032709544,clan average
CL0541,CL0541,14.440437147122662,,PF00017,SH2,14.440437147122662,clan average
CL0108,Actin_ATPase,53.90403366088867,,PF00022,Actin,53.90403366088867,clan average
CL0023,P-loop_NTPase,49.395498104103346,,PF00025,Arf,49.395498104103346,clan average
CL0375,Transporter,56.91298176266927,,PF00029,Connexin,56.91298176266927,clan average
CL0328,CL0328,44.210308118770655,,PF00033,Cytochrome_B,44.210308118770655,clan average
CL0063,NADP_Rossmann,39.26278572618697,,PF00044,Gp_dh_N,39.26278572618697,clan average
CL0123,CL0123,26.143931567951604,,PF00046,Homeodomain,26.143931567951604,clan average
CL0063,NADP_Rossmann,39.26278572618697,,PF00056,Ldh_1_N,39.26278572618697,clan average
CL0186,Beta_propeller,21.67085124951681,,PF00064,Neur,21.67085124951681,clan average
CL0063,NADP_Rossmann,39.26278572618697,,PF00070,Pyr_redox,39.26278572618697,clan average
CL0023,P-loop_NTPase,49.395498104103346,,PF00071,Ras,49.395498104103346,clan average
CL0015,CL0015,64.824742054381,,PF00083,Sugar_tr,64.824742054381,clan average
CL0063,NADP_Rossmann,39.26278572618697,,PF00091,Tubulin,39.26278572618697,clan average
CL0361,CL0361,19.612287324340578,,PF00096,zf-C2H2,19.612287324340578,clan average
CL0053,4H_Cytokine,43.86631444784311,,PF00103,Hormone_1,43.86631444784311,clan average
CL0036,CL0036,47.817104032709544,,PF00113,Enolase_C,47.817104032709544,clan average
CL0026,CU_oxidase,37.06352279668489,,PF00116,COX2,37.06352279668489,clan average
CL0036,CL0036,47.817104032709544,,PF00121,TIM,47.817104032709544,clan average
CL0123,CL0123,26.143931567951604,,PF00126,HTH_1,26.143931567951604,clan average
CL0026,CU_oxidase,37.06352279668489,,PF00127,Copper-bind,37.06352279668489,clan average
CL0036,CL0036,47.817104032709544,,PF00128,Alpha-amylase,47.817104032709544,clan average
CL0229,RING,23.531313780228857,,PF00130,C1_1,23.531313780228857,clan average
CL0004,Concanavalin,41.06090890681649,,PF00139,Lectin_legB,41.06090890681649,clan average
CL0617,Peroxidase,75.7142861464928,,PF00141,peroxidase,75.7142861464928,clan average
CL0023,P-loop_NTPase,49.395498104103346,,PF00142,Fer4_NifH,49.395498104103346,clan average
CL0053,4H_Cytokine,43.86631444784311,,PF00143,Interferon,43.86631444784311,clan average
CL0063,NADP_Rossmann,39.26278572618697,,PF00145,DNA_methylase,39.26278572618697,clan average
CL0036,CL0036,47.817104032709544,,PF00150,Cellulase,47.817104032709544,clan average
CL0028,AB_hydrolase,52.59920164328964,,PF00151,Lipase,52.59920164328964,clan average
CL0023,P-loop_NTPase,49.395498104103346,,PF00154,RecA_N,49.395498104103346,clan average
CL0123,CL0123,26.143931567951604,,PF00157,Pou,26.143931567951604,clan average
CL0023,P-loop_NTPase,49.395498104103346,,PF00158,Sigma54_activat,49.395498104103346,clan average
CL0123,CL0123,26.143931567951604,,PF00165,HTH_AraC,26.143931567951604,clan average
CL0066,Trefoil,35.92321202056283,,PF00167,FGF,35.92321202056283,clan average
CL0154,C2,44.17300686820718,,PF00168,C2,44.17300686820718,clan average
CL0023,P-loop_NTPase,49.395498104103346,,PF00176,SNF2-rel_dom,49.395498104103346,clan average
CL0123,CL0123,26.143931567951604,,PF00178,Ets,26.143931567951604,clan average
CL0037,Lysozyme,33.344959264069,,PF00182,Glyco_hydro_19,33.344959264069,clan average
CL0063,NADP_Rossmann,39.26278572618697,,PF00185,OTCace,39.26278572618697,clan average
CL0046,CL0046,27.33374421173006,,PF00195,Chal_sti_synt_N,27.33374421173006,clan average
CL0123,CL0123,26.143931567951604,,PF00196,GerE,26.143931567951604,clan average
CL0066,Trefoil,35.92321202056283,,PF00197,Kunitz_legume,35.92321202056283,clan average
CL0113,GT-B,39.69306779022893,,PF00201,UDPGT,39.69306779022893,clan average
CL0063,NADP_Rossmann,39.26278572618697,,PF00205,TPP_enzyme_M,39.26278572618697,clan average
CL0063,NADP_Rossmann,39.26278572618697,,PF00208,ELFV_dehydrog,39.26278572618697,clan average
CL0062,APC,53.52314572334289,,PF00209,SNF,53.52314572334289,clan average
CL0036,CL0036,47.817104032709544,,PF00215,OMPdecase,47.817104032709544,clan average
CL0036,CL0036,47.817104032709544,,PF00218,IGPS,47.817104032709544,clan average
CL0036,CL0036,47.817104032709544,,PF00224,PK,47.817104032709544,clan average
CL0023,P-loop_NTPase,49.395498104103346,,PF00225,Kinesin,49.395498104103346,clan average
CL0036,CL0036,47.817104032709544,,PF00248,Aldo_ket_red,47.817104032709544,clan average
CL0123,CL0123,26.143931567951604,,PF00249,Myb_DNA-binding,26.143931567951604,clan average
CL0123,CL0123,26.143931567951604,,PF00250,Forkhead,26.143931567951604,clan average
CL0172,Thioredoxin,39.25019227930494,,PF00255,GSHPx,39.25019227930494,clan average
CL0023,P-loop_NTPase,49.395498104103346,,PF00265,TK,49.395498104103346,clan average
CL0023,P-loop_NTPase,49.395498104103346,,PF00270,DEAD,49.395498104103346,clan average
CL0023,P-loop_NTPase,49.395498104103346,,PF00271,Helicase_C,49.395498104103346,clan average
CL0036,CL0036,47.817104032709544,,PF00274,Glycolytic,47.817104032709544,clan average
CL0866,CL0866,22.986264376796857,,PF00278,Orn_DAP_Arg_deC,22.986264376796857,clan average
CL0063,NADP_Rossmann,39.26278572618697,,PF00289,Biotin_carb_N,39.26278572618697,clan average
CL0036,CL0036,47.817104032709544,,PF00290,Trp_syntA,47.817104032709544,clan average
CL0063,NADP_Rossmann,39.26278572618697,,PF00291,PALP,39.26278572618697,clan average
CL0268,Pec_lyase-like,59.950592041015625,,PF00295,Glyco_hydro_28,59.950592041015625,clan average
CL0036,CL0036,47.817104032709544,,PF00296,Bac_luciferase,47.817104032709544,clan average
CL0071,His_phosphatase,39.90151269095285,,PF00300,His_Phos_1,39.90151269095285,clan average
CL0023,P-loop_NTPase,49.395498104103346,,PF00308,Bac_DnaA,49.395498104103346,clan average
CL0062,APC,53.52314572334289,,PF00324,AA_permease,53.52314572334289,clan average
CL0123,CL0123,26.143931567951604,,PF00325,Crp,26.143931567951604,clan average
CL0036,CL0036,47.817104032709544,,PF00331,Glyco_hydro_10,47.817104032709544,clan average
CL0036,CL0036,47.817104032709544,,PF00332,Glyco_hydro_17,47.817104032709544,clan average
CL0004,Concanavalin,41.06090890681649,,PF00337,Gal-bind_lectin,41.06090890681649,clan average
CL0066,Trefoil,35.92321202056283,,PF00340,IL1,35.92321202056283,clan average
CL0159,E-set,39.30318005993802,,PF00345,PapD_N,39.30318005993802,clan average
CL0108,Actin_ATPase,53.90403366088867,,PF00349,Hexokinase_1,53.90403366088867,clan average
CL0023,P-loop_NTPase,49.395498104103346,,PF00350,Dynamin_N,49.395498104103346,clan average
CL0123,CL0123,26.143931567951604,,PF00356,LacI,26.143931567951604,clan average
CL0105,CL0105,30.879097315387945,,PF00358,PTS_EIIA_1,30.879097315387945,clan average
CL0340,PTase-anion_tr,56.89746258475564,,PF00359,PTS_EIIA_2,56.89746258475564,clan average
CL0105,CL0105,30.879097315387945,,PF00364,Biotin_lipoyl,30.879097315387945,clan average
CL0108,Actin_ATPase,53.90403366088867,,PF00370,FGGY_N,53.90403366088867,clan average
CL0123,CL0123,26.143931567951604,,PF00376,MerR,26.143931567951604,clan average
CL0100,C1q_TNF,28.56269966287816,,PF00386,C1q,28.56269966287816,clan average
CL0036,CL0036,47.817104032709544,,PF00387,PI-PLC-Y,47.817104032709544,clan average
CL0036,CL0036,47.817104032709544,,PF00388,PI-PLC-X,47.817104032709544,clan average
CL0063,NADP_Rossmann,39.26278572618697,,PF00389,2-Hacid_dh,39.26278572618697,clan average
CL0364,Leu-IlvD,34.406701321504556,,PF00391,PEP-utilizers,34.406701321504556,clan average
CL0123,CL0123,26.143931567951604,,PF00392,GntR,26.143931567951604,clan average
CL0063,NADP_Rossmann,39.26278572618697,,PF00398,RrnaAD,39.26278572618697,clan average
CL0220,CL0220,19.573838134150012,,PF00404,Dockerin_1,19.573838134150012,clan average
CL0023,P-loop_NTPase,49.395498104103346,,PF00406,ADK,49.395498104103346,clan average
CL0186,Beta_propeller,21.67085124951681,,PF00415,RCC1,21.67085124951681,clan average
CL0004,Concanavalin,41.06090890681649,,PF00426,VP4_haemagglut,41.06090890681649,clan average
CL0059,6_Hairpin,36.79082130018444,,PF00432,Prenyltrans,36.79082130018444,clan average
CL0123,CL0123,26.143931567951604,,PF00440,TetR_N,26.143931567951604,clan average
CL0123,CL0123,26.143931567951604,,PF00447,HSF_DNA-bind,26.143931567951604,clan average
CL0023,P-loop_NTPase,49.395498104103346,,PF00448,SRP54,49.395498104103346,clan average
CL0036,CL0036,47.817104032709544,,PF00449,Urease_alpha,47.817104032709544,clan average
CL0028,AB_hydrolase,52.59920164328964,,PF00450,Peptidase_S10,52.59920164328964,clan average
CL0016,PKinase,54.43067383486503,,PF00454,PI3_PI4_kinase,54.43067383486503,clan average
CL0063,NADP_Rossmann,39.26278572618697,,PF00455,DeoRC,39.26278572618697,clan average
CL0004,Concanavalin,41.06090890681649,,PF00457,Glyco_hydro_11,41.06090890681649,clan average
CL0036,CL0036,47.817104032709544,,PF00463,ICL,47.817104032709544,clan average
CL0062,APC,53.52314572334289,,PF00474,SSF,53.52314572334289,clan average
CL0036,CL0036,47.817104032709544,,PF00478,IMPDH,47.817104032709544,clan average
CL0063,NADP_Rossmann,39.26278572618697,,PF00479,G6PD_N,39.26278572618697,clan average
CL0108,Actin_ATPase,53.90403366088867,,PF00480,ROK,53.90403366088867,clan average
CL0110,GT-A,34.54581239323872,,PF00483,NTP_transferase,34.54581239323872,clan average
CL0023,P-loop_NTPase,49.395498104103346,,PF00485,PRK,49.395498104103346,clan average
CL0123,CL0123,26.143931567951604,,PF00486,Trans_reg_C,26.143931567951604,clan average
CL0023,P-loop_NTPase,49.395498104103346,,PF00488,MutS_V,49.395498104103346,clan average
CL0053,4H_Cytokine,43.86631444784311,,PF00489,IL6,43.86631444784311,clan average
CL0036,CL0036,47.817104032709544,,PF00490,ALAD,47.817104032709544,clan average
CL0023,P-loop_NTPase,49.395498104103346,,PF00493,MCM,49.395498104103346,clan average
CL0177,PBP,42.38186464548598,,PF00496,SBP_bac_5,42.38186464548598,clan average
CL0023,P-loop_NTPase,49.395498104103346,,PF00503,G-alpha,49.395498104103346,clan average
CL0020,TPR,20.933170225539683,,PF00514,Arm,20.933170225539683,clan average
CL0023,P-loop_NTPase,49.395498104103346,,PF00519,PPV_E1_C,49.395498104103346,clan average
CL0030,Ion_channel,45.46700182135369,,PF00520,Ion_trans,45.46700182135369,clan average
CL0144,Periplas_BP,59.400154176035784,,PF00532,Peripla_BP_1,59.400154176035784,clan average
CL0113,GT-B,39.69306779022893,,PF00534,Glycos_transf_1,39.69306779022893,clan average
CL0123,CL0123,26.143931567951604,,PF00538,Linker_histone,26.143931567951604,clan average
CL0124,Peptidase_PA,45.31439166881245,,PF00548,Peptidase_C3,45.31439166881245,clan average
CL0073,CL0073,55.31204220338533,,PF00554,RHD_DNA_bind,55.31204220338533,clan average
CL0022,LRR,19.64065866466926,,PF00560,LRR_1,19.64065866466926,clan average
CL0229,RING,23.531313780228857,,PF00569,ZZ,23.531313780228857,clan average
CL0287,Transthyretin,45.35773909364972,,PF00576,Transthyretin,45.35773909364972,clan average
CL0023,P-loop_NTPase,49.395498104103346,,PF00580,UvrD-helicase,49.395498104103346,clan average
CL0070,CL0070,66.56825862975452,,PF00585,Thr_dehydrat_C,66.56825862975452,clan average
CL0123,CL0123,26.143931567951604,,PF00605,IRF,26.143931567951604,clan average
CL0123,CL0123,26.143931567951604,,PF00610,DEP,26.143931567951604,clan average
CL0145,Golgi-transport,23.901661429406698,,PF00611,FCH,23.901661429406698,clan average
CL0220,CL0220,19.573838134150012,,PF00612,IQ,19.573838134150012,clan average
CL0023,P-loop_NTPase,49.395498104103346,,PF00625,Guanylate_kin,49.395498104103346,clan average
CL0214,CL0214,28.487959910306852,,PF00627,UBA,28.487959910306852,clan average
CL0229,RING,23.531313780228857,,PF00628,PHD,23.531313780228857,clan average
CL0159,E-set,39.30318005993802,,PF00630,Filamin,39.30318005993802,clan average
CL0159,E-set,39.30318005993802,,PF00635,Motile_Sperm,39.30318005993802,clan average
CL0020,TPR,20.933170225539683,,PF00637,Clathrin,20.933170225539683,clan average
CL0063,NADP_Rossmann,39.26278572618697,,PF00670,AdoHcyase_NAD,39.26278572618697,clan average
CL0123,CL0123,26.143931567951604,,PF00674,DUP,26.143931567951604,clan average
CL0866,CL0866,22.986264376796857,,PF00677,Lum_binding,22.986264376796857,clan average
CL0036,CL0036,47.817104032709544,,PF00682,HMGL-like,47.817104032709544,clan average
CL0023,P-loop_NTPase,49.395498104103346,,PF00685,Sulfotransfer_1,49.395498104103346,clan average
CL0369,GHD,27.770430530606422,,PF00686,CBM_20,27.770430530606422,clan average
CL0023,P-loop_NTPase,49.395498104103346,,PF00693,Herpes_TK,49.395498104103346,clan average
CL0364,Leu-IlvD,34.406701321504556,,PF00694,Aconitase_C,34.406701321504556,clan average
CL0036,CL0036,47.817104032709544,,PF00697,PRAI,47.817104032709544,clan average
CL0036,CL0036,47.817104032709544,,PF00701,DHDPS,47.817104032709544,clan average
CL0159,E-set,39.30318005993802,,PF00703,Glyco_hydro_2,39.30318005993802,clan average
CL0036,CL0036,47.817104032709544,,PF00704,Glyco_hydro_18,47.817104032709544,clan average
CL0053,4H_Cytokine,43.86631444784311,,PF00714,IFN-gamma,43.86631444784311,clan average
CL0053,4H_Cytokine,43.86631444784311,,PF00715,IL2,43.86631444784311,clan average
CL0004,Concanavalin,41.06090890681649,,PF00722,Glyco_hydro_16,41.06090890681649,clan average
CL0059,6_Hairpin,36.79082130018444,,PF00723,Glyco_hydro_15,36.79082130018444,clan average
CL0036,CL0036,47.817104032709544,,PF00724,Oxidored_FMN,47.817104032709544,clan average
CL0053,4H_Cytokine,43.86631444784311,,PF00726,IL10,43.86631444784311,clan average
CL0053,4H_Cytokine,43.86631444784311,,PF00727,IL4,43.86631444784311,clan average
CL0036,CL0036,47.817104032709544,,PF00728,Glyco_hydro_20,47.817104032709544,clan average
CL0063,NADP_Rossmann,39.26278572618697,,PF00732,GMC_oxred_N,39.26278572618697,clan average
CL0023,P-loop_NTPase,49.395498104103346,,PF00735,Septin,49.395498104103346,clan average
CL0028,AB_hydrolase,52.59920164328964,,PF00756,Esterase,52.59920164328964,clan average
CL0053,4H_Cytokine,43.86631444784311,,PF00758,EPO_TPO,43.86631444784311,clan average
CL0059,6_Hairpin,36.79082130018444,,PF00759,Glyco_hydro_9,36.79082130018444,clan average
CL0063,NADP_Rossmann,39.26278572618697,,PF00766,ETF_alpha,39.26278572618697,clan average
CL0186,Beta_propeller,21.67085124951681,,PF00780,CNH,21.67085124951681,clan average
CL0020,TPR,20.933170225539683,,PF00790,VHS,20.933170225539683,clan average
CL0661,Gain,28.363798955819796,,PF00791,ZU5,28.363798955819796,clan average
CL0154,C2,44.17300686820718,,PF00792,PI3K_C2,44.17300686820718,clan average
CL0036,CL0036,47.817104032709544,,PF00793,DAHP_synth_1,47.817104032709544,clan average
CL0177,PBP,42.38186464548598,,PF00800,PDT,42.38186464548598,clan average
CL0505,Pentapeptide,35.01249810087072,,PF00805,Pentapeptide,35.01249810087072,clan average
CL0020,TPR,20.933170225539683,,PF00806,PUF,20.933170225539683,clan average
CL0036,CL0036,47.817104032709544,,PF00809,Pterin_bind,47.817104032709544,clan average
CL0108,Actin_ATPase,53.90403366088867,,PF00814,TsaD,53.90403366088867,clan average
CL0036,CL0036,47.817104032709544,,PF00834,Ribul_P_3_epim,47.817104032709544,clan average
CL0866,CL0866,22.986264376796857,,PF00842,Ala_racemase_C,22.986264376796857,clan average
CL0113,GT-B,39.69306779022893,,PF00852,Glyco_transf_10,39.69306779022893,clan average
CL0073,CL0073,55.31204220338533,,PF00853,Runt,55.31204220338533,clan average
CL0015,CL0015,64.824742054381,,PF00854,PTR2,64.824742054381,clan average
CL0062,APC,53.52314572334289,,PF00860,Xan_ur_permease,53.52314572334289,clan average
CL0113,GT-B,39.69306779022893,,PF00862,GT-B_Sucrose_synth,39.69306779022893,clan average
CL0124,Peptidase_PA,45.31439166881245,,PF00863,Peptidase_C4,45.31439166881245,clan average
CL0159,E-set,39.30318005993802,,PF00868,Transglut_N,39.30318005993802,clan average
CL0073,CL0073,55.31204220338533,,PF00870,P53,55.31204220338533,clan average
CL0108,Actin_ATPase,53.90403366088867,,PF00871,Acetate_kinase,53.90403366088867,clan average
CL0375,Transporter,56.91298176266927,,PF00876,Innexin,56.91298176266927,clan average
CL0865,CL0865,40.222714415703074,,PF00883,Peptidase_M17,40.222714415703074,clan average
CL0063,NADP_Rossmann,39.26278572618697,,PF00891,Methyltransf_2,39.26278572618697,clan average
CL0063,NADP_Rossmann,39.26278572618697,,PF00899,ThiF,39.26278572618697,clan average
CL0104,CL0104,35.83032244851205,,PF00903,Glyoxalase,35.83032244851205,clan average
CL0073,CL0073,55.31204220338533,,PF00907,T-box,55.31204220338533,clan average
CL0023,P-loop_NTPase,49.395498104103346,,PF00910,RNA_helicase,49.395498104103346,clan average
CL0037,Lysozyme,33.344959264069,,PF00912,Transgly,33.344959264069,clan average
CL0389,CL0389,34.599674329762465,,PF00917,MATH,34.599674329762465,clan average
CL0036,CL0036,47.817104032709544,,PF00923,TAL_FSA,47.817104032709544,clan average
CL0159,E-set,39.30318005993802,,PF00927,Transglut_C,39.30318005993802,clan average
CL0023,P-loop_NTPase,49.395498104103346,,PF00931,NB-ARC,49.395498104103346,clan average
CL0159,E-set,39.30318005993802,,PF00932,LTD,39.30318005993802,clan average
CL0036,CL0036,47.817104032709544,,PF00933,Glyco_hydro_3,47.817104032709544,clan average
CL0124,Peptidase_PA,45.31439166881245,,PF00944,Peptidase_S3,45.31439166881245,clan average
CL0124,Peptidase_PA,45.31439166881245,,PF00947,Pico_P2A,45.31439166881245,clan average
CL0124,Peptidase_PA,45.31439166881245,,PF00949,Peptidase_S7,45.31439166881245,clan average
CL0062,APC,53.52314572334289,,PF00955,HCO3_cotransp,53.52314572334289,clan average
CL0159,E-set,39.30318005993802,,PF00960,Neocarzinostat,39.30318005993802,clan average
CL0036,CL0036,47.817104032709544,,PF00962,A_deaminase,47.817104032709544,clan average
CL0353,CL0353,41.99184670405509,,PF00965,TIMP,41.99184670405509,clan average
CL0866,CL0866,22.986264376796857,,PF00970,FAD_binding_6,22.986264376796857,clan average
CL0028,AB_hydrolase,52.59920164328964,,PF00975,Thioesterase,52.59920164328964,clan average
CL0036,CL0036,47.817104032709544,,PF00977,His_biosynth,47.817104032709544,clan average
CL0113,GT-B,39.69306779022893,,PF00982,Glyco_transf_20,39.69306779022893,clan average
CL0364,Leu-IlvD,34.406701321504556,,PF00988,CPSase_sm_chain,34.406701321504556,clan average
CL0030,Ion_channel,45.46700182135369,,PF01007,IRK,45.46700182135369,clan average
CL0063,NADP_Rossmann,39.26278572618697,,PF01008,IF-2B,39.26278572618697,clan average
CL0123,CL0123,26.143931567951604,,PF01022,HTH_5,26.143931567951604,clan average
CL0220,CL0220,19.573838134150012,,PF01023,S_100,19.573838134150012,clan average
CL0036,CL0036,47.817104032709544,,PF01026,TatD_DNase,47.817104032709544,clan average
CL0123,CL0123,26.143931567951604,,PF01035,DNA_binding_1,26.143931567951604,clan average
CL0192,GPCR_A,61.321635356404734,,PF01036,Bac_rhodopsin,61.321635356404734,clan average
CL0023,P-loop_NTPase,49.395498104103346,,PF01043,SecA_PP_bind,49.395498104103346,clan average
CL0123,CL0123,26.143931567951604,,PF01047,MarR,26.143931567951604,clan average
CL0023,P-loop_NTPase,49.395498104103346,,PF01057,Parvo_NS1,49.395498104103346,clan average
CL0287,Transthyretin,45.35773909364972,,PF01060,TTR-52,45.35773909364972,clan average
CL0181,ABC-2,93.01661087463258,,PF01061,ABC2_membrane,93.01661087463258,clan average
CL0202,GBD,38.45146891966387,,PF01067,Calpain_III,38.45146891966387,clan average
CL0036,CL0036,47.817104032709544,,PF01070,FMN_dh,47.817104032709544,clan average
CL0063,NADP_Rossmann,39.26278572618697,,PF01073,3Beta_HSD,39.26278572618697,clan average
CL0113,GT-B,39.69306779022893,,PF01075,Glyco_transf_9,39.69306779022893,clan average
CL0023,P-loop_NTPase,49.395498104103346,,PF01078,Mg_chelatase,49.395498104103346,clan average
CL0036,CL0036,47.817104032709544,,PF01081,Aldolase,47.817104032709544,clan average
CL0028,AB_hydrolase,52.59920164328964,,PF01083,Cutinase,52.59920164328964,clan average
CL0123,CL0123,26.143931567951604,,PF01084,Ribosomal_S18,26.143931567951604,clan average
CL0268,Pec_lyase-like,59.950592041015625,,PF01095,Pectinesterase,59.950592041015625,clan average
CL0053,4H_Cytokine,43.86631444784311,,PF01109,GM_CSF,43.86631444784311,clan average
CL0053,4H_Cytokine,43.86631444784311,,PF01110,CNTF,43.86631444784311,clan average
CL0063,NADP_Rossmann,39.26278572618697,,PF01113,DapB_N,39.26278572618697,clan average
CL0036,CL0036,47.817104032709544,,PF01116,F_bP_aldolase,47.817104032709544,clan average
CL0063,NADP_Rossmann,39.26278572618697,,PF01118,Semialdhyde_dh,39.26278572618697,clan average
CL0036,CL0036,47.817104032709544,,PF01120,Alpha_L_fucos,47.817104032709544,clan average
CL0023,P-loop_NTPase,49.395498104103346,,PF01121,CoaE,49.395498104103346,clan average
CL0059,6_Hairpin,36.79082130018444,,PF01122,Cobalamin_bind,36.79082130018444,clan average
CL0110,GT-A,34.54581239323872,,PF01128,IspD,34.54581239323872,clan average
CL0063,NADP_Rossmann,39.26278572618697,,PF01135,PCMT,39.26278572618697,clan average
CL0063,NADP_Rossmann,39.26278572618697,,PF01144,CoA_trans,39.26278572618697,clan average
CL0046,CL0046,27.33374421173006,,PF01154,HMG_CoA_synt_N,27.33374421173006,clan average
CL0016,PKinase,54.43067383486503,,PF01163,RIO1,54.43067383486503,clan average
CL0036,CL0036,47.817104032709544,,PF01168,Ala_racemase_N,47.817104032709544,clan average
CL0063,NADP_Rossmann,39.26278572618697,,PF01170,UPF0020,39.26278572618697,clan average
CL0063,NADP_Rossmann,39.26278572618697,,PF01175,Urocanase,39.26278572618697,clan average
CL0036,CL0036,47.817104032709544,,PF01180,DHO_dh,47.817104032709544,clan average
CL0063,NADP_Rossmann,39.26278572618697,,PF01182,Glucosamine_iso,39.26278572618697,clan average
CL0036,CL0036,47.817104032709544,,PF01183,Glyco_hydro_25,47.817104032709544,clan average
CL0063,NADP_Rossmann,39.26278572618697,,PF01189,Methyltr_RsmB-F,39.26278572618697,clan average
CL0287,Transthyretin,45.35773909364972,,PF01190,Pollen_Ole_e_1,45.35773909364972,clan average
CL0023,P-loop_NTPase,49.395498104103346,,PF01202,SKI,49.395498104103346,clan average
CL0059,6_Hairpin,36.79082130018444,,PF01204,Trehalase,36.79082130018444,clan average
CL0036,CL0036,47.817104032709544,,PF01207,Dus,47.817104032709544,clan average
CL0036,CL0036,47.817104032709544,,PF01208,URO-D,47.817104032709544,clan average
CL0063,NADP_Rossmann,39.26278572618697,,PF01209,Ubie_methyltran,39.26278572618697,clan average
CL0063,NADP_Rossmann,39.26278572618697,,PF01210,NAD_Gly3P_dh_N,39.26278572618697,clan average
CL0063,NADP_Rossmann,39.26278572618697,,PF01225,Mur_ligase,39.26278572618697,clan average
CL0036,CL0036,47.817104032709544,,PF01229,Glyco_hydro_39,47.817104032709544,clan average
CL0063,NADP_Rossmann,39.26278572618697,,PF01232,Mannitol_dh,39.26278572618697,clan average
CL0063,NADP_Rossmann,39.26278572618697,,PF01234,NNMT_PNMT_TEMT,39.26278572618697,clan average
CL0062,APC,53.52314572334289,,PF01235,Na_Ala_symp,53.52314572334289,clan average
CL0020,TPR,20.933170225539683,,PF01239,PPTA,20.933170225539683,clan average
CL0866,CL0866,22.986264376796857,,PF01247,Ribosomal_L35Ae,22.986264376796857,clan average
CL0172,Thioredoxin,39.25019227930494,,PF01257,2Fe-2S_thioredx,39.25019227930494,clan average
CL0036,CL0036,47.817104032709544,,PF01261,AP_endonuc_2,47.817104032709544,clan average
CL0063,NADP_Rossmann,39.26278572618697,,PF01262,AlaDh_PNT_C,39.26278572618697,clan average
CL0103,Gal_mutarotase,47.39329832829262,,PF01263,Aldose_epim,47.39329832829262,clan average
CL0063,NADP_Rossmann,39.26278572618697,,PF01269,Fibrillarin,39.26278572618697,clan average
CL0059,6_Hairpin,36.79082130018444,,PF01270,Glyco_hydro_8,36.79082130018444,clan average
CL0036,CL0036,47.817104032709544,,PF01274,MS_TIM-barrel,47.817104032709544,clan average
CL0123,CL0123,26.143931567951604,,PF01285,TEA,26.143931567951604,clan average
CL0293,CL0293,108.55528087486567,,PF01289,Thiol_cytolysin,108.55528087486567,clan average
CL0053,4H_Cytokine,43.86631444784311,,PF01291,LIF_OSM,43.86631444784311,clan average
CL0328,CL0328,44.210308118770655,,PF01292,Ni_hydr_CYTB,44.210308118770655,clan average
CL0036,CL0036,47.817104032709544,,PF01301,Glyco_hydro_35,47.817104032709544,clan average
CL0015,CL0015,64.824742054381,,PF01306,LacY_symp,64.824742054381,clan average
CL0123,CL0123,26.143931567951604,,PF01316,Arg_repressor,26.143931567951604,clan average
CL0172,Thioredoxin,39.25019227930494,,PF01323,DSBA,39.25019227930494,clan average
CL0123,CL0123,26.143931567951604,,PF01325,Fe_dep_repress,26.143931567951604,clan average
CL0105,CL0105,30.879097315387945,,PF01333,Apocytochr_F_C,30.879097315387945,clan average
CL0159,E-set,39.30318005993802,,PF01345,CLIPPER,39.30318005993802,clan average
CL0159,E-set,39.30318005993802,,PF01357,Expansin_C,39.30318005993802,clan average
CL0063,NADP_Rossmann,39.26278572618697,,PF01358,PARP_regulatory,39.26278572618697,clan average
CL0229,RING,23.531313780228857,,PF01363,FYVE,23.531313780228857,clan average
CL0137,HAD,36.67203203138414,,PF01368,DHH,36.67203203138414,clan average
CL0123,CL0123,26.143931567951604,,PF01371,Trp_repressor,26.143931567951604,clan average
CL0036,CL0036,47.817104032709544,,PF01373,Glyco_hydro_14,47.817104032709544,clan average
CL0037,Lysozyme,33.344959264069,,PF01374,Glyco_hydro_46,33.344959264069,clan average
CL0177,PBP,42.38186464548598,,PF01379,Porphobil_deam,42.38186464548598,clan average
CL0123,CL0123,26.143931567951604,,PF01381,HTH_3,26.143931567951604,clan average
CL0123,CL0123,26.143931567951604,,PF01388,ARID,26.143931567951604,clan average
CL0186,Beta_propeller,21.67085124951681,,PF01394,Clathrin_propel,21.67085124951681,clan average
CL0059,6_Hairpin,36.79082130018444,,PF01397,Terpene_synth,36.79082130018444,clan average
CL0123,CL0123,26.143931567951604,,PF01399,PCI,26.143931567951604,clan average
CL0063,NADP_Rossmann,39.26278572618697,,PF01408,GFO_IDH_MocA,39.26278572618697,clan average
CL0056,C_Lectin,29.746108227159635,,PF01413,C4,29.746108227159635,clan average
CL0053,4H_Cytokine,43.86631444784311,,PF01415,IL7,43.86631444784311,clan average
CL0020,TPR,20.933170225539683,,PF01417,ENTH,20.933170225539683,clan average
CL0123,CL0123,26.143931567951604,,PF01418,HTH_6,26.143931567951604,clan average
CL0229,RING,23.531313780228857,,PF01428,zf-AN1,23.531313780228857,clan average
CL0126,Peptidase_MA,36.71989303811342,,PF01434,Peptidase_M41,36.71989303811342,clan average
CL0126,Peptidase_MA,36.71989303811342,,PF01435,Peptidase_M48,36.71989303811342,clan average
CL0023,P-loop_NTPase,49.395498104103346,,PF01443,Viral_helicase1,49.395498104103346,clan average
CL0126,Peptidase_MA,36.71989303811342,,PF01447,Peptidase_M4,36.71989303811342,clan average
CL0186,Beta_propeller,21.67085124951681,,PF01453,B_lectin,21.67085124951681,clan average
CL0037,Lysozyme,33.344959264069,,PF01464,SLT,33.344959264069,clan average
CL0505,Pentapeptide,35.01249810087072,,PF01469,Pentapeptide_2,35.01249810087072,clan average
CL0036,CL0036,47.817104032709544,,PF01474,DAHP_synth_2,47.817104032709544,clan average
CL0036,CL0036,47.817104032709544,,PF01487,DHquinase_I,47.817104032709544,clan average
CL0063,NADP_Rossmann,39.26278572618697,,PF01488,Shikimate_DH,39.26278572618697,clan average
CL0062,APC,53.52314572334289,,PF01490,Aa_trans,53.52314572334289,clan average
CL0123,CL0123,26.143931567951604,,PF01498,HTH_Tnp_Tc3_2,26.143931567951604,clan average
CL0110,GT-A,34.54581239323872,,PF01501,Glyco_transf_8,34.54581239323872,clan average
CL0016,PKinase,54.43067383486503,,PF01504,PIP5K,54.43067383486503,clan average
CL0865,CL0865,40.222714415703074,,PF01520,Amidase_3,40.222714415703074,clan average
CL0123,CL0123,26.143931567951604,,PF01527,HTH_Tnp_1,26.143931567951604,clan average
CL0113,GT-B,39.69306779022893,,PF01531,Glyco_transf_11,39.69306779022893,clan average
CL0059,6_Hairpin,36.79082130018444,,PF01532,Glyco_hydro_47,36.79082130018444,clan average
CL0020,TPR,20.933170225539683,,PF01535,PPR,20.933170225539683,clan average
CL0159,E-set,39.30318005993802,,PF01537,Herpes_glycop_D,39.30318005993802,clan average
CL0865,CL0865,40.222714415703074,,PF01546,Peptidase_M20,40.222714415703074,clan average
CL0105,CL0105,30.879097315387945,,PF01551,Peptidase_M23,30.879097315387945,clan average
CL0063,NADP_Rossmann,39.26278572618697,,PF01555,N6_N4_Mtase,39.26278572618697,clan average
CL0063,NADP_Rossmann,39.26278572618697,,PF01564,Spermine_synth,39.26278572618697,clan average
CL0062,APC,53.52314572334289,,PF01566,Nramp,53.52314572334289,clan average
CL0050,CL0050,69.57307925406917,,PF01575,MaoC_dehydratas,69.57307925406917,clan average
CL0124,Peptidase_PA,45.31439166881245,,PF01577,Peptidase_S30,45.31439166881245,clan average
CL0328,CL0328,44.210308118770655,,PF01578,Cytochrom_C_asm,44.210308118770655,clan average
CL0023,P-loop_NTPase,49.395498104103346,,PF01580,FtsK_SpoIIIE,49.395498104103346,clan average
CL0023,P-loop_NTPase,49.395498104103346,,PF01583,APS_kinase,49.395498104103346,clan average
CL0023,P-loop_NTPase,49.395498104103346,,PF01591,6PF2K,49.395498104103346,clan average
CL0105,CL0105,30.879097315387945,,PF01597,GCV_H,30.879097315387945,clan average
CL0036,CL0036,47.817104032709544,,PF01619,Pro_dh,47.817104032709544,clan average
CL0016,PKinase,54.43067383486503,,PF01633,Choline_kinase,54.43067383486503,clan average
CL0177,PBP,42.38186464548598,,PF01634,HisG,42.38186464548598,clan average
CL0016,PKinase,54.43067383486503,,PF01636,APH,54.43067383486503,clan average
CL0023,P-loop_NTPase,49.395498104103346,,PF01637,ATPase_2,49.395498104103346,clan average
CL0123,CL0123,26.143931567951604,,PF01638,HxlR,26.143931567951604,clan average
CL0036,CL0036,47.817104032709544,,PF01642,MM_CoA_mutase,47.817104032709544,clan average
CL0050,CL0050,69.57307925406917,,PF01643,Acyl-ACP_TE,69.57307925406917,clan average
CL0110,GT-A,34.54581239323872,,PF01644,Chitin_synth_1,34.54581239323872,clan average
CL0036,CL0036,47.817104032709544,,PF01645,Glu_synthase,47.817104032709544,clan average
CL0023,P-loop_NTPase,49.395498104103346,,PF01656,CbiA,49.395498104103346,clan average
CL0004,Concanavalin,41.06090890681649,,PF01670,Glyco_hydro_12,41.06090890681649,clan average
CL0028,AB_hydrolase,52.59920164328964,,PF01674,Lipase_2,52.59920164328964,clan average
CL0088,Alk_phosphatase,45.54647203577954,,PF01676,Metalloenzyme,45.54647203577954,clan average
CL0036,CL0036,47.817104032709544,,PF01680,SOR_SNZ,47.817104032709544,clan average
CL0866,CL0866,22.986264376796857,,PF01687,Flavokinase,22.986264376796857,clan average
CL0159,E-set,39.30318005993802,,PF01688,Herpes_gI,39.30318005993802,clan average
CL0023,P-loop_NTPase,49.395498104103346,,PF01695,IstB_IS21,49.395498104103346,clan average
CL0110,GT-A,34.54581239323872,,PF01697,Glyco_transf_92,34.54581239323872,clan average
CL0003,SAM,26.063478920372884,,PF01698,SAM_LFY,26.063478920372884,clan average
CL0036,CL0036,47.817104032709544,,PF01702,TGT,47.817104032709544,clan average
CL0110,GT-A,34.54581239323872,,PF01704,UDPGP,34.54581239323872,clan average
CL0023,P-loop_NTPase,49.395498104103346,,PF01712,dNK,49.395498104103346,clan average
CL0023,P-loop_NTPase,49.395498104103346,,PF01715,IPPT,49.395498104103346,clan average
CL0036,CL0036,47.817104032709544,,PF01717,Meth_synt_2,47.817104032709544,clan average
CL0123,CL0123,26.143931567951604,,PF01726,LexA_DNA_bind,26.143931567951604,clan average
CL0063,NADP_Rossmann,39.26278572618697,,PF01728,FtsJ,39.26278572618697,clan average
CL0036,CL0036,47.817104032709544,,PF01729,QRPTase_C,47.817104032709544,clan average
CL0124,Peptidase_PA,45.31439166881245,,PF01732,Myco_protease,45.31439166881245,clan average
CL0015,CL0015,64.824742054381,,PF01733,Nucleoside_tran,64.824742054381,clan average
CL0323,CL0323,58.23729116253491,,PF01734,Patatin,58.23729116253491,clan average
CL0323,CL0323,58.23729116253491,,PF01735,PLA2_B,58.23729116253491,clan average
CL0063,NADP_Rossmann,39.26278572618697,,PF01739,CheR,39.26278572618697,clan average
CL0023,P-loop_NTPase,49.395498104103346,,PF01745,IPT,49.395498104103346,clan average
CL0020,TPR,20.933170225539683,,PF01749,IBB,20.933170225539683,clan average
CL0126,Peptidase_MA,36.71989303811342,,PF01752,Peptidase_M9,36.71989303811342,clan average
CL0110,GT-A,34.54581239323872,,PF01755,Glyco_transf_25,34.54581239323872,clan average
CL0110,GT-A,34.54581239323872,,PF01762,Galactosyl_T,34.54581239323872,clan average
CL0028,AB_hydrolase,52.59920164328964,,PF01764,Lipase_3,52.59920164328964,clan average
CL0015,CL0015,64.824742054381,,PF01770,Folate_carrier,64.824742054381,clan average
CL0866,CL0866,22.986264376796857,,PF01782,RimM,22.986264376796857,clan average
CL0036,CL0036,47.817104032709544,,PF01791,DeoC,47.817104032709544,clan average
CL0110,GT-A,34.54581239323872,,PF01793,Glyco_transf_15,34.54581239323872,clan average
CL0063,NADP_Rossmann,39.26278572618697,,PF01795,Methyltransf_5,39.26278572618697,clan average
CL0063,NADP_Rossmann,39.26278572618697,,PF01812,5-FTHF_cyc-lig,39.26278572618697,clan average
CL0020,TPR,20.933170225539683,,PF01816,LRV,20.933170225539683,clan average
CL0063,NADP_Rossmann,39.26278572618697,,PF01820,Dala_Dala_lig_N,39.26278572618697,clan average
CL0004,Concanavalin,41.06090890681649,,PF01828,Peptidase_A4,41.06090890681649,clan average
CL0037,Lysozyme,33.344959264069,,PF01832,Glucosaminidase,33.344959264069,clan average
CL0202,GBD,38.45146891966387,,PF01834,XRCC1_N,38.45146891966387,clan average
CL0070,CL0070,66.56825862975452,,PF01842,ACT,66.56825862975452,clan average
CL0020,TPR,20.933170225539683,,PF01843,DIL,20.933170225539683,clan average
CL0263,His-Me_finger,42.13259963155944,,PF01844,HNH,42.13259963155944,clan average
CL0287,Transthyretin,45.35773909364972,,PF01847,VHL,45.35773909364972,clan average
CL0020,TPR,20.933170225539683,,PF01851,PC_rep,20.933170225539683,clan average
CL0063,NADP_Rossmann,39.26278572618697,,PF01861,BpsA_C,39.26278572618697,clan average
CL0126,Peptidase_MA,36.71989303811342,,PF01863,YgjP-like,36.71989303811342,clan average
CL0108,Actin_ATPase,53.90403366088867,,PF01869,BcrAD_BadFG,53.90403366088867,clan average
CL0036,CL0036,47.817104032709544,,PF01876,RNase_P_p30,47.817104032709544,clan average
CL0159,E-set,39.30318005993802,,PF01880,Desulfoferrodox,39.30318005993802,clan average
CL0128,vWA-like,49.95459311089533,,PF01882,DUF58,49.95459311089533,clan average
CL0036,CL0036,47.817104032709544,,PF01884,PcrB,47.817104032709544,clan average
CL0036,CL0036,47.817104032709544,,PF01904,DUF72,47.817104032709544,clan average
CL0063,NADP_Rossmann,39.26278572618697,,PF01916,DS,39.26278572618697,clan average
CL0123,CL0123,26.143931567951604,,PF01922,SRP19,26.143931567951604,clan average
CL0023,P-loop_NTPase,49.395498104103346,,PF01935,DUF87,49.395498104103346,clan average
CL0063,NADP_Rossmann,39.26278572618697,,PF01946,Thi4,39.26278572618697,clan average
CL0866,CL0866,22.986264376796857,,PF01954,AF2212-like,22.986264376796857,clan average
CL0036,CL0036,47.817104032709544,,PF01959,DHQS,47.817104032709544,clan average
CL0036,CL0036,47.817104032709544,,PF01964,ThiC_Rad_SAM,47.817104032709544,clan average
CL0108,Actin_ATPase,53.90403366088867,,PF01968,Hydantoinase_A,53.90403366088867,clan average
CL0123,CL0123,26.143931567951604,,PF01978,TrmB,26.143931567951604,clan average
CL0036,CL0036,47.817104032709544,,PF01979,Amidohydro_1,47.817104032709544,clan average
CL0866,CL0866,22.986264376796857,,PF01980,TrmO_N,22.986264376796857,clan average
CL0866,CL0866,22.986264376796857,,PF01982,CTP-dep_RFKase,22.986264376796857,clan average
CL0110,GT-A,34.54581239323872,,PF01983,CofC,34.54581239323872,clan average
CL0364,Leu-IlvD,34.406701321504556,,PF01989,AcnX_swivel_put,34.406701321504556,clan average
CL0123,CL0123,26.143931567951604,,PF02001,DUF134,26.143931567951604,clan average
CL0123,CL0123,26.143931567951604,,PF02002,TFIIE_alpha,26.143931567951604,clan average
CL0063,NADP_Rossmann,39.26278572618697,,PF02006,PPS_PS,39.26278572618697,clan average
CL0036,CL0036,47.817104032709544,,PF02007,MtrH,47.817104032709544,clan average
CL0059,6_Hairpin,36.79082130018444,,PF02011,Glyco_hydro_48,36.79082130018444,clan average
CL0186,Beta_propeller,21.67085124951681,,PF02012,BNR,21.67085124951681,clan average
CL0202,GBD,38.45146891966387,,PF02018,CBM_4_9,38.45146891966387,clan average
CL0020,TPR,20.933170225539683,,PF02020,W2,20.933170225539683,clan average
CL0123,CL0123,26.143931567951604,,PF02022,Integrase_Zn,26.143931567951604,clan average
CL0053,4H_Cytokine,43.86631444784311,,PF02024,Leptin,43.86631444784311,clan average
CL0053,4H_Cytokine,43.86631444784311,,PF02025,IL5,43.86631444784311,clan average
CL0062,APC,53.52314572334289,,PF02028,BCCT,53.52314572334289,clan average
CL0177,PBP,42.38186464548598,,PF02030,Lipoprotein_8,42.38186464548598,clan average
CL0126,Peptidase_MA,36.71989303811342,,PF02031,Peptidase_M7,36.71989303811342,clan average
CL0036,CL0036,47.817104032709544,,PF02055,Glyco_hydro_30,47.817104032709544,clan average
CL0063,NADP_Rossmann,39.26278572618697,,PF02056,Glyco_hydro_4,39.26278572618697,clan average
CL0036,CL0036,47.817104032709544,,PF02057,Glyco_hydro_59,47.817104032709544,clan average
CL0053,4H_Cytokine,43.86631444784311,,PF02059,IL3,43.86631444784311,clan average
CL0036,CL0036,47.817104032709544,,PF02065,Melibiase,47.817104032709544,clan average
CL0020,TPR,20.933170225539683,,PF02071,NSF,20.933170225539683,clan average
CL0192,GPCR_A,61.321635356404734,,PF02076,STE3,61.321635356404734,clan average
CL0063,NADP_Rossmann,39.26278572618697,,PF02078,Synapsin,39.26278572618697,clan average
CL0063,NADP_Rossmann,39.26278572618697,,PF02086,MethyltransfD12,39.26278572618697,clan average
CL0028,AB_hydrolase,52.59920164328964,,PF02089,Palm_thioest,52.59920164328964,clan average
CL0192,GPCR_A,61.321635356404734,,PF02101,Ocular_alb,61.321635356404734,clan average
CL0126,Peptidase_MA,36.71989303811342,,PF02102,Peptidase_M35,36.71989303811342,clan average
CL0159,E-set,39.30318005993802,,PF02115,Rho_GDI,39.30318005993802,clan average
CL0192,GPCR_A,61.321635356404734,,PF02117,7TM_GPCR_Sra,61.321635356404734,clan average
CL0192,GPCR_A,61.321635356404734,,PF02118,Srg,61.321635356404734,clan average
CL0124,Peptidase_PA,45.31439166881245,,PF02122,Peptidase_S39,45.31439166881245,clan average
CL0159,E-set,39.30318005993802,,PF02124,Marek_A,39.30318005993802,clan average
CL0036,CL0036,47.817104032709544,,PF02126,PTE,47.817104032709544,clan average
CL0126,Peptidase_MA,36.71989303811342,,PF02128,Peptidase_M36,36.71989303811342,clan average
CL0028,AB_hydrolase,52.59920164328964,,PF02129,Peptidase_S15,52.59920164328964,clan average
CL0126,Peptidase_MA,36.71989303811342,,PF02130,YbeY,36.71989303811342,clan average
CL0062,APC,53.52314572334289,,PF02133,Transp_cyt_pur,53.52314572334289,clan average
CL0063,NADP_Rossmann,39.26278572618697,,PF02146,SIR2,39.26278572618697,clan average
CL0229,RING,23.531313780228857,,PF02148,zf-UBP,23.531313780228857,clan average
CL0063,NADP_Rossmann,39.26278572618697,,PF02153,PDH_N,39.26278572618697,clan average
CL0036,CL0036,47.817104032709544,,PF02156,Glyco_hydro_26,47.817104032709544,clan average
CL0226,CL0226,43.485679190335,,PF02157,Man-6-P_recep,43.485679190335,clan average
CL0129,Peptidase_AA,31.398146505186542,,PF02160,Peptidase_A3,31.398146505186542,clan average
CL0126,Peptidase_MA,36.71989303811342,,PF02163,Peptidase_M50,36.71989303811342,clan average
CL0192,GPCR_A,61.321635356404734,,PF02175,7TM_GPCR_Srb,61.321635356404734,clan average
CL0361,CL0361,19.612287324340578,,PF02176,zf-TRAF,19.612287324340578,clan average
CL0020,TPR,20.933170225539683,,PF02184,HAT,20.933170225539683,clan average
CL0123,CL0123,26.143931567951604,,PF02186,TFIIE_beta,26.143931567951604,clan average
CL0003,SAM,26.063478920372884,,PF02198,SAM_PNT,26.063478920372884,clan average
CL0782,CL0782,25.599053828546072,,PF02207,zf-UBR,25.599053828546072,clan average
CL0033,CL0033,32.491583815673984,,PF02214,BTB_2,32.491583815673984,clan average
CL0036,CL0036,47.817104032709544,,PF02219,MTHFR,47.817104032709544,clan average
CL0023,P-loop_NTPase,49.395498104103346,,PF02223,Thymidylate_kin,49.395498104103346,clan average
CL0023,P-loop_NTPase,49.395498104103346,,PF02224,Cytidylate_kin,49.395498104103346,clan average
CL0028,AB_hydrolase,52.59920164328964,,PF02230,Abhydrolase_2,52.59920164328964,clan average
CL0186,Beta_propeller,21.67085124951681,,PF02239,Cytochrom_D1,21.67085124951681,clan average
CL0063,NADP_Rossmann,39.26278572618697,,PF02254,TrkA_N,39.26278572618697,clan average
CL0123,CL0123,26.143931567951604,,PF02257,RFX_DNA_binding,26.143931567951604,clan average
CL0123,CL0123,26.143931567951604,,PF02270,TFIIF_beta,26.143931567951604,clan average
CL0028,AB_hydrolase,52.59920164328964,,PF02273,Acyl_transf_2,52.59920164328964,clan average
CL0103,Gal_mutarotase,47.39329832829262,,PF02278,Lyase_8,47.39329832829262,clan average
CL0023,P-loop_NTPase,49.395498104103346,,PF02283,CobU,49.395498104103346,clan average
CL0036,CL0036,47.817104032709544,,PF02286,Dehydratase_LU,47.817104032709544,clan average
CL0123,CL0123,26.143931567951604,,PF02295,z-alpha,26.143931567951604,clan average
CL0026,CU_oxidase,37.06352279668489,,PF02298,Cu_bind_like,37.06352279668489,clan average
CL0123,CL0123,26.143931567951604,,PF02319,WHD_E2F_TDP,26.143931567951604,clan average
CL0672,p35,32.40707711163074,,PF02331,P35,32.40707711163074,clan average
CL0186,Beta_propeller,21.67085124951681,,PF02333,Phytase,21.67085124951681,clan average
CL0123,CL0123,26.143931567951604,,PF02334,RTP,26.143931567951604,clan average
CL0110,GT-A,34.54581239323872,,PF02348,CTP_transf_3,34.54581239323872,clan average
CL0113,GT-B,39.69306779022893,,PF02350,Epimerase_2,39.69306779022893,clan average
CL0063,NADP_Rossmann,39.26278572618697,,PF02353,CMAS,39.26278572618697,clan average
CL0322,CL0322,58.84219196478643,,PF02355,SecD_SecF_C,58.84219196478643,clan average
CL0137,HAD,36.67203203138414,,PF02358,Trehalose_PPase,36.67203203138414,clan average
CL0023,P-loop_NTPase,49.395498104103346,,PF02367,TsaE,49.395498104103346,clan average
CL0159,E-set,39.30318005993802,,PF02368,Big_2,39.30318005993802,clan average
CL0159,E-set,39.30318005993802,,PF02369,Big_1,39.30318005993802,clan average
CL0053,4H_Cytokine,43.86631444784311,,PF02372,IL15,43.86631444784311,clan average
CL0023,P-loop_NTPase,49.395498104103346,,PF02374,ArsA_ATPase,49.395498104103346,clan average
CL0123,CL0123,26.143931567951604,,PF02376,CUT,26.143931567951604,clan average
CL0063,NADP_Rossmann,39.26278572618697,,PF02384,N6_Mtase,39.26278572618697,clan average
CL0063,NADP_Rossmann,39.26278572618697,,PF02390,Methyltransf_4,39.26278572618697,clan average
CL0124,Peptidase_PA,45.31439166881245,,PF02395,Peptidase_S6,45.31439166881245,clan average
CL0164,CUB,37.19532806928234,,PF02408,CUB_2,37.19532806928234,clan average
CL0268,Pec_lyase-like,59.950592041015625,,PF02415,Chlam_PMP,59.950592041015625,clan average
CL0023,P-loop_NTPase,49.395498104103346,,PF02421,FeoB_N,49.395498104103346,clan average
CL0063,NADP_Rossmann,39.26278572618697,,PF02423,OCD_Mu_crystall,39.26278572618697,clan average
CL0110,GT-A,34.54581239323872,,PF02434,Fringe,34.54581239323872,clan average
CL0123,CL0123,26.143931567951604,,PF02437,Ski_Sno_DHD,26.143931567951604,clan average
CL0159,E-set,39.30318005993802,,PF02440,Adeno_E3_CR1,39.30318005993802,clan average
CL0036,CL0036,47.817104032709544,,PF02446,Glyco_hydro_77,47.817104032709544,clan average
CL0036,CL0036,47.817104032709544,,PF02449,Glyco_hydro_42,47.817104032709544,clan average
CL0028,AB_hydrolase,52.59920164328964,,PF02450,LCAT,52.59920164328964,clan average
CL0322,CL0322,58.84219196478643,,PF02460,Patched,58.84219196478643,clan average
CL0023,P-loop_NTPase,49.395498104103346,,PF02463,SMC_N,49.395498104103346,clan average
CL0063,NADP_Rossmann,39.26278572618697,,PF02475,TRM5-TYW2_MTfase,39.26278572618697,clan average
CL0159,E-set,39.30318005993802,,PF02480,Herpes_gE,39.30318005993802,clan average
CL0349,SLOG,41.81280368953556,,PF02481,DNA_processg_A,41.81280368953556,clan average
CL0015,CL0015,64.824742054381,,PF02487,CLN3,64.824742054381,clan average
CL0023,P-loop_NTPase,49.395498104103346,,PF02492,cobW,49.395498104103346,clan average
CL0159,E-set,39.30318005993802,,PF02494,HYR,39.30318005993802,clan average
CL0023,P-loop_NTPase,49.395498104103346,,PF02500,DNA_pack_N,49.395498104103346,clan average
CL0063,NADP_Rossmann,39.26278572618697,,PF02527,GidB,39.26278572618697,clan average
CL0108,Actin_ATPase,53.90403366088867,,PF02541,Ppx-GppA,53.90403366088867,clan average
CL0108,Actin_ATPase,53.90403366088867,,PF02543,Carbam_trans_N,53.90403366088867,clan average
CL0036,CL0036,47.817104032709544,,PF02548,Pantoate_transf,47.817104032709544,clan average
CL0063,NADP_Rossmann,39.26278572618697,,PF02550,AcetylCoA_hydro,39.26278572618697,clan average
CL0050,CL0050,69.57307925406917,,PF02551,Acyl_CoA_thio,69.57307925406917,clan average
CL0063,NADP_Rossmann,39.26278572618697,,PF02552,CO_dh,39.26278572618697,clan average
CL0062,APC,53.52314572334289,,PF02554,CstA,53.52314572334289,clan average
CL0063,NADP_Rossmann,39.26278572618697,,PF02558,ApbA,39.26278572618697,clan average
CL0023,P-loop_NTPase,49.395498104103346,,PF02562,PhoH,49.395498104103346,clan average
CL0063,NADP_Rossmann,39.26278572618697,,PF02571,CbiJ,39.26278572618697,clan average
CL0023,P-loop_NTPase,49.395498104103346,,PF02572,CobA_CobO_BtuR,49.395498104103346,clan average
CL0036,CL0036,47.817104032709544,,PF02574,S-methyl_trans,47.817104032709544,clan average
CL0036,CL0036,47.817104032709544,,PF02581,TMP-TENI,47.817104032709544,clan average
CL0181,ABC-2,93.01661087463258,,PF02588,YitT_membrane,93.01661087463258,clan average
CL0063,NADP_Rossmann,39.26278572618697,,PF02589,LUD_dom,39.26278572618697,clan average
CL0063,NADP_Rossmann,39.26278572618697,,PF02593,DUF166,39.26278572618697,clan average
CL0063,NADP_Rossmann,39.26278572618697,,PF02603,Hpr_kinase_N,39.26278572618697,clan average
CL0023,P-loop_NTPase,49.395498104103346,,PF02606,LpxK,49.395498104103346,clan average
CL0144,Periplas_BP,59.400154176035784,,PF02608,Bmp,59.400154176035784,clan average
CL0036,CL0036,47.817104032709544,,PF02614,UxaC,47.817104032709544,clan average
CL0177,PBP,42.38186464548598,,PF02621,VitK2_biosynth,42.38186464548598,clan average
CL0063,NADP_Rossmann,39.26278572618697,,PF02629,CoA_binding,39.26278572618697,clan average
CL0172,Thioredoxin,39.25019227930494,,PF02630,SCO1-SenC,39.25019227930494,clan average
CL0123,CL0123,26.143931567951604,,PF02631,RecX_HTH2,26.143931567951604,clan average
CL0063,NADP_Rossmann,39.26278572618697,,PF02636,Methyltransf_28,39.26278572618697,clan average
CL0036,CL0036,47.817104032709544,,PF02638,GHL10,47.817104032709544,clan average
CL0123,CL0123,26.143931567951604,,PF02650,HTH_WhiA,26.143931567951604,clan average
CL0063,NADP_Rossmann,39.26278572618697,,PF02670,DXP_reductoisom,39.26278572618697,clan average
CL0036,CL0036,47.817104032709544,,PF02679,ComA,47.817104032709544,clan average
CL0070,CL0070,66.56825862975452,,PF02680,DUF211,66.56825862975452,clan average
CL0113,GT-B,39.69306779022893,,PF02684,LpxB,39.69306779022893,clan average
CL0108,Actin_ATPase,53.90403366088867,,PF02685,Glucokinase,53.90403366088867,clan average
CL0023,P-loop_NTPase,49.395498104103346,,PF02702,KdpD,49.395498104103346,clan average
CL0062,APC,53.52314572334289,,PF02705,K_trans,53.52314572334289,clan average
CL0063,NADP_Rossmann,39.26278572618697,,PF02737,3HCDH_N,39.26278572618697,clan average
CL0123,CL0123,26.143931567951604,,PF02742,Fe_dep_repr_C,26.143931567951604,clan average
CL0105,CL0105,30.879097315387945,,PF02749,QRPTase_N,30.879097315387945,clan average
CL0159,E-set,39.30318005993802,,PF02753,PapD_C,39.30318005993802,clan average
CL0108,Actin_ATPase,53.90403366088867,,PF02782,FGGY_C,53.90403366088867,clan average
CL0036,CL0036,47.817104032709544,,PF02784,Orn_Arg_deC_N,47.817104032709544,clan average
CL0105,CL0105,30.879097315387945,,PF02785,Biotin_carb_C,30.879097315387945,clan average
CL0123,CL0123,26.143931567951604,,PF02796,HTH_7,26.143931567951604,clan average
CL0046,CL0046,27.33374421173006,,PF02797,Chal_sti_synt_C,27.33374421173006,clan average
CL0172,Thioredoxin,39.25019227930494,,PF02798,GST_N,39.25019227930494,clan average
CL0046,CL0046,27.33374421173006,,PF02803,Thiolase_C,27.33374421173006,clan average
CL0036,CL0036,47.817104032709544,,PF02811,PHP,47.817104032709544,clan average
CL0066,Trefoil,35.92321202056283,,PF02815,MIR,35.92321202056283,clan average
CL0016,PKinase,54.43067383486503,,PF02816,Alpha_kinase,54.43067383486503,clan average
CL0063,NADP_Rossmann,39.26278572618697,,PF02826,2-Hacid_dh_C,39.26278572618697,clan average
CL0159,E-set,39.30318005993802,,PF02832,Flavi_glycop_C,39.30318005993802,clan average
CL0036,CL0036,47.817104032709544,,PF02836,Glyco_hydro_2_C,47.817104032709544,clan average
CL0202,GBD,38.45146891966387,,PF02837,Glyco_hydro_2_N,38.45146891966387,clan average
CL0105,CL0105,30.879097315387945,,PF02843,GARS_C,30.879097315387945,clan average
CL0063,NADP_Rossmann,39.26278572618697,,PF02844,GARS_N,39.26278572618697,clan average
CL0214,CL0214,28.487959910306852,,PF02845,CUE,28.487959910306852,clan average
CL0020,TPR,20.933170225539683,,PF02847,MA3,20.933170225539683,clan average
CL0073,CL0073,55.31204220338533,,PF02864,STAT_bind,55.31204220338533,clan average
CL0126,Peptidase_MA,36.71989303811342,,PF02868,Peptidase_M4_C,36.71989303811342,clan average
CL0866,CL0866,22.986264376796857,,PF02874,ATP-synt_ab_N,22.986264376796857,clan average
CL0063,NADP_Rossmann,39.26278572618697,,PF02882,THF_DHG_CYH_C,39.26278572618697,clan average
CL0159,E-set,39.30318005993802,,PF02883,Alpha_adaptinC2,39.30318005993802,clan average
CL0229,RING,23.531313780228857,,PF02891,zf-MIZ,23.531313780228857,clan average
CL0361,CL0361,19.612287324340578,,PF02892,zf-BED,19.612287324340578,clan average
CL0036,CL0036,47.817104032709544,,PF02896,PEP-utilizers_C,47.817104032709544,clan average
CL0186,Beta_propeller,21.67085124951681,,PF02897,Peptidase_S9_N,21.67085124951681,clan average
CL0159,E-set,39.30318005993802,,PF02903,Alpha-amylase_N,39.30318005993802,clan average
CL0124,Peptidase_PA,45.31439166881245,,PF02907,Peptidase_S29,45.31439166881245,clan average
CL0369,GHD,27.770430530606422,,PF02922,CBM_48,27.770430530606422,clan average
CL0159,E-set,39.30318005993802,,PF02927,CelD_N,39.30318005993802,clan average
CL0103,Gal_mutarotase,47.39329832829262,,PF02929,Bgal_small_N,47.39329832829262,clan average
CL0263,His-Me_finger,42.13259963155944,,PF02945,Endonuclease_7,42.13259963155944,clan average
CL0063,NADP_Rossmann,39.26278572618697,,PF02951,GSH-S_N,39.26278572618697,clan average
CL0866,CL0866,22.986264376796857,,PF02952,Fucose_iso_C,22.986264376796857,clan average
CL0123,CL0123,26.143931567951604,,PF02954,HTH_8,26.143931567951604,clan average
CL0016,PKinase,54.43067383486503,,PF02958,EcKL,54.43067383486503,clan average
CL0159,E-set,39.30318005993802,,PF02960,K1,39.30318005993802,clan average
CL0003,SAM,26.063478920372884,,PF02961,SAM_BAF,26.063478920372884,clan average
CL0172,Thioredoxin,39.25019227930494,,PF02966,DIM1,39.25019227930494,clan average
CL0004,Concanavalin,41.06090890681649,,PF02973,Sialidase,41.06090890681649,clan average
CL0020,TPR,20.933170225539683,,PF02985,HEAT,20.933170225539683,clan average
CL0117,uPAR_Ly6_toxin,34.73212915719407,,PF02988,PLA2_inh,34.73212915719407,clan average
CL0088,Alk_phosphatase,45.54647203577954,,PF02995,DUF229,45.54647203577954,clan average
CL0192,GPCR_A,61.321635356404734,,PF03006,HlyIII,61.321635356404734,clan average
CL0036,CL0036,47.817104032709544,,PF03009,GDPD,47.817104032709544,clan average
CL0186,Beta_propeller,21.67085124951681,,PF03022,MRJP,21.67085124951681,clan average
CL0023,P-loop_NTPase,49.395498104103346,,PF03028,Dynein_heavy,49.395498104103346,clan average
CL0023,P-loop_NTPase,49.395498104103346,,PF03029,ATP_bind_1,49.395498104103346,clan average
CL0137,HAD,36.67203203138414,,PF03031,NIF,36.67203203138414,clan average
CL0113,GT-B,39.69306779022893,,PF03033,Glyco_transf_28,39.69306779022893,clan average
CL0053,4H_Cytokine,43.86631444784311,,PF03039,IL12,43.86631444784311,clan average
CL0186,Beta_propeller,21.67085124951681,,PF03055,RPE65,21.67085124951681,clan average
CL0063,NADP_Rossmann,39.26278572618697,,PF03059,NAS,39.26278572618697,clan average
CL0036,CL0036,47.817104032709544,,PF03060,NMO,47.817104032709544,clan average
CL0050,CL0050,69.57307925406917,,PF03061,4HBT,69.57307925406917,clan average
CL0113,GT-B,39.69306779022893,,PF03063,Prismane,39.69306779022893,clan average
CL0159,E-set,39.30318005993802,,PF03067,LPMO_10,39.30318005993802,clan average
CL0110,GT-A,34.54581239323872,,PF03071,GNT-I,34.54581239323872,clan average
CL0004,Concanavalin,41.06090890681649,,PF03080,Neprosin,41.06090890681649,clan average
CL0186,Beta_propeller,21.67085124951681,,PF03088,Str_synth,21.67085124951681,clan average
CL0186,Beta_propeller,21.67085124951681,,PF03089,RAG2,21.67085124951681,clan average
CL0015,CL0015,64.824742054381,,PF03092,BT1,64.824742054381,clan average
CL0028,AB_hydrolase,52.59920164328964,,PF03096,Ndr,52.59920164328964,clan average
CL0036,CL0036,47.817104032709544,,PF03102,NeuB,47.817104032709544,clan average
CL0229,RING,23.531313780228857,,PF03107,C1_2,23.531313780228857,clan average
CL0016,PKinase,54.43067383486503,,PF03109,ABC1,54.43067383486503,clan average
CL0145,Golgi-transport,23.901661429406698,,PF03114,BAR,23.901661429406698,clan average
CL0192,GPCR_A,61.321635356404734,,PF03125,Sre,61.321635356404734,clan average
CL0020,TPR,20.933170225539683,,PF03130,HEAT_PBS,20.933170225539683,clan average
CL0015,CL0015,64.824742054381,,PF03137,OATP,64.824742054381,clan average
CL0866,CL0866,22.986264376796857,,PF03144,GTP_EFTU_D2,22.986264376796857,clan average
CL0389,CL0389,34.599674329762465,,PF03145,Sina_TRAF,34.599674329762465,clan average
CL0353,CL0353,41.99184670405509,,PF03146,NtA,41.99184670405509,clan average
CL0263,His-Me_finger,42.13259963155944,,PF03165,MH1,42.13259963155944,clan average
CL0159,E-set,39.30318005993802,,PF03168,LEA_2,39.30318005993802,clan average
CL0202,GBD,38.45146891966387,,PF03170,CBM_BcsB_1st,38.45146891966387,clan average
CL0159,E-set,39.30318005993802,,PF03174,CHB_HEX_C,39.30318005993802,clan average
CL0322,CL0322,58.84219196478643,,PF03176,MMPL,58.84219196478643,clan average
CL0186,Beta_propeller,21.67085124951681,,PF03178,CPSF_A,21.67085124951681,clan average
CL0177,PBP,42.38186464548598,,PF03180,Lipoprotein_9,42.38186464548598,clan average
CL0328,CL0328,44.210308118770655,,PF03188,Cytochrom_B561,44.210308118770655,clan average
CL0172,Thioredoxin,39.25019227930494,,PF03190,Thioredox_DsbH,39.25019227930494,clan average
CL0023,P-loop_NTPase,49.395498104103346,,PF03192,DUF257,49.395498104103346,clan average
CL0023,P-loop_NTPase,49.395498104103346,,PF03193,RsgA_GTPase,49.395498104103346,clan average
CL0036,CL0036,47.817104032709544,,PF03198,Glyco_hydro_72,47.817104032709544,clan average
CL0063,NADP_Rossmann,39.26278572618697,,PF03199,GSH_synthase,39.26278572618697,clan average
CL0023,P-loop_NTPase,49.395498104103346,,PF03205,MobB,49.395498104103346,clan average
CL0015,CL0015,64.824742054381,,PF03209,PUCC,64.824742054381,clan average
CL0268,Pec_lyase-like,59.950592041015625,,PF03211,Pectate_lyase,59.950592041015625,clan average
CL0268,Pec_lyase-like,59.950592041015625,,PF03212,Pertactin,59.950592041015625,clan average
CL0110,GT-A,34.54581239323872,,PF03213,Pox_P35,34.54581239323872,clan average
CL0110,GT-A,34.54581239323872,,PF03214,RGP,34.54581239323872,clan average
CL0023,P-loop_NTPase,49.395498104103346,,PF03215,Rad17,49.395498104103346,clan average
CL0015,CL0015,64.824742054381,,PF03219,TLC,64.824742054381,clan average
CL0123,CL0123,26.143931567951604,,PF03221,HTH_Tnp_Tc5,26.143931567951604,clan average
CL0062,APC,53.52314572334289,,PF03222,Trp_Tyr_perm,53.52314572334289,clan average
CL0172,Thioredoxin,39.25019227930494,,PF03227,GILT,39.25019227930494,clan average
CL0023,P-loop_NTPase,49.395498104103346,,PF03237,Terminase_6N,49.395498104103346,clan average
CL0113,GT-B,39.69306779022893,,PF03254,XG_FTase,39.69306779022893,clan average
CL0202,GBD,38.45146891966387,,PF03256,ANAPC10,38.45146891966387,clan average
CL0066,Trefoil,35.92321202056283,,PF03260,Lipoprotein_11,35.92321202056283,clan average
CL0023,P-loop_NTPase,49.395498104103346,,PF03266,NTPase_1,49.395498104103346,clan average
CL0063,NADP_Rossmann,39.26278572618697,,PF03269,DUF268,39.26278572618697,clan average
CL0063,NADP_Rossmann,39.26278572618697,,PF03275,GLF,39.26278572618697,clan average
CL0028,AB_hydrolase,52.59920164328964,,PF03283,PAE,52.59920164328964,clan average
CL0123,CL0123,26.143931567951604,,PF03288,Pox_D5,26.143931567951604,clan average
CL0063,NADP_Rossmann,39.26278572618697,,PF03291,mRNA_G-N7_MeTrfase,39.26278572618697,clan average
CL0123,CL0123,26.143931567951604,,PF03297,Ribosomal_S25,26.143931567951604,clan average
CL0023,P-loop_NTPase,49.395498104103346,,PF03308,MeaB,49.395498104103346,clan average
CL0108,Actin_ATPase,53.90403366088867,,PF03309,Pan_kinase,53.90403366088867,clan average
CL0110,GT-A,34.54581239323872,,PF03314,DUF273,34.54581239323872,clan average
CL0036,CL0036,47.817104032709544,,PF03328,HpcH_HpaI,47.817104032709544,clan average
CL0137,HAD,36.67203203138414,,PF03332,PMM,36.67203203138414,clan average
CL0123,CL0123,26.143931567951604,,PF03333,PapB,26.143931567951604,clan average
CL0063,NADP_Rossmann,39.26278572618697,,PF03341,Pox_mRNA-cap,39.26278572618697,clan average
CL0023,P-loop_NTPase,49.395498104103346,,PF03354,TerL_ATPase,49.395498104103346,clan average
CL0110,GT-A,34.54581239323872,,PF03360,Glyco_transf_43,34.54581239323872,clan average
CL0154,C2,44.17300686820718,,PF03366,YEATS,44.17300686820718,clan average
CL0020,TPR,20.933170225539683,,PF03377,TAL_effector,20.933170225539683,clan average
CL0181,ABC-2,93.01661087463258,,PF03379,CcmB,93.01661087463258,clan average
CL0192,GPCR_A,61.321635356404734,,PF03383,Serpentine_r_xa,61.321635356404734,clan average
CL0110,GT-A,34.54581239323872,,PF03385,STELLO,34.54581239323872,clan average
CL0004,Concanavalin,41.06090890681649,,PF03388,Lectin_leg-like,41.06090890681649,clan average
CL0177,PBP,42.38186464548598,,PF03401,TctC,42.38186464548598,clan average
CL0192,GPCR_A,61.321635356404734,,PF03402,V1R,61.321635356404734,clan average
CL0028,AB_hydrolase,52.59920164328964,,PF03403,PAF-AH_p_II,52.59920164328964,clan average
CL0159,E-set,39.30318005993802,,PF03404,Mo-co_dimer,39.30318005993802,clan average
CL0110,GT-A,34.54581239323872,,PF03407,Nucleotid_trans,34.54581239323872,clan average
CL0110,GT-A,34.54581239323872,,PF03414,Glyco_transf_6,34.54581239323872,clan average
CL0202,GBD,38.45146891966387,,PF03422,CBM_6,38.45146891966387,clan average
CL0202,GBD,38.45146891966387,,PF03424,CBM_17_28,38.45146891966387,clan average
CL0202,GBD,38.45146891966387,,PF03425,CBM_11,38.45146891966387,clan average
CL0202,GBD,38.45146891966387,,PF03426,CBM_15,38.45146891966387,clan average
CL0036,CL0036,47.817104032709544,,PF03437,BtpA,47.817104032709544,clan average
CL0056,C_Lectin,29.746108227159635,,PF03440,APT,29.746108227159635,clan average
CL0159,E-set,39.30318005993802,,PF03442,CBM_X2,39.30318005993802,clan average
CL0123,CL0123,26.143931567951604,,PF03444,WHD_HrcA,26.143931567951604,clan average
CL0063,NADP_Rossmann,39.26278572618697,,PF03446,NAD_binding_2,39.26278572618697,clan average
CL0063,NADP_Rossmann,39.26278572618697,,PF03447,NAD_binding_3,39.26278572618697,clan average
CL0186,Beta_propeller,21.67085124951681,,PF03451,HELP,21.67085124951681,clan average
CL0110,GT-A,34.54581239323872,,PF03452,Anp1,34.54581239323872,clan average
CL0177,PBP,42.38186464548598,,PF03466,LysR_substrate,42.38186464548598,clan average
CL0036,CL0036,47.817104032709544,,PF03473,MOSC,47.817104032709544,clan average
CL0214,CL0214,28.487959910306852,,PF03474,DMA,28.487959910306852,clan average
CL0186,Beta_propeller,21.67085124951681,,PF03478,Beta-prop_KIB1-4,21.67085124951681,clan average
CL0177,PBP,42.38186464548598,,PF03480,DctP,42.38186464548598,clan average
CL0113,GT-B,39.69306779022893,,PF03481,Sua5_C,39.69306779022893,clan average
CL0123,CL0123,26.143931567951604,,PF03484,B5,26.143931567951604,clan average
CL0063,NADP_Rossmann,39.26278572618697,,PF03486,HI0933_like,39.26278572618697,clan average
CL0053,4H_Cytokine,43.86631444784311,,PF03487,IL13,43.86631444784311,clan average
CL0066,Trefoil,35.92321202056283,,PF03498,CDtoxinA,35.92321202056283,clan average
CL0123,CL0123,26.143931567951604,,PF03501,S10_plectin,26.143931567951604,clan average
CL0159,E-set,39.30318005993802,,PF03504,Chlam_OMP6,39.30318005993802,clan average
CL0202,GBD,38.45146891966387,,PF03505,Clenterotox,38.45146891966387,clan average
CL0124,Peptidase_PA,45.31439166881245,,PF03510,Peptidase_C24,45.31439166881245,clan average
CL0103,Gal_mutarotase,47.39329832829262,,PF03512,Glyco_hydro_52,47.39329832829262,clan average
CL0877,CL0877,54.29560356429129,,PF03527,RHS,54.29560356429129,clan average
CL0036,CL0036,47.817104032709544,,PF03537,Glyco_hydro_114,47.817104032709544,clan average
CL0129,Peptidase_AA,31.398146505186542,,PF03539,Spuma_A9PTase,31.398146505186542,clan average
CL0123,CL0123,26.143931567951604,,PF03551,PadR,26.143931567951604,clan average
CL0220,CL0220,19.573838134150012,,PF03556,Cullin_binding,19.573838134150012,clan average
CL0202,GBD,38.45146891966387,,PF03561,Allantoicase,38.45146891966387,clan average
CL0023,P-loop_NTPase,49.395498104103346,,PF03567,Sulfotransfer_2,49.395498104103346,clan average
CL0028,AB_hydrolase,52.59920164328964,,PF03583,LIP,52.59920164328964,clan average
CL0062,APC,53.52314572334289,,PF03594,BenE,53.52314572334289,clan average
CL0036,CL0036,47.817104032709544,,PF03599,CdhD,47.817104032709544,clan average
CL0063,NADP_Rossmann,39.26278572618697,,PF03602,Cons_hypoth95,39.26278572618697,clan average
CL0023,P-loop_NTPase,49.395498104103346,,PF03618,Kinase-PPPase,49.395498104103346,clan average
CL0192,GPCR_A,61.321635356404734,,PF03619,Solute_trans_a,61.321635356404734,clan average
CL0264,SGNH_hydrolase,54.3363812310355,,PF03629,SASA,54.3363812310355,clan average
CL0108,Actin_ATPase,53.90403366088867,,PF03630,Fumble,53.90403366088867,clan average
CL0059,6_Hairpin,36.79082130018444,,PF03632,Glyco_hydro_65m,36.79082130018444,clan average
CL0103,Gal_mutarotase,47.39329832829262,,PF03636,Glyco_hydro_65N,47.39329832829262,clan average
CL0103,Gal_mutarotase,47.39329832829262,,PF03639,Glyco_hydro_81,47.39329832829262,clan average
CL0349,SLOG,41.81280368953556,,PF03641,Lysine_decarbox,41.81280368953556,clan average
CL0135,CL0135,46.046028838419694,,PF03643,Vps26,46.046028838419694,clan average
CL0036,CL0036,47.817104032709544,,PF03644,Glyco_hydro_85,47.817104032709544,clan average
CL0036,CL0036,47.817104032709544,,PF03659,Glyco_hydro_71,47.817104032709544,clan average
CL0036,CL0036,47.817104032709544,,PF03662,Glyco_hydro_79n,47.817104032709544,clan average
CL0059,6_Hairpin,36.79082130018444,,PF03663,Glyco_hydro_76,36.79082130018444,clan average
CL0023,P-loop_NTPase,49.395498104103346,,PF03668,RapZ-like_N,49.395498104103346,clan average
CL0123,CL0123,26.143931567951604,,PF03683,UPF0175,26.143931567951604,clan average
CL0063,NADP_Rossmann,39.26278572618697,,PF03686,UPF0146,39.26278572618697,clan average
CL0137,HAD,36.67203203138414,,PF03690,MYG1_exonuc,36.67203203138414,clan average
CL0108,Actin_ATPase,53.90403366088867,,PF03702,AnmK,53.90403366088867,clan average
CL0020,TPR,20.933170225539683,,PF03704,BTAD,20.933170225539683,clan average
CL0287,Transthyretin,45.35773909364972,,PF03714,PUD,45.35773909364972,clan average
CL0268,Pec_lyase-like,59.950592041015625,,PF03718,Glyco_hydro_49,59.950592041015625,clan average
CL0063,NADP_Rossmann,39.26278572618697,,PF03721,UDPG_MGDP_dh_N,39.26278572618697,clan average
CL0108,Actin_ATPase,53.90403366088867,,PF03727,Hexokinase_2,53.90403366088867,clan average
CL0128,vWA-like,49.95459311089533,,PF03731,Ku_N,49.95459311089533,clan average
CL0364,Leu-IlvD,34.406701321504556,,PF03737,RraA-like,34.406701321504556,clan average
CL0036,CL0036,47.817104032709544,,PF03740,PdxJ,47.817104032709544,clan average
CL0050,CL0050,69.57307925406917,,PF03756,AfsA,69.57307925406917,clan average
CL0124,Peptidase_PA,45.31439166881245,,PF03761,DUF316,45.31439166881245,clan average
CL0214,CL0214,28.487959910306852,,PF03765,CRAL_TRIO_N,28.487959910306852,clan average
CL0137,HAD,36.67203203138414,,PF03767,Acid_phosphat_B,36.67203203138414,clan average
CL0016,PKinase,54.43067383486503,,PF03770,IPK,54.43067383486503,clan average
CL0268,Pec_lyase-like,59.950592041015625,,PF03775,MinC_C,59.950592041015625,clan average
CL0159,E-set,39.30318005993802,,PF03785,Peptidase_C25_C,39.30318005993802,clan average
CL0036,CL0036,47.817104032709544,,PF03786,UxuA,47.817104032709544,clan average
CL0023,P-loop_NTPase,49.395498104103346,,PF03796,DnaB_C,49.395498104103346,clan average
CL0063,NADP_Rossmann,39.26278572618697,,PF03807,F420_oxidored,39.26278572618697,clan average
CL0063,NADP_Rossmann,39.26278572618697,,PF03808,Glyco_tran_WecG,39.26278572618697,clan average
CL0020,TPR,20.933170225539683,,PF03810,IBN_N,20.933170225539683,clan average
CL0015,CL0015,64.824742054381,,PF03825,Nuc_H_symport,64.824742054381,clan average
CL0062,APC,53.52314572334289,,PF03845,Spore_permease,53.52314572334289,clan average
CL0023,P-loop_NTPase,49.395498104103346,,PF03846,SulA,49.395498104103346,clan average
CL0063,NADP_Rossmann,39.26278572618697,,PF03848,TehB,39.26278572618697,clan average
CL0128,vWA-like,49.95459311089533,,PF03850,Tfb4,49.95459311089533,clan average
CL0036,CL0036,47.817104032709544,,PF03851,UvdE,47.817104032709544,clan average
CL0063,NADP_Rossmann,39.26278572618697,,PF03853,YjeF_N,39.26278572618697,clan average
CL0229,RING,23.531313780228857,,PF03854,zf-P11,23.531313780228857,clan average
CL0016,PKinase,54.43067383486503,,PF03881,Fructosamin_kin,54.43067383486503,clan average
CL0028,AB_hydrolase,52.59920164328964,,PF03893,Lipase3_N,52.59920164328964,clan average
CL0159,E-set,39.30318005993802,,PF03896,TRAP_alpha,39.30318005993802,clan average
CL0165,Cache,45.265474438507106,,PF03924,CHASE,45.265474438507106,clan average
CL0033,CL0033,32.491583815673984,,PF03931,Skp1_POZ,32.491583815673984,clan average
CL0036,CL0036,47.817104032709544,,PF03932,CutC,47.817104032709544,clan average
CL0214,CL0214,28.487959910306852,,PF03943,TAP_C,28.487959910306852,clan average
CL0202,GBD,38.45146891966387,,PF03944,Endotoxin_C,38.45146891966387,clan average
CL0063,NADP_Rossmann,39.26278572618697,,PF03949,Malic_M,39.26278572618697,clan average
CL0028,AB_hydrolase,52.59920164328964,,PF03959,FSH1,52.59920164328964,clan average
CL0172,Thioredoxin,39.25019227930494,,PF03960,ArsC,39.25019227930494,clan average
CL0268,Pec_lyase-like,59.950592041015625,,PF03961,FapA,59.950592041015625,clan average
CL0123,CL0123,26.143931567951604,,PF03962,Mnd1,26.143931567951604,clan average
CL0023,P-loop_NTPase,49.395498104103346,,PF03976,PPK2,49.395498104103346,clan average
CL0186,Beta_propeller,21.67085124951681,,PF03984,DUF346,21.67085124951681,clan average
CL0264,SGNH_hydrolase,54.3363812310355,,PF03996,Hema_esterase,54.3363812310355,clan average
CL0113,GT-B,39.69306779022893,,PF04007,DUF354,39.69306779022893,clan average
CL0063,NADP_Rossmann,39.26278572618697,,PF04016,DUF364,39.26278572618697,clan average
CL0163,Calcineurin,33.14147429971037,,PF04042,DNA_pol_E_B,33.14147429971037,clan average
CL0020,TPR,20.933170225539683,,PF04048,Sec8_N,20.933170225539683,clan average
CL0020,TPR,20.933170225539683,,PF04050,Upf2,20.933170225539683,clan average
CL0186,Beta_propeller,21.67085124951681,,PF04053,B-prop_COPA_B_2nd,21.67085124951681,clan average
CL0036,CL0036,47.817104032709544,,PF04055,Radical_SAM,47.817104032709544,clan average
CL0128,vWA-like,49.95459311089533,,PF04056,Ssl1,49.95459311089533,clan average
CL0177,PBP,42.38186464548598,,PF04069,OpuAC,42.38186464548598,clan average
CL0063,NADP_Rossmann,39.26278572618697,,PF04072,LCM,39.26278572618697,clan average
CL0192,GPCR_A,61.321635356404734,,PF04080,Per1,61.321635356404734,clan average
CL0023,P-loop_NTPase,49.395498104103346,,PF04084,RecA-like_ORC2,49.395498104103346,clan average
CL0124,Peptidase_PA,45.31439166881245,,PF04085,MreC,45.31439166881245,clan average
CL0036,CL0036,47.817104032709544,,PF04095,NAPRTase,47.817104032709544,clan average
CL0661,Gain,28.363798955819796,,PF04096,Nucleoporin2,28.363798955819796,clan average
CL0113,GT-B,39.69306779022893,,PF04101,Glyco_tran_28_C,39.69306779022893,clan average
CL0063,NADP_Rossmann,39.26278572618697,,PF04127,DFP,39.26278572618697,clan average
CL0036,CL0036,47.817104032709544,,PF04131,NanE,47.817104032709544,clan average
CL0020,TPR,20.933170225539683,,PF04136,COG3_N,20.933170225539683,clan average
CL0202,GBD,38.45146891966387,,PF04151,PPC,38.45146891966387,clan average
CL0123,CL0123,26.143931567951604,,PF04182,B-block_TFIIIC,26.143931567951604,clan average
CL0016,PKinase,54.43067383486503,,PF04183,IucA_IucC,54.43067383486503,clan average
CL0088,Alk_phosphatase,45.54647203577954,,PF04185,Phosphoesterase,45.54647203577954,clan average
CL0063,NADP_Rossmann,39.26278572618697,,PF04198,Sugar-bind,39.26278572618697,clan average
CL0364,Leu-IlvD,34.406701321504556,,PF04199,Cyclase,34.406701321504556,clan average
CL0172,Thioredoxin,39.25019227930494,,PF04214,DUF411,39.25019227930494,clan average
CL0123,CL0123,26.143931567951604,,PF04218,CENP-B_N,26.143931567951604,clan average
CL0187,LysM,31.901580333709717,,PF04225,LysM_OapA,31.901580333709717,clan average
CL0126,Peptidase_MA,36.71989303811342,,PF04228,Zn_peptidase,36.71989303811342,clan average
CL0113,GT-B,39.69306779022893,,PF04230,PS_pyruv_trans,39.69306779022893,clan average
CL0263,His-Me_finger,42.13259963155944,,PF04231,Endonuclease_1,42.13259963155944,clan average
CL0159,E-set,39.30318005993802,,PF04234,CopC,39.30318005993802,clan average
CL0123,CL0123,26.143931567951604,,PF04255,DUF433,26.143931567951604,clan average
CL0123,CL0123,26.143931567951604,,PF04256,DUF434,26.143931567951604,clan average
CL0023,P-loop_NTPase,49.395498104103346,,PF04257,RecC_N,49.395498104103346,clan average
CL0023,P-loop_NTPase,49.395498104103346,,PF04275,P-mevalo_kinase,49.395498104103346,clan average
CL0123,CL0123,26.143931567951604,,PF04297,UPF0122,26.143931567951604,clan average
CL0126,Peptidase_MA,36.71989303811342,,PF04298,Zn_peptidase_2,36.71989303811342,clan average
CL0202,GBD,38.45146891966387,,PF04300,FBA,38.45146891966387,clan average
CL0028,AB_hydrolase,52.59920164328964,,PF04301,BioG,52.59920164328964,clan average
CL0036,CL0036,47.817104032709544,,PF04309,G3P_antiterm,47.817104032709544,clan average
CL0023,P-loop_NTPase,49.395498104103346,,PF04310,MukB,49.395498104103346,clan average
CL0264,SGNH_hydrolase,54.3363812310355,,PF04311,DUF459,54.3363812310355,clan average
CL0159,E-set,39.30318005993802,,PF04314,LpqE-like,39.30318005993802,clan average
CL0144,Periplas_BP,59.400154176035784,,PF04348,LppC,59.400154176035784,clan average
CL0103,Gal_mutarotase,47.39329832829262,,PF04349,MdoG,47.39329832829262,clan average
CL0123,CL0123,26.143931567951604,,PF04358,DsrC,26.143931567951604,clan average
CL0070,CL0070,66.56825862975452,,PF04359,DUF493,66.56825862975452,clan average
CL0063,NADP_Rossmann,39.26278572618697,,PF04378,RsmJ,39.26278572618697,clan average
CL0159,E-set,39.30318005993802,,PF04379,DUF525,39.30318005993802,clan average
CL0123,CL0123,26.143931567951604,,PF04383,KilA-N,26.143931567951604,clan average
CL0144,Periplas_BP,59.400154176035784,,PF04392,ABC_sub_bind,59.400154176035784,clan average
CL0123,CL0123,26.143931567951604,,PF04408,WHD_HA2,26.143931567951604,clan average
CL0866,CL0866,22.986264376796857,,PF04410,Gar1,22.986264376796857,clan average
CL0113,GT-B,39.69306779022893,,PF04413,Glycos_transf_N,39.69306779022893,clan average
CL0123,CL0123,26.143931567951604,,PF04433,SWIRM,26.143931567951604,clan average
CL0063,NADP_Rossmann,39.26278572618697,,PF04445,SAM_MT,39.26278572618697,clan average
CL0126,Peptidase_MA,36.71989303811342,,PF04450,BSP,36.71989303811342,clan average
CL0113,GT-B,39.69306779022893,,PF04464,Glyphos_transf,39.69306779022893,clan average
CL0023,P-loop_NTPase,49.395498104103346,,PF04465,DUF499,49.395498104103346,clan average
CL0023,P-loop_NTPase,49.395498104103346,,PF04466,Terminase_3,49.395498104103346,clan average
CL0036,CL0036,47.817104032709544,,PF04476,4HFCP_synth,47.817104032709544,clan average
CL0036,CL0036,47.817104032709544,,PF04481,DUF561,47.817104032709544,clan average
CL0110,GT-A,34.54581239323872,,PF04488,Gly_transf_sug,34.54581239323872,clan average
CL0123,CL0123,26.143931567951604,,PF04492,Phage_rep_O,26.143931567951604,clan average
CL0123,CL0123,26.143931567951604,,PF04504,GeBP-like_DBD,26.143931567951604,clan average
CL0123,CL0123,26.143931567951604,,PF04512,Baculo_PEP_N,26.143931567951604,clan average
CL0073,CL0073,55.31204220338533,,PF04516,CP2,55.31204220338533,clan average
CL0268,Pec_lyase-like,59.950592041015625,,PF04519,Bactofilin,59.950592041015625,clan average
CL0063,NADP_Rossmann,39.26278572618697,,PF04536,TPM_phosphatase,39.26278572618697,clan average
CL0123,CL0123,26.143931567951604,,PF04539,Sigma70_r3,26.143931567951604,clan average
CL0123,CL0123,26.143931567951604,,PF04542,Sigma70_r2,26.143931567951604,clan average
CL0123,CL0123,26.143931567951604,,PF04545,Sigma70_r4,26.143931567951604,clan average
CL0023,P-loop_NTPase,49.395498104103346,,PF04548,AIG1,49.395498104103346,clan average
CL0036,CL0036,47.817104032709544,,PF04551,GcpE,47.817104032709544,clan average
CL0293,CL0293,108.55528087486567,,PF04598,Gasdermin,108.55528087486567,clan average
CL0066,Trefoil,35.92321202056283,,PF04601,DUF569,35.92321202056283,clan average
CL0063,NADP_Rossmann,39.26278572618697,,PF04613,LpxD,39.26278572618697,clan average
CL0202,GBD,38.45146891966387,,PF04620,FlaA,38.45146891966387,clan average
CL0110,GT-A,34.54581239323872,,PF04646,DUF604,34.54581239323872,clan average
CL0016,PKinase,54.43067383486503,,PF04655,APH_6_hur,54.43067383486503,clan average
CL0023,P-loop_NTPase,49.395498104103346,,PF04665,Pox_A32,49.395498104103346,clan average
CL0110,GT-A,34.54581239323872,,PF04666,MGAT4_cons,34.54581239323872,clan average
CL0023,P-loop_NTPase,49.395498104103346,,PF04670,Gtr1_RagA,49.395498104103346,clan average
CL0063,NADP_Rossmann,39.26278572618697,,PF04672,Methyltransf_19,39.26278572618697,clan average
CL0059,6_Hairpin,36.79082130018444,,PF04685,GH116_catalytic,36.79082130018444,clan average
CL0123,CL0123,26.143931567951604,,PF04703,FaeA,26.143931567951604,clan average
CL0202,GBD,38.45146891966387,,PF04721,PAW,38.45146891966387,clan average
CL0063,NADP_Rossmann,39.26278572618697,,PF04723,GRDA,39.26278572618697,clan average
CL0110,GT-A,34.54581239323872,,PF04724,Glyco_transf_17,34.54581239323872,clan average
CL0159,E-set,39.30318005993802,,PF04729,ASF1_hist_chap,39.30318005993802,clan average
CL0123,CL0123,26.143931567951604,,PF04760,IF2_N,26.143931567951604,clan average
CL0186,Beta_propeller,21.67085124951681,,PF04762,Beta-prop_ELP1_1st,21.67085124951681,clan average
CL0110,GT-A,34.54581239323872,,PF04765,TOD1_MUCI70,34.54581239323872,clan average
CL0159,E-set,39.30318005993802,,PF04775,Bile_Hydr_Trans,39.30318005993802,clan average
CL0192,GPCR_A,61.321635356404734,,PF04789,DUF621,61.321635356404734,clan average
CL0128,vWA-like,49.95459311089533,,PF04811,Sec23_trunk,49.95459311089533,clan average
CL0063,NADP_Rossmann,39.26278572618697,,PF04816,TrmK,39.26278572618697,clan average
CL0020,TPR,20.933170225539683,,PF04818,CID,20.933170225539683,clan average
CL0186,Beta_propeller,21.67085124951681,,PF04841,Vps16_N,21.67085124951681,clan average
CL0059,6_Hairpin,36.79082130018444,,PF04850,Baculo_E66,36.79082130018444,clan average
CL0023,P-loop_NTPase,49.395498104103346,,PF04851,ResIII,49.395498104103346,clan average
CL0202,GBD,38.45146891966387,,PF04862,DUF642,38.45146891966387,clan average
CL0001,EGF,28.046989523881532,,PF04863,EGF_alliinase,28.046989523881532,clan average
CL0159,E-set,39.30318005993802,,PF04881,Adeno_GP19K,39.30318005993802,clan average
CL0015,CL0015,64.824742054381,,PF04884,UVB_sens_prot,64.824742054381,clan average
CL0036,CL0036,47.817104032709544,,PF04898,Glu_syn_central,47.817104032709544,clan average
CL0003,SAM,26.063478920372884,,PF04904,SAM_NCD1,26.063478920372884,clan average
CL0172,Thioredoxin,39.25019227930494,,PF04908,SH3BGR,39.25019227930494,clan average
CL0036,CL0036,47.817104032709544,,PF04909,Amidohydro_2,47.817104032709544,clan average
CL0264,SGNH_hydrolase,54.3363812310355,,PF04914,DltD,54.3363812310355,clan average
CL0091,NAD_Ferredoxin,28.793387318886015,,PF04954,SIP,28.793387318886015,clan average
CL0123,CL0123,26.143931567951604,,PF04967,HTH_10,26.143931567951604,clan average
CL0063,NADP_Rossmann,39.26278572618697,,PF04989,RMNT_CmcI,39.26278572618697,clan average
CL0865,CL0865,40.222714415703074,,PF05013,FGase,40.222714415703074,clan average
CL0498,Nribosyltransf,43.3914988381522,,PF05014,Nuc_deoxyrib_tr,43.3914988381522,clan average
CL0202,GBD,38.45146891966387,,PF05018,CFA20_dom,38.45146891966387,clan average
CL0159,E-set,39.30318005993802,,PF05031,NEAT,39.30318005993802,clan average
CL0108,Actin_ATPase,53.90403366088867,,PF05035,DGOK,53.90403366088867,clan average
CL0123,CL0123,26.143931567951604,,PF05043,Mga,26.143931567951604,clan average
CL0172,Thioredoxin,39.25019227930494,,PF05047,L51_S25_CI-B8,39.25019227930494,clan average
CL0268,Pec_lyase-like,59.950592041015625,,PF05048,NosD,59.950592041015625,clan average
CL0063,NADP_Rossmann,39.26278572618697,,PF05050,Methyltransf_21,39.26278572618697,clan average
CL0028,AB_hydrolase,52.59920164328964,,PF05057,DUF676,52.59920164328964,clan average
CL0110,GT-A,34.54581239323872,,PF05060,MGAT2,34.54581239323872,clan average
CL0063,NADP_Rossmann,39.26278572618697,,PF05063,MT-A70,39.26278572618697,clan average
CL0123,CL0123,26.143931567951604,,PF05066,HARE-HTH,26.143931567951604,clan average
CL0036,CL0036,47.817104032709544,,PF05089,NAGLU,47.817104032709544,clan average
CL0186,Beta_propeller,21.67085124951681,,PF05096,Glu_cyclase_2,21.67085124951681,clan average
CL0159,E-set,39.30318005993802,,PF05109,Herpes_gp350_A,39.30318005993802,clan average
CL0036,CL0036,47.817104032709544,,PF05114,MbnB_TglH_ChrH,47.817104032709544,clan average
CL0137,HAD,36.67203203138414,,PF05116,S6PP,36.67203203138414,clan average
CL0023,P-loop_NTPase,49.395498104103346,,PF05127,NAT10_TcmA_helicase,49.395498104103346,clan average
CL0186,Beta_propeller,21.67085124951681,,PF05131,Pep3_Vps18,21.67085124951681,clan average
CL0108,Actin_ATPase,53.90403366088867,,PF05134,T2SSL,53.90403366088867,clan average
CL0059,6_Hairpin,36.79082130018444,,PF05147,LANC_like,36.79082130018444,clan average
CL0063,NADP_Rossmann,39.26278572618697,,PF05148,Methyltransf_8,39.26278572618697,clan average
CL0137,HAD,36.67203203138414,,PF05152,DUF705,36.67203203138414,clan average
CL0113,GT-B,39.69306779022893,,PF05159,Capsule_synth,39.69306779022893,clan average
CL0063,NADP_Rossmann,39.26278572618697,,PF05175,MTS,39.26278572618697,clan average
CL0023,P-loop_NTPase,49.395498104103346,,PF05179,CDC73_C,49.395498104103346,clan average
CL0123,CL0123,26.143931567951604,,PF05181,XPA_C,26.143931567951604,clan average
CL0063,NADP_Rossmann,39.26278572618697,,PF05185,PRMT5,39.26278572618697,clan average
CL0356,AMP_N-like,47.05576038360596,,PF05195,AMP_N,47.05576038360596,clan average
CL0063,NADP_Rossmann,39.26278572618697,,PF05199,GMC_oxred_C,39.26278572618697,clan average
CL0063,NADP_Rossmann,39.26278572618697,,PF05206,TRM13,39.26278572618697,clan average
CL0110,GT-A,34.54581239323872,,PF05212,DUF707,34.54581239323872,clan average
CL0063,NADP_Rossmann,39.26278572618697,,PF05219,DREV,39.26278572618697,clan average
CL0186,Beta_propeller,21.67085124951681,,PF05220,MgpC,21.67085124951681,clan average
CL0063,NADP_Rossmann,39.26278572618697,,PF05221,AdoHcyase,39.26278572618697,clan average
CL0063,NADP_Rossmann,39.26278572618697,,PF05222,AlaDh_PNT_N,39.26278572618697,clan average
CL0073,CL0073,55.31204220338533,,PF05224,NDT80_PhoG,55.31204220338533,clan average
CL0123,CL0123,26.143931567951604,,PF05225,HTH_psq,26.143931567951604,clan average
CL0165,Cache,45.265474438507106,,PF05228,CHASE4,45.265474438507106,clan average
CL0361,CL0361,19.612287324340578,,PF05253,zf-U11-48K,19.612287324340578,clan average
CL0730,CL0730,37.20880608945279,,PF05259,Herpes_UL1,37.20880608945279,clan average
CL0762,CL0762,59.452568493865854,,PF05268,GP38,59.452568493865854,clan average
CL0123,CL0123,26.143931567951604,,PF05269,Phage_CII,26.143931567951604,clan average
CL0066,Trefoil,35.92321202056283,,PF05270,AbfB,35.92321202056283,clan average
CL0023,P-loop_NTPase,49.395498104103346,,PF05272,VapE-like_dom,49.395498104103346,clan average
CL0028,AB_hydrolase,52.59920164328964,,PF05277,DUF726,52.59920164328964,clan average
CL0192,GPCR_A,61.321635356404734,,PF05296,TAS2R,61.321635356404734,clan average
CL0126,Peptidase_MA,36.71989303811342,,PF05299,Peptidase_M61,36.71989303811342,clan average
CL0263,His-Me_finger,42.13259963155944,,PF05315,ICEA,42.13259963155944,clan average
CL0004,Concanavalin,41.06090890681649,,PF05317,Thermopsin,41.06090890681649,clan average
CL0159,E-set,39.30318005993802,,PF05326,SVA,39.30318005993802,clan average
CL0123,CL0123,26.143931567951604,,PF05331,DUF742,26.143931567951604,clan average
CL0053,4H_Cytokine,43.86631444784311,,PF05337,CSF-1,43.86631444784311,clan average
CL0123,CL0123,26.143931567951604,,PF05339,DUF739,26.143931567951604,clan average
CL0865,CL0865,40.222714415703074,,PF05343,Peptidase_M42,40.222714415703074,clan average
CL0159,E-set,39.30318005993802,,PF05351,GMP_PDE_delta,39.30318005993802,clan average
CL0063,NADP_Rossmann,39.26278572618697,,PF05368,NmrA,39.26278572618697,clan average
CL0036,CL0036,47.817104032709544,,PF05369,MtmB,47.817104032709544,clan average
CL0108,Actin_ATPase,53.90403366088867,,PF05378,Hydant_A_N,53.90403366088867,clan average
CL0123,CL0123,26.143931567951604,,PF05383,La,26.143931567951604,clan average
CL0063,NADP_Rossmann,39.26278572618697,,PF05401,NodS,39.26278572618697,clan average
CL0123,CL0123,26.143931567951604,,PF05402,PqqD,26.143931567951604,clan average
CL0124,Peptidase_PA,45.31439166881245,,PF05409,Peptidase_C30,45.31439166881245,clan average
CL0059,6_Hairpin,36.79082130018444,,PF05426,Alginate_lyase,36.79082130018444,clan average
CL0063,NADP_Rossmann,39.26278572618697,,PF05430,Methyltransf_30,39.26278572618697,clan average
CL0016,PKinase,54.43067383486503,,PF05445,Pox_ser-thr_kin,54.43067383486503,clan average
CL0028,AB_hydrolase,52.59920164328964,,PF05448,AXE1,52.59920164328964,clan average
CL0960,CL0960,22.044313265744545,,PF05454,DAG1,22.044313265744545,clan average
CL0100,C1q_TNF,28.56269966287816,,PF05475,Chlam_vir,28.56269966287816,clan average
CL0020,TPR,20.933170225539683,,PF05484,LRV_FeS,20.933170225539683,clan average
CL0187,LysM,31.901580333709717,,PF05489,Phage_tail_X,31.901580333709717,clan average
CL0123,CL0123,26.143931567951604,,PF05491,WHD_RuvB,26.143931567951604,clan average
CL0023,P-loop_NTPase,49.395498104103346,,PF05496,RuvB_N,49.395498104103346,clan average
CL0037,Lysozyme,33.344959264069,,PF05497,Destabilase,33.344959264069,clan average
CL0062,APC,53.52314572334289,,PF05525,Branch_AA_trans,53.52314572334289,clan average
CL0126,Peptidase_MA,36.71989303811342,,PF05547,Peptidase_M6,36.71989303811342,clan average
CL0126,Peptidase_MA,36.71989303811342,,PF05548,Peptidase_M11,36.71989303811342,clan average
CL0263,His-Me_finger,42.13259963155944,,PF05551,zf-His_Me_endon,42.13259963155944,clan average
CL0159,E-set,39.30318005993802,,PF05566,Pox_vIL-18BP,39.30318005993802,clan average
CL0186,Beta_propeller,21.67085124951681,,PF05567,T4P_PilY1,21.67085124951681,clan average
CL0126,Peptidase_MA,36.71989303811342,,PF05569,Peptidase_M56,36.71989303811342,clan average
CL0063,NADP_Rossmann,39.26278572618697,,PF05575,V_cholerae_RfbT,39.26278572618697,clan average
CL0028,AB_hydrolase,52.59920164328964,,PF05577,Peptidase_S28,52.59920164328964,clan average
CL0124,Peptidase_PA,45.31439166881245,,PF05578,Peptidase_S31,45.31439166881245,clan average
CL0124,Peptidase_PA,45.31439166881245,,PF05579,Peptidase_S32,45.31439166881245,clan average
CL0124,Peptidase_PA,45.31439166881245,,PF05580,Peptidase_S55,45.31439166881245,clan average
CL0123,CL0123,26.143931567951604,,PF05584,Sulfolobus_pRN,26.143931567951604,clan average
CL0129,Peptidase_AA,31.398146505186542,,PF05585,DUF1758,31.398146505186542,clan average
CL0066,Trefoil,35.92321202056283,,PF05588,Botulinum_HA-17,35.92321202056283,clan average
CL0004,Concanavalin,41.06090890681649,,PF05592,Bac_rhamnosid,41.06090890681649,clan average
CL0268,Pec_lyase-like,59.950592041015625,,PF05594,Fil_haemagg,59.950592041015625,clan average
CL0361,CL0361,19.612287324340578,,PF05605,zf-Di19,19.612287324340578,clan average
CL0023,P-loop_NTPase,49.395498104103346,,PF05609,LAP1_C,49.395498104103346,clan average
CL0129,Peptidase_AA,31.398146505186542,,PF05618,RimB-like,31.398146505186542,clan average
CL0023,P-loop_NTPase,49.395498104103346,,PF05621,TniB,49.395498104103346,clan average
CL0015,CL0015,64.824742054381,,PF05631,MFS_5,64.824742054381,clan average
CL0110,GT-A,34.54581239323872,,PF05637,Glyco_transf_34,34.54581239323872,clan average
CL0165,Cache,45.265474438507106,,PF05651,Diacid_rec,45.265474438507106,clan average
CL0023,P-loop_NTPase,49.395498104103346,,PF05673,DUF815,49.395498104103346,clan average
CL0028,AB_hydrolase,52.59920164328964,,PF05677,DUF818,52.59920164328964,clan average
CL0113,GT-B,39.69306779022893,,PF05686,Glyco_transf_90,39.69306779022893,clan average
CL0159,E-set,39.30318005993802,,PF05688,BIg21,39.30318005993802,clan average
CL0056,C_Lectin,29.746108227159635,,PF05689,InvE_AD,29.746108227159635,clan average
CL0036,CL0036,47.817104032709544,,PF05690,ThiG,47.817104032709544,clan average
CL0036,CL0036,47.817104032709544,,PF05691,Raffinose_syn,47.817104032709544,clan average
CL0186,Beta_propeller,21.67085124951681,,PF05694,SBP56,21.67085124951681,clan average
CL0110,GT-A,34.54581239323872,,PF05704,Caps_synth,34.54581239323872,clan average
CL0028,AB_hydrolase,52.59920164328964,,PF05705,DUF829,52.59920164328964,clan average
CL0023,P-loop_NTPase,49.395498104103346,,PF05707,Zot,49.395498104103346,clan average
CL0063,NADP_Rossmann,39.26278572618697,,PF05711,TylF,39.26278572618697,clan average
CL0229,RING,23.531313780228857,,PF05715,zf-piccolo,23.531313780228857,clan average
CL0063,NADP_Rossmann,39.26278572618697,,PF05724,TPMT,39.26278572618697,clan average
CL0022,LRR,19.64065866466926,,PF05725,FNIP,19.64065866466926,clan average
CL0028,AB_hydrolase,52.59920164328964,,PF05728,UPF0227,52.59920164328964,clan average
CL0287,Transthyretin,45.35773909364972,,PF05738,Cna_B,45.35773909364972,clan average
CL0159,E-set,39.30318005993802,,PF05753,TRAP_beta,39.30318005993802,clan average
CL0128,vWA-like,49.95459311089533,,PF05762,VWA_CoxE,49.95459311089533,clan average
CL0023,P-loop_NTPase,49.395498104103346,,PF05763,DUF835,49.395498104103346,clan average
CL0263,His-Me_finger,42.13259963155944,,PF05766,NinG,42.13259963155944,clan average
CL0172,Thioredoxin,39.25019227930494,,PF05768,Glrx-like,39.25019227930494,clan average
CL0186,Beta_propeller,21.67085124951681,,PF05787,PhoX,21.67085124951681,clan average
CL0059,6_Hairpin,36.79082130018444,,PF05817,Ribophorin_II,36.79082130018444,clan average
CL0137,HAD,36.67203203138414,,PF05822,UMPH-1,36.67203203138414,clan average
CL0721,CL0721,57.776428767613005,,PF05827,VAS1_LD,57.776428767613005,clan average
CL0113,GT-B,39.69306779022893,,PF05830,NodZ,39.69306779022893,clan average
CL0037,Lysozyme,33.344959264069,,PF05838,Glyco_hydro_108,33.344959264069,clan average
CL0123,CL0123,26.143931567951604,,PF05848,CtsR,26.143931567951604,clan average
CL0036,CL0036,47.817104032709544,,PF05853,BKACE,47.817104032709544,clan average
CL0268,Pec_lyase-like,59.950592041015625,,PF05860,TPS,59.950592041015625,clan average
CL0192,GPCR_A,61.321635356404734,,PF05875,Ceramidase,61.321635356404734,clan average
CL0023,P-loop_NTPase,49.395498104103346,,PF05876,GpA_ATPase,49.395498104103346,clan average
CL0023,P-loop_NTPase,49.395498104103346,,PF05879,RHD3_GTPase,49.395498104103346,clan average
CL0063,NADP_Rossmann,39.26278572618697,,PF05891,Methyltransf_PK,39.26278572618697,clan average
CL0023,P-loop_NTPase,49.395498104103346,,PF05894,Podovirus_Gp16,49.395498104103346,clan average
CL0105,CL0105,30.879097315387945,,PF05896,NQRA_N,30.879097315387945,clan average
CL0865,CL0865,40.222714415703074,,PF05908,Gamma_PGA_hydro,40.222714415703074,clan average
CL0287,Transthyretin,45.35773909364972,,PF05912,DUF870,45.35773909364972,clan average
CL0123,CL0123,26.143931567951604,,PF05920,Homeobox_KN,26.143931567951604,clan average
CL0570,CL0570,28.707923080342724,,PF05922,Inhibitor_I9,28.707923080342724,clan average
CL0123,CL0123,26.143931567951604,,PF05930,Phage_AlpA,26.143931567951604,clan average
CL0186,Beta_propeller,21.67085124951681,,PF05935,Arylsulfotrans,21.67085124951681,clan average
CL0287,Transthyretin,45.35773909364972,,PF05938,Self-incomp_S1,45.35773909364972,clan average
CL0056,C_Lectin,29.746108227159635,,PF05966,Chordopox_A33R,29.746108227159635,clan average
CL0023,P-loop_NTPase,49.395498104103346,,PF05970,PIF1,49.395498104103346,clan average
CL0063,NADP_Rossmann,39.26278572618697,,PF05971,Methyltransf_10,39.26278572618697,clan average
CL0015,CL0015,64.824742054381,,PF05977,MFS_3,64.824742054381,clan average
CL0015,CL0015,64.824742054381,,PF05978,UNC-93,64.824742054381,clan average
CL0028,AB_hydrolase,52.59920164328964,,PF05990,DUF900,52.59920164328964,clan average
CL0159,E-set,39.30318005993802,,PF06016,Reovirus_L2_8th,39.30318005993802,clan average
CL0063,NADP_Rossmann,39.26278572618697,,PF06026,Rib_5-P_isom_A,39.26278572618697,clan average
CL0028,AB_hydrolase,52.59920164328964,,PF06028,DUF915,52.59920164328964,clan average
CL0159,E-set,39.30318005993802,,PF06030,WxLIP_PGBD,39.30318005993802,clan average
CL0103,Gal_mutarotase,47.39329832829262,,PF06045,Rhamnogal_lyase,47.39329832829262,clan average
CL0023,P-loop_NTPase,49.395498104103346,,PF06048,DUF927,49.395498104103346,clan average
CL0108,Actin_ATPase,53.90403366088867,,PF06050,HGD-D,53.90403366088867,clan average
CL0159,E-set,39.30318005993802,,PF06051,DUF928,39.30318005993802,clan average
CL0172,Thioredoxin,39.25019227930494,,PF06053,DUF929,39.25019227930494,clan average
CL0123,CL0123,26.143931567951604,,PF06056,Terminase_5,26.143931567951604,clan average
CL0028,AB_hydrolase,52.59920164328964,,PF06057,VirJ,52.59920164328964,clan average
CL0063,NADP_Rossmann,39.26278572618697,,PF06080,DUF938,39.26278572618697,clan average
CL0016,PKinase,54.43067383486503,,PF06090,Ins_P5_2-kin,54.43067383486503,clan average
CL0172,Thioredoxin,39.25019227930494,,PF06110,TXD17-like_Trx,39.25019227930494,clan average
CL0126,Peptidase_MA,36.71989303811342,,PF06114,Peptidase_M78,36.71989303811342,clan average
CL0036,CL0036,47.817104032709544,,PF06134,RhaA,47.817104032709544,clan average
CL0023,P-loop_NTPase,49.395498104103346,,PF06144,DNA_pol3_delta,49.395498104103346,clan average
CL0263,His-Me_finger,42.13259963155944,,PF06147,DUF968,42.13259963155944,clan average
CL0020,TPR,20.933170225539683,,PF06148,COG2_N,20.933170225539683,clan average
CL0159,E-set,39.30318005993802,,PF06159,TRAPPC13_N,39.30318005993802,clan average
CL0103,Gal_mutarotase,47.39329832829262,,PF06165,GH94_b-supersand,47.39329832829262,clan average
CL0126,Peptidase_MA,36.71989303811342,,PF06167,Peptidase_M90,36.71989303811342,clan average
CL0016,PKinase,54.43067383486503,,PF06176,WaaY,54.43067383486503,clan average
CL0181,ABC-2,93.01661087463258,,PF06182,ABC2_membrane_6,93.01661087463258,clan average
CL0104,CL0104,35.83032244851205,,PF06185,YecM,35.83032244851205,clan average
CL0036,CL0036,47.817104032709544,,PF06187,DUF993,47.817104032709544,clan average
CL0059,6_Hairpin,36.79082130018444,,PF06202,GDE_C,36.79082130018444,clan average
CL0117,uPAR_Ly6_toxin,34.73212915719407,,PF06211,BAMBI,34.73212915719407,clan average
CL0159,E-set,39.30318005993802,,PF06214,SLAM,39.30318005993802,clan average
CL0361,CL0361,19.612287324340578,,PF06220,zf-U1,19.612287324340578,clan average
CL0066,Trefoil,35.92321202056283,,PF06229,FRG1,35.92321202056283,clan average
CL0541,CL0541,14.440437147122662,,PF06236,MelC1,14.440437147122662,clan average
CL0015,CL0015,64.824742054381,,PF06237,SLC52_ribofla_tr,64.824742054381,clan average
CL0020,TPR,20.933170225539683,,PF06248,Zw10_N,20.933170225539683,clan average
CL0036,CL0036,47.817104032709544,,PF06253,MTTB,47.817104032709544,clan average
CL0113,GT-B,39.69306779022893,,PF06258,Mito_fiss_Elm1,39.69306779022893,clan average
CL0028,AB_hydrolase,52.59920164328964,,PF06259,Abhydrolase_8,52.59920164328964,clan average
CL0126,Peptidase_MA,36.71989303811342,,PF06262,Zincin_1,36.71989303811342,clan average
CL0066,Trefoil,35.92321202056283,,PF06268,Fascin,35.92321202056283,clan average
CL0108,Actin_ATPase,53.90403366088867,,PF06277,EutA,53.90403366088867,clan average
CL0159,E-set,39.30318005993802,,PF06280,fn3_5,39.30318005993802,clan average
CL0016,PKinase,54.43067383486503,,PF06293,Kdo,54.43067383486503,clan average
CL0110,GT-A,34.54581239323872,,PF06306,CgtA,34.54581239323872,clan average
CL0023,P-loop_NTPase,49.395498104103346,,PF06309,Torsin,49.395498104103346,clan average
CL0016,PKinase,54.43067383486503,,PF06315,AceK_kinase,54.43067383486503,clan average
CL0287,Transthyretin,45.35773909364972,,PF06321,P_gingi_FimA,45.35773909364972,clan average
CL0123,CL0123,26.143931567951604,,PF06322,Phage_NinH,26.143931567951604,clan average
CL0063,NADP_Rossmann,39.26278572618697,,PF06325,PrmA,39.26278572618697,clan average
CL0028,AB_hydrolase,52.59920164328964,,PF06342,DUF1057,52.59920164328964,clan average
CL0202,GBD,38.45146891966387,,PF06366,FlhE,38.45146891966387,clan average
CL0036,CL0036,47.817104032709544,,PF06368,Met_asp_mut_E,47.817104032709544,clan average
CL0108,Actin_ATPase,53.90403366088867,,PF06406,StbA_N,53.90403366088867,clan average
CL0023,P-loop_NTPase,49.395498104103346,,PF06414,Zeta_toxin,49.395498104103346,clan average
CL0023,P-loop_NTPase,49.395498104103346,,PF06418,CTP_synth_N,49.395498104103346,clan average
CL0020,TPR,20.933170225539683,,PF06419,COG6_N,20.933170225539683,clan average
CL0181,ABC-2,93.01661087463258,,PF06422,PDR_CDR,93.01661087463258,clan average
CL0110,GT-A,34.54581239323872,,PF06427,UDP-g_GGTase,34.54581239323872,clan average
CL0186,Beta_propeller,21.67085124951681,,PF06433,Me-amine-dh_H,21.67085124951681,clan average
CL0364,Leu-IlvD,34.406701321504556,,PF06434,Aconitase_2_N,34.406701321504556,clan average
CL0028,AB_hydrolase,52.59920164328964,,PF06441,EHN,52.59920164328964,clan average
CL0192,GPCR_A,61.321635356404734,,PF06454,THH1_TOM1-3_dom,61.321635356404734,clan average
CL0145,Golgi-transport,23.901661429406698,,PF06456,Arfaptin,23.901661429406698,clan average
CL0063,NADP_Rossmann,39.26278572618697,,PF06460,CoV_Methyltr_2,39.26278572618697,clan average
CL0186,Beta_propeller,21.67085124951681,,PF06462,Hyd_WA,21.67085124951681,clan average
CL0154,C2,44.17300686820718,,PF06468,Spond_N,44.17300686820718,clan average
CL0026,CU_oxidase,37.06352279668489,,PF06481,COX_ARM,37.06352279668489,clan average
CL0056,C_Lectin,29.746108227159635,,PF06482,Endostatin,29.746108227159635,clan average
CL0159,E-set,39.30318005993802,,PF06483,ChiC,39.30318005993802,clan average
CL0172,Thioredoxin,39.25019227930494,,PF06491,Disulph_isomer,39.25019227930494,clan average
CL0028,AB_hydrolase,52.59920164328964,,PF06500,FrsA-like,52.59920164328964,clan average
CL0026,CU_oxidase,37.06352279668489,,PF06525,SoxE,37.06352279668489,clan average
CL0741,CL0741,33.26590141298113,,PF06534,RGM_C,33.26590141298113,clan average
CL0023,P-loop_NTPase,49.395498104103346,,PF06564,CBP_BcsQ,49.395498104103346,clan average
CL0117,uPAR_Ly6_toxin,34.73212915719407,,PF06579,Ly-6_related,34.73212915719407,clan average
CL0159,E-set,39.30318005993802,,PF06586,TraK_N,39.30318005993802,clan average
CL0015,CL0015,64.824742054381,,PF06609,TRI12,64.824742054381,clan average
CL0123,CL0123,26.143931567951604,,PF06627,DUF1153,26.143931567951604,clan average
CL0177,PBP,42.38186464548598,,PF06646,CypI,42.38186464548598,clan average
CL0375,Transporter,56.91298176266927,,PF06653,Claudin_3,56.91298176266927,clan average
CL0059,6_Hairpin,36.79082130018444,,PF06662,C5-epim_C,36.79082130018444,clan average
CL0865,CL0865,40.222714415703074,,PF06675,DUF1177,40.222714415703074,clan average
CL0192,GPCR_A,61.321635356404734,,PF06681,DUF1182,61.321635356404734,clan average
CL0375,Transporter,56.91298176266927,,PF06687,SUR7,56.91298176266927,clan average
CL0063,NADP_Rossmann,39.26278572618697,,PF06690,HcgC,39.26278572618697,clan average
CL0661,Gain,28.363798955819796,,PF06697,DUF1191,28.363798955819796,clan average
CL0128,vWA-like,49.95459311089533,,PF06707,DUF1194,49.95459311089533,clan average
CL0108,Actin_ATPase,53.90403366088867,,PF06723,MreB_Mbl,53.90403366088867,clan average
CL0145,Golgi-transport,23.901661429406698,,PF06730,FAM92,23.901661429406698,clan average
CL0023,P-loop_NTPase,49.395498104103346,,PF06733,DEAD_2,49.395498104103346,clan average
CL0016,PKinase,54.43067383486503,,PF06734,UL97,54.43067383486503,clan average
CL0037,Lysozyme,33.344959264069,,PF06737,Transglycosylas,33.344959264069,clan average
CL0186,Beta_propeller,21.67085124951681,,PF06739,SBBP,21.67085124951681,clan average
CL0020,TPR,20.933170225539683,,PF06743,FAST_1,20.933170225539683,clan average
CL0154,C2,44.17300686820718,,PF06744,IcmF_C,44.17300686820718,clan average
CL0023,P-loop_NTPase,49.395498104103346,,PF06745,ATPase,49.395498104103346,clan average
CL0036,CL0036,47.817104032709544,,PF06751,EutB,47.817104032709544,clan average
CL0172,Thioredoxin,39.25019227930494,,PF06764,DUF1223,39.25019227930494,clan average
CL0159,E-set,39.30318005993802,,PF06776,IalB,39.30318005993802,clan average
CL0015,CL0015,64.824742054381,,PF06779,MFS_4,64.824742054381,clan average
CL0123,CL0123,26.143931567951604,,PF06806,DUF1233,26.143931567951604,clan average
CL0015,CL0015,64.824742054381,,PF06813,Nodulin-like,64.824742054381,clan average
CL0192,GPCR_A,61.321635356404734,,PF06814,GOST_TM,61.321635356404734,clan average
CL0028,AB_hydrolase,52.59920164328964,,PF06821,Ser_hydrolase,52.59920164328964,clan average
CL0059,6_Hairpin,36.79082130018444,,PF06824,Glyco_hydro_125,36.79082130018444,clan average
CL0159,E-set,39.30318005993802,,PF06832,BiPBP_C,39.30318005993802,clan average
CL0063,NADP_Rossmann,39.26278572618697,,PF06849,DUF1246,39.26278572618697,clan average
CL0028,AB_hydrolase,52.59920164328964,,PF06850,PHB_depo_C,52.59920164328964,clan average
CL0023,P-loop_NTPase,49.395498104103346,,PF06858,NOG1,49.395498104103346,clan average
CL0063,NADP_Rossmann,39.26278572618697,,PF06859,Bin3,39.26278572618697,clan average
CL0037,Lysozyme,33.344959264069,,PF06871,TraH_2,33.344959264069,clan average
CL0053,4H_Cytokine,43.86631444784311,,PF06875,PRF,43.86631444784311,clan average
CL0137,HAD,36.67203203138414,,PF06888,Put_Phosphatase,36.67203203138414,clan average
CL0349,SLOG,41.81280368953556,,PF06908,YpsA,41.81280368953556,clan average
CL0023,P-loop_NTPase,49.395498104103346,,PF06911,Senescence,49.395498104103346,clan average
CL0059,6_Hairpin,36.79082130018444,,PF06917,Pectate_lyase_2,36.79082130018444,clan average
CL0020,TPR,20.933170225539683,,PF06920,DHR-2_Lobe_A,20.933170225539683,clan average
CL0113,GT-B,39.69306779022893,,PF06925,MGDG_synth,39.69306779022893,clan average
CL0137,HAD,36.67203203138414,,PF06941,NT5C,36.67203203138414,clan average
CL0172,Thioredoxin,39.25019227930494,,PF06953,ArsD,39.25019227930494,clan average
CL0726,CL0726,17.73996816235374,,PF06954,Resistin,17.73996816235374,clan average
CL0004,Concanavalin,41.06090890681649,,PF06955,XET_C,41.06090890681649,clan average
CL0063,NADP_Rossmann,39.26278572618697,,PF06962,rRNA_methylase,39.26278572618697,clan average
CL0015,CL0015,64.824742054381,,PF06963,FPN1,64.824742054381,clan average
CL0369,GHD,27.770430530606422,,PF06964,Alpha-L-AF_C,27.770430530606422,clan average
CL0123,CL0123,26.143931567951604,,PF06969,HemN_C,26.143931567951604,clan average
CL0123,CL0123,26.143931567951604,,PF06970,RepA_N,26.143931567951604,clan average
CL0123,CL0123,26.143931567951604,,PF06971,Put_DNA-bind_N,26.143931567951604,clan average
CL0214,CL0214,28.487959910306852,,PF06972,GIP1_N,28.487959910306852,clan average
CL0186,Beta_propeller,21.67085124951681,,PF06977,SdiA-regulated,21.67085124951681,clan average
CL0104,CL0104,35.83032244851205,,PF06983,3-dmu-9_3-mt,35.83032244851205,clan average
CL0128,vWA-like,49.95459311089533,,PF07002,Copine,49.95459311089533,clan average
CL0023,P-loop_NTPase,49.395498104103346,,PF07015,VirC1,49.395498104103346,clan average
CL0063,NADP_Rossmann,39.26278572618697,,PF07021,MetW,39.26278572618697,clan average
CL0123,CL0123,26.143931567951604,,PF07022,Phage_CI_repr,26.143931567951604,clan average
CL0023,P-loop_NTPase,49.395498104103346,,PF07034,ORC3_N,49.395498104103346,clan average
CL0063,NADP_Rossmann,39.26278572618697,,PF07055,Eno-Rase_FAD_bd,39.26278572618697,clan average
CL0375,Transporter,56.91298176266927,,PF07062,Clc-like,56.91298176266927,clan average
CL0135,CL0135,46.046028838419694,,PF07070,Spo0M,46.046028838419694,clan average
CL0036,CL0036,47.817104032709544,,PF07071,KDGP_aldolase,47.817104032709544,clan average
CL0063,NADP_Rossmann,39.26278572618697,,PF07075,NamZ_N,39.26278572618697,clan average
CL0004,Concanavalin,41.06090890681649,,PF07081,DUF1349,41.06090890681649,clan average
CL0028,AB_hydrolase,52.59920164328964,,PF07082,DUF1350,52.59920164328964,clan average
CL0063,NADP_Rossmann,39.26278572618697,,PF07085,DRTGG,39.26278572618697,clan average
CL0023,P-loop_NTPase,49.395498104103346,,PF07088,GvpD_P-loop,49.395498104103346,clan average
CL0063,NADP_Rossmann,39.26278572618697,,PF07091,FmrO,39.26278572618697,clan average
CL0159,E-set,39.30318005993802,,PF07092,TMEM106,39.30318005993802,clan average
CL0123,CL0123,26.143931567951604,,PF07106,WHD_TBPIP,26.143931567951604,clan average
CL0063,NADP_Rossmann,39.26278572618697,,PF07109,Mg-por_mtran_C,39.26278572618697,clan average
CL0123,CL0123,26.143931567951604,,PF07120,DUF1376,26.143931567951604,clan average
CL0154,C2,44.17300686820718,,PF07162,B9-C2,44.17300686820718,clan average
CL0028,AB_hydrolase,52.59920164328964,,PF07167,PhaC_N,52.59920164328964,clan average
CL0028,AB_hydrolase,52.59920164328964,,PF07176,DUF1400,52.59920164328964,clan average
CL0004,Concanavalin,41.06090890681649,,PF07177,Neuralized,41.06090890681649,clan average
CL0159,E-set,39.30318005993802,,PF07198,DUF1410,39.30318005993802,clan average
CL0287,Transthyretin,45.35773909364972,,PF07210,DUF1416,45.35773909364972,clan average
CL0020,TPR,20.933170225539683,,PF07219,HemY_N,20.933170225539683,clan average
CL0059,6_Hairpin,36.79082130018444,,PF07221,GlcNAc_2-epim,36.79082130018444,clan average
CL0214,CL0214,28.487959910306852,,PF07223,DUF1421,28.487959910306852,clan average
CL0028,AB_hydrolase,52.59920164328964,,PF07224,Chlorophyllase,52.59920164328964,clan average
CL0159,E-set,39.30318005993802,,PF07233,DUF1425,39.30318005993802,clan average
CL0186,Beta_propeller,21.67085124951681,,PF07250,Glyoxal_oxid_N,21.67085124951681,clan average
CL0063,NADP_Rossmann,39.26278572618697,,PF07279,DUF1442,39.26278572618697,clan average
CL0172,Thioredoxin,39.25019227930494,,PF07315,DUF1462,39.25019227930494,clan average
CL0108,Actin_ATPase,53.90403366088867,,PF07318,DUF1464,53.90403366088867,clan average
CL0375,Transporter,56.91298176266927,,PF07344,Amastin,56.91298176266927,clan average
CL0159,E-set,39.30318005993802,,PF07353,Uroplakin_II,39.30318005993802,clan average
CL0159,E-set,39.30318005993802,,PF07354,Sp38,39.30318005993802,clan average
CL0123,CL0123,26.143931567951604,,PF07374,DUF1492,26.143931567951604,clan average
CL0314,CL0314,39.7510323495026,,PF07377,DUF1493,39.7510323495026,clan average
CL0123,CL0123,26.143931567951604,,PF07381,EarA,26.143931567951604,clan average
CL0016,PKinase,54.43067383486503,,PF07387,Seadorna_VP7,54.43067383486503,clan average
CL0113,GT-B,39.69306779022893,,PF07388,A-2_8-polyST,39.69306779022893,clan average
CL0088,Alk_phosphatase,45.54647203577954,,PF07394,DUF1501,45.54647203577954,clan average
CL0053,4H_Cytokine,43.86631444784311,,PF07400,IL11,43.86631444784311,clan average
CL0113,GT-B,39.69306779022893,,PF07429,Glyco_transf_56,39.69306779022893,clan average
CL0186,Beta_propeller,21.67085124951681,,PF07433,DUF1513,21.67085124951681,clan average
CL0172,Thioredoxin,39.25019227930494,,PF07449,HyaE,39.25019227930494,clan average
CL0123,CL0123,26.143931567951604,,PF07453,NUMOD1,26.143931567951604,clan average
CL0865,CL0865,40.222714415703074,,PF07454,SpoIIP,40.222714415703074,clan average
CL0066,Trefoil,35.92321202056283,,PF07468,Agglutinin,35.92321202056283,clan average
CL0059,6_Hairpin,36.79082130018444,,PF07470,Glyco_hydro_88,36.79082130018444,clan average
CL0036,CL0036,47.817104032709544,,PF07476,MAAL_C,47.817104032709544,clan average
CL0036,CL0036,47.817104032709544,,PF07488,Glyco_hydro_67M,47.817104032709544,clan average
CL0186,Beta_propeller,21.67085124951681,,PF07494,Reg_prop,21.67085124951681,clan average
CL0159,E-set,39.30318005993802,,PF07495,Y_Y_Y,39.30318005993802,clan average
CL0229,RING,23.531313780228857,,PF07496,zf-CW,23.531313780228857,clan average
CL0214,CL0214,28.487959910306852,,PF07499,RuvA_C,28.487959910306852,clan average
CL0036,CL0036,47.817104032709544,,PF07505,DUF5131,47.817104032709544,clan average
CL0123,CL0123,26.143931567951604,,PF07508,Recombinase,26.143931567951604,clan average
CL0263,His-Me_finger,42.13259963155944,,PF07510,GmrSD_C,42.13259963155944,clan average
CL0172,Thioredoxin,39.25019227930494,,PF07511,DUF1525,39.25019227930494,clan average
CL0023,P-loop_NTPase,49.395498104103346,,PF07517,SecA_DEAD,49.395498104103346,clan average
CL0159,E-set,39.30318005993802,,PF07523,Big_3,39.30318005993802,clan average
CL0159,E-set,39.30318005993802,,PF07532,Big_4,39.30318005993802,clan average
CL0361,CL0361,19.612287324340578,,PF07535,zf-DBF,19.612287324340578,clan average
CL0159,E-set,39.30318005993802,,PF07550,Shr-like_HID,39.30318005993802,clan average
CL0036,CL0036,47.817104032709544,,PF07555,NAGidase,47.817104032709544,clan average
CL0186,Beta_propeller,21.67085124951681,,PF07569,Hira,21.67085124951681,clan average
CL0056,C_Lectin,29.746108227159635,,PF07588,DUF1554,29.746108227159635,clan average
CL0268,Pec_lyase-like,59.950592041015625,,PF07602,DUF1565,59.950592041015625,clan average
CL0056,C_Lectin,29.746108227159635,,PF07603,Lcl_C,29.746108227159635,clan average
CL0126,Peptidase_MA,36.71989303811342,,PF07607,DUF1570,36.71989303811342,clan average
CL0264,SGNH_hydrolase,54.3363812310355,,PF07611,DUF1574,54.3363812310355,clan average
CL0004,Concanavalin,41.06090890681649,,PF07622,DUF1583,41.06090890681649,clan average
CL0023,P-loop_NTPase,49.395498104103346,,PF07652,Flavi_DEAD,49.395498104103346,clan average
CL0063,NADP_Rossmann,39.26278572618697,,PF07669,Eco57I,39.26278572618697,clan average
CL0020,TPR,20.933170225539683,,PF07671,DUF1601,20.933170225539683,clan average
CL0015,CL0015,64.824742054381,,PF07672,MFS_Mycoplasma,64.824742054381,clan average
CL0004,Concanavalin,41.06090890681649,,PF07675,Cleaved_Adhesin,41.06090890681649,clan average
CL0186,Beta_propeller,21.67085124951681,,PF07676,PD40,21.67085124951681,clan average
CL0172,Thioredoxin,39.25019227930494,,PF07689,KaiB,39.25019227930494,clan average
CL0023,P-loop_NTPase,49.395498104103346,,PF07693,KAP_NTPase,49.395498104103346,clan average
CL0192,GPCR_A,61.321635356404734,,PF07695,7TMR-DISM_7TM,61.321635356404734,clan average
CL0202,GBD,38.45146891966387,,PF07696,7TMR-DISMED2,38.45146891966387,clan average
CL0192,GPCR_A,61.321635356404734,,PF07698,7TM-7TMR_HD,61.321635356404734,clan average
CL0159,E-set,39.30318005993802,,PF07705,CARDB,39.30318005993802,clan average
CL0159,E-set,39.30318005993802,,PF07711,RabGGT_insert,39.30318005993802,clan average
CL0159,E-set,39.30318005993802,,PF07718,Coatamer_beta_C,39.30318005993802,clan average
CL0020,TPR,20.933170225539683,,PF07720,TPR_3,20.933170225539683,clan average
CL0020,TPR,20.933170225539683,,PF07721,TPR_4,20.933170225539683,clan average
CL0022,LRR,19.64065866466926,,PF07723,LRR_2,19.64065866466926,clan average
CL0023,P-loop_NTPase,49.395498104103346,,PF07724,AAA_2,49.395498104103346,clan average
CL0022,LRR,19.64065866466926,,PF07725,LRR_3,19.64065866466926,clan average
CL0023,P-loop_NTPase,49.395498104103346,,PF07726,AAA_3,49.395498104103346,clan average
CL0023,P-loop_NTPase,49.395498104103346,,PF07728,AAA_5,49.395498104103346,clan average
CL0186,Beta_propeller,21.67085124951681,,PF07734,FBA_1,21.67085124951681,clan average
CL0126,Peptidase_MA,36.71989303811342,,PF07737,ATLF,36.71989303811342,clan average
CL0202,GBD,38.45146891966387,,PF07738,Sad1_UNC,38.45146891966387,clan average
CL0036,CL0036,47.817104032709544,,PF07745,Glyco_hydro_53,47.817104032709544,clan average
CL0103,Gal_mutarotase,47.39329832829262,,PF07748,Glyco_hydro_38C,47.39329832829262,clan average
CL0023,P-loop_NTPase,49.395498104103346,,PF07755,DUF1611,49.395498104103346,clan average
CL0063,NADP_Rossmann,39.26278572618697,,PF07757,AdoMet_MTase,39.26278572618697,clan average
CL0159,E-set,39.30318005993802,,PF07760,DUF1616,39.30318005993802,clan average
CL0186,Beta_propeller,21.67085124951681,,PF07762,DUF1618,21.67085124951681,clan average
CL0186,Beta_propeller,21.67085124951681,,PF07774,EMC1_C,21.67085124951681,clan average
CL0375,Transporter,56.91298176266927,,PF07803,GSG-1,56.91298176266927,clan average
CL0016,PKinase,54.43067383486503,,PF07804,HipA_C,54.43067383486503,clan average
CL0028,AB_hydrolase,52.59920164328964,,PF07819,PGAP1,52.59920164328964,clan average
CL0369,GHD,27.770430530606422,,PF07821,Alpha-amyl_C2,27.770430530606422,clan average
CL0123,CL0123,26.143931567951604,,PF07825,Exc,26.143931567951604,clan average
CL0202,GBD,38.45146891966387,,PF07828,PA-IL,38.45146891966387,clan average
CL0105,CL0105,30.879097315387945,,PF07831,PYNP_C,30.879097315387945,clan average
CL0123,CL0123,26.143931567951604,,PF07848,PaaX,26.143931567951604,clan average
CL0073,CL0073,55.31204220338533,,PF07887,Calmodulin_bind,55.31204220338533,clan average
CL0186,Beta_propeller,21.67085124951681,,PF07893,DUF1668,21.67085124951681,clan average
CL0172,Thioredoxin,39.25019227930494,,PF07912,ERp29_N,39.25019227930494,clan average
CL0016,PKinase,54.43067383486503,,PF07914,DUF1679,54.43067383486503,clan average
CL0226,CL0226,43.485679190335,,PF07915,PRKCSH,43.485679190335,clan average
CL0113,GT-B,39.69306779022893,,PF07922,Glyco_transf_52,39.69306779022893,clan average
CL0023,P-loop_NTPase,49.395498104103346,,PF07931,CPT,49.395498104103346,clan average
CL0186,Beta_propeller,21.67085124951681,,PF07938,Fungal_lectin,21.67085124951681,clan average
CL0103,Gal_mutarotase,47.39329832829262,,PF07940,Hepar_II_III_C,47.39329832829262,clan average
CL0063,NADP_Rossmann,39.26278572618697,,PF07942,CARME,39.26278572618697,clan average
CL0059,6_Hairpin,36.79082130018444,,PF07944,Beta-AFase-like_GH127_cat,36.79082130018444,clan average
CL0066,Trefoil,35.92321202056283,,PF07951,Toxin_R_bind_C,35.92321202056283,clan average
CL0004,Concanavalin,41.06090890681649,,PF07953,Toxin_R_bind_N,41.06090890681649,clan average
CL0172,Thioredoxin,39.25019227930494,,PF07955,DUF1687,39.25019227930494,clan average
CL0036,CL0036,47.817104032709544,,PF07969,Amidohydro_3,47.817104032709544,clan average
CL0059,6_Hairpin,36.79082130018444,,PF07971,Glyco_hydro_92,36.79082130018444,clan average
CL0229,RING,23.531313780228857,,PF07975,C1_4,23.531313780228857,clan average
CL0172,Thioredoxin,39.25019227930494,,PF07976,Phe_hydrox_dim,39.25019227930494,clan average
CL0050,CL0050,69.57307925406917,,PF07977,FabA,69.57307925406917,clan average
CL0056,C_Lectin,29.746108227159635,,PF07979,Intimin_C,29.746108227159635,clan average
CL0063,NADP_Rossmann,39.26278572618697,,PF07985,SRR1,39.26278572618697,clan average
CL0159,E-set,39.30318005993802,,PF07987,DUF1775,39.30318005993802,clan average
CL0063,NADP_Rossmann,39.26278572618697,,PF07991,KARI_N,39.26278572618697,clan average
CL0063,NADP_Rossmann,39.26278572618697,,PF07992,Pyr_redox_2,39.26278572618697,clan average
CL0063,NADP_Rossmann,39.26278572618697,,PF07993,NAD_binding_4,39.26278572618697,clan average
CL0063,NADP_Rossmann,39.26278572618697,,PF07994,NAD_binding_5,39.26278572618697,clan average
CL0186,Beta_propeller,21.67085124951681,,PF07995,GSDH,21.67085124951681,clan average
CL0126,Peptidase_MA,36.71989303811342,,PF07998,Peptidase_M54,36.71989303811342,clan average
CL0023,P-loop_NTPase,49.395498104103346,,PF07999,RHSP,49.395498104103346,clan average
CL0063,NADP_Rossmann,39.26278572618697,,PF08003,Methyltransf_9,39.26278572618697,clan average
CL0123,CL0123,26.143931567951604,,PF08004,DUF1699,26.143931567951604,clan average
CL0036,CL0036,47.817104032709544,,PF08013,GatZ_KbaZ-like,47.817104032709544,clan average
CL0126,Peptidase_MA,36.71989303811342,,PF08014,MATCAP,36.71989303811342,clan average
CL0866,CL0866,22.986264376796857,,PF08021,FAD_binding_9,22.986264376796857,clan average
CL0123,CL0123,26.143931567951604,,PF08100,Dimerisation,26.143931567951604,clan average
CL0063,NADP_Rossmann,39.26278572618697,,PF08123,DOT1,39.26278572618697,clan average
CL0059,6_Hairpin,36.79082130018444,,PF08124,Lyase_8_N,36.79082130018444,clan average
CL0866,CL0866,22.986264376796857,,PF08142,AARP2CN,22.986264376796857,clan average
CL0020,TPR,20.933170225539683,,PF08144,CPL,20.933170225539683,clan average
CL0186,Beta_propeller,21.67085124951681,,PF08149,BING4CT,21.67085124951681,clan average
CL0020,TPR,20.933170225539683,,PF08166,PELP1_HEAT,20.933170225539683,clan average
CL0186,Beta_propeller,21.67085124951681,,PF08168,NOL11_N,21.67085124951681,clan average
CL0154,C2,44.17300686820718,,PF08174,Anillin,44.17300686820718,clan average
CL0159,E-set,39.30318005993802,,PF08191,LRR_adjacent,39.30318005993802,clan average
CL0124,Peptidase_PA,45.31439166881245,,PF08192,Peptidase_S64,45.31439166881245,clan average
CL0361,CL0361,19.612287324340578,,PF08209,Sgf11,19.612287324340578,clan average
CL0123,CL0123,26.143931567951604,,PF08220,HTH_DeoR,26.143931567951604,clan average
CL0123,CL0123,26.143931567951604,,PF08221,HTH_9,26.143931567951604,clan average
CL0123,CL0123,26.143931567951604,,PF08222,HTH_CodY,26.143931567951604,clan average
CL0137,HAD,36.67203203138414,,PF08235,LNS2,36.67203203138414,clan average
CL0028,AB_hydrolase,52.59920164328964,,PF08237,PE-PPE,52.59920164328964,clan average
CL0004,Concanavalin,41.06090890681649,,PF08244,Glyco_hydro_32C,41.06090890681649,clan average
CL0023,P-loop_NTPase,49.395498104103346,,PF08245,Mur_ligase_M,49.395498104103346,clan average
CL0036,CL0036,47.817104032709544,,PF08267,Meth_synt_1,47.817104032709544,clan average
CL0186,Beta_propeller,21.67085124951681,,PF08268,FBA_3,21.67085124951681,clan average
CL0168,PAN,28.44032639879515,,PF08276,PAN_2,28.44032639879515,clan average
CL0168,PAN,28.44032639879515,,PF08277,PAN_3,28.44032639879515,clan average
CL0123,CL0123,26.143931567951604,,PF08279,HTH_11,26.143931567951604,clan average
CL0123,CL0123,26.143931567951604,,PF08280,HTH_Mga,26.143931567951604,clan average
CL0123,CL0123,26.143931567951604,,PF08281,Sigma70_r4_2,26.143931567951604,clan average
CL0137,HAD,36.67203203138414,,PF08282,Hydrolase_3,36.67203203138414,clan average
CL0113,GT-B,39.69306779022893,,PF08288,PIGA,39.69306779022893,clan average
CL0123,CL0123,26.143931567951604,,PF08299,Bac_DnaA_C,26.143931567951604,clan average
CL0023,P-loop_NTPase,49.395498104103346,,PF08303,tRNA_lig_kinase,49.395498104103346,clan average
CL0202,GBD,38.45146891966387,,PF08305,NPCBM,38.45146891966387,clan average
CL0036,CL0036,47.817104032709544,,PF08306,Glyco_hydro_98M,47.817104032709544,clan average
CL0287,Transthyretin,45.35773909364972,,PF08308,PEGA,45.35773909364972,clan average
CL0186,Beta_propeller,21.67085124951681,,PF08309,LVIVD,21.67085124951681,clan average
CL0186,Beta_propeller,21.67085124951681,,PF08310,LGFP,21.67085124951681,clan average
CL0020,TPR,20.933170225539683,,PF08311,Mad3_BUB1_I,20.933170225539683,clan average
CL0113,GT-B,39.69306779022893,,PF08323,Glyco_transf_5,39.69306779022893,clan average
CL0126,Peptidase_MA,36.71989303811342,,PF08325,WLM,36.71989303811342,clan average
CL0159,E-set,39.30318005993802,,PF08329,ChitinaseA_N,39.30318005993802,clan average
CL0023,P-loop_NTPase,49.395498104103346,,PF08351,TmcA_N,49.395498104103346,clan average
CL0220,CL0220,19.573838134150012,,PF08356,EF_assoc_2,19.573838134150012,clan average
CL0186,Beta_propeller,21.67085124951681,,PF08366,LLGL,21.67085124951681,clan average
CL0028,AB_hydrolase,52.59920164328964,,PF08386,Abhydrolase_4,52.59920164328964,clan average
CL0022,LRR,19.64065866466926,,PF08387,FBD,19.64065866466926,clan average
CL0020,TPR,20.933170225539683,,PF08389,Xpo1,20.933170225539683,clan average
CL0056,C_Lectin,29.746108227159635,,PF08391,Ly49,29.746108227159635,clan average
CL0145,Golgi-transport,23.901661429406698,,PF08397,IMD,23.901661429406698,clan average
CL0287,Transthyretin,45.35773909364972,,PF08400,phage_tail_N,45.35773909364972,clan average
CL0866,CL0866,22.986264376796857,,PF08408,DNA_pol_B_3,22.986264376796857,clan average
CL0220,CL0220,19.573838134150012,,PF08414,NADPH_Ox,19.573838134150012,clan average
CL0023,P-loop_NTPase,49.395498104103346,,PF08423,Rad51,49.395498104103346,clan average
CL0159,E-set,39.30318005993802,,PF08428,Rib,39.30318005993802,clan average
CL0023,P-loop_NTPase,49.395498104103346,,PF08433,KTI12,49.395498104103346,clan average
CL0023,P-loop_NTPase,49.395498104103346,,PF08438,YGR210-like_G4,49.395498104103346,clan average
CL0020,TPR,20.933170225539683,,PF08454,RIH_assoc,20.933170225539683,clan average
CL0123,CL0123,26.143931567951604,,PF08461,WHD_RNase_R,26.143931567951604,clan average
CL0063,NADP_Rossmann,39.26278572618697,,PF08468,MTS_N,39.26278572618697,clan average
CL0066,Trefoil,35.92321202056283,,PF08470,NTNH_C,35.92321202056283,clan average
CL0023,P-loop_NTPase,49.395498104103346,,PF08477,Roc,49.395498104103346,clan average
CL0268,Pec_lyase-like,59.950592041015625,,PF08480,Disaggr_assoc,59.950592041015625,clan average
CL0159,E-set,39.30318005993802,,PF08481,GBS_Bsp-like,39.30318005993802,clan average
CL0063,NADP_Rossmann,39.26278572618697,,PF08484,Methyltransf_14,39.26278572618697,clan average
CL0063,NADP_Rossmann,39.26278572618697,,PF08485,Polysacc_syn_2C,39.26278572618697,clan average
CL0063,NADP_Rossmann,39.26278572618697,,PF08491,SE,39.26278572618697,clan average
CL0020,TPR,20.933170225539683,,PF08514,STAG,20.933170225539683,clan average
CL0165,Cache,45.265474438507106,,PF08521,2CSK_N,45.265474438507106,clan average
CL0159,E-set,39.30318005993802,,PF08522,BT_3987-like_N,39.30318005993802,clan average
CL0026,CU_oxidase,37.06352279668489,,PF08526,PAD_N,37.06352279668489,clan average
CL0073,CL0073,55.31204220338533,,PF08527,PAD_M,55.31204220338533,clan average
CL0202,GBD,38.45146891966387,,PF08530,PepX_C,38.45146891966387,clan average
CL0202,GBD,38.45146891966387,,PF08531,Bac_rhamnosid_N,38.45146891966387,clan average
CL0369,GHD,27.770430530606422,,PF08533,Glyco_hydro_42C,27.770430530606422,clan average
CL0123,CL0123,26.143931567951604,,PF08535,KorB,26.143931567951604,clan average
CL0028,AB_hydrolase,52.59920164328964,,PF08538,DUF1749,52.59920164328964,clan average
CL0046,CL0046,27.33374421173006,,PF08541,ACP_syn_III_C,27.33374421173006,clan average
CL0046,CL0046,27.33374421173006,,PF08545,ACP_syn_III,27.33374421173006,clan average
CL0202,GBD,38.45146891966387,,PF08547,CIA30,38.45146891966387,clan average
CL0186,Beta_propeller,21.67085124951681,,PF08553,VID27,21.67085124951681,clan average
CL0020,TPR,20.933170225539683,,PF08579,RPM2,20.933170225539683,clan average
CL0214,CL0214,28.487959910306852,,PF08587,UBA_2,28.487959910306852,clan average
CL0186,Beta_propeller,21.67085124951681,,PF08596,Lgl_C,21.67085124951681,clan average
CL0020,TPR,20.933170225539683,,PF08609,Fes1,20.933170225539683,clan average
CL0020,TPR,20.933170225539683,,PF08640,U3_assoc_6,20.933170225539683,clan average
CL0513,LCCL-domain,38.76346778869629,,PF08642,Rxt3,38.76346778869629,clan average
CL0063,NADP_Rossmann,39.26278572618697,,PF08643,DUF1776,39.26278572618697,clan average
CL0137,HAD,36.67203203138414,,PF08645,PNK3P,36.67203203138414,clan average
CL0113,GT-B,39.69306779022893,,PF08660,Alg14,39.69306779022893,clan average
CL0186,Beta_propeller,21.67085124951681,,PF08662,eIF2A,21.67085124951681,clan average
CL0088,Alk_phosphatase,45.54647203577954,,PF08665,PglZ,45.54647203577954,clan average
CL0123,CL0123,26.143931567951604,,PF08671,SinI,26.143931567951604,clan average
CL0123,CL0123,26.143931567951604,,PF08672,ANAPC2,26.143931567951604,clan average
CL0123,CL0123,26.143931567951604,,PF08679,DsrD,26.143931567951604,clan average
CL0020,TPR,20.933170225539683,,PF08700,VPS51_Exo84_N,20.933170225539683,clan average
CL0063,NADP_Rossmann,39.26278572618697,,PF08704,GCD14,39.26278572618697,clan average
CL0066,Trefoil,35.92321202056283,,PF08709,Ins145_P3_rec,35.92321202056283,clan average
CL0123,CL0123,26.143931567951604,,PF08721,Tn7_Tnp_TnsA_C,26.143931567951604,clan average
CL0220,CL0220,19.573838134150012,,PF08726,EFhand_Ca_insen,19.573838134150012,clan average
CL0063,NADP_Rossmann,39.26278572618697,,PF08732,HIM1,39.26278572618697,clan average
CL0229,RING,23.531313780228857,,PF08746,zf-RING-like,23.531313780228857,clan average
CL0159,E-set,39.30318005993802,,PF08752,COP-gamma_platf,39.30318005993802,clan average
CL0070,CL0070,66.56825862975452,,PF08753,NikR_C,66.56825862975452,clan average
CL0016,PKinase,54.43067383486503,,PF08757,CotH,54.43067383486503,clan average
CL0220,CL0220,19.573838134150012,,PF08763,Ca_chan_IQ,19.573838134150012,clan average
CL0123,CL0123,26.143931567951604,,PF08765,Mor,26.143931567951604,clan average
CL0159,E-set,39.30318005993802,,PF08770,SoxZ,39.30318005993802,clan average
CL0159,E-set,39.30318005993802,,PF08779,bCoV_NS7A,39.30318005993802,clan average
CL0123,CL0123,26.143931567951604,,PF08784,RPA_C,26.143931567951604,clan average
CL0004,Concanavalin,41.06090890681649,,PF08787,Alginate_lyase2,41.06090890681649,clan average
CL0361,CL0361,19.612287324340578,,PF08790,zf-LYAR,19.612287324340578,clan average
CL0186,Beta_propeller,21.67085124951681,,PF08801,Nucleoporin_N,21.67085124951681,clan average
CL0172,Thioredoxin,39.25019227930494,,PF08806,Sep15_SelM,39.25019227930494,clan average
CL0244,PGBD,25.772495084462324,,PF08823,PG_binding_2,25.772495084462324,clan average
CL0028,AB_hydrolase,52.59920164328964,,PF08840,BAAT_C,52.59920164328964,clan average
CL0108,Actin_ATPase,53.90403366088867,,PF08841,DDR,53.90403366088867,clan average
CL0123,CL0123,26.143931567951604,,PF08876,DUF1836,26.143931567951604,clan average
CL0264,SGNH_hydrolase,54.3363812310355,,PF08885,GSCFA,54.3363812310355,clan average
CL0036,CL0036,47.817104032709544,,PF08902,DUF1848,47.817104032709544,clan average
CL0023,P-loop_NTPase,49.395498104103346,,PF08903,DUF1846,49.395498104103346,clan average
CL0123,CL0123,26.143931567951604,,PF08914,Myb_Rap1,26.143931567951604,clan average
CL0165,Cache,45.265474438507106,,PF08918,PhoQ_Sensor,45.265474438507106,clan average
CL0866,CL0866,22.986264376796857,,PF08922,DUF1905,22.986264376796857,clan average
CL0036,CL0036,47.817104032709544,,PF08924,Rv2525c_GlyHyd-like,47.817104032709544,clan average
CL0214,CL0214,28.487959910306852,,PF08938,HBS1_N,28.487959910306852,clan average
CL0100,C1q_TNF,28.56269966287816,,PF08949,PRD1_P5_C,28.56269966287816,clan average
CL0186,Beta_propeller,21.67085124951681,,PF08953,DUF1899,21.67085124951681,clan average
CL0220,CL0220,19.573838134150012,,PF08976,EF-hand_11,19.573838134150012,clan average
CL0004,Concanavalin,41.06090890681649,,PF08978,Reoviridae_Vp9,41.06090890681649,clan average
CL0202,GBD,38.45146891966387,,PF08980,DUF1883,38.45146891966387,clan average
CL0026,CU_oxidase,37.06352279668489,,PF08985,DP-EP,37.06352279668489,clan average
CL0123,CL0123,26.143931567951604,,PF09012,FeoC,26.143931567951604,clan average
CL0123,CL0123,26.143931567951604,,PF09035,Tn916-Xis,26.143931567951604,clan average
CL0023,P-loop_NTPase,49.395498104103346,,PF09037,Sulphotransf,49.395498104103346,clan average
CL0123,CL0123,26.143931567951604,,PF09039,HTH_Tnp_Mu_2,26.143931567951604,clan average
CL0036,CL0036,47.817104032709544,,PF09043,Lys-AminoMut_A,47.817104032709544,clan average
CL0123,CL0123,26.143931567951604,,PF09048,Cro,26.143931567951604,clan average
CL0220,CL0220,19.573838134150012,,PF09069,EF-hand_3,19.573838134150012,clan average
CL0369,GHD,27.770430530606422,,PF09071,Alpha-amyl_C,27.770430530606422,clan average
CL0123,CL0123,26.143931567951604,,PF09079,WHD_Cdc6,26.143931567951604,clan average
CL0369,GHD,27.770430530606422,,PF09081,AMT4_dom_C,27.770430530606422,clan average
CL0369,GHD,27.770430530606422,,PF09083,DUF1923,27.770430530606422,clan average
CL0177,PBP,42.38186464548598,,PF09084,NMT1,42.38186464548598,clan average
CL0159,E-set,39.30318005993802,,PF09087,Cyc-maltodext_N,39.30318005993802,clan average
CL0202,GBD,38.45146891966387,,PF09092,Lyase_N,38.45146891966387,clan average
CL0059,6_Hairpin,36.79082130018444,,PF09093,Lyase_catalyt,36.79082130018444,clan average
CL0103,Gal_mutarotase,47.39329832829262,,PF09095,AmyA-gluTrfs_C,47.39329832829262,clan average
CL0159,E-set,39.30318005993802,,PF09099,Qn_am_d_aIII,39.30318005993802,clan average
CL0159,E-set,39.30318005993802,,PF09100,Qn_am_d_aIV,39.30318005993802,clan average
CL0004,Concanavalin,41.06090890681649,,PF09101,Exotox-A_bind,41.06090890681649,clan average
CL0123,CL0123,26.143931567951604,,PF09105,WHD_1st_SelB,26.143931567951604,clan average
CL0123,CL0123,26.143931567951604,,PF09106,WHD_2nd_SelB,26.143931567951604,clan average
CL0123,CL0123,26.143931567951604,,PF09107,WHD_3rd_SelB,26.143931567951604,clan average
CL0612,PHM_PNGase_F,30.227696180343628,,PF09112,N-glycanase_N,30.227696180343628,clan average
CL0612,PHM_PNGase_F,30.227696180343628,,PF09113,N-glycanase_C,30.227696180343628,clan average
CL0123,CL0123,26.143931567951604,,PF09114,MotA_activ,26.143931567951604,clan average
CL0159,E-set,39.30318005993802,,PF09118,GO-like_E_set,39.30318005993802,clan average
CL0159,E-set,39.30318005993802,,PF09134,Invasin_D3,39.30318005993802,clan average
CL0159,E-set,39.30318005993802,,PF09136,Glucodextran_B,39.30318005993802,clan average
CL0103,Gal_mutarotase,47.39329832829262,,PF09137,Glucodextran_N,47.39329832829262,clan average
CL0023,P-loop_NTPase,49.395498104103346,,PF09140,MipZ,49.395498104103346,clan average
CL0202,GBD,38.45146891966387,,PF09144,YpM,38.45146891966387,clan average
CL0214,CL0214,28.487959910306852,,PF09145,Ubiq-assoc,28.487959910306852,clan average
CL0498,Nribosyltransf,43.3914988381522,,PF09152,DUF1937,43.3914988381522,clan average
CL0369,GHD,27.770430530606422,,PF09154,Alpha-amy_C_pro,27.770430530606422,clan average
CL0369,GHD,27.770430530606422,,PF09178,MGTA_C,27.770430530606422,clan average
CL0123,CL0123,26.143931567951604,,PF09182,PuR_N,26.143931567951604,clan average
CL0016,PKinase,54.43067383486503,,PF09192,Act-Frag_cataly,54.43067383486503,clan average
CL0369,GHD,27.770430530606422,,PF09196,DUF1953,27.770430530606422,clan average
CL0123,CL0123,26.143931567951604,,PF09197,Rap1-DNA-bind,26.143931567951604,clan average
CL0113,GT-B,39.69306779022893,,PF09198,T4-Gluco-transf,39.69306779022893,clan average
CL0123,CL0123,26.143931567951604,,PF09202,Rio2_N,26.143931567951604,clan average
CL0202,GBD,38.45146891966387,,PF09212,CBM27,38.45146891966387,clan average
CL0004,Concanavalin,41.06090890681649,,PF09224,DUF1961,41.06090890681649,clan average
CL0263,His-Me_finger,42.13259963155944,,PF09230,DFF40,42.13259963155944,clan average
CL0003,SAM,26.063478920372884,,PF09235,SAM_Ste50p,26.063478920372884,clan average
CL0361,CL0361,19.612287324340578,,PF09237,GAGA,19.612287324340578,clan average
CL0063,NADP_Rossmann,39.26278572618697,,PF09243,Rsm22,39.26278572618697,clan average
CL0369,GHD,27.770430530606422,,PF09244,Suc_Porlyase_C,27.770430530606422,clan average
CL0020,TPR,20.933170225539683,,PF09246,PHAT,20.933170225539683,clan average
CL0047,CuAO_N2_N3,26.752118387238067,,PF09248,DUF1965,26.752118387238067,clan average
CL0369,GHD,27.770430530606422,,PF09260,A_amylase_dom_C,27.770430530606422,clan average
CL0004,Concanavalin,41.06090890681649,,PF09264,Sial-lect-inser,41.06090890681649,clan average
CL0020,TPR,20.933170225539683,,PF09268,Clathrin-link,20.933170225539683,clan average
CL0066,Trefoil,35.92321202056283,,PF09270,BTD,35.92321202056283,clan average
CL0073,CL0073,55.31204220338533,,PF09271,LAG1-DNAbind,55.31204220338533,clan average
CL0123,CL0123,26.143931567951604,,PF09278,MerR-DNA-bind,26.143931567951604,clan average
CL0220,CL0220,19.573838134150012,,PF09279,EF-hand_like,19.573838134150012,clan average
CL0103,Gal_mutarotase,47.39329832829262,,PF09284,RhgB_N,47.39329832829262,clan average
CL0570,CL0570,28.707923080342724,,PF09286,Pro-kuma_activ,28.707923080342724,clan average
CL0073,CL0073,55.31204220338533,,PF09287,CEP1-DNA_bind,55.31204220338533,clan average
CL0214,CL0214,28.487959910306852,,PF09288,UBA_3,28.487959910306852,clan average
CL0113,GT-B,39.69306779022893,,PF09314,DUF1972,39.69306779022893,clan average
CL0361,CL0361,19.612287324340578,,PF09337,zf-H2C2,19.612287324340578,clan average
CL0123,CL0123,26.143931567951604,,PF09339,HTH_IclR,26.143931567951604,clan average
CL0023,P-loop_NTPase,49.395498104103346,,PF09353,DUF1995,49.395498104103346,clan average
CL0036,CL0036,47.817104032709544,,PF09370,PEP_hydrolase,47.817104032709544,clan average
CL0244,PGBD,25.772495084462324,,PF09374,PG_binding_3,25.772495084462324,clan average
CL0866,CL0866,22.986264376796857,,PF09378,HAS-barrel,22.986264376796857,clan average
CL0123,CL0123,26.143931567951604,,PF09382,RQC,26.143931567951604,clan average
CL0070,CL0070,66.56825862975452,,PF09383,NIL,66.56825862975452,clan average
CL0159,E-set,39.30318005993802,,PF09394,Inhibitor_I42,39.30318005993802,clan average
CL0123,CL0123,26.143931567951604,,PF09397,FtsK_gamma,26.143931567951604,clan average
CL0137,HAD,36.67203203138414,,PF09419,PGP_phosphatase,36.67203203138414,clan average
CL0163,Calcineurin,33.14147429971037,,PF09423,PhoD,33.14147429971037,clan average
CL0023,P-loop_NTPase,49.395498104103346,,PF09439,SRPRB,49.395498104103346,clan average
CL0063,NADP_Rossmann,39.26278572618697,,PF09445,Methyltransf_15,39.26278572618697,clan average
CL0020,TPR,20.933170225539683,,PF09450,DUF2019,20.933170225539683,clan average
CL0226,CL0226,43.485679190335,,PF09451,ATG27,43.485679190335,clan average
CL0126,Peptidase_MA,36.71989303811342,,PF09471,Peptidase_M64,36.71989303811342,clan average
CL0020,TPR,20.933170225539683,,PF09477,Type_III_YscG,20.933170225539683,clan average
CL0110,GT-A,34.54581239323872,,PF09488,Osmo_MPGsynth,34.54581239323872,clan average
CL0059,6_Hairpin,36.79082130018444,,PF09492,Pec_lyase,36.79082130018444,clan average
CL0123,CL0123,26.143931567951604,,PF09494,Slx4,26.143931567951604,clan average
CL0050,CL0050,69.57307925406917,,PF09500,YiiD_C,69.57307925406917,clan average
CL0023,P-loop_NTPase,49.395498104103346,,PF09547,SpoIVA_ATPase,49.395498104103346,clan average
CL0163,Calcineurin,33.14147429971037,,PF09587,PGA_cap,33.14147429971037,clan average
CL0003,SAM,26.063478920372884,,PF09597,SAM_Ribosomal_mS41,26.063478920372884,clan average
CL0056,C_Lectin,29.746108227159635,,PF09603,Fib_succ_major,29.746108227159635,clan average
CL0123,CL0123,26.143931567951604,,PF09607,BrkDBD,26.143931567951604,clan average
CL0020,TPR,20.933170225539683,,PF09613,HrpB1_HrpK,20.933170225539683,clan average
CL0159,E-set,39.30318005993802,,PF09619,YscW,39.30318005993802,clan average
CL0123,CL0123,26.143931567951604,,PF09639,YjcQ,26.143931567951604,clan average
CL0123,CL0123,26.143931567951604,,PF09645,F-112,26.143931567951604,clan average
CL0172,Thioredoxin,39.25019227930494,,PF09695,YtfJ_HI0045,39.25019227930494,clan average
CL0023,P-loop_NTPase,49.395498104103346,,PF09711,Cas_Csn2,49.395498104103346,clan average
CL0028,AB_hydrolase,52.59920164328964,,PF09752,ABHD18,52.59920164328964,clan average
CL0028,AB_hydrolase,52.59920164328964,,PF09757,Arb2-like,52.59920164328964,clan average
CL0020,TPR,20.933170225539683,,PF09759,Atx10homo_assoc,20.933170225539683,clan average
CL0020,TPR,20.933170225539683,,PF09763,Sec3_CC,20.933170225539683,clan average
CL0126,Peptidase_MA,36.71989303811342,,PF09768,Peptidase_M76,36.71989303811342,clan average
CL0023,P-loop_NTPase,49.395498104103346,,PF09807,ELP6,49.395498104103346,clan average
CL0023,P-loop_NTPase,49.395498104103346,,PF09818,ABC_ATPase,49.395498104103346,clan average
CL0023,P-loop_NTPase,49.395498104103346,,PF09820,AAA-ATPase_like,49.395498104103346,clan average
CL0110,GT-A,34.54581239323872,,PF09837,DUF2064,34.54581239323872,clan average
CL0181,ABC-2,93.01661087463258,,PF09847,12TM_1,93.01661087463258,clan average
CL0123,CL0123,26.143931567951604,,PF09862,DUF2089,26.143931567951604,clan average
CL0036,CL0036,47.817104032709544,,PF09863,DUF2090,47.817104032709544,clan average
CL0108,Actin_ATPase,53.90403366088867,,PF09887,DUF2114,53.90403366088867,clan average
CL0105,CL0105,30.879097315387945,,PF09891,DUF2118,30.879097315387945,clan average
CL0865,CL0865,40.222714415703074,,PF09892,DUF2119,40.222714415703074,clan average
CL0123,CL0123,26.143931567951604,,PF09904,HTH_43,26.143931567951604,clan average
CL0186,Beta_propeller,21.67085124951681,,PF09910,DUF2139,21.67085124951681,clan average
CL0268,Pec_lyase-like,59.950592041015625,,PF09922,LiaF-like_C,59.950592041015625,clan average
CL0364,Leu-IlvD,34.406701321504556,,PF09940,DUF2172,34.406701321504556,clan average
CL0229,RING,23.531313780228857,,PF09947,DUF2180,23.531313780228857,clan average
CL0137,HAD,36.67203203138414,,PF09949,APP1_cat,36.67203203138414,clan average
CL0128,vWA-like,49.95459311089533,,PF09967,DUF2201,49.95459311089533,clan average
CL0672,p35,32.40707711163074,,PF09972,DUF2207,32.40707711163074,clan average
CL0165,Cache,45.265474438507106,,PF09984,sCache_4,45.265474438507106,clan average
CL0108,Actin_ATPase,53.90403366088867,,PF09989,DUF2229,53.90403366088867,clan average
CL0328,CL0328,44.210308118770655,,PF09990,DUF2231,44.210308118770655,clan average
CL0028,AB_hydrolase,52.59920164328964,,PF09994,T6SS_Tle1-like_cat,52.59920164328964,clan average
CL0070,CL0070,66.56825862975452,,PF10000,ACT_3,66.56825862975452,clan average
CL0123,CL0123,26.143931567951604,,PF10007,DUF2250,26.143931567951604,clan average
CL0004,Concanavalin,41.06090890681649,,PF10008,DUF2251,41.06090890681649,clan average
CL0016,PKinase,54.43067383486503,,PF10009,DUF2252,54.43067383486503,clan average
CL0063,NADP_Rossmann,39.26278572618697,,PF10017,Methyltransf_33,39.26278572618697,clan average
CL0059,6_Hairpin,36.79082130018444,,PF10022,BcGHD,36.79082130018444,clan average
CL0126,Peptidase_MA,36.71989303811342,,PF10023,Aminopep,36.71989303811342,clan average
CL0126,Peptidase_MA,36.71989303811342,,PF10026,DUF2268,36.71989303811342,clan average
CL0159,E-set,39.30318005993802,,PF10029,DUF2271,39.30318005993802,clan average
CL0123,CL0123,26.143931567951604,,PF10074,RovC_DNA-bd,26.143931567951604,clan average
CL0123,CL0123,26.143931567951604,,PF10078,DUF2316,26.143931567951604,clan average
CL0028,AB_hydrolase,52.59920164328964,,PF10081,Abhydrolase_9,52.59920164328964,clan average
CL0023,P-loop_NTPase,49.395498104103346,,PF10088,DUF2326,49.395498104103346,clan average
CL0059,6_Hairpin,36.79082130018444,,PF10091,Glycoamylase,36.79082130018444,clan average
CL0113,GT-B,39.69306779022893,,PF10093,EarP,39.69306779022893,clan average
CL0126,Peptidase_MA,36.71989303811342,,PF10103,Zincin_2,36.71989303811342,clan average
CL0036,CL0036,47.817104032709544,,PF10113,Fibrillarin_2,47.817104032709544,clan average
CL0165,Cache,45.265474438507106,,PF10114,PocR,45.265474438507106,clan average
CL0063,NADP_Rossmann,39.26278572618697,,PF10128,OpcA_G6PD_assem,39.26278572618697,clan average
CL0128,vWA-like,49.95459311089533,,PF10138,vWA-TerF-like,49.95459311089533,clan average
CL0016,PKinase,54.43067383486503,,PF10140,YukC,54.43067383486503,clan average
CL0028,AB_hydrolase,52.59920164328964,,PF10142,PhoPQ_related,52.59920164328964,clan average
CL0165,Cache,45.265474438507106,,PF10144,SMP_2,45.265474438507106,clan average
CL0192,GPCR_A,61.321635356404734,,PF10160,Tmemb_40,61.321635356404734,clan average
CL0229,RING,23.531313780228857,,PF10170,C6_DPF,23.531313780228857,clan average
CL0159,E-set,39.30318005993802,,PF10179,NDNF,39.30318005993802,clan average
CL0192,GPCR_A,61.321635356404734,,PF10192,GPR180-TMEM145_TM,61.321635356404734,clan average
CL0186,Beta_propeller,21.67085124951681,,PF10214,Rrn6_beta-prop,21.67085124951681,clan average
CL0036,CL0036,47.817104032709544,,PF10223,Menorin_N,47.817104032709544,clan average
CL0529,FMN-dep-NRtase,37.721297921805544,,PF10229,MMADHC,37.721297921805544,clan average
CL0028,AB_hydrolase,52.59920164328964,,PF10230,LIDHydrolase,52.59920164328964,clan average
CL0023,P-loop_NTPase,49.395498104103346,,PF10236,DAP3,49.395498104103346,clan average
CL0063,NADP_Rossmann,39.26278572618697,,PF10237,N6-adenineMlase,39.26278572618697,clan average
CL0375,Transporter,56.91298176266927,,PF10242,L_HMGIC_fpl,56.91298176266927,clan average
CL0172,Thioredoxin,39.25019227930494,,PF10262,Rdx,39.25019227930494,clan average
CL0126,Peptidase_MA,36.71989303811342,,PF10263,SprT-like,36.71989303811342,clan average
CL0123,CL0123,26.143931567951604,,PF10264,WHD_Storkhead,26.143931567951604,clan average
CL0186,Beta_propeller,21.67085124951681,,PF10282,Lactonase,21.67085124951681,clan average
CL0004,Concanavalin,41.06090890681649,,PF10287,YJL171C_Tos1_C,41.06090890681649,clan average
CL0192,GPCR_A,61.321635356404734,,PF10292,7TM_GPCR_Srab,61.321635356404734,clan average
CL0063,NADP_Rossmann,39.26278572618697,,PF10294,Methyltransf_16,39.26278572618697,clan average
CL0020,TPR,20.933170225539683,,PF10304,RTP1_C2,20.933170225539683,clan average
CL0137,HAD,36.67203203138414,,PF10307,HAD_SAK_1,36.67203203138414,clan average
CL0186,Beta_propeller,21.67085124951681,,PF10313,DUF2415,21.67085124951681,clan average
CL0192,GPCR_A,61.321635356404734,,PF10316,7TM_GPCR_Srbc,61.321635356404734,clan average
CL0192,GPCR_A,61.321635356404734,,PF10317,7TM_GPCR_Srd,61.321635356404734,clan average
CL0192,GPCR_A,61.321635356404734,,PF10318,7TM_GPCR_Srh,61.321635356404734,clan average
CL0192,GPCR_A,61.321635356404734,,PF10319,7TM_GPCR_Srj,61.321635356404734,clan average
CL0192,GPCR_A,61.321635356404734,,PF10321,7TM_GPCR_Srt,61.321635356404734,clan average
CL0192,GPCR_A,61.321635356404734,,PF10322,7TM_GPCR_Sru,61.321635356404734,clan average
CL0192,GPCR_A,61.321635356404734,,PF10325,7TM_GPCR_Srz,61.321635356404734,clan average
CL0192,GPCR_A,61.321635356404734,,PF10326,7TM_GPCR_Str,61.321635356404734,clan average
CL0192,GPCR_A,61.321635356404734,,PF10327,7TM_GPCR_Sri,61.321635356404734,clan average
CL0028,AB_hydrolase,52.59920164328964,,PF10340,Say1_Mug180,52.59920164328964,clan average
CL0159,E-set,39.30318005993802,,PF10342,Kre9_KNH,39.30318005993802,clan average
CL0328,CL0328,44.210308118770655,,PF10348,DUF2427,44.210308118770655,clan average
CL0063,NADP_Rossmann,39.26278572618697,,PF10354,BMT5-like,39.26278572618697,clan average
CL0154,C2,44.17300686820718,,PF10358,NT-C2,44.17300686820718,clan average
CL0020,TPR,20.933170225539683,,PF10363,RTP1_C1,20.933170225539683,clan average
CL0159,E-set,39.30318005993802,,PF10365,DUF2436,39.30318005993802,clan average
CL0020,TPR,20.933170225539683,,PF10366,Vps39_1,20.933170225539683,clan average
CL0229,RING,23.531313780228857,,PF10367,zf-Vps39_C,23.531313780228857,clan average
CL0070,CL0070,66.56825862975452,,PF10369,ALS_ss_C,66.56825862975452,clan average
CL0020,TPR,20.933170225539683,,PF10374,EST1,20.933170225539683,clan average
CL0165,Cache,45.265474438507106,,PF10388,YkuI_C,45.265474438507106,clan average
CL0020,TPR,20.933170225539683,,PF10392,COG5_N,20.933170225539683,clan average
CL0186,Beta_propeller,21.67085124951681,,PF10395,Utp8_b_propeller,21.67085124951681,clan average
CL0123,CL0123,26.143931567951604,,PF10400,Vir_act_alpha_C,26.143931567951604,clan average
CL0123,CL0123,26.143931567951604,,PF10405,BHD_3,26.143931567951604,clan average
CL0154,C2,44.17300686820718,,PF10409,PTEN_C2,44.17300686820718,clan average
CL0361,CL0361,19.612287324340578,,PF10426,zf-RAG1,19.612287324340578,clan average
CL0186,Beta_propeller,21.67085124951681,,PF10433,Beta-prop_RSE1_1st,21.67085124951681,clan average
CL0369,GHD,27.770430530606422,,PF10435,BetaGal_dom2,27.770430530606422,clan average
CL0369,GHD,27.770430530606422,,PF10438,Cyc-maltodext_C,27.770430530606422,clan average
CL0214,CL0214,28.487959910306852,,PF10440,WIYLD,28.487959910306852,clan average
CL0145,Golgi-transport,23.901661429406698,,PF10455,BAR_2,23.901661429406698,clan average
CL0145,Golgi-transport,23.901661429406698,,PF10456,BAR_3_WASP_bdg,23.901661429406698,clan average
CL0126,Peptidase_MA,36.71989303811342,,PF10460,Peptidase_M30,36.71989303811342,clan average
CL0126,Peptidase_MA,36.71989303811342,,PF10462,Peptidase_M66,36.71989303811342,clan average
CL0126,Peptidase_MA,36.71989303811342,,PF10463,Peptidase_U49,36.71989303811342,clan average
CL0037,Lysozyme,33.344959264069,,PF10464,Peptidase_U40,33.344959264069,clan average
CL0066,Trefoil,35.92321202056283,,PF10467,Inhibitor_I48,35.92321202056283,clan average
CL0023,P-loop_NTPase,49.395498104103346,,PF10483,Elong_Iki1,49.395498104103346,clan average
CL0172,Thioredoxin,39.25019227930494,,PF10484,MRP-S23,39.25019227930494,clan average
CL0314,CL0314,39.7510323495026,,PF10501,Ribosomal_L50,39.7510323495026,clan average
CL0299,Peptidase_SF,57.835466384887695,,PF10502,Peptidase_S26,57.835466384887695,clan average
CL0028,AB_hydrolase,52.59920164328964,,PF10503,Esterase_PHB,52.59920164328964,clan average
CL0020,TPR,20.933170225539683,,PF10516,SHNi-TPR,20.933170225539683,clan average
CL0123,CL0123,26.143931567951604,,PF10523,BEN,26.143931567951604,clan average
CL0123,CL0123,26.143931567951604,,PF10545,MADF_DNA_bdg,26.143931567951604,clan average
CL0123,CL0123,26.143931567951604,,PF10557,Cullin_Nedd8,26.143931567951604,clan average
CL0028,AB_hydrolase,52.59920164328964,,PF10561,C2orf69,52.59920164328964,clan average
CL0036,CL0036,47.817104032709544,,PF10566,Glyco_hydro_97,47.817104032709544,clan average
CL0172,Thioredoxin,39.25019227930494,,PF10568,Tom37,39.25019227930494,clan average
CL0020,TPR,20.933170225539683,,PF10579,Rapsyn_N,20.933170225539683,clan average
CL0023,P-loop_NTPase,49.395498104103346,,PF10609,ParA,49.395498104103346,clan average
CL0159,E-set,39.30318005993802,,PF10610,Tafi-CsgC,39.30318005993802,clan average
CL0159,E-set,39.30318005993802,,PF10633,NPCBM_assoc,39.30318005993802,clan average
CL0159,E-set,39.30318005993802,,PF10634,Iron_transport,39.30318005993802,clan average
CL0063,NADP_Rossmann,39.26278572618697,,PF10644,Misat_Tub_SegII,39.26278572618697,clan average
CL0186,Beta_propeller,21.67085124951681,,PF10647,Gmad1,21.67085124951681,clan average
CL0159,E-set,39.30318005993802,,PF10648,Gmad2,39.30318005993802,clan average
CL0023,P-loop_NTPase,49.395498104103346,,PF10649,DUF2478,49.395498104103346,clan average
CL0159,E-set,39.30318005993802,,PF10651,BppU_N,39.30318005993802,clan average
CL0023,P-loop_NTPase,49.395498104103346,,PF10662,PduV-EutP,49.395498104103346,clan average
CL0123,CL0123,26.143931567951604,,PF10668,Phage_terminase,26.143931567951604,clan average
CL0063,NADP_Rossmann,39.26278572618697,,PF10672,Methyltrans_SAM,39.26278572618697,clan average
CL0349,SLOG,41.81280368953556,,PF10686,YAcAr,41.81280368953556,clan average
CL0016,PKinase,54.43067383486503,,PF10707,YrbL-PhoP_reg,54.43067383486503,clan average
CL0123,CL0123,26.143931567951604,,PF10711,DUF2513,26.143931567951604,clan average
CL0063,NADP_Rossmann,39.26278572618697,,PF10727,Rossmann-like,39.26278572618697,clan average
CL0123,CL0123,26.143931567951604,,PF10771,DUF2582,26.143931567951604,clan average
CL0287,Transthyretin,45.35773909364972,,PF10794,DUF2606,45.35773909364972,clan average
CL0123,CL0123,26.143931567951604,,PF10826,DUF2551,26.143931567951604,clan average
CL0050,CL0050,69.57307925406917,,PF10862,FcoT,69.57307925406917,clan average
CL0172,Thioredoxin,39.25019227930494,,PF10865,DUF2703,39.25019227930494,clan average
CL0181,ABC-2,93.01661087463258,,PF10920,DUF2705,93.01661087463258,clan average
CL0113,GT-B,39.69306779022893,,PF10933,DUF2827,39.69306779022893,clan average
CL0020,TPR,20.933170225539683,,PF10952,DUF2753,20.933170225539683,clan average
CL0123,CL0123,26.143931567951604,,PF10975,DUF2802,26.143931567951604,clan average
CL0268,Pec_lyase-like,59.950592041015625,,PF10988,DUF2807,59.950592041015625,clan average
CL0865,CL0865,40.222714415703074,,PF10994,DUF2817,40.222714415703074,clan average
CL0023,P-loop_NTPase,49.395498104103346,,PF10995,BcsE_N,49.395498104103346,clan average
CL0023,P-loop_NTPase,49.395498104103346,,PF10996,Beta-Casp,49.395498104103346,clan average
CL0287,Transthyretin,45.35773909364972,,PF11008,DUF2846,45.35773909364972,clan average
CL0172,Thioredoxin,39.25019227930494,,PF11009,BrxC,39.25019227930494,clan average
CL0063,NADP_Rossmann,39.26278572618697,,PF11017,DUF2855,39.26278572618697,clan average
CL0137,HAD,36.67203203138414,,PF11019,DUF2608,36.67203203138414,clan average
CL0159,E-set,39.30318005993802,,PF11038,DGF-1_5,39.30318005993802,clan average
CL0110,GT-A,34.54581239323872,,PF11051,Mannosyl_trans3,34.54581239323872,clan average
CL0659,CAP,47.19299964904785,,PF11054,Surface_antigen,47.19299964904785,clan average
CL0498,Nribosyltransf,43.3914988381522,,PF11071,Nuc_deoxyri_tr3,43.3914988381522,clan average
CL0108,Actin_ATPase,53.90403366088867,,PF11104,PilM_2,53.90403366088867,clan average
CL0023,P-loop_NTPase,49.395498104103346,,PF11111,CENP-M,49.395498104103346,clan average
CL0186,Beta_propeller,21.67085124951681,,PF11134,Phage_stabilise,21.67085124951681,clan average
CL0028,AB_hydrolase,52.59920164328964,,PF11144,DUF2920,52.59920164328964,clan average
CL0028,AB_hydrolase,52.59920164328964,,PF11187,Mbeg1-like,52.59920164328964,clan average
CL0202,GBD,38.45146891966387,,PF11249,DUF3047,38.45146891966387,clan average
CL0063,NADP_Rossmann,39.26278572618697,,PF11253,DUF3052,39.26278572618697,clan average
CL0128,vWA-like,49.95459311089533,,PF11265,Med25_VWA,49.95459311089533,clan average
CL0028,AB_hydrolase,52.59920164328964,,PF11288,DUF3089,52.59920164328964,clan average
CL0036,CL0036,47.817104032709544,,PF11308,Glyco_hydro_129,47.817104032709544,clan average
CL0063,NADP_Rossmann,39.26278572618697,,PF11312,Methyltransf_34,39.26278572618697,clan average
CL0123,CL0123,26.143931567951604,,PF11313,DUF3116,26.143931567951604,clan average
CL0110,GT-A,34.54581239323872,,PF11316,Rhamno_transf,34.54581239323872,clan average
CL0159,E-set,39.30318005993802,,PF11319,VasI,39.30318005993802,clan average
CL0059,6_Hairpin,36.79082130018444,,PF11329,DUF3131,36.79082130018444,clan average
CL0036,CL0036,47.817104032709544,,PF11340,DUF3142,47.817104032709544,clan average
CL0126,Peptidase_MA,36.71989303811342,,PF11350,DUF3152,36.71989303811342,clan average
CL0123,CL0123,26.143931567951604,,PF11362,DUF3161,26.143931567951604,clan average
CL0046,CL0046,27.33374421173006,,PF11394,Tla3_N,27.33374421173006,clan average
CL0110,GT-A,34.54581239323872,,PF11397,GlcNAc,34.54581239323872,clan average
CL0159,E-set,39.30318005993802,,PF11412,DsbD_N,39.30318005993802,clan average
CL0123,CL0123,26.143931567951604,,PF11427,HTH_Tnp_Tc3_1,26.143931567951604,clan average
CL0113,GT-B,39.69306779022893,,PF11440,AGT,39.69306779022893,clan average
CL0004,Concanavalin,41.06090890681649,,PF11476,TgMIC1,41.06090890681649,clan average
CL0113,GT-B,39.69306779022893,,PF11477,PM0188,39.69306779022893,clan average
CL0023,P-loop_NTPase,49.395498104103346,,PF11496,HDA2-3,49.395498104103346,clan average
CL0037,Lysozyme,33.344959264069,,PF11508,DUF3218,33.344959264069,clan average
CL0389,CL0389,34.599674329762465,,PF11529,AvrL567-A,34.599674329762465,clan average
CL0159,E-set,39.30318005993802,,PF11545,HemeBinding_Shp,39.30318005993802,clan average
CL0214,CL0214,28.487959910306852,,PF11547,E3_UbLigase_EDD,28.487959910306852,clan average
CL0159,E-set,39.30318005993802,,PF11551,Omp28,39.30318005993802,clan average
CL0123,CL0123,26.143931567951604,,PF11569,Homez,26.143931567951604,clan average
CL0389,CL0389,34.599674329762465,,PF11584,Toxin_ToxA,34.599674329762465,clan average
CL0159,E-set,39.30318005993802,,PF11589,DUF3244,39.30318005993802,clan average
CL0063,NADP_Rossmann,39.26278572618697,,PF11599,AviRa,39.26278572618697,clan average
CL0023,P-loop_NTPase,49.395498104103346,,PF11602,NTPase_P4,49.395498104103346,clan average
CL0159,E-set,39.30318005993802,,PF11606,AlcCBM31,39.30318005993802,clan average
CL0159,E-set,39.30318005993802,,PF11614,FixG_C,39.30318005993802,clan average
CL0154,C2,44.17300686820718,,PF11618,C2-C2_1,44.17300686820718,clan average
CL0343,MHC,35.221248300773084,,PF11624,M157,35.221248300773084,clan average
CL0123,CL0123,26.143931567951604,,PF11625,DUF3253,26.143931567951604,clan average
CL0186,Beta_propeller,21.67085124951681,,PF11635,Med16_N,21.67085124951681,clan average
CL0088,Alk_phosphatase,45.54647203577954,,PF11658,CBP_BcsG,45.54647203577954,clan average
CL0126,Peptidase_MA,36.71989303811342,,PF11667,DUF3267,36.71989303811342,clan average
CL0020,TPR,20.933170225539683,,PF11698,V-ATPase_H_C,20.933170225539683,clan average
CL0015,CL0015,64.824742054381,,PF11700,ATG22,64.824742054381,clan average
CL0192,GPCR_A,61.321635356404734,,PF11710,Git3,61.321635356404734,clan average
CL0186,Beta_propeller,21.67085124951681,,PF11715,Beta-prop_Nup120_160,21.67085124951681,clan average
CL0202,GBD,38.45146891966387,,PF11721,Malectin,38.45146891966387,clan average
CL0110,GT-A,34.54581239323872,,PF11735,CAP59_mtransfer,34.54581239323872,clan average
CL0073,CL0073,55.31204220338533,,PF11754,Velvet,55.31204220338533,clan average
CL0866,CL0866,22.986264376796857,,PF11762,Arabinose_Iso_C,22.986264376796857,clan average
CL0268,Pec_lyase-like,59.950592041015625,,PF11765,Hyphal_reg_CWP,59.950592041015625,clan average
CL0128,vWA-like,49.95459311089533,,PF11775,CobT_C,49.95459311089533,clan average
CL0036,CL0036,47.817104032709544,,PF11790,Glyco_hydro_cc,47.817104032709544,clan average
CL0020,TPR,20.933170225539683,,PF11791,Aconitase_B_N,20.933170225539683,clan average
CL0229,RING,23.531313780228857,,PF11793,FANCL_C,23.531313780228857,clan average
CL0159,E-set,39.30318005993802,,PF11797,WxLIP_HBD,39.30318005993802,clan average
CL0159,E-set,39.30318005993802,,PF11806,Enterochelin_N,39.30318005993802,clan average
CL0033,CL0033,32.491583815673984,,PF11822,BTB_SANBR,32.491583815673984,clan average
CL0062,APC,53.52314572334289,,PF11840,DUF3360,53.52314572334289,clan average
CL0020,TPR,20.933170225539683,,PF11841,ELMO_ARM,20.933170225539683,clan average
CL0369,GHD,27.770430530606422,,PF11852,Pullul_strch_C,27.770430530606422,clan average
CL0881,CL0881,31.450309655414124,,PF11875,DnaJ-like_C11_C,31.450309655414124,clan average
CL0063,NADP_Rossmann,39.26278572618697,,PF11890,DUF3410,39.26278572618697,clan average
CL0349,SLOG,41.81280368953556,,PF11892,PpnN_C,41.81280368953556,clan average
CL0617,Peroxidase,75.7142861464928,,PF11895,Peroxidase_ext,75.7142861464928,clan average
CL0159,E-set,39.30318005993802,,PF11896,GlgE_dom_N_S,39.30318005993802,clan average
CL0159,E-set,39.30318005993802,,PF11906,DUF3426,39.30318005993802,clan average
CL0159,E-set,39.30318005993802,,PF11940,DUF3458,39.30318005993802,clan average
CL0369,GHD,27.770430530606422,,PF11941,DUF3459,27.770430530606422,clan average
CL0004,Concanavalin,41.06090890681649,,PF11958,BPSS1860,41.06090890681649,clan average
CL0502,STAS,56.35005836486816,,PF11964,SpoIIAA-like,56.35005836486816,clan average
CL0063,NADP_Rossmann,39.26278572618697,,PF11968,Bmt2,39.26278572618697,clan average
CL0192,GPCR_A,61.321635356404734,,PF11970,GPR_Gpa2_C,61.321635356404734,clan average
CL0123,CL0123,26.143931567951604,,PF11972,HTH_13,26.143931567951604,clan average
CL0159,E-set,39.30318005993802,,PF11974,bMG3,39.30318005993802,clan average
CL0123,CL0123,26.143931567951604,,PF11994,DUF3489,26.143931567951604,clan average
CL0113,GT-B,39.69306779022893,,PF11997,DUF3492,39.69306779022893,clan average
CL0113,GT-B,39.69306779022893,,PF12000,Glyco_trans_4_3,39.69306779022893,clan average
CL0159,E-set,39.30318005993802,,PF12007,DUF3501,39.30318005993802,clan average
CL0192,GPCR_A,61.321635356404734,,PF12036,DUF3522,61.321635356404734,clan average
CL0113,GT-B,39.69306779022893,,PF12038,QTMAN_N,39.69306779022893,clan average
CL0181,ABC-2,93.01661087463258,,PF12040,DUF3526,93.01661087463258,clan average
CL0028,AB_hydrolase,52.59920164328964,,PF12048,DUF3530,52.59920164328964,clan average
CL0181,ABC-2,93.01661087463258,,PF12051,DUF3533,93.01661087463258,clan average
CL0059,6_Hairpin,36.79082130018444,,PF12060,DUF3541,36.79082130018444,clan average
CL0159,E-set,39.30318005993802,,PF12080,GldM_4th,39.30318005993802,clan average
CL0159,E-set,39.30318005993802,,PF12093,bCoV_NS8,39.30318005993802,clan average
CL0202,GBD,38.45146891966387,,PF12103,Lipl32,38.45146891966387,clan average
CL0123,CL0123,26.143931567951604,,PF12116,SpoIIID,26.143931567951604,clan average
CL0036,CL0036,47.817104032709544,,PF12138,Spherulin4,47.817104032709544,clan average
CL0063,NADP_Rossmann,39.26278572618697,,PF12147,Methyltransf_20,39.26278572618697,clan average
CL0361,CL0361,19.612287324340578,,PF12171,zf-C2H2_jaz,19.612287324340578,clan average
CL0036,CL0036,47.817104032709544,,PF12176,MtaB,47.817104032709544,clan average
CL0547,GF_recep_C-rich,31.57696397288371,,PF12190,amfpi-1,31.57696397288371,clan average
CL0128,vWA-like,49.95459311089533,,PF12194,Ste5_C,49.95459311089533,clan average
CL0186,Beta_propeller,21.67085124951681,,PF12195,End_beta_barrel,21.67085124951681,clan average
CL0103,Gal_mutarotase,47.39329832829262,,PF12215,Glyco_hydr_116N,47.39329832829262,clan average
CL0186,Beta_propeller,21.67085124951681,,PF12217,End_beta_propel,21.67085124951681,clan average
CL0268,Pec_lyase-like,59.950592041015625,,PF12218,End_N_terminal,59.950592041015625,clan average
CL0036,CL0036,47.817104032709544,,PF12228,DUF3604,47.817104032709544,clan average
CL0145,Golgi-transport,23.901661429406698,,PF12240,Angiomotin_C,23.901661429406698,clan average
CL0063,NADP_Rossmann,39.26278572618697,,PF12241,Enoyl_reductase,39.26278572618697,clan average
CL0063,NADP_Rossmann,39.26278572618697,,PF12242,Eno-Rase_NADH_b,39.26278572618697,clan average
CL0020,TPR,20.933170225539683,,PF12243,CTK3,20.933170225539683,clan average
CL0159,E-set,39.30318005993802,,PF12245,Big_3_2,39.30318005993802,clan average
CL0004,Concanavalin,41.06090890681649,,PF12248,Methyltransf_FA,41.06090890681649,clan average
CL0877,CL0877,54.29560356429129,,PF12255,TcdB_toxin_midC,54.29560356429129,clan average
CL0186,Beta_propeller,21.67085124951681,,PF12256,TcdB_toxin_midN,21.67085124951681,clan average
CL0128,vWA-like,49.95459311089533,,PF12257,vWA_IML1,49.95459311089533,clan average
CL0016,PKinase,54.43067383486503,,PF12260,PIP49_C,54.43067383486503,clan average
CL0186,Beta_propeller,21.67085124951681,,PF12265,CAF1C_H4-bd,21.67085124951681,clan average
CL0192,GPCR_A,61.321635356404734,,PF12271,Chs7,61.321635356404734,clan average
CL0186,Beta_propeller,21.67085124951681,,PF12275,DUF3616,21.67085124951681,clan average
CL0026,CU_oxidase,37.06352279668489,,PF12306,PixA,37.06352279668489,clan average
CL0126,Peptidase_MA,36.71989303811342,,PF12315,DA1-like,36.71989303811342,clan average
CL0123,CL0123,26.143931567951604,,PF12323,HTH_OrfB_IS605,26.143931567951604,clan average
CL0123,CL0123,26.143931567951604,,PF12324,HTH_15,26.143931567951604,clan average
CL0016,PKinase,54.43067383486503,,PF12330,Haspin_kinase,54.43067383486503,clan average
CL0020,TPR,20.933170225539683,,PF12333,Ipi1_N,20.933170225539683,clan average
CL0186,Beta_propeller,21.67085124951681,,PF12341,Mcl1_mid,21.67085124951681,clan average
CL0023,P-loop_NTPase,49.395498104103346,,PF12344,UvrB,49.395498104103346,clan average
CL0375,Transporter,56.91298176266927,,PF12351,Fig1,56.91298176266927,clan average
CL0220,CL0220,19.573838134150012,,PF12354,Internalin_N,19.573838134150012,clan average
CL0159,E-set,39.30318005993802,,PF12371,TMEM131_like_N,39.30318005993802,clan average
CL0186,Beta_propeller,21.67085124951681,,PF12378,P1_N,21.67085124951681,clan average
CL0124,Peptidase_PA,45.31439166881245,,PF12380,Peptidase_C62,45.31439166881245,clan average
CL0124,Peptidase_PA,45.31439166881245,,PF12381,Peptidase_C3G,45.31439166881245,clan average
CL0129,Peptidase_AA,31.398146505186542,,PF12382,Peptidase_A2_2,31.398146505186542,clan average
CL0129,Peptidase_AA,31.398146505186542,,PF12384,Peptidase_A2B,31.398146505186542,clan average
CL0126,Peptidase_MA,36.71989303811342,,PF12388,Peptidase_M57,36.71989303811342,clan average
CL0023,P-loop_NTPase,49.395498104103346,,PF12399,BCA_ABC_TP_C,49.395498104103346,clan average
CL0154,C2,44.17300686820718,,PF12416,DUF3668,44.17300686820718,clan average
CL0159,E-set,39.30318005993802,,PF12421,Ig_GpJ_C,39.30318005993802,clan average
CL0022,LRR,19.64065866466926,,PF12468,LRR_TTSS,19.64065866466926,clan average
CL0159,E-set,39.30318005993802,,PF12505,DUF3712,39.30318005993802,clan average
CL0375,Transporter,56.91298176266927,,PF12534,Pannexin_like,56.91298176266927,clan average
CL0268,Pec_lyase-like,59.950592041015625,,PF12541,DUF3737,59.950592041015625,clan average
CL0186,Beta_propeller,21.67085124951681,,PF12566,DUF3748,21.67085124951681,clan average
CL0159,E-set,39.30318005993802,,PF12580,TPPII,39.30318005993802,clan average
CL0020,TPR,20.933170225539683,,PF12583,TPPII_C,20.933170225539683,clan average
CL0159,E-set,39.30318005993802,,PF12584,TRAPPC10_C,39.30318005993802,clan average
CL0036,CL0036,47.817104032709544,,PF12617,LdpA_C,47.817104032709544,clan average
CL0159,E-set,39.30318005993802,,PF12628,Inhibitor_I71,39.30318005993802,clan average
CL0263,His-Me_finger,42.13259963155944,,PF12639,Colicin-DNase,42.13259963155944,clan average
CL0123,CL0123,26.143931567951604,,PF12645,HTH_16,26.143931567951604,clan average
CL0186,Beta_propeller,21.67085124951681,,PF12657,TFIIIC_delta,21.67085124951681,clan average
CL0181,ABC-2,93.01661087463258,,PF12679,ABC2_membrane_2,93.01661087463258,clan average
CL0104,CL0104,35.83032244851205,,PF12681,Glyoxalase_2,35.83032244851205,clan average
CL0144,Periplas_BP,59.400154176035784,,PF12683,DUF3798,59.400154176035784,clan average
CL0020,TPR,20.933170225539683,,PF12688,TPR_5,20.933170225539683,clan average
CL0137,HAD,36.67203203138414,,PF12689,Acid_PPase,36.67203203138414,clan average
CL0159,E-set,39.30318005993802,,PF12690,BsuPI,39.30318005993802,clan average
CL0063,NADP_Rossmann,39.26278572618697,,PF12692,Methyltransf_17,39.26278572618697,clan average
CL0349,SLOG,41.81280368953556,,PF12694,cpYpsA,41.81280368953556,clan average
CL0028,AB_hydrolase,52.59920164328964,,PF12695,Abhydrolase_5,52.59920164328964,clan average
CL0023,P-loop_NTPase,49.395498104103346,,PF12696,TraG-D_C,49.395498104103346,clan average
CL0268,Pec_lyase-like,59.950592041015625,,PF12708,Pect-lyase_RHGA_epim,59.950592041015625,clan average
CL0028,AB_hydrolase,52.59920164328964,,PF12715,Abhydrolase_7,52.59920164328964,clan average
CL0126,Peptidase_MA,36.71989303811342,,PF12725,DUF3810,36.71989303811342,clan average
CL0177,PBP,42.38186464548598,,PF12727,PBP_like,42.38186464548598,clan average
CL0123,CL0123,26.143931567951604,,PF12728,HTH_17,26.143931567951604,clan average
CL0181,ABC-2,93.01661087463258,,PF12730,ABC2_membrane_4,93.01661087463258,clan average
CL0159,E-set,39.30318005993802,,PF12733,Cadherin-like,39.30318005993802,clan average
CL0159,E-set,39.30318005993802,,PF12735,IgD3_Trs65,39.30318005993802,clan average
CL0028,AB_hydrolase,52.59920164328964,,PF12740,PETase,52.59920164328964,clan average
CL0159,E-set,39.30318005993802,,PF12742,Gryzun-like,39.30318005993802,clan average
CL0020,TPR,20.933170225539683,,PF12755,Vac14_Fab1_bd,20.933170225539683,clan average
CL0123,CL0123,26.143931567951604,,PF12759,HTH_Tnp_IS1,26.143931567951604,clan average
CL0220,CL0220,19.573838134150012,,PF12763,EH,19.573838134150012,clan average
CL0020,TPR,20.933170225539683,,PF12765,Cohesin_HEAT,20.933170225539683,clan average
CL0186,Beta_propeller,21.67085124951681,,PF12768,Rax2,21.67085124951681,clan average
CL0023,P-loop_NTPase,49.395498104103346,,PF12774,AAA_6,49.395498104103346,clan average
CL0023,P-loop_NTPase,49.395498104103346,,PF12775,AAA_7,49.395498104103346,clan average
CL0123,CL0123,26.143931567951604,,PF12776,Myb_DNA-bind_3,26.143931567951604,clan average
CL0023,P-loop_NTPase,49.395498104103346,,PF12780,AAA_8,49.395498104103346,clan average
CL0023,P-loop_NTPase,49.395498104103346,,PF12781,AAA_9,49.395498104103346,clan average
CL0287,Transthyretin,45.35773909364972,,PF12790,T6SS-SciN,45.35773909364972,clan average
CL0123,CL0123,26.143931567951604,,PF12802,MarR_2,26.143931567951604,clan average
CL0110,GT-A,34.54581239323872,,PF12804,NTP_transf_3,34.54581239323872,clan average
CL0762,CL0762,59.452568493865854,,PF12810,ALK_LTK_GRD,59.452568493865854,clan average
CL0015,CL0015,64.824742054381,,PF12832,MFS_1_like,64.824742054381,clan average
CL0123,CL0123,26.143931567951604,,PF12833,HTH_18,26.143931567951604,clan average
CL0123,CL0123,26.143931567951604,,PF12840,HTH_20,26.143931567951604,clan average
CL0123,CL0123,26.143931567951604,,PF12844,HTH_19,26.143931567951604,clan average
CL0063,NADP_Rossmann,39.26278572618697,,PF12847,Methyltransf_18,39.26278572618697,clan average
CL0023,P-loop_NTPase,49.395498104103346,,PF12848,ABC_tran_Xtn,49.395498104103346,clan average
CL0177,PBP,42.38186464548598,,PF12849,PBP_like_2,42.38186464548598,clan average
CL0163,Calcineurin,33.14147429971037,,PF12850,Metallophos_2,33.14147429971037,clan average
CL0020,TPR,20.933170225539683,,PF12862,ANAPC5,20.933170225539683,clan average
CL0108,Actin_ATPase,53.90403366088867,,PF12864,DUF3822,53.90403366088867,clan average
CL0287,Transthyretin,45.35773909364972,,PF12866,DUF3823,45.35773909364972,clan average
CL0123,CL0123,26.143931567951604,,PF12872,OST-HTH,26.143931567951604,clan average
CL0361,CL0361,19.612287324340578,,PF12874,zf-met,19.612287324340578,clan average
CL0036,CL0036,47.817104032709544,,PF12876,Cellulase-like,47.817104032709544,clan average
CL0960,CL0960,22.044313265744545,,PF12877,KIAA1549,22.044313265744545,clan average
CL0036,CL0036,47.817104032709544,,PF12890,DHOase,47.817104032709544,clan average
CL0036,CL0036,47.817104032709544,,PF12891,Glyco_hydro_44,47.817104032709544,clan average
CL0287,Transthyretin,45.35773909364972,,PF12892,FctA,45.35773909364972,clan average
CL0186,Beta_propeller,21.67085124951681,,PF12894,ANAPC4_WD40,21.67085124951681,clan average
CL0059,6_Hairpin,36.79082130018444,,PF12899,Glyco_hydro_100,36.79082130018444,clan average
CL0369,GHD,27.770430530606422,,PF12904,Collagen_bind_2,27.770430530606422,clan average
CL0036,CL0036,47.817104032709544,,PF12905,Glyco_hydro_101,47.817104032709544,clan average
CL0229,RING,23.531313780228857,,PF12906,RINGv,23.531313780228857,clan average
CL0361,CL0361,19.612287324340578,,PF12907,zf-met2,19.612287324340578,clan average
CL0177,PBP,42.38186464548598,,PF12916,DUF3834,42.38186464548598,clan average
CL0110,GT-A,34.54581239323872,,PF12919,TcdA_TcdB,34.54581239323872,clan average
CL0268,Pec_lyase-like,59.950592041015625,,PF12951,PATR,59.950592041015625,clan average
CL0100,C1q_TNF,28.56269966287816,,PF12956,DUF3845,28.56269966287816,clan average
CL0123,CL0123,26.143931567951604,,PF12964,DUF3853,26.143931567951604,clan average
CL0020,TPR,20.933170225539683,,PF12968,DUF3856,20.933170225539683,clan average
CL0672,p35,32.40707711163074,,PF12969,DUF3857,32.40707711163074,clan average
CL0177,PBP,42.38186464548598,,PF12974,Phosphonate-bd,42.38186464548598,clan average
CL0159,E-set,39.30318005993802,,PF12975,DUF3859,39.30318005993802,clan average
CL0123,CL0123,26.143931567951604,,PF12976,DUF3860,26.143931567951604,clan average
CL0369,GHD,27.770430530606422,,PF12980,DUF3864,27.770430530606422,clan average
CL0287,Transthyretin,45.35773909364972,,PF12985,DUF3869,45.35773909364972,clan average
CL0159,E-set,39.30318005993802,,PF12988,TraQ_transposon,39.30318005993802,clan average
CL0015,CL0015,64.824742054381,,PF13000,Acatn,64.824742054381,clan average
CL0135,CL0135,46.046028838419694,,PF13002,LDB19,46.046028838419694,clan average
CL0159,E-set,39.30318005993802,,PF13004,BACON,39.30318005993802,clan average
CL0123,CL0123,26.143931567951604,,PF13011,LZ_Tnp_IS481,26.143931567951604,clan average
CL0226,CL0226,43.485679190335,,PF13015,PRKCSH_1,43.485679190335,clan average
CL0123,CL0123,26.143931567951604,,PF13034,DUF3895,26.143931567951604,clan average
CL0126,Peptidase_MA,36.71989303811342,,PF13058,DUF3920,36.71989303811342,clan average
CL0023,P-loop_NTPase,49.395498104103346,,PF13086,AAA_11,49.395498104103346,clan average
CL0023,P-loop_NTPase,49.395498104103346,,PF13087,AAA_12,49.395498104103346,clan average
CL0016,PKinase,54.43067383486503,,PF13095,FTA2,54.43067383486503,clan average
CL0100,C1q_TNF,28.56269966287816,,PF13157,Enas,28.56269966287816,clan average
CL0023,P-loop_NTPase,49.395498104103346,,PF13173,AAA_14,49.395498104103346,clan average
CL0020,TPR,20.933170225539683,,PF13174,TPR_6,20.933170225539683,clan average
CL0023,P-loop_NTPase,49.395498104103346,,PF13177,DNA_pol3_delta2,49.395498104103346,clan average
CL0023,P-loop_NTPase,49.395498104103346,,PF13189,Cytidylate_kin2,49.395498104103346,clan average
CL0023,P-loop_NTPase,49.395498104103346,,PF13191,AAA_16,49.395498104103346,clan average
CL0036,CL0036,47.817104032709544,,PF13199,Glyco_hydro_66,47.817104032709544,clan average
CL0036,CL0036,47.817104032709544,,PF13200,DUF4015,47.817104032709544,clan average
CL0202,GBD,38.45146891966387,,PF13201,PCMD,38.45146891966387,clan average
CL0126,Peptidase_MA,36.71989303811342,,PF13203,DUF2201_N,36.71989303811342,clan average
CL0036,CL0036,47.817104032709544,,PF13204,Apiosidase,47.817104032709544,clan average
CL0159,E-set,39.30318005993802,,PF13205,Big_5,39.30318005993802,clan average
CL0023,P-loop_NTPase,49.395498104103346,,PF13207,AAA_17,49.395498104103346,clan average
CL0268,Pec_lyase-like,59.950592041015625,,PF13229,Beta_helix,59.950592041015625,clan average
CL0023,P-loop_NTPase,49.395498104103346,,PF13238,AAA_18,49.395498104103346,clan average
CL0063,NADP_Rossmann,39.26278572618697,,PF13241,NAD_binding_7,39.26278572618697,clan average
CL0059,6_Hairpin,36.79082130018444,,PF13243,SQHop_cyclase_C,36.79082130018444,clan average
CL0023,P-loop_NTPase,49.395498104103346,,PF13245,AAA_19,49.395498104103346,clan average
CL0059,6_Hairpin,36.79082130018444,,PF13249,SQHop_cyclase_N,36.79082130018444,clan average
CL0163,Calcineurin,33.14147429971037,,PF13258,DUF4049,33.14147429971037,clan average
CL0036,CL0036,47.817104032709544,,PF13263,PHP_C,47.817104032709544,clan average
CL0123,CL0123,26.143931567951604,,PF13276,HTH_21,26.143931567951604,clan average
CL0163,Calcineurin,33.14147429971037,,PF13277,YmdB,33.14147429971037,clan average
CL0050,CL0050,69.57307925406917,,PF13279,4HBT_2,69.57307925406917,clan average
CL0159,E-set,39.30318005993802,,PF13287,Fn3_assoc,39.30318005993802,clan average
CL0063,NADP_Rossmann,39.26278572618697,,PF13288,DXPR_C,39.26278572618697,clan average
CL0063,NADP_Rossmann,39.26278572618697,,PF13289,SIR2_2,39.26278572618697,clan average
CL0159,E-set,39.30318005993802,,PF13290,CHB_HEX_C_1,39.30318005993802,clan average
CL0070,CL0070,66.56825862975452,,PF13291,ACT_4,66.56825862975452,clan average
CL0023,P-loop_NTPase,49.395498104103346,,PF13304,AAA_21,49.395498104103346,clan average
CL0023,P-loop_NTPase,49.395498104103346,,PF13307,Helicase_C_2,49.395498104103346,clan average
CL0123,CL0123,26.143931567951604,,PF13309,HTH_22,26.143931567951604,clan average
CL0202,GBD,38.45146891966387,,PF13313,DUF4082,38.45146891966387,clan average
CL0036,CL0036,47.817104032709544,,PF13320,GH123_cat,47.817104032709544,clan average
CL0268,Pec_lyase-like,59.950592041015625,,PF13332,Fil_haemagg_2,59.950592041015625,clan average
CL0063,NADP_Rossmann,39.26278572618697,,PF13336,AcetylCoA_hyd_C,39.26278572618697,clan average
CL0023,P-loop_NTPase,49.395498104103346,,PF13337,BrxL_ATPase,49.395498104103346,clan average
CL0123,CL0123,26.143931567951604,,PF13338,AbiEi_4,26.143931567951604,clan average
CL0229,RING,23.531313780228857,,PF13341,RAG2_PHD,23.531313780228857,clan average
CL0177,PBP,42.38186464548598,,PF13343,SBP_bac_6,42.38186464548598,clan average
CL0137,HAD,36.67203203138414,,PF13344,Hydrolase_6,36.67203203138414,clan average
CL0181,ABC-2,93.01661087463258,,PF13346,ABC2_membrane_5,93.01661087463258,clan average
CL0015,CL0015,64.824742054381,,PF13347,MFS_2,64.824742054381,clan average
CL0268,Pec_lyase-like,59.950592041015625,,PF13349,DUF4097,59.950592041015625,clan average
CL0186,Beta_propeller,21.67085124951681,,PF13360,PQQ_2,21.67085124951681,clan average
CL0202,GBD,38.45146891966387,,PF13364,BetaGal_ABD2,38.45146891966387,clan average
CL0105,CL0105,30.879097315387945,,PF13375,RnfC_N,30.879097315387945,clan average
CL0144,Periplas_BP,59.400154176035784,,PF13377,Peripla_BP_3,59.400154176035784,clan average
CL0036,CL0036,47.817104032709544,,PF13378,MR_MLE_C,47.817104032709544,clan average
CL0177,PBP,42.38186464548598,,PF13379,NMT1_2,42.38186464548598,clan average
CL0063,NADP_Rossmann,39.26278572618697,,PF13380,CoA_binding_2,39.26278572618697,clan average
CL0063,NADP_Rossmann,39.26278572618697,,PF13383,Methyltransf_22,39.26278572618697,clan average
CL0123,CL0123,26.143931567951604,,PF13384,HTH_23,26.143931567951604,clan average
CL0263,His-Me_finger,42.13259963155944,,PF13391,HNH_2,42.13259963155944,clan average
CL0263,His-Me_finger,42.13259963155944,,PF13392,HNH_3,42.13259963155944,clan average
CL0263,His-Me_finger,42.13259963155944,,PF13395,HNH_4,42.13259963155944,clan average
CL0126,Peptidase_MA,36.71989303811342,,PF13398,Peptidase_M50B,36.71989303811342,clan average
CL0023,P-loop_NTPase,49.395498104103346,,PF13401,AAA_22,49.395498104103346,clan average
CL0126,Peptidase_MA,36.71989303811342,,PF13402,Peptidase_M60,36.71989303811342,clan average
CL0123,CL0123,26.143931567951604,,PF13404,HTH_AsnC-type,26.143931567951604,clan average
CL0144,Periplas_BP,59.400154176035784,,PF13407,Peripla_BP_4,59.400154176035784,clan average
CL0172,Thioredoxin,39.25019227930494,,PF13409,GST_N_2,39.25019227930494,clan average
CL0123,CL0123,26.143931567951604,,PF13411,MerR_1,26.143931567951604,clan average
CL0123,CL0123,26.143931567951604,,PF13412,HTH_24,26.143931567951604,clan average
CL0123,CL0123,26.143931567951604,,PF13413,HTH_25,26.143931567951604,clan average
CL0172,Thioredoxin,39.25019227930494,,PF13417,GST_N_3,39.25019227930494,clan average
CL0144,Periplas_BP,59.400154176035784,,PF13433,Peripla_BP_5,59.400154176035784,clan average
CL0063,NADP_Rossmann,39.26278572618697,,PF13434,Lys_Orn_oxgnase,39.26278572618697,clan average
CL0113,GT-B,39.69306779022893,,PF13439,Glyco_transf_4,39.69306779022893,clan average
CL0123,CL0123,26.143931567951604,,PF13443,HTH_26,26.143931567951604,clan average
CL0186,Beta_propeller,21.67085124951681,,PF13449,Phytase-like,21.67085124951681,clan average
CL0063,NADP_Rossmann,39.26278572618697,,PF13450,NAD_binding_8,39.26278572618697,clan average
CL0050,CL0050,69.57307925406917,,PF13452,FAS1_DH_region,69.57307925406917,clan average
CL0063,NADP_Rossmann,39.26278572618697,,PF13454,NAD_binding_9,39.26278572618697,clan average
CL0172,Thioredoxin,39.25019227930494,,PF13462,Thioredoxin_4,39.25019227930494,clan average
CL0123,CL0123,26.143931567951604,,PF13463,HTH_27,26.143931567951604,clan average
CL0361,CL0361,19.612287324340578,,PF13465,zf-H2C2_2,19.612287324340578,clan average
CL0502,STAS,56.35005836486816,,PF13466,STAS_2,56.35005836486816,clan average
CL0104,CL0104,35.83032244851205,,PF13468,Glyoxalase_3,35.83032244851205,clan average
CL0023,P-loop_NTPase,49.395498104103346,,PF13469,Sulfotransfer_3,49.395498104103346,clan average
CL0026,CU_oxidase,37.06352279668489,,PF13473,Cupredoxin_1,37.06352279668489,clan average
CL0023,P-loop_NTPase,49.395498104103346,,PF13476,AAA_23,49.395498104103346,clan average
CL0113,GT-B,39.69306779022893,,PF13477,Glyco_trans_4_2,39.69306779022893,clan average
CL0063,NADP_Rossmann,39.26278572618697,,PF13478,XdhC_C,39.26278572618697,clan average
CL0023,P-loop_NTPase,49.395498104103346,,PF13479,AAA_24,49.395498104103346,clan average
CL0023,P-loop_NTPase,49.395498104103346,,PF13481,AAA_25,49.395498104103346,clan average
CL0126,Peptidase_MA,36.71989303811342,,PF13485,Peptidase_MA_2,36.71989303811342,clan average
CL0529,FMN-dep-NRtase,37.721297921805544,,PF13486,Dehalogenase,37.721297921805544,clan average
CL0023,P-loop_NTPase,49.395498104103346,,PF13500,AAA_26,49.395498104103346,clan average
CL0159,E-set,39.30318005993802,,PF13501,SoxY,39.30318005993802,clan average
CL0110,GT-A,34.54581239323872,,PF13506,Glyco_transf_21,34.54581239323872,clan average
CL0020,TPR,20.933170225539683,,PF13512,TPR_18,20.933170225539683,clan average
CL0020,TPR,20.933170225539683,,PF13513,HEAT_EZ,20.933170225539683,clan average
CL0023,P-loop_NTPase,49.395498104103346,,PF13514,AAA_27,49.395498104103346,clan average
CL0123,CL0123,26.143931567951604,,PF13518,HTH_28,26.143931567951604,clan average
CL0062,APC,53.52314572334289,,PF13520,AA_permease_2,53.52314572334289,clan average
CL0023,P-loop_NTPase,49.395498104103346,,PF13521,AAA_28,49.395498104103346,clan average
CL0113,GT-B,39.69306779022893,,PF13524,Glyco_trans_1_2,39.69306779022893,clan average
CL0113,GT-B,39.69306779022893,,PF13528,Glyco_trans_1_3,39.69306779022893,clan average
CL0177,PBP,42.38186464548598,,PF13531,SBP_bac_11,42.38186464548598,clan average
CL0023,P-loop_NTPase,49.395498104103346,,PF13538,UvrD_C_2,49.395498104103346,clan average
CL0186,Beta_propeller,21.67085124951681,,PF13540,RCC1_2,21.67085124951681,clan average
CL0123,CL0123,26.143931567951604,,PF13542,HTH_Tnp_ISL3,26.143931567951604,clan average
CL0003,SAM,26.063478920372884,,PF13543,SAM_KSR1,26.063478920372884,clan average
CL0123,CL0123,26.143931567951604,,PF13545,HTH_Crp_2,26.143931567951604,clan average
CL0036,CL0036,47.817104032709544,,PF13547,GTA_TIM,47.817104032709544,clan average
CL0123,CL0123,26.143931567951604,,PF13551,HTH_29,26.143931567951604,clan average
CL0023,P-loop_NTPase,49.395498104103346,,PF13555,AAA_29,49.395498104103346,clan average
CL0123,CL0123,26.143931567951604,,PF13556,HTH_30,26.143931567951604,clan average
CL0023,P-loop_NTPase,49.395498104103346,,PF13558,SbcC_Walker_B,49.395498104103346,clan average
CL0123,CL0123,26.143931567951604,,PF13560,HTH_31,26.143931567951604,clan average
CL0123,CL0123,26.143931567951604,,PF13565,HTH_32,26.143931567951604,clan average
CL0186,Beta_propeller,21.67085124951681,,PF13570,Beta-prop_ACSF4,21.67085124951681,clan average
CL0159,E-set,39.30318005993802,,PF13573,SprB,39.30318005993802,clan average
CL0016,PKinase,54.43067383486503,,PF13575,DUF4135,54.43067383486503,clan average
CL0113,GT-B,39.69306779022893,,PF13579,Glyco_trans_4_4,39.69306779022893,clan average
CL0159,E-set,39.30318005993802,,PF13584,BatD,39.30318005993802,clan average
CL0159,E-set,39.30318005993802,,PF13585,CHU_C,39.30318005993802,clan average
CL0123,CL0123,26.143931567951604,,PF13591,MerR_2,26.143931567951604,clan average
CL0123,CL0123,26.143931567951604,,PF13592,HTH_33,26.143931567951604,clan average
CL0159,E-set,39.30318005993802,,PF13595,DUF4138,39.30318005993802,clan average
CL0123,CL0123,26.143931567951604,,PF13601,HTH_34,26.143931567951604,clan average
CL0023,P-loop_NTPase,49.395498104103346,,PF13604,AAA_30,49.395498104103346,clan average
CL0124,Peptidase_PA,45.31439166881245,,PF13611,Peptidase_S76,45.31439166881245,clan average
CL0123,CL0123,26.143931567951604,,PF13613,HTH_Tnp_4,26.143931567951604,clan average
CL0023,P-loop_NTPase,49.395498104103346,,PF13614,AAA_31,49.395498104103346,clan average
CL0050,CL0050,69.57307925406917,,PF13622,4HBT_3,69.57307925406917,clan average
CL0159,E-set,39.30318005993802,,PF13629,T2SS-T3SS_pil_N,39.30318005993802,clan average
CL0328,CL0328,44.210308118770655,,PF13631,Cytochrom_B_N_2,44.210308118770655,clan average
CL0110,GT-A,34.54581239323872,,PF13632,Glyco_trans_2_3,34.54581239323872,clan average
CL0110,GT-A,34.54581239323872,,PF13641,Glyco_tranf_2_3,34.54581239323872,clan average
CL0020,TPR,20.933170225539683,,PF13646,HEAT_2,20.933170225539683,clan average
CL0063,NADP_Rossmann,39.26278572618697,,PF13651,EcoRI_methylase,39.26278572618697,clan average
CL0036,CL0036,47.817104032709544,,PF13653,GDPD_2,47.817104032709544,clan average
CL0023,P-loop_NTPase,49.395498104103346,,PF13654,AAA_32,49.395498104103346,clan average
CL0104,CL0104,35.83032244851205,,PF13669,Glyoxalase_4,35.83032244851205,clan average
CL0023,P-loop_NTPase,49.395498104103346,,PF13671,AAA_33,49.395498104103346,clan average
CL0126,Peptidase_MA,36.71989303811342,,PF13678,Peptidase_M85,36.71989303811342,clan average
CL0063,NADP_Rossmann,39.26278572618697,,PF13679,Methyltransf_32,39.26278572618697,clan average
CL0113,GT-B,39.69306779022893,,PF13692,Glyco_trans_1_4,39.69306779022893,clan average
CL0123,CL0123,26.143931567951604,,PF13693,HTH_35,26.143931567951604,clan average
CL0126,Peptidase_MA,36.71989303811342,,PF13699,eCIS_core,36.71989303811342,clan average
CL0037,Lysozyme,33.344959264069,,PF13702,Lysozyme_like,33.344959264069,clan average
CL0110,GT-A,34.54581239323872,,PF13704,Glyco_tranf_2_4,34.54581239323872,clan average
CL0070,CL0070,66.56825862975452,,PF13710,ACT_5,66.56825862975452,clan average
CL0110,GT-A,34.54581239323872,,PF13712,Glyco_tranf_2_5,34.54581239323872,clan average
CL0036,CL0036,47.817104032709544,,PF13714,PEP_mutase,47.817104032709544,clan average
CL0046,CL0046,27.33374421173006,,PF13723,Ketoacyl-synt_2,27.33374421173006,clan average
CL0063,NADP_Rossmann,39.26278572618697,,PF13727,CoA_binding_3,39.26278572618697,clan average
CL0123,CL0123,26.143931567951604,,PF13730,HTH_36,26.143931567951604,clan average
CL0110,GT-A,34.54581239323872,,PF13733,Glyco_transf_7N,34.54581239323872,clan average
CL0063,NADP_Rossmann,39.26278572618697,,PF13738,Pyr_redox_3,39.26278572618697,clan average
CL0070,CL0070,66.56825862975452,,PF13740,ACT_6,66.56825862975452,clan average
CL0172,Thioredoxin,39.25019227930494,,PF13743,Thioredoxin_5,39.25019227930494,clan average
CL0123,CL0123,26.143931567951604,,PF13744,HTH_37,26.143931567951604,clan average
CL0159,E-set,39.30318005993802,,PF13750,Big_3_3,39.30318005993802,clan average
CL0159,E-set,39.30318005993802,,PF13752,DUF4165,39.30318005993802,clan average
CL0159,E-set,39.30318005993802,,PF13753,SWM_repeat,39.30318005993802,clan average
CL0159,E-set,39.30318005993802,,PF13754,Big_3_4,39.30318005993802,clan average
CL0165,Cache,45.265474438507106,,PF13756,Stimulus_sens_1,45.265474438507106,clan average
CL0669,NOG1_N,69.55464532640245,,PF13767,DUF4168,69.55464532640245,clan average
CL0229,RING,23.531313780228857,,PF13771,zf-HC5HC2H,23.531313780228857,clan average
CL0172,Thioredoxin,39.25019227930494,,PF13778,DUF4174,39.25019227930494,clan average
CL0159,E-set,39.30318005993802,,PF13786,DUF4179,39.30318005993802,clan average
CL0145,Golgi-transport,23.901661429406698,,PF13805,Pil1,23.901661429406698,clan average
CL0229,RING,23.531313780228857,,PF13831,PHD_2,23.531313780228857,clan average
CL0123,CL0123,26.143931567951604,,PF13837,Myb_DNA-bind_4,26.143931567951604,clan average
CL0020,TPR,20.933170225539683,,PF13838,Clathrin_H_link,20.933170225539683,clan average
CL0264,SGNH_hydrolase,54.3363812310355,,PF13839,PC-Esterase,54.3363812310355,clan average
CL0070,CL0070,66.56825862975452,,PF13840,ACT_7,66.56825862975452,clan average
CL0229,RING,23.531313780228857,,PF13842,zf-Tnp_2,23.531313780228857,clan average
CL0172,Thioredoxin,39.25019227930494,,PF13848,Thioredoxin_6,39.25019227930494,clan average
CL0192,GPCR_A,61.321635356404734,,PF13853,7tm_4,61.321635356404734,clan average
CL0186,Beta_propeller,21.67085124951681,,PF13854,Kelch_HCF,21.67085124951681,clan average
CL0159,E-set,39.30318005993802,,PF13860,FlgD_ig,39.30318005993802,clan average
CL0023,P-loop_NTPase,49.395498104103346,,PF13871,Helicase_C_4,49.395498104103346,clan average
CL0023,P-loop_NTPase,49.395498104103346,,PF13872,AAA_34,49.395498104103346,clan average
CL0123,CL0123,26.143931567951604,,PF13873,Myb_DNA-bind_5,26.143931567951604,clan average
CL0361,CL0361,19.612287324340578,,PF13878,zf-C2H2_3,19.612287324340578,clan average
CL0361,CL0361,19.612287324340578,,PF13894,zf-C2H2_4,19.612287324340578,clan average
CL0110,GT-A,34.54581239323872,,PF13896,Glyco_transf_49,34.54581239323872,clan average
CL0521,GOLD-like,100.92140126228333,,PF13897,GOLD_2,100.92140126228333,clan average
CL0062,APC,53.52314572334289,,PF13906,AA_permease_C,53.52314572334289,clan average
CL0361,CL0361,19.612287324340578,,PF13909,zf-H2C2_5,19.612287324340578,clan average
CL0172,Thioredoxin,39.25019227930494,,PF13911,AhpC-TSA_2,39.25019227930494,clan average
CL0361,CL0361,19.612287324340578,,PF13912,zf-C2H2_6,19.612287324340578,clan average
CL0361,CL0361,19.612287324340578,,PF13913,zf-C2HC_2,19.612287324340578,clan average
CL0123,CL0123,26.143931567951604,,PF13921,Myb_DNA-bind_6,26.143931567951604,clan average
CL0263,His-Me_finger,42.13259963155944,,PF13930,Endonuclea_NS_2,42.13259963155944,clan average
CL0003,SAM,26.063478920372884,,PF13932,SAM_GIDA_C,26.063478920372884,clan average
CL0126,Peptidase_MA,36.71989303811342,,PF13933,HRXXH,36.71989303811342,clan average
CL0123,CL0123,26.143931567951604,,PF13936,HTH_38,26.143931567951604,clan average
CL0108,Actin_ATPase,53.90403366088867,,PF13941,MutL,53.90403366088867,clan average
CL0287,Transthyretin,45.35773909364972,,PF13953,PapC_C,45.35773909364972,clan average
CL0186,Beta_propeller,21.67085124951681,,PF13964,Beta-prop_Calicin,21.67085124951681,clan average
CL0186,Beta_propeller,21.67085124951681,,PF13970,DUF4221,21.67085124951681,clan average
CL0036,CL0036,47.817104032709544,,PF14010,PEPcase_2,47.817104032709544,clan average
CL0159,E-set,39.30318005993802,,PF14016,DUF4232,39.30318005993802,clan average
CL0866,CL0866,22.986264376796857,,PF14031,D-ser_dehydrat,22.986264376796857,clan average
CL0123,CL0123,26.143931567951604,,PF14090,HTH_39,26.143931567951604,clan average
CL0004,Concanavalin,41.06090890681649,,PF14099,Polysacc_lyase,41.06090890681649,clan average
CL0103,Gal_mutarotase,47.39329832829262,,PF14100,DUF6807,47.39329832829262,clan average
CL0202,GBD,38.45146891966387,,PF14109,GldH_lipo,38.45146891966387,clan average
CL0123,CL0123,26.143931567951604,,PF14122,YokU,26.143931567951604,clan average
CL0375,Transporter,56.91298176266927,,PF14126,DUF4293,56.91298176266927,clan average
CL0186,Beta_propeller,21.67085124951681,,PF14157,YmzC,21.67085124951681,clan average
CL0154,C2,44.17300686820718,,PF14186,Aida_C2,44.17300686820718,clan average
CL0066,Trefoil,35.92321202056283,,PF14200,RicinB_lectin_2,35.92321202056283,clan average
CL0502,STAS,56.35005836486816,,PF14213,DUF4325,56.35005836486816,clan average
CL0126,Peptidase_MA,36.71989303811342,,PF14247,DUF4344,36.71989303811342,clan average
CL0268,Pec_lyase-like,59.950592041015625,,PF14262,Cthe_2159,59.950592041015625,clan average
CL0186,Beta_propeller,21.67085124951681,,PF14269,Arylsulfotran_2,21.67085124951681,clan average
CL0263,His-Me_finger,42.13259963155944,,PF14279,HNH_5,42.13259963155944,clan average
CL0264,SGNH_hydrolase,54.3363812310355,,PF14286,DHHW,54.3363812310355,clan average
CL0159,E-set,39.30318005993802,,PF14292,SusE,39.30318005993802,clan average
CL0168,PAN,28.44032639879515,,PF14295,PAN_4,28.44032639879515,clan average
CL0123,CL0123,26.143931567951604,,PF14297,Lin1244_N,26.143931567951604,clan average
CL0186,Beta_propeller,21.67085124951681,,PF14298,XusB,21.67085124951681,clan average
CL0004,Concanavalin,41.06090890681649,,PF14299,PP2,41.06090890681649,clan average
CL0036,CL0036,47.817104032709544,,PF14307,Glyco_tran_WbsX,47.817104032709544,clan average
CL0159,E-set,39.30318005993802,,PF14310,Fn3-like,39.30318005993802,clan average
CL0186,Beta_propeller,21.67085124951681,,PF14312,FG-GAP_2,21.67085124951681,clan average
CL0063,NADP_Rossmann,39.26278572618697,,PF14314,Methyltrans_Mon_2nd,39.26278572618697,clan average
CL0103,Gal_mutarotase,47.39329832829262,,PF14315,DUF4380,47.39329832829262,clan average
CL0202,GBD,38.45146891966387,,PF14324,PINIT,38.45146891966387,clan average
CL0123,CL0123,26.143931567951604,,PF14338,Mrr_N,26.143931567951604,clan average
CL0186,Beta_propeller,21.67085124951681,,PF14339,DUF4394,21.67085124951681,clan average
CL0287,Transthyretin,45.35773909364972,,PF14344,DUF4397,45.35773909364972,clan average
CL0328,CL0328,44.210308118770655,,PF14358,DUF4405,44.210308118770655,clan average
CL0498,Nribosyltransf,43.3914988381522,,PF14359,DUF4406,43.3914988381522,clan average
CL0105,CL0105,30.879097315387945,,PF14382,ECR1_N,30.879097315387945,clan average
CL0023,P-loop_NTPase,49.395498104103346,,PF14396,CFTR_R,49.395498104103346,clan average
CL0263,His-Me_finger,42.13259963155944,,PF14410,GH-E,42.13259963155944,clan average
CL0263,His-Me_finger,42.13259963155944,,PF14411,LHH,42.13259963155944,clan average
CL0263,His-Me_finger,42.13259963155944,,PF14412,AHH,42.13259963155944,clan average
CL0263,His-Me_finger,42.13259963155944,,PF14414,WHH,42.13259963155944,clan average
CL0672,p35,32.40707711163074,,PF14415,DUF4424,32.40707711163074,clan average
CL0023,P-loop_NTPase,49.395498104103346,,PF14417,MEDS,49.395498104103346,clan average
CL0154,C2,44.17300686820718,,PF14429,DOCK-C2,44.17300686820718,clan average
CL0229,RING,23.531313780228857,,PF14445,Prok-RING_2,23.531313780228857,clan average
CL0229,RING,23.531313780228857,,PF14446,Prok-RING_1,23.531313780228857,clan average
CL0108,Actin_ATPase,53.90403366088867,,PF14450,FtsA,53.90403366088867,clan average
CL0123,CL0123,26.143931567951604,,PF14465,WHD_1st_NFRKB,26.143931567951604,clan average
CL0159,E-set,39.30318005993802,,PF14467,DUF4426,39.30318005993802,clan average
CL0103,Gal_mutarotase,47.39329832829262,,PF14486,DUF4432,47.39329832829262,clan average
CL0036,CL0036,47.817104032709544,,PF14488,DUF4434,47.817104032709544,clan average
CL0123,CL0123,26.143931567951604,,PF14493,HTH_40,26.143931567951604,clan average
CL0974,CL0974,69.30794604988985,,PF14494,DUF4436,69.30794604988985,clan average
CL0103,Gal_mutarotase,47.39329832829262,,PF14498,Glyco_hyd_65N_2,47.39329832829262,clan average
CL0123,CL0123,26.143931567951604,,PF14502,HTH_41,26.143931567951604,clan average
CL0177,PBP,42.38186464548598,,PF14503,YhfZ_C,42.38186464548598,clan average
CL0866,CL0866,22.986264376796857,,PF14505,DUF4438,22.986264376796857,clan average
CL0104,CL0104,35.83032244851205,,PF14506,CppA_N,35.83032244851205,clan average
CL0104,CL0104,35.83032244851205,,PF14507,CppA_C,35.83032244851205,clan average
CL0103,Gal_mutarotase,47.39329832829262,,PF14508,GH97_N,47.39329832829262,clan average
CL0369,GHD,27.770430530606422,,PF14509,GH97_C,27.770430530606422,clan average
CL0529,FMN-dep-NRtase,37.721297921805544,,PF14512,TM1586_NiRdase,37.721297921805544,clan average
CL0023,P-loop_NTPase,49.395498104103346,,PF14516,AAA_35,49.395498104103346,clan average
CL0126,Peptidase_MA,36.71989303811342,,PF14521,Aspzincin_M35,36.71989303811342,clan average
CL0159,E-set,39.30318005993802,,PF14524,Wzt_C,39.30318005993802,clan average
CL0016,PKinase,54.43067383486503,,PF14531,Kinase-like,54.43067383486503,clan average
CL0023,P-loop_NTPase,49.395498104103346,,PF14532,Sigma54_activ_2,49.395498104103346,clan average
CL0050,CL0050,69.57307925406917,,PF14539,DUF4442,69.57307925406917,clan average
CL0159,E-set,39.30318005993802,,PF14545,DBB,39.30318005993802,clan average
CL0123,CL0123,26.143931567951604,,PF14549,P22_Cro,26.143931567951604,clan average
CL0214,CL0214,28.487959910306852,,PF14555,UBA_4,28.487959910306852,clan average
CL0053,4H_Cytokine,43.86631444784311,,PF14565,IL22,43.86631444784311,clan average
CL0314,CL0314,39.7510323495026,,PF14573,PP-binding_2,39.7510323495026,clan average
CL0108,Actin_ATPase,53.90403366088867,,PF14574,RACo_C_ter,53.90403366088867,clan average
CL0866,CL0866,22.986264376796857,,PF14578,GTP_EFTU_D4,22.986264376796857,clan average
CL0163,Calcineurin,33.14147429971037,,PF14582,Metallophos_3,33.14147429971037,clan average
CL0186,Beta_propeller,21.67085124951681,,PF14583,Pectate_lyase22,21.67085124951681,clan average
CL0036,CL0036,47.817104032709544,,PF14587,Glyco_hydr_30_2,47.817104032709544,clan average
CL0172,Thioredoxin,39.25019227930494,,PF14595,Thioredoxin_9,39.25019227930494,clan average
CL0264,SGNH_hydrolase,54.3363812310355,,PF14606,Lipase_GDSL_3,54.3363812310355,clan average
CL0202,GBD,38.45146891966387,,PF14607,GxDLY,38.45146891966387,clan average
CL0159,E-set,39.30318005993802,,PF14610,Psg1,39.30318005993802,clan average
CL0103,Gal_mutarotase,47.39329832829262,,PF14614,DUF4450,47.39329832829262,clan average
CL0023,P-loop_NTPase,49.395498104103346,,PF14617,CMS1,49.395498104103346,clan average
CL0894,CL0894,24.2352748558654,,PF14625,Lustrin_cystein,24.2352748558654,clan average
CL0186,Beta_propeller,21.67085124951681,,PF14655,RAB3GAP2_N,21.67085124951681,clan average
CL0220,CL0220,19.573838134150012,,PF14658,EF-hand_9,19.573838134150012,clan average
CL0287,Transthyretin,45.35773909364972,,PF14660,DUF4458,45.35773909364972,clan average
CL0020,TPR,20.933170225539683,,PF14674,FANCI_S1-cap,20.933170225539683,clan average
CL0020,TPR,20.933170225539683,,PF14679,FANCI_HD1,20.933170225539683,clan average
CL0202,GBD,38.45146891966387,,PF14683,CBM-like,38.45146891966387,clan average
CL0287,Transthyretin,45.35773909364972,,PF14686,fn3_3,45.35773909364972,clan average
CL0268,Pec_lyase-like,59.950592041015625,,PF14692,DUF4462,59.950592041015625,clan average
CL0104,CL0104,35.83032244851205,,PF14696,Glyoxalase_5,35.83032244851205,clan average
CL0026,CU_oxidase,37.06352279668489,,PF14699,hGDE_N,37.06352279668489,clan average
CL0036,CL0036,47.817104032709544,,PF14701,hDGE_amylase,47.817104032709544,clan average
CL0123,CL0123,26.143931567951604,,PF14705,Costars,26.143931567951604,clan average
CL0202,GBD,38.45146891966387,,PF14717,DUF4465,38.45146891966387,clan average
CL0020,TPR,20.933170225539683,,PF14718,SLT_L,20.933170225539683,clan average
CL0135,CL0135,46.046028838419694,,PF14725,DUF4466,46.046028838419694,clan average
CL0186,Beta_propeller,21.67085124951681,,PF14727,PHTB1_N,21.67085124951681,clan average
CL0159,E-set,39.30318005993802,,PF14728,PTHB1_GAE,39.30318005993802,clan average
CL0159,E-set,39.30318005993802,,PF14734,DUF4469,39.30318005993802,clan average
CL0202,GBD,38.45146891966387,,PF14741,GH114_assoc,38.45146891966387,clan average
CL0103,Gal_mutarotase,47.39329832829262,,PF14742,GDE_N_bis,47.39329832829262,clan average
CL0186,Beta_propeller,21.67085124951681,,PF14761,HPS3_N,21.67085124951681,clan average
CL0020,TPR,20.933170225539683,,PF14764,SPG48,20.933170225539683,clan average
CL0050,CL0050,69.57307925406917,,PF14765,PS-DH,69.57307925406917,clan average
CL0186,Beta_propeller,21.67085124951681,,PF14779,BBS1,21.67085124951681,clan average
CL0186,Beta_propeller,21.67085124951681,,PF14781,BBS2_N,21.67085124951681,clan average
CL0159,E-set,39.30318005993802,,PF14782,BBS2_GAE,39.30318005993802,clan average
CL0186,Beta_propeller,21.67085124951681,,PF14783,BBS2_Mid,21.67085124951681,clan average
CL0220,CL0220,19.573838134150012,,PF14788,EF-hand_10,19.573838134150012,clan average
CL0356,AMP_N-like,47.05576038360596,,PF14826,FACT-Spt16_Nlob,47.05576038360596,clan average
CL0103,Gal_mutarotase,47.39329832829262,,PF14849,YidC_periplas,47.39329832829262,clan average
CL0020,TPR,20.933170225539683,,PF14852,Fis1_TPR_N,20.933170225539683,clan average
CL0020,TPR,20.933170225539683,,PF14853,Fis1_TPR_C,20.933170225539683,clan average
CL0020,TPR,20.933170225539683,,PF14863,Alkyl_sulf_dimr,20.933170225539683,clan average
CL0186,Beta_propeller,21.67085124951681,,PF14870,PSII_BNR,21.67085124951681,clan average
CL0036,CL0036,47.817104032709544,,PF14871,GHL6,47.817104032709544,clan average
CL0159,E-set,39.30318005993802,,PF14874,PapD-like,39.30318005993802,clan average
CL0100,C1q_TNF,28.56269966287816,,PF14879,DUF4489,28.56269966287816,clan average
CL0063,NADP_Rossmann,39.26278572618697,,PF14881,Tubulin_3,39.26278572618697,clan average
CL0036,CL0036,47.817104032709544,,PF14883,GHL13,47.817104032709544,clan average
CL0036,CL0036,47.817104032709544,,PF14885,GHL15,47.817104032709544,clan average
CL0159,E-set,39.30318005993802,,PF14888,PBP-Tp47_c,39.30318005993802,clan average
CL0126,Peptidase_MA,36.71989303811342,,PF14891,Peptidase_M91,36.71989303811342,clan average
CL0154,C2,44.17300686820718,,PF14909,SPATA6,44.17300686820718,clan average
CL0128,vWA-like,49.95459311089533,,PF14918,MTBP_N,49.95459311089533,clan average
CL0154,C2,44.17300686820718,,PF14924,MAP10_N,44.17300686820718,clan average
CL0159,E-set,39.30318005993802,,PF14930,Qn_am_d_aII,39.30318005993802,clan average
CL0814,CL0814,29.13750098733341,,PF14941,OAF_N,29.13750098733341,clan average
CL0123,CL0123,26.143931567951604,,PF14947,HTH_45,26.143931567951604,clan average
CL0375,Transporter,56.91298176266927,,PF14985,TM140,56.91298176266927,clan average
CL0113,GT-B,39.69306779022893,,PF15024,Glyco_transf_18,39.69306779022893,clan average
CL0053,4H_Cytokine,43.86631444784311,,PF15036,IL34,43.86631444784311,clan average
CL0016,PKinase,54.43067383486503,,PF15051,FAM198,54.43067383486503,clan average
CL0103,Gal_mutarotase,47.39329832829262,,PF15065,GLMP,47.39329832829262,clan average
CL0159,E-set,39.30318005993802,,PF15094,DUF4556,39.30318005993802,clan average
CL0066,Trefoil,35.92321202056283,,PF15095,IL33_bt,35.92321202056283,clan average
CL0192,GPCR_A,61.321635356404734,,PF15100,TMEM187,61.321635356404734,clan average
CL0375,Transporter,56.91298176266927,,PF15108,TMEM37,56.91298176266927,clan average
CL0220,CL0220,19.573838134150012,,PF15157,IQCJ-SCHIP1,19.573838134150012,clan average
CL0053,4H_Cytokine,43.86631444784311,,PF15177,IL28A,43.86631444784311,clan average
CL1015,CL1015,55.43874182367057,,PF15203,TMEM95,55.43874182367057,clan average
CL0053,4H_Cytokine,43.86631444784311,,PF15216,TSLP,43.86631444784311,clan average
CL0361,CL0361,19.612287324340578,,PF15269,zf-C2H2_7,19.612287324340578,clan average
CL0020,TPR,20.933170225539683,,PF15278,Sec3_C_2,20.933170225539683,clan average
CL0186,Beta_propeller,21.67085124951681,,PF15416,DUF4623,21.67085124951681,clan average
CL0159,E-set,39.30318005993802,,PF15418,DUF4625,39.30318005993802,clan average
CL0202,GBD,38.45146891966387,,PF15425,DUF4627,38.45146891966387,clan average
CL0202,GBD,38.45146891966387,,PF15432,Sec-ASP3,38.45146891966387,clan average
CL0186,Beta_propeller,21.67085124951681,,PF15492,Nbas_N,21.67085124951681,clan average
CL0004,Concanavalin,41.06090890681649,,PF15493,YrpD,41.06090890681649,clan average
CL0287,Transthyretin,45.35773909364972,,PF15495,Fimbrillin_C,45.35773909364972,clan average
CL0186,Beta_propeller,21.67085124951681,,PF15525,DUF4652,21.67085124951681,clan average
CL0159,E-set,39.30318005993802,,PF15536,Ntox3,39.30318005993802,clan average
CL0036,CL0036,47.817104032709544,,PF15617,C-C_Bond_Lyase,47.817104032709544,clan average
CL0154,C2,44.17300686820718,,PF15625,CC2D2AN-C2,44.17300686820718,clan average
CL0154,C2,44.17300686820718,,PF15627,CEP76-C2,44.17300686820718,clan average
CL0126,Peptidase_MA,36.71989303811342,,PF15641,Tox-MPTase5,36.71989303811342,clan average
CL0293,CL0293,108.55528087486567,,PF15668,DUF4663,108.55528087486567,clan average
CL0186,Beta_propeller,21.67085124951681,,PF15702,HPS6,21.67085124951681,clan average
CL0159,E-set,39.30318005993802,,PF15705,TMEM132_N,39.30318005993802,clan average
CL0154,C2,44.17300686820718,,PF15729,CTSRT,44.17300686820718,clan average
CL0361,CL0361,19.612287324340578,,PF15750,UBZ_FAAP20,19.612287324340578,clan average
CL0159,E-set,39.30318005993802,,PF15780,ASH,39.30318005993802,clan average
CL0186,Beta_propeller,21.67085124951681,,PF15802,DCAF17,21.67085124951681,clan average
CL0117,uPAR_Ly6_toxin,34.73212915719407,,PF15851,DUF4723,34.73212915719407,clan average
CL0389,CL0389,34.599674329762465,,PF15866,DUF4729,34.599674329762465,clan average
CL0186,Beta_propeller,21.67085124951681,,PF15869,TolB_like,21.67085124951681,clan average
CL0159,E-set,39.30318005993802,,PF15886,CBM39,39.30318005993802,clan average
CL0126,Peptidase_MA,36.71989303811342,,PF15887,Peptidase_Mx,36.71989303811342,clan average
CL0126,Peptidase_MA,36.71989303811342,,PF15890,Peptidase_Mx1,36.71989303811342,clan average
CL0498,Nribosyltransf,43.3914988381522,,PF15891,Nuc_deoxyri_tr2,43.3914988381522,clan average
CL0186,Beta_propeller,21.67085124951681,,PF15892,BNR_4,21.67085124951681,clan average
CL0229,RING,23.531313780228857,,PF15906,zf-NOSIP,23.531313780228857,clan average
CL0186,Beta_propeller,21.67085124951681,,PF15907,Itfg2,21.67085124951681,clan average
CL0186,Beta_propeller,21.67085124951681,,PF15911,Beta-prop_WDR19_2nd,21.67085124951681,clan average
CL0113,GT-B,39.69306779022893,,PF15924,ALG11_N,39.69306779022893,clan average
CL0123,CL0123,26.143931567951604,,PF15943,YdaS_toxin,26.143931567951604,clan average
CL0123,CL0123,26.143931567951604,,PF15963,Myb_DNA-bind_7,26.143931567951604,clan average
CL0287,Transthyretin,45.35773909364972,,PF15976,CooC_C,45.35773909364972,clan average
CL0123,CL0123,26.143931567951604,,PF15977,HTH_46,26.143931567951604,clan average
CL0036,CL0036,47.817104032709544,,PF15979,Glyco_hydro_115,47.817104032709544,clan average
CL0123,CL0123,26.143931567951604,,PF16007,DUF4777,26.143931567951604,clan average
CL0033,CL0033,32.491583815673984,,PF16017,BTB_3,32.491583815673984,clan average
CL0186,Beta_propeller,21.67085124951681,,PF16023,DUF4784,21.67085124951681,clan average
CL0154,C2,44.17300686820718,,PF16032,DUF4788,44.17300686820718,clan average
CL0123,CL0123,26.143931567951604,,PF16064,DUF4806,26.143931567951604,clan average
CL0159,E-set,39.30318005993802,,PF16070,Ig_TMEM132_4th,39.30318005993802,clan average
CL0323,CL0323,58.23729116253491,,PF16073,SAT,58.23729116253491,clan average
CL0123,CL0123,26.143931567951604,,PF16087,DUF4817,26.143931567951604,clan average
CL0036,CL0036,47.817104032709544,,PF16126,DUF4838,47.817104032709544,clan average
CL0159,E-set,39.30318005993802,,PF16132,DUF4843,39.30318005993802,clan average
CL0036,CL0036,47.817104032709544,,PF16141,GH18_BT1044-like,47.817104032709544,clan average
CL0036,CL0036,47.817104032709544,,PF16147,DUF4855,47.817104032709544,clan average
CL0036,CL0036,47.817104032709544,,PF16154,DUF4862,47.817104032709544,clan average
CL0159,E-set,39.30318005993802,,PF16158,N_BRCA1_IG,39.30318005993802,clan average
CL0268,Pec_lyase-like,59.950592041015625,,PF16168,AIDA,59.950592041015625,clan average
CL0159,E-set,39.30318005993802,,PF16179,RHD_dimer,39.30318005993802,clan average
CL0020,TPR,20.933170225539683,,PF16186,Arm_3,20.933170225539683,clan average
CL0866,CL0866,22.986264376796857,,PF16190,E1_FCCH,22.986264376796857,clan average
CL0023,P-loop_NTPase,49.395498104103346,,PF16203,ERCC3_RAD25_C,49.395498104103346,clan average
CL0159,E-set,39.30318005993802,,PF16215,DUF4876,39.30318005993802,clan average
CL0159,E-set,39.30318005993802,,PF16219,DUF4879,39.30318005993802,clan average
CL0123,CL0123,26.143931567951604,,PF16221,HTH_47,26.143931567951604,clan average
CL0004,Concanavalin,41.06090890681649,,PF16223,DUF4882,41.06090890681649,clan average
CL0264,SGNH_hydrolase,54.3363812310355,,PF16227,DUF4886,54.3363812310355,clan average
CL0287,Transthyretin,45.35773909364972,,PF16249,DUF4906,45.35773909364972,clan average
CL0865,CL0865,40.222714415703074,,PF16254,DUF4910,40.222714415703074,clan average
CL0264,SGNH_hydrolase,54.3363812310355,,PF16255,Lipase_GDSL_lke,54.3363812310355,clan average
CL0036,CL0036,47.817104032709544,,PF16257,UxaE,47.817104032709544,clan average
CL0159,E-set,39.30318005993802,,PF16258,DUF4912,39.30318005993802,clan average
CL0186,Beta_propeller,21.67085124951681,,PF16261,DUF4915,21.67085124951681,clan average
CL0063,NADP_Rossmann,39.26278572618697,,PF16263,DUF4917,39.26278572618697,clan average
CL0361,CL0361,19.612287324340578,,PF16278,zf-C2HE,19.612287324340578,clan average
CL0123,CL0123,26.143931567951604,,PF16282,SANT_DAMP1_like,26.143931567951604,clan average
CL0159,E-set,39.30318005993802,,PF16283,DUF4929,39.30318005993802,clan average
CL0186,Beta_propeller,21.67085124951681,,PF16287,DUF4933,21.67085124951681,clan average
CL0186,Beta_propeller,21.67085124951681,,PF16288,DUF4934,21.67085124951681,clan average
CL0361,CL0361,19.612287324340578,,PF16293,zf-C2H2_9,19.612287324340578,clan average
CL0186,Beta_propeller,21.67085124951681,,PF16300,WD40_4,21.67085124951681,clan average
CL0159,E-set,39.30318005993802,,PF16303,DUF4945,39.30318005993802,clan average
CL0126,Peptidase_MA,36.71989303811342,,PF16313,DUF4953,36.71989303811342,clan average
CL0268,Pec_lyase-like,59.950592041015625,,PF16315,DUF4955,59.950592041015625,clan average
CL0036,CL0036,47.817104032709544,,PF16317,Glyco_hydro_99,47.817104032709544,clan average
CL0268,Pec_lyase-like,59.950592041015625,,PF16318,DUF4957,59.950592041015625,clan average
CL0159,E-set,39.30318005993802,,PF16319,Ig_BT4661_1st,39.30318005993802,clan average
CL0159,E-set,39.30318005993802,,PF16323,DUF4959,39.30318005993802,clan average
CL0866,CL0866,22.986264376796857,,PF16325,Peptidase_U32_C,22.986264376796857,clan average
CL0135,CL0135,46.046028838419694,,PF16328,DUF4961,46.046028838419694,clan average
CL0059,6_Hairpin,36.79082130018444,,PF16332,DSE-like_N,36.79082130018444,clan average
CL0059,6_Hairpin,36.79082130018444,,PF16335,GtaA_6_Hairpin,36.79082130018444,clan average
CL0159,E-set,39.30318005993802,,PF16343,DUF4973,39.30318005993802,clan average
CL0004,Concanavalin,41.06090890681649,,PF16346,GH32_BT1760-like_C,41.06090890681649,clan average
CL0088,Alk_phosphatase,45.54647203577954,,PF16347,SGSH_C,45.54647203577954,clan average
CL0159,E-set,39.30318005993802,,PF16353,LacZ_4,39.30318005993802,clan average
CL0159,E-set,39.30318005993802,,PF16355,DUF4982,39.30318005993802,clan average
CL0123,CL0123,26.143931567951604,,PF16365,EutK_C,26.143931567951604,clan average
CL0782,CL0782,25.599053828546072,,PF16366,CEBP_ZZ,25.599053828546072,clan average
CL0159,E-set,39.30318005993802,,PF16370,MetallophosC,39.30318005993802,clan average
CL0287,Transthyretin,45.35773909364972,,PF16371,MetallophosN,45.35773909364972,clan average
CL0036,CL0036,47.817104032709544,,PF16387,DUF4996,47.817104032709544,clan average
CL0159,E-set,39.30318005993802,,PF16390,DUF4999,39.30318005993802,clan average
CL0202,GBD,38.45146891966387,,PF16391,DUF5000,38.45146891966387,clan average
CL0159,E-set,39.30318005993802,,PF16392,DUF5001,39.30318005993802,clan average
CL0159,E-set,39.30318005993802,,PF16394,DUF5003,39.30318005993802,clan average
CL0159,E-set,39.30318005993802,,PF16400,DUF5008,39.30318005993802,clan average
CL0036,CL0036,47.817104032709544,,PF16402,DUF5010,47.817104032709544,clan average
CL0159,E-set,39.30318005993802,,PF16403,Bact_surface_Ig-like,39.30318005993802,clan average
CL0159,E-set,39.30318005993802,,PF16407,PKD_2,39.30318005993802,clan average
CL0159,E-set,39.30318005993802,,PF16410,DUF5018,39.30318005993802,clan average
CL0020,TPR,20.933170225539683,,PF16416,GUN4_N,20.933170225539683,clan average
CL0020,TPR,20.933170225539683,,PF16418,CNOT1_HEAT,20.933170225539683,clan average
CL0159,E-set,39.30318005993802,,PF16438,DUF5035,39.30318005993802,clan average
CL0264,SGNH_hydrolase,54.3363812310355,,PF16443,DUF5040,54.3363812310355,clan average
CL0165,Cache,45.265474438507106,,PF16448,LapD_MoxY_N,45.265474438507106,clan average
CL0299,Peptidase_SF,57.835466384887695,,PF16452,Phage_CI_C,57.835466384887695,clan average
CL0186,Beta_propeller,21.67085124951681,,PF16465,DUF5046,21.67085124951681,clan average
CL0570,CL0570,28.707923080342724,,PF16470,S8_pro-domain,28.707923080342724,clan average
CL0016,PKinase,54.43067383486503,,PF16474,KIND,54.43067383486503,clan average
CL0103,Gal_mutarotase,47.39329832829262,,PF16477,DUF5054,47.39329832829262,clan average
CL0036,CL0036,47.817104032709544,,PF16499,Melibiase_2,47.817104032709544,clan average
CL0123,CL0123,26.143931567951604,,PF16509,KORA,26.143931567951604,clan average
CL0165,Cache,45.265474438507106,,PF16524,RisS_PPD,45.265474438507106,clan average
CL0186,Beta_propeller,21.67085124951681,,PF16529,Ge1_WD40,21.67085124951681,clan average
CL0100,C1q_TNF,28.56269966287816,,PF16532,Phage_tail_NK,28.56269966287816,clan average
CL0866,CL0866,22.986264376796857,,PF16538,FlgT_C,22.986264376796857,clan average
CL0036,CL0036,47.817104032709544,,PF16552,OAM_alpha,47.817104032709544,clan average
CL0123,CL0123,26.143931567951604,,PF16553,PUFD,26.143931567951604,clan average
CL0287,Transthyretin,45.35773909364972,,PF16555,GramPos_pilinD1,45.35773909364972,clan average
CL0123,CL0123,26.143931567951604,,PF16557,CUTL,26.143931567951604,clan average
CL0369,GHD,27.770430530606422,,PF16561,AMPK1_CBM,27.770430530606422,clan average
CL0159,E-set,39.30318005993802,,PF16562,HECW_N,39.30318005993802,clan average
CL0287,Transthyretin,45.35773909364972,,PF16570,GramPos_pilinD3,45.35773909364972,clan average
CL0023,P-loop_NTPase,49.395498104103346,,PF16575,CLP1_P,49.395498104103346,clan average
CL0214,CL0214,28.487959910306852,,PF16577,UBA_5,28.487959910306852,clan average
CL0063,NADP_Rossmann,39.26278572618697,,PF16582,TPP_enzyme_M_2,39.26278572618697,clan average
CL0159,E-set,39.30318005993802,,PF16583,ZirS_C,39.30318005993802,clan average
CL0159,E-set,39.30318005993802,,PF16586,DUF5060,39.30318005993802,clan average
CL0361,CL0361,19.612287324340578,,PF16588,zf-C2H2_10,19.612287324340578,clan average
CL0361,CL0361,19.612287324340578,,PF16622,zf-C2H2_11,19.612287324340578,clan average
CL0159,E-set,39.30318005993802,,PF16640,Big_3_5,39.30318005993802,clan average
CL0053,4H_Cytokine,43.86631444784311,,PF16647,GCSF,43.86631444784311,clan average
CL0053,4H_Cytokine,43.86631444784311,,PF16649,IL23,43.86631444784311,clan average
CL0159,E-set,39.30318005993802,,PF16655,PhoD_N,39.30318005993802,clan average
CL0369,GHD,27.770430530606422,,PF16657,Malt_amylase_C,27.770430530606422,clan average
CL0036,CL0036,47.817104032709544,,PF16670,PI-PLC-C1,47.817104032709544,clan average
CL0123,CL0123,26.143931567951604,,PF16677,GP3_package,26.143931567951604,clan average
CL0123,CL0123,26.143931567951604,,PF16679,CDT1_C,26.143931567951604,clan average
CL0186,Beta_propeller,21.67085124951681,,PF16687,ELYS-bb,21.67085124951681,clan average
CL0529,FMN-dep-NRtase,37.721297921805544,,PF16690,MMACHC,37.721297921805544,clan average
CL0159,E-set,39.30318005993802,,PF16709,SCAB-Ig,39.30318005993802,clan average
CL0159,E-set,39.30318005993802,,PF16723,DUF5065,39.30318005993802,clan average
CL0165,Cache,45.265474438507106,,PF16736,sCache_like,45.265474438507106,clan average
CL0159,E-set,39.30318005993802,,PF16742,IL17R_D_N,39.30318005993802,clan average
CL0229,RING,23.531313780228857,,PF16744,zf-RING_15,23.531313780228857,clan average
CL0145,Golgi-transport,23.901661429406698,,PF16746,BAR_3,23.901661429406698,clan average
CL0165,Cache,45.265474438507106,,PF16750,HK_sensor,45.265474438507106,clan average
CL0037,Lysozyme,33.344959264069,,PF16754,Pesticin,33.344959264069,clan average
CL0186,Beta_propeller,21.67085124951681,,PF16755,Beta-prop_NUP159_NUP214,21.67085124951681,clan average
CL0186,Beta_propeller,21.67085124951681,,PF16756,PALB2_WD40,21.67085124951681,clan average
CL0369,GHD,27.770430530606422,,PF16757,Fucosidase_C,27.770430530606422,clan average
CL0159,E-set,39.30318005993802,,PF16758,UL141,39.30318005993802,clan average
CL0023,P-loop_NTPase,49.395498104103346,,PF16769,MCM3AP_GANP_N,49.395498104103346,clan average
CL0263,His-Me_finger,42.13259963155944,,PF16784,HNHc_6,42.13259963155944,clan average
CL0263,His-Me_finger,42.13259963155944,,PF16786,RecA_dep_nuc,42.13259963155944,clan average
CL0159,E-set,39.30318005993802,,PF16794,fn3_4,39.30318005993802,clan average
CL0023,P-loop_NTPase,49.395498104103346,,PF16796,Microtub_bd,49.395498104103346,clan average
CL0063,NADP_Rossmann,39.26278572618697,,PF16803,DRE2_N,39.26278572618697,clan average
CL0020,TPR,20.933170225539683,,PF16804,DUF5071,20.933170225539683,clan average
CL0186,Beta_propeller,21.67085124951681,,PF16819,DUF5074,21.67085124951681,clan average
CL0159,E-set,39.30318005993802,,PF16820,PKD_3,39.30318005993802,clan average
CL0264,SGNH_hydrolase,54.3363812310355,,PF16822,ALGX,54.3363812310355,clan average
CL0202,GBD,38.45146891966387,,PF16824,CBM_26,38.45146891966387,clan average
CL0056,C_Lectin,29.746108227159635,,PF16825,DUF5075,29.746108227159635,clan average
CL0023,P-loop_NTPase,49.395498104103346,,PF16834,CSM2,49.395498104103346,clan average
CL0023,P-loop_NTPase,49.395498104103346,,PF16836,PSY3,49.395498104103346,clan average
CL0202,GBD,38.45146891966387,,PF16841,CBM60,38.45146891966387,clan average
CL0110,GT-A,34.54581239323872,,PF16849,Glyco_transf_88,34.54581239323872,clan average
CL0066,Trefoil,35.92321202056283,,PF16850,Inhibitor_I66,35.92321202056283,clan average
CL0020,TPR,20.933170225539683,,PF16854,VPS53_C,20.933170225539683,clan average
CL0229,RING,23.531313780228857,,PF16866,PHD_4,23.531313780228857,clan average
CL0177,PBP,42.38186464548598,,PF16868,NMT1_3,42.38186464548598,clan average
CL0202,GBD,38.45146891966387,,PF16871,DUF5077,38.45146891966387,clan average
CL0369,GHD,27.770430530606422,,PF16874,Glyco_hydro_36C,27.770430530606422,clan average
CL0103,Gal_mutarotase,47.39329832829262,,PF16875,Glyco_hydro_36N,47.39329832829262,clan average
CL0105,CL0105,30.879097315387945,,PF16886,ATP-synt_ab_Xtn,30.879097315387945,clan average
CL0059,6_Hairpin,36.79082130018444,,PF16889,Hepar_II_III_N,36.79082130018444,clan average
CL0159,E-set,39.30318005993802,,PF16893,fn3_2,39.30318005993802,clan average
CL0123,CL0123,26.143931567951604,,PF16902,FokI_D3,26.143931567951604,clan average
CL0063,NADP_Rossmann,39.26278572618697,,PF16912,Glu_dehyd_C,39.26278572618697,clan average
CL0103,Gal_mutarotase,47.39329832829262,,PF16923,Glyco_hydro_63N,47.39329832829262,clan average
CL0063,NADP_Rossmann,39.26278572618697,,PF16924,DpaA_N,39.26278572618697,clan average
CL0192,GPCR_A,61.321635356404734,,PF16927,HisKA_7TM,61.321635356404734,clan average
CL0181,ABC-2,93.01661087463258,,PF16949,ABC_tran_2,93.01661087463258,clan average
CL0960,CL0960,22.044313265744545,,PF16959,Collectrin,22.044313265744545,clan average
CL0181,ABC-2,93.01661087463258,,PF16962,ABC_export,93.01661087463258,clan average
CL0159,E-set,39.30318005993802,,PF16967,TcfC,39.30318005993802,clan average
CL0159,E-set,39.30318005993802,,PF16974,NAR2,39.30318005993802,clan average
CL0062,APC,53.52314572334289,,PF16983,MFS_MOT1,53.52314572334289,clan average
CL0026,CU_oxidase,37.06352279668489,,PF16986,CzcE,37.06352279668489,clan average
CL0202,GBD,38.45146891966387,,PF16990,CBM_35,38.45146891966387,clan average
CL0113,GT-B,39.69306779022893,,PF16993,Asp1,39.69306779022893,clan average
CL0113,GT-B,39.69306779022893,,PF16994,Glyco_trans_4_5,39.69306779022893,clan average
CL0108,Actin_ATPase,53.90403366088867,,PF17003,Actin_micro,53.90403366088867,clan average
CL0020,TPR,20.933170225539683,,PF17004,SRP_TPR_like,20.933170225539683,clan average
CL0186,Beta_propeller,21.67085124951681,,PF17005,WD40_like,21.67085124951681,clan average
CL0063,NADP_Rossmann,39.26278572618697,,PF17019,DUF5096,39.26278572618697,clan average
CL0865,CL0865,40.222714415703074,,PF17033,Peptidase_M99,40.222714415703074,clan average
CL0202,GBD,38.45146891966387,,PF17065,UPF0669,38.45146891966387,clan average
CL0268,Pec_lyase-like,59.950592041015625,,PF17115,Toast_rack_N,59.950592041015625,clan average
CL0159,E-set,39.30318005993802,,PF17116,T9SS_plug_1st,39.30318005993802,clan average
CL0229,RING,23.531313780228857,,PF17121,zf-C3HC4_5,23.531313780228857,clan average
CL0229,RING,23.531313780228857,,PF17122,zf-C3H2C3,23.531313780228857,clan average
CL0103,Gal_mutarotase,47.39329832829262,,PF17128,DUF5107,47.39329832829262,clan average
CL0202,GBD,38.45146891966387,,PF17133,DUF5108,38.45146891966387,clan average
CL0159,E-set,39.30318005993802,,PF17142,SusF_N,39.30318005993802,clan average
CL0165,Cache,45.265474438507106,,PF17149,CHASE5,45.265474438507106,clan average
CL0165,Cache,45.265474438507106,,PF17151,CHASE7,45.265474438507106,clan average
CL0165,Cache,45.265474438507106,,PF17152,CHASE8,45.265474438507106,clan average
CL0165,Cache,45.265474438507106,,PF17154,GAPES3,45.265474438507106,clan average
CL0165,Cache,45.265474438507106,,PF17157,GAPES4,45.265474438507106,clan average
CL0192,GPCR_A,61.321635356404734,,PF17158,MASE4,61.321635356404734,clan average
CL0192,GPCR_A,61.321635356404734,,PF17159,MASE3,61.321635356404734,clan average
CL0268,Pec_lyase-like,59.950592041015625,,PF17161,DUF5123,59.950592041015625,clan average
CL0186,Beta_propeller,21.67085124951681,,PF17164,DUF5122,21.67085124951681,clan average
CL0159,E-set,39.30318005993802,,PF17166,DUF5126,39.30318005993802,clan average
CL0059,6_Hairpin,36.79082130018444,,PF17167,Glyco_hydro_94,36.79082130018444,clan average
CL0103,Gal_mutarotase,47.39329832829262,,PF17168,DUF5127,47.39329832829262,clan average
CL0186,Beta_propeller,21.67085124951681,,PF17170,DUF5128,21.67085124951681,clan average
CL0172,Thioredoxin,39.25019227930494,,PF17172,GST_N_4,39.25019227930494,clan average
CL0063,NADP_Rossmann,39.26278572618697,,PF17173,DUF5129,39.26278572618697,clan average
CL0063,NADP_Rossmann,39.26278572618697,,PF17174,DUF5130,39.26278572618697,clan average
CL0063,NADP_Rossmann,39.26278572618697,,PF17175,MOLO1,39.26278572618697,clan average
CL0264,SGNH_hydrolase,54.3363812310355,,PF17182,OSK,54.3363812310355,clan average
CL0369,GHD,27.770430530606422,,PF17189,Glyco_hydro_30C,27.770430530606422,clan average
CL0123,CL0123,26.143931567951604,,PF17194,AbiEi_3_N,26.143931567951604,clan average
CL0165,Cache,45.265474438507106,,PF17200,sCache_2,45.265474438507106,clan average
CL0165,Cache,45.265474438507106,,PF17202,sCache_3_3,45.265474438507106,clan average
CL0165,Cache,45.265474438507106,,PF17203,sCache_3_2,45.265474438507106,clan average
CL0287,Transthyretin,45.35773909364972,,PF17210,SdrD_B,45.35773909364972,clan average
CL0023,P-loop_NTPase,49.395498104103346,,PF17213,Hydin_ADK,49.395498104103346,clan average
CL0124,Peptidase_PA,45.31439166881245,,PF17222,Peptidase_C107,45.31439166881245,clan average
CL0287,Transthyretin,45.35773909364972,,PF17224,DUF5300,45.35773909364972,clan average
CL0036,CL0036,47.817104032709544,,PF17285,PRMT5_TIM,47.817104032709544,clan average
CL0036,CL0036,47.817104032709544,,PF17338,GP88,47.817104032709544,clan average
CL0375,Transporter,56.91298176266927,,PF17343,DUF5373,56.91298176266927,clan average
CL0369,GHD,27.770430530606422,,PF17386,LBP_C,27.770430530606422,clan average
CL0369,GHD,27.770430530606422,,PF17387,Glyco_hydro_59M,27.770430530606422,clan average
CL0059,6_Hairpin,36.79082130018444,,PF17389,Bac_rhamnosid6H,36.79082130018444,clan average
CL0063,NADP_Rossmann,39.26278572618697,,PF17396,DUF1611_N,39.26278572618697,clan average
CL0159,E-set,39.30318005993802,,PF17425,Arylsulfotran_N,39.30318005993802,clan average
CL0123,CL0123,26.143931567951604,,PF17443,pXO2-72,26.143931567951604,clan average
CL0369,GHD,27.770430530606422,,PF17450,Melibiase_2_C,27.770430530606422,clan average
CL0369,GHD,27.770430530606422,,PF17451,Glyco_hyd_101C,27.770430530606422,clan average
CL0123,CL0123,26.143931567951604,,PF17540,DUF5457,26.143931567951604,clan average
CL0659,CAP,47.19299964904785,,PF17641,ASPRs,47.19299964904785,clan average
CL0059,6_Hairpin,36.79082130018444,,PF17652,Glyco_hydro81C,36.79082130018444,clan average
CL0159,E-set,39.30318005993802,,PF17655,IRK_C,39.30318005993802,clan average
CL0016,PKinase,54.43067383486503,,PF17667,Pkinase_fungal,54.43067383486503,clan average
CL0364,Leu-IlvD,34.406701321504556,,PF17676,Peptidase_S66C,34.406701321504556,clan average
CL0369,GHD,27.770430530606422,,PF17677,Glyco_hydro38C2,27.770430530606422,clan average
CL0103,Gal_mutarotase,47.39329832829262,,PF17678,Glyco_hydro_92N,47.39329832829262,clan average
CL0004,Concanavalin,41.06090890681649,,PF17689,Arabino_trans_N,41.06090890681649,clan average
CL0123,CL0123,26.143931567951604,,PF17726,DpnI_C,26.143931567951604,clan average
CL0159,E-set,39.30318005993802,,PF17735,BslA,39.30318005993802,clan average
CL0159,E-set,39.30318005993802,,PF17736,Ig_C17orf99,39.30318005993802,clan average
CL0159,E-set,39.30318005993802,,PF17737,Ig_C19orf38,39.30318005993802,clan average
CL0220,CL0220,19.573838134150012,,PF17743,DUF5580,19.573838134150012,clan average
CL0159,E-set,39.30318005993802,,PF17744,DUF5581,39.30318005993802,clan average
CL0159,E-set,39.30318005993802,,PF17751,SKICH,39.30318005993802,clan average
CL0159,E-set,39.30318005993802,,PF17753,Ig_mannosidase,39.30318005993802,clan average
CL0123,CL0123,26.143931567951604,,PF17762,HTH_ParB,26.143931567951604,clan average
CL0159,E-set,39.30318005993802,,PF17766,fn3_6,39.30318005993802,clan average
CL0105,CL0105,30.879097315387945,,PF17767,NAPRTase_N,30.879097315387945,clan average
CL0105,CL0105,30.879097315387945,,PF17769,PurK_C,30.879097315387945,clan average
CL0361,CL0361,19.612287324340578,,PF17772,zf-MYST,19.612287324340578,clan average
CL0123,CL0123,26.143931567951604,,PF17778,WHD_BLACT,26.143931567951604,clan average
CL0123,CL0123,26.143931567951604,,PF17782,WHD_DprA,26.143931567951604,clan average
CL0123,CL0123,26.143931567951604,,PF17783,WHD_CvfB,26.143931567951604,clan average
CL0023,P-loop_NTPase,49.395498104103346,,PF17784,Sulfotransfer_4,49.395498104103346,clan average
CL0159,E-set,39.30318005993802,,PF17786,Mannosidase_ig,39.30318005993802,clan average
CL0108,Actin_ATPase,53.90403366088867,,PF17788,HypF_C,53.90403366088867,clan average
CL0369,GHD,27.770430530606422,,PF17801,Melibiase_C,27.770430530606422,clan average
CL0287,Transthyretin,45.35773909364972,,PF17802,SpaA,45.35773909364972,clan average
CL0159,E-set,39.30318005993802,,PF17803,Cadherin_4,39.30318005993802,clan average
CL0229,RING,23.531313780228857,,PF17807,zf-UBP_var,23.531313780228857,clan average
CL0159,E-set,39.30318005993802,,PF17808,fn3_PAP,39.30318005993802,clan average
CL0023,P-loop_NTPase,49.395498104103346,,PF17825,SHOC1_ATPase,49.395498104103346,clan average
CL0202,GBD,38.45146891966387,,PF17829,GH115_C,38.45146891966387,clan average
CL0369,GHD,27.770430530606422,,PF17834,GHD,27.770430530606422,clan average
CL0063,NADP_Rossmann,39.26278572618697,,PF17836,PglD_N,39.26278572618697,clan average
CL0004,Concanavalin,41.06090890681649,,PF17851,GH43_C2,41.06090890681649,clan average
CL0866,CL0866,22.986264376796857,,PF17873,Rep_1B,22.986264376796857,clan average
CL0159,E-set,39.30318005993802,,PF17892,Cadherin_5,39.30318005993802,clan average
CL0672,p35,32.40707711163074,,PF17899,Peptidase_M61_N,32.40707711163074,clan average
CL0220,CL0220,19.573838134150012,,PF17901,EF-hand_12,19.573838134150012,clan average
CL0123,CL0123,26.143931567951604,,PF17906,HTH_48,26.143931567951604,clan average
CL0361,CL0361,19.612287324340578,,PF17921,Integrase_H2C2,19.612287324340578,clan average
CL0063,NADP_Rossmann,39.26278572618697,,PF17927,Ins134_P3_kin_N,39.26278572618697,clan average
CL0063,NADP_Rossmann,39.26278572618697,,PF17930,LpxI_N,39.26278572618697,clan average
CL0159,E-set,39.30318005993802,,PF17936,Big_6,39.30318005993802,clan average
CL0159,E-set,39.30318005993802,,PF17957,Big_7,39.30318005993802,clan average
CL0220,CL0220,19.573838134150012,,PF17958,EF-hand_13,19.573838134150012,clan average
CL0220,CL0220,19.573838134150012,,PF17959,EF-hand_14,19.573838134150012,clan average
CL0159,E-set,39.30318005993802,,PF17961,Big_8,39.30318005993802,clan average
CL0159,E-set,39.30318005993802,,PF17962,bMG6,39.30318005993802,clan average
CL0159,E-set,39.30318005993802,,PF17964,Big_10,39.30318005993802,clan average
CL0159,E-set,39.30318005993802,,PF17967,Pullulanase_N2,39.30318005993802,clan average
CL0159,E-set,39.30318005993802,,PF17970,bMG1,39.30318005993802,clan average
CL0159,E-set,39.30318005993802,,PF17972,bMG5,39.30318005993802,clan average
CL0159,E-set,39.30318005993802,,PF17973,bMG10,39.30318005993802,clan average
CL0229,RING,23.531313780228857,,PF17976,zf-RING_12,23.531313780228857,clan average
CL0229,RING,23.531313780228857,,PF17977,zf-RING_13,23.531313780228857,clan average
CL0229,RING,23.531313780228857,,PF17978,zf-RING_14,23.531313780228857,clan average
CL0229,RING,23.531313780228857,,PF17980,ADD_DNMT3,23.531313780228857,clan average
CL0229,RING,23.531313780228857,,PF17981,ADD_ATRX,23.531313780228857,clan average
CL0229,RING,23.531313780228857,,PF17982,C5HCH,23.531313780228857,clan average
CL0108,Actin_ATPase,53.90403366088867,,PF17989,ALP_N,53.90403366088867,clan average
CL0202,GBD,38.45146891966387,,PF17991,Thioredoxin_10,38.45146891966387,clan average
CL0202,GBD,38.45146891966387,,PF17992,Agarase_CBM,38.45146891966387,clan average
CL0202,GBD,38.45146891966387,,PF17993,HA70_C,38.45146891966387,clan average
CL0202,GBD,38.45146891966387,,PF17994,Glft2_N,38.45146891966387,clan average
CL0004,Concanavalin,41.06090890681649,,PF17995,GH101_N,41.06090890681649,clan average
CL0202,GBD,38.45146891966387,,PF17996,CE2_N,38.45146891966387,clan average
CL0202,GBD,38.45146891966387,,PF17997,Cry1Ac_D5,38.45146891966387,clan average
CL0202,GBD,38.45146891966387,,PF17999,PulA_N1,38.45146891966387,clan average
CL0159,E-set,39.30318005993802,,PF18000,Top6b_C,39.30318005993802,clan average
CL0287,Transthyretin,45.35773909364972,,PF18002,T6_Ig_like,45.35773909364972,clan average
CL0159,E-set,39.30318005993802,,PF18003,DUF3823_C,39.30318005993802,clan average
CL0123,CL0123,26.143931567951604,,PF18010,HTH_49,26.143931567951604,clan average
CL0037,Lysozyme,33.344959264069,,PF18013,Phage_lysozyme2,33.344959264069,clan average
CL0003,SAM,26.063478920372884,,PF18016,SAM_3,26.063478920372884,clan average
CL0003,SAM,26.063478920372884,,PF18017,SAM_4,26.063478920372884,clan average
CL0066,Trefoil,35.92321202056283,,PF18021,Agglutinin_C,35.92321202056283,clan average
CL0066,Trefoil,35.92321202056283,,PF18022,Lectin_C_term,35.92321202056283,clan average
CL0123,CL0123,26.143931567951604,,PF18024,HTH_50,26.143931567951604,clan average
CL0113,GT-B,39.69306779022893,,PF18025,FucT_N,39.69306779022893,clan average
CL0020,TPR,20.933170225539683,,PF18028,Zmiz1_N,20.933170225539683,clan average
CL0104,CL0104,35.83032244851205,,PF18029,Glyoxalase_6,35.83032244851205,clan average
CL0063,NADP_Rossmann,39.26278572618697,,PF18030,Rimk_N,39.26278572618697,clan average
CL0369,GHD,27.770430530606422,,PF18033,SpuA_C,27.770430530606422,clan average
CL0214,CL0214,28.487959910306852,,PF18039,UBA_6,28.487959910306852,clan average
CL0202,GBD,38.45146891966387,,PF18040,BPA_C,38.45146891966387,clan average
CL0361,CL0361,19.612287324340578,,PF18048,TRAF6_Z2,19.612287324340578,clan average
CL0020,TPR,20.933170225539683,,PF18055,RPN6_N,20.933170225539683,clan average
CL0287,Transthyretin,45.35773909364972,,PF18067,Lipase_C,45.35773909364972,clan average
CL0020,TPR,20.933170225539683,,PF18071,HMW1C_N,20.933170225539683,clan average
CL0172,Thioredoxin,39.25019227930494,,PF18078,Thioredoxin_11,39.25019227930494,clan average
CL0103,Gal_mutarotase,47.39329832829262,,PF18080,Gal_mutarotas_3,47.39329832829262,clan average
CL0023,P-loop_NTPase,49.395498104103346,,PF18082,NAT_N,49.395498104103346,clan average
CL0063,NADP_Rossmann,39.26278572618697,,PF18086,PPIP5K2_N,39.26278572618697,clan average
CL0299,Peptidase_SF,57.835466384887695,,PF18087,RuBisCo_chap_C,57.835466384887695,clan average
CL0123,CL0123,26.143931567951604,,PF18090,SoPB_HTH,26.143931567951604,clan average
CL0202,GBD,38.45146891966387,,PF18099,CBM_35_2,38.45146891966387,clan average
CL0105,CL0105,30.879097315387945,,PF18105,PGM1_C,30.879097315387945,clan average
CL0123,CL0123,26.143931567951604,,PF18107,HTH_ABP1_N,26.143931567951604,clan average
CL0172,Thioredoxin,39.25019227930494,,PF18108,QSOX_Trx1,39.25019227930494,clan average
CL0154,C2,44.17300686820718,,PF18111,RPGR1_C,44.17300686820718,clan average
CL0361,CL0361,19.612287324340578,,PF18112,Zn-C2H2_12,19.612287324340578,clan average
CL0123,CL0123,26.143931567951604,,PF18118,PRC2_HTH_1,26.143931567951604,clan average
CL0369,GHD,27.770430530606422,,PF18120,DUF5597,27.770430530606422,clan average
CL0123,CL0123,26.143931567951604,,PF18121,TFA2_Winged_2,26.143931567951604,clan average
CL0023,P-loop_NTPase,49.395498104103346,,PF18128,HydF_dimer,49.395498104103346,clan average
CL0023,P-loop_NTPase,49.395498104103346,,PF18133,HydF_tetramer,49.395498104103346,clan average
CL0159,E-set,39.30318005993802,,PF18134,AGS_C,39.30318005993802,clan average
CL0866,CL0866,22.986264376796857,,PF18141,UPF1_1B_dom,22.986264376796857,clan average
CL0349,SLOG,41.81280368953556,,PF18163,LD_cluster2,41.81280368953556,clan average
CL0349,SLOG,41.81280368953556,,PF18178,Cap17-like_N,41.81280368953556,clan average
CL0349,SLOG,41.81280368953556,,PF18180,LD_cluster3,41.81280368953556,clan average
CL0349,SLOG,41.81280368953556,,PF18185,STALD,41.81280368953556,clan average
CL0001,EGF,28.046989523881532,,PF18193,Fibrillin_U_N,28.046989523881532,clan average
CL0159,E-set,39.30318005993802,,PF18200,Big_11,39.30318005993802,clan average
CL0159,E-set,39.30318005993802,,PF18202,TQ,39.30318005993802,clan average
CL0369,GHD,27.770430530606422,,PF18206,Porphyrn_cat_1,27.770430530606422,clan average
CL0570,CL0570,28.707923080342724,,PF18213,SUB1_ProdP9,28.707923080342724,clan average
CL0073,CL0073,55.31204220338533,,PF18214,STATa_Ig,55.31204220338533,clan average
CL0361,CL0361,19.612287324340578,,PF18217,Zap1_zf2,19.612287324340578,clan average
CL0369,GHD,27.770430530606422,,PF18230,Glyc_hyd_38C_2,27.770430530606422,clan average
CL0570,CL0570,28.707923080342724,,PF18237,Tk-SP_N-pro,28.707923080342724,clan average
CL0050,CL0050,69.57307925406917,,PF18238,LnmK_N_HDF,69.57307925406917,clan average
CL0004,Concanavalin,41.06090890681649,,PF18239,HA1,41.06090890681649,clan average
CL0003,SAM,26.063478920372884,,PF18255,SAM_DprA,26.063478920372884,clan average
CL0202,GBD,38.45146891966387,,PF18259,CBM65_1,38.45146891966387,clan average
CL0123,CL0123,26.143931567951604,,PF18262,PhetRS_B1,26.143931567951604,clan average
CL0123,CL0123,26.143931567951604,,PF18263,WHD_MCM6,26.143931567951604,clan average
CL0004,Concanavalin,41.06090890681649,,PF18271,GH131_N,41.06090890681649,clan average
CL0263,His-Me_finger,42.13259963155944,,PF18275,His_Me_b4a2,42.13259963155944,clan average
CL0202,GBD,38.45146891966387,,PF18276,TcA_TcB_BD,38.45146891966387,clan average
CL0361,CL0361,19.612287324340578,,PF18279,zf-WRNIP1_ubi,19.612287324340578,clan average
CL0202,GBD,38.45146891966387,,PF18283,CBM77,38.45146891966387,clan average
CL0123,CL0123,26.143931567951604,,PF18284,DNA_meth_N,26.143931567951604,clan average
CL0349,SLOG,41.81280368953556,,PF18306,LDcluster4,41.81280368953556,clan average
CL0369,GHD,27.770430530606422,,PF18310,DUF5605,27.770430530606422,clan average
CL0105,CL0105,30.879097315387945,,PF18311,Rrp40_N,30.879097315387945,clan average
CL0159,E-set,39.30318005993802,,PF18316,S-l_SbsC_C,39.30318005993802,clan average
CL0063,NADP_Rossmann,39.26278572618697,,PF18321,3HCDH_RFF,39.26278572618697,clan average
CL0202,GBD,38.45146891966387,,PF18329,SGBP_B_XBD,38.45146891966387,clan average
CL0202,GBD,38.45146891966387,,PF18344,CBM32,38.45146891966387,clan average
CL0361,CL0361,19.612287324340578,,PF18366,zf_ZIC,19.612287324340578,clan average
CL0159,E-set,39.30318005993802,,PF18368,Ig_GlcNase,39.30318005993802,clan average
CL0159,E-set,39.30318005993802,,PF18370,RGI_lyase,39.30318005993802,clan average
CL0123,CL0123,26.143931567951604,,PF18375,CDH1_2_SANT_HL1,26.143931567951604,clan average
CL0123,CL0123,26.143931567951604,,PF18386,ROQ_II,26.143931567951604,clan average
CL0361,CL0361,19.612287324340578,,PF18387,zf_C2H2_ZHX,19.612287324340578,clan average
CL0369,GHD,27.770430530606422,,PF18390,GlgX_C,27.770430530606422,clan average
CL0020,TPR,20.933170225539683,,PF18391,CHIP_TPR_N,20.933170225539683,clan average
CL0172,Thioredoxin,39.25019227930494,,PF18400,Thioredoxin_12,39.25019227930494,clan average
CL0172,Thioredoxin,39.25019227930494,,PF18401,Thioredoxin_13,39.25019227930494,clan average
CL0172,Thioredoxin,39.25019227930494,,PF18403,Thioredoxin_15,39.25019227930494,clan average
CL0110,GT-A,34.54581239323872,,PF18404,Glyco_transf_24,34.54581239323872,clan average
CL0361,CL0361,19.612287324340578,,PF18408,zf_Hakai,19.612287324340578,clan average
CL0186,Beta_propeller,21.67085124951681,,PF18413,Neuraminidase,21.67085124951681,clan average
CL0361,CL0361,19.612287324340578,,PF18414,zf_C2H2_10,19.612287324340578,clan average
CL0123,CL0123,26.143931567951604,,PF18420,CSN4_RPN5_eIF3a,26.143931567951604,clan average
CL0159,E-set,39.30318005993802,,PF18421,Peptidase_M23_N,39.30318005993802,clan average
CL0364,Leu-IlvD,34.406701321504556,,PF18427,DDR_swiveling,34.406701321504556,clan average
CL0123,CL0123,26.143931567951604,,PF18430,DBD_HTH,26.143931567951604,clan average
CL0159,E-set,39.30318005993802,,PF18435,EstA_Ig_like,39.30318005993802,clan average
CL0103,Gal_mutarotase,47.39329832829262,,PF18438,Glyco_hydro_38,47.39329832829262,clan average
CL0361,CL0361,19.612287324340578,,PF18439,zf_UBZ,19.612287324340578,clan average
CL0202,GBD,38.45146891966387,,PF18448,CBM46,38.45146891966387,clan average
CL0361,CL0361,19.612287324340578,,PF18450,zf_C2H2_6,19.612287324340578,clan average
CL0004,Concanavalin,41.06090890681649,,PF18483,Lectin_L-type_dom,41.06090890681649,clan average
CL0172,Thioredoxin,39.25019227930494,,PF18485,GST_N_5,39.25019227930494,clan average
CL0123,CL0123,26.143931567951604,,PF18486,PUB_1,26.143931567951604,clan average
CL0570,CL0570,28.707923080342724,,PF18492,ORF_2_N,28.707923080342724,clan average
CL0123,CL0123,26.143931567951604,,PF18503,RPN6_C_helix,26.143931567951604,clan average
CL0361,CL0361,19.612287324340578,,PF18508,zf_C2H2_13,19.612287324340578,clan average
CL0570,CL0570,28.707923080342724,,PF18513,Pro_sub2,28.707923080342724,clan average
CL0159,E-set,39.30318005993802,,PF18518,TcA_RBD,39.30318005993802,clan average
CL0202,GBD,38.45146891966387,,PF18522,DUF5620,38.45146891966387,clan average
CL0020,TPR,20.933170225539683,,PF18529,MIX,20.933170225539683,clan average
CL0123,CL0123,26.143931567951604,,PF18530,Swi6_N,26.143931567951604,clan average
CL0202,GBD,38.45146891966387,,PF18539,DUF5625,38.45146891966387,clan average
CL0123,CL0123,26.143931567951604,,PF18552,PheRS_DBD1,26.143931567951604,clan average
CL0123,CL0123,26.143931567951604,,PF18553,PheRS_DBD3,26.143931567951604,clan average
CL0123,CL0123,26.143931567951604,,PF18554,PheRS_DBD2,26.143931567951604,clan average
CL0123,CL0123,26.143931567951604,,PF18558,HTH_51,26.143931567951604,clan average
CL0202,GBD,38.45146891966387,,PF18559,Exop_C,38.45146891966387,clan average
CL0202,GBD,38.45146891966387,,PF18560,Lectin_like,38.45146891966387,clan average
CL0214,CL0214,28.487959910306852,,PF18561,Regnase_1_C,28.487959910306852,clan average
CL0369,GHD,27.770430530606422,,PF18564,Glyco_hydro_5_C,27.770430530606422,clan average
CL0159,E-set,39.30318005993802,,PF18565,Glyco_hydro2_C5,39.30318005993802,clan average
CL0059,6_Hairpin,36.79082130018444,,PF18566,Ldi,36.79082130018444,clan average
CL0172,Thioredoxin,39.25019227930494,,PF18569,Thioredoxin_16,39.25019227930494,clan average
CL0100,C1q_TNF,28.56269966287816,,PF18573,BclA_C,28.56269966287816,clan average
CL0123,CL0123,26.143931567951604,,PF18576,HTH_52,26.143931567951604,clan average
CL0123,CL0123,26.143931567951604,,PF18579,Raf1_HTH,26.143931567951604,clan average
CL0123,CL0123,26.143931567951604,,PF18580,HTH_SUN2,26.143931567951604,clan average
CL0105,CL0105,30.879097315387945,,PF18603,LAL_C2,30.879097315387945,clan average
CL0123,CL0123,26.143931567951604,,PF18606,HTH_53,26.143931567951604,clan average
CL0123,CL0123,26.143931567951604,,PF18607,HTH_54,26.143931567951604,clan average
CL0361,CL0361,19.612287324340578,,PF18608,XAF1_C,19.612287324340578,clan average
CL0003,SAM,26.063478920372884,,PF18609,SAM_Exu,26.063478920372884,clan average
CL0144,Periplas_BP,59.400154176035784,,PF18610,Peripla_BP_7,59.400154176035784,clan average
CL0369,GHD,27.770430530606422,,PF18612,Bac_A_amyl_C,27.770430530606422,clan average
CL0123,CL0123,26.143931567951604,,PF18622,HTH_55,26.143931567951604,clan average
CL0159,E-set,39.30318005993802,,PF18630,Peptidase_M60_C,39.30318005993802,clan average
CL0186,Beta_propeller,21.67085124951681,,PF18638,CyRPA,21.67085124951681,clan average
CL0159,E-set,39.30318005993802,,PF18649,EcpB_C,39.30318005993802,clan average
CL0361,CL0361,19.612287324340578,,PF18658,zf-C2H2-SPIN-DOC,19.612287324340578,clan average
CL0123,CL0123,26.143931567951604,,PF18662,HTH_56,26.143931567951604,clan average
CL0159,E-set,39.30318005993802,,PF18673,IrmA,39.30318005993802,clan average
CL0159,E-set,39.30318005993802,,PF18674,TarS_C1,39.30318005993802,clan average
CL0369,GHD,27.770430530606422,,PF18675,HepII_C,27.770430530606422,clan average
CL0123,CL0123,26.143931567951604,,PF18679,HTH_57,26.143931567951604,clan average
CL0123,CL0123,26.143931567951604,,PF18685,DUF5635,26.143931567951604,clan average
CL0154,C2,44.17300686820718,,PF18695,cPLA2_C2,44.17300686820718,clan average
CL0165,Cache,45.265474438507106,,PF18698,HisK_sensor,45.265474438507106,clan average
CL0159,E-set,39.30318005993802,,PF18703,MALT1_Ig,39.30318005993802,clan average
CL0159,E-set,39.30318005993802,,PF18705,DUF5643,39.30318005993802,clan average
CL0063,NADP_Rossmann,39.26278572618697,,PF18706,ISPD_C,39.26278572618697,clan average
CL0104,CL0104,35.83032244851205,,PF18711,TxDE,35.83032244851205,clan average
CL0229,RING,23.531313780228857,,PF18716,VATC,23.531313780228857,clan average
CL0165,Cache,45.265474438507106,,PF18719,ArlS_N,45.265474438507106,clan average
CL0023,P-loop_NTPase,49.395498104103346,,PF18747,HMUD2,49.395498104103346,clan average
CL0023,P-loop_NTPase,49.395498104103346,,PF18748,HMUDK_HMUD1,49.395498104103346,clan average
CL0023,P-loop_NTPase,49.395498104103346,,PF18751,Ploopntkinase3,49.395498104103346,clan average
CL0192,GPCR_A,61.321635356404734,,PF18761,Heliorhodopsin,61.321635356404734,clan average
CL0016,PKinase,54.43067383486503,,PF18762,Kinase-PolyVal,54.43067383486503,clan average
CL0186,Beta_propeller,21.67085124951681,,PF18764,nos_propeller,21.67085124951681,clan average
CL0023,P-loop_NTPase,49.395498104103346,,PF18766,SWI2_SNF2,49.395498104103346,clan average
CL0020,TPR,20.933170225539683,,PF18770,Arm_vescicular,20.933170225539683,clan average
CL0020,TPR,20.933170225539683,,PF18773,Importin_rep,20.933170225539683,clan average
CL0020,TPR,20.933170225539683,,PF18777,CRM1_repeat,20.933170225539683,clan average
CL0268,Pec_lyase-like,59.950592041015625,,PF18781,Phage_spike_2,59.950592041015625,clan average
CL0268,Pec_lyase-like,59.950592041015625,,PF18783,IPU_b_solenoid,59.950592041015625,clan average
CL0020,TPR,20.933170225539683,,PF18786,Importin_rep_2,20.933170225539683,clan average
CL0020,TPR,20.933170225539683,,PF18787,CRM1_repeat_3,20.933170225539683,clan average
CL0022,LRR,19.64065866466926,,PF18791,Transp_inhibit,19.64065866466926,clan average
CL0186,Beta_propeller,21.67085124951681,,PF18793,nos_propeller_2,21.67085124951681,clan average
CL0020,TPR,20.933170225539683,,PF18797,APC_rep,20.933170225539683,clan average
CL0375,Transporter,56.91298176266927,,PF18800,Atthog,56.91298176266927,clan average
CL0022,LRR,19.64065866466926,,PF18805,LRR_10,19.64065866466926,clan average
CL0020,TPR,20.933170225539683,,PF18806,Importin_rep_3,20.933170225539683,clan average
CL0020,TPR,20.933170225539683,,PF18808,Importin_rep_4,20.933170225539683,clan average
CL0020,TPR,20.933170225539683,,PF18816,Importin_rep_5,20.933170225539683,clan average
CL0020,TPR,20.933170225539683,,PF18817,HEAT_UF,20.933170225539683,clan average
CL0126,Peptidase_MA,36.71989303811342,,PF18818,MPTase-PolyVal,36.71989303811342,clan average
CL0020,TPR,20.933170225539683,,PF18829,Importin_rep_6,20.933170225539683,clan average
CL0020,TPR,20.933170225539683,,PF18833,TPR_22,20.933170225539683,clan average
CL0268,Pec_lyase-like,59.950592041015625,,PF18835,Beta_helix_2,59.950592041015625,clan average
CL0268,Pec_lyase-like,59.950592041015625,,PF18836,B_solenoid_ydck,59.950592041015625,clan average
CL0268,Pec_lyase-like,59.950592041015625,,PF18841,B_solenoid_dext,59.950592041015625,clan average
CL0159,E-set,39.30318005993802,,PF18861,PTP_tm,39.30318005993802,clan average
CL0268,Pec_lyase-like,59.950592041015625,,PF18883,AC_1,59.950592041015625,clan average
CL0689,CL0689,19.73081378481974,,PF18884,TSP3_bac,19.73081378481974,clan average
CL0268,Pec_lyase-like,59.950592041015625,,PF18886,DUF5649,59.950592041015625,clan average
CL0268,Pec_lyase-like,59.950592041015625,,PF18889,Beta_helix_3,59.950592041015625,clan average
CL0126,Peptidase_MA,36.71989303811342,,PF18894,PhageMetallopep,36.71989303811342,clan average
CL0159,E-set,39.30318005993802,,PF18938,aRib,39.30318005993802,clan average
CL0181,ABC-2,93.01661087463258,,PF18940,DUF5687,93.01661087463258,clan average
CL0015,CL0015,64.824742054381,,PF18943,DUF5690,64.824742054381,clan average
CL0036,CL0036,47.817104032709544,,PF18952,DUF5696,47.817104032709544,clan average
CL0159,E-set,39.30318005993802,,PF18957,RibLong,39.30318005993802,clan average
CL0126,Peptidase_MA,36.71989303811342,,PF18958,DUF5700,36.71989303811342,clan average
CL0103,Gal_mutarotase,47.39329832829262,,PF18961,DUF5703_N,47.39329832829262,clan average
CL0159,E-set,39.30318005993802,,PF18962,Por_Secre_tail,39.30318005993802,clan average
CL0186,Beta_propeller,21.67085124951681,,PF18975,DUF5711,21.67085124951681,clan average
CL0108,Actin_ATPase,53.90403366088867,,PF18980,DUF5716_C,53.90403366088867,clan average
CL0159,E-set,39.30318005993802,,PF18981,InlK_D3,39.30318005993802,clan average
CL0036,CL0036,47.817104032709544,,PF18989,DUF5722,47.817104032709544,clan average
CL0159,E-set,39.30318005993802,,PF18997,DUF5727,39.30318005993802,clan average
CL0186,Beta_propeller,21.67085124951681,,PF19007,DUF5736,21.67085124951681,clan average
CL0159,E-set,39.30318005993802,,PF19010,DUF5739,39.30318005993802,clan average
CL0159,E-set,39.30318005993802,,PF19019,Phlebo_G2_C,39.30318005993802,clan average
CL0214,CL0214,28.487959910306852,,PF19026,UBA_HYPK,28.487959910306852,clan average
CL0692,CL0692,36.82067810752304,,PF19035,TSP1_CCN,36.82067810752304,clan average
CL0264,SGNH_hydrolase,54.3363812310355,,PF19040,SGNH,54.3363812310355,clan average
CL0181,ABC-2,93.01661087463258,,PF19055,ABC2_membrane_7,93.01661087463258,clan average
CL0186,Beta_propeller,21.67085124951681,,PF19056,WD40_2,21.67085124951681,clan average
CL0159,E-set,39.30318005993802,,PF19076,CshA_repeat,39.30318005993802,clan average
CL0159,E-set,39.30318005993802,,PF19077,Big_13,39.30318005993802,clan average
CL0159,E-set,39.30318005993802,,PF19078,Big_12,39.30318005993802,clan average
CL0159,E-set,39.30318005993802,,PF19081,Ig_7,39.30318005993802,clan average
CL0159,E-set,39.30318005993802,,PF19092,DUF5780,39.30318005993802,clan average
CL0159,E-set,39.30318005993802,,PF19116,DUF5801,39.30318005993802,clan average
CL0672,p35,32.40707711163074,,PF19119,DUF5803,32.40707711163074,clan average
CL0123,CL0123,26.143931567951604,,PF19121,DUF5805,26.143931567951604,clan average
CL0159,E-set,39.30318005993802,,PF19190,BACON_2,39.30318005993802,clan average
CL0186,Beta_propeller,21.67085124951681,,PF19193,Tectonin,21.67085124951681,clan average
CL0036,CL0036,47.817104032709544,,PF19200,MupG_N,47.817104032709544,clan average
CL0066,Trefoil,35.92321202056283,,PF19235,DUF5888,35.92321202056283,clan average
CL0036,CL0036,47.817104032709544,,PF19238,Radical_SAM_2,47.817104032709544,clan average
CL0016,PKinase,54.43067383486503,,PF19250,DUF5898,54.43067383486503,clan average
CL0023,P-loop_NTPase,49.395498104103346,,PF19263,DUF5906,49.395498104103346,clan average
CL0159,E-set,39.30318005993802,,PF19271,Nis1,39.30318005993802,clan average
CL0186,Beta_propeller,21.67085124951681,,PF19283,APEH_N,21.67085124951681,clan average
CL0036,CL0036,47.817104032709544,,PF19288,CofH_C,47.817104032709544,clan average
CL0103,Gal_mutarotase,47.39329832829262,,PF19291,TREH_N,47.39329832829262,clan average
CL0202,GBD,38.45146891966387,,PF19318,DUF5918,38.45146891966387,clan average
CL0036,CL0036,47.817104032709544,,PF19326,AMP_deaminase,47.817104032709544,clan average
CL0128,vWA-like,49.95459311089533,,PF19334,DUF5920,49.95459311089533,clan average
CL0036,CL0036,47.817104032709544,,PF19345,MTHFR_2,47.817104032709544,clan average
CL0023,P-loop_NTPase,49.395498104103346,,PF19349,DUF5927,49.395498104103346,clan average
CL0023,P-loop_NTPase,49.395498104103346,,PF19350,DUF5928,49.395498104103346,clan average
CL0123,CL0123,26.143931567951604,,PF19368,WHD_AraR,26.143931567951604,clan average
CL0287,Transthyretin,45.35773909364972,,PF19403,SpaA_2,45.35773909364972,clan average
CL0159,E-set,39.30318005993802,,PF19406,PKD_5,39.30318005993802,clan average
CL0287,Transthyretin,45.35773909364972,,PF19407,DUF5979,45.35773909364972,clan average
CL0159,E-set,39.30318005993802,,PF19408,PKD_6,39.30318005993802,clan average
CL0159,E-set,39.30318005993802,,PF19410,DUF5980,39.30318005993802,clan average
CL0159,E-set,39.30318005993802,,PF19433,NDNF_C,39.30318005993802,clan average
CL0126,Peptidase_MA,36.71989303811342,,PF19477,DUF6014,36.71989303811342,clan average
CL0037,Lysozyme,33.344959264069,,PF19489,SLT_4,33.344959264069,clan average
CL0866,CL0866,22.986264376796857,,PF19501,PcRGLX_1st,22.986264376796857,clan average
CL0023,P-loop_NTPase,49.395498104103346,,PF19518,RHG35-p190PhoGP_pG1,49.395498104103346,clan average
CL0028,AB_hydrolase,52.59920164328964,,PF19519,DUF6051,52.59920164328964,clan average
CL0186,Beta_propeller,21.67085124951681,,PF19520,Dpp_8_9_N,21.67085124951681,clan average
CL0159,E-set,39.30318005993802,,PF19532,Ig_TMEM131L_2nd,39.30318005993802,clan average
CL0159,E-set,39.30318005993802,,PF19543,GH123_N,39.30318005993802,clan average
CL0023,P-loop_NTPase,49.395498104103346,,PF19557,BrxC-PglY_N,49.395498104103346,clan average
CL0004,Concanavalin,41.06090890681649,,PF19559,DUF6081,41.06090890681649,clan average
CL0145,Golgi-transport,23.901661429406698,,PF19566,Snx8_BAR_dom,23.901661429406698,clan average
CL0036,CL0036,47.817104032709544,,PF19567,CpsB_CapC,47.817104032709544,clan average
CL0023,P-loop_NTPase,49.395498104103346,,PF19568,Spore_III_AA,49.395498104103346,clan average
CL0070,CL0070,66.56825862975452,,PF19571,ACT_8,66.56825862975452,clan average
CL0123,CL0123,26.143931567951604,,PF19575,HTH_58,26.143931567951604,clan average
CL0104,CL0104,35.83032244851205,,PF19581,Glyoxalase_7,35.83032244851205,clan average
CL0177,PBP,42.38186464548598,,PF19582,AdeT1_2,42.38186464548598,clan average
CL0063,NADP_Rossmann,39.26278572618697,,PF19587,DUF6094,39.26278572618697,clan average
CL0159,E-set,39.30318005993802,,PF19625,DUF6130,39.30318005993802,clan average
CL0181,ABC-2,93.01661087463258,,PF19700,DUF6198,93.01661087463258,clan average
CL0016,PKinase,54.43067383486503,,PF19709,DUF6206,54.43067383486503,clan average
CL0063,NADP_Rossmann,39.26278572618697,,PF19742,DUF6231,39.26278572618697,clan average
CL0113,GT-B,39.69306779022893,,PF19745,FUT8_N_cat,39.69306779022893,clan average
CL0159,E-set,39.30318005993802,,PF19755,DUF6242,39.30318005993802,clan average
CL0004,Concanavalin,41.06090890681649,,PF19763,DUF6250,41.06090890681649,clan average
CL0036,CL0036,47.817104032709544,,PF19773,DUF6259,47.817104032709544,clan average
CL0123,CL0123,26.143931567951604,,PF19776,DUF6262,26.143931567951604,clan average
CL0110,GT-A,34.54581239323872,,PF19787,DUF6271,34.54581239323872,clan average
CL0056,C_Lectin,29.746108227159635,,PF19789,DUF6273,29.746108227159635,clan average
CL0023,P-loop_NTPase,49.395498104103346,,PF19798,Sulfotransfer_5,49.395498104103346,clan average
CL0036,CL0036,47.817104032709544,,PF19799,DUF6282,47.817104032709544,clan average
CL0059,6_Hairpin,36.79082130018444,,PF19805,DUF6288,36.79082130018444,clan average
CL0181,ABC-2,93.01661087463258,,PF19814,DUF6297,93.01661087463258,clan average
CL0036,CL0036,47.817104032709544,,PF19815,DUF6298,47.817104032709544,clan average
CL0159,E-set,39.30318005993802,,PF19816,DUF6299,39.30318005993802,clan average
CL0023,P-loop_NTPase,49.395498104103346,,PF19823,DUF6305,49.395498104103346,clan average
CL0023,P-loop_NTPase,49.395498104103346,,PF19842,YqeC,49.395498104103346,clan average
CL0020,TPR,20.933170225539683,,PF19867,DUF6340,20.933170225539683,clan average
CL0123,CL0123,26.143931567951604,,PF19889,DUF6362,26.143931567951604,clan average
CL0323,CL0323,58.23729116253491,,PF19890,DUF6363,58.23729116253491,clan average
CL0113,GT-B,39.69306779022893,,PF19892,DUF6365,39.69306779022893,clan average
CL0159,E-set,39.30318005993802,,PF19910,DUF6383,39.30318005993802,clan average
CL0220,CL0220,19.573838134150012,,PF19914,WEF-hand,19.573838134150012,clan average
CL0063,NADP_Rossmann,39.26278572618697,,PF19918,BpX2_N,39.26278572618697,clan average
CL0020,TPR,20.933170225539683,,PF19964,EAD11,20.933170225539683,clan average
CL0016,PKinase,54.43067383486503,,PF19974,TCAD9,54.43067383486503,clan average
CL0023,P-loop_NTPase,49.395498104103346,,PF19975,DO-GTPase1,49.395498104103346,clan average
CL0023,P-loop_NTPase,49.395498104103346,,PF19993,DO-GTPase2,49.395498104103346,clan average
CL0023,P-loop_NTPase,49.395498104103346,,PF19995,iSTAND,49.395498104103346,clan average
CL0128,vWA-like,49.95459311089533,,PF19997,ivWA,49.95459311089533,clan average
CL0063,NADP_Rossmann,39.26278572618697,,PF20005,fvmX7,39.26278572618697,clan average
CL0020,TPR,20.933170225539683,,PF20023,WSLR,20.933170225539683,clan average
CL0123,CL0123,26.143931567951604,,PF20024,DUF6432,26.143931567951604,clan average
CL0172,Thioredoxin,39.25019227930494,,PF20029,DUF6436,39.25019227930494,clan average
CL0023,P-loop_NTPase,49.395498104103346,,PF20030,bpMoxR,49.395498104103346,clan average
CL0123,CL0123,26.143931567951604,,PF20038,HTH_59,26.143931567951604,clan average
CL0186,Beta_propeller,21.67085124951681,,PF20055,DUF6454,21.67085124951681,clan average
CL0123,CL0123,26.143931567951604,,PF20063,DUF6462,26.143931567951604,clan average
CL0104,CL0104,35.83032244851205,,PF20066,Glyoxalase_8,35.83032244851205,clan average
CL0186,Beta_propeller,21.67085124951681,,PF20067,SSL_N,21.67085124951681,clan average
CL0123,CL0123,26.143931567951604,,PF20075,DUF6471,26.143931567951604,clan average
CL0264,SGNH_hydrolase,54.3363812310355,,PF20078,DUF6473,54.3363812310355,clan average
CL0202,GBD,38.45146891966387,,PF20086,DUF6478,38.45146891966387,clan average
CL0028,AB_hydrolase,52.59920164328964,,PF20091,Abhydrolase_10,52.59920164328964,clan average
CL0110,GT-A,34.54581239323872,,PF20102,DUF6492,34.54581239323872,clan average
CL0186,Beta_propeller,21.67085124951681,,PF20138,DUF6528,21.67085124951681,clan average
CL0328,CL0328,44.210308118770655,,PF20139,DUF6529,44.210308118770655,clan average
CL0159,E-set,39.30318005993802,,PF20144,TIG_SUH,39.30318005993802,clan average
CL0877,CL0877,54.29560356429129,,PF20148,DUF6531,54.29560356429129,clan average
CL0159,E-set,39.30318005993802,,PF20164,GspA_SrpA_N,39.30318005993802,clan average
CL0063,NADP_Rossmann,39.26278572618697,,PF20179,MSS51_C,39.26278572618697,clan average
CL0110,GT-A,34.54581239323872,,PF20202,DUF6564,34.54581239323872,clan average
CL0159,E-set,39.30318005993802,,PF20238,BIM1-like_dom,39.30318005993802,clan average
CL0159,E-set,39.30318005993802,,PF20251,Big_14,39.30318005993802,clan average
CL0159,E-set,39.30318005993802,,PF20264,DUF4784_N,39.30318005993802,clan average
CL0123,CL0123,26.143931567951604,,PF20292,MC7,26.143931567951604,clan average
CL0123,CL0123,26.143931567951604,,PF20293,MC6,26.143931567951604,clan average
CL0123,CL0123,26.143931567951604,,PF20295,MC8,26.143931567951604,clan average
CL0154,C2,44.17300686820718,,PF20305,pYEATS,44.17300686820718,clan average
CL0498,Nribosyltransf,43.3914988381522,,PF20309,DRHyd-ASK,43.3914988381522,clan average
CL0202,GBD,38.45146891966387,,PF20328,DUF6623,38.45146891966387,clan average
CL0110,GT-A,34.54581239323872,,PF20330,DUF6625,34.54581239323872,clan average
CL0202,GBD,38.45146891966387,,PF20374,DUF6669,38.45146891966387,clan average
CL0145,Golgi-transport,23.901661429406698,,PF20400,BAR_4,23.901661429406698,clan average
CL0004,Concanavalin,41.06090890681649,,PF20407,DUF1583_N,41.06090890681649,clan average
CL0028,AB_hydrolase,52.59920164328964,,PF20408,Abhydrolase_11,52.59920164328964,clan average
CL0159,E-set,39.30318005993802,,PF20419,DUF6701,39.30318005993802,clan average
CL0020,TPR,20.933170225539683,,PF20421,DHR-2_Lobe_C,20.933170225539683,clan average
CL0186,Beta_propeller,21.67085124951681,,PF20426,NBCH_WD40,21.67085124951681,clan average
CL0020,TPR,20.933170225539683,,PF20431,E_motif,20.933170225539683,clan average
CL0123,CL0123,26.143931567951604,,PF20432,Xre-like-HTH,26.143931567951604,clan average
CL0028,AB_hydrolase,52.59920164328964,,PF20434,BD-FAE,52.59920164328964,clan average
CL0023,P-loop_NTPase,49.395498104103346,,PF20440,GvpD_bR2,49.395498104103346,clan average
CL0023,P-loop_NTPase,49.395498104103346,,PF20454,GpA_nuclease,49.395498104103346,clan average
CL0123,CL0123,26.143931567951604,,PF20470,HTH_61,26.143931567951604,clan average
CL0113,GT-B,39.69306779022893,,PF20471,DUF6716,39.69306779022893,clan average
CL0063,NADP_Rossmann,39.26278572618697,,PF20473,MmeI_Mtase,39.26278572618697,clan average
CL0110,GT-A,34.54581239323872,,PF20508,DUF6734,34.54581239323872,clan average
CL0375,Transporter,56.91298176266927,,PF20517,TMEM127,56.91298176266927,clan average
CL0123,CL0123,26.143931567951604,,PF20552,HTH_62,26.143931567951604,clan average
CL0063,NADP_Rossmann,39.26278572618697,,PF20553,Methyltransf_35,39.26278572618697,clan average
CL0004,Concanavalin,41.06090890681649,,PF20562,DUF6772,41.06090890681649,clan average
CL0126,Peptidase_MA,36.71989303811342,,PF20565,DUF6775,36.71989303811342,clan average
CL0126,Peptidase_MA,36.71989303811342,,PF20573,DUF6782,36.71989303811342,clan average
CL0159,E-set,39.30318005993802,,PF20578,aBig_2,39.30318005993802,clan average
CL0159,E-set,39.30318005993802,,PF20579,LapA,39.30318005993802,clan average
CL0103,Gal_mutarotase,47.39329832829262,,PF20583,DUF6786,47.39329832829262,clan average
CL0268,Pec_lyase-like,59.950592041015625,,PF20585,Pectate_lyase_5,59.950592041015625,clan average
CL0028,AB_hydrolase,52.59920164328964,,PF20591,DUF6792,52.59920164328964,clan average
CL0287,Transthyretin,45.35773909364972,,PF20598,DUF6795,45.35773909364972,clan average
CL0287,Transthyretin,45.35773909364972,,PF20608,Phage_tube_C,45.35773909364972,clan average
CL0159,E-set,39.30318005993802,,PF20611,DUF6801,39.30318005993802,clan average
CL0016,PKinase,54.43067383486503,,PF20613,HipA_2,54.43067383486503,clan average
CL0202,GBD,38.45146891966387,,PF20620,DUF6805,38.45146891966387,clan average
CL0159,E-set,39.30318005993802,,PF20622,Big_15,39.30318005993802,clan average
CL0001,EGF,28.046989523881532,,PF20626,EGF_Sp38_C,28.046989523881532,clan average
CL0866,CL0866,22.986264376796857,,PF20631,CoV_NSP13_1B,22.986264376796857,clan average
CL0186,Beta_propeller,21.67085124951681,,PF20641,TAF1C_beta-prop,21.67085124951681,clan average
CL0020,TPR,20.933170225539683,,PF20663,COG4_N,20.933170225539683,clan average
CL0020,TPR,20.933170225539683,,PF20666,ZW10_C,20.933170225539683,clan average
CL0020,TPR,20.933170225539683,,PF20667,Sec10_N,20.933170225539683,clan average
CL0020,TPR,20.933170225539683,,PF20669,Exo70_N,20.933170225539683,clan average
CL0287,Transthyretin,45.35773909364972,,PF20674,SpaA_3,45.35773909364972,clan average
CL0159,E-set,39.30318005993802,,PF20676,Herpes_gp350_B,39.30318005993802,clan average
CL0159,E-set,39.30318005993802,,PF20677,Herpes_gp350_C,39.30318005993802,clan average
CL0159,E-set,39.30318005993802,,PF20679,Hanta_Gn-B,39.30318005993802,clan average
CL0192,GPCR_A,61.321635356404734,,PF20684,Fung_rhodopsin,61.321635356404734,clan average
CL0110,GT-A,34.54581239323872,,PF20691,TAGT,34.54581239323872,clan average
CL0023,P-loop_NTPase,49.395498104103346,,PF20702,nSTAND2,49.395498104103346,clan average
CL0113,GT-B,39.69306779022893,,PF20706,GT4-conflict,39.69306779022893,clan average
CL0123,CL0123,26.143931567951604,,PF20714,HTH_64,26.143931567951604,clan average
CL0023,P-loop_NTPase,49.395498104103346,,PF20720,nSTAND3,49.395498104103346,clan average
CL0220,CL0220,19.573838134150012,,PF20742,DUF5580_M,19.573838134150012,clan average
CL0186,Beta_propeller,21.67085124951681,,PF20770,PAN2_N,21.67085124951681,clan average
CL0004,Concanavalin,41.06090890681649,,PF20773,InhA-like_MAM,41.06090890681649,clan average
CL0159,E-set,39.30318005993802,,PF20775,Tag1_N,39.30318005993802,clan average
CL0128,vWA-like,49.95459311089533,,PF20782,TssR_VWA,49.95459311089533,clan average
CL0050,CL0050,69.57307925406917,,PF20789,4HBT_3C,69.57307925406917,clan average
CL0050,CL0050,69.57307925406917,,PF20791,Acyl-ACP_TE_C,69.57307925406917,clan average
CL0229,RING,23.531313780228857,,PF20826,PHD_5,23.531313780228857,clan average
CL0004,Concanavalin,41.06090890681649,,PF20842,Rax2_2,41.06090890681649,clan average
CL0004,Concanavalin,41.06090890681649,,PF20843,Rax2_3,41.06090890681649,clan average
CL0020,TPR,20.933170225539683,,PF20867,UVSSA_N,20.933170225539683,clan average
CL0123,CL0123,26.143931567951604,,PF20897,DUF6846,26.143931567951604,clan average
CL0123,CL0123,26.143931567951604,,PF20901,Sf6_terminase,26.143931567951604,clan average
CL0730,CL0730,37.20880608945279,,PF20902,CXCL16,37.20880608945279,clan average
CL0036,CL0036,47.817104032709544,,PF20903,SPL,47.817104032709544,clan average
CL0063,NADP_Rossmann,39.26278572618697,,PF20922,Anamorsin_N,39.26278572618697,clan average
CL0020,TPR,20.933170225539683,,PF20926,Htt_N-HEAT_1,20.933170225539683,clan average
CL0103,Gal_mutarotase,47.39329832829262,,PF20938,DUF2264_C,47.39329832829262,clan average
CL0159,E-set,39.30318005993802,,PF20942,DUF4785_2nd,39.30318005993802,clan average
CL0159,E-set,39.30318005993802,,PF20943,DUF4785_3rd,39.30318005993802,clan average
CL0123,CL0123,26.143931567951604,,PF20987,I-TevI_DNA-bd,26.143931567951604,clan average
CL0046,CL0046,27.33374421173006,,PF20995,Tla3_C,27.33374421173006,clan average
CL0172,Thioredoxin,39.25019227930494,,PF21021,FAF1,39.25019227930494,clan average
CL0159,E-set,39.30318005993802,,PF21027,Sde0182_C,39.30318005993802,clan average
CL0186,Beta_propeller,21.67085124951681,,PF21029,RMC1_N,21.67085124951681,clan average
CL0186,Beta_propeller,21.67085124951681,,PF21030,WDR93,21.67085124951681,clan average
CL0186,Beta_propeller,21.67085124951681,,PF21031,WDR54,21.67085124951681,clan average
CL0186,Beta_propeller,21.67085124951681,,PF21032,PROPPIN,21.67085124951681,clan average
CL0186,Beta_propeller,21.67085124951681,,PF21034,BCAS3_WD40,21.67085124951681,clan average
CL0113,GT-B,39.69306779022893,,PF21036,EryCIII-like_N,39.69306779022893,clan average
CL0202,GBD,38.45146891966387,,PF21038,CEP104_N,38.45146891966387,clan average
CL0020,TPR,20.933170225539683,,PF21050,ARMC9_ARM,20.933170225539683,clan average
CL0389,CL0389,34.599674329762465,,PF21059,BTBD16_C,34.599674329762465,clan average
CL0159,E-set,39.30318005993802,,PF21060,Reovirus_L2_6th,39.30318005993802,clan average
CL0159,E-set,39.30318005993802,,PF21061,Reovirus_L2_7th,39.30318005993802,clan average
CL0063,NADP_Rossmann,39.26278572618697,,PF21065,Reovirus_L2_MT1,39.26278572618697,clan average
CL0063,NADP_Rossmann,39.26278572618697,,PF21066,Reovirus_L2_MT2,39.26278572618697,clan average
CL0063,NADP_Rossmann,39.26278572618697,,PF21068,ATPgraspMvdD,39.26278572618697,clan average
CL0020,TPR,20.933170225539683,,PF21071,LARP1_HEAT,20.933170225539683,clan average
CL0070,CL0070,66.56825862975452,,PF21075,GDH_ACT1,66.56825862975452,clan average
CL0070,CL0070,66.56825862975452,,PF21076,GDH_ACT2,66.56825862975452,clan average
CL0070,CL0070,66.56825862975452,,PF21077,GDH_ACT3,66.56825862975452,clan average
CL0123,CL0123,26.143931567951604,,PF21084,WHD_DUF4423_like,26.143931567951604,clan average
CL0070,CL0070,66.56825862975452,,PF21086,ACT_PSP_2,66.56825862975452,clan average
CL0037,Lysozyme,33.344959264069,,PF21087,Glyco_hydro_134,33.344959264069,clan average
CL0023,P-loop_NTPase,49.395498104103346,,PF21090,P-loop_SecA,49.395498104103346,clan average
CL0123,CL0123,26.143931567951604,,PF21095,CarD_C,26.143931567951604,clan average
CL0123,CL0123,26.143931567951604,,PF21100,WHD_MCM,26.143931567951604,clan average
CL0186,Beta_propeller,21.67085124951681,,PF21101,YqgU,21.67085124951681,clan average
CL0202,GBD,38.45146891966387,,PF21104,Glyco_hydro_78_N,38.45146891966387,clan average
CL0159,E-set,39.30318005993802,,PF21112,CsgH,39.30318005993802,clan average
CL0214,CL0214,28.487959910306852,,PF21115,UBA_BRSK,28.487959910306852,clan average
CL0220,CL0220,19.573838134150012,,PF21116,EF-hand_Zip,19.573838134150012,clan average
CL0123,CL0123,26.143931567951604,,PF21117,MRB1590_C,26.143931567951604,clan average
CL0866,CL0866,22.986264376796857,,PF21123,Dna2_Rift,22.986264376796857,clan average
CL0123,CL0123,26.143931567951604,,PF21128,WHD_MCM4,26.143931567951604,clan average
CL0159,E-set,39.30318005993802,,PF21129,TibC_1st,39.30318005993802,clan average
CL0866,CL0866,22.986264376796857,,PF21131,eEFSec_4th,22.986264376796857,clan average
CL0123,CL0123,26.143931567951604,,PF21136,WHD_MUS81,26.143931567951604,clan average
CL0361,CL0361,19.612287324340578,,PF21137,ANM3_C2H2_Zf,19.612287324340578,clan average
CL0866,CL0866,22.986264376796857,,PF21138,SMUBP-2_HCS1_1B,22.986264376796857,clan average
CL0137,HAD,36.67203203138414,,PF21141,T6PP_C,36.67203203138414,clan average
CL0159,E-set,39.30318005993802,,PF21142,A2M_bMG2,39.30318005993802,clan average
CL0866,CL0866,22.986264376796857,,PF21143,Aquarius_N_2nd,22.986264376796857,clan average
CL0159,E-set,39.30318005993802,,PF21145,C4_MG1,39.30318005993802,clan average
CL0214,CL0214,28.487959910306852,,PF21147,AMPK_alpha_AID,28.487959910306852,clan average
CL0103,Gal_mutarotase,47.39329832829262,,PF21152,YgjK_N,47.39329832829262,clan average
CL0369,GHD,27.770430530606422,,PF21156,ISOA1-3_C,27.770430530606422,clan average
CL0159,E-set,39.30318005993802,,PF21160,PrkC-like_PASTA-like,39.30318005993802,clan average
CL0220,CL0220,19.573838134150012,,PF21161,P2R3B_EF-hand,19.573838134150012,clan average
CL0063,NADP_Rossmann,39.26278572618697,,PF21162,ETFQO_UQ-bd,39.26278572618697,clan average
CL0020,TPR,20.933170225539683,,PF21170,FAN1_TPR,20.933170225539683,clan average
CL0159,E-set,39.30318005993802,,PF21171,PDE12-like_N,39.30318005993802,clan average
CL0159,E-set,39.30318005993802,,PF21172,CueP,39.30318005993802,clan average
CL0202,GBD,38.45146891966387,,PF21174,Glce_b_sandwich,38.45146891966387,clan average
CL0123,CL0123,26.143931567951604,,PF21179,BldD-like_C,26.143931567951604,clan average
CL0202,GBD,38.45146891966387,,PF21181,SsfX3_N,38.45146891966387,clan average
CL0123,CL0123,26.143931567951604,,PF21185,RecD_N,26.143931567951604,clan average
CL0123,CL0123,26.143931567951604,,PF21198,ASH2L-like_WH,26.143931567951604,clan average
CL0202,GBD,38.45146891966387,,PF21199,LAMININ_IV_B,38.45146891966387,clan average
CL0159,E-set,39.30318005993802,,PF21200,Glyco_hydro_39_C,39.30318005993802,clan average
CL0123,CL0123,26.143931567951604,,PF21205,Rep3_C,26.143931567951604,clan average
CL0123,CL0123,26.143931567951604,,PF21206,Roquin_1_2-like_ROQ,26.143931567951604,clan average
CL0104,CL0104,35.83032244851205,,PF21207,GLOD4_N,35.83032244851205,clan average
CL0004,Concanavalin,41.06090890681649,,PF21209,Bac_rhamnosid-like_N,41.06090890681649,clan average
CL0264,SGNH_hydrolase,54.3363812310355,,PF21211,FkbH_N,54.3363812310355,clan average
CL0123,CL0123,26.143931567951604,,PF21212,Dimerisation2-like_dom,26.143931567951604,clan average
CL0123,CL0123,26.143931567951604,,PF21213,WHD_PriA,26.143931567951604,clan average
CL0123,CL0123,26.143931567951604,,PF21214,WHD_2nd_SelB_bact,26.143931567951604,clan average
CL0123,CL0123,26.143931567951604,,PF21220,RecQ-1-like_HTH,26.143931567951604,clan average
CL0123,CL0123,26.143931567951604,,PF21221,B_lactamase-like_C,26.143931567951604,clan average
CL0159,E-set,39.30318005993802,,PF21223,TPPII_Ig-like-1,39.30318005993802,clan average
CL0123,CL0123,26.143931567951604,,PF21224,Hen1_LCD,26.143931567951604,clan average
CL0361,CL0361,19.612287324340578,,PF21225,zf-C2H2_5,19.612287324340578,clan average
CL0159,E-set,39.30318005993802,,PF21226,MalQ_N,39.30318005993802,clan average
CL0123,CL0123,26.143931567951604,,PF21227,Myb_DNA-binding_7,26.143931567951604,clan average
CL0023,P-loop_NTPase,49.395498104103346,,PF21228,RuBisCO_activase_AAA_helical,49.395498104103346,clan average
CL0123,CL0123,26.143931567951604,,PF21229,TdIF1_2nd,26.143931567951604,clan average
CL0020,TPR,20.933170225539683,,PF21232,Yme1-like_N,20.933170225539683,clan average
CL0105,CL0105,30.879097315387945,,PF21244,PurT_C,30.879097315387945,clan average
CL0020,TPR,20.933170225539683,,PF21245,PI4KB-PIK1_PIK,20.933170225539683,clan average
CL0123,CL0123,26.143931567951604,,PF21247,Fic-like_C,26.143931567951604,clan average
CL0123,CL0123,26.143931567951604,,PF21248,SoFic-like_C,26.143931567951604,clan average
CL0103,Gal_mutarotase,47.39329832829262,,PF21250,SOGP_2nd,47.39329832829262,clan average
CL0202,GBD,38.45146891966387,,PF21253,Mann_GBD_bact,38.45146891966387,clan average
CL0202,GBD,38.45146891966387,,PF21254,AGA-YXIM_GBD,38.45146891966387,clan average
CL0229,RING,23.531313780228857,,PF21255,DNMT3_ADD_GATA1-like,23.531313780228857,clan average
CL0229,RING,23.531313780228857,,PF21257,PHD_ash2p_like,23.531313780228857,clan average
CL0369,GHD,27.770430530606422,,PF21260,Laman-like_dom,27.770430530606422,clan average
CL0105,CL0105,30.879097315387945,,PF21261,RRP40_N_mamm,30.879097315387945,clan average
CL0023,P-loop_NTPase,49.395498104103346,,PF21264,DYNC2H1_AAA_dom,49.395498104103346,clan average
CL0214,CL0214,28.487959910306852,,PF21267,UBA2_UBAP-1,28.487959910306852,clan average
CL0113,GT-B,39.69306779022893,,PF21269,TreT_GT1,39.69306779022893,clan average
CL0229,RING,23.531313780228857,,PF21272,FYVE_CARP1-2,23.531313780228857,clan average
CL0172,Thioredoxin,39.25019227930494,,PF21274,Rng_hyd_C,39.25019227930494,clan average
CL0361,CL0361,19.612287324340578,,PF21276,ZNF512_C2HC,19.612287324340578,clan average
CL0037,Lysozyme,33.344959264069,,PF21277,T6SS_VgrG3-like_C,33.344959264069,clan average
CL0866,CL0866,22.986264376796857,,PF21279,YhfX-like_C,22.986264376796857,clan average
CL0001,EGF,28.046989523881532,,PF21284,C7_FIM2_N,28.046989523881532,clan average
CL0020,TPR,20.933170225539683,,PF21289,EDC4_C,20.933170225539683,clan average
CL0214,CL0214,28.487959910306852,,PF21290,UBA_BIRC2-3,28.487959910306852,clan average
CL0123,CL0123,26.143931567951604,,PF21291,CYNS_N,26.143931567951604,clan average
CL0004,Concanavalin,41.06090890681649,,PF21294,Polysacc_lyase_14,41.06090890681649,clan average
CL0123,CL0123,26.143931567951604,,PF21296,WHD_APAF1,26.143931567951604,clan average
CL0159,E-set,39.30318005993802,,PF21310,OCRL-like_ASH,39.30318005993802,clan average
CL0123,CL0123,26.143931567951604,,PF21315,FAN1_HTH,26.143931567951604,clan average
CL0202,GBD,38.45146891966387,,PF21316,TPPII_GBD,38.45146891966387,clan average
CL0202,GBD,38.45146891966387,,PF21317,BetaGal_ABD_1,38.45146891966387,clan average
CL0123,CL0123,26.143931567951604,,PF21320,WHD_Rv2258c,26.143931567951604,clan average
CL0123,CL0123,26.143931567951604,,PF21321,HTH_66,26.143931567951604,clan average
CL0020,TPR,20.933170225539683,,PF21325,SHPRH_helical-1st,20.933170225539683,clan average
CL0369,GHD,27.770430530606422,,PF21331,Isoamylase_C,27.770430530606422,clan average
CL0361,CL0361,19.612287324340578,,PF21336,ANM3_zf-C2H2,19.612287324340578,clan average
CL0004,Concanavalin,41.06090890681649,,PF21340,Polysacc_lyase-like,41.06090890681649,clan average
CL0361,CL0361,19.612287324340578,,PF21341,TRAF2_zf,19.612287324340578,clan average
CL0103,Gal_mutarotase,47.39329832829262,,PF21345,PcRGLX_2nd,47.39329832829262,clan average
CL0059,6_Hairpin,36.79082130018444,,PF21346,PcRGLX_3rd,36.79082130018444,clan average
CL0186,Beta_propeller,21.67085124951681,,PF21348,RGL11_C,21.67085124951681,clan average
CL0220,CL0220,19.573838134150012,,PF21354,STAT_linker,19.573838134150012,clan average
CL0389,CL0389,34.599674329762465,,PF21355,TRAF-mep_MATH,34.599674329762465,clan average
CL0063,NADP_Rossmann,39.26278572618697,,PF21360,PylC-like_N,39.26278572618697,clan average
CL0229,RING,23.531313780228857,,PF21362,Sina_RING,23.531313780228857,clan average
CL0001,EGF,28.046989523881532,,PF21364,EGF_FBN_1st,28.046989523881532,clan average
CL0361,CL0361,19.612287324340578,,PF21366,TRAFD1-XIAF1_ZnF,19.612287324340578,clan average
CL0361,CL0361,19.612287324340578,,PF21367,ZNF512_zf-C2H2,19.612287324340578,clan average
CL0263,His-Me_finger,42.13259963155944,,PF21368,AI2M-like_HNH,42.13259963155944,clan average
CL0113,GT-B,39.69306779022893,,PF21374,WsaF_N,39.69306779022893,clan average
CL0063,NADP_Rossmann,39.26278572618697,,PF21377,MurD_N,39.26278572618697,clan average
CL0070,CL0070,66.56825862975452,,PF21389,CASTOR1_ACT-like,66.56825862975452,clan average
CL0123,CL0123,26.143931567951604,,PF21392,COQ9_N,26.143931567951604,clan average
CL0063,NADP_Rossmann,39.26278572618697,,PF21394,Beta-ketacyl_N,39.26278572618697,clan average
CL0244,PGBD,25.772495084462324,,PF21398,PG_binding_5,25.772495084462324,clan average
CL0164,CUB,37.19532806928234,,PF21412,TEP1_CUB2,37.19532806928234,clan average
CL0070,CL0070,66.56825862975452,,PF21417,TH_ACT,66.56825862975452,clan average
CL0263,His-Me_finger,42.13259963155944,,PF21431,Col-Pyo_DNase,42.13259963155944,clan average
CL0123,CL0123,26.143931567951604,,PF21434,TerS_N,26.143931567951604,clan average
CL0123,CL0123,26.143931567951604,,PF21438,Sap1_N,26.143931567951604,clan average
CL0123,CL0123,26.143931567951604,,PF21441,DUF3860-like,26.143931567951604,clan average
CL0023,P-loop_NTPase,49.395498104103346,,PF21445,ADDB_N,49.395498104103346,clan average
CL0023,P-loop_NTPase,49.395498104103346,,PF21448,DNMK,49.395498104103346,clan average
CL0023,P-loop_NTPase,49.395498104103346,,PF21449,RIF2_ASCE,49.395498104103346,clan average
CL0123,CL0123,26.143931567951604,,PF21458,WHD_1st_3rd_SelB,26.143931567951604,clan average
CL0123,CL0123,26.143931567951604,,PF21459,INI1_DNA-bd,26.143931567951604,clan average
CL0159,E-set,39.30318005993802,,PF21461,HL_N-beta,39.30318005993802,clan average
CL0202,GBD,38.45146891966387,,PF21463,Cry1Ac_dom-VII,38.45146891966387,clan average
CL0073,CL0073,55.31204220338533,,PF21465,Cwp6_N,55.31204220338533,clan average
CL0202,GBD,38.45146891966387,,PF21466,GH101_dom-5,38.45146891966387,clan average
CL0202,GBD,38.45146891966387,,PF21467,BetaGal_gal-bd,38.45146891966387,clan average
CL0159,E-set,39.30318005993802,,PF21468,Tor_FN3_2nd,39.30318005993802,clan average
CL0123,CL0123,26.143931567951604,,PF21476,PF0610-like_N,26.143931567951604,clan average
CL0037,Lysozyme,33.344959264069,,PF21480,PlyCA_N,33.344959264069,clan average
CL0287,Transthyretin,45.35773909364972,,PF21489,Fim1C-like_C,45.35773909364972,clan average
CL0154,C2,44.17300686820718,,PF21494,PKC_C2,44.17300686820718,clan average
CL0570,CL0570,28.707923080342724,,PF21496,MIC5,28.707923080342724,clan average
CL0028,AB_hydrolase,52.59920164328964,,PF21498,Obc1_C,52.59920164328964,clan average
CL0202,GBD,38.45146891966387,,PF21510,PirA-like,38.45146891966387,clan average
CL0063,NADP_Rossmann,39.26278572618697,,PF21512,ITPK1_preATP-grasp,39.26278572618697,clan average
CL0123,CL0123,26.143931567951604,,PF21517,HTH_Tnp_Tc3_2_like,26.143931567951604,clan average
CL0123,CL0123,26.143931567951604,,PF21518,Sas-5-like_implico,26.143931567951604,clan average
CL0108,Actin_ATPase,53.90403366088867,,PF21522,MreB-like_C,53.90403366088867,clan average
CL0108,Actin_ATPase,53.90403366088867,,PF21523,ParM_N,53.90403366088867,clan average
CL0123,CL0123,26.143931567951604,,PF21524,SAMD1_WH,26.143931567951604,clan average
CL0123,CL0123,26.143931567951604,,PF21531,Rv2175c_wHTH,26.143931567951604,clan average
CL0033,CL0033,32.491583815673984,,PF21536,BTB_KLHL33,32.491583815673984,clan average
CL0186,Beta_propeller,21.67085124951681,,PF21544,PorZ_N_b_propeller,21.67085124951681,clan average
CL0108,Actin_ATPase,53.90403366088867,,PF21546,FGGY_C_2,53.90403366088867,clan average
CL0020,TPR,20.933170225539683,,PF21547,TTI1,20.933170225539683,clan average
CL0220,CL0220,19.573838134150012,,PF21550,MTIP_N,19.573838134150012,clan average
CL0123,CL0123,26.143931567951604,,PF21552,WHD_TFC3,26.143931567951604,clan average
CL0353,CL0353,41.99184670405509,,PF21556,AceES-2,41.99184670405509,clan average
CL0202,GBD,38.45146891966387,,PF21557,RhaB_D2,38.45146891966387,clan average
CL0123,CL0123,26.143931567951604,,PF21559,Reb1_MybAD,26.143931567951604,clan average
CL0268,Pec_lyase-like,59.950592041015625,,PF21562,Gp63_3rd_G7C,59.950592041015625,clan average
CL0103,Gal_mutarotase,47.39329832829262,,PF21568,AIMA-like_N,47.39329832829262,clan average
CL0063,NADP_Rossmann,39.26278572618697,,PF21570,ArgZ-like_C_2nd,39.26278572618697,clan average
CL0159,E-set,39.30318005993802,,PF21577,PG_0320-like_C,39.30318005993802,clan average
CL0123,CL0123,26.143931567951604,,PF21580,SelB_WHD3,26.143931567951604,clan average
CL0020,TPR,20.933170225539683,,PF21581,SCD,20.933170225539683,clan average
CL0202,GBD,38.45146891966387,,PF21582,CBM30,38.45146891966387,clan average
CL0343,MHC,35.221248300773084,,PF21584,2L_N_poxvirus,35.221248300773084,clan average
CL0263,His-Me_finger,42.13259963155944,,PF21586,DraIII,42.13259963155944,clan average
CL0020,TPR,20.933170225539683,,PF21587,AP5B1_N,20.933170225539683,clan average
CL0100,C1q_TNF,28.56269966287816,,PF21592,Bc2l-C_N,28.56269966287816,clan average
CL0214,CL0214,28.487959910306852,,PF21594,UBA_MELK,28.487959910306852,clan average
CL0066,Trefoil,35.92321202056283,,PF21595,CCL2-like,35.92321202056283,clan average
CL0104,CL0104,35.83032244851205,,PF21596,Bd2520-like_N,35.83032244851205,clan average
CL0159,E-set,39.30318005993802,,PF21601,GldM_2nd,39.30318005993802,clan average
CL0159,E-set,39.30318005993802,,PF21602,GldM_3rd,39.30318005993802,clan average
CL0020,TPR,20.933170225539683,,PF21603,Bdbt-like_TPR,20.933170225539683,clan average
CL0202,GBD,38.45146891966387,,PF21606,BgaA-like_CBM,38.45146891966387,clan average
CL0202,GBD,38.45146891966387,,PF21615,CBM-like_2,38.45146891966387,clan average
CL0070,CL0070,66.56825862975452,,PF21631,A9CJY8-like_N,66.56825862975452,clan average
CL0123,CL0123,26.143931567951604,,PF21632,MOV-10_N,26.143931567951604,clan average
CL0159,E-set,39.30318005993802,,PF21633,MOV-10_Ig-like,39.30318005993802,clan average
CL0369,GHD,27.770430530606422,,PF21653,pulA_all-beta,27.770430530606422,clan average
CL0163,Calcineurin,33.14147429971037,,PF21663,WipA_Phos,33.14147429971037,clan average
CL0105,CL0105,30.879097315387945,,PF21668,RPOC_hybrid,30.879097315387945,clan average
CL0063,NADP_Rossmann,39.26278572618697,,PF21688,FAD-depend_C,39.26278572618697,clan average
CL0123,CL0123,26.143931567951604,,PF21690,MJ1010-like_2nd,26.143931567951604,clan average
CL0070,CL0070,66.56825862975452,,PF21699,TM1266-like,66.56825862975452,clan average
CL0104,CL0104,35.83032244851205,,PF21701,GLOD4_C,35.83032244851205,clan average
CL0369,GHD,27.770430530606422,,PF21702,GLGE_C,27.770430530606422,clan average
CL0063,NADP_Rossmann,39.26278572618697,,PF21706,FCSD_central,39.26278572618697,clan average
CL0004,Concanavalin,41.06090890681649,,PF21708,Glyco_hydro_59_C,41.06090890681649,clan average
CL0123,CL0123,26.143931567951604,,PF21715,CggR_N,26.143931567951604,clan average
CL0123,CL0123,26.143931567951604,,PF21716,dnstrm_HI1420,26.143931567951604,clan average
CL0186,Beta_propeller,21.67085124951681,,PF21720,MIOS_WD40,21.67085124951681,clan average
CL0762,CL0762,59.452568493865854,,PF21722,Gly_rich_2,59.452568493865854,clan average
CL0063,NADP_Rossmann,39.26278572618697,,PF21729,IRX15_IRX15L_GXM,39.26278572618697,clan average
CL0186,Beta_propeller,21.67085124951681,,PF21734,10_blade,21.67085124951681,clan average
CL0322,CL0322,58.84219196478643,,PF21760,SecD_1st,58.84219196478643,clan average
CL0159,E-set,39.30318005993802,,PF21764,Invasin_D4,39.30318005993802,clan average
CL0164,CUB,37.19532806928234,,PF21765,CUB_A2MG,37.19532806928234,clan average
CL0287,Transthyretin,45.35773909364972,,PF21768,AF_1763-like_C,45.35773909364972,clan average
CL0070,CL0070,66.56825862975452,,PF21770,MgtC_SapB_C,66.56825862975452,clan average
CL0063,NADP_Rossmann,39.26278572618697,,PF21777,SDR-like,39.26278572618697,clan average
CL0123,CL0123,26.143931567951604,,PF21782,WHD_PKMT,26.143931567951604,clan average
CL0186,Beta_propeller,21.67085124951681,,PF21783,YNCE,21.67085124951681,clan average
CL0123,CL0123,26.143931567951604,,PF21796,Cac1_C,26.143931567951604,clan average
CL0063,NADP_Rossmann,39.26278572618697,,PF21799,MurD-like_N,39.26278572618697,clan average
CL0361,CL0361,19.612287324340578,,PF21816,Zap1_zf1,19.612287324340578,clan average
CL0059,6_Hairpin,36.79082130018444,,PF21836,DUF6895,36.79082130018444,clan average
CL0059,6_Hairpin,36.79082130018444,,PF21843,DUF6902,36.79082130018444,clan average
CL0128,vWA-like,49.95459311089533,,PF21854,Treslin_N,49.95459311089533,clan average
CL0113,GT-B,39.69306779022893,,PF21857,DUF6913,39.69306779022893,clan average
CL0570,CL0570,28.707923080342724,,PF21864,MORF_dom,28.707923080342724,clan average
CL0159,E-set,39.30318005993802,,PF21868,GbpA_D3,39.30318005993802,clan average
CL0004,Concanavalin,41.06090890681649,,PF21869,Dit-like_CBM2,41.06090890681649,clan average
CL0521,GOLD-like,100.92140126228333,,PF21870,GP180_GOLD,100.92140126228333,clan average
CL0003,SAM,26.063478920372884,,PF21872,SAM_5,26.063478920372884,clan average
CL0172,Thioredoxin,39.25019227930494,,PF21873,Thioredoxin_17,39.25019227930494,clan average
CL0220,CL0220,19.573838134150012,,PF21875,CAPN13-like_C_EFh,19.573838134150012,clan average
CL0202,GBD,38.45146891966387,,PF21876,STIV_turret_2nd,38.45146891966387,clan average
CL0202,GBD,38.45146891966387,,PF21878,STIV_turret_1st,38.45146891966387,clan average
CL0521,GOLD-like,100.92140126228333,,PF21883,WLS_GOLD,100.92140126228333,clan average
CL0521,GOLD-like,100.92140126228333,,PF21885,TMEM181_GOLD,100.92140126228333,clan average
CL0050,CL0050,69.57307925406917,,PF21887,RhiE_B,69.57307925406917,clan average
CL0521,GOLD-like,100.92140126228333,,PF21892,TMEM145_N,100.92140126228333,clan average
CL0521,GOLD-like,100.92140126228333,,PF21901,TMEM87A-B_GOLD,100.92140126228333,clan average
CL0521,GOLD-like,100.92140126228333,,PF21902,PTM1-like_N,100.92140126228333,clan average
CL0521,GOLD-like,100.92140126228333,,PF21904,CAND6-7_N,100.92140126228333,clan average
CL0123,CL0123,26.143931567951604,,PF21906,WHD_NrtR,26.143931567951604,clan average
CL0003,SAM,26.063478920372884,,PF21907,SAM_CEP-1_C,26.063478920372884,clan average
CL0037,Lysozyme,33.344959264069,,PF21908,Cel124_C,33.344959264069,clan average
CL0159,E-set,39.30318005993802,,PF21910,GH85_C,39.30318005993802,clan average
CL0113,GT-B,39.69306779022893,,PF21912,Glyco_transf_99,39.69306779022893,clan average
CL0177,PBP,42.38186464548598,,PF21914,DUF6921,42.38186464548598,clan average
CL0866,CL0866,22.986264376796857,,PF21921,Ski7_2nd,22.986264376796857,clan average
CL0004,Concanavalin,41.06090890681649,,PF21932,M2AP_beta_dom,41.06090890681649,clan average
CL0123,CL0123,26.143931567951604,,PF21933,MCM5_C,26.143931567951604,clan average
CL0117,uPAR_Ly6_toxin,34.73212915719407,,PF21947,Toxin_cobra-type,34.73212915719407,clan average
CL0781,CL0781,34.058738496568466,,PF21953,NadN_nucleosid_C,34.058738496568466,clan average
CL0103,Gal_mutarotase,47.39329832829262,,PF21958,SOGP_N,47.39329832829262,clan average
CL0186,Beta_propeller,21.67085124951681,,PF21959,DUF6923,21.67085124951681,clan average
CL0159,E-set,39.30318005993802,,PF21963,TcdA1_RBD_2,39.30318005993802,clan average
CL0159,E-set,39.30318005993802,,PF21968,TcdA1_RBD_3,39.30318005993802,clan average
CL0110,GT-A,34.54581239323872,,PF21969,MGS_GT,34.54581239323872,clan average
CL0123,CL0123,26.143931567951604,,PF21981,RecX_HTH3,26.143931567951604,clan average
CL0123,CL0123,26.143931567951604,,PF21982,RecX_HTH1,26.143931567951604,clan average
CL0123,CL0123,26.143931567951604,,PF21984,DnaD_N,26.143931567951604,clan average
CL0202,GBD,38.45146891966387,,PF21988,G7C_GBD,38.45146891966387,clan average
CL0541,CL0541,14.440437147122662,,PF21990,SH2_1,14.440437147122662,clan average
CL0047,CuAO_N2_N3,26.752118387238067,,PF21994,AGAO-like_N2,26.752118387238067,clan average
CL0159,E-set,39.30318005993802,,PF22009,YLDV-IL18BP-like,39.30318005993802,clan average
CL0369,GHD,27.770430530606422,,PF22019,GlgB_N,27.770430530606422,clan average
CL0159,E-set,39.30318005993802,,PF22021,RbmA-like_FnIII,39.30318005993802,clan average
CL0369,GHD,27.770430530606422,,PF22026,Alpha-amylase_C_2,27.770430530606422,clan average
CL0123,CL0123,26.143931567951604,,PF22029,PhyR_sigma2,26.143931567951604,clan average
CL0361,CL0361,19.612287324340578,,PF22034,B129_C2H2-zf,19.612287324340578,clan average
CL0866,CL0866,22.986264376796857,,PF22042,EF-G_D2,22.986264376796857,clan average
CL0113,GT-B,39.69306779022893,,PF22052,DUF6937,39.69306779022893,clan average
CL0113,GT-B,39.69306779022893,,PF22053,DUF6938,39.69306779022893,clan average
CL0369,GHD,27.770430530606422,,PF22058,X25_BaPul_like,27.770430530606422,clan average
CL0113,GT-B,39.69306779022893,,PF22059,GumK_N,39.69306779022893,clan average
CL0159,E-set,39.30318005993802,,PF22060,Cep192_D1,39.30318005993802,clan average
CL0020,TPR,20.933170225539683,,PF22061,CSN7_HB_subdom,20.933170225539683,clan average
CL0020,TPR,20.933170225539683,,PF22063,Pdc1_Ge1,20.933170225539683,clan average
CL0159,E-set,39.30318005993802,,PF22064,Cep192_D2,39.30318005993802,clan average
CL0159,E-set,39.30318005993802,,PF22065,Cep192_D7,39.30318005993802,clan average
CL0159,E-set,39.30318005993802,,PF22066,Cep192_D8,39.30318005993802,clan average
CL0159,E-set,39.30318005993802,,PF22067,Cep192_D3,39.30318005993802,clan average
CL0202,GBD,38.45146891966387,,PF22068,Androglobin_II,38.45146891966387,clan average
CL0202,GBD,38.45146891966387,,PF22069,Androglobin_IV,38.45146891966387,clan average
CL0202,GBD,38.45146891966387,,PF22070,Androglobin_V,38.45146891966387,clan average
CL0202,GBD,38.45146891966387,,PF22071,FAP42_B2,38.45146891966387,clan average
CL0202,GBD,38.45146891966387,,PF22072,FAP42_B3,38.45146891966387,clan average
CL0159,E-set,39.30318005993802,,PF22076,Cep192_D6,39.30318005993802,clan average
CL0123,CL0123,26.143931567951604,,PF22083,I-HmuI_NUMOD-like,26.143931567951604,clan average
CL0159,E-set,39.30318005993802,,PF22089,DIP2116-like_N,39.30318005993802,clan average
CL0159,E-set,39.30318005993802,,PF22091,DUF6941,39.30318005993802,clan average
CL0159,E-set,39.30318005993802,,PF22092,T26-6p_Ig-like_dom,39.30318005993802,clan average
CL0123,CL0123,26.143931567951604,,PF22094,WHD_CED4,26.143931567951604,clan average
CL0070,CL0070,66.56825862975452,,PF22101,HSD_C,66.56825862975452,clan average
CL0020,TPR,20.933170225539683,,PF22103,ElaD_SseL-like_N,20.933170225539683,clan average
CL0361,CL0361,19.612287324340578,,PF22110,TFIIIA_zf-C2H2,19.612287324340578,clan average
CL0159,E-set,39.30318005993802,,PF22111,MtrC-MtrF_N,39.30318005993802,clan average
CL0159,E-set,39.30318005993802,,PF22112,OmcA-like_N,39.30318005993802,clan average
CL0037,Lysozyme,33.344959264069,,PF22115,T6SS_Tse3_cat,33.344959264069,clan average
CL0159,E-set,39.30318005993802,,PF22118,MtrF-like_dom-III,39.30318005993802,clan average
CL0020,TPR,20.933170225539683,,PF22120,T6SS_Tse3_N,20.933170225539683,clan average
CL0020,TPR,20.933170225539683,,PF22121,MtxA_C,20.933170225539683,clan average
CL0159,E-set,39.30318005993802,,PF22122,InlK_D2,39.30318005993802,clan average
CL0059,6_Hairpin,36.79082130018444,,PF22124,Glyco_hydro_95_cat,36.79082130018444,clan average
CL0108,Actin_ATPase,53.90403366088867,,PF22128,Alp7A_like_C,53.90403366088867,clan average
CL0177,PBP,42.38186464548598,,PF22141,Thiaminase-1_dom,42.38186464548598,clan average
CL0159,E-set,39.30318005993802,,PF22143,ScpA_C,39.30318005993802,clan average
CL0570,CL0570,28.707923080342724,,PF22146,LicP_NPro,28.707923080342724,clan average
CL0570,CL0570,28.707923080342724,,PF22148,Fervidolysin_NPro-like,28.707923080342724,clan average
CL0123,CL0123,26.143931567951604,,PF22153,SelB_WH1,26.143931567951604,clan average
CL0123,CL0123,26.143931567951604,,PF22154,SelB_WH2,26.143931567951604,clan average
CL0177,PBP,42.38186464548598,,PF22156,Thiaminase_I-like_N,42.38186464548598,clan average
CL0369,GHD,27.770430530606422,,PF22157,SupH-like_C,27.770430530606422,clan average
CL0343,MHC,35.221248300773084,,PF22158,M157_N_1,35.221248300773084,clan average
CL0123,CL0123,26.143931567951604,,PF22164,WHD_Dark,26.143931567951604,clan average
CL0123,CL0123,26.143931567951604,,PF22165,WHD_SSO1393,26.143931567951604,clan average
CL0123,CL0123,26.143931567951604,,PF22166,WHD_ArnR1,26.143931567951604,clan average
CL0123,CL0123,26.143931567951604,,PF22167,PH0730-like_N,26.143931567951604,clan average
CL0123,CL0123,26.143931567951604,,PF22168,DIP2311-like_C,26.143931567951604,clan average
CL0186,Beta_propeller,21.67085124951681,,PF22173,APH-like_N,21.67085124951681,clan average
CL0144,Periplas_BP,59.400154176035784,,PF22177,PBP1_XylR,59.400154176035784,clan average
CL0123,CL0123,26.143931567951604,,PF22182,DUF6945,26.143931567951604,clan average
CL0159,E-set,39.30318005993802,,PF22184,CBM_56,39.30318005993802,clan average
CL0113,GT-B,39.69306779022893,,PF22189,RickCE_N,39.69306779022893,clan average
CL0070,CL0070,66.56825862975452,,PF22190,TTHA0829-like_ACT,66.56825862975452,clan average
CL0123,CL0123,26.143931567951604,,PF22194,WHD_F93,26.143931567951604,clan average
CL0159,E-set,39.30318005993802,,PF22201,FlaF_Ig-like,39.30318005993802,clan average
CL0123,CL0123,26.143931567951604,,PF22207,WHD_MCM3,26.143931567951604,clan average
CL0023,P-loop_NTPase,49.395498104103346,,PF22232,TraI_hel_assoc_N,49.395498104103346,clan average
CL0123,CL0123,26.143931567951604,,PF22233,PhyR_sigma-like,26.143931567951604,clan average
CL0172,Thioredoxin,39.25019227930494,,PF22234,Rv2466c-like,39.25019227930494,clan average
CL0004,Concanavalin,41.06090890681649,,PF22237,SO2946-like_C,41.06090890681649,clan average
CL0202,GBD,38.45146891966387,,PF22239,DUF6947,38.45146891966387,clan average
CL0159,E-set,39.30318005993802,,PF22243,DUF5018-rel,39.30318005993802,clan average
CL0028,AB_hydrolase,52.59920164328964,,PF22244,GCE_fung,52.59920164328964,clan average
CL0004,Concanavalin,41.06090890681649,,PF22245,G7C_C,41.06090890681649,clan average
CL0866,CL0866,22.986264376796857,,PF22246,NeqB_N,22.986264376796857,clan average
CL0104,CL0104,35.83032244851205,,PF22247,Diox-like_N,35.83032244851205,clan average
CL0661,Gain,28.363798955819796,,PF22259,GPR128_GAIN_subdomA,28.363798955819796,clan average
CL0661,Gain,28.363798955819796,,PF22261,GPR128_GAIN_subdom_B,28.363798955819796,clan average
CL0159,E-set,39.30318005993802,,PF22265,T26-6p_Ig-like_dom_2,39.30318005993802,clan average
CL0123,CL0123,26.143931567951604,,PF22266,DUF6953,26.143931567951604,clan average
CL0268,Pec_lyase-like,59.950592041015625,,PF22274,DGF-1_beta-sheet,59.950592041015625,clan average
CL0123,CL0123,26.143931567951604,,PF22278,DUF6958,26.143931567951604,clan average
CL0192,GPCR_A,61.321635356404734,,PF22285,DUF6962,61.321635356404734,clan average
CL0091,NAD_Ferredoxin,28.793387318886015,,PF22290,DmmA-like_N,28.793387318886015,clan average
CL0023,P-loop_NTPase,49.395498104103346,,PF22298,Tsr1_G-like,49.395498104103346,clan average
CL0186,Beta_propeller,21.67085124951681,,PF22301,AUDH_beta_propeller,21.67085124951681,clan average
CL0016,PKinase,54.43067383486503,,PF22303,OspG_kinase,54.43067383486503,clan average
CL0159,E-set,39.30318005993802,,PF22305,BARF1_ig2,39.30318005993802,clan average
CL0165,Cache,45.265474438507106,,PF22309,HK-GC-Chemotax_sensor,45.265474438507106,clan average
CL0187,LysM,31.901580333709717,,PF22310,NMB0315_dom_I,31.901580333709717,clan average
CL0159,E-set,39.30318005993802,,PF22312,SgrA_ig-like,39.30318005993802,clan average
CL0123,CL0123,26.143931567951604,,PF22315,PF0095-like_C,26.143931567951604,clan average
CL0020,TPR,20.933170225539683,,PF22316,ABhydrolase-like_N,20.933170225539683,clan average
CL0123,CL0123,26.143931567951604,,PF22324,HTH_91,26.143931567951604,clan average
CL0020,TPR,20.933170225539683,,PF22329,Nro1_C,20.933170225539683,clan average
CL0046,CL0046,27.33374421173006,,PF22336,RhiE-like_linker,27.33374421173006,clan average
CL0369,GHD,27.770430530606422,,PF22345,GLMA_C,27.770430530606422,clan average
CL0066,Trefoil,35.92321202056283,,PF22346,CARDS_D3,35.92321202056283,clan average
CL0220,CL0220,19.573838134150012,,PF22350,Int_EF-hand,19.573838134150012,clan average
CL0287,Transthyretin,45.35773909364972,,PF22358,MfA4_C,45.35773909364972,clan average
CL0159,E-set,39.30318005993802,,PF22359,Big-like,39.30318005993802,clan average
CL0287,Transthyretin,45.35773909364972,,PF22361,IglE_N,45.35773909364972,clan average
CL0123,CL0123,26.143931567951604,,PF22376,PSV_trans_reg_dom,26.143931567951604,clan average
CL0159,E-set,39.30318005993802,,PF22377,TarS_C2,39.30318005993802,clan average
CL0123,CL0123,26.143931567951604,,PF22381,Staph_reg_Sar_Rot,26.143931567951604,clan average
CL0177,PBP,42.38186464548598,,PF22384,PBP2_Ca3427_like,42.38186464548598,clan average
CL0570,CL0570,28.707923080342724,,PF22386,PPI,28.707923080342724,clan average
CL0123,CL0123,26.143931567951604,,PF22393,MLPTv-like_HTH,26.143931567951604,clan average
CL0159,E-set,39.30318005993802,,PF22416,Lmo2445-like_C,39.30318005993802,clan average
CL0369,GHD,27.770430530606422,,PF22423,AmyB_C,27.770430530606422,clan average
CL0866,CL0866,22.986264376796857,,PF22424,HK620_9_C,22.986264376796857,clan average
CL0159,E-set,39.30318005993802,,PF22426,SMMA_N,39.30318005993802,clan average
CL0369,GHD,27.770430530606422,,PF22427,SMMA_C,27.770430530606422,clan average
CL0159,E-set,39.30318005993802,,PF22432,PA2794-like_C,39.30318005993802,clan average
CL0159,E-set,39.30318005993802,,PF22433,MtxA_IG-like,39.30318005993802,clan average
CL0050,CL0050,69.57307925406917,,PF22438,FlgA_HD-like,69.57307925406917,clan average
CL0172,Thioredoxin,39.25019227930494,,PF22441,CLIC-like_N,39.25019227930494,clan average
CL0268,Pec_lyase-like,59.950592041015625,,PF22442,Gp49_Pectate_lyase_like,59.950592041015625,clan average
CL0100,C1q_TNF,28.56269966287816,,PF22446,Lac_Phage_Head,28.56269966287816,clan average
CL0159,E-set,39.30318005993802,,PF22447,EEP_ig-like,39.30318005993802,clan average
CL0287,Transthyretin,45.35773909364972,,PF22449,Fim1F_C,45.35773909364972,clan average
CL0123,CL0123,26.143931567951604,,PF22451,NirdL-like_HTH,26.143931567951604,clan average
CL0369,GHD,27.770430530606422,,PF22460,Neopullulanase-like_C,27.770430530606422,clan average
CL0070,CL0070,66.56825862975452,,PF22468,ACT_9,66.56825862975452,clan average
CL0036,CL0036,47.817104032709544,,PF22484,DUF6986,47.817104032709544,clan average
CL0186,Beta_propeller,21.67085124951681,,PF22494,choice_anch_I,21.67085124951681,clan average
CL0123,CL0123,26.143931567951604,,PF22495,HTH_92,26.143931567951604,clan average
CL0063,NADP_Rossmann,39.26278572618697,,PF22500,GMC_oxred_C_1st,39.26278572618697,clan average
CL0263,His-Me_finger,42.13259963155944,,PF22507,DUF6994,42.13259963155944,clan average
CL0159,E-set,39.30318005993802,,PF22508,InlJ_IG,39.30318005993802,clan average
CL0066,Trefoil,35.92321202056283,,PF22509,CARDS-D2_trefoil,35.92321202056283,clan average
CL0123,CL0123,26.143931567951604,,PF22511,PBP2,26.143931567951604,clan average
CL0123,CL0123,26.143931567951604,,PF22515,DUF6996,26.143931567951604,clan average
CL0108,Actin_ATPase,53.90403366088867,,PF22521,HypF_C_2,53.90403366088867,clan average
CL0123,CL0123,26.143931567951604,,PF22524,WHD_Nlrc4,26.143931567951604,clan average
CL0023,P-loop_NTPase,49.395498104103346,,PF22527,DEXQc_Suv3,49.395498104103346,clan average
CL0126,Peptidase_MA,36.71989303811342,,PF22529,DUF7001,36.71989303811342,clan average
CL0123,CL0123,26.143931567951604,,PF22536,WHD_POLR3C,26.143931567951604,clan average
CL0126,Peptidase_MA,36.71989303811342,,PF22541,DUF7005,36.71989303811342,clan average
CL0123,CL0123,26.143931567951604,,PF22560,GMT-wHTH,26.143931567951604,clan average
CL0214,CL0214,28.487959910306852,,PF22562,UBA_7,28.487959910306852,clan average
CL0123,CL0123,26.143931567951604,,PF22564,HAAS,26.143931567951604,clan average
CL0349,SLOG,41.81280368953556,,PF22565,mSLOG,41.81280368953556,clan average
CL0214,CL0214,28.487959910306852,,PF22566,UBA_8,28.487959910306852,clan average
CL0214,CL0214,28.487959910306852,,PF22567,UBA_9,28.487959910306852,clan average
CL0154,C2,44.17300686820718,,PF22576,Bfc,44.17300686820718,clan average
CL0063,NADP_Rossmann,39.26278572618697,,PF22578,GGR_cat,39.26278572618697,clan average
CL0202,GBD,38.45146891966387,,PF22579,Cbm74,38.45146891966387,clan average
CL0369,GHD,27.770430530606422,,PF22582,Amylosucrase_C-like,27.770430530606422,clan average
CL0004,Concanavalin,41.06090890681649,,PF22585,Sialidase-like_CBM,41.06090890681649,clan average
CL0782,CL0782,25.599053828546072,,PF22586,ANCHR-like_BBOX,25.599053828546072,clan average
CL0165,Cache,45.265474438507106,,PF22588,dCache_1_like,45.265474438507106,clan average
CL0023,P-loop_NTPase,49.395498104103346,,PF22590,Cas3-like_C_2,49.395498104103346,clan average
CL0220,CL0220,19.573838134150012,,PF22592,FCaBP_EF-hand,19.573838134150012,clan average
CL0322,CL0322,58.84219196478643,,PF22599,SecDF_P1_head,58.84219196478643,clan average
CL0229,RING,23.531313780228857,,PF22601,RIM2a_ZnF,23.531313780228857,clan average
CL0063,NADP_Rossmann,39.26278572618697,,PF22603,RAE1_2_domI_C,39.26278572618697,clan average
CL0063,NADP_Rossmann,39.26278572618697,,PF22607,FAD_binding-like,39.26278572618697,clan average
CL0036,CL0036,47.817104032709544,,PF22612,GH113,47.817104032709544,clan average
CL0063,NADP_Rossmann,39.26278572618697,,PF22614,Slo-like_RCK,39.26278572618697,clan average
CL0063,NADP_Rossmann,39.26278572618697,,PF22616,HMD_N,39.26278572618697,clan average
CL0063,NADP_Rossmann,39.26278572618697,,PF22620,OYE-like_second_a-b,39.26278572618697,clan average
CL0046,CL0046,27.33374421173006,,PF22621,CurL-like_PKS_C,27.33374421173006,clan average
CL0050,CL0050,69.57307925406917,,PF22622,MFE-2_hydrat-2_N,69.57307925406917,clan average
CL0105,CL0105,30.879097315387945,,PF22625,ECR1_N_2,30.879097315387945,clan average
CL0063,NADP_Rossmann,39.26278572618697,,PF22626,LysX_preATP_grasp,39.26278572618697,clan average
CL0070,CL0070,66.56825862975452,,PF22629,ACT_AHAS_ss,66.56825862975452,clan average
CL0220,CL0220,19.573838134150012,,PF22631,PLCB1-4-like_EFh,19.573838134150012,clan average
CL0104,CL0104,35.83032244851205,,PF22632,BphC_D1,35.83032244851205,clan average
CL0050,CL0050,69.57307925406917,,PF22636,FlK,69.57307925406917,clan average
CL0202,GBD,38.45146891966387,,PF22637,CBM_4_9_1,38.45146891966387,clan average
CL0036,CL0036,47.817104032709544,,PF22643,NagA_N,47.817104032709544,clan average
CL0036,CL0036,47.817104032709544,,PF22644,BsNagA_N,47.817104032709544,clan average
CL0020,TPR,20.933170225539683,,PF22646,PPP2R1A-like_HEAT,20.933170225539683,clan average
CL0036,CL0036,47.817104032709544,,PF22647,EF_0837-like_N,47.817104032709544,clan average
CL0036,CL0036,47.817104032709544,,PF22649,Cgl0159,47.817104032709544,clan average
CL0104,CL0104,35.83032244851205,,PF22650,At5g48480-like_C,35.83032244851205,clan average
CL0104,CL0104,35.83032244851205,,PF22656,At5g48480-like_N,35.83032244851205,clan average
CL0104,CL0104,35.83032244851205,,PF22658,YycE-like_N,35.83032244851205,clan average
CL0104,CL0104,35.83032244851205,,PF22659,YycE-like_C,35.83032244851205,clan average
CL0063,NADP_Rossmann,39.26278572618697,,PF22660,RS_preATP-grasp-like,39.26278572618697,clan average
CL0159,E-set,39.30318005993802,,PF22661,CO4A-B_CUB_C,39.30318005993802,clan average
CL0123,CL0123,26.143931567951604,,PF22665,WHD_DUF6293,26.143931567951604,clan average
CL0202,GBD,38.45146891966387,,PF22666,Glyco_hydro_2_N2,38.45146891966387,clan average
CL0165,Cache,45.265474438507106,,PF22673,MCP-like_PDC_1,45.265474438507106,clan average
CL0063,NADP_Rossmann,39.26278572618697,,PF22674,C2185-like_N,39.26278572618697,clan average
CL0104,CL0104,35.83032244851205,,PF22677,Ble-like_N,35.83032244851205,clan average
CL0023,P-loop_NTPase,49.395498104103346,,PF22679,T1R_D3-like,49.395498104103346,clan average
CL0159,E-set,39.30318005993802,,PF22680,Glyco_hydro_123_N_2,39.30318005993802,clan average
CL0159,E-set,39.30318005993802,,PF22681,Lmo2446-like_N,39.30318005993802,clan average
CL0323,CL0323,58.23729116253491,,PF22690,FAS_AT_central,58.23729116253491,clan average
CL0046,CL0046,27.33374421173006,,PF22691,Thiolase_C_1,27.33374421173006,clan average
CL0293,CL0293,108.55528087486567,,PF22693,MACPF_1,108.55528087486567,clan average
CL0145,Golgi-transport,23.901661429406698,,PF22699,GMIP-like_FCH,23.901661429406698,clan average
CL0186,Beta_propeller,21.67085124951681,,PF22701,Mala_s_1-like,21.67085124951681,clan average
CL0202,GBD,38.45146891966387,,PF22704,CBM13-like,38.45146891966387,clan average
CL0268,Pec_lyase-like,59.950592041015625,,PF22744,Toast-rack_PspC-Cterm,59.950592041015625,clan average
CL0028,AB_hydrolase,52.59920164328964,,PF22749,Arb2,52.59920164328964,clan average
CL0202,GBD,38.45146891966387,,PF22753,Ape1_N,38.45146891966387,clan average
CL0070,CL0070,66.56825862975452,,PF22754,bHLH-TF_ACT-like_plant,66.56825862975452,clan average
CL0020,TPR,20.933170225539683,,PF22766,ZW10_C2,20.933170225539683,clan average
CL0123,CL0123,26.143931567951604,,PF22767,ThcOx,26.143931567951604,clan average
CL0113,GT-B,39.69306779022893,,PF22772,WsaF_C,39.69306779022893,clan average
CL0159,E-set,39.30318005993802,,PF22786,Tag1_C,39.30318005993802,clan average
CL0123,CL0123,26.143931567951604,,PF22798,DUF5817_CT,26.143931567951604,clan average
CL0066,Trefoil,35.92321202056283,,PF22799,PIR1-like_C,35.92321202056283,clan average
CL0186,Beta_propeller,21.67085124951681,,PF22807,TrAA12,21.67085124951681,clan average
CL0202,GBD,38.45146891966387,,PF22815,CatAgl_D1,38.45146891966387,clan average
CL0050,CL0050,69.57307925406917,,PF22817,ApeP-like,69.57307925406917,clan average
CL0050,CL0050,69.57307925406917,,PF22818,ApeI-like,69.57307925406917,clan average
CL0159,E-set,39.30318005993802,,PF22820,TcaA_3rd_4th,39.30318005993802,clan average
CL0159,E-set,39.30318005993802,,PF22821,ZP1_ZP4_Ig-like,39.30318005993802,clan average
CL0202,GBD,38.45146891966387,,PF22825,HpiC1-like,38.45146891966387,clan average
CL0004,Concanavalin,41.06090890681649,,PF22826,PL28,41.06090890681649,clan average
CL0268,Pec_lyase-like,59.950592041015625,,PF22842,Pel9A-like_beta_helix,59.950592041015625,clan average
CL0020,TPR,20.933170225539683,,PF22860,DUF7017,20.933170225539683,clan average
CL0004,Concanavalin,41.06090890681649,,PF22875,Glu2-Pro,41.06090890681649,clan average
CL0020,TPR,20.933170225539683,,PF22890,TPR_EMC2,20.933170225539683,clan average
CL0202,GBD,38.45146891966387,,PF22895,DUF7024,38.45146891966387,clan average
CL0819,CL0819,29.19702126991178,,PF22897,TIL_2,29.19702126991178,clan average
CL0287,Transthyretin,45.35773909364972,,PF22898,NOMO1-like_1st,45.35773909364972,clan average
CL0287,Transthyretin,45.35773909364972,,PF22902,NOMO1-like_9th,45.35773909364972,clan average
CL0287,Transthyretin,45.35773909364972,,PF22904,NOMO1-like_2nd,45.35773909364972,clan average
CL0202,GBD,38.45146891966387,,PF22907,Ams1-like_1st,38.45146891966387,clan average
CL0229,RING,23.531313780228857,,PF22908,PHD_NSD,23.531313780228857,clan average
CL0159,E-set,39.30318005993802,,PF22914,Fibulin_C,39.30318005993802,clan average
CL0023,P-loop_NTPase,49.395498104103346,,PF22916,UTP25_NTPase-like,49.395498104103346,clan average
CL0154,C2,44.17300686820718,,PF22918,PTEN2_C2,44.17300686820718,clan average
CL0110,GT-A,34.54581239323872,,PF22921,FKRP_N,34.54581239323872,clan average
CL0004,Concanavalin,41.06090890681649,,PF22925,TS_C,41.06090890681649,clan average
CL0229,RING,23.531313780228857,,PF22926,C1-like_CT,23.531313780228857,clan average
CL0020,TPR,20.933170225539683,,PF22928,INTS1_R4,20.933170225539683,clan average
CL0123,CL0123,26.143931567951604,,PF22939,WHD_GPIID,26.143931567951604,clan average
CL0123,CL0123,26.143931567951604,,PF22943,HTH_68,26.143931567951604,clan average
CL0063,NADP_Rossmann,39.26278572618697,,PF22953,SpnB_Rossmann,39.26278572618697,clan average
CL0001,EGF,28.046989523881532,,PF22955,EGF2_RECK,28.046989523881532,clan average
CL0159,E-set,39.30318005993802,,PF22957,NUP210_Ig,39.30318005993802,clan average
CL0159,E-set,39.30318005993802,,PF22959,Ig_NUP210_15th,39.30318005993802,clan average
CL0123,CL0123,26.143931567951604,,PF22960,WHD_UBR1,26.143931567951604,clan average
CL0159,E-set,39.30318005993802,,PF22962,Ig_NUP210_7th,39.30318005993802,clan average
CL0159,E-set,39.30318005993802,,PF22963,Ig_NUP210_3rd,39.30318005993802,clan average
CL0159,E-set,39.30318005993802,,PF22967,Ig_NUP210_1st,39.30318005993802,clan average
CL0159,E-set,39.30318005993802,,PF22969,Ig_NUP210_2nd,39.30318005993802,clan average
CL0364,Leu-IlvD,34.406701321504556,,PF22973,GWD1_pHisD,34.406701321504556,clan average
CL0123,CL0123,26.143931567951604,,PF22979,HTH_69,26.143931567951604,clan average
CL0123,CL0123,26.143931567951604,,PF22980,Myb_DNA-bind_8,26.143931567951604,clan average
CL0123,CL0123,26.143931567951604,,PF22982,WHD_HRQ1,26.143931567951604,clan average
CL0159,E-set,39.30318005993802,,PF22986,Fn3_ELFN,39.30318005993802,clan average
CL0361,CL0361,19.612287324340578,,PF22992,C2CH-4th_BIRD-IDD,19.612287324340578,clan average
CL0361,CL0361,19.612287324340578,,PF22995,C2CH-3rd_BIRD-IDD,19.612287324340578,clan average
CL0361,CL0361,19.612287324340578,,PF22996,C2H2-2nd_BIRD-IDD,19.612287324340578,clan average
CL0570,CL0570,28.707923080342724,,PF23001,MBTP1_N,28.707923080342724,clan average
CL0451,FnI-like,34.112830676908786,,PF23003,Fn1_2,34.112830676908786,clan average
CL0229,RING,23.531313780228857,,PF23004,PHDvar_NSD,23.531313780228857,clan average
CL0159,E-set,39.30318005993802,,PF23008,FN3_Tor_3rd,39.30318005993802,clan average
CL0229,RING,23.531313780228857,,PF23011,PHD-1st_NSD,23.531313780228857,clan average
CL0361,CL0361,19.612287324340578,,PF23015,zf-WIZ,19.612287324340578,clan average
CL0123,CL0123,26.143931567951604,,PF23016,RsmI_C,26.143931567951604,clan average
CL0015,CL0015,64.824742054381,,PF23021,6TM_2nd_PGAP2IP,64.824742054381,clan average
CL0015,CL0015,64.824742054381,,PF23022,6TM_1st_PGAP2IP,64.824742054381,clan average
CL0159,E-set,39.30318005993802,,PF23033,DUF7034,39.30318005993802,clan average
CL0159,E-set,39.30318005993802,,PF23034,DUF7035,39.30318005993802,clan average
CL0960,CL0960,22.044313265744545,,PF23041,DUF7036,22.044313265744545,clan average
CL0214,CL0214,28.487959910306852,,PF23053,UBA_N4BP1,28.487959910306852,clan average
CL0214,CL0214,28.487959910306852,,PF23054,UBA_N4BP1_C,28.487959910306852,clan average
CL0164,CUB,37.19532806928234,,PF23059,CUB_M02D8_5_6th,37.19532806928234,clan average
CL0164,CUB,37.19532806928234,,PF23060,CUB_M02D8_5_1st,37.19532806928234,clan average
CL0164,CUB,37.19532806928234,,PF23061,CUB_M02D8_5_2nd,37.19532806928234,clan average
CL0164,CUB,37.19532806928234,,PF23062,CUB_M02D8_5_3rd,37.19532806928234,clan average
CL0164,CUB,37.19532806928234,,PF23064,CUB_M02D8_5_5th,37.19532806928234,clan average
CL0164,CUB,37.19532806928234,,PF23068,CUB_M02D8_5_7th,37.19532806928234,clan average
CL0361,CL0361,19.612287324340578,,PF23075,zf-C2H2_ZNF462_11,19.612287324340578,clan average
CL0361,CL0361,19.612287324340578,,PF23077,zf-C2H2_ZNF462_1st,19.612287324340578,clan average
CL0123,CL0123,26.143931567951604,,PF23078,HTH_CHD6-9,26.143931567951604,clan average
CL0123,CL0123,26.143931567951604,,PF23079,HTH_NOL4_2nd,26.143931567951604,clan average
CL0123,CL0123,26.143931567951604,,PF23081,HTH_KIF26A_B_1st,26.143931567951604,clan average
CL0123,CL0123,26.143931567951604,,PF23082,Myb_DNA-binding_2,26.143931567951604,clan average
CL0202,GBD,38.45146891966387,,PF23093,GBD_Tenm3,38.45146891966387,clan average
CL0159,E-set,39.30318005993802,,PF23094,MBTPS1_3rd,39.30318005993802,clan average
CL0186,Beta_propeller,21.67085124951681,,PF23098,Beta-prop_NOL10_N,21.67085124951681,clan average
CL0361,CL0361,19.612287324340578,,PF23101,Zf-C2H2_ZNF451_1st,19.612287324340578,clan average
CL0361,CL0361,19.612287324340578,,PF23102,Zf-C2H2_ZNF451_2nd,19.612287324340578,clan average
CL0361,CL0361,19.612287324340578,,PF23103,Zf-C2H2_ZNF451_5th,19.612287324340578,clan average
CL0361,CL0361,19.612287324340578,,PF23104,Zf-C2H2_ZNF451_6th,19.612287324340578,clan average
CL0361,CL0361,19.612287324340578,,PF23107,Zf-C2H2_ZNF451_C,19.612287324340578,clan average
CL0361,CL0361,19.612287324340578,,PF23108,Zf-C2H2_ZNF451,19.612287324340578,clan average
CL0063,NADP_Rossmann,39.26278572618697,,PF23114,NAD-bd_HRPKS_sdrA,39.26278572618697,clan average
CL0361,CL0361,19.612287324340578,,PF23115,zf-C2H2_STOP2_3rd,19.612287324340578,clan average
CL0361,CL0361,19.612287324340578,,PF23118,zf-C2H2_STOP2_C,19.612287324340578,clan average
CL0154,C2,44.17300686820718,,PF23122,C2_ITFG1,44.17300686820718,clan average
CL0186,Beta_propeller,21.67085124951681,,PF23126,DUF7048,21.67085124951681,clan average
CL0159,E-set,39.30318005993802,,PF23141,Ig_NOMO,39.30318005993802,clan average
CL0123,CL0123,26.143931567951604,,PF23159,WHD_Rok,26.143931567951604,clan average
CL0123,CL0123,26.143931567951604,,PF23161,HTH_RNase_II,26.143931567951604,clan average
CL0361,CL0361,19.612287324340578,,PF23165,zf-C2H2_FBX41,19.612287324340578,clan average
CL0159,E-set,39.30318005993802,,PF23166,Ig_N_CWD1,39.30318005993802,clan average
CL0827,CL0827,29.83104044387508,,PF23170,bHLH_PER,29.83104044387508,clan average
CL0827,CL0827,29.83104044387508,,PF23171,bHLH_HIF1A,29.83104044387508,clan average
CL0827,CL0827,29.83104044387508,,PF23172,bHLH_NCOA,29.83104044387508,clan average
CL0827,CL0827,29.83104044387508,,PF23173,bHLH_SAC51,29.83104044387508,clan average
CL0827,CL0827,29.83104044387508,,PF23174,bHLH_ILI,29.83104044387508,clan average
CL0827,CL0827,29.83104044387508,,PF23175,bHLH_STRA8,29.83104044387508,clan average
CL0827,CL0827,29.83104044387508,,PF23176,bHLH_LHW,29.83104044387508,clan average
CL0827,CL0827,29.83104044387508,,PF23179,bHLH_INO2,29.83104044387508,clan average
CL0960,CL0960,22.044313265744545,,PF23180,ALE2_N,22.044313265744545,clan average
CL0827,CL0827,29.83104044387508,,PF23181,bHLH_INO4,29.83104044387508,clan average
CL0827,CL0827,29.83104044387508,,PF23183,bHLH_NPAS4,29.83104044387508,clan average
CL0186,Beta_propeller,21.67085124951681,,PF23184,WD40_CFAP43,21.67085124951681,clan average
CL0186,Beta_propeller,21.67085124951681,,PF23185,CFAP43_N,21.67085124951681,clan average
CL0123,CL0123,26.143931567951604,,PF23186,DUF7059,26.143931567951604,clan average
CL0172,Thioredoxin,39.25019227930494,,PF23187,UBX7_N,39.25019227930494,clan average
CL0123,CL0123,26.143931567951604,,PF23191,WHD_MCM3_C,26.143931567951604,clan average
CL0287,Transthyretin,45.35773909364972,,PF23193,NOMO_3rd,45.35773909364972,clan average
CL0287,Transthyretin,45.35773909364972,,PF23194,NOMO_5th,45.35773909364972,clan average
CL0287,Transthyretin,45.35773909364972,,PF23196,NOMO_6th,45.35773909364972,clan average
CL0159,E-set,39.30318005993802,,PF23197,IG_AIR9,39.30318005993802,clan average
CL0541,CL0541,14.440437147122662,,PF23205,DUF7063,14.440437147122662,clan average
CL0960,CL0960,22.044313265744545,,PF23206,PCDH15_12th,22.044313265744545,clan average
CL0361,CL0361,19.612287324340578,,PF23208,zf_C2H2_ZNF598,19.612287324340578,clan average
CL0186,Beta_propeller,21.67085124951681,,PF23215,WD_LRWD1,21.67085124951681,clan average
CL0123,CL0123,26.143931567951604,,PF23216,WHD_CYT4,26.143931567951604,clan average
CL0361,CL0361,19.612287324340578,,PF23217,DUF7066,19.612287324340578,clan average
CL0361,CL0361,19.612287324340578,,PF23223,zf-C2H2_ZNF462,19.612287324340578,clan average
CL0361,CL0361,19.612287324340578,,PF23224,zf-C2H2_2nd_ZNF462,19.612287324340578,clan average
CL0361,CL0361,19.612287324340578,,PF23225,zf-C2H2_7th_ZNF462,19.612287324340578,clan average
CL0361,CL0361,19.612287324340578,,PF23230,zf-C2H2_13,19.612287324340578,clan average
CL0123,CL0123,26.143931567951604,,PF23234,WHD_4th_Lhr,26.143931567951604,clan average
CL0123,CL0123,26.143931567951604,,PF23235,WHD_3rd_Lhr,26.143931567951604,clan average
CL0123,CL0123,26.143931567951604,,PF23236,WHD_2nd_Lhr,26.143931567951604,clan average
CL0159,E-set,39.30318005993802,,PF23237,HYR_4C,39.30318005993802,clan average
CL0214,CL0214,28.487959910306852,,PF23255,DUF7070,28.487959910306852,clan average
CL0692,CL0692,36.82067810752304,,PF23260,TSP1_2,36.82067810752304,clan average
CL0015,CL0015,64.824742054381,,PF23262,NFD4_C,64.824742054381,clan average
CL0159,E-set,39.30318005993802,,PF23265,Ig-like_KY,39.30318005993802,clan average
CL0186,Beta_propeller,21.67085124951681,,PF23266,VPS11_N,21.67085124951681,clan average
CL0137,HAD,36.67203203138414,,PF23270,HAD_RAM2_N,36.67203203138414,clan average
CL0113,GT-B,39.69306779022893,,PF23272,DUF7075,39.69306779022893,clan average
CL0159,E-set,39.30318005993802,,PF23273,DUF7076,39.30318005993802,clan average
CL0159,E-set,39.30318005993802,,PF23274,DUF7077,39.30318005993802,clan average
CL0020,TPR,20.933170225539683,,PF23276,TPR_24,20.933170225539683,clan average
CL0159,E-set,39.30318005993802,,PF23277,Ig_Dlec1_1,39.30318005993802,clan average
CL0020,TPR,20.933170225539683,,PF23279,TPR_25,20.933170225539683,clan average
CL0356,AMP_N-like,47.05576038360596,,PF23281,DAAF9_N,47.05576038360596,clan average
CL0123,CL0123,26.143931567951604,,PF23282,WHD_ROQ1,26.143931567951604,clan average
CL0314,CL0314,39.7510323495026,,PF23297,ACP_SdgA_C,39.7510323495026,clan average
CL0644,Fz,53.45498884291876,,PF23298,FZ_RECK,53.45498884291876,clan average
CL0123,CL0123,26.143931567951604,,PF23302,HTH_DNAJC9,26.143931567951604,clan average
CL0159,E-set,39.30318005993802,,PF23304,GAE_BBS1,39.30318005993802,clan average
CL0003,SAM,26.063478920372884,,PF23307,SAM_KIDINS220,26.063478920372884,clan average
CL0692,CL0692,36.82067810752304,,PF23308,TSP1_TSH7A-B_C,36.82067810752304,clan average
CL0020,TPR,20.933170225539683,,PF23310,TPR_27,20.933170225539683,clan average
CL0214,CL0214,28.487959910306852,,PF23312,UBA_SIK3,28.487959910306852,clan average
CL0159,E-set,39.30318005993802,,PF23316,Ig_DLEC1_6th,39.30318005993802,clan average
CL0030,Ion_channel,45.46700182135369,,PF23317,YVC1_C,45.46700182135369,clan average
CL0070,CL0070,66.56825862975452,,PF23321,R1_ABCA1,66.56825862975452,clan average
CL0220,CL0220,19.573838134150012,,PF23329,EF_HAND_1_PLCG,19.573838134150012,clan average
CL0361,CL0361,19.612287324340578,,PF23330,zf-C2H2_14,19.612287324340578,clan average
CL0451,FnI-like,34.112830676908786,,PF23331,VWC2L_C,34.112830676908786,clan average
CL0186,Beta_propeller,21.67085124951681,,PF23335,Beta-prop_IFT80_2nd,21.67085124951681,clan average
CL0063,NADP_Rossmann,39.26278572618697,,PF23340,Chp1_domII,39.26278572618697,clan average
CL0186,Beta_propeller,21.67085124951681,,PF23341,PEP5_VPS11_N,21.67085124951681,clan average
CL0186,Beta_propeller,21.67085124951681,,PF23342,WDR90_beta-prop_4th,21.67085124951681,clan average
CL0268,Pec_lyase-like,59.950592041015625,,PF23348,RDM3_C,59.950592041015625,clan average
CL0159,E-set,39.30318005993802,,PF23358,OST48_MD,39.30318005993802,clan average
CL0159,E-set,39.30318005993802,,PF23360,BBS7_GAE,39.30318005993802,clan average
CL0023,P-loop_NTPase,49.395498104103346,,PF23365,DUF7090,49.395498104103346,clan average
CL0186,Beta_propeller,21.67085124951681,,PF23366,Beta-prop_HVO_0234,21.67085124951681,clan average
CL0159,E-set,39.30318005993802,,PF23370,Vp20_capsid,39.30318005993802,clan average
CL0159,E-set,39.30318005993802,,PF23371,Vp24_capsid,39.30318005993802,clan average
CL0159,E-set,39.30318005993802,,PF23374,Fn3_arc,39.30318005993802,clan average
CL0186,Beta_propeller,21.67085124951681,,PF23377,Beta-prop_IFT122_2nd,21.67085124951681,clan average
CL0186,Beta_propeller,21.67085124951681,,PF23383,Beta-prop_IFT140_1st,21.67085124951681,clan average
CL0186,Beta_propeller,21.67085124951681,,PF23385,Beta-prop_IFT140_2nd,21.67085124951681,clan average
CL0020,TPR,20.933170225539683,,PF23387,TPR_IFT80_172,20.933170225539683,clan average
CL0186,Beta_propeller,21.67085124951681,,PF23388,DUF7099,21.67085124951681,clan average
CL0186,Beta_propeller,21.67085124951681,,PF23389,Beta-prop_WDR19_1st,21.67085124951681,clan average
CL0186,Beta_propeller,21.67085124951681,,PF23390,Beta-prop_WDR35_2nd,21.67085124951681,clan average
CL0186,Beta_propeller,21.67085124951681,,PF23393,Beta-prop_WDR90_POC16_2nd,21.67085124951681,clan average
CL0003,SAM,26.063478920372884,,PF23395,SAM_6,26.063478920372884,clan average
CL0123,CL0123,26.143931567951604,,PF23401,HTH_Card1,26.143931567951604,clan average
CL0186,Beta_propeller,21.67085124951681,,PF23405,WD40_APC4_C-half,21.67085124951681,clan average
CL0186,Beta_propeller,21.67085124951681,,PF23407,WD40_Apc4_C_fungal,21.67085124951681,clan average
CL0186,Beta_propeller,21.67085124951681,,PF23409,Beta-prop_EML,21.67085124951681,clan average
CL0186,Beta_propeller,21.67085124951681,,PF23410,Beta-prop_VPS8,21.67085124951681,clan average
CL0186,Beta_propeller,21.67085124951681,,PF23411,Beta-prop_Vps41,21.67085124951681,clan average
CL0229,RING,23.531313780228857,,PF23413,zf_RING_Vps8_fungal,23.531313780228857,clan average
CL0186,Beta_propeller,21.67085124951681,,PF23414,Beta-prop_EML_2,21.67085124951681,clan average
CL0023,P-loop_NTPase,49.395498104103346,,PF23415,MAPB1_N,49.395498104103346,clan average
CL0186,Beta_propeller,21.67085124951681,,PF23419,WD40_RFWD3,21.67085124951681,clan average
CL0001,EGF,28.046989523881532,,PF23427,EGF_4,28.046989523881532,clan average
CL0123,CL0123,26.143931567951604,,PF23438,DUF7123,26.143931567951604,clan average
CL0023,P-loop_NTPase,49.395498104103346,,PF23442,DUF7125,49.395498104103346,clan average
CL0063,NADP_Rossmann,39.26278572618697,,PF23443,DUF7126,39.26278572618697,clan average
CL0123,CL0123,26.143931567951604,,PF23445,WHD_SNRNP200,26.143931567951604,clan average
CL0187,LysM,31.901580333709717,,PF23446,LysM1_NFP_LYK,31.901580333709717,clan average
CL0361,CL0361,19.612287324340578,,PF23447,DUF7128,19.612287324340578,clan average
CL0659,CAP,47.19299964904785,,PF23448,CAP-like_CFAP184,47.19299964904785,clan average
CL0202,GBD,38.45146891966387,,PF23449,CBM-like_CFAP184,38.45146891966387,clan average
CL0110,GT-A,34.54581239323872,,PF23452,HPAT,34.54581239323872,clan average
CL0187,LysM,31.901580333709717,,PF23457,LysM2_NFP,31.901580333709717,clan average
CL0187,LysM,31.901580333709717,,PF23462,LysM3_NFP,31.901580333709717,clan average
CL0187,LysM,31.901580333709717,,PF23472,LysM2_CERK1_LYK3_4_5,31.901580333709717,clan average
CL0159,E-set,39.30318005993802,,PF23481,Ig_TMEM132_2nd,39.30318005993802,clan average
CL0159,E-set,39.30318005993802,,PF23486,Ig_TMEM132_5th,39.30318005993802,clan average
CL0159,E-set,39.30318005993802,,PF23487,Ig_TMEM132_6th,39.30318005993802,clan average
CL0186,Beta_propeller,21.67085124951681,,PF23500,DUF7133,21.67085124951681,clan average
CL0026,CU_oxidase,37.06352279668489,,PF23509,MSMEG_3727_PQQ-assoc,37.06352279668489,clan average
CL0202,GBD,38.45146891966387,,PF23524,MGAT4A_C,38.45146891966387,clan average
CL0063,NADP_Rossmann,39.26278572618697,,PF23525,Methyltransf_36,39.26278572618697,clan average
CL0123,CL0123,26.143931567951604,,PF23526,AprA_N,26.143931567951604,clan average
CL0020,TPR,20.933170225539683,,PF23553,NELF-A_N,20.933170225539683,clan average
CL0020,TPR,20.933170225539683,,PF23558,TPR_P4H,20.933170225539683,clan average
CL0123,CL0123,26.143931567951604,,PF23559,WHD_DRP,26.143931567951604,clan average
CL0202,GBD,38.45146891966387,,PF23560,GBD_Hemicentin,38.45146891966387,clan average
CL0361,CL0361,19.612287324340578,,PF23561,zf-C2H2_15,19.612287324340578,clan average
CL0220,CL0220,19.573838134150012,,PF23564,EF-hand_FSTL1,19.573838134150012,clan average
CL0023,P-loop_NTPase,49.395498104103346,,PF23569,NBD_SMAX1,49.395498104103346,clan average
CL0229,RING,23.531313780228857,,PF23570,PHD_P300,23.531313780228857,clan average
CL0361,CL0361,19.612287324340578,,PF23573,zf-C2H2_PRDM15,19.612287324340578,clan average
CL0361,CL0361,19.612287324340578,,PF23574,zf-C2H2_ZNF142_18,19.612287324340578,clan average
CL0187,LysM,31.901580333709717,,PF23577,LysM_RLK,31.901580333709717,clan average
CL0361,CL0361,19.612287324340578,,PF23580,Znf_XAF1_N,19.612287324340578,clan average
CL0123,CL0123,26.143931567951604,,PF23582,WHD_RGF3,26.143931567951604,clan average
CL0220,CL0220,19.573838134150012,,PF23583,EF_HAND_2_PLCG,19.573838134150012,clan average
CL0186,Beta_propeller,21.67085124951681,,PF23586,Beta-prop_NWD2_C,21.67085124951681,clan average
CL0123,CL0123,26.143931567951604,,PF23588,HTH_CHD1_Hrp3,26.143931567951604,clan average
CL0123,CL0123,26.143931567951604,,PF23589,WHD_AprA,26.143931567951604,clan average
CL0287,Transthyretin,45.35773909364972,,PF23591,CILP,45.35773909364972,clan average
CL0020,TPR,20.933170225539683,,PF23593,HEAT_ATR,20.933170225539683,clan average
CL0168,PAN,28.44032639879515,,PF23597,KIAA0319_N,28.44032639879515,clan average
CL0159,E-set,39.30318005993802,,PF23604,Ig_TRAPPC10,39.30318005993802,clan average
CL0159,E-set,39.30318005993802,,PF23608,Ig_ILCR1,39.30318005993802,clan average
CL0186,Beta_propeller,21.67085124951681,,PF23609,Beta-prop_EIPR1,21.67085124951681,clan average
CL0361,CL0361,19.612287324340578,,PF23611,zf-C2H2_16,19.612287324340578,clan average
CL0361,CL0361,19.612287324340578,,PF23612,zf-C2H2_ZN142,19.612287324340578,clan average
CL0159,E-set,39.30318005993802,,PF23616,Ig_GEX2_N,39.30318005993802,clan average
CL0220,CL0220,19.573838134150012,,PF23617,EF-hand_15,19.573838134150012,clan average
CL0159,E-set,39.30318005993802,,PF23619,Ig_VWA7,39.30318005993802,clan average
CL0960,CL0960,22.044313265744545,,PF23620,KIAA0319,22.044313265744545,clan average
CL0202,GBD,38.45146891966387,,PF23623,GBD_IRG7_N,38.45146891966387,clan average
CL0186,Beta_propeller,21.67085124951681,,PF23635,Beta-prop_AT5G49610-like,21.67085124951681,clan average
CL0541,CL0541,14.440437147122662,,PF23638,DUF7145,14.440437147122662,clan average
CL0159,E-set,39.30318005993802,,PF23646,IgD2_Trs65,39.30318005993802,clan average
CL0159,E-set,39.30318005993802,,PF23647,TRAPPC13_M,39.30318005993802,clan average
CL0389,CL0389,34.599674329762465,,PF23651,TRAF_BTBD17,34.599674329762465,clan average
CL0229,RING,23.531313780228857,,PF23663,Znf_SCAND3,23.531313780228857,clan average
CL0159,E-set,39.30318005993802,,PF23664,Ig_Pom152,39.30318005993802,clan average
CL0164,CUB,37.19532806928234,,PF23665,CDCP1_CUB_6,37.19532806928234,clan average
CL0164,CUB,37.19532806928234,,PF23667,CUB_CDCP1_1,37.19532806928234,clan average
CL0164,CUB,37.19532806928234,,PF23668,CUB_CDCP1_2,37.19532806928234,clan average
CL0123,CL0123,26.143931567951604,,PF23669,WHD_MCM2,26.143931567951604,clan average
CL0123,CL0123,26.143931567951604,,PF23671,HTH_70,26.143931567951604,clan average
CL0123,CL0123,26.143931567951604,,PF23704,WHD_GTF3C1_N,26.143931567951604,clan average
CL0123,CL0123,26.143931567951604,,PF23713,WHD_Egal,26.143931567951604,clan average
CL0108,Actin_ATPase,53.90403366088867,,PF23717,DUF7159,53.90403366088867,clan average
CL0159,E-set,39.30318005993802,,PF23722,Beta-sand_DEX1,39.30318005993802,clan average
CL0186,Beta_propeller,21.67085124951681,,PF23726,Beta-prop_RSE1_2nd,21.67085124951681,clan average
CL0186,Beta_propeller,21.67085124951681,,PF23727,Beta-prop_FAM234A_B,21.67085124951681,clan average
CL0128,vWA-like,49.95459311089533,,PF23734,DUF7163,49.95459311089533,clan average
CL0123,CL0123,26.143931567951604,,PF23737,HTH_71,26.143931567951604,clan average
CL0123,CL0123,26.143931567951604,,PF23739,HTH_72,26.143931567951604,clan average
CL0110,GT-A,34.54581239323872,,PF23741,DUF7164,34.54581239323872,clan average
CL0186,Beta_propeller,21.67085124951681,,PF23743,Beta-prop_BBS7,21.67085124951681,clan average
CL0186,Beta_propeller,21.67085124951681,,PF23748,Beta-prop_LRRK2,21.67085124951681,clan average
CL0186,Beta_propeller,21.67085124951681,,PF23749,DUF7165,21.67085124951681,clan average
CL0186,Beta_propeller,21.67085124951681,,PF23751,Beta-prop_WDR11_1st,21.67085124951681,clan average
CL0186,Beta_propeller,21.67085124951681,,PF23752,Beta-prop_WDR11_2nd,21.67085124951681,clan average
CL0186,Beta_propeller,21.67085124951681,,PF23754,Beta-prop_IP5PC_F,21.67085124951681,clan average
CL0159,E-set,39.30318005993802,,PF23755,Ig-like_IP5PC_F,39.30318005993802,clan average
CL0186,Beta_propeller,21.67085124951681,,PF23756,Beta-prop_HPS5,21.67085124951681,clan average
CL0202,GBD,38.45146891966387,,PF23759,GBD_T9SS_assoc,38.45146891966387,clan average
CL0186,Beta_propeller,21.67085124951681,,PF23760,Beta-prop_DCAF12,21.67085124951681,clan average
CL0186,Beta_propeller,21.67085124951681,,PF23761,Beta-prop_DCAF4,21.67085124951681,clan average
CL0186,Beta_propeller,21.67085124951681,,PF23769,Beta-prop_WDR75_2nd,21.67085124951681,clan average
CL0186,Beta_propeller,21.67085124951681,,PF23797,Beta-prop_ELP1_2nd,21.67085124951681,clan average
CL0186,Beta_propeller,21.67085124951681,,PF23798,Beta-prop_SPT8,21.67085124951681,clan average
CL0128,vWA-like,49.95459311089533,,PF23822,DUF7192,49.95459311089533,clan average
CL0202,GBD,38.45146891966387,,PF23844,NCTSP_N,38.45146891966387,clan average
CL0036,CL0036,47.817104032709544,,PF23845,TIM-barrel_NCTSP,47.817104032709544,clan average
CL0165,Cache,45.265474438507106,,PF23846,Cache_WalK,45.265474438507106,clan average
CL0036,CL0036,47.817104032709544,,PF23859,DpdA,47.817104032709544,clan average
CL0159,E-set,39.30318005993802,,PF23860,Ribophorin_II_3rd,39.30318005993802,clan average
CL0159,E-set,39.30318005993802,,PF23861,Ribophorin_II_2nd,39.30318005993802,clan average
CL0126,Peptidase_MA,36.71989303811342,,PF23866,DUF7224,36.71989303811342,clan average
CL0023,P-loop_NTPase,49.395498104103346,,PF23867,Mmc1_N,49.395498104103346,clan average
CL0186,Beta_propeller,21.67085124951681,,PF23869,Beta-prop_WDR75_1st,21.67085124951681,clan average
CL0123,CL0123,26.143931567951604,,PF23870,DUF7225,26.143931567951604,clan average
CL0159,E-set,39.30318005993802,,PF23892,Ig_CycH,39.30318005993802,clan average
CL0369,GHD,27.770430530606422,,PF23915,SusG_C,27.770430530606422,clan average
CL0036,CL0036,47.817104032709544,,PF23916,TIM-barrel_EndoS,47.817104032709544,clan average
CL0100,C1q_TNF,28.56269966287816,,PF23918,DUF7257,28.56269966287816,clan average
CL0202,GBD,38.45146891966387,,PF23972,DUF7298,38.45146891966387,clan average
CL0033,CL0033,32.491583815673984,,PF23998,BTB_BTBDG,32.491583815673984,clan average
CL0123,CL0123,26.143931567951604,,PF24001,DUF7317,26.143931567951604,clan average
CL0322,CL0322,58.84219196478643,,PF24006,SCAP_N,58.84219196478643,clan average
CL0268,Pec_lyase-like,59.950592041015625,,PF24016,DUF7330,59.950592041015625,clan average
CL0186,Beta_propeller,21.67085124951681,,PF24017,Beta-prop_SCAP,21.67085124951681,clan average
CL0287,Transthyretin,45.35773909364972,,PF24025,Ig_DR_A0283-like,45.35773909364972,clan average
CL0123,CL0123,26.143931567951604,,PF24034,DUF7343,26.143931567951604,clan average
CL0123,CL0123,26.143931567951604,,PF24035,DUF7344,26.143931567951604,clan average
CL0123,CL0123,26.143931567951604,,PF24038,DUF7347,26.143931567951604,clan average
CL0159,E-set,39.30318005993802,,PF24041,DUF7350,39.30318005993802,clan average
CL0214,CL0214,28.487959910306852,,PF24044,DUF7353,28.487959910306852,clan average
CL0159,E-set,39.30318005993802,,PF24045,MtxA_N,39.30318005993802,clan average
CL0159,E-set,39.30318005993802,,PF24053,DUF7356,39.30318005993802,clan average
CL0361,CL0361,19.612287324340578,,PF24056,zf-C2H2_ZFHX3,19.612287324340578,clan average
CL0159,E-set,39.30318005993802,,PF24058,DUF7359,39.30318005993802,clan average
CL0144,Periplas_BP,59.400154176035784,,PF24061,LBD_receptor,59.400154176035784,clan average
CL0159,E-set,39.30318005993802,,PF24063,DUF7363,39.30318005993802,clan average
CL0123,CL0123,26.143931567951604,,PF24064,HTH_NPRL3,26.143931567951604,clan average
CL0186,Beta_propeller,21.67085124951681,,PF24067,Beta-prop_BT_1020,21.67085124951681,clan average
CL0159,E-set,39.30318005993802,,PF24068,TPD1_C,39.30318005993802,clan average
CL0268,Pec_lyase-like,59.950592041015625,,PF24078,Beta-sol_PIC_HAP1_IgA0_2nd,59.950592041015625,clan average
CL0202,GBD,38.45146891966387,,PF24086,DUF7371,38.45146891966387,clan average
CL0070,CL0070,66.56825862975452,,PF24093,DUF7377,66.56825862975452,clan average
CL0028,AB_hydrolase,52.59920164328964,,PF24096,DUF7379,52.59920164328964,clan average
CL0123,CL0123,26.143931567951604,,PF24101,WHD_GTF3C1,26.143931567951604,clan average
CL0020,TPR,20.933170225539683,,PF24104,At5g52880_ARM,20.933170225539683,clan average
CL0186,Beta_propeller,21.67085124951681,,PF24105,Beta-prop_CAF1B_HIR1,21.67085124951681,clan average
CL0186,Beta_propeller,21.67085124951681,,PF24106,Beta-prop_EDC4L,21.67085124951681,clan average
CL0159,E-set,39.30318005993802,,PF24107,DUF7382,39.30318005993802,clan average
CL0202,GBD,38.45146891966387,,PF24108,DUF7383,38.45146891966387,clan average
CL0036,CL0036,47.817104032709544,,PF24114,DUF7388,47.817104032709544,clan average
CL0202,GBD,38.45146891966387,,PF24135,DUF7402,38.45146891966387,clan average
CL0020,TPR,20.933170225539683,,PF24138,TPR_TNPO3_IPO13_2nd,20.933170225539683,clan average
CL0020,TPR,20.933170225539683,,PF24139,TPR_TNPO3_IPO13_4th,20.933170225539683,clan average
CL0020,TPR,20.933170225539683,,PF24140,TPR_TNPO3_IPO13_3rd,20.933170225539683,clan average
CL0159,E-set,39.30318005993802,,PF24142,Beta-sand_ComC_1st,39.30318005993802,clan average
CL0159,E-set,39.30318005993802,,PF24143,Beta-sand_ComC_2nd,39.30318005993802,clan average
CL0154,C2,44.17300686820718,,PF24147,C2_SHIP1-2_2nd,44.17300686820718,clan average
CL0154,C2,44.17300686820718,,PF24150,C2_SHIP1-2_first,44.17300686820718,clan average
CL0159,E-set,39.30318005993802,,PF24156,DUF7407,39.30318005993802,clan average
CL0361,CL0361,19.612287324340578,,PF24166,DUF7410,19.612287324340578,clan average
CL0159,E-set,39.30318005993802,,PF24169,Fn3-I_PB4,39.30318005993802,clan average
CL0159,E-set,39.30318005993802,,PF24170,Fn3-II_PB4,39.30318005993802,clan average
CL0159,E-set,39.30318005993802,,PF24171,Fn3-III_PB4,39.30318005993802,clan average
CL0023,P-loop_NTPase,49.395498104103346,,PF24179,NTE_Ploop,49.395498104103346,clan average
CL0159,E-set,39.30318005993802,,PF24189,Ig_RSC4,39.30318005993802,clan average
CL0066,Trefoil,35.92321202056283,,PF24208,Beta-tre_PLH30,35.92321202056283,clan average
CL0159,E-set,39.30318005993802,,PF24221,Fn3_nematode,39.30318005993802,clan average
CL0123,CL0123,26.143931567951604,,PF24250,HVO_2718,26.143931567951604,clan average
CL0186,Beta_propeller,21.67085124951681,,PF24251,DUF7453,21.67085124951681,clan average
CL0123,CL0123,26.143931567951604,,PF24266,HTH_HVO_0163_N,26.143931567951604,clan average
CL0159,E-set,39.30318005993802,,PF24291,Ig_CFAP65,39.30318005993802,clan average
CL0186,Beta_propeller,21.67085124951681,,PF24303,DUF7485,21.67085124951681,clan average
CL0159,E-set,39.30318005993802,,PF24306,THSD1_N,39.30318005993802,clan average
CL0159,E-set,39.30318005993802,,PF24310,THSD1_D2,39.30318005993802,clan average
CL0159,E-set,39.30318005993802,,PF24311,THSD1_D3,39.30318005993802,clan average
CL0159,E-set,39.30318005993802,,PF24312,Ig-like_POM152,39.30318005993802,clan average
CL0630,PSI,24.292384766783574,,PF24317,PSI_Plexin-B,24.292384766783574,clan average
CL0159,E-set,39.30318005993802,,PF24318,DUF7490,39.30318005993802,clan average
CL0028,AB_hydrolase,52.59920164328964,,PF24322,Tle3,52.59920164328964,clan average
CL0056,C_Lectin,29.746108227159635,,PF24325,DUF7495,29.746108227159635,clan average
CL0159,E-set,39.30318005993802,,PF24326,DUF7496,39.30318005993802,clan average
CL0159,E-set,39.30318005993802,,PF24327,DUF7497,39.30318005993802,clan average
CL0159,E-set,39.30318005993802,,PF24328,DUF7498,39.30318005993802,clan average
CL0361,CL0361,19.612287324340578,,PF24333,DUF7501,19.612287324340578,clan average
CL0023,P-loop_NTPase,49.395498104103346,,PF24336,DUF7504,49.395498104103346,clan average
CL0159,E-set,39.30318005993802,,PF24346,CLIPPER_2,39.30318005993802,clan average
CL0498,Nribosyltransf,43.3914988381522,,PF24349,DUF7509,43.3914988381522,clan average
CL0123,CL0123,26.143931567951604,,PF24356,WHD_PARP12,26.143931567951604,clan average
CL0123,CL0123,26.143931567951604,,PF24359,DUF7515,26.143931567951604,clan average
CL0123,CL0123,26.143931567951604,,PF24360,DUF7516,26.143931567951604,clan average
CL0159,E-set,39.30318005993802,,PF24368,DUF7524,39.30318005993802,clan average
CL0159,E-set,39.30318005993802,,PF24384,Ig_TMM62,39.30318005993802,clan average
CL0063,NADP_Rossmann,39.26278572618697,,PF24403,iSirtuin,39.26278572618697,clan average
CL0023,P-loop_NTPase,49.395498104103346,,PF24406,nSTAND_NTPase4,49.395498104103346,clan average
CL0123,CL0123,26.143931567951604,,PF24407,HTH_upst_double_PIN,26.143931567951604,clan average
CL0123,CL0123,26.143931567951604,,PF24408,wHTH-Calcineurin_assc,26.143931567951604,clan average
CL0123,CL0123,26.143931567951604,,PF24409,wHTH-PRTase_assc,26.143931567951604,clan average
CL0123,CL0123,26.143931567951604,,PF24410,wHTH-HSP90_Na-assoc,26.143931567951604,clan average
CL0159,E-set,39.30318005993802,,PF24415,Ig_Irg-7,39.30318005993802,clan average
CL0375,Transporter,56.91298176266927,,PF24417,DUF7549,56.91298176266927,clan average
CL0159,E-set,39.30318005993802,,PF24421,Ig_J,39.30318005993802,clan average
CL0159,E-set,39.30318005993802,,PF24425,Ig_GP210_15th,39.30318005993802,clan average
CL0123,CL0123,26.143931567951604,,PF24426,HTH_NDX,26.143931567951604,clan average
CL0159,E-set,39.30318005993802,,PF24427,Ig_GP210_16th,39.30318005993802,clan average
CL0159,E-set,39.30318005993802,,PF24462,Ig_F54D1_6,39.30318005993802,clan average
CL0159,E-set,39.30318005993802,,PF24464,Ig_F54D1_6_2,39.30318005993802,clan average
CL0123,CL0123,26.143931567951604,,PF24465,Tri-helical,26.143931567951604,clan average
CL0172,Thioredoxin,39.25019227930494,,PF24470,Thiored_Isochorism,39.25019227930494,clan average
CL0020,TPR,20.933170225539683,,PF24472,ARM_KDM8_N,20.933170225539683,clan average
CL0159,E-set,39.30318005993802,,PF24474,DUF7579,39.30318005993802,clan average
CL0016,PKinase,54.43067383486503,,PF24476,DUF7580,54.43067383486503,clan average
CL0361,CL0361,19.612287324340578,,PF24485,zf-C2H2_DHX34,19.612287324340578,clan average
CL0159,E-set,39.30318005993802,,PF24486,DUF7583,39.30318005993802,clan average
CL0159,E-set,39.30318005993802,,PF24488,DUF7584,39.30318005993802,clan average
CL0159,E-set,39.30318005993802,,PF24489,Ig_J_second,39.30318005993802,clan average
CL0159,E-set,39.30318005993802,,PF24490,DUF7585,39.30318005993802,clan average
CL0159,E-set,39.30318005993802,,PF24495,Ig_TMEM131_2,39.30318005993802,clan average
CL0159,E-set,39.30318005993802,,PF24498,Ig_TMEM131L_3,39.30318005993802,clan average
CL0159,E-set,39.30318005993802,,PF24499,Ig_TMEM131L_4,39.30318005993802,clan average
CL0159,E-set,39.30318005993802,,PF24501,Ig_TMEM131L_5,39.30318005993802,clan average
CL0159,E-set,39.30318005993802,,PF24502,Ig_TMEM131homol_3rd,39.30318005993802,clan average
CL0202,GBD,38.45146891966387,,PF24503,DUF7590,38.45146891966387,clan average
CL0186,Beta_propeller,21.67085124951681,,PF24504,Rod_N,21.67085124951681,clan average
CL0159,E-set,39.30318005993802,,PF24505,Ig_TMEM131homol_6th,39.30318005993802,clan average
CL0186,Beta_propeller,21.67085124951681,,PF24506,KNTC1_N,21.67085124951681,clan average
CL0159,E-set,39.30318005993802,,PF24507,Ig_CFAP65_4th,39.30318005993802,clan average
CL0172,Thioredoxin,39.25019227930494,,PF24508,TXNDC16_N,39.25019227930494,clan average
CL0172,Thioredoxin,39.25019227930494,,PF24509,TXNDC16_2nd,39.25019227930494,clan average
CL0172,Thioredoxin,39.25019227930494,,PF24510,TXNDC16_3rd,39.25019227930494,clan average
CL0164,CUB,37.19532806928234,,PF24511,DUF7591,37.19532806928234,clan average
CL0164,CUB,37.19532806928234,,PF24512,DUF7592,37.19532806928234,clan average
CL0287,Transthyretin,45.35773909364972,,PF24514,SpaA_4,45.35773909364972,clan average
CL0159,E-set,39.30318005993802,,PF24519,Ig-like_Pom152_1,39.30318005993802,clan average
CL0186,Beta_propeller,21.67085124951681,,PF24523,DUF7595,21.67085124951681,clan average
CL0159,E-set,39.30318005993802,,PF24527,Ig-like_Pom152_9,39.30318005993802,clan average
CL0159,E-set,39.30318005993802,,PF24528,Ig_ADGRF3,39.30318005993802,clan average
CL0123,CL0123,26.143931567951604,,PF24533,Tri-helical_Ada2b_C,26.143931567951604,clan average
CL0264,SGNH_hydrolase,54.3363812310355,,PF24536,NXPE4_C,54.3363812310355,clan average
CL0361,CL0361,19.612287324340578,,PF24537,zf-C2H2_fungi,19.612287324340578,clan average
CL0361,CL0361,19.612287324340578,,PF24540,zf-C2H2_REST,19.612287324340578,clan average
CL0172,Thioredoxin,39.25019227930494,,PF24541,Thioredox_PDIA6_C,39.25019227930494,clan average
CL0159,E-set,39.30318005993802,,PF24542,Ig_TPPC8_C,39.30318005993802,clan average
CL0159,E-set,39.30318005993802,,PF24544,Ig_TPPC8_2nd,39.30318005993802,clan average
CL0159,E-set,39.30318005993802,,PF24546,Ig_TPPC8_3rd,39.30318005993802,clan average
CL0287,Transthyretin,45.35773909364972,,PF24547,DUF7601,45.35773909364972,clan average
CL0220,CL0220,19.573838134150012,,PF24548,EF_EFCAB10_C,19.573838134150012,clan average
CL0123,CL0123,26.143931567951604,,PF24549,DUF7602,26.143931567951604,clan average
CL0214,CL0214,28.487959910306852,,PF24559,UBA_RAD5A,28.487959910306852,clan average
CL0361,CL0361,19.612287324340578,,PF24560,zf-C2H2_OTU1_C,19.612287324340578,clan average
CL0066,Trefoil,35.92321202056283,,PF24569,CFAP161,35.92321202056283,clan average
CL0033,CL0033,32.491583815673984,,PF24570,BACK_BPM_SPOP,32.491583815673984,clan average
CL0020,TPR,20.933170225539683,,PF24575,TPR_Slam,20.933170225539683,clan average
CL0144,Periplas_BP,59.400154176035784,,PF24576,IR75A_N,59.400154176035784,clan average
CL0159,E-set,39.30318005993802,,PF24584,Ig_CYK3_C,39.30318005993802,clan average
CL0159,E-set,39.30318005993802,,PF24593,DUF7617,39.30318005993802,clan average
CL0159,E-set,39.30318005993802,,PF24595,DUF7619,39.30318005993802,clan average
CL0020,TPR,20.933170225539683,,PF24603,TPR_30,20.933170225539683,clan average
CL0202,GBD,38.45146891966387,,PF24607,CBM_AftD,38.45146891966387,clan average
CL0220,CL0220,19.573838134150012,,PF24609,IQ_SCN5A_C,19.573838134150012,clan average
CL0159,E-set,39.30318005993802,,PF24612,Ig_TgrO1,39.30318005993802,clan average
CL0001,EGF,28.046989523881532,,PF24613,EGF_Hmr-1,28.046989523881532,clan average
CL0159,E-set,39.30318005993802,,PF24619,Ig_SibA,39.30318005993802,clan average
CL0123,CL0123,26.143931567951604,,PF24620,DUF7625,26.143931567951604,clan average
CL0123,CL0123,26.143931567951604,,PF24625,DUF7626,26.143931567951604,clan average
CL0159,E-set,39.30318005993802,,PF24631,DUF7628,39.30318005993802,clan average
CL0159,E-set,39.30318005993802,,PF24632,DUF7629,39.30318005993802,clan average
CL0607,TNF_receptor,25.633068775086123,,PF24633,DUF7630,25.633068775086123,clan average
CL0607,TNF_receptor,25.633068775086123,,PF24634,DUF7631,25.633068775086123,clan average
CL0159,E-set,39.30318005993802,,PF24636,DUF7633,39.30318005993802,clan average
CL0159,E-set,39.30318005993802,,PF24639,DUF7634,39.30318005993802,clan average
CL0186,Beta_propeller,21.67085124951681,,PF24640,DUF7635,21.67085124951681,clan average
CL0659,CAP,47.19299964904785,,PF24652,CEP76_C,47.19299964904785,clan average
CL0123,CL0123,26.143931567951604,,PF24657,DUF7646,26.143931567951604,clan average
CL0159,E-set,39.30318005993802,,PF24665,DUF7652,39.30318005993802,clan average
CL0361,CL0361,19.612287324340578,,PF24666,zf-C2H2_fungi_2,19.612287324340578,clan average
CL0293,CL0293,108.55528087486567,,PF24674,MACPF_SNTX,108.55528087486567,clan average
CL0063,NADP_Rossmann,39.26278572618697,,PF24675,NpmA,39.26278572618697,clan average
CL0172,Thioredoxin,39.25019227930494,,PF24676,DUF7656,39.25019227930494,clan average
CL0181,ABC-2,93.01661087463258,,PF24686,FLQE3_permease,93.01661087463258,clan average
CL0110,GT-A,34.54581239323872,,PF24688,SseK_NleB,34.54581239323872,clan average
CL0159,E-set,39.30318005993802,,PF24690,NTCP5_P3_N,39.30318005993802,clan average
CL0137,HAD,36.67203203138414,,PF24694,LNS2_PITM1-3,36.67203203138414,clan average
CL0287,Transthyretin,45.35773909364972,,PF24695,PITM1-3,45.35773909364972,clan average
CL0353,CL0353,41.99184670405509,,PF24700,Vein_beta-barrel,41.99184670405509,clan average
CL0123,CL0123,26.143931567951604,,PF24706,DUF7669,26.143931567951604,clan average
CL0028,AB_hydrolase,52.59920164328964,,PF24708,Lip_C,52.59920164328964,clan average
CL0020,TPR,20.933170225539683,,PF24713,TOR1L1_C,20.933170225539683,clan average
CL0123,CL0123,26.143931567951604,,PF24718,HTH_73,26.143931567951604,clan average
CL0123,CL0123,26.143931567951604,,PF24744,CARF-assoc_HTH,26.143931567951604,clan average
CL0186,Beta_propeller,21.67085124951681,,PF24750,b-prop_At3g26010-like,21.67085124951681,clan average
CL0361,CL0361,19.612287324340578,,PF24757,C2H2_ASCIZ,19.612287324340578,clan average
CL0361,CL0361,19.612287324340578,,PF24759,C2HC_ASCIZ,19.612287324340578,clan average
CL0020,TPR,20.933170225539683,,PF24760,TPR_IF140_C,20.933170225539683,clan average
CL0361,CL0361,19.612287324340578,,PF24761,C2H2_ASCIZ_4th,19.612287324340578,clan average
CL0202,GBD,38.45146891966387,,PF24765,SAC9_C,38.45146891966387,clan average
CL0214,CL0214,28.487959910306852,,PF24767,UBA_At5g58720,28.487959910306852,clan average
CL0159,E-set,39.30318005993802,,PF24770,Ig-CFAP74_2,39.30318005993802,clan average
CL0159,E-set,39.30318005993802,,PF24771,Ig_CFAP74_1st,39.30318005993802,clan average
CL0159,E-set,39.30318005993802,,PF24778,Ig-CFAP74_3rd,39.30318005993802,clan average
CL0186,Beta_propeller,21.67085124951681,,PF24780,WD40_MABP1-WDR62_1st,21.67085124951681,clan average
CL0186,Beta_propeller,21.67085124951681,,PF24782,WD40_MABP1-WDR62_2nd,21.67085124951681,clan average
CL0113,GT-B,39.69306779022893,,PF24785,RXYLT1_C,39.69306779022893,clan average
CL0023,P-loop_NTPase,49.395498104103346,,PF24786,RXYLT1_N,49.395498104103346,clan average
CL0202,GBD,38.45146891966387,,PF24789,SAC9_GBDL_2nd,38.45146891966387,clan average
CL0202,GBD,38.45146891966387,,PF24790,SAC9_GBDL_1st,38.45146891966387,clan average
CL0186,Beta_propeller,21.67085124951681,,PF24796,WDR55,21.67085124951681,clan average
CL0186,Beta_propeller,21.67085124951681,,PF24797,Beta-prop_WDR35_TULP_N,21.67085124951681,clan average
CL0159,E-set,39.30318005993802,,PF24798,Ig-CFAP74_4th,39.30318005993802,clan average
CL0202,GBD,38.45146891966387,,PF24801,FNIII-A_GpJ,38.45146891966387,clan average
CL0192,GPCR_A,61.321635356404734,,PF24802,DUF7703,61.321635356404734,clan average
CL0186,Beta_propeller,21.67085124951681,,PF24805,EIF3I,21.67085124951681,clan average
CL0186,Beta_propeller,21.67085124951681,,PF24807,WD40_CDC20-Fz,21.67085124951681,clan average
CL0123,CL0123,26.143931567951604,,PF24810,RBD_LARS1,26.143931567951604,clan average
CL0159,E-set,39.30318005993802,,PF24811,Ig_Shg,39.30318005993802,clan average
CL0186,Beta_propeller,21.67085124951681,,PF24814,WD40_Prp19,21.67085124951681,clan average
CL0159,E-set,39.30318005993802,,PF24816,Ig_CFAP65__9th,39.30318005993802,clan average
CL0186,Beta_propeller,21.67085124951681,,PF24817,WD40_WDHD1_1st,21.67085124951681,clan average
CL0123,CL0123,26.143931567951604,,PF24851,DUF7725,26.143931567951604,clan average
CL0123,CL0123,26.143931567951604,,PF24852,DUF7726,26.143931567951604,clan average
CL0063,NADP_Rossmann,39.26278572618697,,PF24857,THR4_C,39.26278572618697,clan average
CL0364,Leu-IlvD,34.406701321504556,,PF24877,ILV_EDD_C,34.406701321504556,clan average
CL0123,CL0123,26.143931567951604,,PF24882,WHD_ORC2,26.143931567951604,clan average
CL0023,P-loop_NTPase,49.395498104103346,,PF24883,NPHP3_N,49.395498104103346,clan average
CL0001,EGF,28.046989523881532,,PF24887,EGF_STAB1-2,28.046989523881532,clan average
CL0159,E-set,39.30318005993802,,PF24893,DUF7743,39.30318005993802,clan average
CL0214,CL0214,28.487959910306852,,PF24899,UBA_DHX29,28.487959910306852,clan average
CL0123,CL0123,26.143931567951604,,PF24901,WHD_MCM7,26.143931567951604,clan average
CL0159,E-set,39.30318005993802,,PF24902,Ig_NUP210_9th,39.30318005993802,clan average
CL0159,E-set,39.30318005993802,,PF24907,SIBA-E_N,39.30318005993802,clan average
CL0159,E-set,39.30318005993802,,PF24908,Ig_SIBA-E_2nd,39.30318005993802,clan average
CL0128,vWA-like,49.95459311089533,,PF24909,vWA_SIBA-E,49.95459311089533,clan average
CL0159,E-set,39.30318005993802,,PF24910,Ig_SIBA-E_3rd,39.30318005993802,clan average
CL0070,CL0070,66.56825862975452,,PF24914,ACR10_N,66.56825862975452,clan average
CL0020,TPR,20.933170225539683,,PF24916,HEAT_GCN1_fung,20.933170225539683,clan average
CL0154,C2,44.17300686820718,,PF24920,C2_TCB1,44.17300686820718,clan average
CL0070,CL0070,66.56825862975452,,PF24926,ACT_ACR9_C,66.56825862975452,clan average
CL0070,CL0070,66.56825862975452,,PF24931,ACT_ACR9_3rd,66.56825862975452,clan average
CL0214,CL0214,28.487959910306852,,PF24932,UBA_NBR1_C,28.487959910306852,clan average
CL0159,E-set,39.30318005993802,,PF24935,Ig_NUP210_6th,39.30318005993802,clan average
CL0033,CL0033,32.491583815673984,,PF24937,DUF7754,32.491583815673984,clan average
CL0389,CL0389,34.599674329762465,,PF24939,DUF7756,34.599674329762465,clan average
CL0159,E-set,39.30318005993802,,PF24940,Fn3_Dep-1_5th,39.30318005993802,clan average
CL0389,CL0389,34.599674329762465,,PF24941,DUF7757,34.599674329762465,clan average
CL0159,E-set,39.30318005993802,,PF24942,Fn3_Dep-1_1st,39.30318005993802,clan average
CL0159,E-set,39.30318005993802,,PF24943,Fn3_Dep-1_2nd,39.30318005993802,clan average
CL0020,TPR,20.933170225539683,,PF24944,DUF7758,20.933170225539683,clan average
CL0159,E-set,39.30318005993802,,PF24946,Fn3_Dep-1_4th,39.30318005993802,clan average
CL0159,E-set,39.30318005993802,,PF24950,Fn3_Dep-1_6th,39.30318005993802,clan average
CL0020,TPR,20.933170225539683,,PF24959,FH3_FHOD1-3,20.933170225539683,clan average
CL0498,Nribosyltransf,43.3914988381522,,PF24963,DUF7768,43.3914988381522,clan average
CL0159,E-set,39.30318005993802,,PF24966,Ig_TR130_2nd,39.30318005993802,clan average
CL0202,GBD,38.45146891966387,,PF24972,GBD_ATRN,38.45146891966387,clan average
CL0287,Transthyretin,45.35773909364972,,PF24974,DUF7771,45.35773909364972,clan average
CL0214,CL0214,28.487959910306852,,PF24975,UBA_Rad5,28.487959910306852,clan average
CL0186,Beta_propeller,21.67085124951681,,PF24981,Beta-prop_ATRN-LZTR1,21.67085124951681,clan average
CL0020,TPR,20.933170225539683,,PF24984,HEAT_EF3_GNC1,20.933170225539683,clan average
CL0159,E-set,39.30318005993802,,PF24991,Ig_NUP210_4th,39.30318005993802,clan average
CL0020,TPR,20.933170225539683,,PF24993,GNC1_N,20.933170225539683,clan average
CL0186,Beta_propeller,21.67085124951681,,PF24996,NANM,21.67085124951681,clan average
CL0123,CL0123,26.143931567951604,,PF25000,DUF7779,26.143931567951604,clan average
CL0110,GT-A,34.54581239323872,,PF25002,DUF7780,34.54581239323872,clan average
CL0001,EGF,28.046989523881532,,PF25016,EGF_Pikachurin,28.046989523881532,clan average
CL0361,CL0361,19.612287324340578,,PF25017,zf-C2HC_3,19.612287324340578,clan average
CL0214,CL0214,28.487959910306852,,PF25025,EF-Ts_N,28.487959910306852,clan average
CL0001,EGF,28.046989523881532,,PF25027,EGF1_RECK,28.046989523881532,clan average
CL0128,vWA-like,49.95459311089533,,PF25043,DUF7788,49.95459311089533,clan average
CL0128,vWA-like,49.95459311089533,,PF25045,vWA_Ro60,49.95459311089533,clan average
CL0063,NADP_Rossmann,39.26278572618697,,PF25046,DUF7790,39.26278572618697,clan average
CL0186,Beta_propeller,21.67085124951681,,PF25047,Beta-prop_TEP1_2nd,21.67085124951681,clan average
CL0186,Beta_propeller,21.67085124951681,,PF25048,Beta-prop_TEP1_C,21.67085124951681,clan average
CL0123,CL0123,26.143931567951604,,PF25051,WHD_MCM8,26.143931567951604,clan average
CL0229,RING,23.531313780228857,,PF25054,PHD_pln,23.531313780228857,clan average
CL0502,STAS,56.35005836486816,,PF25056,DUF7793,56.35005836486816,clan average
CL0159,E-set,39.30318005993802,,PF25057,CUT_N,39.30318005993802,clan average
CL0088,Alk_phosphatase,45.54647203577954,,PF25070,DUF7794,45.54647203577954,clan average
CL0159,E-set,39.30318005993802,,PF25077,DUF7800,39.30318005993802,clan average
CL0229,RING,23.531313780228857,,PF25080,zf_RING-like,23.531313780228857,clan average
CL0375,Transporter,56.91298176266927,,PF25093,DUF7807,56.91298176266927,clan average
CL0361,CL0361,19.612287324340578,,PF25095,C2H2-zf_KIN17,19.612287324340578,clan average
CL0521,GOLD-like,100.92140126228333,,PF25099,GOLD_PATL1_C,100.92140126228333,clan average
CL0113,GT-B,39.69306779022893,,PF25102,DUF7810,39.69306779022893,clan average
CL0128,vWA-like,49.95459311089533,,PF25106,VWA_4,49.95459311089533,clan average
CL0137,HAD,36.67203203138414,,PF25109,HAD_PNKP,36.67203203138414,clan average
CL0164,CUB,37.19532806928234,,PF25142,CUB_CDCP1_4th,37.19532806928234,clan average
CL0020,TPR,20.933170225539683,,PF25159,DUF7826,20.933170225539683,clan average
CL0004,Concanavalin,41.06090890681649,,PF25161,Menorin_C,41.06090890681649,clan average
CL0214,CL0214,28.487959910306852,,PF25163,UBA_RNF31,28.487959910306852,clan average
CL0186,Beta_propeller,21.67085124951681,,PF25168,Beta-prop_WDR36-Utp21_2nd,21.67085124951681,clan average
CL0020,TPR,20.933170225539683,,PF25170,TPR_WDR35,20.933170225539683,clan average
CL0186,Beta_propeller,21.67085124951681,,PF25172,Beta-prop_WDR3_2nd,21.67085124951681,clan average
CL0186,Beta_propeller,21.67085124951681,,PF25174,Beta-prop_THOC3,21.67085124951681,clan average
CL0186,Beta_propeller,21.67085124951681,,PF25178,Beta-prop_WDR41,21.67085124951681,clan average
CL0264,SGNH_hydrolase,54.3363812310355,,PF25182,NonGDSL,54.3363812310355,clan average
CL0023,P-loop_NTPase,49.395498104103346,,PF25199,nSTAND_NTPase5,49.395498104103346,clan average
CL0023,P-loop_NTPase,49.395498104103346,,PF25201,nSTAND6,49.395498104103346,clan average
CL0186,Beta_propeller,21.67085124951681,,PF25210,Kelch_FKB95,21.67085124951681,clan average
CL0123,CL0123,26.143931567951604,,PF25212,HVO_A0114,26.143931567951604,clan average
CL0123,CL0123,26.143931567951604,,PF25213,HVO_A0261_N,26.143931567951604,clan average
CL0123,CL0123,26.143931567951604,,PF25215,HVO_B0008_C,26.143931567951604,clan average
CL0108,Actin_ATPase,53.90403366088867,,PF25216,Volactin,53.90403366088867,clan average
CL0126,Peptidase_MA,36.71989303811342,,PF25226,DUF7844,36.71989303811342,clan average
CL0108,Actin_ATPase,53.90403366088867,,PF25229,Salactin,53.90403366088867,clan average
CL0202,GBD,38.45146891966387,,PF25235,DUF7850,38.45146891966387,clan average
CL0123,CL0123,26.143931567951604,,PF25239,WHD_CHMP7,26.143931567951604,clan average
CL0159,E-set,39.30318005993802,,PF25248,Ig_CFAP65_8th,39.30318005993802,clan average
CL0159,E-set,39.30318005993802,,PF25249,Ig_CFAP65_7th,39.30318005993802,clan average
CL0123,CL0123,26.143931567951604,,PF25255,WHD_RNase_II,26.143931567951604,clan average
CL0159,E-set,39.30318005993802,,PF25262,DUF7862,39.30318005993802,clan average
CL0220,CL0220,19.573838134150012,,PF25265,USP32_N,19.573838134150012,clan average
CL0202,GBD,38.45146891966387,,PF25275,Golvesin_C,38.45146891966387,clan average
CL0063,NADP_Rossmann,39.26278572618697,,PF25276,DUF7870,39.26278572618697,clan average
CL0186,Beta_propeller,21.67085124951681,,PF25279,Beta_prop_At2g24240,21.67085124951681,clan average
CL0782,CL0782,25.599053828546072,,PF25287,zf-B_box_Trim66,25.599053828546072,clan average
CL0369,GHD,27.770430530606422,,PF25291,CGLA_C,27.770430530606422,clan average
CL0186,Beta_propeller,21.67085124951681,,PF25292,Beta-prop_CGLA,21.67085124951681,clan average
CL0186,Beta_propeller,21.67085124951681,,PF25293,Beta-prop_EMC1_N,21.67085124951681,clan average
CL0088,Alk_phosphatase,45.54647203577954,,PF25294,RENR_N,45.54647203577954,clan average
CL0229,RING,23.531313780228857,,PF25299,ZZ_ADA2,23.531313780228857,clan average
CL0159,E-set,39.30318005993802,,PF25300,Fn3_Dep-1_3rd,39.30318005993802,clan average
CL0159,E-set,39.30318005993802,,PF25301,CUT_C,39.30318005993802,clan average
CL0202,GBD,38.45146891966387,,PF25302,NADase_transloc,38.45146891966387,clan average
CL0123,CL0123,26.143931567951604,,PF25304,WHD_eIF2D,26.143931567951604,clan average
CL0293,CL0293,108.55528087486567,,PF25312,Allergen_Asp_f_4,108.55528087486567,clan average
CL0607,TNF_receptor,25.633068775086123,,PF25314,TNFR_nem,25.633068775086123,clan average
CL0894,CL0894,24.2352748558654,,PF25315,BPTI_nem,24.2352748558654,clan average
CL0159,E-set,39.30318005993802,,PF25316,TAF2_3rd,39.30318005993802,clan average
CL0003,SAM,26.063478920372884,,PF25317,SAM_SMF,26.063478920372884,clan average
CL0123,CL0123,26.143931567951604,,PF25318,WHD_GDS1,26.143931567951604,clan average
CL0220,CL0220,19.573838134150012,,PF25325,EF-hand_EFHB_C,19.573838134150012,clan average
CL0154,C2,44.17300686820718,,PF25329,C2_GDE1,44.17300686820718,clan average
CL0154,C2,44.17300686820718,,PF25330,C2_nem,44.17300686820718,clan average
CL0154,C2,44.17300686820718,,PF25331,C2_Mug190_3rd,44.17300686820718,clan average
CL0154,C2,44.17300686820718,,PF25332,C2_PACS_N,44.17300686820718,clan average
CL0154,C2,44.17300686820718,,PF25334,C2_GRDP,44.17300686820718,clan average
CL0154,C2,44.17300686820718,,PF25336,C2_SYDE,44.17300686820718,clan average
CL0154,C2,44.17300686820718,,PF25337,C2_N_APX,44.17300686820718,clan average
CL0154,C2,44.17300686820718,,PF25338,C2_DCK_4th,44.17300686820718,clan average
CL0154,C2,44.17300686820718,,PF25339,C2_C2CD3_N,44.17300686820718,clan average
CL0154,C2,44.17300686820718,,PF25341,C2_CAPS,44.17300686820718,clan average
CL0110,GT-A,34.54581239323872,,PF25342,GT_PLOD,34.54581239323872,clan average
CL0159,E-set,39.30318005993802,,PF25354,Ig_NUP210_16th,39.30318005993802,clan average
CL0123,CL0123,26.143931567951604,,PF25367,DUF7883,26.143931567951604,clan average
CL0123,CL0123,26.143931567951604,,PF25370,HTH_74,26.143931567951604,clan average
CL0750,CL0750,22.880354385213312,,PF25379,Adt-1,22.880354385213312,clan average
CL0186,Beta_propeller,21.67085124951681,,PF25384,Alsin_RLD,21.67085124951681,clan average
CL0186,Beta_propeller,21.67085124951681,,PF25390,WD40_RLD,21.67085124951681,clan average
CL0186,Beta_propeller,21.67085124951681,,PF25391,WD40_Gbeta,21.67085124951681,clan average
CL0105,CL0105,30.879097315387945,,PF25396,ZNFX1,30.879097315387945,clan average
CL0361,CL0361,19.612287324340578,,PF25403,zf-C2H2_ZFAND2,19.612287324340578,clan average
CL0361,CL0361,19.612287324340578,,PF25412,zf-C2H2_ZNF592,19.612287324340578,clan average
CL0063,NADP_Rossmann,39.26278572618697,,PF25413,Rossman_Mical,39.26278572618697,clan average
CL0361,CL0361,19.612287324340578,,PF25414,zf-C2H2_Z280C_D,19.612287324340578,clan average
CL0001,EGF,28.046989523881532,,PF25415,EGF_BRNP1-3,28.046989523881532,clan average
CL0159,E-set,39.30318005993802,,PF25419,Ig_PIFI,39.30318005993802,clan average
CL0361,CL0361,19.612287324340578,,PF25420,zf-C2H2_ZN292,19.612287324340578,clan average
CL0123,CL0123,26.143931567951604,,PF25423,DUF7893,26.143931567951604,clan average
CL0361,CL0361,19.612287324340578,,PF25429,zf-POGZ,19.612287324340578,clan average
CL0004,Concanavalin,41.06090890681649,,PF25435,PalB_C,41.06090890681649,clan average
CL0186,Beta_propeller,21.67085124951681,,PF25440,Beta-prop_RIC1_2nd,21.67085124951681,clan average
CL0361,CL0361,19.612287324340578,,PF25445,CCHC_ZFPM2,19.612287324340578,clan average
CL0375,Transporter,56.91298176266927,,PF25452,TM225,56.91298176266927,clan average
CL0159,E-set,39.30318005993802,,PF25458,INTS4_C,39.30318005993802,clan average
CL0186,Beta_propeller,21.67085124951681,,PF25460,Beta-prop_Aladin,21.67085124951681,clan average
CL0105,CL0105,30.879097315387945,,PF25461,Beta-barrel_SelB,30.879097315387945,clan average
CL0186,Beta_propeller,21.67085124951681,,PF25463,DUF7899,21.67085124951681,clan average
CL0186,Beta_propeller,21.67085124951681,,PF25465,Beta-prop_At4g14310,21.67085124951681,clan average
CL0202,GBD,38.45146891966387,,PF25470,DUF7901,38.45146891966387,clan average
CL0020,TPR,20.933170225539683,,PF25474,TPR_TmcB,20.933170225539683,clan average
CL0066,Trefoil,35.92321202056283,,PF25484,DUF7907,35.92321202056283,clan average
CL0066,Trefoil,35.92321202056283,,PF25485,DUF7908,35.92321202056283,clan average
CL0066,Trefoil,35.92321202056283,,PF25486,DUF7909,35.92321202056283,clan average
CL0066,Trefoil,35.92321202056283,,PF25488,RNaseT2L_C,35.92321202056283,clan average
CL0026,CU_oxidase,37.06352279668489,,PF25489,At5g54830,37.06352279668489,clan average
CL0066,Trefoil,35.92321202056283,,PF25490,DUF7910,35.92321202056283,clan average
CL0361,CL0361,19.612287324340578,,PF25491,CCHC_BCL-11A,19.612287324340578,clan average
CL0186,Beta_propeller,21.67085124951681,,PF25492,DUF7911,21.67085124951681,clan average
CL0144,Periplas_BP,59.400154176035784,,PF25493,Peripla_BP_A-cyclase,59.400154176035784,clan average
CL0186,Beta_propeller,21.67085124951681,,PF25494,Beta-prop_Rol-3,21.67085124951681,clan average
CL0144,Periplas_BP,59.400154176035784,,PF25495,Peripla_BP_A-cyclase_1,59.400154176035784,clan average
CL0023,P-loop_NTPase,49.395498104103346,,PF25496,URGCP,49.395498104103346,clan average
CL0186,Beta_propeller,21.67085124951681,,PF25499,Beta-prop_pof12,21.67085124951681,clan average
CL0186,Beta_propeller,21.67085124951681,,PF25501,DUF7914,21.67085124951681,clan average
CL0020,TPR,20.933170225539683,,PF25505,ARM_CPL3,20.933170225539683,clan average
CL0036,CL0036,47.817104032709544,,PF25506,TIM-barrel_MTC6,47.817104032709544,clan average
CL0036,CL0036,47.817104032709544,,PF25509,DUF7916,47.817104032709544,clan average
CL0020,TPR,20.933170225539683,,PF25515,Arm_PDR,20.933170225539683,clan average
CL0353,CL0353,41.99184670405509,,PF25518,NRG2_N,41.99184670405509,clan average
CL0202,GBD,38.45146891966387,,PF25527,GBD-like_ZMIZ1_ZMIZ2,38.45146891966387,clan average
CL0159,E-set,39.30318005993802,,PF25529,Ig_ENGASE1_C,39.30318005993802,clan average
CL0220,CL0220,19.573838134150012,,PF25530,EF-hand_SWAP70_N,19.573838134150012,clan average
CL0159,E-set,39.30318005993802,,PF25538,DUF7922,39.30318005993802,clan average
CL0159,E-set,39.30318005993802,,PF25549,DUF7927,39.30318005993802,clan average
CL0159,E-set,39.30318005993802,,PF25560,DUF7932,39.30318005993802,clan average
CL0159,E-set,39.30318005993802,,PF25564,DUF7933,39.30318005993802,clan average
CL0020,TPR,20.933170225539683,,PF25569,TPR_ZFYVE26,20.933170225539683,clan average
CL0020,TPR,20.933170225539683,,PF25570,TPR_DENND3,20.933170225539683,clan average
CL0020,TPR,20.933170225539683,,PF25575,TPR_BSK1_C,20.933170225539683,clan average
CL0020,TPR,20.933170225539683,,PF25591,LRV_2,20.933170225539683,clan average
CL0126,Peptidase_MA,36.71989303811342,,PF25594,GldB_lipo,36.71989303811342,clan average
CL0063,NADP_Rossmann,39.26278572618697,,PF25596,CPSase_L_D1,39.26278572618697,clan average
CL0073,CL0073,55.31204220338533,,PF25603,SPT23_MGA2_DBD,55.31204220338533,clan average
CL0124,Peptidase_PA,45.31439166881245,,PF25658,FV_peptidase,45.31439166881245,clan average
CL0126,Peptidase_MA,36.71989303811342,,PF25661,PBCV_P4,36.71989303811342,clan average
CL0192,GPCR_A,61.321635356404734,,PF25707,UL78,61.321635356404734,clan average
CL0192,GPCR_A,61.321635356404734,,PF25732,BILF1,61.321635356404734,clan average
CL0020,TPR,20.933170225539683,,PF25768,TPR_IFT121,20.933170225539683,clan average
CL0020,TPR,20.933170225539683,,PF25773,TPR_ANAPC2,20.933170225539683,clan average
CL0159,E-set,39.30318005993802,,PF25776,Ig_VWDE,39.30318005993802,clan average
CL0020,TPR,20.933170225539683,,PF25782,TPR_CAND1,20.933170225539683,clan average
CL0020,TPR,20.933170225539683,,PF25786,HEAT_GCN1_C,20.933170225539683,clan average
CL0123,CL0123,26.143931567951604,,PF25787,HTH_SB,26.143931567951604,clan average
CL0375,Transporter,56.91298176266927,,PF25807,Clarin-2,56.91298176266927,clan average
CL0229,RING,23.531313780228857,,PF25813,zf_VAL1_N,23.531313780228857,clan average
CL0159,E-set,39.30318005993802,,PF25814,fn3_SORL1,39.30318005993802,clan average
CL0124,Peptidase_PA,45.31439166881245,,PF25819,Nal1_C,45.31439166881245,clan average
CL0001,EGF,28.046989523881532,,PF25820,DUF7949,28.046989523881532,clan average
CL0220,CL0220,19.573838134150012,,PF25825,SAPC2_N,19.573838134150012,clan average
CL0020,TPR,20.933170225539683,,PF25827,TVHS-like,20.933170225539683,clan average
CL0159,E-set,39.30318005993802,,PF25830,Ig_NFAM1,39.30318005993802,clan average
CL0159,E-set,39.30318005993802,,PF25832,Fn3_SaeA_2nd,39.30318005993802,clan average
CL0159,E-set,39.30318005993802,,PF25833,Fn3_SaeA_3rd,39.30318005993802,clan average
CL0159,E-set,39.30318005993802,,PF25834,Fn3_SaeA_4th,39.30318005993802,clan average
CL0159,E-set,39.30318005993802,,PF25835,Fn3_SaeA_5th,39.30318005993802,clan average
CL0159,E-set,39.30318005993802,,PF25836,Fn3_SaeA_6th,39.30318005993802,clan average
CL0103,Gal_mutarotase,47.39329832829262,,PF25837,Apionate_lact_N,47.39329832829262,clan average
CL0036,CL0036,47.817104032709544,,PF25838,Apionate_lact_M,47.817104032709544,clan average
CL0369,GHD,27.770430530606422,,PF25839,Apionate_lact_C,27.770430530606422,clan average
CL0059,6_Hairpin,36.79082130018444,,PF25840,Ulvan_lyase_N,36.79082130018444,clan average
CL0103,Gal_mutarotase,47.39329832829262,,PF25841,Ulvan_lyase_C,47.39329832829262,clan average
CL0004,Concanavalin,41.06090890681649,,PF25849,PelX_N,41.06090890681649,clan average
CL0159,E-set,39.30318005993802,,PF25850,PelX_Ig,39.30318005993802,clan average
CL0186,Beta_propeller,21.67085124951681,,PF25852,DUF6242_C,21.67085124951681,clan average
CL0186,Beta_propeller,21.67085124951681,,PF25857,DUF7957,21.67085124951681,clan average
CL0123,CL0123,26.143931567951604,,PF25867,DHD,26.143931567951604,clan average
CL0451,FnI-like,34.112830676908786,,PF25868,Fn1_3,34.112830676908786,clan average
CL0123,CL0123,26.143931567951604,,PF25870,WHD_UFL1_5th,26.143931567951604,clan average
CL0123,CL0123,26.143931567951604,,PF25871,HTH_76,26.143931567951604,clan average
CL0123,CL0123,26.143931567951604,,PF25872,HTH_77,26.143931567951604,clan average
CL0123,CL0123,26.143931567951604,,PF25873,WHD_MalT,26.143931567951604,clan average
CL0123,CL0123,26.143931567951604,,PF25874,WHD_plant_repro,26.143931567951604,clan average
CL0123,CL0123,26.143931567951604,,PF25875,WHD_Rad26_CSB,26.143931567951604,clan average
CL0123,CL0123,26.143931567951604,,PF25877,WHD_SOWAH,26.143931567951604,clan average
CL0123,CL0123,26.143931567951604,,PF25879,WHD_LYAR,26.143931567951604,clan average
CL0123,CL0123,26.143931567951604,,PF25880,WHD_CHMP7_1st,26.143931567951604,clan average
CL0521,GOLD-like,100.92140126228333,,PF25883,F28H7_8_C,100.92140126228333,clan average
CL0659,CAP,47.19299964904785,,PF25884,At5g19230,47.19299964904785,clan average
CL0123,CL0123,26.143931567951604,,PF25894,WHD_HELB,26.143931567951604,clan average
CL0123,CL0123,26.143931567951604,,PF25896,HTH_AT3G52170,26.143931567951604,clan average
CL0036,CL0036,47.817104032709544,,PF25905,DUF8564,47.817104032709544,clan average
CL0105,CL0105,30.879097315387945,,PF25917,BSH_RND,30.879097315387945,clan average
CL0105,CL0105,30.879097315387945,,PF25919,BSH_CusB,30.879097315387945,clan average
CL0159,E-set,39.30318005993802,,PF25929,DUF7974,39.30318005993802,clan average
CL0105,CL0105,30.879097315387945,,PF25935,BSH_LcnD,30.879097315387945,clan average
CL0177,PBP,42.38186464548598,,PF25936,HisG_halo,42.38186464548598,clan average
CL0866,CL0866,22.986264376796857,,PF25940,LcnD_C,22.986264376796857,clan average
CL0159,E-set,39.30318005993802,,PF25942,Ig_halo,39.30318005993802,clan average
CL0866,CL0866,22.986264376796857,,PF25944,Beta-barrel_RND,22.986264376796857,clan average
CL0866,CL0866,22.986264376796857,,PF25954,Beta-barrel_RND_2,22.986264376796857,clan average
CL0451,FnI-like,34.112830676908786,,PF25960,Fn1-VW_OTOGL,34.112830676908786,clan average
CL0001,EGF,28.046989523881532,,PF25961,OTOGL_N,28.046989523881532,clan average
CL0866,CL0866,22.986264376796857,,PF25963,Beta-barrel_AAEA,22.986264376796857,clan average
CL0105,CL0105,30.879097315387945,,PF25964,BSH_ALG44,30.879097315387945,clan average
CL0866,CL0866,22.986264376796857,,PF25965,Beta-barrel_ALG44,22.986264376796857,clan average
CL0159,E-set,39.30318005993802,,PF25971,CzcB_N,39.30318005993802,clan average
CL0105,CL0105,30.879097315387945,,PF25973,BSH_CzcB,30.879097315387945,clan average
CL0103,Gal_mutarotase,47.39329832829262,,PF25978,DUF7997,47.39329832829262,clan average
CL0123,CL0123,26.143931567951604,,PF25981,HTH_Cic_C,26.143931567951604,clan average
CL0105,CL0105,30.879097315387945,,PF25984,BSH_YknX,30.879097315387945,clan average
CL0192,GPCR_A,61.321635356404734,,PF25987,PRRT3,61.321635356404734,clan average
CL0866,CL0866,22.986264376796857,,PF25990,Beta-barrel_YknX,22.986264376796857,clan average
CL0159,E-set,39.30318005993802,,PF25992,Ig_TM7SF3_N,39.30318005993802,clan average
CL0782,CL0782,25.599053828546072,,PF25993,zf-B_box_ZFPL1,25.599053828546072,clan average
CL0123,CL0123,26.143931567951604,,PF25996,HTH_CLF_N,26.143931567951604,clan average
CL0105,CL0105,30.879097315387945,,PF25997,BSH_YhbJ,30.879097315387945,clan average
CL0229,RING,23.531313780228857,,PF25998,U-box_ZFPL1,23.531313780228857,clan average
CL0214,CL0214,28.487959910306852,,PF26000,UBA_ARIH2_N,28.487959910306852,clan average
CL0866,CL0866,22.986264376796857,,PF26002,Beta-barrel_AprE,22.986264376796857,clan average
CL0607,TNF_receptor,25.633068775086123,,PF26010,DUF8003,25.633068775086123,clan average
CL0866,CL0866,22.986264376796857,,PF26011,Beta-barrel_RND_rel,22.986264376796857,clan average
CL0159,E-set,39.30318005993802,,PF26015,Ig_NPH4_3rd,39.30318005993802,clan average
CL0033,CL0033,32.491583815673984,,PF26017,BACK_BTBD8,32.491583815673984,clan average
CL0105,CL0105,30.879097315387945,,PF26018,BSH_RND_rel,30.879097315387945,clan average
CL0123,CL0123,26.143931567951604,,PF26019,HTH_TIMELESS,26.143931567951604,clan average
CL0020,TPR,20.933170225539683,,PF26034,PHAT_SMAUG,20.933170225539683,clan average
CL0570,CL0570,28.707923080342724,,PF26036,Peptidase_inhib_put,28.707923080342724,clan average
CL0229,RING,23.531313780228857,,PF26037,zf-RING_DCST1_C,23.531313780228857,clan average
CL0063,NADP_Rossmann,39.26278572618697,,PF26049,RLMG_N,39.26278572618697,clan average
CL0229,RING,23.531313780228857,,PF26054,PHD_G2E3,23.531313780228857,clan average
CL0063,NADP_Rossmann,39.26278572618697,,PF26055,Mtase_EDM2,39.26278572618697,clan average
CL0056,C_Lectin,29.746108227159635,,PF26058,DUF8019,29.746108227159635,clan average
CL0123,CL0123,26.143931567951604,,PF26076,WHD_DDX60,26.143931567951604,clan average
CL0105,CL0105,30.879097315387945,,PF26077,BSH_Fcp1,30.879097315387945,clan average
CL0361,CL0361,19.612287324340578,,PF26082,zf-C2H2_AcuF,19.612287324340578,clan average
CL0123,CL0123,26.143931567951604,,PF26093,HTH_TGH,26.143931567951604,clan average
CL0123,CL0123,26.143931567951604,,PF26094,HTH_TSHZ3,26.143931567951604,clan average
CL0059,6_Hairpin,36.79082130018444,,PF26099,DUF8034,36.79082130018444,clan average
CL0159,E-set,39.30318005993802,,PF26102,Ig_SPL7,39.30318005993802,clan average
CL0369,GHD,27.770430530606422,,PF26108,GH_Mok13,27.770430530606422,clan average
CL0123,CL0123,26.143931567951604,,PF26109,WHD_BrxR,26.143931567951604,clan average
CL0159,E-set,39.30318005993802,,PF26111,Ig_Mok13,39.30318005993802,clan average
CL0004,Concanavalin,41.06090890681649,,PF26113,GH16_XgeA,41.06090890681649,clan average
CL0159,E-set,39.30318005993802,,PF26114,Ig_2_Mok13,39.30318005993802,clan average
CL0015,CL0015,64.824742054381,,PF26127,12TM_Mok13,64.824742054381,clan average
CL0159,E-set,39.30318005993802,,PF26141,PMEL_NMB_N,39.30318005993802,clan average
CL0036,CL0036,47.817104032709544,,PF26146,PI-PLC_X,47.817104032709544,clan average
CL0028,AB_hydrolase,52.59920164328964,,PF26147,AB_HYDROLASE_YMC0-YMC35,52.59920164328964,clan average
CL0229,RING,23.531313780228857,,PF26148,VPS18_RING_C,23.531313780228857,clan average
CL0159,E-set,39.30318005993802,,PF26150,LEA-2_4,39.30318005993802,clan average
CL0159,E-set,39.30318005993802,,PF26153,LEA-2L_5,39.30318005993802,clan average
CL0960,CL0960,22.044313265744545,,PF26155,PTPRR_N,22.044313265744545,clan average
CL0059,6_Hairpin,36.79082130018444,,PF26157,SGL_GH162,36.79082130018444,clan average
CL0375,Transporter,56.91298176266927,,PF26158,Claudin_TMEM179-179B,56.91298176266927,clan average
CL0214,CL0214,28.487959910306852,,PF26160,YqzN_YkzM,28.487959910306852,clan average
CL0293,CL0293,108.55528087486567,,PF26164,Bact_GSDM,108.55528087486567,clan average
CL0113,GT-B,39.69306779022893,,PF26168,Glyco_transf_N,39.69306779022893,clan average
CL0159,E-set,39.30318005993802,,PF26174,Ig_Tag1-like_1st,39.30318005993802,clan average
CL0123,CL0123,26.143931567951604,,PF26175,HTH_FAR1,26.143931567951604,clan average
CL0361,CL0361,19.612287324340578,,PF26176,zf_C2H2_17_2,19.612287324340578,clan average
CL0361,CL0361,19.612287324340578,,PF26177,zf_C2H2_17_1st,19.612287324340578,clan average
CL0036,CL0036,47.817104032709544,,PF26178,Rv2075c_cat,47.817104032709544,clan average
CL0159,E-set,39.30318005993802,,PF26181,Ig_NUP210_13th,39.30318005993802,clan average
CL0159,E-set,39.30318005993802,,PF26182,Ig_NUP210_5th,39.30318005993802,clan average
CL0159,E-set,39.30318005993802,,PF26183,Ig_NUP210_14th,39.30318005993802,clan average
CL0159,E-set,39.30318005993802,,PF26184,Ig_NUP210_8th,39.30318005993802,clan average
CL0154,C2,44.17300686820718,,PF26186,NPHP4_C2_3rd,44.17300686820718,clan average
CL0159,E-set,39.30318005993802,,PF26187,Ig_NPHP4_4th,39.30318005993802,clan average
CL0159,E-set,39.30318005993802,,PF26189,Ig_NPHP4_2nd,39.30318005993802,clan average
CL0159,E-set,39.30318005993802,,PF26190,Ig_NPHP4_1st,39.30318005993802,clan average
CL0229,RING,23.531313780228857,,PF26191,RING-HC_RBR_RNF216,23.531313780228857,clan average
CL0159,E-set,39.30318005993802,,PF26192,RNF157-like_N,39.30318005993802,clan average
CL0159,E-set,39.30318005993802,,PF26194,Ig_SMCHD1_1st,39.30318005993802,clan average
CL0159,E-set,39.30318005993802,,PF26195,Ig_SMCHD1_2nd,39.30318005993802,clan average
CL0159,E-set,39.30318005993802,,PF26196,Ig_SMCHD1_4th,39.30318005993802,clan average
CL0159,E-set,39.30318005993802,,PF26197,Ig_SMCHD1_5th,39.30318005993802,clan average
CL0159,E-set,39.30318005993802,,PF26198,Ig_SMCHD1_6th,39.30318005993802,clan average
CL0159,E-set,39.30318005993802,,PF26199,Ig_SMCHD1_8th,39.30318005993802,clan average
CL0159,E-set,39.30318005993802,,PF26201,Ig_SMCHD1_7th,39.30318005993802,clan average
CL0123,CL0123,26.143931567951604,,PF26215,HTH_animal,26.143931567951604,clan average
CL0361,CL0361,19.612287324340578,,PF26218,zf_C2H2_ZNF292,19.612287324340578,clan average
CL0375,Transporter,56.91298176266927,,PF26224,DUF8050,56.91298176266927,clan average
CL0020,TPR,20.933170225539683,,PF26229,RESC9_M,20.933170225539683,clan average
CL0159,E-set,39.30318005993802,,PF26232,Fn3_RsgI4,39.30318005993802,clan average
CL0172,Thioredoxin,39.25019227930494,,PF26234,TXNDC11_2nd,39.25019227930494,clan average
CL0229,RING,23.531313780228857,,PF26235,zf-KKT2_KKT3,23.531313780228857,clan average
CL0159,E-set,39.30318005993802,,PF26254,Ig_TRAPPC9-Trs120_1st,39.30318005993802,clan average
CL0123,CL0123,26.143931567951604,,PF26271,DUF8073_M,26.143931567951604,clan average
CL0023,P-loop_NTPase,49.395498104103346,,PF26277,DUF8076,49.395498104103346,clan average
CL0159,E-set,39.30318005993802,,PF26280,Ig_TRAPPC9-Trs120_2nd,39.30318005993802,clan average
CL0159,E-set,39.30318005993802,,PF26282,Ig_TRAPPC9-Trs120_3rd,39.30318005993802,clan average
CL0159,E-set,39.30318005993802,,PF26283,Ig_TRAPPC9-Trs120_4th,39.30318005993802,clan average
CL0123,CL0123,26.143931567951604,,PF26285,SASH1_Homeodomain,26.143931567951604,clan average
CL0214,CL0214,28.487959910306852,,PF26286,UBA_10,28.487959910306852,clan average
CL0123,CL0123,26.143931567951604,,PF26288,WHD_lin-66,26.143931567951604,clan average
CL0126,Peptidase_MA,36.71989303811342,,PF26320,Peptidase_M27_Wo,36.71989303811342,clan average
CL0004,Concanavalin,41.06090890681649,,PF26321,ConA_like_dom_Wo,41.06090890681649,clan average
CL0066,Trefoil,35.92321202056283,,PF26322,Beta_trefoil_Wo,35.92321202056283,clan average
CL0016,PKinase,54.43067383486503,,PF26324,HopBF1_kinase,54.43067383486503,clan average
CL0113,GT-B,39.69306779022893,,PF26334,Gtf3_N,39.69306779022893,clan average
CL0113,GT-B,39.69306779022893,,PF26337,Gtf3_C,39.69306779022893,clan average
CL0023,P-loop_NTPase,49.395498104103346,,PF26341,AAA_SelU,49.395498104103346,clan average
CL0159,E-set,39.30318005993802,,PF26342,TP_1001_2nd,39.30318005993802,clan average
CL0159,E-set,39.30318005993802,,PF26349,YoqH,39.30318005993802,clan average
CL0123,CL0123,26.143931567951604,,PF26355,HTH_VMAP-M9,26.143931567951604,clan average
CL0028,AB_hydrolase,52.59920164328964,,PF26363,Phospholipase-like,52.59920164328964,clan average
CL0036,CL0036,47.817104032709544,,PF26376,Mef1,47.817104032709544,clan average
CL0036,CL0036,47.817104032709544,,PF26410,GH5_mannosidase,47.817104032709544,clan average
CL0159,E-set,39.30318005993802,,PF26428,Zwei_Ig_N,39.30318005993802,clan average
CL0004,Concanavalin,41.06090890681649,,PF26430,ConA_BAM2,41.06090890681649,clan average
CL0123,CL0123,26.143931567951604,,PF26433,WH_HI_0096,26.143931567951604,clan average
CL0159,E-set,39.30318005993802,,PF26441,DUF8121,39.30318005993802,clan average
CL0159,E-set,39.30318005993802,,PF26451,DUF8130,39.30318005993802,clan average
CL0123,CL0123,26.143931567951604,,PF26462,WH_Halo_primase,26.143931567951604,clan average
CL0123,CL0123,26.143931567951604,,PF26473,DUF8148,26.143931567951604,clan average
CL0105,CL0105,30.879097315387945,,PF26482,DUF8155,30.879097315387945,clan average
CL0105,CL0105,30.879097315387945,,PF26503,DUF8167_3rd,30.879097315387945,clan average
CL0498,Nribosyltransf,43.3914988381522,,PF26508,DUF8170,43.3914988381522,clan average
CL0023,P-loop_NTPase,49.395498104103346,,PF26510,Halo_UvrD_like,49.395498104103346,clan average
CL0159,E-set,39.30318005993802,,PF26515,Ig_halo_2,39.30318005993802,clan average
CL0020,TPR,20.933170225539683,,PF26522,ARM_6,20.933170225539683,clan average
CL0159,E-set,39.30318005993802,,PF26538,DUF8177,39.30318005993802,clan average
CL0070,CL0070,66.56825862975452,,PF26539,ACT_YhiD_C,66.56825862975452,clan average
CL0186,Beta_propeller,21.67085124951681,,PF26549,Tricorn_N,21.67085124951681,clan average
CL0186,Beta_propeller,21.67085124951681,,PF26550,Tricorn_2nd,21.67085124951681,clan average
CL0123,CL0123,26.143931567951604,,PF26555,HTH_78,26.143931567951604,clan average
CL0159,E-set,39.30318005993802,,PF26562,Ig-like,39.30318005993802,clan average
CL0661,Gain,28.363798955819796,,PF26574,GAIN_ADGRG2,28.363798955819796,clan average
CL0159,E-set,39.30318005993802,,PF26579,Ig_CFAP47,39.30318005993802,clan average
CL0159,E-set,39.30318005993802,,PF26586,Fn3_R-PTP-O,39.30318005993802,clan average
CL0661,Gain,28.363798955819796,,PF26588,GAIN_ADGRA3,28.363798955819796,clan average
CL0159,E-set,39.30318005993802,,PF26591,DUF8186_C,39.30318005993802,clan average
CL0186,Beta_propeller,21.67085124951681,,PF26607,Beta-prop_PLL,21.67085124951681,clan average
CL0159,E-set,39.30318005993802,,PF26614,DUF8194,39.30318005993802,clan average
CL0661,Gain,28.363798955819796,,PF26628,DUF8202,28.363798955819796,clan average
CL0361,CL0361,19.612287324340578,,PF26664,zf-BED_2,19.612287324340578,clan average
CL0001,EGF,28.046989523881532,,PF26673,EGF_C_tripleX,28.046989523881532,clan average
CL0063,NADP_Rossmann,39.26278572618697,,PF26681,Agl23_C,39.26278572618697,clan average
CL0036,CL0036,47.817104032709544,,PF26685,DUF8230_C,47.817104032709544,clan average
CL0004,Concanavalin,41.06090890681649,,PF26711,DUF8239,41.06090890681649,clan average
CL0020,TPR,20.933170225539683,,PF26718,TPR_CUL9,20.933170225539683,clan average
CL0159,E-set,39.30318005993802,,PF26728,FMNK-like_N,39.30318005993802,clan average
CL0159,E-set,39.30318005993802,,PF26732,PhoA-like_N,39.30318005993802,clan average
CL0091,NAD_Ferredoxin,28.793387318886015,,PF26733,03009_C,28.793387318886015,clan average
CL0154,C2,44.17300686820718,,PF26735,Ccdc33_N,44.17300686820718,clan average
CL0164,CUB,37.19532806928234,,PF26736,DUF8244,37.19532806928234,clan average
CL0159,E-set,39.30318005993802,,PF26737,Ig_GNPTAB,39.30318005993802,clan average
CL0369,GHD,27.770430530606422,,PF26741,CalpD_C,27.770430530606422,clan average
CL0361,CL0361,19.612287324340578,,PF26743,zf-C2H2_CASZ1,19.612287324340578,clan average
CL0159,E-set,39.30318005993802,,PF26747,Ig-like_AcrB,39.30318005993802,clan average
CL0361,CL0361,19.612287324340578,,PF26748,zf-C2H2_Adnp2,19.612287324340578,clan average
CL0159,E-set,39.30318005993802,,PF26755,PTPRO_N,39.30318005993802,clan average
CL0159,E-set,39.30318005993802,,PF26765,Fn3_FA,39.30318005993802,clan average
CL0202,GBD,38.45146891966387,,PF26766,Choice_anch_L,38.45146891966387,clan average
CL0123,CL0123,26.143931567951604,,PF26775,HTH_Mok13,26.143931567951604,clan average
CL0020,TPR,20.933170225539683,,PF26778,HEAT_NCAPD3,20.933170225539683,clan average
CL0020,TPR,20.933170225539683,,PF26779,HEAT_NCAPD3_2,20.933170225539683,clan average
CL0070,CL0070,66.56825862975452,,PF26798,ACT_10,66.56825862975452,clan average
CL0159,E-set,39.30318005993802,,PF26918,Ig_Eae,39.30318005993802,clan average
CL0070,CL0070,66.56825862975452,,PF26946,ACT_11,66.56825862975452,clan average
CL0070,CL0070,66.56825862975452,,PF26954,ACT_12,66.56825862975452,clan average
CL0070,CL0070,66.56825862975452,,PF26956,ACT_ACR_D1,66.56825862975452,clan average
CL0172,Thioredoxin,39.25019227930494,,PF26957,Thioredoxin-like_C,39.25019227930494,clan average
CL0172,Thioredoxin,39.25019227930494,,PF26958,tRNA-like_Thioredoxin-liek,39.25019227930494,clan average
CL0172,Thioredoxin,39.25019227930494,,PF26971,TM-like_Thioredoxin-like_C,39.25019227930494,clan average
CL0172,Thioredoxin,39.25019227930494,,PF26976,DJC16_C,39.25019227930494,clan average
CL0172,Thioredoxin,39.25019227930494,,PF26981,Thioredoxin-like_PDI,39.25019227930494,clan average
CL0268,Pec_lyase-like,59.950592041015625,,PF26986,Cap_depo,59.950592041015625,clan average
CL0181,ABC-2,93.01661087463258,,PF26999,ABC-2_memb_rel,93.01661087463258,clan average
CL0016,PKinase,54.43067383486503,,PF27024,Phage_T7_kinase,54.43067383486503,clan average
CL0108,Actin_ATPase,53.90403366088867,,PF27033,DUF8340,53.90403366088867,clan average
CL0361,CL0361,19.612287324340578,,PF27047,zf-C2H2_Trps1_3rd,19.612287324340578,clan average
CL0202,GBD,38.45146891966387,,PF27052,Lysyl_endopep_N,38.45146891966387,clan average
CL0361,CL0361,19.612287324340578,,PF27058,zf-C2H2_Trps1_1st,19.612287324340578,clan average
CL0123,CL0123,26.143931567951604,,PF27059,HTH_MmpR5,26.143931567951604,clan average
CL0361,CL0361,19.612287324340578,,PF27065,zf-C2H2_Trps1_2nd,19.612287324340578,clan average
CL0123,CL0123,26.143931567951604,,PF27070,HTH_Rpn_C,26.143931567951604,clan average
CL0159,E-set,39.30318005993802,,PF27071,DUF8345,39.30318005993802,clan average
CL0123,CL0123,26.143931567951604,,PF27079,HTH_SpdB_C,26.143931567951604,clan average
CL0361,CL0361,19.612287324340578,,PF27088,zf-C2H2_Trps1_5th,19.612287324340578,clan average
CL0159,E-set,39.30318005993802,,PF27090,YozF,39.30318005993802,clan average
CL0186,Beta_propeller,21.67085124951681,,PF27095,Conj_beta_prop_9,21.67085124951681,clan average
CL0229,RING,23.531313780228857,,PF27108,PHD_Pygo,23.531313780228857,clan average
CL0123,CL0123,26.143931567951604,,PF27135,HTH_TnsB,26.143931567951604,clan average
CL0063,NADP_Rossmann,39.26278572618697,,PF27163,YmtS_Ross,39.26278572618697,clan average
CL0123,CL0123,26.143931567951604,,PF27167,HTH_GRAD,26.143931567951604,clan average
CL0159,E-set,39.30318005993802,,PF27186,PM0630,39.30318005993802,clan average
CL0062,APC,53.52314572334289,,PF27187,APC_Aq_097,53.52314572334289,clan average
CL0063,NADP_Rossmann,39.26278572618697,,PF27199,YonV_C,39.26278572618697,clan average
CL0063,NADP_Rossmann,39.26278572618697,,PF27217,AF_0155,39.26278572618697,clan average
CL0023,P-loop_NTPase,49.395498104103346,,PF27228,MTBMA_p00010_2nd,49.395498104103346,clan average
CL0202,GBD,38.45146891966387,,PF27237,AF_1625_C,38.45146891966387,clan average
CL0023,P-loop_NTPase,49.395498104103346,,PF27249,MJ0330_N,49.395498104103346,clan average
CL0202,GBD,38.45146891966387,,PF27263,YndA_coil,38.45146891966387,clan average
CL0063,NADP_Rossmann,39.26278572618697,,PF27272,CpgS_N,39.26278572618697,clan average
CL0181,ABC-2,93.01661087463258,,PF27280,EsaA_helical,93.01661087463258,clan average
CL0287,Transthyretin,45.35773909364972,,PF27283,Mycolysin_M,45.35773909364972,clan average
CL0123,CL0123,26.143931567951604,,PF27297,AF_0843,26.143931567951604,clan average
CL0123,CL0123,26.143931567951604,,PF27303,CdvB_HTH,26.143931567951604,clan average
CL0063,NADP_Rossmann,39.26278572618697,,PF27312,BilD_N,39.26278572618697,clan average
CL0159,E-set,39.30318005993802,,PF27332,TP_0781,39.30318005993802,clan average
CL0159,E-set,39.30318005993802,,PF27334,Mycolysin_N,39.30318005993802,clan average
CL0063,NADP_Rossmann,39.26278572618697,,PF27348,EcpR_N,39.26278572618697,clan average
CL0264,SGNH_hydrolase,54.3363812310355,,PF27354,TviD_N,54.3363812310355,clan average
CL0023,P-loop_NTPase,49.395498104103346,,PF27377,MTF_ORF3,49.395498104103346,clan average
CL0123,CL0123,26.143931567951604,,PF27393,KlcB_N,26.143931567951604,clan average
CL0023,P-loop_NTPase,49.395498104103346,,PF27394,Aq_aa27,49.395498104103346,clan average
CL0159,E-set,39.30318005993802,,PF27397,FimE_C,39.30318005993802,clan average
CL0159,E-set,39.30318005993802,,PF27413,SlaA_5th,39.30318005993802,clan average
CL0268,Pec_lyase-like,59.950592041015625,,PF27415,BigA_4th,59.950592041015625,clan average
CL0159,E-set,39.30318005993802,,PF27416,SlaA_C,39.30318005993802,clan average
CL0268,Pec_lyase-like,59.950592041015625,,PF27417,BigA_3rd,59.950592041015625,clan average
CL0202,GBD,38.45146891966387,,PF27453,XepA,38.45146891966387,clan average
CL0113,GT-B,39.69306779022893,,PF27476,TP_0454_C,39.69306779022893,clan average
CL0202,GBD,38.45146891966387,,PF27479,YjdH,38.45146891966387,clan average
CL0159,E-set,39.30318005993802,,PF27481,YqgA_MG2,39.30318005993802,clan average
CL0186,Beta_propeller,21.67085124951681,,PF27482,Beta-prop_YycP,21.67085124951681,clan average
CL0020,TPR,20.933170225539683,,PF27483,TPR_AlgK,20.933170225539683,clan average
CL0123,CL0123,26.143931567951604,,PF27486,AtcB_N,26.143931567951604,clan average
CL0202,GBD,38.45146891966387,,PF27503,Rv3811_N,38.45146891966387,clan average
CL0214,CL0214,28.487959910306852,,PF27513,UBA_DHX57_N,28.487959910306852,clan average
CL0123,CL0123,26.143931567951604,,PF27514,HTH_NLRC5,26.143931567951604,clan average
CL0328,CL0328,44.210308118770655,,PF27518,CcmC,44.210308118770655,clan average
CL0123,CL0123,26.143931567951604,,PF27520,SP15_N,26.143931567951604,clan average
CL0062,APC,53.52314572334289,,PF27522,YDMC,53.52314572334289,clan average
CL0268,Pec_lyase-like,59.950592041015625,,PF27525,LAM55_pectate-like,59.950592041015625,clan average
CL0361,CL0361,19.612287324340578,,PF27528,Znf-C2H2_ZNF142,19.612287324340578,clan average
CL0023,P-loop_NTPase,49.395498104103346,,PF27531,MT3502_N,49.395498104103346,clan average
CL0123,CL0123,26.143931567951604,,PF27602,HTH_ENOX1,26.143931567951604,clan average
CL0214,CL0214,28.487959910306852,,PF27606,UBA_Ucp12,28.487959910306852,clan average
CL0020,TPR,20.933170225539683,,PF27648,HIR3_C,20.933170225539683,clan average
CL0016,PKinase,54.43067383486503,,PF27663,Spore_coat_YutH,54.43067383486503,clan average
CL0186,Beta_propeller,21.67085124951681,,PF27702,UCP007778,21.67085124951681,clan average
CL0063,NADP_Rossmann,39.26278572618697,,PF27704,GuanidinoAc_N-MeTrfase,39.26278572618697,clan average
CL0036,CL0036,47.817104032709544,,PF27711,SMase_D_PLipase_D,47.817104032709544,clan average
CL0023,P-loop_NTPase,49.395498104103346,,PF27713,UCP018868,49.395498104103346,clan average
CL0123,CL0123,26.143931567951604,,PF27731,UCP029502,26.143931567951604,clan average
CL0123,CL0123,26.143931567951604,,PF27748,MS1_C,26.143931567951604,clan average
CL0003,SAM,26.063478920372884,,PF27750,SAM_AAE17_18,26.063478920372884,clan average
CL0192,GPCR_A,61.321635356404734,,PF27754,UCP031277,61.321635356404734,clan average
CL0050,CL0050,69.57307925406917,,PF27762,VraC,69.57307925406917,clan average
CL0020,TPR,20.933170225539683,,PF27812,PEX8_TPR_mid,20.933170225539683,clan average
CL0020,TPR,20.933170225539683,,PF27826,Git1_TPR-like_3rd,20.933170225539683,clan average
CL0050,CL0050,69.57307925406917,,PF27832,Htd2,69.57307925406917,clan average
CL0159,E-set,39.30318005993802,,PF27849,MAST,39.30318005993802,clan average
CL0113,GT-B,39.69306779022893,,PF27859,LIC12162,39.69306779022893,clan average
CL0159,E-set,39.30318005993802,,PF27872,Sec_acc_SLAP,39.30318005993802,clan average
CL0181,ABC-2,93.01661087463258,,PF27876,SkfF,93.01661087463258,clan average
CL0113,GT-B,39.69306779022893,,PF27878,PFTS_polysacc,39.69306779022893,clan average
CL0113,GT-B,39.69306779022893,,PF27895,CGA_synth-rel,39.69306779022893,clan average
CL0113,GT-B,39.69306779022893,,PF27908,Lept_O_ant_chp1,39.69306779022893,clan average
CL0159,E-set,39.30318005993802,,PF27919,Ig_TM7SF3_2nd,39.30318005993802,clan average
CL0159,E-set,39.30318005993802,,PF27962,TMEM158,39.30318005993802,clan average
CL0004,Concanavalin,41.06090890681649,,PF27985,CRLF3_C,41.06090890681649,clan average
CL0389,CL0389,34.599674329762465,,PF28124,CYHR1_TRAF_C,34.599674329762465,clan average
CL0154,C2,44.17300686820718,,PF28126,NPHP4_C2_2nd,44.17300686820718,clan average
CL0063,NADP_Rossmann,39.26278572618697,,PF28142,SPBC1E8_03c_N,39.26278572618697,clan average
CL0110,GT-A,34.54581239323872,,PF28143,SPBC1E8_03c_C,34.54581239323872,clan average
CL0159,E-set,39.30318005993802,,PF28238,DUF6701_4th,39.30318005993802,clan average
CL0159,E-set,39.30318005993802,,PF28243,DUF6701_2nd,39.30318005993802,clan average
CL0159,E-set,39.30318005993802,,PF28247,DUF6701_3rd,39.30318005993802,clan average
CL0159,E-set,39.30318005993802,,PF28268,Ig-like_NNF2,39.30318005993802,clan average
CL0159,E-set,39.30318005993802,,PF28276,Ig_IgSF3,39.30318005993802,clan average
CL0128,vWA-like,49.95459311089533,,PF28287,M1AP_N,49.95459311089533,clan average
CL0159,E-set,39.30318005993802,,PF28299,Ig_VSIG10L2_N,39.30318005993802,clan average
CL0159,E-set,39.30318005993802,,PF28320,Ig_Sema4F,39.30318005993802,clan average
CL0159,E-set,39.30318005993802,,PF28321,Ig_MYOM1,39.30318005993802,clan average
CL0066,Trefoil,35.92321202056283,,PF28325,Beta_trefoil_fun,35.92321202056283,clan average
CL0186,Beta_propeller,21.67085124951681,,PF28327,FANCB_N,21.67085124951681,clan average
CL0070,CL0070,66.56825862975452,,PF28342,ACT-like,66.56825862975452,clan average
CL0020,TPR,20.933170225539683,,PF28349,HSF2BP_C,20.933170225539683,clan average
CL0159,E-set,39.30318005993802,,PF28357,DUF8383,39.30318005993802,clan average
CL0159,E-set,39.30318005993802,,PF28381,Ig_TRS130,39.30318005993802,clan average
CL0159,E-set,39.30318005993802,,PF28382,DUF8387,39.30318005993802,clan average
CL0159,E-set,39.30318005993802,,PF28397,DG1062_N,39.30318005993802,clan average
CL0159,E-set,39.30318005993802,,PF28405,DUF8390,39.30318005993802,clan average
CL0159,E-set,39.30318005993802,,PF28407,Ig_ANOS1,39.30318005993802,clan average
CL0016,PKinase,54.43067383486503,,PF28411,FJX1_middle,54.43067383486503,clan average
CL0159,E-set,39.30318005993802,,PF28429,DUF8391,39.30318005993802,clan average
CL0159,E-set,39.30318005993802,,PF28430,Ig_LY6G6F,39.30318005993802,clan average
CL0159,E-set,39.30318005993802,,PF28431,DUF8392,39.30318005993802,clan average
CL0159,E-set,39.30318005993802,,PF28432,DUF8393,39.30318005993802,clan average
CL0159,E-set,39.30318005993802,,PF28434,Ig_Let-653,39.30318005993802,clan average
CL0020,TPR,20.933170225539683,,PF28440,DUF8399,20.933170225539683,clan average
CL0154,C2,44.17300686820718,,PF28455,CCDC17_C,44.17300686820718,clan average
CL0159,E-set,39.30318005993802,,PF28476,GlgP_C,39.30318005993802,clan average
CL0268,Pec_lyase-like,59.950592041015625,,PF28492,Beta_helix_4,59.950592041015625,clan average
CL0123,CL0123,26.143931567951604,,PF28493,fs1K10_C,26.143931567951604,clan average
CL0020,TPR,20.933170225539683,,PF28502,PAB_middle,20.933170225539683,clan average
CL0214,CL0214,28.487959910306852,,PF28508,UBA_SDE5,28.487959910306852,clan average
CL0123,CL0123,26.143931567951604,,PF28509,DUF8418,26.143931567951604,clan average
CL0214,CL0214,28.487959910306852,,PF28512,UBA_N4BP2,28.487959910306852,clan average
CL0361,CL0361,19.612287324340578,,PF28519,MTNAP1_ZnF,19.612287324340578,clan average
CL0214,CL0214,28.487959910306852,,PF28526,UBA_TNK1-sid3,28.487959910306852,clan average
CL0214,CL0214,28.487959910306852,,PF28528,UBA_Pinta,28.487959910306852,clan average
CL0159,E-set,39.30318005993802,,PF28532,DUF8428,39.30318005993802,clan average
CL0214,CL0214,28.487959910306852,,PF28536,DUF8432,28.487959910306852,clan average
CL0214,CL0214,28.487959910306852,,PF28540,UBA_UBAP2,28.487959910306852,clan average
CL0214,CL0214,28.487959910306852,,PF28543,DUF8435,28.487959910306852,clan average
CL0214,CL0214,28.487959910306852,,PF28551,UBA_RECQL1,28.487959910306852,clan average
CL0214,CL0214,28.487959910306852,,PF28552,UBA_OTUD7A_B,28.487959910306852,clan average
CL0123,CL0123,26.143931567951604,,PF28553,WH_1,26.143931567951604,clan average
CL0023,P-loop_NTPase,49.395498104103346,,PF28555,Helicase_dom,49.395498104103346,clan average
CL0159,E-set,39.30318005993802,,PF28570,IL27RA_FN3_3,39.30318005993802,clan average
CL0036,CL0036,47.817104032709544,,PF28584,GH_cat,47.817104032709544,clan average
CL0369,GHD,27.770430530606422,,PF28585,GH_C,27.770430530606422,clan average
CL0202,GBD,38.45146891966387,,PF28587,DUF8441,38.45146891966387,clan average
CL0123,CL0123,26.143931567951604,,PF28603,WHD_phage_rep,26.143931567951604,clan average
CL0123,CL0123,26.143931567951604,,PF28616,STR4_N,26.143931567951604,clan average
CL0020,TPR,20.933170225539683,,PF28619,SUV2_M,20.933170225539683,clan average
CL0159,E-set,39.30318005993802,,PF28626,GMI1_Ig_1,39.30318005993802,clan average
CL0159,E-set,39.30318005993802,,PF28627,GMI1_Ig_3,39.30318005993802,clan average
CL0159,E-set,39.30318005993802,,PF28628,GMI1_Ig_2,39.30318005993802,clan average
CL0186,Beta_propeller,21.67085124951681,,PF28639,DNAI3_WD,21.67085124951681,clan average
CL0020,TPR,20.933170225539683,,PF28655,SUV2_C,20.933170225539683,clan average
CL0159,E-set,39.30318005993802,,PF28658,GMI1_Ig_4th,39.30318005993802,clan average
CL0159,E-set,39.30318005993802,,PF28665,TPLATE_Ig,39.30318005993802,clan average
CL0451,FnI-like,34.112830676908786,,PF28672,VWC_Sas,34.112830676908786,clan average
CL0159,E-set,39.30318005993802,,PF28679,IL27RA_N,39.30318005993802,clan average
CL0137,HAD,36.67203203138414,,PF28688,HAD_ITPK4_N,36.67203203138414,clan average
CL1015,CL1015,55.43874182367057,,PF28690,SPACA6_N,55.43874182367057,clan average
CL0186,Beta_propeller,21.67085124951681,,PF28696,Gleo_Verruco,21.67085124951681,clan average
CL0159,E-set,39.30318005993802,,PF28707,AbpF_C_Ig,39.30318005993802,clan average
CL0159,E-set,39.30318005993802,,PF28708,AbpF_3rd_Ig,39.30318005993802,clan average
CL0159,E-set,39.30318005993802,,PF28709,AbpF_1st_Ig,39.30318005993802,clan average
CL0159,E-set,39.30318005993802,,PF28710,AbpF_7th_Ig,39.30318005993802,clan average
CL0123,CL0123,26.143931567951604,,PF28711,PTAC10_N,26.143931567951604,clan average
CL0159,E-set,39.30318005993802,,PF28718,DUF8447,39.30318005993802,clan average
CL0063,NADP_Rossmann,39.26278572618697,,PF28720,GUX1-5_N,39.26278572618697,clan average
CL0123,CL0123,26.143931567951604,,PF28722,WHD_Sfc3_5th,26.143931567951604,clan average
CL0128,vWA-like,49.95459311089533,,PF28725,DUF8450,49.95459311089533,clan average
CL0186,Beta_propeller,21.67085124951681,,PF28728,Topo_CTD_bact,21.67085124951681,clan average
CL0123,CL0123,26.143931567951604,,PF28729,WHD_PriA_bact,26.143931567951604,clan average
CL0123,CL0123,26.143931567951604,,PF28730,DUF8452,26.143931567951604,clan average
CL0159,E-set,39.30318005993802,,PF28742,SECTM1_Ig,39.30318005993802,clan average
CL0020,TPR,20.933170225539683,,PF28745,RMD9_C,20.933170225539683,clan average
CL0159,E-set,39.30318005993802,,PF28748,DUF8453,39.30318005993802,clan average
CL0123,CL0123,26.143931567951604,,PF28752,WHD_RecQ_mid_bact,26.143931567951604,clan average
CL0020,TPR,20.933170225539683,,PF28753,RMD9_N,20.933170225539683,clan average
CL0105,CL0105,30.879097315387945,,PF28793,ECM32,30.879097315387945,clan average
CL0866,CL0866,22.986264376796857,,PF28794,RIBF1-2_C,22.986264376796857,clan average
CL0123,CL0123,26.143931567951604,,PF28795,DUF8462,26.143931567951604,clan average
CL0661,Gain,28.363798955819796,,PF28802,Zu5_like,28.363798955819796,clan average
CL0159,E-set,39.30318005993802,,PF28815,DUF8469,39.30318005993802,clan average
CL0123,CL0123,26.143931567951604,,PF28826,TpcD-like_N,26.143931567951604,clan average
CL0159,E-set,39.30318005993802,,PF28829,USOM3_Ig_like,39.30318005993802,clan average
CL0159,E-set,39.30318005993802,,PF28849,Countin_C,39.30318005993802,clan average
CL0159,E-set,39.30318005993802,,PF28852,Ig_BT4661_2nd,39.30318005993802,clan average
CL0159,E-set,39.30318005993802,,PF28854,Ig_BT4661_3rd,39.30318005993802,clan average
CL0020,TPR,20.933170225539683,,PF28855,Gem4_C,20.933170225539683,clan average
CL0159,E-set,39.30318005993802,,PF28857,Ig_BT4661_4th,39.30318005993802,clan average
CL0159,E-set,39.30318005993802,,PF28858,Ig_BT4661_5th,39.30318005993802,clan average
CL0159,E-set,39.30318005993802,,PF28860,CD58_C,39.30318005993802,clan average
CL0159,E-set,39.30318005993802,,PF28861,Ig_BT4661_6th,39.30318005993802,clan average
CL0159,E-set,39.30318005993802,,PF28874,Fend_C,39.30318005993802,clan average
CL0159,E-set,39.30318005993802,,PF28882,DUF8473,39.30318005993802,clan average
CL0003,SAM,26.063478920372884,,PF28886,SAM_MCK1_N,26.063478920372884,clan average
CL0159,E-set,39.30318005993802,,PF28888,DUF8474,39.30318005993802,clan average
CL0159,E-set,39.30318005993802,,PF28889,DUF8475,39.30318005993802,clan average
CL0159,E-set,39.30318005993802,,PF28890,DUF8476,39.30318005993802,clan average
CL0159,E-set,39.30318005993802,,PF28891,DUF8477,39.30318005993802,clan average
CL0762,CL0762,59.452568493865854,,PF28892,SCYGR,59.452568493865854,clan average
CL0001,EGF,28.046989523881532,,PF28895,EGF_PRF1,28.046989523881532,clan average
CL0123,CL0123,26.143931567951604,,PF28916,HTH_65,26.143931567951604,clan average
CL0020,TPR,20.933170225539683,,PF28917,MGR3_mid,20.933170225539683,clan average
CL0202,GBD,38.45146891966387,,PF28920,DUF8480,38.45146891966387,clan average
CL0866,CL0866,22.986264376796857,,PF28935,DUF8482,22.986264376796857,clan average
CL0159,E-set,39.30318005993802,,PF28941,F22D3_4_N,39.30318005993802,clan average
CL0123,CL0123,26.143931567951604,,PF28962,Mu-transpos_M,26.143931567951604,clan average
CL0159,E-set,39.30318005993802,,PF28967,DUF8488,39.30318005993802,clan average
CL0020,TPR,20.933170225539683,,PF28996,DDB_G0281631_C,20.933170225539683,clan average
CL0020,TPR,20.933170225539683,,PF29011,DDB_G0280785_1st_TPR,20.933170225539683,clan average
CL0187,LysM,31.901580333709717,,PF29028,LysM_SLT_C,31.901580333709717,clan average
CL0123,CL0123,26.143931567951604,,PF29035,DUF8494,26.143931567951604,clan average
CL0186,Beta_propeller,21.67085124951681,,PF29037,DSE1_N,21.67085124951681,clan average
CL0172,Thioredoxin,39.25019227930494,,PF29046,R05D3_N,39.25019227930494,clan average
CL0159,E-set,39.30318005993802,,PF29061,DUF8498,39.30318005993802,clan average
CL0159,E-set,39.30318005993802,,PF29065,DUF8499,39.30318005993802,clan average
CL0186,Beta_propeller,21.67085124951681,,PF29068,DUF8500,21.67085124951681,clan average
CL0159,E-set,39.30318005993802,,PF29074,SGBP_N,39.30318005993802,clan average
CL0020,TPR,20.933170225539683,,PF29093,MRX12_C,20.933170225539683,clan average
CL0020,TPR,20.933170225539683,,PF29095,MRX12_TPR-like_2nd,20.933170225539683,clan average
CL0020,TPR,20.933170225539683,,PF29096,MRX12_N,20.933170225539683,clan average
CL0154,C2,44.17300686820718,,PF29106,BUD4_C2,44.17300686820718,clan average
CL0123,CL0123,26.143931567951604,,PF29112,CG45076_HTH,26.143931567951604,clan average
CL0066,Trefoil,35.92321202056283,,PF29113,PGA60_trefoil,35.92321202056283,clan average
CL0172,Thioredoxin,39.25019227930494,,PF29117,SUP10_glrx,39.25019227930494,clan average
CL0001,EGF,28.046989523881532,,PF29138,SPE9_EGF_5th,28.046989523881532,clan average
CL0361,CL0361,19.612287324340578,,PF29157,LIN13_zf,19.612287324340578,clan average
CL0020,TPR,20.933170225539683,,PF29158,YPP1_C,20.933170225539683,clan average
CL0202,GBD,38.45146891966387,,PF29167,CBM_BcsB_2nd,38.45146891966387,clan average
CL0123,CL0123,26.143931567951604,,PF29171,WHD_3,26.143931567951604,clan average
CL0020,TPR,20.933170225539683,,PF29177,ECM9_middle,20.933170225539683,clan average
CL0361,CL0361,19.612287324340578,,PF29178,Fs1Ya_N,19.612287324340578,clan average
CL0063,NADP_Rossmann,39.26278572618697,,PF29185,Y4nK_C,39.26278572618697,clan average
CL0063,NADP_Rossmann,39.26278572618697,,PF29202,AAA_chap_N,39.26278572618697,clan average
CL0865,CL0865,40.222714415703074,,PF29227,TP_0564_1st,40.222714415703074,clan average
CL0159,E-set,39.30318005993802,,PF29228,TP_0564_3rd,39.30318005993802,clan average
CL0159,E-set,39.30318005993802,,PF29240,DUF8523,39.30318005993802,clan average
CL0063,NADP_Rossmann,39.26278572618697,,PF29244,Methyltransf_ANTKMT,39.26278572618697,clan average
CL0023,P-loop_NTPase,49.395498104103346,,PF29246,Tp0900_N,49.395498104103346,clan average
CL0159,E-set,39.30318005993802,,PF29253,Archaeal_adhesin_N,39.30318005993802,clan average
CL0001,EGF,28.046989523881532,,PF29256,EGF_Epiregulin,28.046989523881532,clan average
CL0353,CL0353,41.99184670405509,,PF29257,CCDC3_N,41.99184670405509,clan average
CL0165,Cache,45.265474438507106,,PF29282,Cache_BaeS_N,45.265474438507106,clan average
CL0123,CL0123,26.143931567951604,,PF29290,WHD_C_halo,26.143931567951604,clan average
CL0159,E-set,39.30318005993802,,PF29294,SlaA_6th,39.30318005993802,clan average
CL0066,Trefoil,35.92321202056283,,PF29304,ECU07_1090_N,35.92321202056283,clan average
CL0268,Pec_lyase-like,59.950592041015625,,PF29307,Speract_C,59.950592041015625,clan average
CL0187,LysM,31.901580333709717,,PF29312,LysM-like_PVC7,31.901580333709717,clan average
CL0361,CL0361,19.612287324340578,,PF29314,zf_C2H2_LIN26-LIR3,19.612287324340578,clan average
CL0361,CL0361,19.612287324340578,,PF29318,zf_C2H2_LIN26-LIR3_2nd,19.612287324340578,clan average
CL0004,Concanavalin,41.06090890681649,,PF29320,BAM2_N,41.06090890681649,clan average
CL0159,E-set,39.30318005993802,,PF29323,YEL043W_FN3,39.30318005993802,clan average
CL0004,Concanavalin,41.06090890681649,,PF29324,ConA_3rd_BAM2,41.06090890681649,clan average
CL0202,GBD,38.45146891966387,,PF29329,Expansin_C_term,38.45146891966387,clan average
CL0159,E-set,39.30318005993802,,PF29344,Expansin_middle,39.30318005993802,clan average
CL0353,CL0353,41.99184670405509,,PF29345,C17orf58,41.99184670405509,clan average
CL0020,TPR,20.933170225539683,,PF29347,CCM1_C,20.933170225539683,clan average
CL0154,C2,44.17300686820718,,PF29377,CFAP70_C2,44.17300686820718,clan average
CL0154,C2,44.17300686820718,,PF29378,CFAP70_N,44.17300686820718,clan average
CL0123,CL0123,26.143931567951604,,PF29400,RtcR_C,26.143931567951604,clan average
CL0268,Pec_lyase-like,59.950592041015625,,PF29402,CERLI2_C,59.950592041015625,clan average
CL0154,C2,44.17300686820718,,PF29403,C2_CERLI2,44.17300686820718,clan average
CL0123,CL0123,26.143931567951604,,PF29405,YdaU_C,26.143931567951604,clan average
CL0056,C_Lectin,29.746108227159635,,PF29411,Clec-141-158,29.746108227159635,clan average
CL0172,Thioredoxin,39.25019227930494,,PF29430,HcaD_C,39.25019227930494,clan average
CL0128,vWA-like,49.95459311089533,,PF29444,KH_FAR1_2nd,49.95459311089533,clan average
CL0159,E-set,39.30318005993802,,PF29447,Archaeal_Big,39.30318005993802,clan average
CL0159,E-set,39.30318005993802,,PF29449,Archaeal_Ig,39.30318005993802,clan average
CL0229,RING,23.531313780228857,,PF29452,FAR1_N,23.531313780228857,clan average
CL0023,P-loop_NTPase,49.395498104103346,,PF29468,AIM36_C,49.395498104103346,clan average
CL0361,CL0361,19.612287324340578,,PF29496,Teflon_C,19.612287324340578,clan average
CL0028,AB_hydrolase,52.59920164328964,,PF29535,CMFA_C,52.59920164328964,clan average
CL0159,E-set,39.30318005993802,,PF29538,Ig_CMFA_2nd,39.30318005993802,clan average
CL0159,E-set,39.30318005993802,,PF29540,Ig_CMFA_3rd,39.30318005993802,clan average
CL0159,E-set,39.30318005993802,,PF29542,Ig_CMFA_1st,39.30318005993802,clan average
CL0020,TPR,20.933170225539683,,PF29547,Ice1_1st,20.933170225539683,clan average
CL0159,E-set,39.30318005993802,,PF29549,FAR1_C,39.30318005993802,clan average
CL0020,TPR,20.933170225539683,,PF29558,CBP1_cbp8,20.933170225539683,clan average
CL0186,Beta_propeller,21.67085124951681,,PF29566,DCT6_C,21.67085124951681,clan average
CL0159,E-set,39.30318005993802,,PF29592,SWIFT,39.30318005993802,clan average
CL0369,GHD,27.770430530606422,,PF29606,SSO3021_3rd,27.770430530606422,clan average
CL0126,Peptidase_MA,36.71989303811342,,PF29610,Mycolysin_C,36.71989303811342,clan average
CL0159,E-set,39.30318005993802,,PF29612,pXO2-29_C,39.30318005993802,clan average
CL0186,Beta_propeller,21.67085124951681,,PF29630,ASA1,21.67085124951681,clan average
CL0159,E-set,39.30318005993802,,PF29641,DUF8578,39.30318005993802,clan average
CL0186,Beta_propeller,21.67085124951681,,PF29646,YxzG,21.67085124951681,clan average
CL0123,CL0123,26.143931567951604,,PF29648,DUF8579,26.143931567951604,clan average
CL0293,CL0293,108.55528087486567,,PF29651,GVIN1_2nd,108.55528087486567,clan average
CL0361,CL0361,19.612287324340578,,PF29652,zf-C2H2_ZTF2_3,19.612287324340578,clan average
CL0036,CL0036,47.817104032709544,,PF29664,BtgE-BtgC_glyc-hydro,47.817104032709544,clan average
CL0063,NADP_Rossmann,39.26278572618697,,PF29668,BilD_C,39.26278572618697,clan average
CL0159,E-set,39.30318005993802,,PF29680,ZK512_Ig,39.30318005993802,clan average
CL0159,E-set,39.30318005993802,,PF29685,PXO2-28_N,39.30318005993802,clan average
CL0123,CL0123,26.143931567951604,,PF29687,TnsB_2nd,26.143931567951604,clan average
CL0361,CL0361,19.612287324340578,,PF29712,zf-ZTF2_1,19.612287324340578,clan average
CL0063,NADP_Rossmann,39.26278572618697,,PF29717,AF_1314_N,39.26278572618697,clan average
CL0644,Fz,53.45498884291876,,PF29739,FslL_N,53.45498884291876,clan average
CL0186,Beta_propeller,21.67085124951681,,PF29747,TP_0783,21.67085124951681,clan average
CL0186,Beta_propeller,21.67085124951681,,PF29748,VPS3_N,21.67085124951681,clan average
CL0159,E-set,39.30318005993802,,PF29750,TasA_anchor,39.30318005993802,clan average
CL0159,E-set,39.30318005993802,,PF29761,OWP_7th,39.30318005993802,clan average
CL0123,CL0123,26.143931567951604,,PF29765,HI_1423,26.143931567951604,clan average
CL0159,E-set,39.30318005993802,,PF29778,PXO2_05,39.30318005993802,clan average
CL0186,Beta_propeller,21.67085124951681,,PF29788,TP_0598_N,21.67085124951681,clan average
CL0020,TPR,20.933170225539683,,PF29814,TPR_Myxo,20.933170225539683,clan average
CL0020,TPR,20.933170225539683,,PF29835,SOV1_N,20.933170225539683,clan average
CL0128,vWA-like,49.95459311089533,,PF29838,E02H4_M,49.95459311089533,clan average
CL0164,CUB,37.19532806928234,,PF29839,E02H4_C,37.19532806928234,clan average
CL0361,CL0361,19.612287324340578,,PF29863,zf-ZTF-17_C2H2_2,19.612287324340578,clan average
CL0361,CL0361,19.612287324340578,,PF29867,zf-ZTF-17_C2H2_1,19.612287324340578,clan average
CL0023,P-loop_NTPase,49.395498104103346,,PF29872,BcsE_C,49.395498104103346,clan average
CL0328,CL0328,44.210308118770655,,PF29882,DUF8596,44.210308118770655,clan average
CL0159,E-set,39.30318005993802,,PF29883,DUF8597,39.30318005993802,clan average
CL0123,CL0123,26.143931567951604,,PF29885,DUF8599,26.143931567951604,clan average
CL0020,TPR,20.933170225539683,,PF29896,PPFR1_M,20.933170225539683,clan average
CL0135,CL0135,46.046028838419694,,PF29899,ART10_C,46.046028838419694,clan average
CL0165,Cache,45.265474438507106,,PF29910,HssS_N,45.265474438507106,clan average
CL0020,TPR,20.933170225539683,,PF29931,TPR_FimV,20.933170225539683,clan average
CL0186,Beta_propeller,21.67085124951681,,PF29948,Beta-prop_ApeH-3,21.67085124951681,clan average
CL0960,CL0960,22.044313265744545,,PF29949,Nup54_a-b,22.044313265744545,clan average
CL0960,CL0960,22.044313265744545,,PF29951,KIAA1549_3rd,22.044313265744545,clan average
CL0960,CL0960,22.044313265744545,,PF29952,KIAA1549_1st,22.044313265744545,clan average
CL0020,TPR,20.933170225539683,,PF29957,CBP1_N,20.933170225539683,clan average
CL0159,E-set,39.30318005993802,,PF29962,Ig_DAG1,39.30318005993802,clan average
CL0960,CL0960,22.044313265744545,,PF29963,CDH23_a-b,22.044313265744545,clan average
CL0001,EGF,28.046989523881532,,PF29974,RIPR_EGF-like_7th,28.046989523881532,clan average
CL0128,vWA-like,49.95459311089533,,PF29976,vWA_LIC10012,49.95459311089533,clan average
CL0020,TPR,20.933170225539683,,PF29978,ATP18_TPR,20.933170225539683,clan average
CL0001,EGF,28.046989523881532,,PF29979,RIPR_EGF-like_6th,28.046989523881532,clan average
CL0202,GBD,38.45146891966387,,PF29980,RIM13_calpain-like_third,38.45146891966387,clan average
CL0159,E-set,39.30318005993802,,PF29987,STM0557_C,39.30318005993802,clan average
CL0202,GBD,38.45146891966387,,PF29989,RIM13_C,38.45146891966387,clan average
CL0001,EGF,28.046989523881532,,PF29990,RIPR_EGF-like_9th,28.046989523881532,clan average
CL0001,EGF,28.046989523881532,,PF29991,RIPR_EGF-like_10th,28.046989523881532,clan average
CL0202,GBD,38.45146891966387,,PF29992,RIM13_calpain-like_second,38.45146891966387,clan average
CL0001,EGF,28.046989523881532,,PF30000,Gurken_M,28.046989523881532,clan average
CL0361,CL0361,19.612287324340578,,PF30016,ATbp_N,19.612287324340578,clan average
CL0361,CL0361,19.612287324340578,,PF30018,zf-C2H2_ATbp_2nd,19.612287324340578,clan average
CL0361,CL0361,19.612287324340578,,PF30020,zf-C2H2_ATbp_3rd,19.612287324340578,clan average
CL0186,Beta_propeller,21.67085124951681,,PF30032,MMS1_N,21.67085124951681,clan average
CL0159,E-set,39.30318005993802,,PF30051,Ig_TRAPPC11_1st,39.30318005993802,clan average
CL0159,E-set,39.30318005993802,,PF30052,Ig_TRAPPC11_2nd,39.30318005993802,clan average
CL0159,E-set,39.30318005993802,,PF30053,Ig_TRAPPC11_3rd,39.30318005993802,clan average
CL0186,Beta_propeller,21.67085124951681,,PF30076,MMS1_C,21.67085124951681,clan average
CL0186,Beta_propeller,21.67085124951681,,PF30151,PAC11,21.67085124951681,clan average
CL0343,MHC,35.221248300773084,,PF30157,MauJ_N,35.221248300773084,clan average
CL0020,TPR,20.933170225539683,,PF30167,DUF8607,20.933170225539683,clan average
CL0877,CL0877,54.29560356429129,,PF30168,TP_0579,54.29560356429129,clan average
CL0123,CL0123,26.143931567951604,,PF30174,DUF8610,26.143931567951604,clan average
CL0123,CL0123,26.143931567951604,,PF30176,wHTH_Par,26.143931567951604,clan average
CL0020,TPR,20.933170225539683,,PF30192,LAG2_C,20.933170225539683,clan average
CL0159,E-set,39.30318005993802,,PF30219,DUF8613,39.30318005993802,clan average
CL0128,vWA-like,49.95459311089533,,PF30231,vWA_Rv0959,49.95459311089533,clan average
CL0159,E-set,39.30318005993802,,PF30242,YopI,39.30318005993802,clan average
CL0159,E-set,39.30318005993802,,PF30255,FimE_mid,39.30318005993802,clan average
CL0004,Concanavalin,41.06090890681649,,PF30275,GH16_PorA-D,41.06090890681649,clan average
CL0186,Beta_propeller,21.67085124951681,,PF30281,YJR039W_N,21.67085124951681,clan average
CL0186,Beta_propeller,21.67085124951681,,PF30290,YJR039W_M,21.67085124951681,clan average
CL0186,Beta_propeller,21.67085124951681,,PF30291,YJR039W_C,21.67085124951681,clan average
CL0159,E-set,39.30318005993802,,PF30300,Ig_TRS130_1st,39.30318005993802,clan average
CL0159,E-set,39.30318005993802,,PF30308,Ig_TRAPPC10_3rd,39.30318005993802,clan average
CL0186,Beta_propeller,21.67085124951681,,PF30314,TP013X,21.67085124951681,clan average
CL0159,E-set,39.30318005993802,,PF30318,TdpA,39.30318005993802,clan average
CL0159,E-set,39.30318005993802,,PF30327,Ig_M157,39.30318005993802,clan average
CL0159,E-set,39.30318005993802,,PF30330,DDB_G0289901_N,39.30318005993802,clan average
CL0123,CL0123,26.143931567951604,,PF30335,IbrB_C,26.143931567951604,clan average
CL0123,CL0123,26.143931567951604,,PF30336,WHD_YfjI_C,26.143931567951604,clan average
CL0361,CL0361,19.612287324340578,,PF30355,zf_C2H2-Disco,19.612287324340578,clan average
CL0186,Beta_propeller,21.67085124951681,,PF30361,TRM82_WD,21.67085124951681,clan average
CL0159,E-set,39.30318005993802,,PF30369,YchO_Ig,39.30318005993802,clan average
CL0023,P-loop_NTPase,49.395498104103346,,PF30386,RhoGAP_pG2,49.395498104103346,clan average
CL0036,CL0036,47.817104032709544,,PF30390,YgfK_N,47.817104032709544,clan average
CL0220,CL0220,19.573838134150012,,PF30398,EF-hand_EFCB5,19.573838134150012,clan average
CL0181,ABC-2,93.01661087463258,,PF30402,Rv1217c_C,93.01661087463258,clan average
CL0187,LysM,31.901580333709717,,PF30403,LysM_MltD,31.901580333709717,clan average
CL0159,E-set,39.30318005993802,,PF30407,YfaP_N,39.30318005993802,clan average
CL0123,CL0123,26.143931567951604,,PF30409,HTH_ParB_Mtase,26.143931567951604,clan average
CL0159,E-set,39.30318005993802,,PF30412,YhaZ_C,39.30318005993802,clan average
CL0159,E-set,39.30318005993802,,PF30426,Bact_A2M_3rd,39.30318005993802,clan average
CL0159,E-set,39.30318005993802,,PF30427,Bact_A2M_4th,39.30318005993802,clan average
CL0123,CL0123,26.143931567951604,,PF30445,Tnp_IS2_N,26.143931567951604,clan average
CL0123,CL0123,26.143931567951604,,PF30461,Tnp_IS30_N,26.143931567951604,clan average
CL0020,TPR,20.933170225539683,,PF30481,ETO1_N,20.933170225539683,clan average
CL0023,P-loop_NTPase,49.395498104103346,,PF30482,AAA_SpoVK_N,49.395498104103346,clan average
CL0186,Beta_propeller,21.67085124951681,,PF30506,Beta-prop_MIP2,21.67085124951681,clan average
CL0159,E-set,39.30318005993802,,PF30509,Ig_PTPRO_2nd,39.30318005993802,clan average
CL0159,E-set,39.30318005993802,,PF30511,Ig_PTPRO_5th,39.30318005993802,clan average
CL0159,E-set,39.30318005993802,,PF30513,Ig_PTPRO_6th,39.30318005993802,clan average
CL0159,E-set,39.30318005993802,,PF30546,DUF8623,39.30318005993802,clan average
CL0159,E-set,39.30318005993802,,PF30549,Ig_Eae_1st,39.30318005993802,clan average
CL0186,Beta_propeller,21.67085124951681,,PF30552,CFAP251_N,21.67085124951681,clan average
CL0159,E-set,39.30318005993802,,PF30560,Ig_CofE,39.30318005993802,clan average
CL0192,GPCR_A,61.321635356404734,,PF30597,7TM_cyano,61.321635356404734,clan average
CL0353,CL0353,41.99184670405509,,PF30598,Meteorin_C,41.99184670405509,clan average
CL0630,PSI,24.292384766783574,,PF30612,PSI_PTTG1IP,24.292384766783574,clan average
CL0220,CL0220,19.573838134150012,,PF30624,EF_SSP120,19.573838134150012,clan average
CL0123,CL0123,26.143931567951604,,PF30627,HTH_cyano,26.143931567951604,clan average
CL0063,NADP_Rossmann,39.26278572618697,,PF30636,Methyltransf_37,39.26278572618697,clan average
CL0974,CL0974,69.30794604988985,,PF30642,DUF8687,69.30794604988985,clan average
CL0202,GBD,38.45146891966387,,PF30662,Pept_C39_actino_N,38.45146891966387,clan average
CL0023,P-loop_NTPase,49.395498104103346,,PF30683,AAA_RNF213_4,49.395498104103346,clan average
CL0023,P-loop_NTPase,49.395498104103346,,PF30684,AAA_RNF213_5,49.395498104103346,clan average
CL0023,P-loop_NTPase,49.395498104103346,,PF30685,AAA_RNF213_6,49.395498104103346,clan average
CL0023,P-loop_NTPase,49.395498104103346,,PF30686,AAA_RNF213_2,49.395498104103346,clan average
CL0192,GPCR_A,61.321635356404734,,PF30689,TMEM116,61.321635356404734,clan average
CL0186,Beta_propeller,21.67085124951681,,PF30693,KPTN,21.67085124951681,clan average
CL0023,P-loop_NTPase,49.395498104103346,,PF30694,AAA_RNF213_3,49.395498104103346,clan average
CL0023,P-loop_NTPase,49.395498104103346,,PF30695,AAA_RNF213_1,49.395498104103346,clan average
CL0159,E-set,39.30318005993802,,PF30703,DUF8694,39.30318005993802,clan average
CL0159,E-set,39.30318005993802,,PF30705,DUF8696,39.30318005993802,clan average
CL0159,E-set,39.30318005993802,,PF30723,DUF8705,39.30318005993802,clan average
CL0159,E-set,39.30318005993802,,PF30724,DUF8706,39.30318005993802,clan average
CL0159,E-set,39.30318005993802,,PF30725,DUF8707,39.30318005993802,clan average
CL0159,E-set,39.30318005993802,,PF30726,DUF8708,39.30318005993802,clan average
CL0361,CL0361,19.612287324340578,,PF30733,zf-C2H2_CASZ1_1,19.612287324340578,clan average
CL0004,Concanavalin,41.06090890681649,,PF30745,DUF8720,41.06090890681649,clan average
CL0113,GT-B,39.69306779022893,,PF30761,GftB-GlyA-F_C,39.69306779022893,clan average
CL0023,P-loop_NTPase,49.395498104103346,,PF30762,P-loop_CpgS,49.395498104103346,clan average
CL0159,E-set,39.30318005993802,,PF30766,DUF8725,39.30318005993802,clan average
CL0159,E-set,39.30318005993802,,PF30767,DUF8726,39.30318005993802,clan average
CL0103,Gal_mutarotase,47.39329832829262,,PF30771,MYORG_N,47.39329832829262,clan average
CL0123,CL0123,26.143931567951604,,PF30775,HTH_PLP,26.143931567951604,clan average
CL0159,E-set,39.30318005993802,,PF30777,DUF8731,39.30318005993802,clan average
CL0023,P-loop_NTPase,49.395498104103346,,PF30782,DUF8735,49.395498104103346,clan average
CL0159,E-set,39.30318005993802,,PF30789,DUF8740,39.30318005993802,clan average
CL0782,CL0782,25.599053828546072,,PF30802,zf-UBR_1,25.599053828546072,clan average
CL0229,RING,23.531313780228857,,PF30811,PHD_UBR7-like,23.531313780228857,clan average
CL0063,NADP_Rossmann,39.26278572618697,,PF30885,DUF8754,39.26278572618697,clan average
CL0020,TPR,20.933170225539683,,PF30890,Sll0103_C,20.933170225539683,clan average
CL0361,CL0361,19.612287324340578,,PF30903,zf-C2H2_CHAMP1_1,19.612287324340578,clan average
CL0159,E-set,39.30318005993802,,PF30909,ARB_00926,39.30318005993802,clan average
CL0392,CL0392,29.819412117374405,,PF30912,TIM141_C,29.819412117374405,clan average
CL0159,E-set,39.30318005993802,,PF30933,ARB_06334_C,39.30318005993802,clan average
CL0033,CL0033,32.491583815673984,,PF30957,HAC6_N,32.491583815673984,clan average
CL0059,6_Hairpin,36.79082130018444,,PF30971,DUF8769,36.79082130018444,clan average
CL0103,Gal_mutarotase,47.39329832829262,,PF30972,DUF8770,47.39329832829262,clan average
CL0001,EGF,28.046989523881532,,PF30999,EGF_TGFA-like,28.046989523881532,clan average
CL0056,C_Lectin,29.746108227159635,,PF31040,DUF8780,29.746108227159635,clan average
CL0026,CU_oxidase,37.06352279668489,,PF31048,DUF8788,37.06352279668489,clan average
CL0100,C1q_TNF,28.56269966287816,,PF31050,DUF8789,28.56269966287816,clan average
CL0214,CL0214,28.487959910306852,,PF31072,CUE_1,28.487959910306852,clan average
CL0181,ABC-2,93.01661087463258,,PF31074,Rv2686c-like,93.01661087463258,clan average
CL0214,CL0214,28.487959910306852,,PF31077,UBA_HERC2,28.487959910306852,clan average
CL0037,Lysozyme,33.344959264069,,PF31087,LysG,33.344959264069,clan average
CL0036,CL0036,47.817104032709544,,PF31089,SPH,47.817104032709544,clan average
CL0036,CL0036,47.817104032709544,,PF31097,GH123_TIM,47.817104032709544,clan average
CL0186,Beta_propeller,21.67085124951681,,PF31099,SHKBP1_KCTD3_C,21.67085124951681,clan average
CL0159,E-set,39.30318005993802,,PF31109,MG_like,39.30318005993802,clan average
CL0037,Lysozyme,33.344959264069,,PF31111,DUF8812,33.344959264069,clan average
CL0202,GBD,38.45146891966387,,PF31117,DUF8815,38.45146891966387,clan average
CL0159,E-set,39.30318005993802,,PF31119,DUF8816,39.30318005993802,clan average
CL0123,CL0123,26.143931567951604,,PF31122,FilR1_N,26.143931567951604,clan average
CL0123,CL0123,26.143931567951604,,PF31130,FHA2_C,26.143931567951604,clan average
CL0023,P-loop_NTPase,49.395498104103346,,PF31144,AICE_RepA,49.395498104103346,clan average
CL0123,CL0123,26.143931567951604,,PF31145,WHD_WYL_N,26.143931567951604,clan average
CL0159,E-set,39.30318005993802,,PF31147,Ig_Actino,39.30318005993802,clan average
CL0110,GT-A,34.54581239323872,,PF31159,Rhodo_GlycoT,34.54581239323872,clan average
CL0287,Transthyretin,45.35773909364972,,PF31161,Rgs_repeat,45.35773909364972,clan average
CL0159,E-set,39.30318005993802,,PF31173,DUF8832,39.30318005993802,clan average
CL0159,E-set,39.30318005993802,,PF31178,Ig_PF07_0021,39.30318005993802,clan average
CL0154,C2,44.17300686820718,,PF31179,Metacaspase_2_C,44.17300686820718,clan average
CL0037,Lysozyme,33.344959264069,,PF31186,Endolysin,33.344959264069,clan average
CL0159,E-set,39.30318005993802,,PF31191,CDHR3_N,39.30318005993802,clan average
CL0229,RING,23.531313780228857,,PF31197,PHD_JHD1,23.531313780228857,clan average
CL0123,CL0123,26.143931567951604,,PF31199,CUL8_C,26.143931567951604,clan average
CL0073,CL0073,55.31204220338533,,PF31201,CRTF_DBD,55.31204220338533,clan average
CL0066,Trefoil,35.92321202056283,,PF31214,MytiLec,35.92321202056283,clan average
CL0159,E-set,39.30318005993802,,PF31235,Gp7_FN3,39.30318005993802,clan average
CL0128,vWA-like,49.95459311089533,,PF31243,vWA_HGL2,49.95459311089533,clan average
CL0229,RING,23.531313780228857,,PF31263,RING_Ste5,23.531313780228857,clan average
CL0036,CL0036,47.817104032709544,,PF31264,Lys-1,47.817104032709544,clan average
CL1015,CL1015,55.43874182367057,,PF31275,TEX51,55.43874182367057,clan average
CL0052,NTN,46.27225,46.27225,PF01019,G_glu_transpept,46.27225,"2020 measurement, no 2026 structure"
CL0084,ADP-ribosyl,39.02933333,39.02933333,PF01129,ART,39.02933333,"2020 measurement, no 2026 structure"
CL0097,TypeIII_Chap,31.271,31.271,PF03519,Invas_SpaK,31.271,"2020 measurement, no 2026 structure"
CL0183,PAS_Fold,37.46566667,37.46566667,PF17765,MLTR_LBD,37.46566667,"2020 measurement, no 2026 structure"
CL0301,PA14,53.92630769,53.92630769,PF07691,PA14,53.92630769,"2020 measurement, no 2026 structure"
CL0620,Antihemostatic,14.092583330000002,14.09258333,PF02822,Antistasin,14.092583330000002,"2020 measurement, no 2026 structure"
,,,21.39866667,PF00429,TLV_coat,21.39866667,"2020 measurement, no 2026 structure"
,,,19.68116418,PF00517,GP41,19.68116418,"2020 measurement, no 2026 structure"
,,,72.9722,PF01391,Collagen,72.9722,"2020 measurement, no 2026 structure"
,,,34.916,PF07464,ApoLp-III,34.916,"2020 measurement, no 2026 structure"
,,,18.783,PF07850,Renin_r,18.783,"2020 measurement, no 2026 structure"
,,,100.794,PF08651,DASH_Duo1,100.794,"2020 measurement, no 2026 structure"
,,,10.1796,PF09307,MHC2-interact,10.1796,"2020 measurement, no 2026 structure"
,,,86.3765,PF09470,Telethonin,86.3765,"2020 measurement, no 2026 structure"
,,,33.558,PF12369,GnHR_trans,33.558,"2020 measurement, no 2026 structure"
,,,24.597,PF12829,Mhr1,24.597,"2020 measurement, no 2026 structure"
,,,41.111999999999995,PF14828,Amnionless,41.111999999999995,"2020 measurement, no 2026 structure"
,,,71.6786,PF16178,Anoct_dimer,71.6786,"2020 measurement, no 2026 structure"
,,,24.997125,PF17810,Arg_decarb_HB,24.997125,"2020 measurement, no 2026 structure"
,,,42.3515,PF18292,ZIP4_domain,42.3515,"2020 measurement, no 2026 structure"
,,,34.162,PF18571,VWA_3_C,34.162,"2020 measurement, no 2026 structure"
